observation_date,value,KEY,FREQ,BENCHMARK_ITEM,DATA_TYPE_EST,OBS_STATUS,CONF_STATUS,PRE_BREAK_VALUE,COMMENT_OBS,CALCUL_START_DATE,CALCUL_END_DATE,TIME_FORMAT,BREAKS,COMMENT_TS,COMPILING_ORG,COVERAGE,DATA_COMP,DECIMALS,DISS_ORG,PUBL_ECB,PUBL_MU,PUBL_PUBLIC,TIME_PER_COLLECT,TITLE,TITLE_COMPL,UNIT_INDEX_BASE,UNIT_MEASURE,UNIT_MULT
2019-10-01,35996,EST.B.EU000A2X2A25.TT,B,EU000A2X2A25,TT,A,F,,,,,P1D,,,,"ESA 2010 Sectors: S.121, S.122, S.123, S.124, S.125, S.126, S.127, S.128, S.129",,0,,,,,S,"Euro short-term rate, Total volume","Euro short-term rate, Total volume - Unsecured - Overnight - Borrowing - Financial corporations",,EUR,6
2019-10-02,33549,EST.B.EU000A2X2A25.TT,B,EU000A2X2A25,TT,A,F,,,,,P1D,,,,"ESA 2010 Sectors: S.121, S.122, S.123, S.124, S.125, S.126, S.127, S.128, S.129",,0,,,,,S,"Euro short-term rate, Total volume","Euro short-term rate, Total volume - Unsecured - Overnight - Borrowing - Financial corporations",,EUR,6
2019-10-03,29200,EST.B.EU000A2X2A25.TT,B,EU000A2X2A25,TT,A,F,,,,,P1D,,,,"ESA 2010 Sectors: S.121, S.122, S.123, S.124, S.125, S.126, S.127, S.128, S.129",,0,,,,,S,"Euro short-term rate, Total volume","Euro short-term rate, Total volume - Unsecured - Overnight - Borrowing - Financial corporations",,EUR,6
2019-10-04,33907,EST.B.EU000A2X2A25.TT,B,EU000A2X2A25,TT,A,F,,,,,P1D,,,,"ESA 2010 Sectors: S.121, S.122, S.123, S.124, S.125, S.126, S.127, S.128, S.129",,0,,,,,S,"Euro short-term rate, Total volume","Euro short-term rate, Total volume - Unsecured - Overnight - Borrowing - Financial corporations",,EUR,6
2019-10-07,33722,EST.B.EU000A2X2A25.TT,B,EU000A2X2A25,TT,A,F,,,,,P1D,,,,"ESA 2010 Sectors: S.121, S.122, S.123, S.124, S.125, S.126, S.127, S.128, S.129",,0,,,,,S,"Euro short-term rate, Total volume","Euro short-term rate, Total volume - Unsecured - Overnight - Borrowing - Financial corporations",,EUR,6
2019-10-08,31536,EST.B.EU000A2X2A25.TT,B,EU000A2X2A25,TT,A,F,,,,,P1D,,,,"ESA 2010 Sectors: S.121, S.122, S.123, S.124, S.125, S.126, S.127, S.128, S.129",,0,,,,,S,"Euro short-term rate, Total volume","Euro short-term rate, Total volume - Unsecured - Overnight - Borrowing - Financial corporations",,EUR,6
2019-10-09,31274,EST.B.EU000A2X2A25.TT,B,EU000A2X2A25,TT,A,F,,,,,P1D,,,,"ESA 2010 Sectors: S.121, S.122, S.123, S.124, S.125, S.126, S.127, S.128, S.129",,0,,,,,S,"Euro short-term rate, Total volume","Euro short-term rate, Total volume - Unsecured - Overnight - Borrowing - Financial corporations",,EUR,6
2019-10-10,30526,EST.B.EU000A2X2A25.TT,B,EU000A2X2A25,TT,A,F,,,,,P1D,,,,"ESA 2010 Sectors: S.121, S.122, S.123, S.124, S.125, S.126, S.127, S.128, S.129",,0,,,,,S,"Euro short-term rate, Total volume","Euro short-term rate, Total volume - Unsecured - Overnight - Borrowing - Financial corporations",,EUR,6
2019-10-11,32614,EST.B.EU000A2X2A25.TT,B,EU000A2X2A25,TT,A,F,,,,,P1D,,,,"ESA 2010 Sectors: S.121, S.122, S.123, S.124, S.125, S.126, S.127, S.128, S.129",,0,,,,,S,"Euro short-term rate, Total volume","Euro short-term rate, Total volume - Unsecured - Overnight - Borrowing - Financial corporations",,EUR,6
2019-10-14,31781,EST.B.EU000A2X2A25.TT,B,EU000A2X2A25,TT,A,F,,,,,P1D,,,,"ESA 2010 Sectors: S.121, S.122, S.123, S.124, S.125, S.126, S.127, S.128, S.129",,0,,,,,S,"Euro short-term rate, Total volume","Euro short-term rate, Total volume - Unsecured - Overnight - Borrowing - Financial corporations",,EUR,6
2019-10-15,32332,EST.B.EU000A2X2A25.TT,B,EU000A2X2A25,TT,A,F,,,,,P1D,,,,"ESA 2010 Sectors: S.121, S.122, S.123, S.124, S.125, S.126, S.127, S.128, S.129",,0,,,,,S,"Euro short-term rate, Total volume","Euro short-term rate, Total volume - Unsecured - Overnight - Borrowing - Financial corporations",,EUR,6
2019-10-16,32703,EST.B.EU000A2X2A25.TT,B,EU000A2X2A25,TT,A,F,,,,,P1D,,,,"ESA 2010 Sectors: S.121, S.122, S.123, S.124, S.125, S.126, S.127, S.128, S.129",,0,,,,,S,"Euro short-term rate, Total volume","Euro short-term rate, Total volume - Unsecured - Overnight - Borrowing - Financial corporations",,EUR,6
2019-10-17,32639,EST.B.EU000A2X2A25.TT,B,EU000A2X2A25,TT,A,F,,,,,P1D,,,,"ESA 2010 Sectors: S.121, S.122, S.123, S.124, S.125, S.126, S.127, S.128, S.129",,0,,,,,S,"Euro short-term rate, Total volume","Euro short-term rate, Total volume - Unsecured - Overnight - Borrowing - Financial corporations",,EUR,6
2019-10-18,31238,EST.B.EU000A2X2A25.TT,B,EU000A2X2A25,TT,A,F,,,,,P1D,,,,"ESA 2010 Sectors: S.121, S.122, S.123, S.124, S.125, S.126, S.127, S.128, S.129",,0,,,,,S,"Euro short-term rate, Total volume","Euro short-term rate, Total volume - Unsecured - Overnight - Borrowing - Financial corporations",,EUR,6
2019-10-21,33283,EST.B.EU000A2X2A25.TT,B,EU000A2X2A25,TT,A,F,,,,,P1D,,,,"ESA 2010 Sectors: S.121, S.122, S.123, S.124, S.125, S.126, S.127, S.128, S.129",,0,,,,,S,"Euro short-term rate, Total volume","Euro short-term rate, Total volume - Unsecured - Overnight - Borrowing - Financial corporations",,EUR,6
2019-10-22,31588,EST.B.EU000A2X2A25.TT,B,EU000A2X2A25,TT,A,F,,,,,P1D,,,,"ESA 2010 Sectors: S.121, S.122, S.123, S.124, S.125, S.126, S.127, S.128, S.129",,0,,,,,S,"Euro short-term rate, Total volume","Euro short-term rate, Total volume - Unsecured - Overnight - Borrowing - Financial corporations",,EUR,6
2019-10-23,33724,EST.B.EU000A2X2A25.TT,B,EU000A2X2A25,TT,A,F,,,,,P1D,,,,"ESA 2010 Sectors: S.121, S.122, S.123, S.124, S.125, S.126, S.127, S.128, S.129",,0,,,,,S,"Euro short-term rate, Total volume","Euro short-term rate, Total volume - Unsecured - Overnight - Borrowing - Financial corporations",,EUR,6
2019-10-24,33784,EST.B.EU000A2X2A25.TT,B,EU000A2X2A25,TT,A,F,,,,,P1D,,,,"ESA 2010 Sectors: S.121, S.122, S.123, S.124, S.125, S.126, S.127, S.128, S.129",,0,,,,,S,"Euro short-term rate, Total volume","Euro short-term rate, Total volume - Unsecured - Overnight - Borrowing - Financial corporations",,EUR,6
2019-10-25,34093,EST.B.EU000A2X2A25.TT,B,EU000A2X2A25,TT,A,F,,,,,P1D,,,,"ESA 2010 Sectors: S.121, S.122, S.123, S.124, S.125, S.126, S.127, S.128, S.129",,0,,,,,S,"Euro short-term rate, Total volume","Euro short-term rate, Total volume - Unsecured - Overnight - Borrowing - Financial corporations",,EUR,6
2019-10-28,32366,EST.B.EU000A2X2A25.TT,B,EU000A2X2A25,TT,A,F,,,,,P1D,,,,"ESA 2010 Sectors: S.121, S.122, S.123, S.124, S.125, S.126, S.127, S.128, S.129",,0,,,,,S,"Euro short-term rate, Total volume","Euro short-term rate, Total volume - Unsecured - Overnight - Borrowing - Financial corporations",,EUR,6
2019-10-29,32763,EST.B.EU000A2X2A25.TT,B,EU000A2X2A25,TT,A,F,,,,,P1D,,,,"ESA 2010 Sectors: S.121, S.122, S.123, S.124, S.125, S.126, S.127, S.128, S.129",,0,,,,,S,"Euro short-term rate, Total volume","Euro short-term rate, Total volume - Unsecured - Overnight - Borrowing - Financial corporations",,EUR,6
2019-10-30,28631,EST.B.EU000A2X2A25.TT,B,EU000A2X2A25,TT,A,F,,,,,P1D,,,,"ESA 2010 Sectors: S.121, S.122, S.123, S.124, S.125, S.126, S.127, S.128, S.129",,0,,,,,S,"Euro short-term rate, Total volume","Euro short-term rate, Total volume - Unsecured - Overnight - Borrowing - Financial corporations",,EUR,6
2019-10-31,25342,EST.B.EU000A2X2A25.TT,B,EU000A2X2A25,TT,A,F,,,,,P1D,,,,"ESA 2010 Sectors: S.121, S.122, S.123, S.124, S.125, S.126, S.127, S.128, S.129",,0,,,,,S,"Euro short-term rate, Total volume","Euro short-term rate, Total volume - Unsecured - Overnight - Borrowing - Financial corporations",,EUR,6
2019-11-01,28931,EST.B.EU000A2X2A25.TT,B,EU000A2X2A25,TT,A,F,,,,,P1D,,,,"ESA 2010 Sectors: S.121, S.122, S.123, S.124, S.125, S.126, S.127, S.128, S.129",,0,,,,,S,"Euro short-term rate, Total volume","Euro short-term rate, Total volume - Unsecured - Overnight - Borrowing - Financial corporations",,EUR,6
2019-11-04,36811,EST.B.EU000A2X2A25.TT,B,EU000A2X2A25,TT,A,F,,,,,P1D,,,,"ESA 2010 Sectors: S.121, S.122, S.123, S.124, S.125, S.126, S.127, S.128, S.129",,0,,,,,S,"Euro short-term rate, Total volume","Euro short-term rate, Total volume - Unsecured - Overnight - Borrowing - Financial corporations",,EUR,6
2019-11-05,32509,EST.B.EU000A2X2A25.TT,B,EU000A2X2A25,TT,A,F,,,,,P1D,,,,"ESA 2010 Sectors: S.121, S.122, S.123, S.124, S.125, S.126, S.127, S.128, S.129",,0,,,,,S,"Euro short-term rate, Total volume","Euro short-term rate, Total volume - Unsecured - Overnight - Borrowing - Financial corporations",,EUR,6
2019-11-06,31243,EST.B.EU000A2X2A25.TT,B,EU000A2X2A25,TT,A,F,,,,,P1D,,,,"ESA 2010 Sectors: S.121, S.122, S.123, S.124, S.125, S.126, S.127, S.128, S.129",,0,,,,,S,"Euro short-term rate, Total volume","Euro short-term rate, Total volume - Unsecured - Overnight - Borrowing - Financial corporations",,EUR,6
2019-11-07,31578,EST.B.EU000A2X2A25.TT,B,EU000A2X2A25,TT,A,F,,,,,P1D,,,,"ESA 2010 Sectors: S.121, S.122, S.123, S.124, S.125, S.126, S.127, S.128, S.129",,0,,,,,S,"Euro short-term rate, Total volume","Euro short-term rate, Total volume - Unsecured - Overnight - Borrowing - Financial corporations",,EUR,6
2019-11-08,29466,EST.B.EU000A2X2A25.TT,B,EU000A2X2A25,TT,A,F,,,,,P1D,,,,"ESA 2010 Sectors: S.121, S.122, S.123, S.124, S.125, S.126, S.127, S.128, S.129",,0,,,,,S,"Euro short-term rate, Total volume","Euro short-term rate, Total volume - Unsecured - Overnight - Borrowing - Financial corporations",,EUR,6
2019-11-11,30968,EST.B.EU000A2X2A25.TT,B,EU000A2X2A25,TT,A,F,,,,,P1D,,,,"ESA 2010 Sectors: S.121, S.122, S.123, S.124, S.125, S.126, S.127, S.128, S.129",,0,,,,,S,"Euro short-term rate, Total volume","Euro short-term rate, Total volume - Unsecured - Overnight - Borrowing - Financial corporations",,EUR,6
2019-11-12,30250,EST.B.EU000A2X2A25.TT,B,EU000A2X2A25,TT,A,F,,,,,P1D,,,,"ESA 2010 Sectors: S.121, S.122, S.123, S.124, S.125, S.126, S.127, S.128, S.129",,0,,,,,S,"Euro short-term rate, Total volume","Euro short-term rate, Total volume - Unsecured - Overnight - Borrowing - Financial corporations",,EUR,6
2019-11-13,23482,EST.B.EU000A2X2A25.TT,B,EU000A2X2A25,TT,A,F,,,,,P1D,,,,"ESA 2010 Sectors: S.121, S.122, S.123, S.124, S.125, S.126, S.127, S.128, S.129",,0,,,,,S,"Euro short-term rate, Total volume","Euro short-term rate, Total volume - Unsecured - Overnight - Borrowing - Financial corporations",,EUR,6
2019-11-14,30027,EST.B.EU000A2X2A25.TT,B,EU000A2X2A25,TT,A,F,,,,,P1D,,,,"ESA 2010 Sectors: S.121, S.122, S.123, S.124, S.125, S.126, S.127, S.128, S.129",,0,,,,,S,"Euro short-term rate, Total volume","Euro short-term rate, Total volume - Unsecured - Overnight - Borrowing - Financial corporations",,EUR,6
2019-11-15,31887,EST.B.EU000A2X2A25.TT,B,EU000A2X2A25,TT,A,F,,,,,P1D,,,,"ESA 2010 Sectors: S.121, S.122, S.123, S.124, S.125, S.126, S.127, S.128, S.129",,0,,,,,S,"Euro short-term rate, Total volume","Euro short-term rate, Total volume - Unsecured - Overnight - Borrowing - Financial corporations",,EUR,6
2019-11-18,33869,EST.B.EU000A2X2A25.TT,B,EU000A2X2A25,TT,A,F,,,,,P1D,,,,"ESA 2010 Sectors: S.121, S.122, S.123, S.124, S.125, S.126, S.127, S.128, S.129",,0,,,,,S,"Euro short-term rate, Total volume","Euro short-term rate, Total volume - Unsecured - Overnight - Borrowing - Financial corporations",,EUR,6
2019-11-19,33067,EST.B.EU000A2X2A25.TT,B,EU000A2X2A25,TT,A,F,,,,,P1D,,,,"ESA 2010 Sectors: S.121, S.122, S.123, S.124, S.125, S.126, S.127, S.128, S.129",,0,,,,,S,"Euro short-term rate, Total volume","Euro short-term rate, Total volume - Unsecured - Overnight - Borrowing - Financial corporations",,EUR,6
2019-11-20,39662,EST.B.EU000A2X2A25.TT,B,EU000A2X2A25,TT,A,F,,,,,P1D,,,,"ESA 2010 Sectors: S.121, S.122, S.123, S.124, S.125, S.126, S.127, S.128, S.129",,0,,,,,S,"Euro short-term rate, Total volume","Euro short-term rate, Total volume - Unsecured - Overnight - Borrowing - Financial corporations",,EUR,6
2019-11-21,32215,EST.B.EU000A2X2A25.TT,B,EU000A2X2A25,TT,A,F,,,,,P1D,,,,"ESA 2010 Sectors: S.121, S.122, S.123, S.124, S.125, S.126, S.127, S.128, S.129",,0,,,,,S,"Euro short-term rate, Total volume","Euro short-term rate, Total volume - Unsecured - Overnight - Borrowing - Financial corporations",,EUR,6
2019-11-22,31816,EST.B.EU000A2X2A25.TT,B,EU000A2X2A25,TT,A,F,,,,,P1D,,,,"ESA 2010 Sectors: S.121, S.122, S.123, S.124, S.125, S.126, S.127, S.128, S.129",,0,,,,,S,"Euro short-term rate, Total volume","Euro short-term rate, Total volume - Unsecured - Overnight - Borrowing - Financial corporations",,EUR,6
2019-11-25,30528,EST.B.EU000A2X2A25.TT,B,EU000A2X2A25,TT,A,F,,,,,P1D,,,,"ESA 2010 Sectors: S.121, S.122, S.123, S.124, S.125, S.126, S.127, S.128, S.129",,0,,,,,S,"Euro short-term rate, Total volume","Euro short-term rate, Total volume - Unsecured - Overnight - Borrowing - Financial corporations",,EUR,6
2019-11-26,32256,EST.B.EU000A2X2A25.TT,B,EU000A2X2A25,TT,A,F,,,,,P1D,,,,"ESA 2010 Sectors: S.121, S.122, S.123, S.124, S.125, S.126, S.127, S.128, S.129",,0,,,,,S,"Euro short-term rate, Total volume","Euro short-term rate, Total volume - Unsecured - Overnight - Borrowing - Financial corporations",,EUR,6
2019-11-27,31177,EST.B.EU000A2X2A25.TT,B,EU000A2X2A25,TT,A,F,,,,,P1D,,,,"ESA 2010 Sectors: S.121, S.122, S.123, S.124, S.125, S.126, S.127, S.128, S.129",,0,,,,,S,"Euro short-term rate, Total volume","Euro short-term rate, Total volume - Unsecured - Overnight - Borrowing - Financial corporations",,EUR,6
2019-11-28,31550,EST.B.EU000A2X2A25.TT,B,EU000A2X2A25,TT,A,F,,,,,P1D,,,,"ESA 2010 Sectors: S.121, S.122, S.123, S.124, S.125, S.126, S.127, S.128, S.129",,0,,,,,S,"Euro short-term rate, Total volume","Euro short-term rate, Total volume - Unsecured - Overnight - Borrowing - Financial corporations",,EUR,6
2019-11-29,31101,EST.B.EU000A2X2A25.TT,B,EU000A2X2A25,TT,A,F,,,,,P1D,,,,"ESA 2010 Sectors: S.121, S.122, S.123, S.124, S.125, S.126, S.127, S.128, S.129",,0,,,,,S,"Euro short-term rate, Total volume","Euro short-term rate, Total volume - Unsecured - Overnight - Borrowing - Financial corporations",,EUR,6
2019-12-02,32038,EST.B.EU000A2X2A25.TT,B,EU000A2X2A25,TT,A,F,,,,,P1D,,,,"ESA 2010 Sectors: S.121, S.122, S.123, S.124, S.125, S.126, S.127, S.128, S.129",,0,,,,,S,"Euro short-term rate, Total volume","Euro short-term rate, Total volume - Unsecured - Overnight - Borrowing - Financial corporations",,EUR,6
2019-12-03,31998,EST.B.EU000A2X2A25.TT,B,EU000A2X2A25,TT,A,F,,,,,P1D,,,,"ESA 2010 Sectors: S.121, S.122, S.123, S.124, S.125, S.126, S.127, S.128, S.129",,0,,,,,S,"Euro short-term rate, Total volume","Euro short-term rate, Total volume - Unsecured - Overnight - Borrowing - Financial corporations",,EUR,6
2019-12-04,32581,EST.B.EU000A2X2A25.TT,B,EU000A2X2A25,TT,A,F,,,,,P1D,,,,"ESA 2010 Sectors: S.121, S.122, S.123, S.124, S.125, S.126, S.127, S.128, S.129",,0,,,,,S,"Euro short-term rate, Total volume","Euro short-term rate, Total volume - Unsecured - Overnight - Borrowing - Financial corporations",,EUR,6
2019-12-05,32804,EST.B.EU000A2X2A25.TT,B,EU000A2X2A25,TT,A,F,,,,,P1D,,,,"ESA 2010 Sectors: S.121, S.122, S.123, S.124, S.125, S.126, S.127, S.128, S.129",,0,,,,,S,"Euro short-term rate, Total volume","Euro short-term rate, Total volume - Unsecured - Overnight - Borrowing - Financial corporations",,EUR,6
2019-12-06,28819,EST.B.EU000A2X2A25.TT,B,EU000A2X2A25,TT,A,F,,,,,P1D,,,,"ESA 2010 Sectors: S.121, S.122, S.123, S.124, S.125, S.126, S.127, S.128, S.129",,0,,,,,S,"Euro short-term rate, Total volume","Euro short-term rate, Total volume - Unsecured - Overnight - Borrowing - Financial corporations",,EUR,6
2019-12-09,29949,EST.B.EU000A2X2A25.TT,B,EU000A2X2A25,TT,A,F,,,,,P1D,,,,"ESA 2010 Sectors: S.121, S.122, S.123, S.124, S.125, S.126, S.127, S.128, S.129",,0,,,,,S,"Euro short-term rate, Total volume","Euro short-term rate, Total volume - Unsecured - Overnight - Borrowing - Financial corporations",,EUR,6
2019-12-10,30501,EST.B.EU000A2X2A25.TT,B,EU000A2X2A25,TT,A,F,,,,,P1D,,,,"ESA 2010 Sectors: S.121, S.122, S.123, S.124, S.125, S.126, S.127, S.128, S.129",,0,,,,,S,"Euro short-term rate, Total volume","Euro short-term rate, Total volume - Unsecured - Overnight - Borrowing - Financial corporations",,EUR,6
2019-12-11,32579,EST.B.EU000A2X2A25.TT,B,EU000A2X2A25,TT,A,F,,,,,P1D,,,,"ESA 2010 Sectors: S.121, S.122, S.123, S.124, S.125, S.126, S.127, S.128, S.129",,0,,,,,S,"Euro short-term rate, Total volume","Euro short-term rate, Total volume - Unsecured - Overnight - Borrowing - Financial corporations",,EUR,6
2019-12-12,31864,EST.B.EU000A2X2A25.TT,B,EU000A2X2A25,TT,A,F,,,,,P1D,,,,"ESA 2010 Sectors: S.121, S.122, S.123, S.124, S.125, S.126, S.127, S.128, S.129",,0,,,,,S,"Euro short-term rate, Total volume","Euro short-term rate, Total volume - Unsecured - Overnight - Borrowing - Financial corporations",,EUR,6
2019-12-13,31262,EST.B.EU000A2X2A25.TT,B,EU000A2X2A25,TT,A,F,,,,,P1D,,,,"ESA 2010 Sectors: S.121, S.122, S.123, S.124, S.125, S.126, S.127, S.128, S.129",,0,,,,,S,"Euro short-term rate, Total volume","Euro short-term rate, Total volume - Unsecured - Overnight - Borrowing - Financial corporations",,EUR,6
2019-12-16,33184,EST.B.EU000A2X2A25.TT,B,EU000A2X2A25,TT,A,F,,,,,P1D,,,,"ESA 2010 Sectors: S.121, S.122, S.123, S.124, S.125, S.126, S.127, S.128, S.129",,0,,,,,S,"Euro short-term rate, Total volume","Euro short-term rate, Total volume - Unsecured - Overnight - Borrowing - Financial corporations",,EUR,6
2019-12-17,35867,EST.B.EU000A2X2A25.TT,B,EU000A2X2A25,TT,A,F,,,,,P1D,,,,"ESA 2010 Sectors: S.121, S.122, S.123, S.124, S.125, S.126, S.127, S.128, S.129",,0,,,,,S,"Euro short-term rate, Total volume","Euro short-term rate, Total volume - Unsecured - Overnight - Borrowing - Financial corporations",,EUR,6
2019-12-18,29119,EST.B.EU000A2X2A25.TT,B,EU000A2X2A25,TT,A,F,,,,,P1D,,,,"ESA 2010 Sectors: S.121, S.122, S.123, S.124, S.125, S.126, S.127, S.128, S.129",,0,,,,,S,"Euro short-term rate, Total volume","Euro short-term rate, Total volume - Unsecured - Overnight - Borrowing - Financial corporations",,EUR,6
2019-12-19,28808,EST.B.EU000A2X2A25.TT,B,EU000A2X2A25,TT,A,F,,,,,P1D,,,,"ESA 2010 Sectors: S.121, S.122, S.123, S.124, S.125, S.126, S.127, S.128, S.129",,0,,,,,S,"Euro short-term rate, Total volume","Euro short-term rate, Total volume - Unsecured - Overnight - Borrowing - Financial corporations",,EUR,6
2019-12-20,28851,EST.B.EU000A2X2A25.TT,B,EU000A2X2A25,TT,A,F,,,,,P1D,,,,"ESA 2010 Sectors: S.121, S.122, S.123, S.124, S.125, S.126, S.127, S.128, S.129",,0,,,,,S,"Euro short-term rate, Total volume","Euro short-term rate, Total volume - Unsecured - Overnight - Borrowing - Financial corporations",,EUR,6
2019-12-23,21805,EST.B.EU000A2X2A25.TT,B,EU000A2X2A25,TT,A,F,,,,,P1D,,,,"ESA 2010 Sectors: S.121, S.122, S.123, S.124, S.125, S.126, S.127, S.128, S.129",,0,,,,,S,"Euro short-term rate, Total volume","Euro short-term rate, Total volume - Unsecured - Overnight - Borrowing - Financial corporations",,EUR,6
2019-12-24,21242,EST.B.EU000A2X2A25.TT,B,EU000A2X2A25,TT,A,F,,,,,P1D,,,,"ESA 2010 Sectors: S.121, S.122, S.123, S.124, S.125, S.126, S.127, S.128, S.129",,0,,,,,S,"Euro short-term rate, Total volume","Euro short-term rate, Total volume - Unsecured - Overnight - Borrowing - Financial corporations",,EUR,6
2019-12-27,27661,EST.B.EU000A2X2A25.TT,B,EU000A2X2A25,TT,A,F,,,,,P1D,,,,"ESA 2010 Sectors: S.121, S.122, S.123, S.124, S.125, S.126, S.127, S.128, S.129",,0,,,,,S,"Euro short-term rate, Total volume","Euro short-term rate, Total volume - Unsecured - Overnight - Borrowing - Financial corporations",,EUR,6
2019-12-30,27143,EST.B.EU000A2X2A25.TT,B,EU000A2X2A25,TT,A,F,,,,,P1D,,,,"ESA 2010 Sectors: S.121, S.122, S.123, S.124, S.125, S.126, S.127, S.128, S.129",,0,,,,,S,"Euro short-term rate, Total volume","Euro short-term rate, Total volume - Unsecured - Overnight - Borrowing - Financial corporations",,EUR,6
2019-12-31,17978,EST.B.EU000A2X2A25.TT,B,EU000A2X2A25,TT,A,F,,,,,P1D,,,,"ESA 2010 Sectors: S.121, S.122, S.123, S.124, S.125, S.126, S.127, S.128, S.129",,0,,,,,S,"Euro short-term rate, Total volume","Euro short-term rate, Total volume - Unsecured - Overnight - Borrowing - Financial corporations",,EUR,6
2020-01-02,26611,EST.B.EU000A2X2A25.TT,B,EU000A2X2A25,TT,A,F,,,,,P1D,,,,"ESA 2010 Sectors: S.121, S.122, S.123, S.124, S.125, S.126, S.127, S.128, S.129",,0,,,,,S,"Euro short-term rate, Total volume","Euro short-term rate, Total volume - Unsecured - Overnight - Borrowing - Financial corporations",,EUR,6
2020-01-03,27706,EST.B.EU000A2X2A25.TT,B,EU000A2X2A25,TT,A,F,,,,,P1D,,,,"ESA 2010 Sectors: S.121, S.122, S.123, S.124, S.125, S.126, S.127, S.128, S.129",,0,,,,,S,"Euro short-term rate, Total volume","Euro short-term rate, Total volume - Unsecured - Overnight - Borrowing - Financial corporations",,EUR,6
2020-01-06,32777,EST.B.EU000A2X2A25.TT,B,EU000A2X2A25,TT,A,F,,,,,P1D,,,,"ESA 2010 Sectors: S.121, S.122, S.123, S.124, S.125, S.126, S.127, S.128, S.129",,0,,,,,S,"Euro short-term rate, Total volume","Euro short-term rate, Total volume - Unsecured - Overnight - Borrowing - Financial corporations",,EUR,6
2020-01-07,34235,EST.B.EU000A2X2A25.TT,B,EU000A2X2A25,TT,A,F,,,,,P1D,,,,"ESA 2010 Sectors: S.121, S.122, S.123, S.124, S.125, S.126, S.127, S.128, S.129",,0,,,,,S,"Euro short-term rate, Total volume","Euro short-term rate, Total volume - Unsecured - Overnight - Borrowing - Financial corporations",,EUR,6
2020-01-08,35150,EST.B.EU000A2X2A25.TT,B,EU000A2X2A25,TT,A,F,,,,,P1D,,,,"ESA 2010 Sectors: S.121, S.122, S.123, S.124, S.125, S.126, S.127, S.128, S.129",,0,,,,,S,"Euro short-term rate, Total volume","Euro short-term rate, Total volume - Unsecured - Overnight - Borrowing - Financial corporations",,EUR,6
2020-01-09,30913,EST.B.EU000A2X2A25.TT,B,EU000A2X2A25,TT,A,F,,,,,P1D,,,,"ESA 2010 Sectors: S.121, S.122, S.123, S.124, S.125, S.126, S.127, S.128, S.129",,0,,,,,S,"Euro short-term rate, Total volume","Euro short-term rate, Total volume - Unsecured - Overnight - Borrowing - Financial corporations",,EUR,6
2020-01-10,31837,EST.B.EU000A2X2A25.TT,B,EU000A2X2A25,TT,A,F,,,,,P1D,,,,"ESA 2010 Sectors: S.121, S.122, S.123, S.124, S.125, S.126, S.127, S.128, S.129",,0,,,,,S,"Euro short-term rate, Total volume","Euro short-term rate, Total volume - Unsecured - Overnight - Borrowing - Financial corporations",,EUR,6
2020-01-13,31245,EST.B.EU000A2X2A25.TT,B,EU000A2X2A25,TT,A,F,,,,,P1D,,,,"ESA 2010 Sectors: S.121, S.122, S.123, S.124, S.125, S.126, S.127, S.128, S.129",,0,,,,,S,"Euro short-term rate, Total volume","Euro short-term rate, Total volume - Unsecured - Overnight - Borrowing - Financial corporations",,EUR,6
2020-01-14,28664,EST.B.EU000A2X2A25.TT,B,EU000A2X2A25,TT,A,F,,,,,P1D,,,,"ESA 2010 Sectors: S.121, S.122, S.123, S.124, S.125, S.126, S.127, S.128, S.129",,0,,,,,S,"Euro short-term rate, Total volume","Euro short-term rate, Total volume - Unsecured - Overnight - Borrowing - Financial corporations",,EUR,6
2020-01-15,26023,EST.B.EU000A2X2A25.TT,B,EU000A2X2A25,TT,A,F,,,,,P1D,,,,"ESA 2010 Sectors: S.121, S.122, S.123, S.124, S.125, S.126, S.127, S.128, S.129",,0,,,,,S,"Euro short-term rate, Total volume","Euro short-term rate, Total volume - Unsecured - Overnight - Borrowing - Financial corporations",,EUR,6
2020-01-16,29388,EST.B.EU000A2X2A25.TT,B,EU000A2X2A25,TT,A,F,,,,,P1D,,,,"ESA 2010 Sectors: S.121, S.122, S.123, S.124, S.125, S.126, S.127, S.128, S.129",,0,,,,,S,"Euro short-term rate, Total volume","Euro short-term rate, Total volume - Unsecured - Overnight - Borrowing - Financial corporations",,EUR,6
2020-01-17,31817,EST.B.EU000A2X2A25.TT,B,EU000A2X2A25,TT,A,F,,,,,P1D,,,,"ESA 2010 Sectors: S.121, S.122, S.123, S.124, S.125, S.126, S.127, S.128, S.129",,0,,,,,S,"Euro short-term rate, Total volume","Euro short-term rate, Total volume - Unsecured - Overnight - Borrowing - Financial corporations",,EUR,6
2020-01-20,33566,EST.B.EU000A2X2A25.TT,B,EU000A2X2A25,TT,A,F,,,,,P1D,,,,"ESA 2010 Sectors: S.121, S.122, S.123, S.124, S.125, S.126, S.127, S.128, S.129",,0,,,,,S,"Euro short-term rate, Total volume","Euro short-term rate, Total volume - Unsecured - Overnight - Borrowing - Financial corporations",,EUR,6
2020-01-21,31033,EST.B.EU000A2X2A25.TT,B,EU000A2X2A25,TT,A,F,,,,,P1D,,,,"ESA 2010 Sectors: S.121, S.122, S.123, S.124, S.125, S.126, S.127, S.128, S.129",,0,,,,,S,"Euro short-term rate, Total volume","Euro short-term rate, Total volume - Unsecured - Overnight - Borrowing - Financial corporations",,EUR,6
2020-01-22,30474,EST.B.EU000A2X2A25.TT,B,EU000A2X2A25,TT,A,F,,,,,P1D,,,,"ESA 2010 Sectors: S.121, S.122, S.123, S.124, S.125, S.126, S.127, S.128, S.129",,0,,,,,S,"Euro short-term rate, Total volume","Euro short-term rate, Total volume - Unsecured - Overnight - Borrowing - Financial corporations",,EUR,6
2020-01-23,31463,EST.B.EU000A2X2A25.TT,B,EU000A2X2A25,TT,A,F,,,,,P1D,,,,"ESA 2010 Sectors: S.121, S.122, S.123, S.124, S.125, S.126, S.127, S.128, S.129",,0,,,,,S,"Euro short-term rate, Total volume","Euro short-term rate, Total volume - Unsecured - Overnight - Borrowing - Financial corporations",,EUR,6
2020-01-24,33324,EST.B.EU000A2X2A25.TT,B,EU000A2X2A25,TT,A,F,,,,,P1D,,,,"ESA 2010 Sectors: S.121, S.122, S.123, S.124, S.125, S.126, S.127, S.128, S.129",,0,,,,,S,"Euro short-term rate, Total volume","Euro short-term rate, Total volume - Unsecured - Overnight - Borrowing - Financial corporations",,EUR,6
2020-01-27,33033,EST.B.EU000A2X2A25.TT,B,EU000A2X2A25,TT,A,F,,,,,P1D,,,,"ESA 2010 Sectors: S.121, S.122, S.123, S.124, S.125, S.126, S.127, S.128, S.129",,0,,,,,S,"Euro short-term rate, Total volume","Euro short-term rate, Total volume - Unsecured - Overnight - Borrowing - Financial corporations",,EUR,6
2020-01-28,37845,EST.B.EU000A2X2A25.TT,B,EU000A2X2A25,TT,A,F,,,,,P1D,,,,"ESA 2010 Sectors: S.121, S.122, S.123, S.124, S.125, S.126, S.127, S.128, S.129",,0,,,,,S,"Euro short-term rate, Total volume","Euro short-term rate, Total volume - Unsecured - Overnight - Borrowing - Financial corporations",,EUR,6
2020-01-29,32714,EST.B.EU000A2X2A25.TT,B,EU000A2X2A25,TT,A,F,,,,,P1D,,,,"ESA 2010 Sectors: S.121, S.122, S.123, S.124, S.125, S.126, S.127, S.128, S.129",,0,,,,,S,"Euro short-term rate, Total volume","Euro short-term rate, Total volume - Unsecured - Overnight - Borrowing - Financial corporations",,EUR,6
2020-01-30,32097,EST.B.EU000A2X2A25.TT,B,EU000A2X2A25,TT,A,F,,,,,P1D,,,,"ESA 2010 Sectors: S.121, S.122, S.123, S.124, S.125, S.126, S.127, S.128, S.129",,0,,,,,S,"Euro short-term rate, Total volume","Euro short-term rate, Total volume - Unsecured - Overnight - Borrowing - Financial corporations",,EUR,6
2020-01-31,32163,EST.B.EU000A2X2A25.TT,B,EU000A2X2A25,TT,A,F,,,,,P1D,,,,"ESA 2010 Sectors: S.121, S.122, S.123, S.124, S.125, S.126, S.127, S.128, S.129",,0,,,,,S,"Euro short-term rate, Total volume","Euro short-term rate, Total volume - Unsecured - Overnight - Borrowing - Financial corporations",,EUR,6
2020-02-03,38392,EST.B.EU000A2X2A25.TT,B,EU000A2X2A25,TT,A,F,,,,,P1D,,,,"ESA 2010 Sectors: S.121, S.122, S.123, S.124, S.125, S.126, S.127, S.128, S.129",,0,,,,,S,"Euro short-term rate, Total volume","Euro short-term rate, Total volume - Unsecured - Overnight - Borrowing - Financial corporations",,EUR,6
2020-02-04,36167,EST.B.EU000A2X2A25.TT,B,EU000A2X2A25,TT,A,F,,,,,P1D,,,,"ESA 2010 Sectors: S.121, S.122, S.123, S.124, S.125, S.126, S.127, S.128, S.129",,0,,,,,S,"Euro short-term rate, Total volume","Euro short-term rate, Total volume - Unsecured - Overnight - Borrowing - Financial corporations",,EUR,6
2020-02-05,35449,EST.B.EU000A2X2A25.TT,B,EU000A2X2A25,TT,A,F,,,,,P1D,,,,"ESA 2010 Sectors: S.121, S.122, S.123, S.124, S.125, S.126, S.127, S.128, S.129",,0,,,,,S,"Euro short-term rate, Total volume","Euro short-term rate, Total volume - Unsecured - Overnight - Borrowing - Financial corporations",,EUR,6
2020-02-06,33619,EST.B.EU000A2X2A25.TT,B,EU000A2X2A25,TT,A,F,,,,,P1D,,,,"ESA 2010 Sectors: S.121, S.122, S.123, S.124, S.125, S.126, S.127, S.128, S.129",,0,,,,,S,"Euro short-term rate, Total volume","Euro short-term rate, Total volume - Unsecured - Overnight - Borrowing - Financial corporations",,EUR,6
2020-02-07,32644,EST.B.EU000A2X2A25.TT,B,EU000A2X2A25,TT,A,F,,,,,P1D,,,,"ESA 2010 Sectors: S.121, S.122, S.123, S.124, S.125, S.126, S.127, S.128, S.129",,0,,,,,S,"Euro short-term rate, Total volume","Euro short-term rate, Total volume - Unsecured - Overnight - Borrowing - Financial corporations",,EUR,6
2020-02-10,33678,EST.B.EU000A2X2A25.TT,B,EU000A2X2A25,TT,A,F,,,,,P1D,,,,"ESA 2010 Sectors: S.121, S.122, S.123, S.124, S.125, S.126, S.127, S.128, S.129",,0,,,,,S,"Euro short-term rate, Total volume","Euro short-term rate, Total volume - Unsecured - Overnight - Borrowing - Financial corporations",,EUR,6
2020-02-11,32222,EST.B.EU000A2X2A25.TT,B,EU000A2X2A25,TT,A,F,,,,,P1D,,,,"ESA 2010 Sectors: S.121, S.122, S.123, S.124, S.125, S.126, S.127, S.128, S.129",,0,,,,,S,"Euro short-term rate, Total volume","Euro short-term rate, Total volume - Unsecured - Overnight - Borrowing - Financial corporations",,EUR,6
2020-02-12,31753,EST.B.EU000A2X2A25.TT,B,EU000A2X2A25,TT,A,F,,,,,P1D,,,,"ESA 2010 Sectors: S.121, S.122, S.123, S.124, S.125, S.126, S.127, S.128, S.129",,0,,,,,S,"Euro short-term rate, Total volume","Euro short-term rate, Total volume - Unsecured - Overnight - Borrowing - Financial corporations",,EUR,6
2020-02-13,31655,EST.B.EU000A2X2A25.TT,B,EU000A2X2A25,TT,A,F,,,,,P1D,,,,"ESA 2010 Sectors: S.121, S.122, S.123, S.124, S.125, S.126, S.127, S.128, S.129",,0,,,,,S,"Euro short-term rate, Total volume","Euro short-term rate, Total volume - Unsecured - Overnight - Borrowing - Financial corporations",,EUR,6
2020-02-14,34136,EST.B.EU000A2X2A25.TT,B,EU000A2X2A25,TT,A,F,,,,,P1D,,,,"ESA 2010 Sectors: S.121, S.122, S.123, S.124, S.125, S.126, S.127, S.128, S.129",,0,,,,,S,"Euro short-term rate, Total volume","Euro short-term rate, Total volume - Unsecured - Overnight - Borrowing - Financial corporations",,EUR,6
2020-02-17,35151,EST.B.EU000A2X2A25.TT,B,EU000A2X2A25,TT,A,F,,,,,P1D,,,,"ESA 2010 Sectors: S.121, S.122, S.123, S.124, S.125, S.126, S.127, S.128, S.129",,0,,,,,S,"Euro short-term rate, Total volume","Euro short-term rate, Total volume - Unsecured - Overnight - Borrowing - Financial corporations",,EUR,6
2020-02-18,31880,EST.B.EU000A2X2A25.TT,B,EU000A2X2A25,TT,A,F,,,,,P1D,,,,"ESA 2010 Sectors: S.121, S.122, S.123, S.124, S.125, S.126, S.127, S.128, S.129",,0,,,,,S,"Euro short-term rate, Total volume","Euro short-term rate, Total volume - Unsecured - Overnight - Borrowing - Financial corporations",,EUR,6
2020-02-19,32866,EST.B.EU000A2X2A25.TT,B,EU000A2X2A25,TT,A,F,,,,,P1D,,,,"ESA 2010 Sectors: S.121, S.122, S.123, S.124, S.125, S.126, S.127, S.128, S.129",,0,,,,,S,"Euro short-term rate, Total volume","Euro short-term rate, Total volume - Unsecured - Overnight - Borrowing - Financial corporations",,EUR,6
2020-02-20,32691,EST.B.EU000A2X2A25.TT,B,EU000A2X2A25,TT,A,F,,,,,P1D,,,,"ESA 2010 Sectors: S.121, S.122, S.123, S.124, S.125, S.126, S.127, S.128, S.129",,0,,,,,S,"Euro short-term rate, Total volume","Euro short-term rate, Total volume - Unsecured - Overnight - Borrowing - Financial corporations",,EUR,6
2020-02-21,35098,EST.B.EU000A2X2A25.TT,B,EU000A2X2A25,TT,A,F,,,,,P1D,,,,"ESA 2010 Sectors: S.121, S.122, S.123, S.124, S.125, S.126, S.127, S.128, S.129",,0,,,,,S,"Euro short-term rate, Total volume","Euro short-term rate, Total volume - Unsecured - Overnight - Borrowing - Financial corporations",,EUR,6
2020-02-24,34684,EST.B.EU000A2X2A25.TT,B,EU000A2X2A25,TT,A,F,,,,,P1D,,,,"ESA 2010 Sectors: S.121, S.122, S.123, S.124, S.125, S.126, S.127, S.128, S.129",,0,,,,,S,"Euro short-term rate, Total volume","Euro short-term rate, Total volume - Unsecured - Overnight - Borrowing - Financial corporations",,EUR,6
2020-02-25,33258,EST.B.EU000A2X2A25.TT,B,EU000A2X2A25,TT,A,F,,,,,P1D,,,,"ESA 2010 Sectors: S.121, S.122, S.123, S.124, S.125, S.126, S.127, S.128, S.129",,0,,,,,S,"Euro short-term rate, Total volume","Euro short-term rate, Total volume - Unsecured - Overnight - Borrowing - Financial corporations",,EUR,6
2020-02-26,34286,EST.B.EU000A2X2A25.TT,B,EU000A2X2A25,TT,A,F,,,,,P1D,,,,"ESA 2010 Sectors: S.121, S.122, S.123, S.124, S.125, S.126, S.127, S.128, S.129",,0,,,,,S,"Euro short-term rate, Total volume","Euro short-term rate, Total volume - Unsecured - Overnight - Borrowing - Financial corporations",,EUR,6
2020-02-27,31087,EST.B.EU000A2X2A25.TT,B,EU000A2X2A25,TT,A,F,,,,,P1D,,,,"ESA 2010 Sectors: S.121, S.122, S.123, S.124, S.125, S.126, S.127, S.128, S.129",,0,,,,,S,"Euro short-term rate, Total volume","Euro short-term rate, Total volume - Unsecured - Overnight - Borrowing - Financial corporations",,EUR,6
2020-02-28,33073,EST.B.EU000A2X2A25.TT,B,EU000A2X2A25,TT,A,F,,,,,P1D,,,,"ESA 2010 Sectors: S.121, S.122, S.123, S.124, S.125, S.126, S.127, S.128, S.129",,0,,,,,S,"Euro short-term rate, Total volume","Euro short-term rate, Total volume - Unsecured - Overnight - Borrowing - Financial corporations",,EUR,6
2020-03-02,30645,EST.B.EU000A2X2A25.TT,B,EU000A2X2A25,TT,A,F,,,,,P1D,,,,"ESA 2010 Sectors: S.121, S.122, S.123, S.124, S.125, S.126, S.127, S.128, S.129",,0,,,,,S,"Euro short-term rate, Total volume","Euro short-term rate, Total volume - Unsecured - Overnight - Borrowing - Financial corporations",,EUR,6
2020-03-03,35167,EST.B.EU000A2X2A25.TT,B,EU000A2X2A25,TT,A,F,,,,,P1D,,,,"ESA 2010 Sectors: S.121, S.122, S.123, S.124, S.125, S.126, S.127, S.128, S.129",,0,,,,,S,"Euro short-term rate, Total volume","Euro short-term rate, Total volume - Unsecured - Overnight - Borrowing - Financial corporations",,EUR,6
2020-03-04,40672,EST.B.EU000A2X2A25.TT,B,EU000A2X2A25,TT,A,F,,,,,P1D,,,,"ESA 2010 Sectors: S.121, S.122, S.123, S.124, S.125, S.126, S.127, S.128, S.129",,0,,,,,S,"Euro short-term rate, Total volume","Euro short-term rate, Total volume - Unsecured - Overnight - Borrowing - Financial corporations",,EUR,6
2020-03-05,36928,EST.B.EU000A2X2A25.TT,B,EU000A2X2A25,TT,A,F,,,,,P1D,,,,"ESA 2010 Sectors: S.121, S.122, S.123, S.124, S.125, S.126, S.127, S.128, S.129",,0,,,,,S,"Euro short-term rate, Total volume","Euro short-term rate, Total volume - Unsecured - Overnight - Borrowing - Financial corporations",,EUR,6
2020-03-06,38242,EST.B.EU000A2X2A25.TT,B,EU000A2X2A25,TT,A,F,,,,,P1D,,,,"ESA 2010 Sectors: S.121, S.122, S.123, S.124, S.125, S.126, S.127, S.128, S.129",,0,,,,,S,"Euro short-term rate, Total volume","Euro short-term rate, Total volume - Unsecured - Overnight - Borrowing - Financial corporations",,EUR,6
2020-03-09,40232,EST.B.EU000A2X2A25.TT,B,EU000A2X2A25,TT,A,F,,,,,P1D,,,,"ESA 2010 Sectors: S.121, S.122, S.123, S.124, S.125, S.126, S.127, S.128, S.129",,0,,,,,S,"Euro short-term rate, Total volume","Euro short-term rate, Total volume - Unsecured - Overnight - Borrowing - Financial corporations",,EUR,6
2020-03-10,45152,EST.B.EU000A2X2A25.TT,B,EU000A2X2A25,TT,A,F,,,,,P1D,,,,"ESA 2010 Sectors: S.121, S.122, S.123, S.124, S.125, S.126, S.127, S.128, S.129",,0,,,,,S,"Euro short-term rate, Total volume","Euro short-term rate, Total volume - Unsecured - Overnight - Borrowing - Financial corporations",,EUR,6
2020-03-11,48537,EST.B.EU000A2X2A25.TT,B,EU000A2X2A25,TT,A,F,,,,,P1D,,,,"ESA 2010 Sectors: S.121, S.122, S.123, S.124, S.125, S.126, S.127, S.128, S.129",,0,,,,,S,"Euro short-term rate, Total volume","Euro short-term rate, Total volume - Unsecured - Overnight - Borrowing - Financial corporations",,EUR,6
2020-03-12,48041,EST.B.EU000A2X2A25.TT,B,EU000A2X2A25,TT,A,F,,,,,P1D,,,,"ESA 2010 Sectors: S.121, S.122, S.123, S.124, S.125, S.126, S.127, S.128, S.129",,0,,,,,S,"Euro short-term rate, Total volume","Euro short-term rate, Total volume - Unsecured - Overnight - Borrowing - Financial corporations",,EUR,6
2020-03-13,44382,EST.B.EU000A2X2A25.TT,B,EU000A2X2A25,TT,A,F,,,,,P1D,,,,"ESA 2010 Sectors: S.121, S.122, S.123, S.124, S.125, S.126, S.127, S.128, S.129",,0,,,,,S,"Euro short-term rate, Total volume","Euro short-term rate, Total volume - Unsecured - Overnight - Borrowing - Financial corporations",,EUR,6
2020-03-16,39369,EST.B.EU000A2X2A25.TT,B,EU000A2X2A25,TT,A,F,,,,,P1D,,,,"ESA 2010 Sectors: S.121, S.122, S.123, S.124, S.125, S.126, S.127, S.128, S.129",,0,,,,,S,"Euro short-term rate, Total volume","Euro short-term rate, Total volume - Unsecured - Overnight - Borrowing - Financial corporations",,EUR,6
2020-03-17,44130,EST.B.EU000A2X2A25.TT,B,EU000A2X2A25,TT,A,F,,,,,P1D,,,,"ESA 2010 Sectors: S.121, S.122, S.123, S.124, S.125, S.126, S.127, S.128, S.129",,0,,,,,S,"Euro short-term rate, Total volume","Euro short-term rate, Total volume - Unsecured - Overnight - Borrowing - Financial corporations",,EUR,6
2020-03-18,41457,EST.B.EU000A2X2A25.TT,B,EU000A2X2A25,TT,A,F,,,,,P1D,,,,"ESA 2010 Sectors: S.121, S.122, S.123, S.124, S.125, S.126, S.127, S.128, S.129",,0,,,,,S,"Euro short-term rate, Total volume","Euro short-term rate, Total volume - Unsecured - Overnight - Borrowing - Financial corporations",,EUR,6
2020-03-19,40550,EST.B.EU000A2X2A25.TT,B,EU000A2X2A25,TT,A,F,,,,,P1D,,,,"ESA 2010 Sectors: S.121, S.122, S.123, S.124, S.125, S.126, S.127, S.128, S.129",,0,,,,,S,"Euro short-term rate, Total volume","Euro short-term rate, Total volume - Unsecured - Overnight - Borrowing - Financial corporations",,EUR,6
2020-03-20,38819,EST.B.EU000A2X2A25.TT,B,EU000A2X2A25,TT,A,F,,,,,P1D,,,,"ESA 2010 Sectors: S.121, S.122, S.123, S.124, S.125, S.126, S.127, S.128, S.129",,0,,,,,S,"Euro short-term rate, Total volume","Euro short-term rate, Total volume - Unsecured - Overnight - Borrowing - Financial corporations",,EUR,6
2020-03-23,42983,EST.B.EU000A2X2A25.TT,B,EU000A2X2A25,TT,A,F,,,,,P1D,,,,"ESA 2010 Sectors: S.121, S.122, S.123, S.124, S.125, S.126, S.127, S.128, S.129",,0,,,,,S,"Euro short-term rate, Total volume","Euro short-term rate, Total volume - Unsecured - Overnight - Borrowing - Financial corporations",,EUR,6
2020-03-24,44586,EST.B.EU000A2X2A25.TT,B,EU000A2X2A25,TT,A,F,,,,,P1D,,,,"ESA 2010 Sectors: S.121, S.122, S.123, S.124, S.125, S.126, S.127, S.128, S.129",,0,,,,,S,"Euro short-term rate, Total volume","Euro short-term rate, Total volume - Unsecured - Overnight - Borrowing - Financial corporations",,EUR,6
2020-03-25,45443,EST.B.EU000A2X2A25.TT,B,EU000A2X2A25,TT,A,F,,,,,P1D,,,,"ESA 2010 Sectors: S.121, S.122, S.123, S.124, S.125, S.126, S.127, S.128, S.129",,0,,,,,S,"Euro short-term rate, Total volume","Euro short-term rate, Total volume - Unsecured - Overnight - Borrowing - Financial corporations",,EUR,6
2020-03-26,44398,EST.B.EU000A2X2A25.TT,B,EU000A2X2A25,TT,A,F,,,,,P1D,,,,"ESA 2010 Sectors: S.121, S.122, S.123, S.124, S.125, S.126, S.127, S.128, S.129",,0,,,,,S,"Euro short-term rate, Total volume","Euro short-term rate, Total volume - Unsecured - Overnight - Borrowing - Financial corporations",,EUR,6
2020-03-27,41609,EST.B.EU000A2X2A25.TT,B,EU000A2X2A25,TT,A,F,,,,,P1D,,,,"ESA 2010 Sectors: S.121, S.122, S.123, S.124, S.125, S.126, S.127, S.128, S.129",,0,,,,,S,"Euro short-term rate, Total volume","Euro short-term rate, Total volume - Unsecured - Overnight - Borrowing - Financial corporations",,EUR,6
2020-03-30,51283,EST.B.EU000A2X2A25.TT,B,EU000A2X2A25,TT,A,F,,,,,P1D,,,,"ESA 2010 Sectors: S.121, S.122, S.123, S.124, S.125, S.126, S.127, S.128, S.129",,0,,,,,S,"Euro short-term rate, Total volume","Euro short-term rate, Total volume - Unsecured - Overnight - Borrowing - Financial corporations",,EUR,6
2020-03-31,49020,EST.B.EU000A2X2A25.TT,B,EU000A2X2A25,TT,A,F,,,,,P1D,,,,"ESA 2010 Sectors: S.121, S.122, S.123, S.124, S.125, S.126, S.127, S.128, S.129",,0,,,,,S,"Euro short-term rate, Total volume","Euro short-term rate, Total volume - Unsecured - Overnight - Borrowing - Financial corporations",,EUR,6
2020-04-01,53453,EST.B.EU000A2X2A25.TT,B,EU000A2X2A25,TT,A,F,,,,,P1D,,,,"ESA 2010 Sectors: S.121, S.122, S.123, S.124, S.125, S.126, S.127, S.128, S.129",,0,,,,,S,"Euro short-term rate, Total volume","Euro short-term rate, Total volume - Unsecured - Overnight - Borrowing - Financial corporations",,EUR,6
2020-04-02,52948,EST.B.EU000A2X2A25.TT,B,EU000A2X2A25,TT,A,F,,,,,P1D,,,,"ESA 2010 Sectors: S.121, S.122, S.123, S.124, S.125, S.126, S.127, S.128, S.129",,0,,,,,S,"Euro short-term rate, Total volume","Euro short-term rate, Total volume - Unsecured - Overnight - Borrowing - Financial corporations",,EUR,6
2020-04-03,45912,EST.B.EU000A2X2A25.TT,B,EU000A2X2A25,TT,A,F,,,,,P1D,,,,"ESA 2010 Sectors: S.121, S.122, S.123, S.124, S.125, S.126, S.127, S.128, S.129",,0,,,,,S,"Euro short-term rate, Total volume","Euro short-term rate, Total volume - Unsecured - Overnight - Borrowing - Financial corporations",,EUR,6
2020-04-06,59270,EST.B.EU000A2X2A25.TT,B,EU000A2X2A25,TT,A,F,,,,,P1D,,,,"ESA 2010 Sectors: S.121, S.122, S.123, S.124, S.125, S.126, S.127, S.128, S.129",,0,,,,,S,"Euro short-term rate, Total volume","Euro short-term rate, Total volume - Unsecured - Overnight - Borrowing - Financial corporations",,EUR,6
2020-04-07,58379,EST.B.EU000A2X2A25.TT,B,EU000A2X2A25,TT,A,F,,,,,P1D,,,,"ESA 2010 Sectors: S.121, S.122, S.123, S.124, S.125, S.126, S.127, S.128, S.129",,0,,,,,S,"Euro short-term rate, Total volume","Euro short-term rate, Total volume - Unsecured - Overnight - Borrowing - Financial corporations",,EUR,6
2020-04-08,56559,EST.B.EU000A2X2A25.TT,B,EU000A2X2A25,TT,A,F,,,,,P1D,,,,"ESA 2010 Sectors: S.121, S.122, S.123, S.124, S.125, S.126, S.127, S.128, S.129",,0,,,,,S,"Euro short-term rate, Total volume","Euro short-term rate, Total volume - Unsecured - Overnight - Borrowing - Financial corporations",,EUR,6
2020-04-09,55456,EST.B.EU000A2X2A25.TT,B,EU000A2X2A25,TT,A,F,,,,,P1D,,,,"ESA 2010 Sectors: S.121, S.122, S.123, S.124, S.125, S.126, S.127, S.128, S.129",,0,,,,,S,"Euro short-term rate, Total volume","Euro short-term rate, Total volume - Unsecured - Overnight - Borrowing - Financial corporations",,EUR,6
2020-04-14,58074,EST.B.EU000A2X2A25.TT,B,EU000A2X2A25,TT,A,F,,,,,P1D,,,,"ESA 2010 Sectors: S.121, S.122, S.123, S.124, S.125, S.126, S.127, S.128, S.129",,0,,,,,S,"Euro short-term rate, Total volume","Euro short-term rate, Total volume - Unsecured - Overnight - Borrowing - Financial corporations",,EUR,6
2020-04-15,57086,EST.B.EU000A2X2A25.TT,B,EU000A2X2A25,TT,A,F,,,,,P1D,,,,"ESA 2010 Sectors: S.121, S.122, S.123, S.124, S.125, S.126, S.127, S.128, S.129",,0,,,,,S,"Euro short-term rate, Total volume","Euro short-term rate, Total volume - Unsecured - Overnight - Borrowing - Financial corporations",,EUR,6
2020-04-16,55636,EST.B.EU000A2X2A25.TT,B,EU000A2X2A25,TT,A,F,,,,,P1D,,,,"ESA 2010 Sectors: S.121, S.122, S.123, S.124, S.125, S.126, S.127, S.128, S.129",,0,,,,,S,"Euro short-term rate, Total volume","Euro short-term rate, Total volume - Unsecured - Overnight - Borrowing - Financial corporations",,EUR,6
2020-04-17,54008,EST.B.EU000A2X2A25.TT,B,EU000A2X2A25,TT,A,F,,,,,P1D,,,,"ESA 2010 Sectors: S.121, S.122, S.123, S.124, S.125, S.126, S.127, S.128, S.129",,0,,,,,S,"Euro short-term rate, Total volume","Euro short-term rate, Total volume - Unsecured - Overnight - Borrowing - Financial corporations",,EUR,6
2020-04-20,50826,EST.B.EU000A2X2A25.TT,B,EU000A2X2A25,TT,A,F,,,,,P1D,,,,"ESA 2010 Sectors: S.121, S.122, S.123, S.124, S.125, S.126, S.127, S.128, S.129",,0,,,,,S,"Euro short-term rate, Total volume","Euro short-term rate, Total volume - Unsecured - Overnight - Borrowing - Financial corporations",,EUR,6
2020-04-21,49960,EST.B.EU000A2X2A25.TT,B,EU000A2X2A25,TT,A,F,,,,,P1D,,,,"ESA 2010 Sectors: S.121, S.122, S.123, S.124, S.125, S.126, S.127, S.128, S.129",,0,,,,,S,"Euro short-term rate, Total volume","Euro short-term rate, Total volume - Unsecured - Overnight - Borrowing - Financial corporations",,EUR,6
2020-04-22,48712,EST.B.EU000A2X2A25.TT,B,EU000A2X2A25,TT,A,F,,,,,P1D,,,,"ESA 2010 Sectors: S.121, S.122, S.123, S.124, S.125, S.126, S.127, S.128, S.129",,0,,,,,S,"Euro short-term rate, Total volume","Euro short-term rate, Total volume - Unsecured - Overnight - Borrowing - Financial corporations",,EUR,6
2020-04-23,47408,EST.B.EU000A2X2A25.TT,B,EU000A2X2A25,TT,A,F,,,,,P1D,,,,"ESA 2010 Sectors: S.121, S.122, S.123, S.124, S.125, S.126, S.127, S.128, S.129",,0,,,,,S,"Euro short-term rate, Total volume","Euro short-term rate, Total volume - Unsecured - Overnight - Borrowing - Financial corporations",,EUR,6
2020-04-24,47254,EST.B.EU000A2X2A25.TT,B,EU000A2X2A25,TT,A,F,,,,,P1D,,,,"ESA 2010 Sectors: S.121, S.122, S.123, S.124, S.125, S.126, S.127, S.128, S.129",,0,,,,,S,"Euro short-term rate, Total volume","Euro short-term rate, Total volume - Unsecured - Overnight - Borrowing - Financial corporations",,EUR,6
2020-04-27,49146,EST.B.EU000A2X2A25.TT,B,EU000A2X2A25,TT,A,F,,,,,P1D,,,,"ESA 2010 Sectors: S.121, S.122, S.123, S.124, S.125, S.126, S.127, S.128, S.129",,0,,,,,S,"Euro short-term rate, Total volume","Euro short-term rate, Total volume - Unsecured - Overnight - Borrowing - Financial corporations",,EUR,6
2020-04-28,46757,EST.B.EU000A2X2A25.TT,B,EU000A2X2A25,TT,A,F,,,,,P1D,,,,"ESA 2010 Sectors: S.121, S.122, S.123, S.124, S.125, S.126, S.127, S.128, S.129",,0,,,,,S,"Euro short-term rate, Total volume","Euro short-term rate, Total volume - Unsecured - Overnight - Borrowing - Financial corporations",,EUR,6
2020-04-29,46325,EST.B.EU000A2X2A25.TT,B,EU000A2X2A25,TT,A,F,,,,,P1D,,,,"ESA 2010 Sectors: S.121, S.122, S.123, S.124, S.125, S.126, S.127, S.128, S.129",,0,,,,,S,"Euro short-term rate, Total volume","Euro short-term rate, Total volume - Unsecured - Overnight - Borrowing - Financial corporations",,EUR,6
2020-04-30,39756,EST.B.EU000A2X2A25.TT,B,EU000A2X2A25,TT,A,F,,,,,P1D,,,,"ESA 2010 Sectors: S.121, S.122, S.123, S.124, S.125, S.126, S.127, S.128, S.129",,0,,,,,S,"Euro short-term rate, Total volume","Euro short-term rate, Total volume - Unsecured - Overnight - Borrowing - Financial corporations",,EUR,6
2020-05-04,48133,EST.B.EU000A2X2A25.TT,B,EU000A2X2A25,TT,A,F,,,,,P1D,,,,"ESA 2010 Sectors: S.121, S.122, S.123, S.124, S.125, S.126, S.127, S.128, S.129",,0,,,,,S,"Euro short-term rate, Total volume","Euro short-term rate, Total volume - Unsecured - Overnight - Borrowing - Financial corporations",,EUR,6
2020-05-05,53443,EST.B.EU000A2X2A25.TT,B,EU000A2X2A25,TT,A,F,,,,,P1D,,,,"ESA 2010 Sectors: S.121, S.122, S.123, S.124, S.125, S.126, S.127, S.128, S.129",,0,,,,,S,"Euro short-term rate, Total volume","Euro short-term rate, Total volume - Unsecured - Overnight - Borrowing - Financial corporations",,EUR,6
2020-05-06,49616,EST.B.EU000A2X2A25.TT,B,EU000A2X2A25,TT,A,F,,,,,P1D,,,,"ESA 2010 Sectors: S.121, S.122, S.123, S.124, S.125, S.126, S.127, S.128, S.129",,0,,,,,S,"Euro short-term rate, Total volume","Euro short-term rate, Total volume - Unsecured - Overnight - Borrowing - Financial corporations",,EUR,6
2020-05-07,32961,EST.B.EU000A2X2A25.TT,B,EU000A2X2A25,TT,A,F,,,,,P1D,,,,"ESA 2010 Sectors: S.121, S.122, S.123, S.124, S.125, S.126, S.127, S.128, S.129",,0,,,,,S,"Euro short-term rate, Total volume","Euro short-term rate, Total volume - Unsecured - Overnight - Borrowing - Financial corporations",,EUR,6
2020-05-08,35476,EST.B.EU000A2X2A25.TT,B,EU000A2X2A25,TT,A,F,,,,,P1D,,,,"ESA 2010 Sectors: S.121, S.122, S.123, S.124, S.125, S.126, S.127, S.128, S.129",,0,,,,,S,"Euro short-term rate, Total volume","Euro short-term rate, Total volume - Unsecured - Overnight - Borrowing - Financial corporations",,EUR,6
2020-05-11,48914,EST.B.EU000A2X2A25.TT,B,EU000A2X2A25,TT,A,F,,,,,P1D,,,,"ESA 2010 Sectors: S.121, S.122, S.123, S.124, S.125, S.126, S.127, S.128, S.129",,0,,,,,S,"Euro short-term rate, Total volume","Euro short-term rate, Total volume - Unsecured - Overnight - Borrowing - Financial corporations",,EUR,6
2020-05-12,47105,EST.B.EU000A2X2A25.TT,B,EU000A2X2A25,TT,A,F,,,,,P1D,,,,"ESA 2010 Sectors: S.121, S.122, S.123, S.124, S.125, S.126, S.127, S.128, S.129",,0,,,,,S,"Euro short-term rate, Total volume","Euro short-term rate, Total volume - Unsecured - Overnight - Borrowing - Financial corporations",,EUR,6
2020-05-13,47498,EST.B.EU000A2X2A25.TT,B,EU000A2X2A25,TT,A,F,,,,,P1D,,,,"ESA 2010 Sectors: S.121, S.122, S.123, S.124, S.125, S.126, S.127, S.128, S.129",,0,,,,,S,"Euro short-term rate, Total volume","Euro short-term rate, Total volume - Unsecured - Overnight - Borrowing - Financial corporations",,EUR,6
2020-05-14,45901,EST.B.EU000A2X2A25.TT,B,EU000A2X2A25,TT,A,F,,,,,P1D,,,,"ESA 2010 Sectors: S.121, S.122, S.123, S.124, S.125, S.126, S.127, S.128, S.129",,0,,,,,S,"Euro short-term rate, Total volume","Euro short-term rate, Total volume - Unsecured - Overnight - Borrowing - Financial corporations",,EUR,6
2020-05-15,44086,EST.B.EU000A2X2A25.TT,B,EU000A2X2A25,TT,A,F,,,,,P1D,,,,"ESA 2010 Sectors: S.121, S.122, S.123, S.124, S.125, S.126, S.127, S.128, S.129",,0,,,,,S,"Euro short-term rate, Total volume","Euro short-term rate, Total volume - Unsecured - Overnight - Borrowing - Financial corporations",,EUR,6
2020-05-18,46151,EST.B.EU000A2X2A25.TT,B,EU000A2X2A25,TT,A,F,,,,,P1D,,,,"ESA 2010 Sectors: S.121, S.122, S.123, S.124, S.125, S.126, S.127, S.128, S.129",,0,,,,,S,"Euro short-term rate, Total volume","Euro short-term rate, Total volume - Unsecured - Overnight - Borrowing - Financial corporations",,EUR,6
2020-05-19,44659,EST.B.EU000A2X2A25.TT,B,EU000A2X2A25,TT,A,F,,,,,P1D,,,,"ESA 2010 Sectors: S.121, S.122, S.123, S.124, S.125, S.126, S.127, S.128, S.129",,0,,,,,S,"Euro short-term rate, Total volume","Euro short-term rate, Total volume - Unsecured - Overnight - Borrowing - Financial corporations",,EUR,6
2020-05-20,32084,EST.B.EU000A2X2A25.TT,B,EU000A2X2A25,TT,A,F,,,,,P1D,,,,"ESA 2010 Sectors: S.121, S.122, S.123, S.124, S.125, S.126, S.127, S.128, S.129",,0,,,,,S,"Euro short-term rate, Total volume","Euro short-term rate, Total volume - Unsecured - Overnight - Borrowing - Financial corporations",,EUR,6
2020-05-21,34454,EST.B.EU000A2X2A25.TT,B,EU000A2X2A25,TT,A,F,,,,,P1D,,,,"ESA 2010 Sectors: S.121, S.122, S.123, S.124, S.125, S.126, S.127, S.128, S.129",,0,,,,,S,"Euro short-term rate, Total volume","Euro short-term rate, Total volume - Unsecured - Overnight - Borrowing - Financial corporations",,EUR,6
2020-05-22,39461,EST.B.EU000A2X2A25.TT,B,EU000A2X2A25,TT,A,F,,,,,P1D,,,,"ESA 2010 Sectors: S.121, S.122, S.123, S.124, S.125, S.126, S.127, S.128, S.129",,0,,,,,S,"Euro short-term rate, Total volume","Euro short-term rate, Total volume - Unsecured - Overnight - Borrowing - Financial corporations",,EUR,6
2020-05-25,41311,EST.B.EU000A2X2A25.TT,B,EU000A2X2A25,TT,A,F,,,,,P1D,,,,"ESA 2010 Sectors: S.121, S.122, S.123, S.124, S.125, S.126, S.127, S.128, S.129",,0,,,,,S,"Euro short-term rate, Total volume","Euro short-term rate, Total volume - Unsecured - Overnight - Borrowing - Financial corporations",,EUR,6
2020-05-26,37891,EST.B.EU000A2X2A25.TT,B,EU000A2X2A25,TT,A,F,,,,,P1D,,,,"ESA 2010 Sectors: S.121, S.122, S.123, S.124, S.125, S.126, S.127, S.128, S.129",,0,,,,,S,"Euro short-term rate, Total volume","Euro short-term rate, Total volume - Unsecured - Overnight - Borrowing - Financial corporations",,EUR,6
2020-05-27,43110,EST.B.EU000A2X2A25.TT,B,EU000A2X2A25,TT,A,F,,,,,P1D,,,,"ESA 2010 Sectors: S.121, S.122, S.123, S.124, S.125, S.126, S.127, S.128, S.129",,0,,,,,S,"Euro short-term rate, Total volume","Euro short-term rate, Total volume - Unsecured - Overnight - Borrowing - Financial corporations",,EUR,6
2020-05-28,41930,EST.B.EU000A2X2A25.TT,B,EU000A2X2A25,TT,A,F,,,,,P1D,,,,"ESA 2010 Sectors: S.121, S.122, S.123, S.124, S.125, S.126, S.127, S.128, S.129",,0,,,,,S,"Euro short-term rate, Total volume","Euro short-term rate, Total volume - Unsecured - Overnight - Borrowing - Financial corporations",,EUR,6
2020-05-29,29159,EST.B.EU000A2X2A25.TT,B,EU000A2X2A25,TT,A,F,,,,,P1D,,,,"ESA 2010 Sectors: S.121, S.122, S.123, S.124, S.125, S.126, S.127, S.128, S.129",,0,,,,,S,"Euro short-term rate, Total volume","Euro short-term rate, Total volume - Unsecured - Overnight - Borrowing - Financial corporations",,EUR,6
2020-06-01,30109,EST.B.EU000A2X2A25.TT,B,EU000A2X2A25,TT,A,F,,,,,P1D,,,,"ESA 2010 Sectors: S.121, S.122, S.123, S.124, S.125, S.126, S.127, S.128, S.129",,0,,,,,S,"Euro short-term rate, Total volume","Euro short-term rate, Total volume - Unsecured - Overnight - Borrowing - Financial corporations",,EUR,6
2020-06-02,43494,EST.B.EU000A2X2A25.TT,B,EU000A2X2A25,TT,A,F,,,,,P1D,,,,"ESA 2010 Sectors: S.121, S.122, S.123, S.124, S.125, S.126, S.127, S.128, S.129",,0,,,,,S,"Euro short-term rate, Total volume","Euro short-term rate, Total volume - Unsecured - Overnight - Borrowing - Financial corporations",,EUR,6
2020-06-03,43142,EST.B.EU000A2X2A25.TT,B,EU000A2X2A25,TT,A,F,,,,,P1D,,,,"ESA 2010 Sectors: S.121, S.122, S.123, S.124, S.125, S.126, S.127, S.128, S.129",,0,,,,,S,"Euro short-term rate, Total volume","Euro short-term rate, Total volume - Unsecured - Overnight - Borrowing - Financial corporations",,EUR,6
2020-06-04,42211,EST.B.EU000A2X2A25.TT,B,EU000A2X2A25,TT,A,F,,,,,P1D,,,,"ESA 2010 Sectors: S.121, S.122, S.123, S.124, S.125, S.126, S.127, S.128, S.129",,0,,,,,S,"Euro short-term rate, Total volume","Euro short-term rate, Total volume - Unsecured - Overnight - Borrowing - Financial corporations",,EUR,6
2020-06-05,39470,EST.B.EU000A2X2A25.TT,B,EU000A2X2A25,TT,A,F,,,,,P1D,,,,"ESA 2010 Sectors: S.121, S.122, S.123, S.124, S.125, S.126, S.127, S.128, S.129",,0,,,,,S,"Euro short-term rate, Total volume","Euro short-term rate, Total volume - Unsecured - Overnight - Borrowing - Financial corporations",,EUR,6
2020-06-08,37691,EST.B.EU000A2X2A25.TT,B,EU000A2X2A25,TT,A,F,,,,,P1D,,,,"ESA 2010 Sectors: S.121, S.122, S.123, S.124, S.125, S.126, S.127, S.128, S.129",,0,,,,,S,"Euro short-term rate, Total volume","Euro short-term rate, Total volume - Unsecured - Overnight - Borrowing - Financial corporations",,EUR,6
2020-06-09,45690,EST.B.EU000A2X2A25.TT,B,EU000A2X2A25,TT,A,F,,,,,P1D,,,,"ESA 2010 Sectors: S.121, S.122, S.123, S.124, S.125, S.126, S.127, S.128, S.129",,0,,,,,S,"Euro short-term rate, Total volume","Euro short-term rate, Total volume - Unsecured - Overnight - Borrowing - Financial corporations",,EUR,6
2020-06-10,35280,EST.B.EU000A2X2A25.TT,B,EU000A2X2A25,TT,A,F,,,,,P1D,,,,"ESA 2010 Sectors: S.121, S.122, S.123, S.124, S.125, S.126, S.127, S.128, S.129",,0,,,,,S,"Euro short-term rate, Total volume","Euro short-term rate, Total volume - Unsecured - Overnight - Borrowing - Financial corporations",,EUR,6
2020-06-11,35940,EST.B.EU000A2X2A25.TT,B,EU000A2X2A25,TT,A,F,,,,,P1D,,,,"ESA 2010 Sectors: S.121, S.122, S.123, S.124, S.125, S.126, S.127, S.128, S.129",,0,,,,,S,"Euro short-term rate, Total volume","Euro short-term rate, Total volume - Unsecured - Overnight - Borrowing - Financial corporations",,EUR,6
2020-06-12,43742,EST.B.EU000A2X2A25.TT,B,EU000A2X2A25,TT,A,F,,,,,P1D,,,,"ESA 2010 Sectors: S.121, S.122, S.123, S.124, S.125, S.126, S.127, S.128, S.129",,0,,,,,S,"Euro short-term rate, Total volume","Euro short-term rate, Total volume - Unsecured - Overnight - Borrowing - Financial corporations",,EUR,6
2020-06-15,48235,EST.B.EU000A2X2A25.TT,B,EU000A2X2A25,TT,A,F,,,,,P1D,,,,"ESA 2010 Sectors: S.121, S.122, S.123, S.124, S.125, S.126, S.127, S.128, S.129",,0,,,,,S,"Euro short-term rate, Total volume","Euro short-term rate, Total volume - Unsecured - Overnight - Borrowing - Financial corporations",,EUR,6
2020-06-16,38279,EST.B.EU000A2X2A25.TT,B,EU000A2X2A25,TT,A,F,,,,,P1D,,,,"ESA 2010 Sectors: S.121, S.122, S.123, S.124, S.125, S.126, S.127, S.128, S.129",,0,,,,,S,"Euro short-term rate, Total volume","Euro short-term rate, Total volume - Unsecured - Overnight - Borrowing - Financial corporations",,EUR,6
2020-06-17,40038,EST.B.EU000A2X2A25.TT,B,EU000A2X2A25,TT,A,F,,,,,P1D,,,,"ESA 2010 Sectors: S.121, S.122, S.123, S.124, S.125, S.126, S.127, S.128, S.129",,0,,,,,S,"Euro short-term rate, Total volume","Euro short-term rate, Total volume - Unsecured - Overnight - Borrowing - Financial corporations",,EUR,6
2020-06-18,38042,EST.B.EU000A2X2A25.TT,B,EU000A2X2A25,TT,A,F,,,,,P1D,,,,"ESA 2010 Sectors: S.121, S.122, S.123, S.124, S.125, S.126, S.127, S.128, S.129",,0,,,,,S,"Euro short-term rate, Total volume","Euro short-term rate, Total volume - Unsecured - Overnight - Borrowing - Financial corporations",,EUR,6
2020-06-19,40936,EST.B.EU000A2X2A25.TT,B,EU000A2X2A25,TT,A,F,,,,,P1D,,,,"ESA 2010 Sectors: S.121, S.122, S.123, S.124, S.125, S.126, S.127, S.128, S.129",,0,,,,,S,"Euro short-term rate, Total volume","Euro short-term rate, Total volume - Unsecured - Overnight - Borrowing - Financial corporations",,EUR,6
2020-06-22,41682,EST.B.EU000A2X2A25.TT,B,EU000A2X2A25,TT,A,F,,,,,P1D,,,,"ESA 2010 Sectors: S.121, S.122, S.123, S.124, S.125, S.126, S.127, S.128, S.129",,0,,,,,S,"Euro short-term rate, Total volume","Euro short-term rate, Total volume - Unsecured - Overnight - Borrowing - Financial corporations",,EUR,6
2020-06-23,38346,EST.B.EU000A2X2A25.TT,B,EU000A2X2A25,TT,A,F,,,,,P1D,,,,"ESA 2010 Sectors: S.121, S.122, S.123, S.124, S.125, S.126, S.127, S.128, S.129",,0,,,,,S,"Euro short-term rate, Total volume","Euro short-term rate, Total volume - Unsecured - Overnight - Borrowing - Financial corporations",,EUR,6
2020-06-24,37257,EST.B.EU000A2X2A25.TT,B,EU000A2X2A25,TT,A,F,,,,,P1D,,,,"ESA 2010 Sectors: S.121, S.122, S.123, S.124, S.125, S.126, S.127, S.128, S.129",,0,,,,,S,"Euro short-term rate, Total volume","Euro short-term rate, Total volume - Unsecured - Overnight - Borrowing - Financial corporations",,EUR,6
2020-06-25,32993,EST.B.EU000A2X2A25.TT,B,EU000A2X2A25,TT,A,F,,,,,P1D,,,,"ESA 2010 Sectors: S.121, S.122, S.123, S.124, S.125, S.126, S.127, S.128, S.129",,0,,,,,S,"Euro short-term rate, Total volume","Euro short-term rate, Total volume - Unsecured - Overnight - Borrowing - Financial corporations",,EUR,6
2020-06-26,32608,EST.B.EU000A2X2A25.TT,B,EU000A2X2A25,TT,A,F,,,,,P1D,,,,"ESA 2010 Sectors: S.121, S.122, S.123, S.124, S.125, S.126, S.127, S.128, S.129",,0,,,,,S,"Euro short-term rate, Total volume","Euro short-term rate, Total volume - Unsecured - Overnight - Borrowing - Financial corporations",,EUR,6
2020-06-29,35798,EST.B.EU000A2X2A25.TT,B,EU000A2X2A25,TT,A,F,,,,,P1D,,,,"ESA 2010 Sectors: S.121, S.122, S.123, S.124, S.125, S.126, S.127, S.128, S.129",,0,,,,,S,"Euro short-term rate, Total volume","Euro short-term rate, Total volume - Unsecured - Overnight - Borrowing - Financial corporations",,EUR,6
2020-06-30,42421,EST.B.EU000A2X2A25.TT,B,EU000A2X2A25,TT,A,F,,,,,P1D,,,,"ESA 2010 Sectors: S.121, S.122, S.123, S.124, S.125, S.126, S.127, S.128, S.129",,0,,,,,S,"Euro short-term rate, Total volume","Euro short-term rate, Total volume - Unsecured - Overnight - Borrowing - Financial corporations",,EUR,6
2020-07-01,42883,EST.B.EU000A2X2A25.TT,B,EU000A2X2A25,TT,A,F,,,,,P1D,,,,"ESA 2010 Sectors: S.121, S.122, S.123, S.124, S.125, S.126, S.127, S.128, S.129",,0,,,,,S,"Euro short-term rate, Total volume","Euro short-term rate, Total volume - Unsecured - Overnight - Borrowing - Financial corporations",,EUR,6
2020-07-02,43047,EST.B.EU000A2X2A25.TT,B,EU000A2X2A25,TT,A,F,,,,,P1D,,,,"ESA 2010 Sectors: S.121, S.122, S.123, S.124, S.125, S.126, S.127, S.128, S.129",,0,,,,,S,"Euro short-term rate, Total volume","Euro short-term rate, Total volume - Unsecured - Overnight - Borrowing - Financial corporations",,EUR,6
2020-07-03,36435,EST.B.EU000A2X2A25.TT,B,EU000A2X2A25,TT,A,F,,,,,P1D,,,,"ESA 2010 Sectors: S.121, S.122, S.123, S.124, S.125, S.126, S.127, S.128, S.129",,0,,,,,S,"Euro short-term rate, Total volume","Euro short-term rate, Total volume - Unsecured - Overnight - Borrowing - Financial corporations",,EUR,6
2020-07-06,42383,EST.B.EU000A2X2A25.TT,B,EU000A2X2A25,TT,A,F,,,,,P1D,,,,"ESA 2010 Sectors: S.121, S.122, S.123, S.124, S.125, S.126, S.127, S.128, S.129",,0,,,,,S,"Euro short-term rate, Total volume","Euro short-term rate, Total volume - Unsecured - Overnight - Borrowing - Financial corporations",,EUR,6
2020-07-07,42574,EST.B.EU000A2X2A25.TT,B,EU000A2X2A25,TT,A,F,,,,,P1D,,,,"ESA 2010 Sectors: S.121, S.122, S.123, S.124, S.125, S.126, S.127, S.128, S.129",,0,,,,,S,"Euro short-term rate, Total volume","Euro short-term rate, Total volume - Unsecured - Overnight - Borrowing - Financial corporations",,EUR,6
2020-07-08,40892,EST.B.EU000A2X2A25.TT,B,EU000A2X2A25,TT,A,F,,,,,P1D,,,,"ESA 2010 Sectors: S.121, S.122, S.123, S.124, S.125, S.126, S.127, S.128, S.129",,0,,,,,S,"Euro short-term rate, Total volume","Euro short-term rate, Total volume - Unsecured - Overnight - Borrowing - Financial corporations",,EUR,6
2020-07-09,40828,EST.B.EU000A2X2A25.TT,B,EU000A2X2A25,TT,A,F,,,,,P1D,,,,"ESA 2010 Sectors: S.121, S.122, S.123, S.124, S.125, S.126, S.127, S.128, S.129",,0,,,,,S,"Euro short-term rate, Total volume","Euro short-term rate, Total volume - Unsecured - Overnight - Borrowing - Financial corporations",,EUR,6
2020-07-10,43774,EST.B.EU000A2X2A25.TT,B,EU000A2X2A25,TT,A,F,,,,,P1D,,,,"ESA 2010 Sectors: S.121, S.122, S.123, S.124, S.125, S.126, S.127, S.128, S.129",,0,,,,,S,"Euro short-term rate, Total volume","Euro short-term rate, Total volume - Unsecured - Overnight - Borrowing - Financial corporations",,EUR,6
2020-07-13,44937,EST.B.EU000A2X2A25.TT,B,EU000A2X2A25,TT,A,F,,,,,P1D,,,,"ESA 2010 Sectors: S.121, S.122, S.123, S.124, S.125, S.126, S.127, S.128, S.129",,0,,,,,S,"Euro short-term rate, Total volume","Euro short-term rate, Total volume - Unsecured - Overnight - Borrowing - Financial corporations",,EUR,6
2020-07-14,41079,EST.B.EU000A2X2A25.TT,B,EU000A2X2A25,TT,A,F,,,,,P1D,,,,"ESA 2010 Sectors: S.121, S.122, S.123, S.124, S.125, S.126, S.127, S.128, S.129",,0,,,,,S,"Euro short-term rate, Total volume","Euro short-term rate, Total volume - Unsecured - Overnight - Borrowing - Financial corporations",,EUR,6
2020-07-15,45658,EST.B.EU000A2X2A25.TT,B,EU000A2X2A25,TT,A,F,,,,,P1D,,,,"ESA 2010 Sectors: S.121, S.122, S.123, S.124, S.125, S.126, S.127, S.128, S.129",,0,,,,,S,"Euro short-term rate, Total volume","Euro short-term rate, Total volume - Unsecured - Overnight - Borrowing - Financial corporations",,EUR,6
2020-07-16,52279,EST.B.EU000A2X2A25.TT,B,EU000A2X2A25,TT,A,F,,,,,P1D,,,,"ESA 2010 Sectors: S.121, S.122, S.123, S.124, S.125, S.126, S.127, S.128, S.129",,0,,,,,S,"Euro short-term rate, Total volume","Euro short-term rate, Total volume - Unsecured - Overnight - Borrowing - Financial corporations",,EUR,6
2020-07-17,45118,EST.B.EU000A2X2A25.TT,B,EU000A2X2A25,TT,A,F,,,,,P1D,,,,"ESA 2010 Sectors: S.121, S.122, S.123, S.124, S.125, S.126, S.127, S.128, S.129",,0,,,,,S,"Euro short-term rate, Total volume","Euro short-term rate, Total volume - Unsecured - Overnight - Borrowing - Financial corporations",,EUR,6
2020-07-20,44329,EST.B.EU000A2X2A25.TT,B,EU000A2X2A25,TT,A,F,,,,,P1D,,,,"ESA 2010 Sectors: S.121, S.122, S.123, S.124, S.125, S.126, S.127, S.128, S.129",,0,,,,,S,"Euro short-term rate, Total volume","Euro short-term rate, Total volume - Unsecured - Overnight - Borrowing - Financial corporations",,EUR,6
2020-07-21,51379,EST.B.EU000A2X2A25.TT,B,EU000A2X2A25,TT,A,F,,,,,P1D,,,,"ESA 2010 Sectors: S.121, S.122, S.123, S.124, S.125, S.126, S.127, S.128, S.129",,0,,,,,S,"Euro short-term rate, Total volume","Euro short-term rate, Total volume - Unsecured - Overnight - Borrowing - Financial corporations",,EUR,6
2020-07-22,45215,EST.B.EU000A2X2A25.TT,B,EU000A2X2A25,TT,A,F,,,,,P1D,,,,"ESA 2010 Sectors: S.121, S.122, S.123, S.124, S.125, S.126, S.127, S.128, S.129",,0,,,,,S,"Euro short-term rate, Total volume","Euro short-term rate, Total volume - Unsecured - Overnight - Borrowing - Financial corporations",,EUR,6
2020-07-23,44557,EST.B.EU000A2X2A25.TT,B,EU000A2X2A25,TT,A,F,,,,,P1D,,,,"ESA 2010 Sectors: S.121, S.122, S.123, S.124, S.125, S.126, S.127, S.128, S.129",,0,,,,,S,"Euro short-term rate, Total volume","Euro short-term rate, Total volume - Unsecured - Overnight - Borrowing - Financial corporations",,EUR,6
2020-07-24,45542,EST.B.EU000A2X2A25.TT,B,EU000A2X2A25,TT,A,F,,,,,P1D,,,,"ESA 2010 Sectors: S.121, S.122, S.123, S.124, S.125, S.126, S.127, S.128, S.129",,0,,,,,S,"Euro short-term rate, Total volume","Euro short-term rate, Total volume - Unsecured - Overnight - Borrowing - Financial corporations",,EUR,6
2020-07-27,44712,EST.B.EU000A2X2A25.TT,B,EU000A2X2A25,TT,A,F,,,,,P1D,,,,"ESA 2010 Sectors: S.121, S.122, S.123, S.124, S.125, S.126, S.127, S.128, S.129",,0,,,,,S,"Euro short-term rate, Total volume","Euro short-term rate, Total volume - Unsecured - Overnight - Borrowing - Financial corporations",,EUR,6
2020-07-28,45801,EST.B.EU000A2X2A25.TT,B,EU000A2X2A25,TT,A,F,,,,,P1D,,,,"ESA 2010 Sectors: S.121, S.122, S.123, S.124, S.125, S.126, S.127, S.128, S.129",,0,,,,,S,"Euro short-term rate, Total volume","Euro short-term rate, Total volume - Unsecured - Overnight - Borrowing - Financial corporations",,EUR,6
2020-07-29,48777,EST.B.EU000A2X2A25.TT,B,EU000A2X2A25,TT,A,F,,,,,P1D,,,,"ESA 2010 Sectors: S.121, S.122, S.123, S.124, S.125, S.126, S.127, S.128, S.129",,0,,,,,S,"Euro short-term rate, Total volume","Euro short-term rate, Total volume - Unsecured - Overnight - Borrowing - Financial corporations",,EUR,6
2020-07-30,43398,EST.B.EU000A2X2A25.TT,B,EU000A2X2A25,TT,A,F,,,,,P1D,,,,"ESA 2010 Sectors: S.121, S.122, S.123, S.124, S.125, S.126, S.127, S.128, S.129",,0,,,,,S,"Euro short-term rate, Total volume","Euro short-term rate, Total volume - Unsecured - Overnight - Borrowing - Financial corporations",,EUR,6
2020-07-31,37164,EST.B.EU000A2X2A25.TT,B,EU000A2X2A25,TT,A,F,,,,,P1D,,,,"ESA 2010 Sectors: S.121, S.122, S.123, S.124, S.125, S.126, S.127, S.128, S.129",,0,,,,,S,"Euro short-term rate, Total volume","Euro short-term rate, Total volume - Unsecured - Overnight - Borrowing - Financial corporations",,EUR,6
2020-08-03,43859,EST.B.EU000A2X2A25.TT,B,EU000A2X2A25,TT,A,F,,,,,P1D,,,,"ESA 2010 Sectors: S.121, S.122, S.123, S.124, S.125, S.126, S.127, S.128, S.129",,0,,,,,S,"Euro short-term rate, Total volume","Euro short-term rate, Total volume - Unsecured - Overnight - Borrowing - Financial corporations",,EUR,6
2020-08-04,44663,EST.B.EU000A2X2A25.TT,B,EU000A2X2A25,TT,A,F,,,,,P1D,,,,"ESA 2010 Sectors: S.121, S.122, S.123, S.124, S.125, S.126, S.127, S.128, S.129",,0,,,,,S,"Euro short-term rate, Total volume","Euro short-term rate, Total volume - Unsecured - Overnight - Borrowing - Financial corporations",,EUR,6
2020-08-05,46956,EST.B.EU000A2X2A25.TT,B,EU000A2X2A25,TT,A,F,,,,,P1D,,,,"ESA 2010 Sectors: S.121, S.122, S.123, S.124, S.125, S.126, S.127, S.128, S.129",,0,,,,,S,"Euro short-term rate, Total volume","Euro short-term rate, Total volume - Unsecured - Overnight - Borrowing - Financial corporations",,EUR,6
2020-08-06,47869,EST.B.EU000A2X2A25.TT,B,EU000A2X2A25,TT,A,F,,,,,P1D,,,,"ESA 2010 Sectors: S.121, S.122, S.123, S.124, S.125, S.126, S.127, S.128, S.129",,0,,,,,S,"Euro short-term rate, Total volume","Euro short-term rate, Total volume - Unsecured - Overnight - Borrowing - Financial corporations",,EUR,6
2020-08-07,47336,EST.B.EU000A2X2A25.TT,B,EU000A2X2A25,TT,A,F,,,,,P1D,,,,"ESA 2010 Sectors: S.121, S.122, S.123, S.124, S.125, S.126, S.127, S.128, S.129",,0,,,,,S,"Euro short-term rate, Total volume","Euro short-term rate, Total volume - Unsecured - Overnight - Borrowing - Financial corporations",,EUR,6
2020-08-10,13472,EST.B.EU000A2X2A25.TT,B,EU000A2X2A25,TT,A,F,,,,,P1D,,,,"ESA 2010 Sectors: S.121, S.122, S.123, S.124, S.125, S.126, S.127, S.128, S.129",,0,,,,,S,"Euro short-term rate, Total volume","Euro short-term rate, Total volume - Unsecured - Overnight - Borrowing - Financial corporations",,EUR,6
2020-08-11,43477,EST.B.EU000A2X2A25.TT,B,EU000A2X2A25,TT,A,F,,,,,P1D,,,,"ESA 2010 Sectors: S.121, S.122, S.123, S.124, S.125, S.126, S.127, S.128, S.129",,0,,,,,S,"Euro short-term rate, Total volume","Euro short-term rate, Total volume - Unsecured - Overnight - Borrowing - Financial corporations",,EUR,6
2020-08-12,41791,EST.B.EU000A2X2A25.TT,B,EU000A2X2A25,TT,A,F,,,,,P1D,,,,"ESA 2010 Sectors: S.121, S.122, S.123, S.124, S.125, S.126, S.127, S.128, S.129",,0,,,,,S,"Euro short-term rate, Total volume","Euro short-term rate, Total volume - Unsecured - Overnight - Borrowing - Financial corporations",,EUR,6
2020-08-13,41257,EST.B.EU000A2X2A25.TT,B,EU000A2X2A25,TT,A,F,,,,,P1D,,,,"ESA 2010 Sectors: S.121, S.122, S.123, S.124, S.125, S.126, S.127, S.128, S.129",,0,,,,,S,"Euro short-term rate, Total volume","Euro short-term rate, Total volume - Unsecured - Overnight - Borrowing - Financial corporations",,EUR,6
2020-08-14,28873,EST.B.EU000A2X2A25.TT,B,EU000A2X2A25,TT,A,F,,,,,P1D,,,,"ESA 2010 Sectors: S.121, S.122, S.123, S.124, S.125, S.126, S.127, S.128, S.129",,0,,,,,S,"Euro short-term rate, Total volume","Euro short-term rate, Total volume - Unsecured - Overnight - Borrowing - Financial corporations",,EUR,6
2020-08-17,41656,EST.B.EU000A2X2A25.TT,B,EU000A2X2A25,TT,A,F,,,,,P1D,,,,"ESA 2010 Sectors: S.121, S.122, S.123, S.124, S.125, S.126, S.127, S.128, S.129",,0,,,,,S,"Euro short-term rate, Total volume","Euro short-term rate, Total volume - Unsecured - Overnight - Borrowing - Financial corporations",,EUR,6
2020-08-18,41888,EST.B.EU000A2X2A25.TT,B,EU000A2X2A25,TT,A,F,,,,,P1D,,,,"ESA 2010 Sectors: S.121, S.122, S.123, S.124, S.125, S.126, S.127, S.128, S.129",,0,,,,,S,"Euro short-term rate, Total volume","Euro short-term rate, Total volume - Unsecured - Overnight - Borrowing - Financial corporations",,EUR,6
2020-08-19,41807,EST.B.EU000A2X2A25.TT,B,EU000A2X2A25,TT,A,F,,,,,P1D,,,,"ESA 2010 Sectors: S.121, S.122, S.123, S.124, S.125, S.126, S.127, S.128, S.129",,0,,,,,S,"Euro short-term rate, Total volume","Euro short-term rate, Total volume - Unsecured - Overnight - Borrowing - Financial corporations",,EUR,6
2020-08-20,42247,EST.B.EU000A2X2A25.TT,B,EU000A2X2A25,TT,A,F,,,,,P1D,,,,"ESA 2010 Sectors: S.121, S.122, S.123, S.124, S.125, S.126, S.127, S.128, S.129",,0,,,,,S,"Euro short-term rate, Total volume","Euro short-term rate, Total volume - Unsecured - Overnight - Borrowing - Financial corporations",,EUR,6
2020-08-21,42886,EST.B.EU000A2X2A25.TT,B,EU000A2X2A25,TT,A,F,,,,,P1D,,,,"ESA 2010 Sectors: S.121, S.122, S.123, S.124, S.125, S.126, S.127, S.128, S.129",,0,,,,,S,"Euro short-term rate, Total volume","Euro short-term rate, Total volume - Unsecured - Overnight - Borrowing - Financial corporations",,EUR,6
2020-08-24,43318,EST.B.EU000A2X2A25.TT,B,EU000A2X2A25,TT,A,F,,,,,P1D,,,,"ESA 2010 Sectors: S.121, S.122, S.123, S.124, S.125, S.126, S.127, S.128, S.129",,0,,,,,S,"Euro short-term rate, Total volume","Euro short-term rate, Total volume - Unsecured - Overnight - Borrowing - Financial corporations",,EUR,6
2020-08-25,43339,EST.B.EU000A2X2A25.TT,B,EU000A2X2A25,TT,A,F,,,,,P1D,,,,"ESA 2010 Sectors: S.121, S.122, S.123, S.124, S.125, S.126, S.127, S.128, S.129",,0,,,,,S,"Euro short-term rate, Total volume","Euro short-term rate, Total volume - Unsecured - Overnight - Borrowing - Financial corporations",,EUR,6
2020-08-26,40407,EST.B.EU000A2X2A25.TT,B,EU000A2X2A25,TT,A,F,,,,,P1D,,,,"ESA 2010 Sectors: S.121, S.122, S.123, S.124, S.125, S.126, S.127, S.128, S.129",,0,,,,,S,"Euro short-term rate, Total volume","Euro short-term rate, Total volume - Unsecured - Overnight - Borrowing - Financial corporations",,EUR,6
2020-08-27,39089,EST.B.EU000A2X2A25.TT,B,EU000A2X2A25,TT,A,F,,,,,P1D,,,,"ESA 2010 Sectors: S.121, S.122, S.123, S.124, S.125, S.126, S.127, S.128, S.129",,0,,,,,S,"Euro short-term rate, Total volume","Euro short-term rate, Total volume - Unsecured - Overnight - Borrowing - Financial corporations",,EUR,6
2020-08-28,33504,EST.B.EU000A2X2A25.TT,B,EU000A2X2A25,TT,A,F,,,,,P1D,,,,"ESA 2010 Sectors: S.121, S.122, S.123, S.124, S.125, S.126, S.127, S.128, S.129",,0,,,,,S,"Euro short-term rate, Total volume","Euro short-term rate, Total volume - Unsecured - Overnight - Borrowing - Financial corporations",,EUR,6
2020-08-31,32370,EST.B.EU000A2X2A25.TT,B,EU000A2X2A25,TT,A,F,,,,,P1D,,,,"ESA 2010 Sectors: S.121, S.122, S.123, S.124, S.125, S.126, S.127, S.128, S.129",,0,,,,,S,"Euro short-term rate, Total volume","Euro short-term rate, Total volume - Unsecured - Overnight - Borrowing - Financial corporations",,EUR,6
2020-09-01,40236,EST.B.EU000A2X2A25.TT,B,EU000A2X2A25,TT,A,F,,,,,P1D,,,,"ESA 2010 Sectors: S.121, S.122, S.123, S.124, S.125, S.126, S.127, S.128, S.129",,0,,,,,S,"Euro short-term rate, Total volume","Euro short-term rate, Total volume - Unsecured - Overnight - Borrowing - Financial corporations",,EUR,6
2020-09-02,40105,EST.B.EU000A2X2A25.TT,B,EU000A2X2A25,TT,A,F,,,,,P1D,,,,"ESA 2010 Sectors: S.121, S.122, S.123, S.124, S.125, S.126, S.127, S.128, S.129",,0,,,,,S,"Euro short-term rate, Total volume","Euro short-term rate, Total volume - Unsecured - Overnight - Borrowing - Financial corporations",,EUR,6
2020-09-03,32988,EST.B.EU000A2X2A25.TT,B,EU000A2X2A25,TT,A,F,,,,,P1D,,,,"ESA 2010 Sectors: S.121, S.122, S.123, S.124, S.125, S.126, S.127, S.128, S.129",,0,,,,,S,"Euro short-term rate, Total volume","Euro short-term rate, Total volume - Unsecured - Overnight - Borrowing - Financial corporations",,EUR,6
2020-09-04,39544,EST.B.EU000A2X2A25.TT,B,EU000A2X2A25,TT,A,F,,,,,P1D,,,,"ESA 2010 Sectors: S.121, S.122, S.123, S.124, S.125, S.126, S.127, S.128, S.129",,0,,,,,S,"Euro short-term rate, Total volume","Euro short-term rate, Total volume - Unsecured - Overnight - Borrowing - Financial corporations",,EUR,6
2020-09-07,42578,EST.B.EU000A2X2A25.TT,B,EU000A2X2A25,TT,A,F,,,,,P1D,,,,"ESA 2010 Sectors: S.121, S.122, S.123, S.124, S.125, S.126, S.127, S.128, S.129",,0,,,,,S,"Euro short-term rate, Total volume","Euro short-term rate, Total volume - Unsecured - Overnight - Borrowing - Financial corporations",,EUR,6
2020-09-08,42008,EST.B.EU000A2X2A25.TT,B,EU000A2X2A25,TT,A,F,,,,,P1D,,,,"ESA 2010 Sectors: S.121, S.122, S.123, S.124, S.125, S.126, S.127, S.128, S.129",,0,,,,,S,"Euro short-term rate, Total volume","Euro short-term rate, Total volume - Unsecured - Overnight - Borrowing - Financial corporations",,EUR,6
2020-09-09,41833,EST.B.EU000A2X2A25.TT,B,EU000A2X2A25,TT,A,F,,,,,P1D,,,,"ESA 2010 Sectors: S.121, S.122, S.123, S.124, S.125, S.126, S.127, S.128, S.129",,0,,,,,S,"Euro short-term rate, Total volume","Euro short-term rate, Total volume - Unsecured - Overnight - Borrowing - Financial corporations",,EUR,6
2020-09-10,42113,EST.B.EU000A2X2A25.TT,B,EU000A2X2A25,TT,A,F,,,,,P1D,,,,"ESA 2010 Sectors: S.121, S.122, S.123, S.124, S.125, S.126, S.127, S.128, S.129",,0,,,,,S,"Euro short-term rate, Total volume","Euro short-term rate, Total volume - Unsecured - Overnight - Borrowing - Financial corporations",,EUR,6
2020-09-11,41575,EST.B.EU000A2X2A25.TT,B,EU000A2X2A25,TT,A,F,,,,,P1D,,,,"ESA 2010 Sectors: S.121, S.122, S.123, S.124, S.125, S.126, S.127, S.128, S.129",,0,,,,,S,"Euro short-term rate, Total volume","Euro short-term rate, Total volume - Unsecured - Overnight - Borrowing - Financial corporations",,EUR,6
2020-09-14,45493,EST.B.EU000A2X2A25.TT,B,EU000A2X2A25,TT,A,F,,,,,P1D,,,,"ESA 2010 Sectors: S.121, S.122, S.123, S.124, S.125, S.126, S.127, S.128, S.129",,0,,,,,S,"Euro short-term rate, Total volume","Euro short-term rate, Total volume - Unsecured - Overnight - Borrowing - Financial corporations",,EUR,6
2020-09-15,49639,EST.B.EU000A2X2A25.TT,B,EU000A2X2A25,TT,A,F,,,,,P1D,,,,"ESA 2010 Sectors: S.121, S.122, S.123, S.124, S.125, S.126, S.127, S.128, S.129",,0,,,,,S,"Euro short-term rate, Total volume","Euro short-term rate, Total volume - Unsecured - Overnight - Borrowing - Financial corporations",,EUR,6
2020-09-16,44937,EST.B.EU000A2X2A25.TT,B,EU000A2X2A25,TT,A,F,,,,,P1D,,,,"ESA 2010 Sectors: S.121, S.122, S.123, S.124, S.125, S.126, S.127, S.128, S.129",,0,,,,,S,"Euro short-term rate, Total volume","Euro short-term rate, Total volume - Unsecured - Overnight - Borrowing - Financial corporations",,EUR,6
2020-09-17,43702,EST.B.EU000A2X2A25.TT,B,EU000A2X2A25,TT,A,F,,,,,P1D,,,,"ESA 2010 Sectors: S.121, S.122, S.123, S.124, S.125, S.126, S.127, S.128, S.129",,0,,,,,S,"Euro short-term rate, Total volume","Euro short-term rate, Total volume - Unsecured - Overnight - Borrowing - Financial corporations",,EUR,6
2020-09-18,42867,EST.B.EU000A2X2A25.TT,B,EU000A2X2A25,TT,A,F,,,,,P1D,,,,"ESA 2010 Sectors: S.121, S.122, S.123, S.124, S.125, S.126, S.127, S.128, S.129",,0,,,,,S,"Euro short-term rate, Total volume","Euro short-term rate, Total volume - Unsecured - Overnight - Borrowing - Financial corporations",,EUR,6
2020-09-21,40540,EST.B.EU000A2X2A25.TT,B,EU000A2X2A25,TT,A,F,,,,,P1D,,,,"ESA 2010 Sectors: S.121, S.122, S.123, S.124, S.125, S.126, S.127, S.128, S.129",,0,,,,,S,"Euro short-term rate, Total volume","Euro short-term rate, Total volume - Unsecured - Overnight - Borrowing - Financial corporations",,EUR,6
2020-09-22,40678,EST.B.EU000A2X2A25.TT,B,EU000A2X2A25,TT,A,F,,,,,P1D,,,,"ESA 2010 Sectors: S.121, S.122, S.123, S.124, S.125, S.126, S.127, S.128, S.129",,0,,,,,S,"Euro short-term rate, Total volume","Euro short-term rate, Total volume - Unsecured - Overnight - Borrowing - Financial corporations",,EUR,6
2020-09-23,40080,EST.B.EU000A2X2A25.TT,B,EU000A2X2A25,TT,A,F,,,,,P1D,,,,"ESA 2010 Sectors: S.121, S.122, S.123, S.124, S.125, S.126, S.127, S.128, S.129",,0,,,,,S,"Euro short-term rate, Total volume","Euro short-term rate, Total volume - Unsecured - Overnight - Borrowing - Financial corporations",,EUR,6
2020-09-24,38570,EST.B.EU000A2X2A25.TT,B,EU000A2X2A25,TT,A,F,,,,,P1D,,,,"ESA 2010 Sectors: S.121, S.122, S.123, S.124, S.125, S.126, S.127, S.128, S.129",,0,,,,,S,"Euro short-term rate, Total volume","Euro short-term rate, Total volume - Unsecured - Overnight - Borrowing - Financial corporations",,EUR,6
2020-09-25,35290,EST.B.EU000A2X2A25.TT,B,EU000A2X2A25,TT,A,F,,,,,P1D,,,,"ESA 2010 Sectors: S.121, S.122, S.123, S.124, S.125, S.126, S.127, S.128, S.129",,0,,,,,S,"Euro short-term rate, Total volume","Euro short-term rate, Total volume - Unsecured - Overnight - Borrowing - Financial corporations",,EUR,6
2020-09-28,39761,EST.B.EU000A2X2A25.TT,B,EU000A2X2A25,TT,A,F,,,,,P1D,,,,"ESA 2010 Sectors: S.121, S.122, S.123, S.124, S.125, S.126, S.127, S.128, S.129",,0,,,,,S,"Euro short-term rate, Total volume","Euro short-term rate, Total volume - Unsecured - Overnight - Borrowing - Financial corporations",,EUR,6
2020-09-29,40004,EST.B.EU000A2X2A25.TT,B,EU000A2X2A25,TT,A,F,,,,,P1D,,,,"ESA 2010 Sectors: S.121, S.122, S.123, S.124, S.125, S.126, S.127, S.128, S.129",,0,,,,,S,"Euro short-term rate, Total volume","Euro short-term rate, Total volume - Unsecured - Overnight - Borrowing - Financial corporations",,EUR,6
2020-09-30,42802,EST.B.EU000A2X2A25.TT,B,EU000A2X2A25,TT,A,F,,,,,P1D,,,,"ESA 2010 Sectors: S.121, S.122, S.123, S.124, S.125, S.126, S.127, S.128, S.129",,0,,,,,S,"Euro short-term rate, Total volume","Euro short-term rate, Total volume - Unsecured - Overnight - Borrowing - Financial corporations",,EUR,6
2020-10-01,38795,EST.B.EU000A2X2A25.TT,B,EU000A2X2A25,TT,A,F,,,,,P1D,,,,"ESA 2010 Sectors: S.121, S.122, S.123, S.124, S.125, S.126, S.127, S.128, S.129",,0,,,,,S,"Euro short-term rate, Total volume","Euro short-term rate, Total volume - Unsecured - Overnight - Borrowing - Financial corporations",,EUR,6
2020-10-02,44717,EST.B.EU000A2X2A25.TT,B,EU000A2X2A25,TT,A,F,,,,,P1D,,,,"ESA 2010 Sectors: S.121, S.122, S.123, S.124, S.125, S.126, S.127, S.128, S.129",,0,,,,,S,"Euro short-term rate, Total volume","Euro short-term rate, Total volume - Unsecured - Overnight - Borrowing - Financial corporations",,EUR,6
2020-10-05,45491,EST.B.EU000A2X2A25.TT,B,EU000A2X2A25,TT,A,F,,,,,P1D,,,,"ESA 2010 Sectors: S.121, S.122, S.123, S.124, S.125, S.126, S.127, S.128, S.129",,0,,,,,S,"Euro short-term rate, Total volume","Euro short-term rate, Total volume - Unsecured - Overnight - Borrowing - Financial corporations",,EUR,6
2020-10-06,46880,EST.B.EU000A2X2A25.TT,B,EU000A2X2A25,TT,A,F,,,,,P1D,,,,"ESA 2010 Sectors: S.121, S.122, S.123, S.124, S.125, S.126, S.127, S.128, S.129",,0,,,,,S,"Euro short-term rate, Total volume","Euro short-term rate, Total volume - Unsecured - Overnight - Borrowing - Financial corporations",,EUR,6
2020-10-07,45038,EST.B.EU000A2X2A25.TT,B,EU000A2X2A25,TT,A,F,,,,,P1D,,,,"ESA 2010 Sectors: S.121, S.122, S.123, S.124, S.125, S.126, S.127, S.128, S.129",,0,,,,,S,"Euro short-term rate, Total volume","Euro short-term rate, Total volume - Unsecured - Overnight - Borrowing - Financial corporations",,EUR,6
2020-10-08,43611,EST.B.EU000A2X2A25.TT,B,EU000A2X2A25,TT,A,F,,,,,P1D,,,,"ESA 2010 Sectors: S.121, S.122, S.123, S.124, S.125, S.126, S.127, S.128, S.129",,0,,,,,S,"Euro short-term rate, Total volume","Euro short-term rate, Total volume - Unsecured - Overnight - Borrowing - Financial corporations",,EUR,6
2020-10-09,46832,EST.B.EU000A2X2A25.TT,B,EU000A2X2A25,TT,A,F,,,,,P1D,,,,"ESA 2010 Sectors: S.121, S.122, S.123, S.124, S.125, S.126, S.127, S.128, S.129",,0,,,,,S,"Euro short-term rate, Total volume","Euro short-term rate, Total volume - Unsecured - Overnight - Borrowing - Financial corporations",,EUR,6
2020-10-12,49495,EST.B.EU000A2X2A25.TT,B,EU000A2X2A25,TT,A,F,,,,,P1D,,,,"ESA 2010 Sectors: S.121, S.122, S.123, S.124, S.125, S.126, S.127, S.128, S.129",,0,,,,,S,"Euro short-term rate, Total volume","Euro short-term rate, Total volume - Unsecured - Overnight - Borrowing - Financial corporations",,EUR,6
2020-10-13,48630,EST.B.EU000A2X2A25.TT,B,EU000A2X2A25,TT,A,F,,,,,P1D,,,,"ESA 2010 Sectors: S.121, S.122, S.123, S.124, S.125, S.126, S.127, S.128, S.129",,0,,,,,S,"Euro short-term rate, Total volume","Euro short-term rate, Total volume - Unsecured - Overnight - Borrowing - Financial corporations",,EUR,6
2020-10-14,49436,EST.B.EU000A2X2A25.TT,B,EU000A2X2A25,TT,A,F,,,,,P1D,,,,"ESA 2010 Sectors: S.121, S.122, S.123, S.124, S.125, S.126, S.127, S.128, S.129",,0,,,,,S,"Euro short-term rate, Total volume","Euro short-term rate, Total volume - Unsecured - Overnight - Borrowing - Financial corporations",,EUR,6
2020-10-15,48277,EST.B.EU000A2X2A25.TT,B,EU000A2X2A25,TT,A,F,,,,,P1D,,,,"ESA 2010 Sectors: S.121, S.122, S.123, S.124, S.125, S.126, S.127, S.128, S.129",,0,,,,,S,"Euro short-term rate, Total volume","Euro short-term rate, Total volume - Unsecured - Overnight - Borrowing - Financial corporations",,EUR,6
2020-10-16,45685,EST.B.EU000A2X2A25.TT,B,EU000A2X2A25,TT,A,F,,,,,P1D,,,,"ESA 2010 Sectors: S.121, S.122, S.123, S.124, S.125, S.126, S.127, S.128, S.129",,0,,,,,S,"Euro short-term rate, Total volume","Euro short-term rate, Total volume - Unsecured - Overnight - Borrowing - Financial corporations",,EUR,6
2020-10-19,46321,EST.B.EU000A2X2A25.TT,B,EU000A2X2A25,TT,A,F,,,,,P1D,,,,"ESA 2010 Sectors: S.121, S.122, S.123, S.124, S.125, S.126, S.127, S.128, S.129",,0,,,,,S,"Euro short-term rate, Total volume","Euro short-term rate, Total volume - Unsecured - Overnight - Borrowing - Financial corporations",,EUR,6
2020-10-20,46346,EST.B.EU000A2X2A25.TT,B,EU000A2X2A25,TT,A,F,,,,,P1D,,,,"ESA 2010 Sectors: S.121, S.122, S.123, S.124, S.125, S.126, S.127, S.128, S.129",,0,,,,,S,"Euro short-term rate, Total volume","Euro short-term rate, Total volume - Unsecured - Overnight - Borrowing - Financial corporations",,EUR,6
2020-10-21,44468,EST.B.EU000A2X2A25.TT,B,EU000A2X2A25,TT,A,F,,,,,P1D,,,,"ESA 2010 Sectors: S.121, S.122, S.123, S.124, S.125, S.126, S.127, S.128, S.129",,0,,,,,S,"Euro short-term rate, Total volume","Euro short-term rate, Total volume - Unsecured - Overnight - Borrowing - Financial corporations",,EUR,6
2020-10-22,43986,EST.B.EU000A2X2A25.TT,B,EU000A2X2A25,TT,A,F,,,,,P1D,,,,"ESA 2010 Sectors: S.121, S.122, S.123, S.124, S.125, S.126, S.127, S.128, S.129",,0,,,,,S,"Euro short-term rate, Total volume","Euro short-term rate, Total volume - Unsecured - Overnight - Borrowing - Financial corporations",,EUR,6
2020-10-23,42148,EST.B.EU000A2X2A25.TT,B,EU000A2X2A25,TT,A,F,,,,,P1D,,,,"ESA 2010 Sectors: S.121, S.122, S.123, S.124, S.125, S.126, S.127, S.128, S.129",,0,,,,,S,"Euro short-term rate, Total volume","Euro short-term rate, Total volume - Unsecured - Overnight - Borrowing - Financial corporations",,EUR,6
2020-10-26,38484,EST.B.EU000A2X2A25.TT,B,EU000A2X2A25,TT,A,F,,,,,P1D,,,,"ESA 2010 Sectors: S.121, S.122, S.123, S.124, S.125, S.126, S.127, S.128, S.129",,0,,,,,S,"Euro short-term rate, Total volume","Euro short-term rate, Total volume - Unsecured - Overnight - Borrowing - Financial corporations",,EUR,6
2020-10-27,46546,EST.B.EU000A2X2A25.TT,B,EU000A2X2A25,TT,A,F,,,,,P1D,,,,"ESA 2010 Sectors: S.121, S.122, S.123, S.124, S.125, S.126, S.127, S.128, S.129",,0,,,,,S,"Euro short-term rate, Total volume","Euro short-term rate, Total volume - Unsecured - Overnight - Borrowing - Financial corporations",,EUR,6
2020-10-28,45957,EST.B.EU000A2X2A25.TT,B,EU000A2X2A25,TT,A,F,,,,,P1D,,,,"ESA 2010 Sectors: S.121, S.122, S.123, S.124, S.125, S.126, S.127, S.128, S.129",,0,,,,,S,"Euro short-term rate, Total volume","Euro short-term rate, Total volume - Unsecured - Overnight - Borrowing - Financial corporations",,EUR,6
2020-10-29,44572,EST.B.EU000A2X2A25.TT,B,EU000A2X2A25,TT,A,F,,,,,P1D,,,,"ESA 2010 Sectors: S.121, S.122, S.123, S.124, S.125, S.126, S.127, S.128, S.129",,0,,,,,S,"Euro short-term rate, Total volume","Euro short-term rate, Total volume - Unsecured - Overnight - Borrowing - Financial corporations",,EUR,6
2020-10-30,38692,EST.B.EU000A2X2A25.TT,B,EU000A2X2A25,TT,A,F,,,,,P1D,,,,"ESA 2010 Sectors: S.121, S.122, S.123, S.124, S.125, S.126, S.127, S.128, S.129",,0,,,,,S,"Euro short-term rate, Total volume","Euro short-term rate, Total volume - Unsecured - Overnight - Borrowing - Financial corporations",,EUR,6
2020-11-02,50126,EST.B.EU000A2X2A25.TT,B,EU000A2X2A25,TT,A,F,,,,,P1D,,,,"ESA 2010 Sectors: S.121, S.122, S.123, S.124, S.125, S.126, S.127, S.128, S.129",,0,,,,,S,"Euro short-term rate, Total volume","Euro short-term rate, Total volume - Unsecured - Overnight - Borrowing - Financial corporations",,EUR,6
2020-11-03,51485,EST.B.EU000A2X2A25.TT,B,EU000A2X2A25,TT,A,F,,,,,P1D,,,,"ESA 2010 Sectors: S.121, S.122, S.123, S.124, S.125, S.126, S.127, S.128, S.129",,0,,,,,S,"Euro short-term rate, Total volume","Euro short-term rate, Total volume - Unsecured - Overnight - Borrowing - Financial corporations",,EUR,6
2020-11-04,48085,EST.B.EU000A2X2A25.TT,B,EU000A2X2A25,TT,A,F,,,,,P1D,,,,"ESA 2010 Sectors: S.121, S.122, S.123, S.124, S.125, S.126, S.127, S.128, S.129",,0,,,,,S,"Euro short-term rate, Total volume","Euro short-term rate, Total volume - Unsecured - Overnight - Borrowing - Financial corporations",,EUR,6
2020-11-05,45919,EST.B.EU000A2X2A25.TT,B,EU000A2X2A25,TT,A,F,,,,,P1D,,,,"ESA 2010 Sectors: S.121, S.122, S.123, S.124, S.125, S.126, S.127, S.128, S.129",,0,,,,,S,"Euro short-term rate, Total volume","Euro short-term rate, Total volume - Unsecured - Overnight - Borrowing - Financial corporations",,EUR,6
2020-11-06,45667,EST.B.EU000A2X2A25.TT,B,EU000A2X2A25,TT,A,F,,,,,P1D,,,,"ESA 2010 Sectors: S.121, S.122, S.123, S.124, S.125, S.126, S.127, S.128, S.129",,0,,,,,S,"Euro short-term rate, Total volume","Euro short-term rate, Total volume - Unsecured - Overnight - Borrowing - Financial corporations",,EUR,6
2020-11-09,47922,EST.B.EU000A2X2A25.TT,B,EU000A2X2A25,TT,A,F,,,,,P1D,,,,"ESA 2010 Sectors: S.121, S.122, S.123, S.124, S.125, S.126, S.127, S.128, S.129",,0,,,,,S,"Euro short-term rate, Total volume","Euro short-term rate, Total volume - Unsecured - Overnight - Borrowing - Financial corporations",,EUR,6
2020-11-10,43935,EST.B.EU000A2X2A25.TT,B,EU000A2X2A25,TT,A,F,,,,,P1D,,,,"ESA 2010 Sectors: S.121, S.122, S.123, S.124, S.125, S.126, S.127, S.128, S.129",,0,,,,,S,"Euro short-term rate, Total volume","Euro short-term rate, Total volume - Unsecured - Overnight - Borrowing - Financial corporations",,EUR,6
2020-11-11,43087,EST.B.EU000A2X2A25.TT,B,EU000A2X2A25,TT,A,F,,,,,P1D,,,,"ESA 2010 Sectors: S.121, S.122, S.123, S.124, S.125, S.126, S.127, S.128, S.129",,0,,,,,S,"Euro short-term rate, Total volume","Euro short-term rate, Total volume - Unsecured - Overnight - Borrowing - Financial corporations",,EUR,6
2020-11-12,43766,EST.B.EU000A2X2A25.TT,B,EU000A2X2A25,TT,A,F,,,,,P1D,,,,"ESA 2010 Sectors: S.121, S.122, S.123, S.124, S.125, S.126, S.127, S.128, S.129",,0,,,,,S,"Euro short-term rate, Total volume","Euro short-term rate, Total volume - Unsecured - Overnight - Borrowing - Financial corporations",,EUR,6
2020-11-13,43586,EST.B.EU000A2X2A25.TT,B,EU000A2X2A25,TT,A,F,,,,,P1D,,,,"ESA 2010 Sectors: S.121, S.122, S.123, S.124, S.125, S.126, S.127, S.128, S.129",,0,,,,,S,"Euro short-term rate, Total volume","Euro short-term rate, Total volume - Unsecured - Overnight - Borrowing - Financial corporations",,EUR,6
2020-11-16,45524,EST.B.EU000A2X2A25.TT,B,EU000A2X2A25,TT,A,F,,,,,P1D,,,,"ESA 2010 Sectors: S.121, S.122, S.123, S.124, S.125, S.126, S.127, S.128, S.129",,0,,,,,S,"Euro short-term rate, Total volume","Euro short-term rate, Total volume - Unsecured - Overnight - Borrowing - Financial corporations",,EUR,6
2020-11-17,45611,EST.B.EU000A2X2A25.TT,B,EU000A2X2A25,TT,A,F,,,,,P1D,,,,"ESA 2010 Sectors: S.121, S.122, S.123, S.124, S.125, S.126, S.127, S.128, S.129",,0,,,,,S,"Euro short-term rate, Total volume","Euro short-term rate, Total volume - Unsecured - Overnight - Borrowing - Financial corporations",,EUR,6
2020-11-18,43786,EST.B.EU000A2X2A25.TT,B,EU000A2X2A25,TT,A,F,,,,,P1D,,,,"ESA 2010 Sectors: S.121, S.122, S.123, S.124, S.125, S.126, S.127, S.128, S.129",,0,,,,,S,"Euro short-term rate, Total volume","Euro short-term rate, Total volume - Unsecured - Overnight - Borrowing - Financial corporations",,EUR,6
2020-11-19,40768,EST.B.EU000A2X2A25.TT,B,EU000A2X2A25,TT,A,F,,,,,P1D,,,,"ESA 2010 Sectors: S.121, S.122, S.123, S.124, S.125, S.126, S.127, S.128, S.129",,0,,,,,S,"Euro short-term rate, Total volume","Euro short-term rate, Total volume - Unsecured - Overnight - Borrowing - Financial corporations",,EUR,6
2020-11-20,40305,EST.B.EU000A2X2A25.TT,B,EU000A2X2A25,TT,A,F,,,,,P1D,,,,"ESA 2010 Sectors: S.121, S.122, S.123, S.124, S.125, S.126, S.127, S.128, S.129",,0,,,,,S,"Euro short-term rate, Total volume","Euro short-term rate, Total volume - Unsecured - Overnight - Borrowing - Financial corporations",,EUR,6
2020-11-23,42228,EST.B.EU000A2X2A25.TT,B,EU000A2X2A25,TT,A,F,,,,,P1D,,,,"ESA 2010 Sectors: S.121, S.122, S.123, S.124, S.125, S.126, S.127, S.128, S.129",,0,,,,,S,"Euro short-term rate, Total volume","Euro short-term rate, Total volume - Unsecured - Overnight - Borrowing - Financial corporations",,EUR,6
2020-11-24,41815,EST.B.EU000A2X2A25.TT,B,EU000A2X2A25,TT,A,F,,,,,P1D,,,,"ESA 2010 Sectors: S.121, S.122, S.123, S.124, S.125, S.126, S.127, S.128, S.129",,0,,,,,S,"Euro short-term rate, Total volume","Euro short-term rate, Total volume - Unsecured - Overnight - Borrowing - Financial corporations",,EUR,6
2020-11-25,43085,EST.B.EU000A2X2A25.TT,B,EU000A2X2A25,TT,A,F,,,,,P1D,,,,"ESA 2010 Sectors: S.121, S.122, S.123, S.124, S.125, S.126, S.127, S.128, S.129",,0,,,,,S,"Euro short-term rate, Total volume","Euro short-term rate, Total volume - Unsecured - Overnight - Borrowing - Financial corporations",,EUR,6
2020-11-26,44917,EST.B.EU000A2X2A25.TT,B,EU000A2X2A25,TT,A,F,,,,,P1D,,,,"ESA 2010 Sectors: S.121, S.122, S.123, S.124, S.125, S.126, S.127, S.128, S.129",,0,,,,,S,"Euro short-term rate, Total volume","Euro short-term rate, Total volume - Unsecured - Overnight - Borrowing - Financial corporations",,EUR,6
2020-11-27,41913,EST.B.EU000A2X2A25.TT,B,EU000A2X2A25,TT,A,F,,,,,P1D,,,,"ESA 2010 Sectors: S.121, S.122, S.123, S.124, S.125, S.126, S.127, S.128, S.129",,0,,,,,S,"Euro short-term rate, Total volume","Euro short-term rate, Total volume - Unsecured - Overnight - Borrowing - Financial corporations",,EUR,6
2020-11-30,40942,EST.B.EU000A2X2A25.TT,B,EU000A2X2A25,TT,A,F,,,,,P1D,,,,"ESA 2010 Sectors: S.121, S.122, S.123, S.124, S.125, S.126, S.127, S.128, S.129",,0,,,,,S,"Euro short-term rate, Total volume","Euro short-term rate, Total volume - Unsecured - Overnight - Borrowing - Financial corporations",,EUR,6
2020-12-01,44545,EST.B.EU000A2X2A25.TT,B,EU000A2X2A25,TT,A,F,,,,,P1D,,,,"ESA 2010 Sectors: S.121, S.122, S.123, S.124, S.125, S.126, S.127, S.128, S.129",,0,,,,,S,"Euro short-term rate, Total volume","Euro short-term rate, Total volume - Unsecured - Overnight - Borrowing - Financial corporations",,EUR,6
2020-12-02,41933,EST.B.EU000A2X2A25.TT,B,EU000A2X2A25,TT,A,F,,,,,P1D,,,,"ESA 2010 Sectors: S.121, S.122, S.123, S.124, S.125, S.126, S.127, S.128, S.129",,0,,,,,S,"Euro short-term rate, Total volume","Euro short-term rate, Total volume - Unsecured - Overnight - Borrowing - Financial corporations",,EUR,6
2020-12-03,42274,EST.B.EU000A2X2A25.TT,B,EU000A2X2A25,TT,A,F,,,,,P1D,,,,"ESA 2010 Sectors: S.121, S.122, S.123, S.124, S.125, S.126, S.127, S.128, S.129",,0,,,,,S,"Euro short-term rate, Total volume","Euro short-term rate, Total volume - Unsecured - Overnight - Borrowing - Financial corporations",,EUR,6
2020-12-04,46260,EST.B.EU000A2X2A25.TT,B,EU000A2X2A25,TT,A,F,,,,,P1D,,,,"ESA 2010 Sectors: S.121, S.122, S.123, S.124, S.125, S.126, S.127, S.128, S.129",,0,,,,,S,"Euro short-term rate, Total volume","Euro short-term rate, Total volume - Unsecured - Overnight - Borrowing - Financial corporations",,EUR,6
2020-12-07,45966,EST.B.EU000A2X2A25.TT,B,EU000A2X2A25,TT,A,F,,,,,P1D,,,,"ESA 2010 Sectors: S.121, S.122, S.123, S.124, S.125, S.126, S.127, S.128, S.129",,0,,,,,S,"Euro short-term rate, Total volume","Euro short-term rate, Total volume - Unsecured - Overnight - Borrowing - Financial corporations",,EUR,6
2020-12-08,23572,EST.B.EU000A2X2A25.TT,B,EU000A2X2A25,TT,A,F,,,,,P1D,,,,"ESA 2010 Sectors: S.121, S.122, S.123, S.124, S.125, S.126, S.127, S.128, S.129",,0,,,,,S,"Euro short-term rate, Total volume","Euro short-term rate, Total volume - Unsecured - Overnight - Borrowing - Financial corporations",,EUR,6
2020-12-09,47942,EST.B.EU000A2X2A25.TT,B,EU000A2X2A25,TT,A,F,,,,,P1D,,,,"ESA 2010 Sectors: S.121, S.122, S.123, S.124, S.125, S.126, S.127, S.128, S.129",,0,,,,,S,"Euro short-term rate, Total volume","Euro short-term rate, Total volume - Unsecured - Overnight - Borrowing - Financial corporations",,EUR,6
2020-12-10,46985,EST.B.EU000A2X2A25.TT,B,EU000A2X2A25,TT,A,F,,,,,P1D,,,,"ESA 2010 Sectors: S.121, S.122, S.123, S.124, S.125, S.126, S.127, S.128, S.129",,0,,,,,S,"Euro short-term rate, Total volume","Euro short-term rate, Total volume - Unsecured - Overnight - Borrowing - Financial corporations",,EUR,6
2020-12-11,48264,EST.B.EU000A2X2A25.TT,B,EU000A2X2A25,TT,A,F,,,,,P1D,,,,"ESA 2010 Sectors: S.121, S.122, S.123, S.124, S.125, S.126, S.127, S.128, S.129",,0,,,,,S,"Euro short-term rate, Total volume","Euro short-term rate, Total volume - Unsecured - Overnight - Borrowing - Financial corporations",,EUR,6
2020-12-14,47016,EST.B.EU000A2X2A25.TT,B,EU000A2X2A25,TT,A,F,,,,,P1D,,,,"ESA 2010 Sectors: S.121, S.122, S.123, S.124, S.125, S.126, S.127, S.128, S.129",,0,,,,,S,"Euro short-term rate, Total volume","Euro short-term rate, Total volume - Unsecured - Overnight - Borrowing - Financial corporations",,EUR,6
2020-12-15,49858,EST.B.EU000A2X2A25.TT,B,EU000A2X2A25,TT,A,F,,,,,P1D,,,,"ESA 2010 Sectors: S.121, S.122, S.123, S.124, S.125, S.126, S.127, S.128, S.129",,0,,,,,S,"Euro short-term rate, Total volume","Euro short-term rate, Total volume - Unsecured - Overnight - Borrowing - Financial corporations",,EUR,6
2020-12-16,42621,EST.B.EU000A2X2A25.TT,B,EU000A2X2A25,TT,A,F,,,,,P1D,,,,"ESA 2010 Sectors: S.121, S.122, S.123, S.124, S.125, S.126, S.127, S.128, S.129",,0,,,,,S,"Euro short-term rate, Total volume","Euro short-term rate, Total volume - Unsecured - Overnight - Borrowing - Financial corporations",,EUR,6
2020-12-17,40024,EST.B.EU000A2X2A25.TT,B,EU000A2X2A25,TT,A,F,,,,,P1D,,,,"ESA 2010 Sectors: S.121, S.122, S.123, S.124, S.125, S.126, S.127, S.128, S.129",,0,,,,,S,"Euro short-term rate, Total volume","Euro short-term rate, Total volume - Unsecured - Overnight - Borrowing - Financial corporations",,EUR,6
2020-12-18,42277,EST.B.EU000A2X2A25.TT,B,EU000A2X2A25,TT,A,F,,,,,P1D,,,,"ESA 2010 Sectors: S.121, S.122, S.123, S.124, S.125, S.126, S.127, S.128, S.129",,0,,,,,S,"Euro short-term rate, Total volume","Euro short-term rate, Total volume - Unsecured - Overnight - Borrowing - Financial corporations",,EUR,6
2020-12-21,44227,EST.B.EU000A2X2A25.TT,B,EU000A2X2A25,TT,A,F,,,,,P1D,,,,"ESA 2010 Sectors: S.121, S.122, S.123, S.124, S.125, S.126, S.127, S.128, S.129",,0,,,,,S,"Euro short-term rate, Total volume","Euro short-term rate, Total volume - Unsecured - Overnight - Borrowing - Financial corporations",,EUR,6
2020-12-22,43116,EST.B.EU000A2X2A25.TT,B,EU000A2X2A25,TT,A,F,,,,,P1D,,,,"ESA 2010 Sectors: S.121, S.122, S.123, S.124, S.125, S.126, S.127, S.128, S.129",,0,,,,,S,"Euro short-term rate, Total volume","Euro short-term rate, Total volume - Unsecured - Overnight - Borrowing - Financial corporations",,EUR,6
2020-12-23,32315,EST.B.EU000A2X2A25.TT,B,EU000A2X2A25,TT,A,F,,,,,P1D,,,,"ESA 2010 Sectors: S.121, S.122, S.123, S.124, S.125, S.126, S.127, S.128, S.129",,0,,,,,S,"Euro short-term rate, Total volume","Euro short-term rate, Total volume - Unsecured - Overnight - Borrowing - Financial corporations",,EUR,6
2020-12-24,22881,EST.B.EU000A2X2A25.TT,B,EU000A2X2A25,TT,A,F,,,,,P1D,,,,"ESA 2010 Sectors: S.121, S.122, S.123, S.124, S.125, S.126, S.127, S.128, S.129",,0,,,,,S,"Euro short-term rate, Total volume","Euro short-term rate, Total volume - Unsecured - Overnight - Borrowing - Financial corporations",,EUR,6
2020-12-28,27521,EST.B.EU000A2X2A25.TT,B,EU000A2X2A25,TT,A,F,,,,,P1D,,,,"ESA 2010 Sectors: S.121, S.122, S.123, S.124, S.125, S.126, S.127, S.128, S.129",,0,,,,,S,"Euro short-term rate, Total volume","Euro short-term rate, Total volume - Unsecured - Overnight - Borrowing - Financial corporations",,EUR,6
2020-12-29,38688,EST.B.EU000A2X2A25.TT,B,EU000A2X2A25,TT,A,F,,,,,P1D,,,,"ESA 2010 Sectors: S.121, S.122, S.123, S.124, S.125, S.126, S.127, S.128, S.129",,0,,,,,S,"Euro short-term rate, Total volume","Euro short-term rate, Total volume - Unsecured - Overnight - Borrowing - Financial corporations",,EUR,6
2020-12-30,36560,EST.B.EU000A2X2A25.TT,B,EU000A2X2A25,TT,A,F,,,,,P1D,,,,"ESA 2010 Sectors: S.121, S.122, S.123, S.124, S.125, S.126, S.127, S.128, S.129",,0,,,,,S,"Euro short-term rate, Total volume","Euro short-term rate, Total volume - Unsecured - Overnight - Borrowing - Financial corporations",,EUR,6
2020-12-31,19726,EST.B.EU000A2X2A25.TT,B,EU000A2X2A25,TT,A,F,,,,,P1D,,,,"ESA 2010 Sectors: S.121, S.122, S.123, S.124, S.125, S.126, S.127, S.128, S.129",,0,,,,,S,"Euro short-term rate, Total volume","Euro short-term rate, Total volume - Unsecured - Overnight - Borrowing - Financial corporations",,EUR,6
2021-01-04,46666,EST.B.EU000A2X2A25.TT,B,EU000A2X2A25,TT,A,F,,,,,P1D,,,,"ESA 2010 Sectors: S.121, S.122, S.123, S.124, S.125, S.126, S.127, S.128, S.129",,0,,,,,S,"Euro short-term rate, Total volume","Euro short-term rate, Total volume - Unsecured - Overnight - Borrowing - Financial corporations",,EUR,6
2021-01-05,46654,EST.B.EU000A2X2A25.TT,B,EU000A2X2A25,TT,A,F,,,,,P1D,,,,"ESA 2010 Sectors: S.121, S.122, S.123, S.124, S.125, S.126, S.127, S.128, S.129",,0,,,,,S,"Euro short-term rate, Total volume","Euro short-term rate, Total volume - Unsecured - Overnight - Borrowing - Financial corporations",,EUR,6
2021-01-06,44337,EST.B.EU000A2X2A25.TT,B,EU000A2X2A25,TT,A,F,,,,,P1D,,,,"ESA 2010 Sectors: S.121, S.122, S.123, S.124, S.125, S.126, S.127, S.128, S.129",,0,,,,,S,"Euro short-term rate, Total volume","Euro short-term rate, Total volume - Unsecured - Overnight - Borrowing - Financial corporations",,EUR,6
2021-01-07,43141,EST.B.EU000A2X2A25.TT,B,EU000A2X2A25,TT,A,F,,,,,P1D,,,,"ESA 2010 Sectors: S.121, S.122, S.123, S.124, S.125, S.126, S.127, S.128, S.129",,0,,,,,S,"Euro short-term rate, Total volume","Euro short-term rate, Total volume - Unsecured - Overnight - Borrowing - Financial corporations",,EUR,6
2021-01-08,42240,EST.B.EU000A2X2A25.TT,B,EU000A2X2A25,TT,A,F,,,,,P1D,,,,"ESA 2010 Sectors: S.121, S.122, S.123, S.124, S.125, S.126, S.127, S.128, S.129",,0,,,,,S,"Euro short-term rate, Total volume","Euro short-term rate, Total volume - Unsecured - Overnight - Borrowing - Financial corporations",,EUR,6
2021-01-11,45374,EST.B.EU000A2X2A25.TT,B,EU000A2X2A25,TT,A,F,,,,,P1D,,,,"ESA 2010 Sectors: S.121, S.122, S.123, S.124, S.125, S.126, S.127, S.128, S.129",,0,,,,,S,"Euro short-term rate, Total volume","Euro short-term rate, Total volume - Unsecured - Overnight - Borrowing - Financial corporations",,EUR,6
2021-01-12,43161,EST.B.EU000A2X2A25.TT,B,EU000A2X2A25,TT,A,F,,,,,P1D,,,,"ESA 2010 Sectors: S.121, S.122, S.123, S.124, S.125, S.126, S.127, S.128, S.129",,0,,,,,S,"Euro short-term rate, Total volume","Euro short-term rate, Total volume - Unsecured - Overnight - Borrowing - Financial corporations",,EUR,6
2021-01-13,44392,EST.B.EU000A2X2A25.TT,B,EU000A2X2A25,TT,A,F,,,,,P1D,,,,"ESA 2010 Sectors: S.121, S.122, S.123, S.124, S.125, S.126, S.127, S.128, S.129",,0,,,,,S,"Euro short-term rate, Total volume","Euro short-term rate, Total volume - Unsecured - Overnight - Borrowing - Financial corporations",,EUR,6
2021-01-14,44990,EST.B.EU000A2X2A25.TT,B,EU000A2X2A25,TT,A,F,,,,,P1D,,,,"ESA 2010 Sectors: S.121, S.122, S.123, S.124, S.125, S.126, S.127, S.128, S.129",,0,,,,,S,"Euro short-term rate, Total volume","Euro short-term rate, Total volume - Unsecured - Overnight - Borrowing - Financial corporations",,EUR,6
2021-01-15,49644,EST.B.EU000A2X2A25.TT,B,EU000A2X2A25,TT,A,F,,,,,P1D,,,,"ESA 2010 Sectors: S.121, S.122, S.123, S.124, S.125, S.126, S.127, S.128, S.129",,0,,,,,S,"Euro short-term rate, Total volume","Euro short-term rate, Total volume - Unsecured - Overnight - Borrowing - Financial corporations",,EUR,6
2021-01-18,52184,EST.B.EU000A2X2A25.TT,B,EU000A2X2A25,TT,A,F,,,,,P1D,,,,"ESA 2010 Sectors: S.121, S.122, S.123, S.124, S.125, S.126, S.127, S.128, S.129",,0,,,,,S,"Euro short-term rate, Total volume","Euro short-term rate, Total volume - Unsecured - Overnight - Borrowing - Financial corporations",,EUR,6
2021-01-19,49555,EST.B.EU000A2X2A25.TT,B,EU000A2X2A25,TT,A,F,,,,,P1D,,,,"ESA 2010 Sectors: S.121, S.122, S.123, S.124, S.125, S.126, S.127, S.128, S.129",,0,,,,,S,"Euro short-term rate, Total volume","Euro short-term rate, Total volume - Unsecured - Overnight - Borrowing - Financial corporations",,EUR,6
2021-01-20,51882,EST.B.EU000A2X2A25.TT,B,EU000A2X2A25,TT,A,F,,,,,P1D,,,,"ESA 2010 Sectors: S.121, S.122, S.123, S.124, S.125, S.126, S.127, S.128, S.129",,0,,,,,S,"Euro short-term rate, Total volume","Euro short-term rate, Total volume - Unsecured - Overnight - Borrowing - Financial corporations",,EUR,6
2021-01-21,48938,EST.B.EU000A2X2A25.TT,B,EU000A2X2A25,TT,A,F,,,,,P1D,,,,"ESA 2010 Sectors: S.121, S.122, S.123, S.124, S.125, S.126, S.127, S.128, S.129",,0,,,,,S,"Euro short-term rate, Total volume","Euro short-term rate, Total volume - Unsecured - Overnight - Borrowing - Financial corporations",,EUR,6
2021-01-22,46465,EST.B.EU000A2X2A25.TT,B,EU000A2X2A25,TT,A,F,,,,,P1D,,,,"ESA 2010 Sectors: S.121, S.122, S.123, S.124, S.125, S.126, S.127, S.128, S.129",,0,,,,,S,"Euro short-term rate, Total volume","Euro short-term rate, Total volume - Unsecured - Overnight - Borrowing - Financial corporations",,EUR,6
2021-01-25,46390,EST.B.EU000A2X2A25.TT,B,EU000A2X2A25,TT,A,F,,,,,P1D,,,,"ESA 2010 Sectors: S.121, S.122, S.123, S.124, S.125, S.126, S.127, S.128, S.129",,0,,,,,S,"Euro short-term rate, Total volume","Euro short-term rate, Total volume - Unsecured - Overnight - Borrowing - Financial corporations",,EUR,6
2021-01-26,52859,EST.B.EU000A2X2A25.TT,B,EU000A2X2A25,TT,A,F,,,,,P1D,,,,"ESA 2010 Sectors: S.121, S.122, S.123, S.124, S.125, S.126, S.127, S.128, S.129",,0,,,,,S,"Euro short-term rate, Total volume","Euro short-term rate, Total volume - Unsecured - Overnight - Borrowing - Financial corporations",,EUR,6
2021-01-27,43358,EST.B.EU000A2X2A25.TT,B,EU000A2X2A25,TT,A,F,,,,,P1D,,,,"ESA 2010 Sectors: S.121, S.122, S.123, S.124, S.125, S.126, S.127, S.128, S.129",,0,,,,,S,"Euro short-term rate, Total volume","Euro short-term rate, Total volume - Unsecured - Overnight - Borrowing - Financial corporations",,EUR,6
2021-01-28,42151,EST.B.EU000A2X2A25.TT,B,EU000A2X2A25,TT,A,F,,,,,P1D,,,,"ESA 2010 Sectors: S.121, S.122, S.123, S.124, S.125, S.126, S.127, S.128, S.129",,0,,,,,S,"Euro short-term rate, Total volume","Euro short-term rate, Total volume - Unsecured - Overnight - Borrowing - Financial corporations",,EUR,6
2021-01-29,35904,EST.B.EU000A2X2A25.TT,B,EU000A2X2A25,TT,A,F,,,,,P1D,,,,"ESA 2010 Sectors: S.121, S.122, S.123, S.124, S.125, S.126, S.127, S.128, S.129",,0,,,,,S,"Euro short-term rate, Total volume","Euro short-term rate, Total volume - Unsecured - Overnight - Borrowing - Financial corporations",,EUR,6
2021-02-01,41743,EST.B.EU000A2X2A25.TT,B,EU000A2X2A25,TT,A,F,,,,,P1D,,,,"ESA 2010 Sectors: S.121, S.122, S.123, S.124, S.125, S.126, S.127, S.128, S.129",,0,,,,,S,"Euro short-term rate, Total volume","Euro short-term rate, Total volume - Unsecured - Overnight - Borrowing - Financial corporations",,EUR,6
2021-02-02,44042,EST.B.EU000A2X2A25.TT,B,EU000A2X2A25,TT,A,F,,,,,P1D,,,,"ESA 2010 Sectors: S.121, S.122, S.123, S.124, S.125, S.126, S.127, S.128, S.129",,0,,,,,S,"Euro short-term rate, Total volume","Euro short-term rate, Total volume - Unsecured - Overnight - Borrowing - Financial corporations",,EUR,6
2021-02-03,45048,EST.B.EU000A2X2A25.TT,B,EU000A2X2A25,TT,A,F,,,,,P1D,,,,"ESA 2010 Sectors: S.121, S.122, S.123, S.124, S.125, S.126, S.127, S.128, S.129",,0,,,,,S,"Euro short-term rate, Total volume","Euro short-term rate, Total volume - Unsecured - Overnight - Borrowing - Financial corporations",,EUR,6
2021-02-04,44059,EST.B.EU000A2X2A25.TT,B,EU000A2X2A25,TT,A,F,,,,,P1D,,,,"ESA 2010 Sectors: S.121, S.122, S.123, S.124, S.125, S.126, S.127, S.128, S.129",,0,,,,,S,"Euro short-term rate, Total volume","Euro short-term rate, Total volume - Unsecured - Overnight - Borrowing - Financial corporations",,EUR,6
2021-02-05,42517,EST.B.EU000A2X2A25.TT,B,EU000A2X2A25,TT,A,F,,,,,P1D,,,,"ESA 2010 Sectors: S.121, S.122, S.123, S.124, S.125, S.126, S.127, S.128, S.129",,0,,,,,S,"Euro short-term rate, Total volume","Euro short-term rate, Total volume - Unsecured - Overnight - Borrowing - Financial corporations",,EUR,6
2021-02-08,42404,EST.B.EU000A2X2A25.TT,B,EU000A2X2A25,TT,A,F,,,,,P1D,,,,"ESA 2010 Sectors: S.121, S.122, S.123, S.124, S.125, S.126, S.127, S.128, S.129",,0,,,,,S,"Euro short-term rate, Total volume","Euro short-term rate, Total volume - Unsecured - Overnight - Borrowing - Financial corporations",,EUR,6
2021-02-09,43270,EST.B.EU000A2X2A25.TT,B,EU000A2X2A25,TT,A,F,,,,,P1D,,,,"ESA 2010 Sectors: S.121, S.122, S.123, S.124, S.125, S.126, S.127, S.128, S.129",,0,,,,,S,"Euro short-term rate, Total volume","Euro short-term rate, Total volume - Unsecured - Overnight - Borrowing - Financial corporations",,EUR,6
2021-02-10,41918,EST.B.EU000A2X2A25.TT,B,EU000A2X2A25,TT,A,F,,,,,P1D,,,,"ESA 2010 Sectors: S.121, S.122, S.123, S.124, S.125, S.126, S.127, S.128, S.129",,0,,,,,S,"Euro short-term rate, Total volume","Euro short-term rate, Total volume - Unsecured - Overnight - Borrowing - Financial corporations",,EUR,6
2021-02-11,43139,EST.B.EU000A2X2A25.TT,B,EU000A2X2A25,TT,A,F,,,,,P1D,,,,"ESA 2010 Sectors: S.121, S.122, S.123, S.124, S.125, S.126, S.127, S.128, S.129",,0,,,,,S,"Euro short-term rate, Total volume","Euro short-term rate, Total volume - Unsecured - Overnight - Borrowing - Financial corporations",,EUR,6
2021-02-12,43242,EST.B.EU000A2X2A25.TT,B,EU000A2X2A25,TT,A,F,,,,,P1D,,,,"ESA 2010 Sectors: S.121, S.122, S.123, S.124, S.125, S.126, S.127, S.128, S.129",,0,,,,,S,"Euro short-term rate, Total volume","Euro short-term rate, Total volume - Unsecured - Overnight - Borrowing - Financial corporations",,EUR,6
2021-02-15,43072,EST.B.EU000A2X2A25.TT,B,EU000A2X2A25,TT,A,F,,,,,P1D,,,,"ESA 2010 Sectors: S.121, S.122, S.123, S.124, S.125, S.126, S.127, S.128, S.129",,0,,,,,S,"Euro short-term rate, Total volume","Euro short-term rate, Total volume - Unsecured - Overnight - Borrowing - Financial corporations",,EUR,6
2021-02-16,41493,EST.B.EU000A2X2A25.TT,B,EU000A2X2A25,TT,A,F,,,,,P1D,,,,"ESA 2010 Sectors: S.121, S.122, S.123, S.124, S.125, S.126, S.127, S.128, S.129",,0,,,,,S,"Euro short-term rate, Total volume","Euro short-term rate, Total volume - Unsecured - Overnight - Borrowing - Financial corporations",,EUR,6
2021-02-17,41073,EST.B.EU000A2X2A25.TT,B,EU000A2X2A25,TT,A,F,,,,,P1D,,,,"ESA 2010 Sectors: S.121, S.122, S.123, S.124, S.125, S.126, S.127, S.128, S.129",,0,,,,,S,"Euro short-term rate, Total volume","Euro short-term rate, Total volume - Unsecured - Overnight - Borrowing - Financial corporations",,EUR,6
2021-02-18,41352,EST.B.EU000A2X2A25.TT,B,EU000A2X2A25,TT,A,F,,,,,P1D,,,,"ESA 2010 Sectors: S.121, S.122, S.123, S.124, S.125, S.126, S.127, S.128, S.129",,0,,,,,S,"Euro short-term rate, Total volume","Euro short-term rate, Total volume - Unsecured - Overnight - Borrowing - Financial corporations",,EUR,6
2021-02-19,41628,EST.B.EU000A2X2A25.TT,B,EU000A2X2A25,TT,A,F,,,,,P1D,,,,"ESA 2010 Sectors: S.121, S.122, S.123, S.124, S.125, S.126, S.127, S.128, S.129",,0,,,,,S,"Euro short-term rate, Total volume","Euro short-term rate, Total volume - Unsecured - Overnight - Borrowing - Financial corporations",,EUR,6
2021-02-22,41862,EST.B.EU000A2X2A25.TT,B,EU000A2X2A25,TT,A,F,,,,,P1D,,,,"ESA 2010 Sectors: S.121, S.122, S.123, S.124, S.125, S.126, S.127, S.128, S.129",,0,,,,,S,"Euro short-term rate, Total volume","Euro short-term rate, Total volume - Unsecured - Overnight - Borrowing - Financial corporations",,EUR,6
2021-02-23,41730,EST.B.EU000A2X2A25.TT,B,EU000A2X2A25,TT,A,F,,,,,P1D,,,,"ESA 2010 Sectors: S.121, S.122, S.123, S.124, S.125, S.126, S.127, S.128, S.129",,0,,,,,S,"Euro short-term rate, Total volume","Euro short-term rate, Total volume - Unsecured - Overnight - Borrowing - Financial corporations",,EUR,6
2021-02-24,41110,EST.B.EU000A2X2A25.TT,B,EU000A2X2A25,TT,A,F,,,,,P1D,,,,"ESA 2010 Sectors: S.121, S.122, S.123, S.124, S.125, S.126, S.127, S.128, S.129",,0,,,,,S,"Euro short-term rate, Total volume","Euro short-term rate, Total volume - Unsecured - Overnight - Borrowing - Financial corporations",,EUR,6
2021-02-25,42027,EST.B.EU000A2X2A25.TT,B,EU000A2X2A25,TT,A,F,,,,,P1D,,,,"ESA 2010 Sectors: S.121, S.122, S.123, S.124, S.125, S.126, S.127, S.128, S.129",,0,,,,,S,"Euro short-term rate, Total volume","Euro short-term rate, Total volume - Unsecured - Overnight - Borrowing - Financial corporations",,EUR,6
2021-02-26,39693,EST.B.EU000A2X2A25.TT,B,EU000A2X2A25,TT,A,F,,,,,P1D,,,,"ESA 2010 Sectors: S.121, S.122, S.123, S.124, S.125, S.126, S.127, S.128, S.129",,0,,,,,S,"Euro short-term rate, Total volume","Euro short-term rate, Total volume - Unsecured - Overnight - Borrowing - Financial corporations",,EUR,6
2021-03-01,47751,EST.B.EU000A2X2A25.TT,B,EU000A2X2A25,TT,A,F,,,,,P1D,,,,"ESA 2010 Sectors: S.121, S.122, S.123, S.124, S.125, S.126, S.127, S.128, S.129",,0,,,,,S,"Euro short-term rate, Total volume","Euro short-term rate, Total volume - Unsecured - Overnight - Borrowing - Financial corporations",,EUR,6
2021-03-02,47310,EST.B.EU000A2X2A25.TT,B,EU000A2X2A25,TT,A,F,,,,,P1D,,,,"ESA 2010 Sectors: S.121, S.122, S.123, S.124, S.125, S.126, S.127, S.128, S.129",,0,,,,,S,"Euro short-term rate, Total volume","Euro short-term rate, Total volume - Unsecured - Overnight - Borrowing - Financial corporations",,EUR,6
2021-03-03,49099,EST.B.EU000A2X2A25.TT,B,EU000A2X2A25,TT,A,F,,,,,P1D,,,,"ESA 2010 Sectors: S.121, S.122, S.123, S.124, S.125, S.126, S.127, S.128, S.129",,0,,,,,S,"Euro short-term rate, Total volume","Euro short-term rate, Total volume - Unsecured - Overnight - Borrowing - Financial corporations",,EUR,6
2021-03-04,46676,EST.B.EU000A2X2A25.TT,B,EU000A2X2A25,TT,A,F,,,,,P1D,,,,"ESA 2010 Sectors: S.121, S.122, S.123, S.124, S.125, S.126, S.127, S.128, S.129",,0,,,,,S,"Euro short-term rate, Total volume","Euro short-term rate, Total volume - Unsecured - Overnight - Borrowing - Financial corporations",,EUR,6
2021-03-05,42671,EST.B.EU000A2X2A25.TT,B,EU000A2X2A25,TT,A,F,,,,,P1D,,,,"ESA 2010 Sectors: S.121, S.122, S.123, S.124, S.125, S.126, S.127, S.128, S.129",,0,,,,,S,"Euro short-term rate, Total volume","Euro short-term rate, Total volume - Unsecured - Overnight - Borrowing - Financial corporations",,EUR,6
2021-03-08,39690,EST.B.EU000A2X2A25.TT,B,EU000A2X2A25,TT,A,F,,,,,P1D,,,,"ESA 2010 Sectors: S.121, S.122, S.123, S.124, S.125, S.126, S.127, S.128, S.129",,0,,,,,S,"Euro short-term rate, Total volume","Euro short-term rate, Total volume - Unsecured - Overnight - Borrowing - Financial corporations",,EUR,6
2021-03-09,33966,EST.B.EU000A2X2A25.TT,B,EU000A2X2A25,TT,A,F,,,,,P1D,,,,"ESA 2010 Sectors: S.121, S.122, S.123, S.124, S.125, S.126, S.127, S.128, S.129",,0,,,,,S,"Euro short-term rate, Total volume","Euro short-term rate, Total volume - Unsecured - Overnight - Borrowing - Financial corporations",,EUR,6
2021-03-10,45218,EST.B.EU000A2X2A25.TT,B,EU000A2X2A25,TT,A,F,,,,,P1D,,,,"ESA 2010 Sectors: S.121, S.122, S.123, S.124, S.125, S.126, S.127, S.128, S.129",,0,,,,,S,"Euro short-term rate, Total volume","Euro short-term rate, Total volume - Unsecured - Overnight - Borrowing - Financial corporations",,EUR,6
2021-03-11,46913,EST.B.EU000A2X2A25.TT,B,EU000A2X2A25,TT,A,F,,,,,P1D,,,,"ESA 2010 Sectors: S.121, S.122, S.123, S.124, S.125, S.126, S.127, S.128, S.129",,0,,,,,S,"Euro short-term rate, Total volume","Euro short-term rate, Total volume - Unsecured - Overnight - Borrowing - Financial corporations",,EUR,6
2021-03-12,43926,EST.B.EU000A2X2A25.TT,B,EU000A2X2A25,TT,A,F,,,,,P1D,,,,"ESA 2010 Sectors: S.121, S.122, S.123, S.124, S.125, S.126, S.127, S.128, S.129",,0,,,,,S,"Euro short-term rate, Total volume","Euro short-term rate, Total volume - Unsecured - Overnight - Borrowing - Financial corporations",,EUR,6
2021-03-15,46886,EST.B.EU000A2X2A25.TT,B,EU000A2X2A25,TT,A,F,,,,,P1D,,,,"ESA 2010 Sectors: S.121, S.122, S.123, S.124, S.125, S.126, S.127, S.128, S.129",,0,,,,,S,"Euro short-term rate, Total volume","Euro short-term rate, Total volume - Unsecured - Overnight - Borrowing - Financial corporations",,EUR,6
2021-03-16,48940,EST.B.EU000A2X2A25.TT,B,EU000A2X2A25,TT,A,F,,,,,P1D,,,,"ESA 2010 Sectors: S.121, S.122, S.123, S.124, S.125, S.126, S.127, S.128, S.129",,0,,,,,S,"Euro short-term rate, Total volume","Euro short-term rate, Total volume - Unsecured - Overnight - Borrowing - Financial corporations",,EUR,6
2021-03-17,40172,EST.B.EU000A2X2A25.TT,B,EU000A2X2A25,TT,A,F,,,,,P1D,,,,"ESA 2010 Sectors: S.121, S.122, S.123, S.124, S.125, S.126, S.127, S.128, S.129",,0,,,,,S,"Euro short-term rate, Total volume","Euro short-term rate, Total volume - Unsecured - Overnight - Borrowing - Financial corporations",,EUR,6
2021-03-18,43553,EST.B.EU000A2X2A25.TT,B,EU000A2X2A25,TT,A,F,,,,,P1D,,,,"ESA 2010 Sectors: S.121, S.122, S.123, S.124, S.125, S.126, S.127, S.128, S.129",,0,,,,,S,"Euro short-term rate, Total volume","Euro short-term rate, Total volume - Unsecured - Overnight - Borrowing - Financial corporations",,EUR,6
2021-03-19,40784,EST.B.EU000A2X2A25.TT,B,EU000A2X2A25,TT,A,F,,,,,P1D,,,,"ESA 2010 Sectors: S.121, S.122, S.123, S.124, S.125, S.126, S.127, S.128, S.129",,0,,,,,S,"Euro short-term rate, Total volume","Euro short-term rate, Total volume - Unsecured - Overnight - Borrowing - Financial corporations",,EUR,6
2021-03-22,41907,EST.B.EU000A2X2A25.TT,B,EU000A2X2A25,TT,A,F,,,,,P1D,,,,"ESA 2010 Sectors: S.121, S.122, S.123, S.124, S.125, S.126, S.127, S.128, S.129",,0,,,,,S,"Euro short-term rate, Total volume","Euro short-term rate, Total volume - Unsecured - Overnight - Borrowing - Financial corporations",,EUR,6
2021-03-23,41134,EST.B.EU000A2X2A25.TT,B,EU000A2X2A25,TT,A,F,,,,,P1D,,,,"ESA 2010 Sectors: S.121, S.122, S.123, S.124, S.125, S.126, S.127, S.128, S.129",,0,,,,,S,"Euro short-term rate, Total volume","Euro short-term rate, Total volume - Unsecured - Overnight - Borrowing - Financial corporations",,EUR,6
2021-03-24,40413,EST.B.EU000A2X2A25.TT,B,EU000A2X2A25,TT,A,F,,,,,P1D,,,,"ESA 2010 Sectors: S.121, S.122, S.123, S.124, S.125, S.126, S.127, S.128, S.129",,0,,,,,S,"Euro short-term rate, Total volume","Euro short-term rate, Total volume - Unsecured - Overnight - Borrowing - Financial corporations",,EUR,6
2021-03-25,38243,EST.B.EU000A2X2A25.TT,B,EU000A2X2A25,TT,A,F,,,,,P1D,,,,"ESA 2010 Sectors: S.121, S.122, S.123, S.124, S.125, S.126, S.127, S.128, S.129",,0,,,,,S,"Euro short-term rate, Total volume","Euro short-term rate, Total volume - Unsecured - Overnight - Borrowing - Financial corporations",,EUR,6
2021-03-26,40218,EST.B.EU000A2X2A25.TT,B,EU000A2X2A25,TT,A,F,,,,,P1D,,,,"ESA 2010 Sectors: S.121, S.122, S.123, S.124, S.125, S.126, S.127, S.128, S.129",,0,,,,,S,"Euro short-term rate, Total volume","Euro short-term rate, Total volume - Unsecured - Overnight - Borrowing - Financial corporations",,EUR,6
2021-03-29,38771,EST.B.EU000A2X2A25.TT,B,EU000A2X2A25,TT,A,F,,,,,P1D,,,,"ESA 2010 Sectors: S.121, S.122, S.123, S.124, S.125, S.126, S.127, S.128, S.129",,0,,,,,S,"Euro short-term rate, Total volume","Euro short-term rate, Total volume - Unsecured - Overnight - Borrowing - Financial corporations",,EUR,6
2021-03-30,40088,EST.B.EU000A2X2A25.TT,B,EU000A2X2A25,TT,A,F,,,,,P1D,,,,"ESA 2010 Sectors: S.121, S.122, S.123, S.124, S.125, S.126, S.127, S.128, S.129",,0,,,,,S,"Euro short-term rate, Total volume","Euro short-term rate, Total volume - Unsecured - Overnight - Borrowing - Financial corporations",,EUR,6
2021-03-31,45134,EST.B.EU000A2X2A25.TT,B,EU000A2X2A25,TT,A,F,,,,,P1D,,,,"ESA 2010 Sectors: S.121, S.122, S.123, S.124, S.125, S.126, S.127, S.128, S.129",,0,,,,,S,"Euro short-term rate, Total volume","Euro short-term rate, Total volume - Unsecured - Overnight - Borrowing - Financial corporations",,EUR,6
2021-04-01,43396,EST.B.EU000A2X2A25.TT,B,EU000A2X2A25,TT,A,F,,,,,P1D,,,,"ESA 2010 Sectors: S.121, S.122, S.123, S.124, S.125, S.126, S.127, S.128, S.129",,0,,,,,S,"Euro short-term rate, Total volume","Euro short-term rate, Total volume - Unsecured - Overnight - Borrowing - Financial corporations",,EUR,6
2021-04-06,51214,EST.B.EU000A2X2A25.TT,B,EU000A2X2A25,TT,A,F,,,,,P1D,,,,"ESA 2010 Sectors: S.121, S.122, S.123, S.124, S.125, S.126, S.127, S.128, S.129",,0,,,,,S,"Euro short-term rate, Total volume","Euro short-term rate, Total volume - Unsecured - Overnight - Borrowing - Financial corporations",,EUR,6
2021-04-07,53951,EST.B.EU000A2X2A25.TT,B,EU000A2X2A25,TT,A,F,,,,,P1D,,,,"ESA 2010 Sectors: S.121, S.122, S.123, S.124, S.125, S.126, S.127, S.128, S.129",,0,,,,,S,"Euro short-term rate, Total volume","Euro short-term rate, Total volume - Unsecured - Overnight - Borrowing - Financial corporations",,EUR,6
2021-04-08,53462,EST.B.EU000A2X2A25.TT,B,EU000A2X2A25,TT,A,F,,,,,P1D,,,,"ESA 2010 Sectors: S.121, S.122, S.123, S.124, S.125, S.126, S.127, S.128, S.129",,0,,,,,S,"Euro short-term rate, Total volume","Euro short-term rate, Total volume - Unsecured - Overnight - Borrowing - Financial corporations",,EUR,6
2021-04-09,52686,EST.B.EU000A2X2A25.TT,B,EU000A2X2A25,TT,A,F,,,,,P1D,,,,"ESA 2010 Sectors: S.121, S.122, S.123, S.124, S.125, S.126, S.127, S.128, S.129",,0,,,,,S,"Euro short-term rate, Total volume","Euro short-term rate, Total volume - Unsecured - Overnight - Borrowing - Financial corporations",,EUR,6
2021-04-12,49545,EST.B.EU000A2X2A25.TT,B,EU000A2X2A25,TT,A,F,,,,,P1D,,,,"ESA 2010 Sectors: S.121, S.122, S.123, S.124, S.125, S.126, S.127, S.128, S.129",,0,,,,,S,"Euro short-term rate, Total volume","Euro short-term rate, Total volume - Unsecured - Overnight - Borrowing - Financial corporations",,EUR,6
2021-04-13,42773,EST.B.EU000A2X2A25.TT,B,EU000A2X2A25,TT,A,F,,,,,P1D,,,,"ESA 2010 Sectors: S.121, S.122, S.123, S.124, S.125, S.126, S.127, S.128, S.129",,0,,,,,S,"Euro short-term rate, Total volume","Euro short-term rate, Total volume - Unsecured - Overnight - Borrowing - Financial corporations",,EUR,6
2021-04-14,41489,EST.B.EU000A2X2A25.TT,B,EU000A2X2A25,TT,A,F,,,,,P1D,,,,"ESA 2010 Sectors: S.121, S.122, S.123, S.124, S.125, S.126, S.127, S.128, S.129",,0,,,,,S,"Euro short-term rate, Total volume","Euro short-term rate, Total volume - Unsecured - Overnight - Borrowing - Financial corporations",,EUR,6
2021-04-15,47286,EST.B.EU000A2X2A25.TT,B,EU000A2X2A25,TT,A,F,,,,,P1D,,,,"ESA 2010 Sectors: S.121, S.122, S.123, S.124, S.125, S.126, S.127, S.128, S.129",,0,,,,,S,"Euro short-term rate, Total volume","Euro short-term rate, Total volume - Unsecured - Overnight - Borrowing - Financial corporations",,EUR,6
2021-04-16,43952,EST.B.EU000A2X2A25.TT,B,EU000A2X2A25,TT,A,F,,,,,P1D,,,,"ESA 2010 Sectors: S.121, S.122, S.123, S.124, S.125, S.126, S.127, S.128, S.129",,0,,,,,S,"Euro short-term rate, Total volume","Euro short-term rate, Total volume - Unsecured - Overnight - Borrowing - Financial corporations",,EUR,6
2021-04-19,47050,EST.B.EU000A2X2A25.TT,B,EU000A2X2A25,TT,A,F,,,,,P1D,,,,"ESA 2010 Sectors: S.121, S.122, S.123, S.124, S.125, S.126, S.127, S.128, S.129",,0,,,,,S,"Euro short-term rate, Total volume","Euro short-term rate, Total volume - Unsecured - Overnight - Borrowing - Financial corporations",,EUR,6
2021-04-20,47180,EST.B.EU000A2X2A25.TT,B,EU000A2X2A25,TT,A,F,,,,,P1D,,,,"ESA 2010 Sectors: S.121, S.122, S.123, S.124, S.125, S.126, S.127, S.128, S.129",,0,,,,,S,"Euro short-term rate, Total volume","Euro short-term rate, Total volume - Unsecured - Overnight - Borrowing - Financial corporations",,EUR,6
2021-04-21,47627,EST.B.EU000A2X2A25.TT,B,EU000A2X2A25,TT,A,F,,,,,P1D,,,,"ESA 2010 Sectors: S.121, S.122, S.123, S.124, S.125, S.126, S.127, S.128, S.129",,0,,,,,S,"Euro short-term rate, Total volume","Euro short-term rate, Total volume - Unsecured - Overnight - Borrowing - Financial corporations",,EUR,6
2021-04-22,47511,EST.B.EU000A2X2A25.TT,B,EU000A2X2A25,TT,A,F,,,,,P1D,,,,"ESA 2010 Sectors: S.121, S.122, S.123, S.124, S.125, S.126, S.127, S.128, S.129",,0,,,,,S,"Euro short-term rate, Total volume","Euro short-term rate, Total volume - Unsecured - Overnight - Borrowing - Financial corporations",,EUR,6
2021-04-23,48082,EST.B.EU000A2X2A25.TT,B,EU000A2X2A25,TT,A,F,,,,,P1D,,,,"ESA 2010 Sectors: S.121, S.122, S.123, S.124, S.125, S.126, S.127, S.128, S.129",,0,,,,,S,"Euro short-term rate, Total volume","Euro short-term rate, Total volume - Unsecured - Overnight - Borrowing - Financial corporations",,EUR,6
2021-04-26,47961,EST.B.EU000A2X2A25.TT,B,EU000A2X2A25,TT,A,F,,,,,P1D,,,,"ESA 2010 Sectors: S.121, S.122, S.123, S.124, S.125, S.126, S.127, S.128, S.129",,0,,,,,S,"Euro short-term rate, Total volume","Euro short-term rate, Total volume - Unsecured - Overnight - Borrowing - Financial corporations",,EUR,6
2021-04-27,51682,EST.B.EU000A2X2A25.TT,B,EU000A2X2A25,TT,A,F,,,,,P1D,,,,"ESA 2010 Sectors: S.121, S.122, S.123, S.124, S.125, S.126, S.127, S.128, S.129",,0,,,,,S,"Euro short-term rate, Total volume","Euro short-term rate, Total volume - Unsecured - Overnight - Borrowing - Financial corporations",,EUR,6
2021-04-28,45374,EST.B.EU000A2X2A25.TT,B,EU000A2X2A25,TT,A,F,,,,,P1D,,,,"ESA 2010 Sectors: S.121, S.122, S.123, S.124, S.125, S.126, S.127, S.128, S.129",,0,,,,,S,"Euro short-term rate, Total volume","Euro short-term rate, Total volume - Unsecured - Overnight - Borrowing - Financial corporations",,EUR,6
2021-04-29,43603,EST.B.EU000A2X2A25.TT,B,EU000A2X2A25,TT,A,F,,,,,P1D,,,,"ESA 2010 Sectors: S.121, S.122, S.123, S.124, S.125, S.126, S.127, S.128, S.129",,0,,,,,S,"Euro short-term rate, Total volume","Euro short-term rate, Total volume - Unsecured - Overnight - Borrowing - Financial corporations",,EUR,6
2021-04-30,33962,EST.B.EU000A2X2A25.TT,B,EU000A2X2A25,TT,A,F,,,,,P1D,,,,"ESA 2010 Sectors: S.121, S.122, S.123, S.124, S.125, S.126, S.127, S.128, S.129",,0,,,,,S,"Euro short-term rate, Total volume","Euro short-term rate, Total volume - Unsecured - Overnight - Borrowing - Financial corporations",,EUR,6
2021-05-03,38184,EST.B.EU000A2X2A25.TT,B,EU000A2X2A25,TT,A,F,,,,,P1D,,,,"ESA 2010 Sectors: S.121, S.122, S.123, S.124, S.125, S.126, S.127, S.128, S.129",,0,,,,,S,"Euro short-term rate, Total volume","Euro short-term rate, Total volume - Unsecured - Overnight - Borrowing - Financial corporations",,EUR,6
2021-05-04,44829,EST.B.EU000A2X2A25.TT,B,EU000A2X2A25,TT,A,F,,,,,P1D,,,,"ESA 2010 Sectors: S.121, S.122, S.123, S.124, S.125, S.126, S.127, S.128, S.129",,0,,,,,S,"Euro short-term rate, Total volume","Euro short-term rate, Total volume - Unsecured - Overnight - Borrowing - Financial corporations",,EUR,6
2021-05-05,47399,EST.B.EU000A2X2A25.TT,B,EU000A2X2A25,TT,A,F,,,,,P1D,,,,"ESA 2010 Sectors: S.121, S.122, S.123, S.124, S.125, S.126, S.127, S.128, S.129",,0,,,,,S,"Euro short-term rate, Total volume","Euro short-term rate, Total volume - Unsecured - Overnight - Borrowing - Financial corporations",,EUR,6
2021-05-06,47780,EST.B.EU000A2X2A25.TT,B,EU000A2X2A25,TT,A,F,,,,,P1D,,,,"ESA 2010 Sectors: S.121, S.122, S.123, S.124, S.125, S.126, S.127, S.128, S.129",,0,,,,,S,"Euro short-term rate, Total volume","Euro short-term rate, Total volume - Unsecured - Overnight - Borrowing - Financial corporations",,EUR,6
2021-05-07,46775,EST.B.EU000A2X2A25.TT,B,EU000A2X2A25,TT,A,F,,,,,P1D,,,,"ESA 2010 Sectors: S.121, S.122, S.123, S.124, S.125, S.126, S.127, S.128, S.129",,0,,,,,S,"Euro short-term rate, Total volume","Euro short-term rate, Total volume - Unsecured - Overnight - Borrowing - Financial corporations",,EUR,6
2021-05-10,47499,EST.B.EU000A2X2A25.TT,B,EU000A2X2A25,TT,A,F,,,,,P1D,,,,"ESA 2010 Sectors: S.121, S.122, S.123, S.124, S.125, S.126, S.127, S.128, S.129",,0,,,,,S,"Euro short-term rate, Total volume","Euro short-term rate, Total volume - Unsecured - Overnight - Borrowing - Financial corporations",,EUR,6
2021-05-11,45691,EST.B.EU000A2X2A25.TT,B,EU000A2X2A25,TT,A,F,,,,,P1D,,,,"ESA 2010 Sectors: S.121, S.122, S.123, S.124, S.125, S.126, S.127, S.128, S.129",,0,,,,,S,"Euro short-term rate, Total volume","Euro short-term rate, Total volume - Unsecured - Overnight - Borrowing - Financial corporations",,EUR,6
2021-05-12,36495,EST.B.EU000A2X2A25.TT,B,EU000A2X2A25,TT,A,F,,,,,P1D,,,,"ESA 2010 Sectors: S.121, S.122, S.123, S.124, S.125, S.126, S.127, S.128, S.129",,0,,,,,S,"Euro short-term rate, Total volume","Euro short-term rate, Total volume - Unsecured - Overnight - Borrowing - Financial corporations",,EUR,6
2021-05-13,35708,EST.B.EU000A2X2A25.TT,B,EU000A2X2A25,TT,A,F,,,,,P1D,,,,"ESA 2010 Sectors: S.121, S.122, S.123, S.124, S.125, S.126, S.127, S.128, S.129",,0,,,,,S,"Euro short-term rate, Total volume","Euro short-term rate, Total volume - Unsecured - Overnight - Borrowing - Financial corporations",,EUR,6
2021-05-14,41322,EST.B.EU000A2X2A25.TT,B,EU000A2X2A25,TT,A,F,,,,,P1D,,,,"ESA 2010 Sectors: S.121, S.122, S.123, S.124, S.125, S.126, S.127, S.128, S.129",,0,,,,,S,"Euro short-term rate, Total volume","Euro short-term rate, Total volume - Unsecured - Overnight - Borrowing - Financial corporations",,EUR,6
2021-05-17,43036,EST.B.EU000A2X2A25.TT,B,EU000A2X2A25,TT,A,F,,,,,P1D,,,,"ESA 2010 Sectors: S.121, S.122, S.123, S.124, S.125, S.126, S.127, S.128, S.129",,0,,,,,S,"Euro short-term rate, Total volume","Euro short-term rate, Total volume - Unsecured - Overnight - Borrowing - Financial corporations",,EUR,6
2021-05-18,45226,EST.B.EU000A2X2A25.TT,B,EU000A2X2A25,TT,A,F,,,,,P1D,,,,"ESA 2010 Sectors: S.121, S.122, S.123, S.124, S.125, S.126, S.127, S.128, S.129",,0,,,,,S,"Euro short-term rate, Total volume","Euro short-term rate, Total volume - Unsecured - Overnight - Borrowing - Financial corporations",,EUR,6
2021-05-19,45375,EST.B.EU000A2X2A25.TT,B,EU000A2X2A25,TT,A,F,,,,,P1D,,,,"ESA 2010 Sectors: S.121, S.122, S.123, S.124, S.125, S.126, S.127, S.128, S.129",,0,,,,,S,"Euro short-term rate, Total volume","Euro short-term rate, Total volume - Unsecured - Overnight - Borrowing - Financial corporations",,EUR,6
2021-05-20,45516,EST.B.EU000A2X2A25.TT,B,EU000A2X2A25,TT,A,F,,,,,P1D,,,,"ESA 2010 Sectors: S.121, S.122, S.123, S.124, S.125, S.126, S.127, S.128, S.129",,0,,,,,S,"Euro short-term rate, Total volume","Euro short-term rate, Total volume - Unsecured - Overnight - Borrowing - Financial corporations",,EUR,6
2021-05-21,35085,EST.B.EU000A2X2A25.TT,B,EU000A2X2A25,TT,A,F,,,,,P1D,,,,"ESA 2010 Sectors: S.121, S.122, S.123, S.124, S.125, S.126, S.127, S.128, S.129",,0,,,,,S,"Euro short-term rate, Total volume","Euro short-term rate, Total volume - Unsecured - Overnight - Borrowing - Financial corporations",,EUR,6
2021-05-24,35059,EST.B.EU000A2X2A25.TT,B,EU000A2X2A25,TT,A,F,,,,,P1D,,,,"ESA 2010 Sectors: S.121, S.122, S.123, S.124, S.125, S.126, S.127, S.128, S.129",,0,,,,,S,"Euro short-term rate, Total volume","Euro short-term rate, Total volume - Unsecured - Overnight - Borrowing - Financial corporations",,EUR,6
2021-05-25,44876,EST.B.EU000A2X2A25.TT,B,EU000A2X2A25,TT,A,F,,,,,P1D,,,,"ESA 2010 Sectors: S.121, S.122, S.123, S.124, S.125, S.126, S.127, S.128, S.129",,0,,,,,S,"Euro short-term rate, Total volume","Euro short-term rate, Total volume - Unsecured - Overnight - Borrowing - Financial corporations",,EUR,6
2021-05-26,46159,EST.B.EU000A2X2A25.TT,B,EU000A2X2A25,TT,A,F,,,,,P1D,,,,"ESA 2010 Sectors: S.121, S.122, S.123, S.124, S.125, S.126, S.127, S.128, S.129",,0,,,,,S,"Euro short-term rate, Total volume","Euro short-term rate, Total volume - Unsecured - Overnight - Borrowing - Financial corporations",,EUR,6
2021-05-27,45435,EST.B.EU000A2X2A25.TT,B,EU000A2X2A25,TT,A,F,,,,,P1D,,,,"ESA 2010 Sectors: S.121, S.122, S.123, S.124, S.125, S.126, S.127, S.128, S.129",,0,,,,,S,"Euro short-term rate, Total volume","Euro short-term rate, Total volume - Unsecured - Overnight - Borrowing - Financial corporations",,EUR,6
2021-05-28,38000,EST.B.EU000A2X2A25.TT,B,EU000A2X2A25,TT,A,F,,,,,P1D,,,,"ESA 2010 Sectors: S.121, S.122, S.123, S.124, S.125, S.126, S.127, S.128, S.129",,0,,,,,S,"Euro short-term rate, Total volume","Euro short-term rate, Total volume - Unsecured - Overnight - Borrowing - Financial corporations",,EUR,6
2021-05-31,37631,EST.B.EU000A2X2A25.TT,B,EU000A2X2A25,TT,A,F,,,,,P1D,,,,"ESA 2010 Sectors: S.121, S.122, S.123, S.124, S.125, S.126, S.127, S.128, S.129",,0,,,,,S,"Euro short-term rate, Total volume","Euro short-term rate, Total volume - Unsecured - Overnight - Borrowing - Financial corporations",,EUR,6
2021-06-01,49004,EST.B.EU000A2X2A25.TT,B,EU000A2X2A25,TT,A,F,,,,,P1D,,,,"ESA 2010 Sectors: S.121, S.122, S.123, S.124, S.125, S.126, S.127, S.128, S.129",,0,,,,,S,"Euro short-term rate, Total volume","Euro short-term rate, Total volume - Unsecured - Overnight - Borrowing - Financial corporations",,EUR,6
2021-06-02,42552,EST.B.EU000A2X2A25.TT,B,EU000A2X2A25,TT,A,F,,,,,P1D,,,,"ESA 2010 Sectors: S.121, S.122, S.123, S.124, S.125, S.126, S.127, S.128, S.129",,0,,,,,S,"Euro short-term rate, Total volume","Euro short-term rate, Total volume - Unsecured - Overnight - Borrowing - Financial corporations",,EUR,6
2021-06-03,43233,EST.B.EU000A2X2A25.TT,B,EU000A2X2A25,TT,A,F,,,,,P1D,,,,"ESA 2010 Sectors: S.121, S.122, S.123, S.124, S.125, S.126, S.127, S.128, S.129",,0,,,,,S,"Euro short-term rate, Total volume","Euro short-term rate, Total volume - Unsecured - Overnight - Borrowing - Financial corporations",,EUR,6
2021-06-04,47087,EST.B.EU000A2X2A25.TT,B,EU000A2X2A25,TT,A,F,,,,,P1D,,,,"ESA 2010 Sectors: S.121, S.122, S.123, S.124, S.125, S.126, S.127, S.128, S.129",,0,,,,,S,"Euro short-term rate, Total volume","Euro short-term rate, Total volume - Unsecured - Overnight - Borrowing - Financial corporations",,EUR,6
2021-06-07,46150,EST.B.EU000A2X2A25.TT,B,EU000A2X2A25,TT,A,F,,,,,P1D,,,,"ESA 2010 Sectors: S.121, S.122, S.123, S.124, S.125, S.126, S.127, S.128, S.129",,0,,,,,S,"Euro short-term rate, Total volume","Euro short-term rate, Total volume - Unsecured - Overnight - Borrowing - Financial corporations",,EUR,6
2021-06-08,43660,EST.B.EU000A2X2A25.TT,B,EU000A2X2A25,TT,A,F,,,,,P1D,,,,"ESA 2010 Sectors: S.121, S.122, S.123, S.124, S.125, S.126, S.127, S.128, S.129",,0,,,,,S,"Euro short-term rate, Total volume","Euro short-term rate, Total volume - Unsecured - Overnight - Borrowing - Financial corporations",,EUR,6
2021-06-09,43666,EST.B.EU000A2X2A25.TT,B,EU000A2X2A25,TT,A,F,,,,,P1D,,,,"ESA 2010 Sectors: S.121, S.122, S.123, S.124, S.125, S.126, S.127, S.128, S.129",,0,,,,,S,"Euro short-term rate, Total volume","Euro short-term rate, Total volume - Unsecured - Overnight - Borrowing - Financial corporations",,EUR,6
2021-06-10,40680,EST.B.EU000A2X2A25.TT,B,EU000A2X2A25,TT,A,F,,,,,P1D,,,,"ESA 2010 Sectors: S.121, S.122, S.123, S.124, S.125, S.126, S.127, S.128, S.129",,0,,,,,S,"Euro short-term rate, Total volume","Euro short-term rate, Total volume - Unsecured - Overnight - Borrowing - Financial corporations",,EUR,6
2021-06-11,45334,EST.B.EU000A2X2A25.TT,B,EU000A2X2A25,TT,A,F,,,,,P1D,,,,"ESA 2010 Sectors: S.121, S.122, S.123, S.124, S.125, S.126, S.127, S.128, S.129",,0,,,,,S,"Euro short-term rate, Total volume","Euro short-term rate, Total volume - Unsecured - Overnight - Borrowing - Financial corporations",,EUR,6
2021-06-14,45066,EST.B.EU000A2X2A25.TT,B,EU000A2X2A25,TT,A,F,,,,,P1D,,,,"ESA 2010 Sectors: S.121, S.122, S.123, S.124, S.125, S.126, S.127, S.128, S.129",,0,,,,,S,"Euro short-term rate, Total volume","Euro short-term rate, Total volume - Unsecured - Overnight - Borrowing - Financial corporations",,EUR,6
2021-06-15,50091,EST.B.EU000A2X2A25.TT,B,EU000A2X2A25,TT,A,F,,,,,P1D,,,,"ESA 2010 Sectors: S.121, S.122, S.123, S.124, S.125, S.126, S.127, S.128, S.129",,0,,,,,S,"Euro short-term rate, Total volume","Euro short-term rate, Total volume - Unsecured - Overnight - Borrowing - Financial corporations",,EUR,6
2021-06-16,43971,EST.B.EU000A2X2A25.TT,B,EU000A2X2A25,TT,A,F,,,,,P1D,,,,"ESA 2010 Sectors: S.121, S.122, S.123, S.124, S.125, S.126, S.127, S.128, S.129",,0,,,,,S,"Euro short-term rate, Total volume","Euro short-term rate, Total volume - Unsecured - Overnight - Borrowing - Financial corporations",,EUR,6
2021-06-17,42415,EST.B.EU000A2X2A25.TT,B,EU000A2X2A25,TT,A,F,,,,,P1D,,,,"ESA 2010 Sectors: S.121, S.122, S.123, S.124, S.125, S.126, S.127, S.128, S.129",,0,,,,,S,"Euro short-term rate, Total volume","Euro short-term rate, Total volume - Unsecured - Overnight - Borrowing - Financial corporations",,EUR,6
2021-06-18,41618,EST.B.EU000A2X2A25.TT,B,EU000A2X2A25,TT,A,F,,,,,P1D,,,,"ESA 2010 Sectors: S.121, S.122, S.123, S.124, S.125, S.126, S.127, S.128, S.129",,0,,,,,S,"Euro short-term rate, Total volume","Euro short-term rate, Total volume - Unsecured - Overnight - Borrowing - Financial corporations",,EUR,6
2021-06-21,43721,EST.B.EU000A2X2A25.TT,B,EU000A2X2A25,TT,A,F,,,,,P1D,,,,"ESA 2010 Sectors: S.121, S.122, S.123, S.124, S.125, S.126, S.127, S.128, S.129",,0,,,,,S,"Euro short-term rate, Total volume","Euro short-term rate, Total volume - Unsecured - Overnight - Borrowing - Financial corporations",,EUR,6
2021-06-22,41014,EST.B.EU000A2X2A25.TT,B,EU000A2X2A25,TT,A,F,,,,,P1D,,,,"ESA 2010 Sectors: S.121, S.122, S.123, S.124, S.125, S.126, S.127, S.128, S.129",,0,,,,,S,"Euro short-term rate, Total volume","Euro short-term rate, Total volume - Unsecured - Overnight - Borrowing - Financial corporations",,EUR,6
2021-06-23,40523,EST.B.EU000A2X2A25.TT,B,EU000A2X2A25,TT,A,F,,,,,P1D,,,,"ESA 2010 Sectors: S.121, S.122, S.123, S.124, S.125, S.126, S.127, S.128, S.129",,0,,,,,S,"Euro short-term rate, Total volume","Euro short-term rate, Total volume - Unsecured - Overnight - Borrowing - Financial corporations",,EUR,6
2021-06-24,40796,EST.B.EU000A2X2A25.TT,B,EU000A2X2A25,TT,A,F,,,,,P1D,,,,"ESA 2010 Sectors: S.121, S.122, S.123, S.124, S.125, S.126, S.127, S.128, S.129",,0,,,,,S,"Euro short-term rate, Total volume","Euro short-term rate, Total volume - Unsecured - Overnight - Borrowing - Financial corporations",,EUR,6
2021-06-25,40811,EST.B.EU000A2X2A25.TT,B,EU000A2X2A25,TT,A,F,,,,,P1D,,,,"ESA 2010 Sectors: S.121, S.122, S.123, S.124, S.125, S.126, S.127, S.128, S.129",,0,,,,,S,"Euro short-term rate, Total volume","Euro short-term rate, Total volume - Unsecured - Overnight - Borrowing - Financial corporations",,EUR,6
2021-06-28,41677,EST.B.EU000A2X2A25.TT,B,EU000A2X2A25,TT,A,F,,,,,P1D,,,,"ESA 2010 Sectors: S.121, S.122, S.123, S.124, S.125, S.126, S.127, S.128, S.129",,0,,,,,S,"Euro short-term rate, Total volume","Euro short-term rate, Total volume - Unsecured - Overnight - Borrowing - Financial corporations",,EUR,6
2021-06-29,37503,EST.B.EU000A2X2A25.TT,B,EU000A2X2A25,TT,A,F,,,,,P1D,,,,"ESA 2010 Sectors: S.121, S.122, S.123, S.124, S.125, S.126, S.127, S.128, S.129",,0,,,,,S,"Euro short-term rate, Total volume","Euro short-term rate, Total volume - Unsecured - Overnight - Borrowing - Financial corporations",,EUR,6
2021-06-30,34473,EST.B.EU000A2X2A25.TT,B,EU000A2X2A25,TT,A,F,,,,,P1D,,,,"ESA 2010 Sectors: S.121, S.122, S.123, S.124, S.125, S.126, S.127, S.128, S.129",,0,,,,,S,"Euro short-term rate, Total volume","Euro short-term rate, Total volume - Unsecured - Overnight - Borrowing - Financial corporations",,EUR,6
2021-07-01,43218,EST.B.EU000A2X2A25.TT,B,EU000A2X2A25,TT,A,F,,,,,P1D,,,,"ESA 2010 Sectors: S.121, S.122, S.123, S.124, S.125, S.126, S.127, S.128, S.129",,0,,,,,S,"Euro short-term rate, Total volume","Euro short-term rate, Total volume - Unsecured - Overnight - Borrowing - Financial corporations",,EUR,6
2021-07-02,46025,EST.B.EU000A2X2A25.TT,B,EU000A2X2A25,TT,A,F,,,,,P1D,,,,"ESA 2010 Sectors: S.121, S.122, S.123, S.124, S.125, S.126, S.127, S.128, S.129",,0,,,,,S,"Euro short-term rate, Total volume","Euro short-term rate, Total volume - Unsecured - Overnight - Borrowing - Financial corporations",,EUR,6
2021-07-05,51933,EST.B.EU000A2X2A25.TT,B,EU000A2X2A25,TT,A,F,,,,,P1D,,,,"ESA 2010 Sectors: S.121, S.122, S.123, S.124, S.125, S.126, S.127, S.128, S.129",,0,,,,,S,"Euro short-term rate, Total volume","Euro short-term rate, Total volume - Unsecured - Overnight - Borrowing - Financial corporations",,EUR,6
2021-07-06,46373,EST.B.EU000A2X2A25.TT,B,EU000A2X2A25,TT,A,F,,,,,P1D,,,,"ESA 2010 Sectors: S.121, S.122, S.123, S.124, S.125, S.126, S.127, S.128, S.129",,0,,,,,S,"Euro short-term rate, Total volume","Euro short-term rate, Total volume - Unsecured - Overnight - Borrowing - Financial corporations",,EUR,6
2021-07-07,48092,EST.B.EU000A2X2A25.TT,B,EU000A2X2A25,TT,A,F,,,,,P1D,,,,"ESA 2010 Sectors: S.121, S.122, S.123, S.124, S.125, S.126, S.127, S.128, S.129",,0,,,,,S,"Euro short-term rate, Total volume","Euro short-term rate, Total volume - Unsecured - Overnight - Borrowing - Financial corporations",,EUR,6
2021-07-08,50011,EST.B.EU000A2X2A25.TT,B,EU000A2X2A25,TT,A,F,,,,,P1D,,,,"ESA 2010 Sectors: S.121, S.122, S.123, S.124, S.125, S.126, S.127, S.128, S.129",,0,,,,,S,"Euro short-term rate, Total volume","Euro short-term rate, Total volume - Unsecured - Overnight - Borrowing - Financial corporations",,EUR,6
2021-07-09,52139,EST.B.EU000A2X2A25.TT,B,EU000A2X2A25,TT,A,F,,,,,P1D,,,,"ESA 2010 Sectors: S.121, S.122, S.123, S.124, S.125, S.126, S.127, S.128, S.129",,0,,,,,S,"Euro short-term rate, Total volume","Euro short-term rate, Total volume - Unsecured - Overnight - Borrowing - Financial corporations",,EUR,6
2021-07-12,42542,EST.B.EU000A2X2A25.TT,B,EU000A2X2A25,TT,A,F,,,,,P1D,,,,"ESA 2010 Sectors: S.121, S.122, S.123, S.124, S.125, S.126, S.127, S.128, S.129",,0,,,,,S,"Euro short-term rate, Total volume","Euro short-term rate, Total volume - Unsecured - Overnight - Borrowing - Financial corporations",,EUR,6
2021-07-13,47559,EST.B.EU000A2X2A25.TT,B,EU000A2X2A25,TT,A,F,,,,,P1D,,,,"ESA 2010 Sectors: S.121, S.122, S.123, S.124, S.125, S.126, S.127, S.128, S.129",,0,,,,,S,"Euro short-term rate, Total volume","Euro short-term rate, Total volume - Unsecured - Overnight - Borrowing - Financial corporations",,EUR,6
2021-07-14,47230,EST.B.EU000A2X2A25.TT,B,EU000A2X2A25,TT,A,F,,,,,P1D,,,,"ESA 2010 Sectors: S.121, S.122, S.123, S.124, S.125, S.126, S.127, S.128, S.129",,0,,,,,S,"Euro short-term rate, Total volume","Euro short-term rate, Total volume - Unsecured - Overnight - Borrowing - Financial corporations",,EUR,6
2021-07-15,49676,EST.B.EU000A2X2A25.TT,B,EU000A2X2A25,TT,A,F,,,,,P1D,,,,"ESA 2010 Sectors: S.121, S.122, S.123, S.124, S.125, S.126, S.127, S.128, S.129",,0,,,,,S,"Euro short-term rate, Total volume","Euro short-term rate, Total volume - Unsecured - Overnight - Borrowing - Financial corporations",,EUR,6
2021-07-16,50450,EST.B.EU000A2X2A25.TT,B,EU000A2X2A25,TT,A,F,,,,,P1D,,,,"ESA 2010 Sectors: S.121, S.122, S.123, S.124, S.125, S.126, S.127, S.128, S.129",,0,,,,,S,"Euro short-term rate, Total volume","Euro short-term rate, Total volume - Unsecured - Overnight - Borrowing - Financial corporations",,EUR,6
2021-07-19,50509,EST.B.EU000A2X2A25.TT,B,EU000A2X2A25,TT,A,F,,,,,P1D,,,,"ESA 2010 Sectors: S.121, S.122, S.123, S.124, S.125, S.126, S.127, S.128, S.129",,0,,,,,S,"Euro short-term rate, Total volume","Euro short-term rate, Total volume - Unsecured - Overnight - Borrowing - Financial corporations",,EUR,6
2021-07-20,49967,EST.B.EU000A2X2A25.TT,B,EU000A2X2A25,TT,A,F,,,,,P1D,,,,"ESA 2010 Sectors: S.121, S.122, S.123, S.124, S.125, S.126, S.127, S.128, S.129",,0,,,,,S,"Euro short-term rate, Total volume","Euro short-term rate, Total volume - Unsecured - Overnight - Borrowing - Financial corporations",,EUR,6
2021-07-21,52586,EST.B.EU000A2X2A25.TT,B,EU000A2X2A25,TT,A,F,,,,,P1D,,,,"ESA 2010 Sectors: S.121, S.122, S.123, S.124, S.125, S.126, S.127, S.128, S.129",,0,,,,,S,"Euro short-term rate, Total volume","Euro short-term rate, Total volume - Unsecured - Overnight - Borrowing - Financial corporations",,EUR,6
2021-07-22,40605,EST.B.EU000A2X2A25.TT,B,EU000A2X2A25,TT,A,F,,,,,P1D,,,,"ESA 2010 Sectors: S.121, S.122, S.123, S.124, S.125, S.126, S.127, S.128, S.129",,0,,,,,S,"Euro short-term rate, Total volume","Euro short-term rate, Total volume - Unsecured - Overnight - Borrowing - Financial corporations",,EUR,6
2021-07-23,50208,EST.B.EU000A2X2A25.TT,B,EU000A2X2A25,TT,A,F,,,,,P1D,,,,"ESA 2010 Sectors: S.121, S.122, S.123, S.124, S.125, S.126, S.127, S.128, S.129",,0,,,,,S,"Euro short-term rate, Total volume","Euro short-term rate, Total volume - Unsecured - Overnight - Borrowing - Financial corporations",,EUR,6
2021-07-26,49755,EST.B.EU000A2X2A25.TT,B,EU000A2X2A25,TT,A,F,,,,,P1D,,,,"ESA 2010 Sectors: S.121, S.122, S.123, S.124, S.125, S.126, S.127, S.128, S.129",,0,,,,,S,"Euro short-term rate, Total volume","Euro short-term rate, Total volume - Unsecured - Overnight - Borrowing - Financial corporations",,EUR,6
2021-07-27,54696,EST.B.EU000A2X2A25.TT,B,EU000A2X2A25,TT,A,F,,,,,P1D,,,,"ESA 2010 Sectors: S.121, S.122, S.123, S.124, S.125, S.126, S.127, S.128, S.129",,0,,,,,S,"Euro short-term rate, Total volume","Euro short-term rate, Total volume - Unsecured - Overnight - Borrowing - Financial corporations",,EUR,6
2021-07-28,50519,EST.B.EU000A2X2A25.TT,B,EU000A2X2A25,TT,A,F,,,,,P1D,,,,"ESA 2010 Sectors: S.121, S.122, S.123, S.124, S.125, S.126, S.127, S.128, S.129",,0,,,,,S,"Euro short-term rate, Total volume","Euro short-term rate, Total volume - Unsecured - Overnight - Borrowing - Financial corporations",,EUR,6
2021-07-29,47964,EST.B.EU000A2X2A25.TT,B,EU000A2X2A25,TT,A,F,,,,,P1D,,,,"ESA 2010 Sectors: S.121, S.122, S.123, S.124, S.125, S.126, S.127, S.128, S.129",,0,,,,,S,"Euro short-term rate, Total volume","Euro short-term rate, Total volume - Unsecured - Overnight - Borrowing - Financial corporations",,EUR,6
2021-07-30,43874,EST.B.EU000A2X2A25.TT,B,EU000A2X2A25,TT,A,F,,,,,P1D,,,,"ESA 2010 Sectors: S.121, S.122, S.123, S.124, S.125, S.126, S.127, S.128, S.129",,0,,,,,S,"Euro short-term rate, Total volume","Euro short-term rate, Total volume - Unsecured - Overnight - Borrowing - Financial corporations",,EUR,6
2021-08-02,44914,EST.B.EU000A2X2A25.TT,B,EU000A2X2A25,TT,A,F,,,,,P1D,,,,"ESA 2010 Sectors: S.121, S.122, S.123, S.124, S.125, S.126, S.127, S.128, S.129",,0,,,,,S,"Euro short-term rate, Total volume","Euro short-term rate, Total volume - Unsecured - Overnight - Borrowing - Financial corporations",,EUR,6
2021-08-03,53388,EST.B.EU000A2X2A25.TT,B,EU000A2X2A25,TT,A,F,,,,,P1D,,,,"ESA 2010 Sectors: S.121, S.122, S.123, S.124, S.125, S.126, S.127, S.128, S.129",,0,,,,,S,"Euro short-term rate, Total volume","Euro short-term rate, Total volume - Unsecured - Overnight - Borrowing - Financial corporations",,EUR,6
2021-08-04,54069,EST.B.EU000A2X2A25.TT,B,EU000A2X2A25,TT,A,F,,,,,P1D,,,,"ESA 2010 Sectors: S.121, S.122, S.123, S.124, S.125, S.126, S.127, S.128, S.129",,0,,,,,S,"Euro short-term rate, Total volume","Euro short-term rate, Total volume - Unsecured - Overnight - Borrowing - Financial corporations",,EUR,6
2021-08-05,47580,EST.B.EU000A2X2A25.TT,B,EU000A2X2A25,TT,A,F,,,,,P1D,,,,"ESA 2010 Sectors: S.121, S.122, S.123, S.124, S.125, S.126, S.127, S.128, S.129",,0,,,,,S,"Euro short-term rate, Total volume","Euro short-term rate, Total volume - Unsecured - Overnight - Borrowing - Financial corporations",,EUR,6
2021-08-06,55680,EST.B.EU000A2X2A25.TT,B,EU000A2X2A25,TT,A,F,,,,,P1D,,,,"ESA 2010 Sectors: S.121, S.122, S.123, S.124, S.125, S.126, S.127, S.128, S.129",,0,,,,,S,"Euro short-term rate, Total volume","Euro short-term rate, Total volume - Unsecured - Overnight - Borrowing - Financial corporations",,EUR,6
2021-08-09,51272,EST.B.EU000A2X2A25.TT,B,EU000A2X2A25,TT,A,F,,,,,P1D,,,,"ESA 2010 Sectors: S.121, S.122, S.123, S.124, S.125, S.126, S.127, S.128, S.129",,0,,,,,S,"Euro short-term rate, Total volume","Euro short-term rate, Total volume - Unsecured - Overnight - Borrowing - Financial corporations",,EUR,6
2021-08-10,51988,EST.B.EU000A2X2A25.TT,B,EU000A2X2A25,TT,A,F,,,,,P1D,,,,"ESA 2010 Sectors: S.121, S.122, S.123, S.124, S.125, S.126, S.127, S.128, S.129",,0,,,,,S,"Euro short-term rate, Total volume","Euro short-term rate, Total volume - Unsecured - Overnight - Borrowing - Financial corporations",,EUR,6
2021-08-11,50480,EST.B.EU000A2X2A25.TT,B,EU000A2X2A25,TT,A,F,,,,,P1D,,,,"ESA 2010 Sectors: S.121, S.122, S.123, S.124, S.125, S.126, S.127, S.128, S.129",,0,,,,,S,"Euro short-term rate, Total volume","Euro short-term rate, Total volume - Unsecured - Overnight - Borrowing - Financial corporations",,EUR,6
2021-08-12,51208,EST.B.EU000A2X2A25.TT,B,EU000A2X2A25,TT,A,F,,,,,P1D,,,,"ESA 2010 Sectors: S.121, S.122, S.123, S.124, S.125, S.126, S.127, S.128, S.129",,0,,,,,S,"Euro short-term rate, Total volume","Euro short-term rate, Total volume - Unsecured - Overnight - Borrowing - Financial corporations",,EUR,6
2021-08-13,49636,EST.B.EU000A2X2A25.TT,B,EU000A2X2A25,TT,A,F,,,,,P1D,,,,"ESA 2010 Sectors: S.121, S.122, S.123, S.124, S.125, S.126, S.127, S.128, S.129",,0,,,,,S,"Euro short-term rate, Total volume","Euro short-term rate, Total volume - Unsecured - Overnight - Borrowing - Financial corporations",,EUR,6
2021-08-16,49862,EST.B.EU000A2X2A25.TT,B,EU000A2X2A25,TT,A,F,,,,,P1D,,,,"ESA 2010 Sectors: S.121, S.122, S.123, S.124, S.125, S.126, S.127, S.128, S.129",,0,,,,,S,"Euro short-term rate, Total volume","Euro short-term rate, Total volume - Unsecured - Overnight - Borrowing - Financial corporations",,EUR,6
2021-08-17,51196,EST.B.EU000A2X2A25.TT,B,EU000A2X2A25,TT,A,F,,,,,P1D,,,,"ESA 2010 Sectors: S.121, S.122, S.123, S.124, S.125, S.126, S.127, S.128, S.129",,0,,,,,S,"Euro short-term rate, Total volume","Euro short-term rate, Total volume - Unsecured - Overnight - Borrowing - Financial corporations",,EUR,6
2021-08-18,51169,EST.B.EU000A2X2A25.TT,B,EU000A2X2A25,TT,A,F,,,,,P1D,,,,"ESA 2010 Sectors: S.121, S.122, S.123, S.124, S.125, S.126, S.127, S.128, S.129",,0,,,,,S,"Euro short-term rate, Total volume","Euro short-term rate, Total volume - Unsecured - Overnight - Borrowing - Financial corporations",,EUR,6
2021-08-19,49694,EST.B.EU000A2X2A25.TT,B,EU000A2X2A25,TT,A,F,,,,,P1D,,,,"ESA 2010 Sectors: S.121, S.122, S.123, S.124, S.125, S.126, S.127, S.128, S.129",,0,,,,,S,"Euro short-term rate, Total volume","Euro short-term rate, Total volume - Unsecured - Overnight - Borrowing - Financial corporations",,EUR,6
2021-08-20,48770,EST.B.EU000A2X2A25.TT,B,EU000A2X2A25,TT,A,F,,,,,P1D,,,,"ESA 2010 Sectors: S.121, S.122, S.123, S.124, S.125, S.126, S.127, S.128, S.129",,0,,,,,S,"Euro short-term rate, Total volume","Euro short-term rate, Total volume - Unsecured - Overnight - Borrowing - Financial corporations",,EUR,6
2021-08-23,48214,EST.B.EU000A2X2A25.TT,B,EU000A2X2A25,TT,A,F,,,,,P1D,,,,"ESA 2010 Sectors: S.121, S.122, S.123, S.124, S.125, S.126, S.127, S.128, S.129",,0,,,,,S,"Euro short-term rate, Total volume","Euro short-term rate, Total volume - Unsecured - Overnight - Borrowing - Financial corporations",,EUR,6
2021-08-24,45630,EST.B.EU000A2X2A25.TT,B,EU000A2X2A25,TT,A,F,,,,,P1D,,,,"ESA 2010 Sectors: S.121, S.122, S.123, S.124, S.125, S.126, S.127, S.128, S.129",,0,,,,,S,"Euro short-term rate, Total volume","Euro short-term rate, Total volume - Unsecured - Overnight - Borrowing - Financial corporations",,EUR,6
2021-08-25,40667,EST.B.EU000A2X2A25.TT,B,EU000A2X2A25,TT,A,F,,,,,P1D,,,,"ESA 2010 Sectors: S.121, S.122, S.123, S.124, S.125, S.126, S.127, S.128, S.129",,0,,,,,S,"Euro short-term rate, Total volume","Euro short-term rate, Total volume - Unsecured - Overnight - Borrowing - Financial corporations",,EUR,6
2021-08-26,43115,EST.B.EU000A2X2A25.TT,B,EU000A2X2A25,TT,A,F,,,,,P1D,,,,"ESA 2010 Sectors: S.121, S.122, S.123, S.124, S.125, S.126, S.127, S.128, S.129",,0,,,,,S,"Euro short-term rate, Total volume","Euro short-term rate, Total volume - Unsecured - Overnight - Borrowing - Financial corporations",,EUR,6
2021-08-27,39125,EST.B.EU000A2X2A25.TT,B,EU000A2X2A25,TT,A,F,,,,,P1D,,,,"ESA 2010 Sectors: S.121, S.122, S.123, S.124, S.125, S.126, S.127, S.128, S.129",,0,,,,,S,"Euro short-term rate, Total volume","Euro short-term rate, Total volume - Unsecured - Overnight - Borrowing - Financial corporations",,EUR,6
2021-08-30,40393,EST.B.EU000A2X2A25.TT,B,EU000A2X2A25,TT,A,F,,,,,P1D,,,,"ESA 2010 Sectors: S.121, S.122, S.123, S.124, S.125, S.126, S.127, S.128, S.129",,0,,,,,S,"Euro short-term rate, Total volume","Euro short-term rate, Total volume - Unsecured - Overnight - Borrowing - Financial corporations",,EUR,6
2021-08-31,46830,EST.B.EU000A2X2A25.TT,B,EU000A2X2A25,TT,A,F,,,,,P1D,,,,"ESA 2010 Sectors: S.121, S.122, S.123, S.124, S.125, S.126, S.127, S.128, S.129",,0,,,,,S,"Euro short-term rate, Total volume","Euro short-term rate, Total volume - Unsecured - Overnight - Borrowing - Financial corporations",,EUR,6
2021-09-01,47799,EST.B.EU000A2X2A25.TT,B,EU000A2X2A25,TT,A,F,,,,,P1D,,,,"ESA 2010 Sectors: S.121, S.122, S.123, S.124, S.125, S.126, S.127, S.128, S.129",,0,,,,,S,"Euro short-term rate, Total volume","Euro short-term rate, Total volume - Unsecured - Overnight - Borrowing - Financial corporations",,EUR,6
2021-09-02,47228,EST.B.EU000A2X2A25.TT,B,EU000A2X2A25,TT,A,F,,,,,P1D,,,,"ESA 2010 Sectors: S.121, S.122, S.123, S.124, S.125, S.126, S.127, S.128, S.129",,0,,,,,S,"Euro short-term rate, Total volume","Euro short-term rate, Total volume - Unsecured - Overnight - Borrowing - Financial corporations",,EUR,6
2021-09-03,46009,EST.B.EU000A2X2A25.TT,B,EU000A2X2A25,TT,A,F,,,,,P1D,,,,"ESA 2010 Sectors: S.121, S.122, S.123, S.124, S.125, S.126, S.127, S.128, S.129",,0,,,,,S,"Euro short-term rate, Total volume","Euro short-term rate, Total volume - Unsecured - Overnight - Borrowing - Financial corporations",,EUR,6
2021-09-06,48588,EST.B.EU000A2X2A25.TT,B,EU000A2X2A25,TT,A,F,,,,,P1D,,,,"ESA 2010 Sectors: S.121, S.122, S.123, S.124, S.125, S.126, S.127, S.128, S.129",,0,,,,,S,"Euro short-term rate, Total volume","Euro short-term rate, Total volume - Unsecured - Overnight - Borrowing - Financial corporations",,EUR,6
2021-09-07,51173,EST.B.EU000A2X2A25.TT,B,EU000A2X2A25,TT,A,F,,,,,P1D,,,,"ESA 2010 Sectors: S.121, S.122, S.123, S.124, S.125, S.126, S.127, S.128, S.129",,0,,,,,S,"Euro short-term rate, Total volume","Euro short-term rate, Total volume - Unsecured - Overnight - Borrowing - Financial corporations",,EUR,6
2021-09-08,50012,EST.B.EU000A2X2A25.TT,B,EU000A2X2A25,TT,A,F,,,,,P1D,,,,"ESA 2010 Sectors: S.121, S.122, S.123, S.124, S.125, S.126, S.127, S.128, S.129",,0,,,,,S,"Euro short-term rate, Total volume","Euro short-term rate, Total volume - Unsecured - Overnight - Borrowing - Financial corporations",,EUR,6
2021-09-09,50201,EST.B.EU000A2X2A25.TT,B,EU000A2X2A25,TT,A,F,,,,,P1D,,,,"ESA 2010 Sectors: S.121, S.122, S.123, S.124, S.125, S.126, S.127, S.128, S.129",,0,,,,,S,"Euro short-term rate, Total volume","Euro short-term rate, Total volume - Unsecured - Overnight - Borrowing - Financial corporations",,EUR,6
2021-09-10,50435,EST.B.EU000A2X2A25.TT,B,EU000A2X2A25,TT,A,F,,,,,P1D,,,,"ESA 2010 Sectors: S.121, S.122, S.123, S.124, S.125, S.126, S.127, S.128, S.129",,0,,,,,S,"Euro short-term rate, Total volume","Euro short-term rate, Total volume - Unsecured - Overnight - Borrowing - Financial corporations",,EUR,6
2021-09-13,52439,EST.B.EU000A2X2A25.TT,B,EU000A2X2A25,TT,A,F,,,,,P1D,,,,"ESA 2010 Sectors: S.121, S.122, S.123, S.124, S.125, S.126, S.127, S.128, S.129",,0,,,,,S,"Euro short-term rate, Total volume","Euro short-term rate, Total volume - Unsecured - Overnight - Borrowing - Financial corporations",,EUR,6
2021-09-14,50608,EST.B.EU000A2X2A25.TT,B,EU000A2X2A25,TT,A,F,,,,,P1D,,,,"ESA 2010 Sectors: S.121, S.122, S.123, S.124, S.125, S.126, S.127, S.128, S.129",,0,,,,,S,"Euro short-term rate, Total volume","Euro short-term rate, Total volume - Unsecured - Overnight - Borrowing - Financial corporations",,EUR,6
2021-09-15,49011,EST.B.EU000A2X2A25.TT,B,EU000A2X2A25,TT,A,F,,,,,P1D,,,,"ESA 2010 Sectors: S.121, S.122, S.123, S.124, S.125, S.126, S.127, S.128, S.129",,0,,,,,S,"Euro short-term rate, Total volume","Euro short-term rate, Total volume - Unsecured - Overnight - Borrowing - Financial corporations",,EUR,6
2021-09-16,41040,EST.B.EU000A2X2A25.TT,B,EU000A2X2A25,TT,A,F,,,,,P1D,,,,"ESA 2010 Sectors: S.121, S.122, S.123, S.124, S.125, S.126, S.127, S.128, S.129",,0,,,,,S,"Euro short-term rate, Total volume","Euro short-term rate, Total volume - Unsecured - Overnight - Borrowing - Financial corporations",,EUR,6
2021-09-17,48899,EST.B.EU000A2X2A25.TT,B,EU000A2X2A25,TT,A,F,,,,,P1D,,,,"ESA 2010 Sectors: S.121, S.122, S.123, S.124, S.125, S.126, S.127, S.128, S.129",,0,,,,,S,"Euro short-term rate, Total volume","Euro short-term rate, Total volume - Unsecured - Overnight - Borrowing - Financial corporations",,EUR,6
2021-09-20,40441,EST.B.EU000A2X2A25.TT,B,EU000A2X2A25,TT,A,F,,,,,P1D,,,,"ESA 2010 Sectors: S.121, S.122, S.123, S.124, S.125, S.126, S.127, S.128, S.129",,0,,,,,S,"Euro short-term rate, Total volume","Euro short-term rate, Total volume - Unsecured - Overnight - Borrowing - Financial corporations",,EUR,6
2021-09-21,43817,EST.B.EU000A2X2A25.TT,B,EU000A2X2A25,TT,A,F,,,,,P1D,,,,"ESA 2010 Sectors: S.121, S.122, S.123, S.124, S.125, S.126, S.127, S.128, S.129",,0,,,,,S,"Euro short-term rate, Total volume","Euro short-term rate, Total volume - Unsecured - Overnight - Borrowing - Financial corporations",,EUR,6
2021-09-22,40309,EST.B.EU000A2X2A25.TT,B,EU000A2X2A25,TT,A,F,,,,,P1D,,,,"ESA 2010 Sectors: S.121, S.122, S.123, S.124, S.125, S.126, S.127, S.128, S.129",,0,,,,,S,"Euro short-term rate, Total volume","Euro short-term rate, Total volume - Unsecured - Overnight - Borrowing - Financial corporations",,EUR,6
2021-09-23,45692,EST.B.EU000A2X2A25.TT,B,EU000A2X2A25,TT,A,F,,,,,P1D,,,,"ESA 2010 Sectors: S.121, S.122, S.123, S.124, S.125, S.126, S.127, S.128, S.129",,0,,,,,S,"Euro short-term rate, Total volume","Euro short-term rate, Total volume - Unsecured - Overnight - Borrowing - Financial corporations",,EUR,6
2021-09-24,44105,EST.B.EU000A2X2A25.TT,B,EU000A2X2A25,TT,A,F,,,,,P1D,,,,"ESA 2010 Sectors: S.121, S.122, S.123, S.124, S.125, S.126, S.127, S.128, S.129",,0,,,,,S,"Euro short-term rate, Total volume","Euro short-term rate, Total volume - Unsecured - Overnight - Borrowing - Financial corporations",,EUR,6
2021-09-27,42149,EST.B.EU000A2X2A25.TT,B,EU000A2X2A25,TT,A,F,,,,,P1D,,,,"ESA 2010 Sectors: S.121, S.122, S.123, S.124, S.125, S.126, S.127, S.128, S.129",,0,,,,,S,"Euro short-term rate, Total volume","Euro short-term rate, Total volume - Unsecured - Overnight - Borrowing - Financial corporations",,EUR,6
2021-09-28,45320,EST.B.EU000A2X2A25.TT,B,EU000A2X2A25,TT,A,F,,,,,P1D,,,,"ESA 2010 Sectors: S.121, S.122, S.123, S.124, S.125, S.126, S.127, S.128, S.129",,0,,,,,S,"Euro short-term rate, Total volume","Euro short-term rate, Total volume - Unsecured - Overnight - Borrowing - Financial corporations",,EUR,6
2021-09-29,42694,EST.B.EU000A2X2A25.TT,B,EU000A2X2A25,TT,A,F,,,,,P1D,,,,"ESA 2010 Sectors: S.121, S.122, S.123, S.124, S.125, S.126, S.127, S.128, S.129",,0,,,,,S,"Euro short-term rate, Total volume","Euro short-term rate, Total volume - Unsecured - Overnight - Borrowing - Financial corporations",,EUR,6
2021-09-30,44503,EST.B.EU000A2X2A25.TT,B,EU000A2X2A25,TT,A,F,,,,,P1D,,,,"ESA 2010 Sectors: S.121, S.122, S.123, S.124, S.125, S.126, S.127, S.128, S.129",,0,,,,,S,"Euro short-term rate, Total volume","Euro short-term rate, Total volume - Unsecured - Overnight - Borrowing - Financial corporations",,EUR,6
2021-10-01,44137,EST.B.EU000A2X2A25.TT,B,EU000A2X2A25,TT,A,F,,,,,P1D,,,,"ESA 2010 Sectors: S.121, S.122, S.123, S.124, S.125, S.126, S.127, S.128, S.129",,0,,,,,S,"Euro short-term rate, Total volume","Euro short-term rate, Total volume - Unsecured - Overnight - Borrowing - Financial corporations",,EUR,6
2021-10-04,49035,EST.B.EU000A2X2A25.TT,B,EU000A2X2A25,TT,A,F,,,,,P1D,,,,"ESA 2010 Sectors: S.121, S.122, S.123, S.124, S.125, S.126, S.127, S.128, S.129",,0,,,,,S,"Euro short-term rate, Total volume","Euro short-term rate, Total volume - Unsecured - Overnight - Borrowing - Financial corporations",,EUR,6
2021-10-05,49171,EST.B.EU000A2X2A25.TT,B,EU000A2X2A25,TT,A,F,,,,,P1D,,,,"ESA 2010 Sectors: S.121, S.122, S.123, S.124, S.125, S.126, S.127, S.128, S.129",,0,,,,,S,"Euro short-term rate, Total volume","Euro short-term rate, Total volume - Unsecured - Overnight - Borrowing - Financial corporations",,EUR,6
2021-10-06,47637,EST.B.EU000A2X2A25.TT,B,EU000A2X2A25,TT,A,F,,,,,P1D,,,,"ESA 2010 Sectors: S.121, S.122, S.123, S.124, S.125, S.126, S.127, S.128, S.129",,0,,,,,S,"Euro short-term rate, Total volume","Euro short-term rate, Total volume - Unsecured - Overnight - Borrowing - Financial corporations",,EUR,6
2021-10-07,47598,EST.B.EU000A2X2A25.TT,B,EU000A2X2A25,TT,A,F,,,,,P1D,,,,"ESA 2010 Sectors: S.121, S.122, S.123, S.124, S.125, S.126, S.127, S.128, S.129",,0,,,,,S,"Euro short-term rate, Total volume","Euro short-term rate, Total volume - Unsecured - Overnight - Borrowing - Financial corporations",,EUR,6
2021-10-08,53048,EST.B.EU000A2X2A25.TT,B,EU000A2X2A25,TT,A,F,,,,,P1D,,,,"ESA 2010 Sectors: S.121, S.122, S.123, S.124, S.125, S.126, S.127, S.128, S.129",,0,,,,,S,"Euro short-term rate, Total volume","Euro short-term rate, Total volume - Unsecured - Overnight - Borrowing - Financial corporations",,EUR,6
2021-10-11,49032,EST.B.EU000A2X2A25.TT,B,EU000A2X2A25,TT,A,F,,,,,P1D,,,,"ESA 2010 Sectors: S.121, S.122, S.123, S.124, S.125, S.126, S.127, S.128, S.129",,0,,,,,S,"Euro short-term rate, Total volume","Euro short-term rate, Total volume - Unsecured - Overnight - Borrowing - Financial corporations",,EUR,6
2021-10-12,51461,EST.B.EU000A2X2A25.TT,B,EU000A2X2A25,TT,A,F,,,,,P1D,,,,"ESA 2010 Sectors: S.121, S.122, S.123, S.124, S.125, S.126, S.127, S.128, S.129",,0,,,,,S,"Euro short-term rate, Total volume","Euro short-term rate, Total volume - Unsecured - Overnight - Borrowing - Financial corporations",,EUR,6
2021-10-13,51383,EST.B.EU000A2X2A25.TT,B,EU000A2X2A25,TT,A,F,,,,,P1D,,,,"ESA 2010 Sectors: S.121, S.122, S.123, S.124, S.125, S.126, S.127, S.128, S.129",,0,,,,,S,"Euro short-term rate, Total volume","Euro short-term rate, Total volume - Unsecured - Overnight - Borrowing - Financial corporations",,EUR,6
2021-10-14,51894,EST.B.EU000A2X2A25.TT,B,EU000A2X2A25,TT,A,F,,,,,P1D,,,,"ESA 2010 Sectors: S.121, S.122, S.123, S.124, S.125, S.126, S.127, S.128, S.129",,0,,,,,S,"Euro short-term rate, Total volume","Euro short-term rate, Total volume - Unsecured - Overnight - Borrowing - Financial corporations",,EUR,6
2021-10-15,55452,EST.B.EU000A2X2A25.TT,B,EU000A2X2A25,TT,A,F,,,,,P1D,,,,"ESA 2010 Sectors: S.121, S.122, S.123, S.124, S.125, S.126, S.127, S.128, S.129",,0,,,,,S,"Euro short-term rate, Total volume","Euro short-term rate, Total volume - Unsecured - Overnight - Borrowing - Financial corporations",,EUR,6
2021-10-18,52371,EST.B.EU000A2X2A25.TT,B,EU000A2X2A25,TT,A,F,,,,,P1D,,,,"ESA 2010 Sectors: S.121, S.122, S.123, S.124, S.125, S.126, S.127, S.128, S.129",,0,,,,,S,"Euro short-term rate, Total volume","Euro short-term rate, Total volume - Unsecured - Overnight - Borrowing - Financial corporations",,EUR,6
2021-10-19,50367,EST.B.EU000A2X2A25.TT,B,EU000A2X2A25,TT,A,F,,,,,P1D,,,,"ESA 2010 Sectors: S.121, S.122, S.123, S.124, S.125, S.126, S.127, S.128, S.129",,0,,,,,S,"Euro short-term rate, Total volume","Euro short-term rate, Total volume - Unsecured - Overnight - Borrowing - Financial corporations",,EUR,6
2021-10-20,48089,EST.B.EU000A2X2A25.TT,B,EU000A2X2A25,TT,A,F,,,,,P1D,,,,"ESA 2010 Sectors: S.121, S.122, S.123, S.124, S.125, S.126, S.127, S.128, S.129",,0,,,,,S,"Euro short-term rate, Total volume","Euro short-term rate, Total volume - Unsecured - Overnight - Borrowing - Financial corporations",,EUR,6
2021-10-21,49298,EST.B.EU000A2X2A25.TT,B,EU000A2X2A25,TT,A,F,,,,,P1D,,,,"ESA 2010 Sectors: S.121, S.122, S.123, S.124, S.125, S.126, S.127, S.128, S.129",,0,,,,,S,"Euro short-term rate, Total volume","Euro short-term rate, Total volume - Unsecured - Overnight - Borrowing - Financial corporations",,EUR,6
2021-10-22,50668,EST.B.EU000A2X2A25.TT,B,EU000A2X2A25,TT,A,F,,,,,P1D,,,,"ESA 2010 Sectors: S.121, S.122, S.123, S.124, S.125, S.126, S.127, S.128, S.129",,0,,,,,S,"Euro short-term rate, Total volume","Euro short-term rate, Total volume - Unsecured - Overnight - Borrowing - Financial corporations",,EUR,6
2021-10-25,54376,EST.B.EU000A2X2A25.TT,B,EU000A2X2A25,TT,A,F,,,,,P1D,,,,"ESA 2010 Sectors: S.121, S.122, S.123, S.124, S.125, S.126, S.127, S.128, S.129",,0,,,,,S,"Euro short-term rate, Total volume","Euro short-term rate, Total volume - Unsecured - Overnight - Borrowing - Financial corporations",,EUR,6
2021-10-26,52184,EST.B.EU000A2X2A25.TT,B,EU000A2X2A25,TT,A,F,,,,,P1D,,,,"ESA 2010 Sectors: S.121, S.122, S.123, S.124, S.125, S.126, S.127, S.128, S.129",,0,,,,,S,"Euro short-term rate, Total volume","Euro short-term rate, Total volume - Unsecured - Overnight - Borrowing - Financial corporations",,EUR,6
2021-10-27,51795,EST.B.EU000A2X2A25.TT,B,EU000A2X2A25,TT,A,F,,,,,P1D,,,,"ESA 2010 Sectors: S.121, S.122, S.123, S.124, S.125, S.126, S.127, S.128, S.129",,0,,,,,S,"Euro short-term rate, Total volume","Euro short-term rate, Total volume - Unsecured - Overnight - Borrowing - Financial corporations",,EUR,6
2021-10-28,52440,EST.B.EU000A2X2A25.TT,B,EU000A2X2A25,TT,A,F,,,,,P1D,,,,"ESA 2010 Sectors: S.121, S.122, S.123, S.124, S.125, S.126, S.127, S.128, S.129",,0,,,,,S,"Euro short-term rate, Total volume","Euro short-term rate, Total volume - Unsecured - Overnight - Borrowing - Financial corporations",,EUR,6
2021-10-29,43411,EST.B.EU000A2X2A25.TT,B,EU000A2X2A25,TT,A,F,,,,,P1D,,,,"ESA 2010 Sectors: S.121, S.122, S.123, S.124, S.125, S.126, S.127, S.128, S.129",,0,,,,,S,"Euro short-term rate, Total volume","Euro short-term rate, Total volume - Unsecured - Overnight - Borrowing - Financial corporations",,EUR,6
2021-11-01,51915,EST.B.EU000A2X2A25.TT,B,EU000A2X2A25,TT,A,F,,,,,P1D,,,,"ESA 2010 Sectors: S.121, S.122, S.123, S.124, S.125, S.126, S.127, S.128, S.129",,0,,,,,S,"Euro short-term rate, Total volume","Euro short-term rate, Total volume - Unsecured - Overnight - Borrowing - Financial corporations",,EUR,6
2021-11-02,61435,EST.B.EU000A2X2A25.TT,B,EU000A2X2A25,TT,A,F,,,,,P1D,,,,"ESA 2010 Sectors: S.121, S.122, S.123, S.124, S.125, S.126, S.127, S.128, S.129",,0,,,,,S,"Euro short-term rate, Total volume","Euro short-term rate, Total volume - Unsecured - Overnight - Borrowing - Financial corporations",,EUR,6
2021-11-03,57799,EST.B.EU000A2X2A25.TT,B,EU000A2X2A25,TT,A,F,,,,,P1D,,,,"ESA 2010 Sectors: S.121, S.122, S.123, S.124, S.125, S.126, S.127, S.128, S.129",,0,,,,,S,"Euro short-term rate, Total volume","Euro short-term rate, Total volume - Unsecured - Overnight - Borrowing - Financial corporations",,EUR,6
2021-11-04,56563,EST.B.EU000A2X2A25.TT,B,EU000A2X2A25,TT,A,F,,,,,P1D,,,,"ESA 2010 Sectors: S.121, S.122, S.123, S.124, S.125, S.126, S.127, S.128, S.129",,0,,,,,S,"Euro short-term rate, Total volume","Euro short-term rate, Total volume - Unsecured - Overnight - Borrowing - Financial corporations",,EUR,6
2021-11-05,57861,EST.B.EU000A2X2A25.TT,B,EU000A2X2A25,TT,A,F,,,,,P1D,,,,"ESA 2010 Sectors: S.121, S.122, S.123, S.124, S.125, S.126, S.127, S.128, S.129",,0,,,,,S,"Euro short-term rate, Total volume","Euro short-term rate, Total volume - Unsecured - Overnight - Borrowing - Financial corporations",,EUR,6
2021-11-08,58809,EST.B.EU000A2X2A25.TT,B,EU000A2X2A25,TT,A,F,,,,,P1D,,,,"ESA 2010 Sectors: S.121, S.122, S.123, S.124, S.125, S.126, S.127, S.128, S.129",,0,,,,,S,"Euro short-term rate, Total volume","Euro short-term rate, Total volume - Unsecured - Overnight - Borrowing - Financial corporations",,EUR,6
2021-11-09,58786,EST.B.EU000A2X2A25.TT,B,EU000A2X2A25,TT,A,F,,,,,P1D,,,,"ESA 2010 Sectors: S.121, S.122, S.123, S.124, S.125, S.126, S.127, S.128, S.129",,0,,,,,S,"Euro short-term rate, Total volume","Euro short-term rate, Total volume - Unsecured - Overnight - Borrowing - Financial corporations",,EUR,6
2021-11-10,52346,EST.B.EU000A2X2A25.TT,B,EU000A2X2A25,TT,A,F,,,,,P1D,,,,"ESA 2010 Sectors: S.121, S.122, S.123, S.124, S.125, S.126, S.127, S.128, S.129",,0,,,,,S,"Euro short-term rate, Total volume","Euro short-term rate, Total volume - Unsecured - Overnight - Borrowing - Financial corporations",,EUR,6
2021-11-11,51698,EST.B.EU000A2X2A25.TT,B,EU000A2X2A25,TT,A,F,,,,,P1D,,,,"ESA 2010 Sectors: S.121, S.122, S.123, S.124, S.125, S.126, S.127, S.128, S.129",,0,,,,,S,"Euro short-term rate, Total volume","Euro short-term rate, Total volume - Unsecured - Overnight - Borrowing - Financial corporations",,EUR,6
2021-11-12,51705,EST.B.EU000A2X2A25.TT,B,EU000A2X2A25,TT,A,F,,,,,P1D,,,,"ESA 2010 Sectors: S.121, S.122, S.123, S.124, S.125, S.126, S.127, S.128, S.129",,0,,,,,S,"Euro short-term rate, Total volume","Euro short-term rate, Total volume - Unsecured - Overnight - Borrowing - Financial corporations",,EUR,6
2021-11-15,52188,EST.B.EU000A2X2A25.TT,B,EU000A2X2A25,TT,A,F,,,,,P1D,,,,"ESA 2010 Sectors: S.121, S.122, S.123, S.124, S.125, S.126, S.127, S.128, S.129",,0,,,,,S,"Euro short-term rate, Total volume","Euro short-term rate, Total volume - Unsecured - Overnight - Borrowing - Financial corporations",,EUR,6
2021-11-16,54626,EST.B.EU000A2X2A25.TT,B,EU000A2X2A25,TT,A,F,,,,,P1D,,,,"ESA 2010 Sectors: S.121, S.122, S.123, S.124, S.125, S.126, S.127, S.128, S.129",,0,,,,,S,"Euro short-term rate, Total volume","Euro short-term rate, Total volume - Unsecured - Overnight - Borrowing - Financial corporations",,EUR,6
2021-11-17,51193,EST.B.EU000A2X2A25.TT,B,EU000A2X2A25,TT,A,F,,,,,P1D,,,,"ESA 2010 Sectors: S.121, S.122, S.123, S.124, S.125, S.126, S.127, S.128, S.129",,0,,,,,S,"Euro short-term rate, Total volume","Euro short-term rate, Total volume - Unsecured - Overnight - Borrowing - Financial corporations",,EUR,6
2021-11-18,51693,EST.B.EU000A2X2A25.TT,B,EU000A2X2A25,TT,A,F,,,,,P1D,,,,"ESA 2010 Sectors: S.121, S.122, S.123, S.124, S.125, S.126, S.127, S.128, S.129",,0,,,,,S,"Euro short-term rate, Total volume","Euro short-term rate, Total volume - Unsecured - Overnight - Borrowing - Financial corporations",,EUR,6
2021-11-19,52996,EST.B.EU000A2X2A25.TT,B,EU000A2X2A25,TT,A,F,,,,,P1D,,,,"ESA 2010 Sectors: S.121, S.122, S.123, S.124, S.125, S.126, S.127, S.128, S.129",,0,,,,,S,"Euro short-term rate, Total volume","Euro short-term rate, Total volume - Unsecured - Overnight - Borrowing - Financial corporations",,EUR,6
2021-11-22,55515,EST.B.EU000A2X2A25.TT,B,EU000A2X2A25,TT,A,F,,,,,P1D,,,,"ESA 2010 Sectors: S.121, S.122, S.123, S.124, S.125, S.126, S.127, S.128, S.129",,0,,,,,S,"Euro short-term rate, Total volume","Euro short-term rate, Total volume - Unsecured - Overnight - Borrowing - Financial corporations",,EUR,6
2021-11-23,51820,EST.B.EU000A2X2A25.TT,B,EU000A2X2A25,TT,A,F,,,,,P1D,,,,"ESA 2010 Sectors: S.121, S.122, S.123, S.124, S.125, S.126, S.127, S.128, S.129",,0,,,,,S,"Euro short-term rate, Total volume","Euro short-term rate, Total volume - Unsecured - Overnight - Borrowing - Financial corporations",,EUR,6
2021-11-24,50814,EST.B.EU000A2X2A25.TT,B,EU000A2X2A25,TT,A,F,,,,,P1D,,,,"ESA 2010 Sectors: S.121, S.122, S.123, S.124, S.125, S.126, S.127, S.128, S.129",,0,,,,,S,"Euro short-term rate, Total volume","Euro short-term rate, Total volume - Unsecured - Overnight - Borrowing - Financial corporations",,EUR,6
2021-11-25,48079,EST.B.EU000A2X2A25.TT,B,EU000A2X2A25,TT,A,F,,,,,P1D,,,,"ESA 2010 Sectors: S.121, S.122, S.123, S.124, S.125, S.126, S.127, S.128, S.129",,0,,,,,S,"Euro short-term rate, Total volume","Euro short-term rate, Total volume - Unsecured - Overnight - Borrowing - Financial corporations",,EUR,6
2021-11-26,47414,EST.B.EU000A2X2A25.TT,B,EU000A2X2A25,TT,A,F,,,,,P1D,,,,"ESA 2010 Sectors: S.121, S.122, S.123, S.124, S.125, S.126, S.127, S.128, S.129",,0,,,,,S,"Euro short-term rate, Total volume","Euro short-term rate, Total volume - Unsecured - Overnight - Borrowing - Financial corporations",,EUR,6
2021-11-29,50121,EST.B.EU000A2X2A25.TT,B,EU000A2X2A25,TT,A,F,,,,,P1D,,,,"ESA 2010 Sectors: S.121, S.122, S.123, S.124, S.125, S.126, S.127, S.128, S.129",,0,,,,,S,"Euro short-term rate, Total volume","Euro short-term rate, Total volume - Unsecured - Overnight - Borrowing - Financial corporations",,EUR,6
2021-11-30,49024,EST.B.EU000A2X2A25.TT,B,EU000A2X2A25,TT,A,F,,,,,P1D,,,,"ESA 2010 Sectors: S.121, S.122, S.123, S.124, S.125, S.126, S.127, S.128, S.129",,0,,,,,S,"Euro short-term rate, Total volume","Euro short-term rate, Total volume - Unsecured - Overnight - Borrowing - Financial corporations",,EUR,6
2021-12-01,57156,EST.B.EU000A2X2A25.TT,B,EU000A2X2A25,TT,A,F,,,,,P1D,,,,"ESA 2010 Sectors: S.121, S.122, S.123, S.124, S.125, S.126, S.127, S.128, S.129",,0,,,,,S,"Euro short-term rate, Total volume","Euro short-term rate, Total volume - Unsecured - Overnight - Borrowing - Financial corporations",,EUR,6
2021-12-02,58888,EST.B.EU000A2X2A25.TT,B,EU000A2X2A25,TT,A,F,,,,,P1D,,,,"ESA 2010 Sectors: S.121, S.122, S.123, S.124, S.125, S.126, S.127, S.128, S.129",,0,,,,,S,"Euro short-term rate, Total volume","Euro short-term rate, Total volume - Unsecured - Overnight - Borrowing - Financial corporations",,EUR,6
2021-12-03,56585,EST.B.EU000A2X2A25.TT,B,EU000A2X2A25,TT,A,F,,,,,P1D,,,,"ESA 2010 Sectors: S.121, S.122, S.123, S.124, S.125, S.126, S.127, S.128, S.129",,0,,,,,S,"Euro short-term rate, Total volume","Euro short-term rate, Total volume - Unsecured - Overnight - Borrowing - Financial corporations",,EUR,6
2021-12-06,55956,EST.B.EU000A2X2A25.TT,B,EU000A2X2A25,TT,A,F,,,,,P1D,,,,"ESA 2010 Sectors: S.121, S.122, S.123, S.124, S.125, S.126, S.127, S.128, S.129",,0,,,,,S,"Euro short-term rate, Total volume","Euro short-term rate, Total volume - Unsecured - Overnight - Borrowing - Financial corporations",,EUR,6
2021-12-07,53373,EST.B.EU000A2X2A25.TT,B,EU000A2X2A25,TT,A,F,,,,,P1D,,,,"ESA 2010 Sectors: S.121, S.122, S.123, S.124, S.125, S.126, S.127, S.128, S.129",,0,,,,,S,"Euro short-term rate, Total volume","Euro short-term rate, Total volume - Unsecured - Overnight - Borrowing - Financial corporations",,EUR,6
2021-12-08,52044,EST.B.EU000A2X2A25.TT,B,EU000A2X2A25,TT,A,F,,,,,P1D,,,,"ESA 2010 Sectors: S.121, S.122, S.123, S.124, S.125, S.126, S.127, S.128, S.129",,0,,,,,S,"Euro short-term rate, Total volume","Euro short-term rate, Total volume - Unsecured - Overnight - Borrowing - Financial corporations",,EUR,6
2021-12-09,48196,EST.B.EU000A2X2A25.TT,B,EU000A2X2A25,TT,A,F,,,,,P1D,,,,"ESA 2010 Sectors: S.121, S.122, S.123, S.124, S.125, S.126, S.127, S.128, S.129",,0,,,,,S,"Euro short-term rate, Total volume","Euro short-term rate, Total volume - Unsecured - Overnight - Borrowing - Financial corporations",,EUR,6
2021-12-10,47274,EST.B.EU000A2X2A25.TT,B,EU000A2X2A25,TT,A,F,,,,,P1D,,,,"ESA 2010 Sectors: S.121, S.122, S.123, S.124, S.125, S.126, S.127, S.128, S.129",,0,,,,,S,"Euro short-term rate, Total volume","Euro short-term rate, Total volume - Unsecured - Overnight - Borrowing - Financial corporations",,EUR,6
2021-12-13,45877,EST.B.EU000A2X2A25.TT,B,EU000A2X2A25,TT,A,F,,,,,P1D,,,,"ESA 2010 Sectors: S.121, S.122, S.123, S.124, S.125, S.126, S.127, S.128, S.129",,0,,,,,S,"Euro short-term rate, Total volume","Euro short-term rate, Total volume - Unsecured - Overnight - Borrowing - Financial corporations",,EUR,6
2021-12-14,46144,EST.B.EU000A2X2A25.TT,B,EU000A2X2A25,TT,A,F,,,,,P1D,,,,"ESA 2010 Sectors: S.121, S.122, S.123, S.124, S.125, S.126, S.127, S.128, S.129",,0,,,,,S,"Euro short-term rate, Total volume","Euro short-term rate, Total volume - Unsecured - Overnight - Borrowing - Financial corporations",,EUR,6
2021-12-15,41887,EST.B.EU000A2X2A25.TT,B,EU000A2X2A25,TT,A,F,,,,,P1D,,,,"ESA 2010 Sectors: S.121, S.122, S.123, S.124, S.125, S.126, S.127, S.128, S.129",,0,,,,,S,"Euro short-term rate, Total volume","Euro short-term rate, Total volume - Unsecured - Overnight - Borrowing - Financial corporations",,EUR,6
2021-12-16,43249,EST.B.EU000A2X2A25.TT,B,EU000A2X2A25,TT,A,F,,,,,P1D,,,,"ESA 2010 Sectors: S.121, S.122, S.123, S.124, S.125, S.126, S.127, S.128, S.129",,0,,,,,S,"Euro short-term rate, Total volume","Euro short-term rate, Total volume - Unsecured - Overnight - Borrowing - Financial corporations",,EUR,6
2021-12-17,44473,EST.B.EU000A2X2A25.TT,B,EU000A2X2A25,TT,A,F,,,,,P1D,,,,"ESA 2010 Sectors: S.121, S.122, S.123, S.124, S.125, S.126, S.127, S.128, S.129",,0,,,,,S,"Euro short-term rate, Total volume","Euro short-term rate, Total volume - Unsecured - Overnight - Borrowing - Financial corporations",,EUR,6
2021-12-20,38584,EST.B.EU000A2X2A25.TT,B,EU000A2X2A25,TT,A,F,,,,,P1D,,,,"ESA 2010 Sectors: S.121, S.122, S.123, S.124, S.125, S.126, S.127, S.128, S.129",,0,,,,,S,"Euro short-term rate, Total volume","Euro short-term rate, Total volume - Unsecured - Overnight - Borrowing - Financial corporations",,EUR,6
2021-12-21,40889,EST.B.EU000A2X2A25.TT,B,EU000A2X2A25,TT,A,F,,,,,P1D,,,,"ESA 2010 Sectors: S.121, S.122, S.123, S.124, S.125, S.126, S.127, S.128, S.129",,0,,,,,S,"Euro short-term rate, Total volume","Euro short-term rate, Total volume - Unsecured - Overnight - Borrowing - Financial corporations",,EUR,6
2021-12-22,34591,EST.B.EU000A2X2A25.TT,B,EU000A2X2A25,TT,A,F,,,,,P1D,,,,"ESA 2010 Sectors: S.121, S.122, S.123, S.124, S.125, S.126, S.127, S.128, S.129",,0,,,,,S,"Euro short-term rate, Total volume","Euro short-term rate, Total volume - Unsecured - Overnight - Borrowing - Financial corporations",,EUR,6
2021-12-23,28739,EST.B.EU000A2X2A25.TT,B,EU000A2X2A25,TT,A,F,,,,,P1D,,,,"ESA 2010 Sectors: S.121, S.122, S.123, S.124, S.125, S.126, S.127, S.128, S.129",,0,,,,,S,"Euro short-term rate, Total volume","Euro short-term rate, Total volume - Unsecured - Overnight - Borrowing - Financial corporations",,EUR,6
2021-12-24,20979,EST.B.EU000A2X2A25.TT,B,EU000A2X2A25,TT,A,F,,,,,P1D,,,,"ESA 2010 Sectors: S.121, S.122, S.123, S.124, S.125, S.126, S.127, S.128, S.129",,0,,,,,S,"Euro short-term rate, Total volume","Euro short-term rate, Total volume - Unsecured - Overnight - Borrowing - Financial corporations",,EUR,6
2021-12-27,28533,EST.B.EU000A2X2A25.TT,B,EU000A2X2A25,TT,A,F,,,,,P1D,,,,"ESA 2010 Sectors: S.121, S.122, S.123, S.124, S.125, S.126, S.127, S.128, S.129",,0,,,,,S,"Euro short-term rate, Total volume","Euro short-term rate, Total volume - Unsecured - Overnight - Borrowing - Financial corporations",,EUR,6
2021-12-28,29069,EST.B.EU000A2X2A25.TT,B,EU000A2X2A25,TT,A,F,,,,,P1D,,,,"ESA 2010 Sectors: S.121, S.122, S.123, S.124, S.125, S.126, S.127, S.128, S.129",,0,,,,,S,"Euro short-term rate, Total volume","Euro short-term rate, Total volume - Unsecured - Overnight - Borrowing - Financial corporations",,EUR,6
2021-12-29,41073,EST.B.EU000A2X2A25.TT,B,EU000A2X2A25,TT,A,F,,,,,P1D,,,,"ESA 2010 Sectors: S.121, S.122, S.123, S.124, S.125, S.126, S.127, S.128, S.129",,0,,,,,S,"Euro short-term rate, Total volume","Euro short-term rate, Total volume - Unsecured - Overnight - Borrowing - Financial corporations",,EUR,6
2021-12-30,34922,EST.B.EU000A2X2A25.TT,B,EU000A2X2A25,TT,A,F,,,,,P1D,,,,"ESA 2010 Sectors: S.121, S.122, S.123, S.124, S.125, S.126, S.127, S.128, S.129",,0,,,,,S,"Euro short-term rate, Total volume","Euro short-term rate, Total volume - Unsecured - Overnight - Borrowing - Financial corporations",,EUR,6
2021-12-31,13648,EST.B.EU000A2X2A25.TT,B,EU000A2X2A25,TT,A,F,,,,,P1D,,,,"ESA 2010 Sectors: S.121, S.122, S.123, S.124, S.125, S.126, S.127, S.128, S.129",,0,,,,,S,"Euro short-term rate, Total volume","Euro short-term rate, Total volume - Unsecured - Overnight - Borrowing - Financial corporations",,EUR,6
2022-01-03,34989,EST.B.EU000A2X2A25.TT,B,EU000A2X2A25,TT,A,F,,,,,P1D,,,,"ESA 2010 Sectors: S.121, S.122, S.123, S.124, S.125, S.126, S.127, S.128, S.129",,0,,,,,S,"Euro short-term rate, Total volume","Euro short-term rate, Total volume - Unsecured - Overnight - Borrowing - Financial corporations",,EUR,6
2022-01-04,54350,EST.B.EU000A2X2A25.TT,B,EU000A2X2A25,TT,A,F,,,,,P1D,,,,"ESA 2010 Sectors: S.121, S.122, S.123, S.124, S.125, S.126, S.127, S.128, S.129",,0,,,,,S,"Euro short-term rate, Total volume","Euro short-term rate, Total volume - Unsecured - Overnight - Borrowing - Financial corporations",,EUR,6
2022-01-05,47707,EST.B.EU000A2X2A25.TT,B,EU000A2X2A25,TT,A,F,,,,,P1D,,,,"ESA 2010 Sectors: S.121, S.122, S.123, S.124, S.125, S.126, S.127, S.128, S.129",,0,,,,,S,"Euro short-term rate, Total volume","Euro short-term rate, Total volume - Unsecured - Overnight - Borrowing - Financial corporations",,EUR,6
2022-01-06,52354,EST.B.EU000A2X2A25.TT,B,EU000A2X2A25,TT,A,F,,,,,P1D,,,,"ESA 2010 Sectors: S.121, S.122, S.123, S.124, S.125, S.126, S.127, S.128, S.129",,0,,,,,S,"Euro short-term rate, Total volume","Euro short-term rate, Total volume - Unsecured - Overnight - Borrowing - Financial corporations",,EUR,6
2022-01-07,53850,EST.B.EU000A2X2A25.TT,B,EU000A2X2A25,TT,A,F,,,,,P1D,,,,"ESA 2010 Sectors: S.121, S.122, S.123, S.124, S.125, S.126, S.127, S.128, S.129",,0,,,,,S,"Euro short-term rate, Total volume","Euro short-term rate, Total volume - Unsecured - Overnight - Borrowing - Financial corporations",,EUR,6
2022-01-10,56568,EST.B.EU000A2X2A25.TT,B,EU000A2X2A25,TT,A,F,,,,,P1D,,,,"ESA 2010 Sectors: S.121, S.122, S.123, S.124, S.125, S.126, S.127, S.128, S.129",,0,,,,,S,"Euro short-term rate, Total volume","Euro short-term rate, Total volume - Unsecured - Overnight - Borrowing - Financial corporations",,EUR,6
2022-01-11,58208,EST.B.EU000A2X2A25.TT,B,EU000A2X2A25,TT,A,F,,,,,P1D,,,,"ESA 2010 Sectors: S.121, S.122, S.123, S.124, S.125, S.126, S.127, S.128, S.129",,0,,,,,S,"Euro short-term rate, Total volume","Euro short-term rate, Total volume - Unsecured - Overnight - Borrowing - Financial corporations",,EUR,6
2022-01-12,53460,EST.B.EU000A2X2A25.TT,B,EU000A2X2A25,TT,A,F,,,,,P1D,,,,"ESA 2010 Sectors: S.121, S.122, S.123, S.124, S.125, S.126, S.127, S.128, S.129",,0,,,,,S,"Euro short-term rate, Total volume","Euro short-term rate, Total volume - Unsecured - Overnight - Borrowing - Financial corporations",,EUR,6
2022-01-13,55734,EST.B.EU000A2X2A25.TT,B,EU000A2X2A25,TT,A,F,,,,,P1D,,,,"ESA 2010 Sectors: S.121, S.122, S.123, S.124, S.125, S.126, S.127, S.128, S.129",,0,,,,,S,"Euro short-term rate, Total volume","Euro short-term rate, Total volume - Unsecured - Overnight - Borrowing - Financial corporations",,EUR,6
2022-01-14,58192,EST.B.EU000A2X2A25.TT,B,EU000A2X2A25,TT,A,F,,,,,P1D,,,,"ESA 2010 Sectors: S.121, S.122, S.123, S.124, S.125, S.126, S.127, S.128, S.129",,0,,,,,S,"Euro short-term rate, Total volume","Euro short-term rate, Total volume - Unsecured - Overnight - Borrowing - Financial corporations",,EUR,6
2022-01-17,61387,EST.B.EU000A2X2A25.TT,B,EU000A2X2A25,TT,A,F,,,,,P1D,,,,"ESA 2010 Sectors: S.121, S.122, S.123, S.124, S.125, S.126, S.127, S.128, S.129",,0,,,,,S,"Euro short-term rate, Total volume","Euro short-term rate, Total volume - Unsecured - Overnight - Borrowing - Financial corporations",,EUR,6
2022-01-18,57391,EST.B.EU000A2X2A25.TT,B,EU000A2X2A25,TT,A,F,,,,,P1D,,,,"ESA 2010 Sectors: S.121, S.122, S.123, S.124, S.125, S.126, S.127, S.128, S.129",,0,,,,,S,"Euro short-term rate, Total volume","Euro short-term rate, Total volume - Unsecured - Overnight - Borrowing - Financial corporations",,EUR,6
2022-01-19,59057,EST.B.EU000A2X2A25.TT,B,EU000A2X2A25,TT,A,F,,,,,P1D,,,,"ESA 2010 Sectors: S.121, S.122, S.123, S.124, S.125, S.126, S.127, S.128, S.129",,0,,,,,S,"Euro short-term rate, Total volume","Euro short-term rate, Total volume - Unsecured - Overnight - Borrowing - Financial corporations",,EUR,6
2022-01-20,59181,EST.B.EU000A2X2A25.TT,B,EU000A2X2A25,TT,A,F,,,,,P1D,,,,"ESA 2010 Sectors: S.121, S.122, S.123, S.124, S.125, S.126, S.127, S.128, S.129",,0,,,,,S,"Euro short-term rate, Total volume","Euro short-term rate, Total volume - Unsecured - Overnight - Borrowing - Financial corporations",,EUR,6
2022-01-21,60385,EST.B.EU000A2X2A25.TT,B,EU000A2X2A25,TT,A,F,,,,,P1D,,,,"ESA 2010 Sectors: S.121, S.122, S.123, S.124, S.125, S.126, S.127, S.128, S.129",,0,,,,,S,"Euro short-term rate, Total volume","Euro short-term rate, Total volume - Unsecured - Overnight - Borrowing - Financial corporations",,EUR,6
2022-01-24,56792,EST.B.EU000A2X2A25.TT,B,EU000A2X2A25,TT,A,F,,,,,P1D,,,,"ESA 2010 Sectors: S.121, S.122, S.123, S.124, S.125, S.126, S.127, S.128, S.129",,0,,,,,S,"Euro short-term rate, Total volume","Euro short-term rate, Total volume - Unsecured - Overnight - Borrowing - Financial corporations",,EUR,6
2022-01-25,55916,EST.B.EU000A2X2A25.TT,B,EU000A2X2A25,TT,A,F,,,,,P1D,,,,"ESA 2010 Sectors: S.121, S.122, S.123, S.124, S.125, S.126, S.127, S.128, S.129",,0,,,,,S,"Euro short-term rate, Total volume","Euro short-term rate, Total volume - Unsecured - Overnight - Borrowing - Financial corporations",,EUR,6
2022-01-26,53985,EST.B.EU000A2X2A25.TT,B,EU000A2X2A25,TT,A,F,,,,,P1D,,,,"ESA 2010 Sectors: S.121, S.122, S.123, S.124, S.125, S.126, S.127, S.128, S.129",,0,,,,,S,"Euro short-term rate, Total volume","Euro short-term rate, Total volume - Unsecured - Overnight - Borrowing - Financial corporations",,EUR,6
2022-01-27,49701,EST.B.EU000A2X2A25.TT,B,EU000A2X2A25,TT,A,F,,,,,P1D,,,,"ESA 2010 Sectors: S.121, S.122, S.123, S.124, S.125, S.126, S.127, S.128, S.129",,0,,,,,S,"Euro short-term rate, Total volume","Euro short-term rate, Total volume - Unsecured - Overnight - Borrowing - Financial corporations",,EUR,6
2022-01-28,49577,EST.B.EU000A2X2A25.TT,B,EU000A2X2A25,TT,A,F,,,,,P1D,,,,"ESA 2010 Sectors: S.121, S.122, S.123, S.124, S.125, S.126, S.127, S.128, S.129",,0,,,,,S,"Euro short-term rate, Total volume","Euro short-term rate, Total volume - Unsecured - Overnight - Borrowing - Financial corporations",,EUR,6
2022-01-31,51251,EST.B.EU000A2X2A25.TT,B,EU000A2X2A25,TT,A,F,,,,,P1D,,,,"ESA 2010 Sectors: S.121, S.122, S.123, S.124, S.125, S.126, S.127, S.128, S.129",,0,,,,,S,"Euro short-term rate, Total volume","Euro short-term rate, Total volume - Unsecured - Overnight - Borrowing - Financial corporations",,EUR,6
2022-02-01,61839,EST.B.EU000A2X2A25.TT,B,EU000A2X2A25,TT,A,F,,,,,P1D,,,,"ESA 2010 Sectors: S.121, S.122, S.123, S.124, S.125, S.126, S.127, S.128, S.129",,0,,,,,S,"Euro short-term rate, Total volume","Euro short-term rate, Total volume - Unsecured - Overnight - Borrowing - Financial corporations",,EUR,6
2022-02-02,59971,EST.B.EU000A2X2A25.TT,B,EU000A2X2A25,TT,A,F,,,,,P1D,,,,"ESA 2010 Sectors: S.121, S.122, S.123, S.124, S.125, S.126, S.127, S.128, S.129",,0,,,,,S,"Euro short-term rate, Total volume","Euro short-term rate, Total volume - Unsecured - Overnight - Borrowing - Financial corporations",,EUR,6
2022-02-03,57713,EST.B.EU000A2X2A25.TT,B,EU000A2X2A25,TT,A,F,,,,,P1D,,,,"ESA 2010 Sectors: S.121, S.122, S.123, S.124, S.125, S.126, S.127, S.128, S.129",,0,,,,,S,"Euro short-term rate, Total volume","Euro short-term rate, Total volume - Unsecured - Overnight - Borrowing - Financial corporations",,EUR,6
2022-02-04,59809,EST.B.EU000A2X2A25.TT,B,EU000A2X2A25,TT,A,F,,,,,P1D,,,,"ESA 2010 Sectors: S.121, S.122, S.123, S.124, S.125, S.126, S.127, S.128, S.129",,0,,,,,S,"Euro short-term rate, Total volume","Euro short-term rate, Total volume - Unsecured - Overnight - Borrowing - Financial corporations",,EUR,6
2022-02-07,59909,EST.B.EU000A2X2A25.TT,B,EU000A2X2A25,TT,A,F,,,,,P1D,,,,"ESA 2010 Sectors: S.121, S.122, S.123, S.124, S.125, S.126, S.127, S.128, S.129",,0,,,,,S,"Euro short-term rate, Total volume","Euro short-term rate, Total volume - Unsecured - Overnight - Borrowing - Financial corporations",,EUR,6
2022-02-08,64910,EST.B.EU000A2X2A25.TT,B,EU000A2X2A25,TT,A,F,,,,,P1D,,,,"ESA 2010 Sectors: S.121, S.122, S.123, S.124, S.125, S.126, S.127, S.128, S.129",,0,,,,,S,"Euro short-term rate, Total volume","Euro short-term rate, Total volume - Unsecured - Overnight - Borrowing - Financial corporations",,EUR,6
2022-02-09,59604,EST.B.EU000A2X2A25.TT,B,EU000A2X2A25,TT,A,F,,,,,P1D,,,,"ESA 2010 Sectors: S.121, S.122, S.123, S.124, S.125, S.126, S.127, S.128, S.129",,0,,,,,S,"Euro short-term rate, Total volume","Euro short-term rate, Total volume - Unsecured - Overnight - Borrowing - Financial corporations",,EUR,6
2022-02-10,57260,EST.B.EU000A2X2A25.TT,B,EU000A2X2A25,TT,A,F,,,,,P1D,,,,"ESA 2010 Sectors: S.121, S.122, S.123, S.124, S.125, S.126, S.127, S.128, S.129",,0,,,,,S,"Euro short-term rate, Total volume","Euro short-term rate, Total volume - Unsecured - Overnight - Borrowing - Financial corporations",,EUR,6
2022-02-11,57333,EST.B.EU000A2X2A25.TT,B,EU000A2X2A25,TT,A,F,,,,,P1D,,,,"ESA 2010 Sectors: S.121, S.122, S.123, S.124, S.125, S.126, S.127, S.128, S.129",,0,,,,,S,"Euro short-term rate, Total volume","Euro short-term rate, Total volume - Unsecured - Overnight - Borrowing - Financial corporations",,EUR,6
2022-02-14,58941,EST.B.EU000A2X2A25.TT,B,EU000A2X2A25,TT,A,F,,,,,P1D,,,,"ESA 2010 Sectors: S.121, S.122, S.123, S.124, S.125, S.126, S.127, S.128, S.129",,0,,,,,S,"Euro short-term rate, Total volume","Euro short-term rate, Total volume - Unsecured - Overnight - Borrowing - Financial corporations",,EUR,6
2022-02-15,56535,EST.B.EU000A2X2A25.TT,B,EU000A2X2A25,TT,A,F,,,,,P1D,,,,"ESA 2010 Sectors: S.121, S.122, S.123, S.124, S.125, S.126, S.127, S.128, S.129",,0,,,,,S,"Euro short-term rate, Total volume","Euro short-term rate, Total volume - Unsecured - Overnight - Borrowing - Financial corporations",,EUR,6
2022-02-16,55371,EST.B.EU000A2X2A25.TT,B,EU000A2X2A25,TT,A,F,,,,,P1D,,,,"ESA 2010 Sectors: S.121, S.122, S.123, S.124, S.125, S.126, S.127, S.128, S.129",,0,,,,,S,"Euro short-term rate, Total volume","Euro short-term rate, Total volume - Unsecured - Overnight - Borrowing - Financial corporations",,EUR,6
2022-02-17,56707,EST.B.EU000A2X2A25.TT,B,EU000A2X2A25,TT,A,F,,,,,P1D,,,,"ESA 2010 Sectors: S.121, S.122, S.123, S.124, S.125, S.126, S.127, S.128, S.129",,0,,,,,S,"Euro short-term rate, Total volume","Euro short-term rate, Total volume - Unsecured - Overnight - Borrowing - Financial corporations",,EUR,6
2022-02-18,56196,EST.B.EU000A2X2A25.TT,B,EU000A2X2A25,TT,A,F,,,,,P1D,,,,"ESA 2010 Sectors: S.121, S.122, S.123, S.124, S.125, S.126, S.127, S.128, S.129",,0,,,,,S,"Euro short-term rate, Total volume","Euro short-term rate, Total volume - Unsecured - Overnight - Borrowing - Financial corporations",,EUR,6
2022-02-21,56931,EST.B.EU000A2X2A25.TT,B,EU000A2X2A25,TT,A,F,,,,,P1D,,,,"ESA 2010 Sectors: S.121, S.122, S.123, S.124, S.125, S.126, S.127, S.128, S.129",,0,,,,,S,"Euro short-term rate, Total volume","Euro short-term rate, Total volume - Unsecured - Overnight - Borrowing - Financial corporations",,EUR,6
2022-02-22,55856,EST.B.EU000A2X2A25.TT,B,EU000A2X2A25,TT,A,F,,,,,P1D,,,,"ESA 2010 Sectors: S.121, S.122, S.123, S.124, S.125, S.126, S.127, S.128, S.129",,0,,,,,S,"Euro short-term rate, Total volume","Euro short-term rate, Total volume - Unsecured - Overnight - Borrowing - Financial corporations",,EUR,6
2022-02-23,52700,EST.B.EU000A2X2A25.TT,B,EU000A2X2A25,TT,A,F,,,,,P1D,,,,"ESA 2010 Sectors: S.121, S.122, S.123, S.124, S.125, S.126, S.127, S.128, S.129",,0,,,,,S,"Euro short-term rate, Total volume","Euro short-term rate, Total volume - Unsecured - Overnight - Borrowing - Financial corporations",,EUR,6
2022-02-24,51865,EST.B.EU000A2X2A25.TT,B,EU000A2X2A25,TT,A,F,,,,,P1D,,,,"ESA 2010 Sectors: S.121, S.122, S.123, S.124, S.125, S.126, S.127, S.128, S.129",,0,,,,,S,"Euro short-term rate, Total volume","Euro short-term rate, Total volume - Unsecured - Overnight - Borrowing - Financial corporations",,EUR,6
2022-02-25,51503,EST.B.EU000A2X2A25.TT,B,EU000A2X2A25,TT,A,F,,,,,P1D,,,,"ESA 2010 Sectors: S.121, S.122, S.123, S.124, S.125, S.126, S.127, S.128, S.129",,0,,,,,S,"Euro short-term rate, Total volume","Euro short-term rate, Total volume - Unsecured - Overnight - Borrowing - Financial corporations",,EUR,6
2022-02-28,49166,EST.B.EU000A2X2A25.TT,B,EU000A2X2A25,TT,A,F,,,,,P1D,,,,"ESA 2010 Sectors: S.121, S.122, S.123, S.124, S.125, S.126, S.127, S.128, S.129",,0,,,,,S,"Euro short-term rate, Total volume","Euro short-term rate, Total volume - Unsecured - Overnight - Borrowing - Financial corporations",,EUR,6
2022-03-01,60449,EST.B.EU000A2X2A25.TT,B,EU000A2X2A25,TT,A,F,,,,,P1D,,,,"ESA 2010 Sectors: S.121, S.122, S.123, S.124, S.125, S.126, S.127, S.128, S.129",,0,,,,,S,"Euro short-term rate, Total volume","Euro short-term rate, Total volume - Unsecured - Overnight - Borrowing - Financial corporations",,EUR,6
2022-03-02,58868,EST.B.EU000A2X2A25.TT,B,EU000A2X2A25,TT,A,F,,,,,P1D,,,,"ESA 2010 Sectors: S.121, S.122, S.123, S.124, S.125, S.126, S.127, S.128, S.129",,0,,,,,S,"Euro short-term rate, Total volume","Euro short-term rate, Total volume - Unsecured - Overnight - Borrowing - Financial corporations",,EUR,6
2022-03-03,58643,EST.B.EU000A2X2A25.TT,B,EU000A2X2A25,TT,A,F,,,,,P1D,,,,"ESA 2010 Sectors: S.121, S.122, S.123, S.124, S.125, S.126, S.127, S.128, S.129",,0,,,,,S,"Euro short-term rate, Total volume","Euro short-term rate, Total volume - Unsecured - Overnight - Borrowing - Financial corporations",,EUR,6
2022-03-04,57620,EST.B.EU000A2X2A25.TT,B,EU000A2X2A25,TT,A,F,,,,,P1D,,,,"ESA 2010 Sectors: S.121, S.122, S.123, S.124, S.125, S.126, S.127, S.128, S.129",,0,,,,,S,"Euro short-term rate, Total volume","Euro short-term rate, Total volume - Unsecured - Overnight - Borrowing - Financial corporations",,EUR,6
2022-03-07,63220,EST.B.EU000A2X2A25.TT,B,EU000A2X2A25,TT,A,F,,,,,P1D,,,,"ESA 2010 Sectors: S.121, S.122, S.123, S.124, S.125, S.126, S.127, S.128, S.129",,0,,,,,S,"Euro short-term rate, Total volume","Euro short-term rate, Total volume - Unsecured - Overnight - Borrowing - Financial corporations",,EUR,6
2022-03-08,62845,EST.B.EU000A2X2A25.TT,B,EU000A2X2A25,TT,A,F,,,,,P1D,,,,"ESA 2010 Sectors: S.121, S.122, S.123, S.124, S.125, S.126, S.127, S.128, S.129",,0,,,,,S,"Euro short-term rate, Total volume","Euro short-term rate, Total volume - Unsecured - Overnight - Borrowing - Financial corporations",,EUR,6
2022-03-09,60292,EST.B.EU000A2X2A25.TT,B,EU000A2X2A25,TT,A,F,,,,,P1D,,,,"ESA 2010 Sectors: S.121, S.122, S.123, S.124, S.125, S.126, S.127, S.128, S.129",,0,,,,,S,"Euro short-term rate, Total volume","Euro short-term rate, Total volume - Unsecured - Overnight - Borrowing - Financial corporations",,EUR,6
2022-03-10,57504,EST.B.EU000A2X2A25.TT,B,EU000A2X2A25,TT,A,F,,,,,P1D,,,,"ESA 2010 Sectors: S.121, S.122, S.123, S.124, S.125, S.126, S.127, S.128, S.129",,0,,,,,S,"Euro short-term rate, Total volume","Euro short-term rate, Total volume - Unsecured - Overnight - Borrowing - Financial corporations",,EUR,6
2022-03-11,55136,EST.B.EU000A2X2A25.TT,B,EU000A2X2A25,TT,A,F,,,,,P1D,,,,"ESA 2010 Sectors: S.121, S.122, S.123, S.124, S.125, S.126, S.127, S.128, S.129",,0,,,,,S,"Euro short-term rate, Total volume","Euro short-term rate, Total volume - Unsecured - Overnight - Borrowing - Financial corporations",,EUR,6
2022-03-14,56222,EST.B.EU000A2X2A25.TT,B,EU000A2X2A25,TT,A,F,,,,,P1D,,,,"ESA 2010 Sectors: S.121, S.122, S.123, S.124, S.125, S.126, S.127, S.128, S.129",,0,,,,,S,"Euro short-term rate, Total volume","Euro short-term rate, Total volume - Unsecured - Overnight - Borrowing - Financial corporations",,EUR,6
2022-03-15,58829,EST.B.EU000A2X2A25.TT,B,EU000A2X2A25,TT,A,F,,,,,P1D,,,,"ESA 2010 Sectors: S.121, S.122, S.123, S.124, S.125, S.126, S.127, S.128, S.129",,0,,,,,S,"Euro short-term rate, Total volume","Euro short-term rate, Total volume - Unsecured - Overnight - Borrowing - Financial corporations",,EUR,6
2022-03-16,57659,EST.B.EU000A2X2A25.TT,B,EU000A2X2A25,TT,A,F,,,,,P1D,,,,"ESA 2010 Sectors: S.121, S.122, S.123, S.124, S.125, S.126, S.127, S.128, S.129",,0,,,,,S,"Euro short-term rate, Total volume","Euro short-term rate, Total volume - Unsecured - Overnight - Borrowing - Financial corporations",,EUR,6
2022-03-17,55349,EST.B.EU000A2X2A25.TT,B,EU000A2X2A25,TT,A,F,,,,,P1D,,,,"ESA 2010 Sectors: S.121, S.122, S.123, S.124, S.125, S.126, S.127, S.128, S.129",,0,,,,,S,"Euro short-term rate, Total volume","Euro short-term rate, Total volume - Unsecured - Overnight - Borrowing - Financial corporations",,EUR,6
2022-03-18,58552,EST.B.EU000A2X2A25.TT,B,EU000A2X2A25,TT,A,F,,,,,P1D,,,,"ESA 2010 Sectors: S.121, S.122, S.123, S.124, S.125, S.126, S.127, S.128, S.129",,0,,,,,S,"Euro short-term rate, Total volume","Euro short-term rate, Total volume - Unsecured - Overnight - Borrowing - Financial corporations",,EUR,6
2022-03-21,59267,EST.B.EU000A2X2A25.TT,B,EU000A2X2A25,TT,A,F,,,,,P1D,,,,"ESA 2010 Sectors: S.121, S.122, S.123, S.124, S.125, S.126, S.127, S.128, S.129",,0,,,,,S,"Euro short-term rate, Total volume","Euro short-term rate, Total volume - Unsecured - Overnight - Borrowing - Financial corporations",,EUR,6
2022-03-22,55017,EST.B.EU000A2X2A25.TT,B,EU000A2X2A25,TT,A,F,,,,,P1D,,,,"ESA 2010 Sectors: S.121, S.122, S.123, S.124, S.125, S.126, S.127, S.128, S.129",,0,,,,,S,"Euro short-term rate, Total volume","Euro short-term rate, Total volume - Unsecured - Overnight - Borrowing - Financial corporations",,EUR,6
2022-03-23,53456,EST.B.EU000A2X2A25.TT,B,EU000A2X2A25,TT,A,F,,,,,P1D,,,,"ESA 2010 Sectors: S.121, S.122, S.123, S.124, S.125, S.126, S.127, S.128, S.129",,0,,,,,S,"Euro short-term rate, Total volume","Euro short-term rate, Total volume - Unsecured - Overnight - Borrowing - Financial corporations",,EUR,6
2022-03-24,51984,EST.B.EU000A2X2A25.TT,B,EU000A2X2A25,TT,A,F,,,,,P1D,,,,"ESA 2010 Sectors: S.121, S.122, S.123, S.124, S.125, S.126, S.127, S.128, S.129",,0,,,,,S,"Euro short-term rate, Total volume","Euro short-term rate, Total volume - Unsecured - Overnight - Borrowing - Financial corporations",,EUR,6
2022-03-25,49459,EST.B.EU000A2X2A25.TT,B,EU000A2X2A25,TT,A,F,,,,,P1D,,,,"ESA 2010 Sectors: S.121, S.122, S.123, S.124, S.125, S.126, S.127, S.128, S.129",,0,,,,,S,"Euro short-term rate, Total volume","Euro short-term rate, Total volume - Unsecured - Overnight - Borrowing - Financial corporations",,EUR,6
2022-03-28,51272,EST.B.EU000A2X2A25.TT,B,EU000A2X2A25,TT,A,F,,,,,P1D,,,,"ESA 2010 Sectors: S.121, S.122, S.123, S.124, S.125, S.126, S.127, S.128, S.129",,0,,,,,S,"Euro short-term rate, Total volume","Euro short-term rate, Total volume - Unsecured - Overnight - Borrowing - Financial corporations",,EUR,6
2022-03-29,50828,EST.B.EU000A2X2A25.TT,B,EU000A2X2A25,TT,A,F,,,,,P1D,,,,"ESA 2010 Sectors: S.121, S.122, S.123, S.124, S.125, S.126, S.127, S.128, S.129",,0,,,,,S,"Euro short-term rate, Total volume","Euro short-term rate, Total volume - Unsecured - Overnight - Borrowing - Financial corporations",,EUR,6
2022-03-30,48039,EST.B.EU000A2X2A25.TT,B,EU000A2X2A25,TT,A,F,,,,,P1D,,,,"ESA 2010 Sectors: S.121, S.122, S.123, S.124, S.125, S.126, S.127, S.128, S.129",,0,,,,,S,"Euro short-term rate, Total volume","Euro short-term rate, Total volume - Unsecured - Overnight - Borrowing - Financial corporations",,EUR,6
2022-03-31,49246,EST.B.EU000A2X2A25.TT,B,EU000A2X2A25,TT,A,F,,,,,P1D,,,,"ESA 2010 Sectors: S.121, S.122, S.123, S.124, S.125, S.126, S.127, S.128, S.129",,0,,,,,S,"Euro short-term rate, Total volume","Euro short-term rate, Total volume - Unsecured - Overnight - Borrowing - Financial corporations",,EUR,6
2022-04-01,47352,EST.B.EU000A2X2A25.TT,B,EU000A2X2A25,TT,A,F,,,,,P1D,,,,"ESA 2010 Sectors: S.121, S.122, S.123, S.124, S.125, S.126, S.127, S.128, S.129",,0,,,,,S,"Euro short-term rate, Total volume","Euro short-term rate, Total volume - Unsecured - Overnight - Borrowing - Financial corporations",,EUR,6
2022-04-04,53551,EST.B.EU000A2X2A25.TT,B,EU000A2X2A25,TT,A,F,,,,,P1D,,,,"ESA 2010 Sectors: S.121, S.122, S.123, S.124, S.125, S.126, S.127, S.128, S.129",,0,,,,,S,"Euro short-term rate, Total volume","Euro short-term rate, Total volume - Unsecured - Overnight - Borrowing - Financial corporations",,EUR,6
2022-04-05,50523,EST.B.EU000A2X2A25.TT,B,EU000A2X2A25,TT,A,F,,,,,P1D,,,,"ESA 2010 Sectors: S.121, S.122, S.123, S.124, S.125, S.126, S.127, S.128, S.129",,0,,,,,S,"Euro short-term rate, Total volume","Euro short-term rate, Total volume - Unsecured - Overnight - Borrowing - Financial corporations",,EUR,6
2022-04-06,50236,EST.B.EU000A2X2A25.TT,B,EU000A2X2A25,TT,A,F,,,,,P1D,,,,"ESA 2010 Sectors: S.121, S.122, S.123, S.124, S.125, S.126, S.127, S.128, S.129",,0,,,,,S,"Euro short-term rate, Total volume","Euro short-term rate, Total volume - Unsecured - Overnight - Borrowing - Financial corporations",,EUR,6
2022-04-07,46296,EST.B.EU000A2X2A25.TT,B,EU000A2X2A25,TT,A,F,,,,,P1D,,,,"ESA 2010 Sectors: S.121, S.122, S.123, S.124, S.125, S.126, S.127, S.128, S.129",,0,,,,,S,"Euro short-term rate, Total volume","Euro short-term rate, Total volume - Unsecured - Overnight - Borrowing - Financial corporations",,EUR,6
2022-04-08,47007,EST.B.EU000A2X2A25.TT,B,EU000A2X2A25,TT,A,F,,,,,P1D,,,,"ESA 2010 Sectors: S.121, S.122, S.123, S.124, S.125, S.126, S.127, S.128, S.129",,0,,,,,S,"Euro short-term rate, Total volume","Euro short-term rate, Total volume - Unsecured - Overnight - Borrowing - Financial corporations",,EUR,6
2022-04-11,51375,EST.B.EU000A2X2A25.TT,B,EU000A2X2A25,TT,A,F,,,,,P1D,,,,"ESA 2010 Sectors: S.121, S.122, S.123, S.124, S.125, S.126, S.127, S.128, S.129",,0,,,,,S,"Euro short-term rate, Total volume","Euro short-term rate, Total volume - Unsecured - Overnight - Borrowing - Financial corporations",,EUR,6
2022-04-12,49164,EST.B.EU000A2X2A25.TT,B,EU000A2X2A25,TT,A,F,,,,,P1D,,,,"ESA 2010 Sectors: S.121, S.122, S.123, S.124, S.125, S.126, S.127, S.128, S.129",,0,,,,,S,"Euro short-term rate, Total volume","Euro short-term rate, Total volume - Unsecured - Overnight - Borrowing - Financial corporations",,EUR,6
2022-04-13,48787,EST.B.EU000A2X2A25.TT,B,EU000A2X2A25,TT,A,F,,,,,P1D,,,,"ESA 2010 Sectors: S.121, S.122, S.123, S.124, S.125, S.126, S.127, S.128, S.129",,0,,,,,S,"Euro short-term rate, Total volume","Euro short-term rate, Total volume - Unsecured - Overnight - Borrowing - Financial corporations",,EUR,6
2022-04-14,49464,EST.B.EU000A2X2A25.TT,B,EU000A2X2A25,TT,A,F,,,,,P1D,,,,"ESA 2010 Sectors: S.121, S.122, S.123, S.124, S.125, S.126, S.127, S.128, S.129",,0,,,,,S,"Euro short-term rate, Total volume","Euro short-term rate, Total volume - Unsecured - Overnight - Borrowing - Financial corporations",,EUR,6
2022-04-19,56421,EST.B.EU000A2X2A25.TT,B,EU000A2X2A25,TT,A,F,,,,,P1D,,,,"ESA 2010 Sectors: S.121, S.122, S.123, S.124, S.125, S.126, S.127, S.128, S.129",,0,,,,,S,"Euro short-term rate, Total volume","Euro short-term rate, Total volume - Unsecured - Overnight - Borrowing - Financial corporations",,EUR,6
2022-04-20,52926,EST.B.EU000A2X2A25.TT,B,EU000A2X2A25,TT,A,F,,,,,P1D,,,,"ESA 2010 Sectors: S.121, S.122, S.123, S.124, S.125, S.126, S.127, S.128, S.129",,0,,,,,S,"Euro short-term rate, Total volume","Euro short-term rate, Total volume - Unsecured - Overnight - Borrowing - Financial corporations",,EUR,6
2022-04-21,52801,EST.B.EU000A2X2A25.TT,B,EU000A2X2A25,TT,A,F,,,,,P1D,,,,"ESA 2010 Sectors: S.121, S.122, S.123, S.124, S.125, S.126, S.127, S.128, S.129",,0,,,,,S,"Euro short-term rate, Total volume","Euro short-term rate, Total volume - Unsecured - Overnight - Borrowing - Financial corporations",,EUR,6
2022-04-22,52795,EST.B.EU000A2X2A25.TT,B,EU000A2X2A25,TT,A,F,,,,,P1D,,,,"ESA 2010 Sectors: S.121, S.122, S.123, S.124, S.125, S.126, S.127, S.128, S.129",,0,,,,,S,"Euro short-term rate, Total volume","Euro short-term rate, Total volume - Unsecured - Overnight - Borrowing - Financial corporations",,EUR,6
2022-04-25,54530,EST.B.EU000A2X2A25.TT,B,EU000A2X2A25,TT,A,F,,,,,P1D,,,,"ESA 2010 Sectors: S.121, S.122, S.123, S.124, S.125, S.126, S.127, S.128, S.129",,0,,,,,S,"Euro short-term rate, Total volume","Euro short-term rate, Total volume - Unsecured - Overnight - Borrowing - Financial corporations",,EUR,6
2022-04-26,54528,EST.B.EU000A2X2A25.TT,B,EU000A2X2A25,TT,A,F,,,,,P1D,,,,"ESA 2010 Sectors: S.121, S.122, S.123, S.124, S.125, S.126, S.127, S.128, S.129",,0,,,,,S,"Euro short-term rate, Total volume","Euro short-term rate, Total volume - Unsecured - Overnight - Borrowing - Financial corporations",,EUR,6
2022-04-27,52664,EST.B.EU000A2X2A25.TT,B,EU000A2X2A25,TT,A,F,,,,,P1D,,,,"ESA 2010 Sectors: S.121, S.122, S.123, S.124, S.125, S.126, S.127, S.128, S.129",,0,,,,,S,"Euro short-term rate, Total volume","Euro short-term rate, Total volume - Unsecured - Overnight - Borrowing - Financial corporations",,EUR,6
2022-04-28,50131,EST.B.EU000A2X2A25.TT,B,EU000A2X2A25,TT,A,F,,,,,P1D,,,,"ESA 2010 Sectors: S.121, S.122, S.123, S.124, S.125, S.126, S.127, S.128, S.129",,0,,,,,S,"Euro short-term rate, Total volume","Euro short-term rate, Total volume - Unsecured - Overnight - Borrowing - Financial corporations",,EUR,6
2022-04-29,32825,EST.B.EU000A2X2A25.TT,B,EU000A2X2A25,TT,A,F,,,,,P1D,,,,"ESA 2010 Sectors: S.121, S.122, S.123, S.124, S.125, S.126, S.127, S.128, S.129",,0,,,,,S,"Euro short-term rate, Total volume","Euro short-term rate, Total volume - Unsecured - Overnight - Borrowing - Financial corporations",,EUR,6
2022-05-02,37633,EST.B.EU000A2X2A25.TT,B,EU000A2X2A25,TT,A,F,,,,,P1D,,,,"ESA 2010 Sectors: S.121, S.122, S.123, S.124, S.125, S.126, S.127, S.128, S.129",,0,,,,,S,"Euro short-term rate, Total volume","Euro short-term rate, Total volume - Unsecured - Overnight - Borrowing - Financial corporations",,EUR,6
2022-05-03,42286,EST.B.EU000A2X2A25.TT,B,EU000A2X2A25,TT,A,F,,,,,P1D,,,,"ESA 2010 Sectors: S.121, S.122, S.123, S.124, S.125, S.126, S.127, S.128, S.129",,0,,,,,S,"Euro short-term rate, Total volume","Euro short-term rate, Total volume - Unsecured - Overnight - Borrowing - Financial corporations",,EUR,6
2022-05-04,54230,EST.B.EU000A2X2A25.TT,B,EU000A2X2A25,TT,A,F,,,,,P1D,,,,"ESA 2010 Sectors: S.121, S.122, S.123, S.124, S.125, S.126, S.127, S.128, S.129",,0,,,,,S,"Euro short-term rate, Total volume","Euro short-term rate, Total volume - Unsecured - Overnight - Borrowing - Financial corporations",,EUR,6
2022-05-05,53671,EST.B.EU000A2X2A25.TT,B,EU000A2X2A25,TT,A,F,,,,,P1D,,,,"ESA 2010 Sectors: S.121, S.122, S.123, S.124, S.125, S.126, S.127, S.128, S.129",,0,,,,,S,"Euro short-term rate, Total volume","Euro short-term rate, Total volume - Unsecured - Overnight - Borrowing - Financial corporations",,EUR,6
2022-05-06,50704,EST.B.EU000A2X2A25.TT,B,EU000A2X2A25,TT,A,F,,,,,P1D,,,,"ESA 2010 Sectors: S.121, S.122, S.123, S.124, S.125, S.126, S.127, S.128, S.129",,0,,,,,S,"Euro short-term rate, Total volume","Euro short-term rate, Total volume - Unsecured - Overnight - Borrowing - Financial corporations",,EUR,6
2022-05-09,50849,EST.B.EU000A2X2A25.TT,B,EU000A2X2A25,TT,A,F,,,,,P1D,,,,"ESA 2010 Sectors: S.121, S.122, S.123, S.124, S.125, S.126, S.127, S.128, S.129",,0,,,,,S,"Euro short-term rate, Total volume","Euro short-term rate, Total volume - Unsecured - Overnight - Borrowing - Financial corporations",,EUR,6
2022-05-10,49803,EST.B.EU000A2X2A25.TT,B,EU000A2X2A25,TT,A,F,,,,,P1D,,,,"ESA 2010 Sectors: S.121, S.122, S.123, S.124, S.125, S.126, S.127, S.128, S.129",,0,,,,,S,"Euro short-term rate, Total volume","Euro short-term rate, Total volume - Unsecured - Overnight - Borrowing - Financial corporations",,EUR,6
2022-05-11,50222,EST.B.EU000A2X2A25.TT,B,EU000A2X2A25,TT,A,F,,,,,P1D,,,,"ESA 2010 Sectors: S.121, S.122, S.123, S.124, S.125, S.126, S.127, S.128, S.129",,0,,,,,S,"Euro short-term rate, Total volume","Euro short-term rate, Total volume - Unsecured - Overnight - Borrowing - Financial corporations",,EUR,6
2022-05-12,51681,EST.B.EU000A2X2A25.TT,B,EU000A2X2A25,TT,A,F,,,,,P1D,,,,"ESA 2010 Sectors: S.121, S.122, S.123, S.124, S.125, S.126, S.127, S.128, S.129",,0,,,,,S,"Euro short-term rate, Total volume","Euro short-term rate, Total volume - Unsecured - Overnight - Borrowing - Financial corporations",,EUR,6
2022-05-13,50090,EST.B.EU000A2X2A25.TT,B,EU000A2X2A25,TT,A,F,,,,,P1D,,,,"ESA 2010 Sectors: S.121, S.122, S.123, S.124, S.125, S.126, S.127, S.128, S.129",,0,,,,,S,"Euro short-term rate, Total volume","Euro short-term rate, Total volume - Unsecured - Overnight - Borrowing - Financial corporations",,EUR,6
2022-05-16,50348,EST.B.EU000A2X2A25.TT,B,EU000A2X2A25,TT,A,F,,,,,P1D,,,,"ESA 2010 Sectors: S.121, S.122, S.123, S.124, S.125, S.126, S.127, S.128, S.129",,0,,,,,S,"Euro short-term rate, Total volume","Euro short-term rate, Total volume - Unsecured - Overnight - Borrowing - Financial corporations",,EUR,6
2022-05-17,50165,EST.B.EU000A2X2A25.TT,B,EU000A2X2A25,TT,A,F,,,,,P1D,,,,"ESA 2010 Sectors: S.121, S.122, S.123, S.124, S.125, S.126, S.127, S.128, S.129",,0,,,,,S,"Euro short-term rate, Total volume","Euro short-term rate, Total volume - Unsecured - Overnight - Borrowing - Financial corporations",,EUR,6
2022-05-18,52370,EST.B.EU000A2X2A25.TT,B,EU000A2X2A25,TT,A,F,,,,,P1D,,,,"ESA 2010 Sectors: S.121, S.122, S.123, S.124, S.125, S.126, S.127, S.128, S.129",,0,,,,,S,"Euro short-term rate, Total volume","Euro short-term rate, Total volume - Unsecured - Overnight - Borrowing - Financial corporations",,EUR,6
2022-05-19,52549,EST.B.EU000A2X2A25.TT,B,EU000A2X2A25,TT,A,F,,,,,P1D,,,,"ESA 2010 Sectors: S.121, S.122, S.123, S.124, S.125, S.126, S.127, S.128, S.129",,0,,,,,S,"Euro short-term rate, Total volume","Euro short-term rate, Total volume - Unsecured - Overnight - Borrowing - Financial corporations",,EUR,6
2022-05-20,51990,EST.B.EU000A2X2A25.TT,B,EU000A2X2A25,TT,A,F,,,,,P1D,,,,"ESA 2010 Sectors: S.121, S.122, S.123, S.124, S.125, S.126, S.127, S.128, S.129",,0,,,,,S,"Euro short-term rate, Total volume","Euro short-term rate, Total volume - Unsecured - Overnight - Borrowing - Financial corporations",,EUR,6
2022-05-23,50977,EST.B.EU000A2X2A25.TT,B,EU000A2X2A25,TT,A,F,,,,,P1D,,,,"ESA 2010 Sectors: S.121, S.122, S.123, S.124, S.125, S.126, S.127, S.128, S.129",,0,,,,,S,"Euro short-term rate, Total volume","Euro short-term rate, Total volume - Unsecured - Overnight - Borrowing - Financial corporations",,EUR,6
2022-05-24,48403,EST.B.EU000A2X2A25.TT,B,EU000A2X2A25,TT,A,F,,,,,P1D,,,,"ESA 2010 Sectors: S.121, S.122, S.123, S.124, S.125, S.126, S.127, S.128, S.129",,0,,,,,S,"Euro short-term rate, Total volume","Euro short-term rate, Total volume - Unsecured - Overnight - Borrowing - Financial corporations",,EUR,6
2022-05-25,37427,EST.B.EU000A2X2A25.TT,B,EU000A2X2A25,TT,A,F,,,,,P1D,,,,"ESA 2010 Sectors: S.121, S.122, S.123, S.124, S.125, S.126, S.127, S.128, S.129",,0,,,,,S,"Euro short-term rate, Total volume","Euro short-term rate, Total volume - Unsecured - Overnight - Borrowing - Financial corporations",,EUR,6
2022-05-26,30811,EST.B.EU000A2X2A25.TT,B,EU000A2X2A25,TT,A,F,,,,,P1D,,,,"ESA 2010 Sectors: S.121, S.122, S.123, S.124, S.125, S.126, S.127, S.128, S.129",,0,,,,,S,"Euro short-term rate, Total volume","Euro short-term rate, Total volume - Unsecured - Overnight - Borrowing - Financial corporations",,EUR,6
2022-05-27,50882,EST.B.EU000A2X2A25.TT,B,EU000A2X2A25,TT,A,F,,,,,P1D,,,,"ESA 2010 Sectors: S.121, S.122, S.123, S.124, S.125, S.126, S.127, S.128, S.129",,0,,,,,S,"Euro short-term rate, Total volume","Euro short-term rate, Total volume - Unsecured - Overnight - Borrowing - Financial corporations",,EUR,6
2022-05-30,52570,EST.B.EU000A2X2A25.TT,B,EU000A2X2A25,TT,A,F,,,,,P1D,,,,"ESA 2010 Sectors: S.121, S.122, S.123, S.124, S.125, S.126, S.127, S.128, S.129",,0,,,,,S,"Euro short-term rate, Total volume","Euro short-term rate, Total volume - Unsecured - Overnight - Borrowing - Financial corporations",,EUR,6
2022-05-31,46639,EST.B.EU000A2X2A25.TT,B,EU000A2X2A25,TT,A,F,,,,,P1D,,,,"ESA 2010 Sectors: S.121, S.122, S.123, S.124, S.125, S.126, S.127, S.128, S.129",,0,,,,,S,"Euro short-term rate, Total volume","Euro short-term rate, Total volume - Unsecured - Overnight - Borrowing - Financial corporations",,EUR,6
2022-06-01,42701,EST.B.EU000A2X2A25.TT,B,EU000A2X2A25,TT,A,F,,,,,P1D,,,,"ESA 2010 Sectors: S.121, S.122, S.123, S.124, S.125, S.126, S.127, S.128, S.129",,0,,,,,S,"Euro short-term rate, Total volume","Euro short-term rate, Total volume - Unsecured - Overnight - Borrowing - Financial corporations",,EUR,6
2022-06-02,43042,EST.B.EU000A2X2A25.TT,B,EU000A2X2A25,TT,A,F,,,,,P1D,,,,"ESA 2010 Sectors: S.121, S.122, S.123, S.124, S.125, S.126, S.127, S.128, S.129",,0,,,,,S,"Euro short-term rate, Total volume","Euro short-term rate, Total volume - Unsecured - Overnight - Borrowing - Financial corporations",,EUR,6
2022-06-03,30981,EST.B.EU000A2X2A25.TT,B,EU000A2X2A25,TT,A,F,,,,,P1D,,,,"ESA 2010 Sectors: S.121, S.122, S.123, S.124, S.125, S.126, S.127, S.128, S.129",,0,,,,,S,"Euro short-term rate, Total volume","Euro short-term rate, Total volume - Unsecured - Overnight - Borrowing - Financial corporations",,EUR,6
2022-06-06,33909,EST.B.EU000A2X2A25.TT,B,EU000A2X2A25,TT,A,F,,,,,P1D,,,,"ESA 2010 Sectors: S.121, S.122, S.123, S.124, S.125, S.126, S.127, S.128, S.129",,0,,,,,S,"Euro short-term rate, Total volume","Euro short-term rate, Total volume - Unsecured - Overnight - Borrowing - Financial corporations",,EUR,6
2022-06-07,52531,EST.B.EU000A2X2A25.TT,B,EU000A2X2A25,TT,A,F,,,,,P1D,,,,"ESA 2010 Sectors: S.121, S.122, S.123, S.124, S.125, S.126, S.127, S.128, S.129",,0,,,,,S,"Euro short-term rate, Total volume","Euro short-term rate, Total volume - Unsecured - Overnight - Borrowing - Financial corporations",,EUR,6
2022-06-08,52783,EST.B.EU000A2X2A25.TT,B,EU000A2X2A25,TT,A,F,,,,,P1D,,,,"ESA 2010 Sectors: S.121, S.122, S.123, S.124, S.125, S.126, S.127, S.128, S.129",,0,,,,,S,"Euro short-term rate, Total volume","Euro short-term rate, Total volume - Unsecured - Overnight - Borrowing - Financial corporations",,EUR,6
2022-06-09,54342,EST.B.EU000A2X2A25.TT,B,EU000A2X2A25,TT,A,F,,,,,P1D,,,,"ESA 2010 Sectors: S.121, S.122, S.123, S.124, S.125, S.126, S.127, S.128, S.129",,0,,,,,S,"Euro short-term rate, Total volume","Euro short-term rate, Total volume - Unsecured - Overnight - Borrowing - Financial corporations",,EUR,6
2022-06-10,52937,EST.B.EU000A2X2A25.TT,B,EU000A2X2A25,TT,A,F,,,,,P1D,,,,"ESA 2010 Sectors: S.121, S.122, S.123, S.124, S.125, S.126, S.127, S.128, S.129",,0,,,,,S,"Euro short-term rate, Total volume","Euro short-term rate, Total volume - Unsecured - Overnight - Borrowing - Financial corporations",,EUR,6
2022-06-13,53122,EST.B.EU000A2X2A25.TT,B,EU000A2X2A25,TT,A,F,,,,,P1D,,,,"ESA 2010 Sectors: S.121, S.122, S.123, S.124, S.125, S.126, S.127, S.128, S.129",,0,,,,,S,"Euro short-term rate, Total volume","Euro short-term rate, Total volume - Unsecured - Overnight - Borrowing - Financial corporations",,EUR,6
2022-06-14,54692,EST.B.EU000A2X2A25.TT,B,EU000A2X2A25,TT,A,F,,,,,P1D,,,,"ESA 2010 Sectors: S.121, S.122, S.123, S.124, S.125, S.126, S.127, S.128, S.129",,0,,,,,S,"Euro short-term rate, Total volume","Euro short-term rate, Total volume - Unsecured - Overnight - Borrowing - Financial corporations",,EUR,6
2022-06-15,41842,EST.B.EU000A2X2A25.TT,B,EU000A2X2A25,TT,A,F,,,,,P1D,,,,"ESA 2010 Sectors: S.121, S.122, S.123, S.124, S.125, S.126, S.127, S.128, S.129",,0,,,,,S,"Euro short-term rate, Total volume","Euro short-term rate, Total volume - Unsecured - Overnight - Borrowing - Financial corporations",,EUR,6
2022-06-16,35547,EST.B.EU000A2X2A25.TT,B,EU000A2X2A25,TT,A,F,,,,,P1D,,,,"ESA 2010 Sectors: S.121, S.122, S.123, S.124, S.125, S.126, S.127, S.128, S.129",,0,,,,,S,"Euro short-term rate, Total volume","Euro short-term rate, Total volume - Unsecured - Overnight - Borrowing - Financial corporations",,EUR,6
2022-06-17,52402,EST.B.EU000A2X2A25.TT,B,EU000A2X2A25,TT,A,F,,,,,P1D,,,,"ESA 2010 Sectors: S.121, S.122, S.123, S.124, S.125, S.126, S.127, S.128, S.129",,0,,,,,S,"Euro short-term rate, Total volume","Euro short-term rate, Total volume - Unsecured - Overnight - Borrowing - Financial corporations",,EUR,6
2022-06-20,54669,EST.B.EU000A2X2A25.TT,B,EU000A2X2A25,TT,A,F,,,,,P1D,,,,"ESA 2010 Sectors: S.121, S.122, S.123, S.124, S.125, S.126, S.127, S.128, S.129",,0,,,,,S,"Euro short-term rate, Total volume","Euro short-term rate, Total volume - Unsecured - Overnight - Borrowing - Financial corporations",,EUR,6
2022-06-21,54285,EST.B.EU000A2X2A25.TT,B,EU000A2X2A25,TT,A,F,,,,,P1D,,,,"ESA 2010 Sectors: S.121, S.122, S.123, S.124, S.125, S.126, S.127, S.128, S.129",,0,,,,,S,"Euro short-term rate, Total volume","Euro short-term rate, Total volume - Unsecured - Overnight - Borrowing - Financial corporations",,EUR,6
2022-06-22,49124,EST.B.EU000A2X2A25.TT,B,EU000A2X2A25,TT,A,F,,,,,P1D,,,,"ESA 2010 Sectors: S.121, S.122, S.123, S.124, S.125, S.126, S.127, S.128, S.129",,0,,,,,S,"Euro short-term rate, Total volume","Euro short-term rate, Total volume - Unsecured - Overnight - Borrowing - Financial corporations",,EUR,6
2022-06-23,46555,EST.B.EU000A2X2A25.TT,B,EU000A2X2A25,TT,A,F,,,,,P1D,,,,"ESA 2010 Sectors: S.121, S.122, S.123, S.124, S.125, S.126, S.127, S.128, S.129",,0,,,,,S,"Euro short-term rate, Total volume","Euro short-term rate, Total volume - Unsecured - Overnight - Borrowing - Financial corporations",,EUR,6
2022-06-24,46271,EST.B.EU000A2X2A25.TT,B,EU000A2X2A25,TT,A,F,,,,,P1D,,,,"ESA 2010 Sectors: S.121, S.122, S.123, S.124, S.125, S.126, S.127, S.128, S.129",,0,,,,,S,"Euro short-term rate, Total volume","Euro short-term rate, Total volume - Unsecured - Overnight - Borrowing - Financial corporations",,EUR,6
2022-06-27,49738,EST.B.EU000A2X2A25.TT,B,EU000A2X2A25,TT,A,F,,,,,P1D,,,,"ESA 2010 Sectors: S.121, S.122, S.123, S.124, S.125, S.126, S.127, S.128, S.129",,0,,,,,S,"Euro short-term rate, Total volume","Euro short-term rate, Total volume - Unsecured - Overnight - Borrowing - Financial corporations",,EUR,6
2022-06-28,49215,EST.B.EU000A2X2A25.TT,B,EU000A2X2A25,TT,A,F,,,,,P1D,,,,"ESA 2010 Sectors: S.121, S.122, S.123, S.124, S.125, S.126, S.127, S.128, S.129",,0,,,,,S,"Euro short-term rate, Total volume","Euro short-term rate, Total volume - Unsecured - Overnight - Borrowing - Financial corporations",,EUR,6
2022-06-29,45127,EST.B.EU000A2X2A25.TT,B,EU000A2X2A25,TT,A,F,,,,,P1D,,,,"ESA 2010 Sectors: S.121, S.122, S.123, S.124, S.125, S.126, S.127, S.128, S.129",,0,,,,,S,"Euro short-term rate, Total volume","Euro short-term rate, Total volume - Unsecured - Overnight - Borrowing - Financial corporations",,EUR,6
2022-06-30,43590,EST.B.EU000A2X2A25.TT,B,EU000A2X2A25,TT,A,F,,,,,P1D,,,,"ESA 2010 Sectors: S.121, S.122, S.123, S.124, S.125, S.126, S.127, S.128, S.129",,0,,,,,S,"Euro short-term rate, Total volume","Euro short-term rate, Total volume - Unsecured - Overnight - Borrowing - Financial corporations",,EUR,6
2022-07-01,53342,EST.B.EU000A2X2A25.TT,B,EU000A2X2A25,TT,A,F,,,,,P1D,,,,"ESA 2010 Sectors: S.121, S.122, S.123, S.124, S.125, S.126, S.127, S.128, S.129",,0,,,,,S,"Euro short-term rate, Total volume","Euro short-term rate, Total volume - Unsecured - Overnight - Borrowing - Financial corporations",,EUR,6
2022-07-04,61578,EST.B.EU000A2X2A25.TT,B,EU000A2X2A25,TT,A,F,,,,,P1D,,,,"ESA 2010 Sectors: S.121, S.122, S.123, S.124, S.125, S.126, S.127, S.128, S.129",,0,,,,,S,"Euro short-term rate, Total volume","Euro short-term rate, Total volume - Unsecured - Overnight - Borrowing - Financial corporations",,EUR,6
2022-07-05,57639,EST.B.EU000A2X2A25.TT,B,EU000A2X2A25,TT,A,F,,,,,P1D,,,,"ESA 2010 Sectors: S.121, S.122, S.123, S.124, S.125, S.126, S.127, S.128, S.129",,0,,,,,S,"Euro short-term rate, Total volume","Euro short-term rate, Total volume - Unsecured - Overnight - Borrowing - Financial corporations",,EUR,6
2022-07-06,56374,EST.B.EU000A2X2A25.TT,B,EU000A2X2A25,TT,A,F,,,,,P1D,,,,"ESA 2010 Sectors: S.121, S.122, S.123, S.124, S.125, S.126, S.127, S.128, S.129",,0,,,,,S,"Euro short-term rate, Total volume","Euro short-term rate, Total volume - Unsecured - Overnight - Borrowing - Financial corporations",,EUR,6
2022-07-07,55287,EST.B.EU000A2X2A25.TT,B,EU000A2X2A25,TT,A,F,,,,,P1D,,,,"ESA 2010 Sectors: S.121, S.122, S.123, S.124, S.125, S.126, S.127, S.128, S.129",,0,,,,,S,"Euro short-term rate, Total volume","Euro short-term rate, Total volume - Unsecured - Overnight - Borrowing - Financial corporations",,EUR,6
2022-07-08,52226,EST.B.EU000A2X2A25.TT,B,EU000A2X2A25,TT,A,F,,,,,P1D,,,,"ESA 2010 Sectors: S.121, S.122, S.123, S.124, S.125, S.126, S.127, S.128, S.129",,0,,,,,S,"Euro short-term rate, Total volume","Euro short-term rate, Total volume - Unsecured - Overnight - Borrowing - Financial corporations",,EUR,6
2022-07-11,55865,EST.B.EU000A2X2A25.TT,B,EU000A2X2A25,TT,A,F,,,,,P1D,,,,"ESA 2010 Sectors: S.121, S.122, S.123, S.124, S.125, S.126, S.127, S.128, S.129",,0,,,,,S,"Euro short-term rate, Total volume","Euro short-term rate, Total volume - Unsecured - Overnight - Borrowing - Financial corporations",,EUR,6
2022-07-12,53209,EST.B.EU000A2X2A25.TT,B,EU000A2X2A25,TT,A,F,,,,,P1D,,,,"ESA 2010 Sectors: S.121, S.122, S.123, S.124, S.125, S.126, S.127, S.128, S.129",,0,,,,,S,"Euro short-term rate, Total volume","Euro short-term rate, Total volume - Unsecured - Overnight - Borrowing - Financial corporations",,EUR,6
2022-07-13,52524,EST.B.EU000A2X2A25.TT,B,EU000A2X2A25,TT,A,F,,,,,P1D,,,,"ESA 2010 Sectors: S.121, S.122, S.123, S.124, S.125, S.126, S.127, S.128, S.129",,0,,,,,S,"Euro short-term rate, Total volume","Euro short-term rate, Total volume - Unsecured - Overnight - Borrowing - Financial corporations",,EUR,6
2022-07-14,53633,EST.B.EU000A2X2A25.TT,B,EU000A2X2A25,TT,A,F,,,,,P1D,,,,"ESA 2010 Sectors: S.121, S.122, S.123, S.124, S.125, S.126, S.127, S.128, S.129",,0,,,,,S,"Euro short-term rate, Total volume","Euro short-term rate, Total volume - Unsecured - Overnight - Borrowing - Financial corporations",,EUR,6
2022-07-15,56918,EST.B.EU000A2X2A25.TT,B,EU000A2X2A25,TT,A,F,,,,,P1D,,,,"ESA 2010 Sectors: S.121, S.122, S.123, S.124, S.125, S.126, S.127, S.128, S.129",,0,,,,,S,"Euro short-term rate, Total volume","Euro short-term rate, Total volume - Unsecured - Overnight - Borrowing - Financial corporations",,EUR,6
2022-07-18,58518,EST.B.EU000A2X2A25.TT,B,EU000A2X2A25,TT,A,F,,,,,P1D,,,,"ESA 2010 Sectors: S.121, S.122, S.123, S.124, S.125, S.126, S.127, S.128, S.129",,0,,,,,S,"Euro short-term rate, Total volume","Euro short-term rate, Total volume - Unsecured - Overnight - Borrowing - Financial corporations",,EUR,6
2022-07-19,57407,EST.B.EU000A2X2A25.TT,B,EU000A2X2A25,TT,A,F,,,,,P1D,,,,"ESA 2010 Sectors: S.121, S.122, S.123, S.124, S.125, S.126, S.127, S.128, S.129",,0,,,,,S,"Euro short-term rate, Total volume","Euro short-term rate, Total volume - Unsecured - Overnight - Borrowing - Financial corporations",,EUR,6
2022-07-20,56812,EST.B.EU000A2X2A25.TT,B,EU000A2X2A25,TT,A,F,,,,,P1D,,,,"ESA 2010 Sectors: S.121, S.122, S.123, S.124, S.125, S.126, S.127, S.128, S.129",,0,,,,,S,"Euro short-term rate, Total volume","Euro short-term rate, Total volume - Unsecured - Overnight - Borrowing - Financial corporations",,EUR,6
2022-07-21,57875,EST.B.EU000A2X2A25.TT,B,EU000A2X2A25,TT,A,F,,,,,P1D,,,,"ESA 2010 Sectors: S.121, S.122, S.123, S.124, S.125, S.126, S.127, S.128, S.129",,0,,,,,S,"Euro short-term rate, Total volume","Euro short-term rate, Total volume - Unsecured - Overnight - Borrowing - Financial corporations",,EUR,6
2022-07-22,59491,EST.B.EU000A2X2A25.TT,B,EU000A2X2A25,TT,A,F,,,,,P1D,,,,"ESA 2010 Sectors: S.121, S.122, S.123, S.124, S.125, S.126, S.127, S.128, S.129",,0,,,,,S,"Euro short-term rate, Total volume","Euro short-term rate, Total volume - Unsecured - Overnight - Borrowing - Financial corporations",,EUR,6
2022-07-25,63203,EST.B.EU000A2X2A25.TT,B,EU000A2X2A25,TT,A,F,,,,,P1D,,,,"ESA 2010 Sectors: S.121, S.122, S.123, S.124, S.125, S.126, S.127, S.128, S.129",,0,,,,,S,"Euro short-term rate, Total volume","Euro short-term rate, Total volume - Unsecured - Overnight - Borrowing - Financial corporations",,EUR,6
2022-07-26,64954,EST.B.EU000A2X2A25.TT,B,EU000A2X2A25,TT,A,F,,,,,P1D,,,,"ESA 2010 Sectors: S.121, S.122, S.123, S.124, S.125, S.126, S.127, S.128, S.129",,0,,,,,S,"Euro short-term rate, Total volume","Euro short-term rate, Total volume - Unsecured - Overnight - Borrowing - Financial corporations",,EUR,6
2022-07-27,57526,EST.B.EU000A2X2A25.TT,B,EU000A2X2A25,TT,A,F,,,,,P1D,,,,"ESA 2010 Sectors: S.121, S.122, S.123, S.124, S.125, S.126, S.127, S.128, S.129",,0,,,,,S,"Euro short-term rate, Total volume","Euro short-term rate, Total volume - Unsecured - Overnight - Borrowing - Financial corporations",,EUR,6
2022-07-28,56028,EST.B.EU000A2X2A25.TT,B,EU000A2X2A25,TT,A,F,,,,,P1D,,,,"ESA 2010 Sectors: S.121, S.122, S.123, S.124, S.125, S.126, S.127, S.128, S.129",,0,,,,,S,"Euro short-term rate, Total volume","Euro short-term rate, Total volume - Unsecured - Overnight - Borrowing - Financial corporations",,EUR,6
2022-07-29,56544,EST.B.EU000A2X2A25.TT,B,EU000A2X2A25,TT,A,F,,,,,P1D,,,,"ESA 2010 Sectors: S.121, S.122, S.123, S.124, S.125, S.126, S.127, S.128, S.129",,0,,,,,S,"Euro short-term rate, Total volume","Euro short-term rate, Total volume - Unsecured - Overnight - Borrowing - Financial corporations",,EUR,6
2022-08-01,61402,EST.B.EU000A2X2A25.TT,B,EU000A2X2A25,TT,A,F,,,,,P1D,,,,"ESA 2010 Sectors: S.121, S.122, S.123, S.124, S.125, S.126, S.127, S.128, S.129",,0,,,,,S,"Euro short-term rate, Total volume","Euro short-term rate, Total volume - Unsecured - Overnight - Borrowing - Financial corporations",,EUR,6
2022-08-02,62019,EST.B.EU000A2X2A25.TT,B,EU000A2X2A25,TT,A,F,,,,,P1D,,,,"ESA 2010 Sectors: S.121, S.122, S.123, S.124, S.125, S.126, S.127, S.128, S.129",,0,,,,,S,"Euro short-term rate, Total volume","Euro short-term rate, Total volume - Unsecured - Overnight - Borrowing - Financial corporations",,EUR,6
2022-08-03,59914,EST.B.EU000A2X2A25.TT,B,EU000A2X2A25,TT,A,F,,,,,P1D,,,,"ESA 2010 Sectors: S.121, S.122, S.123, S.124, S.125, S.126, S.127, S.128, S.129",,0,,,,,S,"Euro short-term rate, Total volume","Euro short-term rate, Total volume - Unsecured - Overnight - Borrowing - Financial corporations",,EUR,6
2022-08-04,57966,EST.B.EU000A2X2A25.TT,B,EU000A2X2A25,TT,A,F,,,,,P1D,,,,"ESA 2010 Sectors: S.121, S.122, S.123, S.124, S.125, S.126, S.127, S.128, S.129",,0,,,,,S,"Euro short-term rate, Total volume","Euro short-term rate, Total volume - Unsecured - Overnight - Borrowing - Financial corporations",,EUR,6
2022-08-05,57294,EST.B.EU000A2X2A25.TT,B,EU000A2X2A25,TT,A,F,,,,,P1D,,,,"ESA 2010 Sectors: S.121, S.122, S.123, S.124, S.125, S.126, S.127, S.128, S.129",,0,,,,,S,"Euro short-term rate, Total volume","Euro short-term rate, Total volume - Unsecured - Overnight - Borrowing - Financial corporations",,EUR,6
2022-08-08,55066,EST.B.EU000A2X2A25.TT,B,EU000A2X2A25,TT,A,F,,,,,P1D,,,,"ESA 2010 Sectors: S.121, S.122, S.123, S.124, S.125, S.126, S.127, S.128, S.129",,0,,,,,S,"Euro short-term rate, Total volume","Euro short-term rate, Total volume - Unsecured - Overnight - Borrowing - Financial corporations",,EUR,6
2022-08-09,57449,EST.B.EU000A2X2A25.TT,B,EU000A2X2A25,TT,A,F,,,,,P1D,,,,"ESA 2010 Sectors: S.121, S.122, S.123, S.124, S.125, S.126, S.127, S.128, S.129",,0,,,,,S,"Euro short-term rate, Total volume","Euro short-term rate, Total volume - Unsecured - Overnight - Borrowing - Financial corporations",,EUR,6
2022-08-10,56145,EST.B.EU000A2X2A25.TT,B,EU000A2X2A25,TT,A,F,,,,,P1D,,,,"ESA 2010 Sectors: S.121, S.122, S.123, S.124, S.125, S.126, S.127, S.128, S.129",,0,,,,,S,"Euro short-term rate, Total volume","Euro short-term rate, Total volume - Unsecured - Overnight - Borrowing - Financial corporations",,EUR,6
2022-08-11,54669,EST.B.EU000A2X2A25.TT,B,EU000A2X2A25,TT,A,F,,,,,P1D,,,,"ESA 2010 Sectors: S.121, S.122, S.123, S.124, S.125, S.126, S.127, S.128, S.129",,0,,,,,S,"Euro short-term rate, Total volume","Euro short-term rate, Total volume - Unsecured - Overnight - Borrowing - Financial corporations",,EUR,6
2022-08-12,43872,EST.B.EU000A2X2A25.TT,B,EU000A2X2A25,TT,A,F,,,,,P1D,,,,"ESA 2010 Sectors: S.121, S.122, S.123, S.124, S.125, S.126, S.127, S.128, S.129",,0,,,,,S,"Euro short-term rate, Total volume","Euro short-term rate, Total volume - Unsecured - Overnight - Borrowing - Financial corporations",,EUR,6
2022-08-15,45407,EST.B.EU000A2X2A25.TT,B,EU000A2X2A25,TT,A,F,,,,,P1D,,,,"ESA 2010 Sectors: S.121, S.122, S.123, S.124, S.125, S.126, S.127, S.128, S.129",,0,,,,,S,"Euro short-term rate, Total volume","Euro short-term rate, Total volume - Unsecured - Overnight - Borrowing - Financial corporations",,EUR,6
2022-08-16,57939,EST.B.EU000A2X2A25.TT,B,EU000A2X2A25,TT,A,F,,,,,P1D,,,,"ESA 2010 Sectors: S.121, S.122, S.123, S.124, S.125, S.126, S.127, S.128, S.129",,0,,,,,S,"Euro short-term rate, Total volume","Euro short-term rate, Total volume - Unsecured - Overnight - Borrowing - Financial corporations",,EUR,6
2022-08-17,56364,EST.B.EU000A2X2A25.TT,B,EU000A2X2A25,TT,A,F,,,,,P1D,,,,"ESA 2010 Sectors: S.121, S.122, S.123, S.124, S.125, S.126, S.127, S.128, S.129",,0,,,,,S,"Euro short-term rate, Total volume","Euro short-term rate, Total volume - Unsecured - Overnight - Borrowing - Financial corporations",,EUR,6
2022-08-18,53819,EST.B.EU000A2X2A25.TT,B,EU000A2X2A25,TT,A,F,,,,,P1D,,,,"ESA 2010 Sectors: S.121, S.122, S.123, S.124, S.125, S.126, S.127, S.128, S.129",,0,,,,,S,"Euro short-term rate, Total volume","Euro short-term rate, Total volume - Unsecured - Overnight - Borrowing - Financial corporations",,EUR,6
2022-08-19,52193,EST.B.EU000A2X2A25.TT,B,EU000A2X2A25,TT,A,F,,,,,P1D,,,,"ESA 2010 Sectors: S.121, S.122, S.123, S.124, S.125, S.126, S.127, S.128, S.129",,0,,,,,S,"Euro short-term rate, Total volume","Euro short-term rate, Total volume - Unsecured - Overnight - Borrowing - Financial corporations",,EUR,6
2022-08-22,50308,EST.B.EU000A2X2A25.TT,B,EU000A2X2A25,TT,A,F,,,,,P1D,,,,"ESA 2010 Sectors: S.121, S.122, S.123, S.124, S.125, S.126, S.127, S.128, S.129",,0,,,,,S,"Euro short-term rate, Total volume","Euro short-term rate, Total volume - Unsecured - Overnight - Borrowing - Financial corporations",,EUR,6
2022-08-23,47921,EST.B.EU000A2X2A25.TT,B,EU000A2X2A25,TT,A,F,,,,,P1D,,,,"ESA 2010 Sectors: S.121, S.122, S.123, S.124, S.125, S.126, S.127, S.128, S.129",,0,,,,,S,"Euro short-term rate, Total volume","Euro short-term rate, Total volume - Unsecured - Overnight - Borrowing - Financial corporations",,EUR,6
2022-08-24,46904,EST.B.EU000A2X2A25.TT,B,EU000A2X2A25,TT,A,F,,,,,P1D,,,,"ESA 2010 Sectors: S.121, S.122, S.123, S.124, S.125, S.126, S.127, S.128, S.129",,0,,,,,S,"Euro short-term rate, Total volume","Euro short-term rate, Total volume - Unsecured - Overnight - Borrowing - Financial corporations",,EUR,6
2022-08-25,45309,EST.B.EU000A2X2A25.TT,B,EU000A2X2A25,TT,A,F,,,,,P1D,,,,"ESA 2010 Sectors: S.121, S.122, S.123, S.124, S.125, S.126, S.127, S.128, S.129",,0,,,,,S,"Euro short-term rate, Total volume","Euro short-term rate, Total volume - Unsecured - Overnight - Borrowing - Financial corporations",,EUR,6
2022-08-26,42493,EST.B.EU000A2X2A25.TT,B,EU000A2X2A25,TT,A,F,,,,,P1D,,,,"ESA 2010 Sectors: S.121, S.122, S.123, S.124, S.125, S.126, S.127, S.128, S.129",,0,,,,,S,"Euro short-term rate, Total volume","Euro short-term rate, Total volume - Unsecured - Overnight - Borrowing - Financial corporations",,EUR,6
2022-08-29,41119,EST.B.EU000A2X2A25.TT,B,EU000A2X2A25,TT,A,F,,,,,P1D,,,,"ESA 2010 Sectors: S.121, S.122, S.123, S.124, S.125, S.126, S.127, S.128, S.129",,0,,,,,S,"Euro short-term rate, Total volume","Euro short-term rate, Total volume - Unsecured - Overnight - Borrowing - Financial corporations",,EUR,6
2022-08-30,47754,EST.B.EU000A2X2A25.TT,B,EU000A2X2A25,TT,A,F,,,,,P1D,,,,"ESA 2010 Sectors: S.121, S.122, S.123, S.124, S.125, S.126, S.127, S.128, S.129",,0,,,,,S,"Euro short-term rate, Total volume","Euro short-term rate, Total volume - Unsecured - Overnight - Borrowing - Financial corporations",,EUR,6
2022-08-31,46032,EST.B.EU000A2X2A25.TT,B,EU000A2X2A25,TT,A,F,,,,,P1D,,,,"ESA 2010 Sectors: S.121, S.122, S.123, S.124, S.125, S.126, S.127, S.128, S.129",,0,,,,,S,"Euro short-term rate, Total volume","Euro short-term rate, Total volume - Unsecured - Overnight - Borrowing - Financial corporations",,EUR,6
2022-09-01,48239,EST.B.EU000A2X2A25.TT,B,EU000A2X2A25,TT,A,F,,,,,P1D,,,,"ESA 2010 Sectors: S.121, S.122, S.123, S.124, S.125, S.126, S.127, S.128, S.129",,0,,,,,S,"Euro short-term rate, Total volume","Euro short-term rate, Total volume - Unsecured - Overnight - Borrowing - Financial corporations",,EUR,6
2022-09-02,49689,EST.B.EU000A2X2A25.TT,B,EU000A2X2A25,TT,A,F,,,,,P1D,,,,"ESA 2010 Sectors: S.121, S.122, S.123, S.124, S.125, S.126, S.127, S.128, S.129",,0,,,,,S,"Euro short-term rate, Total volume","Euro short-term rate, Total volume - Unsecured - Overnight - Borrowing - Financial corporations",,EUR,6
2022-09-05,53309,EST.B.EU000A2X2A25.TT,B,EU000A2X2A25,TT,A,F,,,,,P1D,,,,"ESA 2010 Sectors: S.121, S.122, S.123, S.124, S.125, S.126, S.127, S.128, S.129",,0,,,,,S,"Euro short-term rate, Total volume","Euro short-term rate, Total volume - Unsecured - Overnight - Borrowing - Financial corporations",,EUR,6
2022-09-06,52441,EST.B.EU000A2X2A25.TT,B,EU000A2X2A25,TT,A,F,,,,,P1D,,,,"ESA 2010 Sectors: S.121, S.122, S.123, S.124, S.125, S.126, S.127, S.128, S.129",,0,,,,,S,"Euro short-term rate, Total volume","Euro short-term rate, Total volume - Unsecured - Overnight - Borrowing - Financial corporations",,EUR,6
2022-09-07,57506,EST.B.EU000A2X2A25.TT,B,EU000A2X2A25,TT,A,F,,,,,P1D,,,,"ESA 2010 Sectors: S.121, S.122, S.123, S.124, S.125, S.126, S.127, S.128, S.129",,0,,,,,S,"Euro short-term rate, Total volume","Euro short-term rate, Total volume - Unsecured - Overnight - Borrowing - Financial corporations",,EUR,6
2022-09-08,56029,EST.B.EU000A2X2A25.TT,B,EU000A2X2A25,TT,A,F,,,,,P1D,,,,"ESA 2010 Sectors: S.121, S.122, S.123, S.124, S.125, S.126, S.127, S.128, S.129",,0,,,,,S,"Euro short-term rate, Total volume","Euro short-term rate, Total volume - Unsecured - Overnight - Borrowing - Financial corporations",,EUR,6
2022-09-09,61967,EST.B.EU000A2X2A25.TT,B,EU000A2X2A25,TT,A,F,,,,,P1D,,,,"ESA 2010 Sectors: S.121, S.122, S.123, S.124, S.125, S.126, S.127, S.128, S.129",,0,,,,,S,"Euro short-term rate, Total volume","Euro short-term rate, Total volume - Unsecured - Overnight - Borrowing - Financial corporations",,EUR,6
2022-09-12,64826,EST.B.EU000A2X2A25.TT,B,EU000A2X2A25,TT,A,F,,,,,P1D,,,,"ESA 2010 Sectors: S.121, S.122, S.123, S.124, S.125, S.126, S.127, S.128, S.129",,0,,,,,S,"Euro short-term rate, Total volume","Euro short-term rate, Total volume - Unsecured - Overnight - Borrowing - Financial corporations",,EUR,6
2022-09-13,72736,EST.B.EU000A2X2A25.TT,B,EU000A2X2A25,TT,A,F,,,,,P1D,,,,"ESA 2010 Sectors: S.121, S.122, S.123, S.124, S.125, S.126, S.127, S.128, S.129",,0,,,,,S,"Euro short-term rate, Total volume","Euro short-term rate, Total volume - Unsecured - Overnight - Borrowing - Financial corporations",,EUR,6
2022-09-14,80024,EST.B.EU000A2X2A25.TT,B,EU000A2X2A25,TT,A,F,,,,,P1D,,,,"ESA 2010 Sectors: S.121, S.122, S.123, S.124, S.125, S.126, S.127, S.128, S.129",,0,,,,,S,"Euro short-term rate, Total volume","Euro short-term rate, Total volume - Unsecured - Overnight - Borrowing - Financial corporations",,EUR,6
2022-09-15,78908,EST.B.EU000A2X2A25.TT,B,EU000A2X2A25,TT,A,F,,,,,P1D,,,,"ESA 2010 Sectors: S.121, S.122, S.123, S.124, S.125, S.126, S.127, S.128, S.129",,0,,,,,S,"Euro short-term rate, Total volume","Euro short-term rate, Total volume - Unsecured - Overnight - Borrowing - Financial corporations",,EUR,6
2022-09-16,68082,EST.B.EU000A2X2A25.TT,B,EU000A2X2A25,TT,A,F,,,,,P1D,,,,"ESA 2010 Sectors: S.121, S.122, S.123, S.124, S.125, S.126, S.127, S.128, S.129",,0,,,,,S,"Euro short-term rate, Total volume","Euro short-term rate, Total volume - Unsecured - Overnight - Borrowing - Financial corporations",,EUR,6
2022-09-19,64024,EST.B.EU000A2X2A25.TT,B,EU000A2X2A25,TT,A,F,,,,,P1D,,,,"ESA 2010 Sectors: S.121, S.122, S.123, S.124, S.125, S.126, S.127, S.128, S.129",,0,,,,,S,"Euro short-term rate, Total volume","Euro short-term rate, Total volume - Unsecured - Overnight - Borrowing - Financial corporations",,EUR,6
2022-09-20,69100,EST.B.EU000A2X2A25.TT,B,EU000A2X2A25,TT,A,F,,,,,P1D,,,,"ESA 2010 Sectors: S.121, S.122, S.123, S.124, S.125, S.126, S.127, S.128, S.129",,0,,,,,S,"Euro short-term rate, Total volume","Euro short-term rate, Total volume - Unsecured - Overnight - Borrowing - Financial corporations",,EUR,6
2022-09-21,61597,EST.B.EU000A2X2A25.TT,B,EU000A2X2A25,TT,A,F,,,,,P1D,,,,"ESA 2010 Sectors: S.121, S.122, S.123, S.124, S.125, S.126, S.127, S.128, S.129",,0,,,,,S,"Euro short-term rate, Total volume","Euro short-term rate, Total volume - Unsecured - Overnight - Borrowing - Financial corporations",,EUR,6
2022-09-22,59724,EST.B.EU000A2X2A25.TT,B,EU000A2X2A25,TT,A,F,,,,,P1D,,,,"ESA 2010 Sectors: S.121, S.122, S.123, S.124, S.125, S.126, S.127, S.128, S.129",,0,,,,,S,"Euro short-term rate, Total volume","Euro short-term rate, Total volume - Unsecured - Overnight - Borrowing - Financial corporations",,EUR,6
2022-09-23,64010,EST.B.EU000A2X2A25.TT,B,EU000A2X2A25,TT,A,F,,,,,P1D,,,,"ESA 2010 Sectors: S.121, S.122, S.123, S.124, S.125, S.126, S.127, S.128, S.129",,0,,,,,S,"Euro short-term rate, Total volume","Euro short-term rate, Total volume - Unsecured - Overnight - Borrowing - Financial corporations",,EUR,6
2022-09-26,62851,EST.B.EU000A2X2A25.TT,B,EU000A2X2A25,TT,A,F,,,,,P1D,,,,"ESA 2010 Sectors: S.121, S.122, S.123, S.124, S.125, S.126, S.127, S.128, S.129",,0,,,,,S,"Euro short-term rate, Total volume","Euro short-term rate, Total volume - Unsecured - Overnight - Borrowing - Financial corporations",,EUR,6
2022-09-27,57680,EST.B.EU000A2X2A25.TT,B,EU000A2X2A25,TT,A,F,,,,,P1D,,,,"ESA 2010 Sectors: S.121, S.122, S.123, S.124, S.125, S.126, S.127, S.128, S.129",,0,,,,,S,"Euro short-term rate, Total volume","Euro short-term rate, Total volume - Unsecured - Overnight - Borrowing - Financial corporations",,EUR,6
2022-09-28,51093,EST.B.EU000A2X2A25.TT,B,EU000A2X2A25,TT,A,F,,,,,P1D,,,,"ESA 2010 Sectors: S.121, S.122, S.123, S.124, S.125, S.126, S.127, S.128, S.129",,0,,,,,S,"Euro short-term rate, Total volume","Euro short-term rate, Total volume - Unsecured - Overnight - Borrowing - Financial corporations",,EUR,6
2022-09-29,50732,EST.B.EU000A2X2A25.TT,B,EU000A2X2A25,TT,A,F,,,,,P1D,,,,"ESA 2010 Sectors: S.121, S.122, S.123, S.124, S.125, S.126, S.127, S.128, S.129",,0,,,,,S,"Euro short-term rate, Total volume","Euro short-term rate, Total volume - Unsecured - Overnight - Borrowing - Financial corporations",,EUR,6
2022-09-30,35544,EST.B.EU000A2X2A25.TT,B,EU000A2X2A25,TT,A,F,,,,,P1D,,,,"ESA 2010 Sectors: S.121, S.122, S.123, S.124, S.125, S.126, S.127, S.128, S.129",,0,,,,,S,"Euro short-term rate, Total volume","Euro short-term rate, Total volume - Unsecured - Overnight - Borrowing - Financial corporations",,EUR,6
2022-10-03,51661,EST.B.EU000A2X2A25.TT,B,EU000A2X2A25,TT,A,F,,,,,P1D,,,,"ESA 2010 Sectors: S.121, S.122, S.123, S.124, S.125, S.126, S.127, S.128, S.129",,0,,,,,S,"Euro short-term rate, Total volume","Euro short-term rate, Total volume - Unsecured - Overnight - Borrowing - Financial corporations",,EUR,6
2022-10-04,68294,EST.B.EU000A2X2A25.TT,B,EU000A2X2A25,TT,A,F,,,,,P1D,,,,"ESA 2010 Sectors: S.121, S.122, S.123, S.124, S.125, S.126, S.127, S.128, S.129",,0,,,,,S,"Euro short-term rate, Total volume","Euro short-term rate, Total volume - Unsecured - Overnight - Borrowing - Financial corporations",,EUR,6
2022-10-05,63955,EST.B.EU000A2X2A25.TT,B,EU000A2X2A25,TT,A,F,,,,,P1D,,,,"ESA 2010 Sectors: S.121, S.122, S.123, S.124, S.125, S.126, S.127, S.128, S.129",,0,,,,,S,"Euro short-term rate, Total volume","Euro short-term rate, Total volume - Unsecured - Overnight - Borrowing - Financial corporations",,EUR,6
2022-10-06,71592,EST.B.EU000A2X2A25.TT,B,EU000A2X2A25,TT,A,F,,,,,P1D,,,,"ESA 2010 Sectors: S.121, S.122, S.123, S.124, S.125, S.126, S.127, S.128, S.129",,0,,,,,S,"Euro short-term rate, Total volume","Euro short-term rate, Total volume - Unsecured - Overnight - Borrowing - Financial corporations",,EUR,6
2022-10-07,70327,EST.B.EU000A2X2A25.TT,B,EU000A2X2A25,TT,A,F,,,,,P1D,,,,"ESA 2010 Sectors: S.121, S.122, S.123, S.124, S.125, S.126, S.127, S.128, S.129",,0,,,,,S,"Euro short-term rate, Total volume","Euro short-term rate, Total volume - Unsecured - Overnight - Borrowing - Financial corporations",,EUR,6
2022-10-10,67345,EST.B.EU000A2X2A25.TT,B,EU000A2X2A25,TT,A,F,,,,,P1D,,,,"ESA 2010 Sectors: S.121, S.122, S.123, S.124, S.125, S.126, S.127, S.128, S.129",,0,,,,,S,"Euro short-term rate, Total volume","Euro short-term rate, Total volume - Unsecured - Overnight - Borrowing - Financial corporations",,EUR,6
2022-10-11,61477,EST.B.EU000A2X2A25.TT,B,EU000A2X2A25,TT,A,F,,,,,P1D,,,,"ESA 2010 Sectors: S.121, S.122, S.123, S.124, S.125, S.126, S.127, S.128, S.129",,0,,,,,S,"Euro short-term rate, Total volume","Euro short-term rate, Total volume - Unsecured - Overnight - Borrowing - Financial corporations",,EUR,6
2022-10-12,62435,EST.B.EU000A2X2A25.TT,B,EU000A2X2A25,TT,A,F,,,,,P1D,,,,"ESA 2010 Sectors: S.121, S.122, S.123, S.124, S.125, S.126, S.127, S.128, S.129",,0,,,,,S,"Euro short-term rate, Total volume","Euro short-term rate, Total volume - Unsecured - Overnight - Borrowing - Financial corporations",,EUR,6
2022-10-13,62243,EST.B.EU000A2X2A25.TT,B,EU000A2X2A25,TT,A,F,,,,,P1D,,,,"ESA 2010 Sectors: S.121, S.122, S.123, S.124, S.125, S.126, S.127, S.128, S.129",,0,,,,,S,"Euro short-term rate, Total volume","Euro short-term rate, Total volume - Unsecured - Overnight - Borrowing - Financial corporations",,EUR,6
2022-10-14,62530,EST.B.EU000A2X2A25.TT,B,EU000A2X2A25,TT,A,F,,,,,P1D,,,,"ESA 2010 Sectors: S.121, S.122, S.123, S.124, S.125, S.126, S.127, S.128, S.129",,0,,,,,S,"Euro short-term rate, Total volume","Euro short-term rate, Total volume - Unsecured - Overnight - Borrowing - Financial corporations",,EUR,6
2022-10-17,62853,EST.B.EU000A2X2A25.TT,B,EU000A2X2A25,TT,A,F,,,,,P1D,,,,"ESA 2010 Sectors: S.121, S.122, S.123, S.124, S.125, S.126, S.127, S.128, S.129",,0,,,,,S,"Euro short-term rate, Total volume","Euro short-term rate, Total volume - Unsecured - Overnight - Borrowing - Financial corporations",,EUR,6
2022-10-18,66734,EST.B.EU000A2X2A25.TT,B,EU000A2X2A25,TT,A,F,,,,,P1D,,,,"ESA 2010 Sectors: S.121, S.122, S.123, S.124, S.125, S.126, S.127, S.128, S.129",,0,,,,,S,"Euro short-term rate, Total volume","Euro short-term rate, Total volume - Unsecured - Overnight - Borrowing - Financial corporations",,EUR,6
2022-10-19,69700,EST.B.EU000A2X2A25.TT,B,EU000A2X2A25,TT,A,F,,,,,P1D,,,,"ESA 2010 Sectors: S.121, S.122, S.123, S.124, S.125, S.126, S.127, S.128, S.129",,0,,,,,S,"Euro short-term rate, Total volume","Euro short-term rate, Total volume - Unsecured - Overnight - Borrowing - Financial corporations",,EUR,6
2022-10-20,69925,EST.B.EU000A2X2A25.TT,B,EU000A2X2A25,TT,A,F,,,,,P1D,,,,"ESA 2010 Sectors: S.121, S.122, S.123, S.124, S.125, S.126, S.127, S.128, S.129",,0,,,,,S,"Euro short-term rate, Total volume","Euro short-term rate, Total volume - Unsecured - Overnight - Borrowing - Financial corporations",,EUR,6
2022-10-21,67191,EST.B.EU000A2X2A25.TT,B,EU000A2X2A25,TT,A,F,,,,,P1D,,,,"ESA 2010 Sectors: S.121, S.122, S.123, S.124, S.125, S.126, S.127, S.128, S.129",,0,,,,,S,"Euro short-term rate, Total volume","Euro short-term rate, Total volume - Unsecured - Overnight - Borrowing - Financial corporations",,EUR,6
2022-10-24,63885,EST.B.EU000A2X2A25.TT,B,EU000A2X2A25,TT,A,F,,,,,P1D,,,,"ESA 2010 Sectors: S.121, S.122, S.123, S.124, S.125, S.126, S.127, S.128, S.129",,0,,,,,S,"Euro short-term rate, Total volume","Euro short-term rate, Total volume - Unsecured - Overnight - Borrowing - Financial corporations",,EUR,6
2022-10-25,72486,EST.B.EU000A2X2A25.TT,B,EU000A2X2A25,TT,A,F,,,,,P1D,,,,"ESA 2010 Sectors: S.121, S.122, S.123, S.124, S.125, S.126, S.127, S.128, S.129",,0,,,,,S,"Euro short-term rate, Total volume","Euro short-term rate, Total volume - Unsecured - Overnight - Borrowing - Financial corporations",,EUR,6
2022-10-26,71262,EST.B.EU000A2X2A25.TT,B,EU000A2X2A25,TT,A,F,,,,,P1D,,,,"ESA 2010 Sectors: S.121, S.122, S.123, S.124, S.125, S.126, S.127, S.128, S.129",,0,,,,,S,"Euro short-term rate, Total volume","Euro short-term rate, Total volume - Unsecured - Overnight - Borrowing - Financial corporations",,EUR,6
2022-10-27,70656,EST.B.EU000A2X2A25.TT,B,EU000A2X2A25,TT,A,F,,,,,P1D,,,,"ESA 2010 Sectors: S.121, S.122, S.123, S.124, S.125, S.126, S.127, S.128, S.129",,0,,,,,S,"Euro short-term rate, Total volume","Euro short-term rate, Total volume - Unsecured - Overnight - Borrowing - Financial corporations",,EUR,6
2022-10-28,63620,EST.B.EU000A2X2A25.TT,B,EU000A2X2A25,TT,A,F,,,,,P1D,,,,"ESA 2010 Sectors: S.121, S.122, S.123, S.124, S.125, S.126, S.127, S.128, S.129",,0,,,,,S,"Euro short-term rate, Total volume","Euro short-term rate, Total volume - Unsecured - Overnight - Borrowing - Financial corporations",,EUR,6
2022-10-31,48467,EST.B.EU000A2X2A25.TT,B,EU000A2X2A25,TT,A,F,,,,,P1D,,,,"ESA 2010 Sectors: S.121, S.122, S.123, S.124, S.125, S.126, S.127, S.128, S.129",,0,,,,,S,"Euro short-term rate, Total volume","Euro short-term rate, Total volume - Unsecured - Overnight - Borrowing - Financial corporations",,EUR,6
2022-11-01,63619,EST.B.EU000A2X2A25.TT,B,EU000A2X2A25,TT,A,F,,,,,P1D,,,,"ESA 2010 Sectors: S.121, S.122, S.123, S.124, S.125, S.126, S.127, S.128, S.129",,0,,,,,S,"Euro short-term rate, Total volume","Euro short-term rate, Total volume - Unsecured - Overnight - Borrowing - Financial corporations",,EUR,6
2022-11-02,78196,EST.B.EU000A2X2A25.TT,B,EU000A2X2A25,TT,A,F,,,,,P1D,,,,"ESA 2010 Sectors: S.121, S.122, S.123, S.124, S.125, S.126, S.127, S.128, S.129",,0,,,,,S,"Euro short-term rate, Total volume","Euro short-term rate, Total volume - Unsecured - Overnight - Borrowing - Financial corporations",,EUR,6
2022-11-03,75612,EST.B.EU000A2X2A25.TT,B,EU000A2X2A25,TT,A,F,,,,,P1D,,,,"ESA 2010 Sectors: S.121, S.122, S.123, S.124, S.125, S.126, S.127, S.128, S.129",,0,,,,,S,"Euro short-term rate, Total volume","Euro short-term rate, Total volume - Unsecured - Overnight - Borrowing - Financial corporations",,EUR,6
2022-11-04,68043,EST.B.EU000A2X2A25.TT,B,EU000A2X2A25,TT,A,F,,,,,P1D,,,,"ESA 2010 Sectors: S.121, S.122, S.123, S.124, S.125, S.126, S.127, S.128, S.129",,0,,,,,S,"Euro short-term rate, Total volume","Euro short-term rate, Total volume - Unsecured - Overnight - Borrowing - Financial corporations",,EUR,6
2022-11-07,74250,EST.B.EU000A2X2A25.TT,B,EU000A2X2A25,TT,A,F,,,,,P1D,,,,"ESA 2010 Sectors: S.121, S.122, S.123, S.124, S.125, S.126, S.127, S.128, S.129",,0,,,,,S,"Euro short-term rate, Total volume","Euro short-term rate, Total volume - Unsecured - Overnight - Borrowing - Financial corporations",,EUR,6
2022-11-08,72832,EST.B.EU000A2X2A25.TT,B,EU000A2X2A25,TT,A,F,,,,,P1D,,,,"ESA 2010 Sectors: S.121, S.122, S.123, S.124, S.125, S.126, S.127, S.128, S.129",,0,,,,,S,"Euro short-term rate, Total volume","Euro short-term rate, Total volume - Unsecured - Overnight - Borrowing - Financial corporations",,EUR,6
2022-11-09,73232,EST.B.EU000A2X2A25.TT,B,EU000A2X2A25,TT,A,F,,,,,P1D,,,,"ESA 2010 Sectors: S.121, S.122, S.123, S.124, S.125, S.126, S.127, S.128, S.129",,0,,,,,S,"Euro short-term rate, Total volume","Euro short-term rate, Total volume - Unsecured - Overnight - Borrowing - Financial corporations",,EUR,6
2022-11-10,64502,EST.B.EU000A2X2A25.TT,B,EU000A2X2A25,TT,A,F,,,,,P1D,,,,"ESA 2010 Sectors: S.121, S.122, S.123, S.124, S.125, S.126, S.127, S.128, S.129",,0,,,,,S,"Euro short-term rate, Total volume","Euro short-term rate, Total volume - Unsecured - Overnight - Borrowing - Financial corporations",,EUR,6
2022-11-11,64567,EST.B.EU000A2X2A25.TT,B,EU000A2X2A25,TT,A,F,,,,,P1D,,,,"ESA 2010 Sectors: S.121, S.122, S.123, S.124, S.125, S.126, S.127, S.128, S.129",,0,,,,,S,"Euro short-term rate, Total volume","Euro short-term rate, Total volume - Unsecured - Overnight - Borrowing - Financial corporations",,EUR,6
2022-11-14,73688,EST.B.EU000A2X2A25.TT,B,EU000A2X2A25,TT,A,F,,,,,P1D,,,,"ESA 2010 Sectors: S.121, S.122, S.123, S.124, S.125, S.126, S.127, S.128, S.129",,0,,,,,S,"Euro short-term rate, Total volume","Euro short-term rate, Total volume - Unsecured - Overnight - Borrowing - Financial corporations",,EUR,6
2022-11-15,73863,EST.B.EU000A2X2A25.TT,B,EU000A2X2A25,TT,A,F,,,,,P1D,,,,"ESA 2010 Sectors: S.121, S.122, S.123, S.124, S.125, S.126, S.127, S.128, S.129",,0,,,,,S,"Euro short-term rate, Total volume","Euro short-term rate, Total volume - Unsecured - Overnight - Borrowing - Financial corporations",,EUR,6
2022-11-16,72887,EST.B.EU000A2X2A25.TT,B,EU000A2X2A25,TT,A,F,,,,,P1D,,,,"ESA 2010 Sectors: S.121, S.122, S.123, S.124, S.125, S.126, S.127, S.128, S.129",,0,,,,,S,"Euro short-term rate, Total volume","Euro short-term rate, Total volume - Unsecured - Overnight - Borrowing - Financial corporations",,EUR,6
2022-11-17,74283,EST.B.EU000A2X2A25.TT,B,EU000A2X2A25,TT,A,F,,,,,P1D,,,,"ESA 2010 Sectors: S.121, S.122, S.123, S.124, S.125, S.126, S.127, S.128, S.129",,0,,,,,S,"Euro short-term rate, Total volume","Euro short-term rate, Total volume - Unsecured - Overnight - Borrowing - Financial corporations",,EUR,6
2022-11-18,71998,EST.B.EU000A2X2A25.TT,B,EU000A2X2A25,TT,A,F,,,,,P1D,,,,"ESA 2010 Sectors: S.121, S.122, S.123, S.124, S.125, S.126, S.127, S.128, S.129",,0,,,,,S,"Euro short-term rate, Total volume","Euro short-term rate, Total volume - Unsecured - Overnight - Borrowing - Financial corporations",,EUR,6
2022-11-21,71755,EST.B.EU000A2X2A25.TT,B,EU000A2X2A25,TT,A,F,,,,,P1D,,,,"ESA 2010 Sectors: S.121, S.122, S.123, S.124, S.125, S.126, S.127, S.128, S.129",,0,,,,,S,"Euro short-term rate, Total volume","Euro short-term rate, Total volume - Unsecured - Overnight - Borrowing - Financial corporations",,EUR,6
2022-11-22,69424,EST.B.EU000A2X2A25.TT,B,EU000A2X2A25,TT,A,F,,,,,P1D,,,,"ESA 2010 Sectors: S.121, S.122, S.123, S.124, S.125, S.126, S.127, S.128, S.129",,0,,,,,S,"Euro short-term rate, Total volume","Euro short-term rate, Total volume - Unsecured - Overnight - Borrowing - Financial corporations",,EUR,6
2022-11-23,69635,EST.B.EU000A2X2A25.TT,B,EU000A2X2A25,TT,A,F,,,,,P1D,,,,"ESA 2010 Sectors: S.121, S.122, S.123, S.124, S.125, S.126, S.127, S.128, S.129",,0,,,,,S,"Euro short-term rate, Total volume","Euro short-term rate, Total volume - Unsecured - Overnight - Borrowing - Financial corporations",,EUR,6
2022-11-24,67439,EST.B.EU000A2X2A25.TT,B,EU000A2X2A25,TT,A,F,,,,,P1D,,,,"ESA 2010 Sectors: S.121, S.122, S.123, S.124, S.125, S.126, S.127, S.128, S.129",,0,,,,,S,"Euro short-term rate, Total volume","Euro short-term rate, Total volume - Unsecured - Overnight - Borrowing - Financial corporations",,EUR,6
2022-11-25,65891,EST.B.EU000A2X2A25.TT,B,EU000A2X2A25,TT,A,F,,,,,P1D,,,,"ESA 2010 Sectors: S.121, S.122, S.123, S.124, S.125, S.126, S.127, S.128, S.129",,0,,,,,S,"Euro short-term rate, Total volume","Euro short-term rate, Total volume - Unsecured - Overnight - Borrowing - Financial corporations",,EUR,6
2022-11-28,66497,EST.B.EU000A2X2A25.TT,B,EU000A2X2A25,TT,A,F,,,,,P1D,,,,"ESA 2010 Sectors: S.121, S.122, S.123, S.124, S.125, S.126, S.127, S.128, S.129",,0,,,,,S,"Euro short-term rate, Total volume","Euro short-term rate, Total volume - Unsecured - Overnight - Borrowing - Financial corporations",,EUR,6
2022-11-29,62328,EST.B.EU000A2X2A25.TT,B,EU000A2X2A25,TT,A,F,,,,,P1D,,,,"ESA 2010 Sectors: S.121, S.122, S.123, S.124, S.125, S.126, S.127, S.128, S.129",,0,,,,,S,"Euro short-term rate, Total volume","Euro short-term rate, Total volume - Unsecured - Overnight - Borrowing - Financial corporations",,EUR,6
2022-11-30,55636,EST.B.EU000A2X2A25.TT,B,EU000A2X2A25,TT,A,F,,,,,P1D,,,,"ESA 2010 Sectors: S.121, S.122, S.123, S.124, S.125, S.126, S.127, S.128, S.129",,0,,,,,S,"Euro short-term rate, Total volume","Euro short-term rate, Total volume - Unsecured - Overnight - Borrowing - Financial corporations",,EUR,6
2022-12-01,63638,EST.B.EU000A2X2A25.TT,B,EU000A2X2A25,TT,A,F,,,,,P1D,,,,"ESA 2010 Sectors: S.121, S.122, S.123, S.124, S.125, S.126, S.127, S.128, S.129",,0,,,,,S,"Euro short-term rate, Total volume","Euro short-term rate, Total volume - Unsecured - Overnight - Borrowing - Financial corporations",,EUR,6
2022-12-02,67719,EST.B.EU000A2X2A25.TT,B,EU000A2X2A25,TT,A,F,,,,,P1D,,,,"ESA 2010 Sectors: S.121, S.122, S.123, S.124, S.125, S.126, S.127, S.128, S.129",,0,,,,,S,"Euro short-term rate, Total volume","Euro short-term rate, Total volume - Unsecured - Overnight - Borrowing - Financial corporations",,EUR,6
2022-12-05,70191,EST.B.EU000A2X2A25.TT,B,EU000A2X2A25,TT,A,F,,,,,P1D,,,,"ESA 2010 Sectors: S.121, S.122, S.123, S.124, S.125, S.126, S.127, S.128, S.129",,0,,,,,S,"Euro short-term rate, Total volume","Euro short-term rate, Total volume - Unsecured - Overnight - Borrowing - Financial corporations",,EUR,6
2022-12-06,68140,EST.B.EU000A2X2A25.TT,B,EU000A2X2A25,TT,A,F,,,,,P1D,,,,"ESA 2010 Sectors: S.121, S.122, S.123, S.124, S.125, S.126, S.127, S.128, S.129",,0,,,,,S,"Euro short-term rate, Total volume","Euro short-term rate, Total volume - Unsecured - Overnight - Borrowing - Financial corporations",,EUR,6
2022-12-07,68340,EST.B.EU000A2X2A25.TT,B,EU000A2X2A25,TT,A,F,,,,,P1D,,,,"ESA 2010 Sectors: S.121, S.122, S.123, S.124, S.125, S.126, S.127, S.128, S.129",,0,,,,,S,"Euro short-term rate, Total volume","Euro short-term rate, Total volume - Unsecured - Overnight - Borrowing - Financial corporations",,EUR,6
2022-12-08,64211,EST.B.EU000A2X2A25.TT,B,EU000A2X2A25,TT,A,F,,,,,P1D,,,,"ESA 2010 Sectors: S.121, S.122, S.123, S.124, S.125, S.126, S.127, S.128, S.129",,0,,,,,S,"Euro short-term rate, Total volume","Euro short-term rate, Total volume - Unsecured - Overnight - Borrowing - Financial corporations",,EUR,6
2022-12-09,61136,EST.B.EU000A2X2A25.TT,B,EU000A2X2A25,TT,A,F,,,,,P1D,,,,"ESA 2010 Sectors: S.121, S.122, S.123, S.124, S.125, S.126, S.127, S.128, S.129",,0,,,,,S,"Euro short-term rate, Total volume","Euro short-term rate, Total volume - Unsecured - Overnight - Borrowing - Financial corporations",,EUR,6
2022-12-12,59004,EST.B.EU000A2X2A25.TT,B,EU000A2X2A25,TT,A,F,,,,,P1D,,,,"ESA 2010 Sectors: S.121, S.122, S.123, S.124, S.125, S.126, S.127, S.128, S.129",,0,,,,,S,"Euro short-term rate, Total volume","Euro short-term rate, Total volume - Unsecured - Overnight - Borrowing - Financial corporations",,EUR,6
2022-12-13,59597,EST.B.EU000A2X2A25.TT,B,EU000A2X2A25,TT,A,F,,,,,P1D,,,,"ESA 2010 Sectors: S.121, S.122, S.123, S.124, S.125, S.126, S.127, S.128, S.129",,0,,,,,S,"Euro short-term rate, Total volume","Euro short-term rate, Total volume - Unsecured - Overnight - Borrowing - Financial corporations",,EUR,6
2022-12-14,57818,EST.B.EU000A2X2A25.TT,B,EU000A2X2A25,TT,A,F,,,,,P1D,,,,"ESA 2010 Sectors: S.121, S.122, S.123, S.124, S.125, S.126, S.127, S.128, S.129",,0,,,,,S,"Euro short-term rate, Total volume","Euro short-term rate, Total volume - Unsecured - Overnight - Borrowing - Financial corporations",,EUR,6
2022-12-15,56994,EST.B.EU000A2X2A25.TT,B,EU000A2X2A25,TT,A,F,,,,,P1D,,,,"ESA 2010 Sectors: S.121, S.122, S.123, S.124, S.125, S.126, S.127, S.128, S.129",,0,,,,,S,"Euro short-term rate, Total volume","Euro short-term rate, Total volume - Unsecured - Overnight - Borrowing - Financial corporations",,EUR,6
2022-12-16,51586,EST.B.EU000A2X2A25.TT,B,EU000A2X2A25,TT,A,F,,,,,P1D,,,,"ESA 2010 Sectors: S.121, S.122, S.123, S.124, S.125, S.126, S.127, S.128, S.129",,0,,,,,S,"Euro short-term rate, Total volume","Euro short-term rate, Total volume - Unsecured - Overnight - Borrowing - Financial corporations",,EUR,6
2022-12-19,58519,EST.B.EU000A2X2A25.TT,B,EU000A2X2A25,TT,A,F,,,,,P1D,,,,"ESA 2010 Sectors: S.121, S.122, S.123, S.124, S.125, S.126, S.127, S.128, S.129",,0,,,,,S,"Euro short-term rate, Total volume","Euro short-term rate, Total volume - Unsecured - Overnight - Borrowing - Financial corporations",,EUR,6
2022-12-20,55299,EST.B.EU000A2X2A25.TT,B,EU000A2X2A25,TT,A,F,,,,,P1D,,,,"ESA 2010 Sectors: S.121, S.122, S.123, S.124, S.125, S.126, S.127, S.128, S.129",,0,,,,,S,"Euro short-term rate, Total volume","Euro short-term rate, Total volume - Unsecured - Overnight - Borrowing - Financial corporations",,EUR,6
2022-12-21,53779,EST.B.EU000A2X2A25.TT,B,EU000A2X2A25,TT,A,F,,,,,P1D,,,,"ESA 2010 Sectors: S.121, S.122, S.123, S.124, S.125, S.126, S.127, S.128, S.129",,0,,,,,S,"Euro short-term rate, Total volume","Euro short-term rate, Total volume - Unsecured - Overnight - Borrowing - Financial corporations",,EUR,6
2022-12-22,50329,EST.B.EU000A2X2A25.TT,B,EU000A2X2A25,TT,A,F,,,,,P1D,,,,"ESA 2010 Sectors: S.121, S.122, S.123, S.124, S.125, S.126, S.127, S.128, S.129",,0,,,,,S,"Euro short-term rate, Total volume","Euro short-term rate, Total volume - Unsecured - Overnight - Borrowing - Financial corporations",,EUR,6
2022-12-23,37171,EST.B.EU000A2X2A25.TT,B,EU000A2X2A25,TT,A,F,,,,,P1D,,,,"ESA 2010 Sectors: S.121, S.122, S.123, S.124, S.125, S.126, S.127, S.128, S.129",,0,,,,,S,"Euro short-term rate, Total volume","Euro short-term rate, Total volume - Unsecured - Overnight - Borrowing - Financial corporations",,EUR,6
2022-12-27,37751,EST.B.EU000A2X2A25.TT,B,EU000A2X2A25,TT,A,F,,,,,P1D,,,,"ESA 2010 Sectors: S.121, S.122, S.123, S.124, S.125, S.126, S.127, S.128, S.129",,0,,,,,S,"Euro short-term rate, Total volume","Euro short-term rate, Total volume - Unsecured - Overnight - Borrowing - Financial corporations",,EUR,6
2022-12-28,47358,EST.B.EU000A2X2A25.TT,B,EU000A2X2A25,TT,A,F,,,,,P1D,,,,"ESA 2010 Sectors: S.121, S.122, S.123, S.124, S.125, S.126, S.127, S.128, S.129",,0,,,,,S,"Euro short-term rate, Total volume","Euro short-term rate, Total volume - Unsecured - Overnight - Borrowing - Financial corporations",,EUR,6
2022-12-29,48172,EST.B.EU000A2X2A25.TT,B,EU000A2X2A25,TT,A,F,,,,,P1D,,,,"ESA 2010 Sectors: S.121, S.122, S.123, S.124, S.125, S.126, S.127, S.128, S.129",,0,,,,,S,"Euro short-term rate, Total volume","Euro short-term rate, Total volume - Unsecured - Overnight - Borrowing - Financial corporations",,EUR,6
2022-12-30,21896,EST.B.EU000A2X2A25.TT,B,EU000A2X2A25,TT,A,F,,,,,P1D,,,,"ESA 2010 Sectors: S.121, S.122, S.123, S.124, S.125, S.126, S.127, S.128, S.129",,0,,,,,S,"Euro short-term rate, Total volume","Euro short-term rate, Total volume - Unsecured - Overnight - Borrowing - Financial corporations",,EUR,6
2023-01-02,40569,EST.B.EU000A2X2A25.TT,B,EU000A2X2A25,TT,A,F,,,,,P1D,,,,"ESA 2010 Sectors: S.121, S.122, S.123, S.124, S.125, S.126, S.127, S.128, S.129",,0,,,,,S,"Euro short-term rate, Total volume","Euro short-term rate, Total volume - Unsecured - Overnight - Borrowing - Financial corporations",,EUR,6
2023-01-03,60166,EST.B.EU000A2X2A25.TT,B,EU000A2X2A25,TT,A,F,,,,,P1D,,,,"ESA 2010 Sectors: S.121, S.122, S.123, S.124, S.125, S.126, S.127, S.128, S.129",,0,,,,,S,"Euro short-term rate, Total volume","Euro short-term rate, Total volume - Unsecured - Overnight - Borrowing - Financial corporations",,EUR,6
2023-01-04,62554,EST.B.EU000A2X2A25.TT,B,EU000A2X2A25,TT,A,F,,,,,P1D,,,,"ESA 2010 Sectors: S.121, S.122, S.123, S.124, S.125, S.126, S.127, S.128, S.129",,0,,,,,S,"Euro short-term rate, Total volume","Euro short-term rate, Total volume - Unsecured - Overnight - Borrowing - Financial corporations",,EUR,6
2023-01-05,58241,EST.B.EU000A2X2A25.TT,B,EU000A2X2A25,TT,A,F,,,,,P1D,,,,"ESA 2010 Sectors: S.121, S.122, S.123, S.124, S.125, S.126, S.127, S.128, S.129",,0,,,,,S,"Euro short-term rate, Total volume","Euro short-term rate, Total volume - Unsecured - Overnight - Borrowing - Financial corporations",,EUR,6
2023-01-06,62072,EST.B.EU000A2X2A25.TT,B,EU000A2X2A25,TT,A,F,,,,,P1D,,,,"ESA 2010 Sectors: S.121, S.122, S.123, S.124, S.125, S.126, S.127, S.128, S.129",,0,,,,,S,"Euro short-term rate, Total volume","Euro short-term rate, Total volume - Unsecured - Overnight - Borrowing - Financial corporations",,EUR,6
2023-01-09,72425,EST.B.EU000A2X2A25.TT,B,EU000A2X2A25,TT,A,F,,,,,P1D,,,,"ESA 2010 Sectors: S.121, S.122, S.123, S.124, S.125, S.126, S.127, S.128, S.129",,0,,,,,S,"Euro short-term rate, Total volume","Euro short-term rate, Total volume - Unsecured - Overnight - Borrowing - Financial corporations",,EUR,6
2023-01-10,69464,EST.B.EU000A2X2A25.TT,B,EU000A2X2A25,TT,A,F,,,,,P1D,,,,"ESA 2010 Sectors: S.121, S.122, S.123, S.124, S.125, S.126, S.127, S.128, S.129",,0,,,,,S,"Euro short-term rate, Total volume","Euro short-term rate, Total volume - Unsecured - Overnight - Borrowing - Financial corporations",,EUR,6
2023-01-11,68342,EST.B.EU000A2X2A25.TT,B,EU000A2X2A25,TT,A,F,,,,,P1D,,,,"ESA 2010 Sectors: S.121, S.122, S.123, S.124, S.125, S.126, S.127, S.128, S.129",,0,,,,,S,"Euro short-term rate, Total volume","Euro short-term rate, Total volume - Unsecured - Overnight - Borrowing - Financial corporations",,EUR,6
2023-01-12,69054,EST.B.EU000A2X2A25.TT,B,EU000A2X2A25,TT,A,F,,,,,P1D,,,,"ESA 2010 Sectors: S.121, S.122, S.123, S.124, S.125, S.126, S.127, S.128, S.129",,0,,,,,S,"Euro short-term rate, Total volume","Euro short-term rate, Total volume - Unsecured - Overnight - Borrowing - Financial corporations",,EUR,6
2023-01-13,66842,EST.B.EU000A2X2A25.TT,B,EU000A2X2A25,TT,A,F,,,,,P1D,,,,"ESA 2010 Sectors: S.121, S.122, S.123, S.124, S.125, S.126, S.127, S.128, S.129",,0,,,,,S,"Euro short-term rate, Total volume","Euro short-term rate, Total volume - Unsecured - Overnight - Borrowing - Financial corporations",,EUR,6
2023-01-16,70073,EST.B.EU000A2X2A25.TT,B,EU000A2X2A25,TT,A,F,,,,,P1D,,,,"ESA 2010 Sectors: S.121, S.122, S.123, S.124, S.125, S.126, S.127, S.128, S.129",,0,,,,,S,"Euro short-term rate, Total volume","Euro short-term rate, Total volume - Unsecured - Overnight - Borrowing - Financial corporations",,EUR,6
2023-01-17,63933,EST.B.EU000A2X2A25.TT,B,EU000A2X2A25,TT,A,F,,,,,P1D,,,,"ESA 2010 Sectors: S.121, S.122, S.123, S.124, S.125, S.126, S.127, S.128, S.129",,0,,,,,S,"Euro short-term rate, Total volume","Euro short-term rate, Total volume - Unsecured - Overnight - Borrowing - Financial corporations",,EUR,6
2023-01-18,63490,EST.B.EU000A2X2A25.TT,B,EU000A2X2A25,TT,A,F,,,,,P1D,,,,"ESA 2010 Sectors: S.121, S.122, S.123, S.124, S.125, S.126, S.127, S.128, S.129",,0,,,,,S,"Euro short-term rate, Total volume","Euro short-term rate, Total volume - Unsecured - Overnight - Borrowing - Financial corporations",,EUR,6
2023-01-19,61793,EST.B.EU000A2X2A25.TT,B,EU000A2X2A25,TT,A,F,,,,,P1D,,,,"ESA 2010 Sectors: S.121, S.122, S.123, S.124, S.125, S.126, S.127, S.128, S.129",,0,,,,,S,"Euro short-term rate, Total volume","Euro short-term rate, Total volume - Unsecured - Overnight - Borrowing - Financial corporations",,EUR,6
2023-01-20,61136,EST.B.EU000A2X2A25.TT,B,EU000A2X2A25,TT,A,F,,,,,P1D,,,,"ESA 2010 Sectors: S.121, S.122, S.123, S.124, S.125, S.126, S.127, S.128, S.129",,0,,,,,S,"Euro short-term rate, Total volume","Euro short-term rate, Total volume - Unsecured - Overnight - Borrowing - Financial corporations",,EUR,6
2023-01-23,61119,EST.B.EU000A2X2A25.TT,B,EU000A2X2A25,TT,A,F,,,,,P1D,,,,"ESA 2010 Sectors: S.121, S.122, S.123, S.124, S.125, S.126, S.127, S.128, S.129",,0,,,,,S,"Euro short-term rate, Total volume","Euro short-term rate, Total volume - Unsecured - Overnight - Borrowing - Financial corporations",,EUR,6
2023-01-24,59356,EST.B.EU000A2X2A25.TT,B,EU000A2X2A25,TT,A,F,,,,,P1D,,,,"ESA 2010 Sectors: S.121, S.122, S.123, S.124, S.125, S.126, S.127, S.128, S.129",,0,,,,,S,"Euro short-term rate, Total volume","Euro short-term rate, Total volume - Unsecured - Overnight - Borrowing - Financial corporations",,EUR,6
2023-01-25,54724,EST.B.EU000A2X2A25.TT,B,EU000A2X2A25,TT,A,F,,,,,P1D,,,,"ESA 2010 Sectors: S.121, S.122, S.123, S.124, S.125, S.126, S.127, S.128, S.129",,0,,,,,S,"Euro short-term rate, Total volume","Euro short-term rate, Total volume - Unsecured - Overnight - Borrowing - Financial corporations",,EUR,6
2023-01-26,55101,EST.B.EU000A2X2A25.TT,B,EU000A2X2A25,TT,A,F,,,,,P1D,,,,"ESA 2010 Sectors: S.121, S.122, S.123, S.124, S.125, S.126, S.127, S.128, S.129",,0,,,,,S,"Euro short-term rate, Total volume","Euro short-term rate, Total volume - Unsecured - Overnight - Borrowing - Financial corporations",,EUR,6
2023-01-27,55529,EST.B.EU000A2X2A25.TT,B,EU000A2X2A25,TT,A,F,,,,,P1D,,,,"ESA 2010 Sectors: S.121, S.122, S.123, S.124, S.125, S.126, S.127, S.128, S.129",,0,,,,,S,"Euro short-term rate, Total volume","Euro short-term rate, Total volume - Unsecured - Overnight - Borrowing - Financial corporations",,EUR,6
2023-01-30,56238,EST.B.EU000A2X2A25.TT,B,EU000A2X2A25,TT,A,F,,,,,P1D,,,,"ESA 2010 Sectors: S.121, S.122, S.123, S.124, S.125, S.126, S.127, S.128, S.129",,0,,,,,S,"Euro short-term rate, Total volume","Euro short-term rate, Total volume - Unsecured - Overnight - Borrowing - Financial corporations",,EUR,6
2023-01-31,53564,EST.B.EU000A2X2A25.TT,B,EU000A2X2A25,TT,A,F,,,,,P1D,,,,"ESA 2010 Sectors: S.121, S.122, S.123, S.124, S.125, S.126, S.127, S.128, S.129",,0,,,,,S,"Euro short-term rate, Total volume","Euro short-term rate, Total volume - Unsecured - Overnight - Borrowing - Financial corporations",,EUR,6
2023-02-01,61389,EST.B.EU000A2X2A25.TT,B,EU000A2X2A25,TT,A,F,,,,,P1D,,,,"ESA 2010 Sectors: S.121, S.122, S.123, S.124, S.125, S.126, S.127, S.128, S.129",,0,,,,,S,"Euro short-term rate, Total volume","Euro short-term rate, Total volume - Unsecured - Overnight - Borrowing - Financial corporations",,EUR,6
2023-02-02,62016,EST.B.EU000A2X2A25.TT,B,EU000A2X2A25,TT,A,F,,,,,P1D,,,,"ESA 2010 Sectors: S.121, S.122, S.123, S.124, S.125, S.126, S.127, S.128, S.129",,0,,,,,S,"Euro short-term rate, Total volume","Euro short-term rate, Total volume - Unsecured - Overnight - Borrowing - Financial corporations",,EUR,6
2023-02-03,60604,EST.B.EU000A2X2A25.TT,B,EU000A2X2A25,TT,A,F,,,,,P1D,,,,"ESA 2010 Sectors: S.121, S.122, S.123, S.124, S.125, S.126, S.127, S.128, S.129",,0,,,,,S,"Euro short-term rate, Total volume","Euro short-term rate, Total volume - Unsecured - Overnight - Borrowing - Financial corporations",,EUR,6
2023-02-06,62633,EST.B.EU000A2X2A25.TT,B,EU000A2X2A25,TT,A,F,,,,,P1D,,,,"ESA 2010 Sectors: S.121, S.122, S.123, S.124, S.125, S.126, S.127, S.128, S.129",,0,,,,,S,"Euro short-term rate, Total volume","Euro short-term rate, Total volume - Unsecured - Overnight - Borrowing - Financial corporations",,EUR,6
2023-02-07,65486,EST.B.EU000A2X2A25.TT,B,EU000A2X2A25,TT,A,F,,,,,P1D,,,,"ESA 2010 Sectors: S.121, S.122, S.123, S.124, S.125, S.126, S.127, S.128, S.129",,0,,,,,S,"Euro short-term rate, Total volume","Euro short-term rate, Total volume - Unsecured - Overnight - Borrowing - Financial corporations",,EUR,6
2023-02-08,67762,EST.B.EU000A2X2A25.TT,B,EU000A2X2A25,TT,A,F,,,,,P1D,,,,"ESA 2010 Sectors: S.121, S.122, S.123, S.124, S.125, S.126, S.127, S.128, S.129",,0,,,,,S,"Euro short-term rate, Total volume","Euro short-term rate, Total volume - Unsecured - Overnight - Borrowing - Financial corporations",,EUR,6
2023-02-09,63901,EST.B.EU000A2X2A25.TT,B,EU000A2X2A25,TT,A,F,,,,,P1D,,,,"ESA 2010 Sectors: S.121, S.122, S.123, S.124, S.125, S.126, S.127, S.128, S.129",,0,,,,,S,"Euro short-term rate, Total volume","Euro short-term rate, Total volume - Unsecured - Overnight - Borrowing - Financial corporations",,EUR,6
2023-02-10,62565,EST.B.EU000A2X2A25.TT,B,EU000A2X2A25,TT,A,F,,,,,P1D,,,,"ESA 2010 Sectors: S.121, S.122, S.123, S.124, S.125, S.126, S.127, S.128, S.129",,0,,,,,S,"Euro short-term rate, Total volume","Euro short-term rate, Total volume - Unsecured - Overnight - Borrowing - Financial corporations",,EUR,6
2023-02-13,64095,EST.B.EU000A2X2A25.TT,B,EU000A2X2A25,TT,A,F,,,,,P1D,,,,"ESA 2010 Sectors: S.121, S.122, S.123, S.124, S.125, S.126, S.127, S.128, S.129",,0,,,,,S,"Euro short-term rate, Total volume","Euro short-term rate, Total volume - Unsecured - Overnight - Borrowing - Financial corporations",,EUR,6
2023-02-14,66769,EST.B.EU000A2X2A25.TT,B,EU000A2X2A25,TT,A,F,,,,,P1D,,,,"ESA 2010 Sectors: S.121, S.122, S.123, S.124, S.125, S.126, S.127, S.128, S.129",,0,,,,,S,"Euro short-term rate, Total volume","Euro short-term rate, Total volume - Unsecured - Overnight - Borrowing - Financial corporations",,EUR,6
2023-02-15,64905,EST.B.EU000A2X2A25.TT,B,EU000A2X2A25,TT,A,F,,,,,P1D,,,,"ESA 2010 Sectors: S.121, S.122, S.123, S.124, S.125, S.126, S.127, S.128, S.129",,0,,,,,S,"Euro short-term rate, Total volume","Euro short-term rate, Total volume - Unsecured - Overnight - Borrowing - Financial corporations",,EUR,6
2023-02-16,60913,EST.B.EU000A2X2A25.TT,B,EU000A2X2A25,TT,A,F,,,,,P1D,,,,"ESA 2010 Sectors: S.121, S.122, S.123, S.124, S.125, S.126, S.127, S.128, S.129",,0,,,,,S,"Euro short-term rate, Total volume","Euro short-term rate, Total volume - Unsecured - Overnight - Borrowing - Financial corporations",,EUR,6
2023-02-17,61164,EST.B.EU000A2X2A25.TT,B,EU000A2X2A25,TT,A,F,,,,,P1D,,,,"ESA 2010 Sectors: S.121, S.122, S.123, S.124, S.125, S.126, S.127, S.128, S.129",,0,,,,,S,"Euro short-term rate, Total volume","Euro short-term rate, Total volume - Unsecured - Overnight - Borrowing - Financial corporations",,EUR,6
2023-02-20,61509,EST.B.EU000A2X2A25.TT,B,EU000A2X2A25,TT,A,F,,,,,P1D,,,,"ESA 2010 Sectors: S.121, S.122, S.123, S.124, S.125, S.126, S.127, S.128, S.129",,0,,,,,S,"Euro short-term rate, Total volume","Euro short-term rate, Total volume - Unsecured - Overnight - Borrowing - Financial corporations",,EUR,6
2023-02-21,62118,EST.B.EU000A2X2A25.TT,B,EU000A2X2A25,TT,A,F,,,,,P1D,,,,"ESA 2010 Sectors: S.121, S.122, S.123, S.124, S.125, S.126, S.127, S.128, S.129",,0,,,,,S,"Euro short-term rate, Total volume","Euro short-term rate, Total volume - Unsecured - Overnight - Borrowing - Financial corporations",,EUR,6
2023-02-22,62883,EST.B.EU000A2X2A25.TT,B,EU000A2X2A25,TT,A,F,,,,,P1D,,,,"ESA 2010 Sectors: S.121, S.122, S.123, S.124, S.125, S.126, S.127, S.128, S.129",,0,,,,,S,"Euro short-term rate, Total volume","Euro short-term rate, Total volume - Unsecured - Overnight - Borrowing - Financial corporations",,EUR,6
2023-02-23,59267,EST.B.EU000A2X2A25.TT,B,EU000A2X2A25,TT,A,F,,,,,P1D,,,,"ESA 2010 Sectors: S.121, S.122, S.123, S.124, S.125, S.126, S.127, S.128, S.129",,0,,,,,S,"Euro short-term rate, Total volume","Euro short-term rate, Total volume - Unsecured - Overnight - Borrowing - Financial corporations",,EUR,6
2023-02-24,58604,EST.B.EU000A2X2A25.TT,B,EU000A2X2A25,TT,A,F,,,,,P1D,,,,"ESA 2010 Sectors: S.121, S.122, S.123, S.124, S.125, S.126, S.127, S.128, S.129",,0,,,,,S,"Euro short-term rate, Total volume","Euro short-term rate, Total volume - Unsecured - Overnight - Borrowing - Financial corporations",,EUR,6
2023-02-27,56732,EST.B.EU000A2X2A25.TT,B,EU000A2X2A25,TT,A,F,,,,,P1D,,,,"ESA 2010 Sectors: S.121, S.122, S.123, S.124, S.125, S.126, S.127, S.128, S.129",,0,,,,,S,"Euro short-term rate, Total volume","Euro short-term rate, Total volume - Unsecured - Overnight - Borrowing - Financial corporations",,EUR,6
2023-02-28,52766,EST.B.EU000A2X2A25.TT,B,EU000A2X2A25,TT,A,F,,,,,P1D,,,,"ESA 2010 Sectors: S.121, S.122, S.123, S.124, S.125, S.126, S.127, S.128, S.129",,0,,,,,S,"Euro short-term rate, Total volume","Euro short-term rate, Total volume - Unsecured - Overnight - Borrowing - Financial corporations",,EUR,6
2023-03-01,56327,EST.B.EU000A2X2A25.TT,B,EU000A2X2A25,TT,A,F,,,,,P1D,,,,"ESA 2010 Sectors: S.121, S.122, S.123, S.124, S.125, S.126, S.127, S.128, S.129",,0,,,,,S,"Euro short-term rate, Total volume","Euro short-term rate, Total volume - Unsecured - Overnight - Borrowing - Financial corporations",,EUR,6
2023-03-02,57449,EST.B.EU000A2X2A25.TT,B,EU000A2X2A25,TT,A,F,,,,,P1D,,,,"ESA 2010 Sectors: S.121, S.122, S.123, S.124, S.125, S.126, S.127, S.128, S.129",,0,,,,,S,"Euro short-term rate, Total volume","Euro short-term rate, Total volume - Unsecured - Overnight - Borrowing - Financial corporations",,EUR,6
2023-03-03,58001,EST.B.EU000A2X2A25.TT,B,EU000A2X2A25,TT,A,F,,,,,P1D,,,,"ESA 2010 Sectors: S.121, S.122, S.123, S.124, S.125, S.126, S.127, S.128, S.129",,0,,,,,S,"Euro short-term rate, Total volume","Euro short-term rate, Total volume - Unsecured - Overnight - Borrowing - Financial corporations",,EUR,6
2023-03-06,65445,EST.B.EU000A2X2A25.TT,B,EU000A2X2A25,TT,A,F,,,,,P1D,,,,"ESA 2010 Sectors: S.121, S.122, S.123, S.124, S.125, S.126, S.127, S.128, S.129",,0,,,,,S,"Euro short-term rate, Total volume","Euro short-term rate, Total volume - Unsecured - Overnight - Borrowing - Financial corporations",,EUR,6
2023-03-07,65310,EST.B.EU000A2X2A25.TT,B,EU000A2X2A25,TT,A,F,,,,,P1D,,,,"ESA 2010 Sectors: S.121, S.122, S.123, S.124, S.125, S.126, S.127, S.128, S.129",,0,,,,,S,"Euro short-term rate, Total volume","Euro short-term rate, Total volume - Unsecured - Overnight - Borrowing - Financial corporations",,EUR,6
2023-03-08,62619,EST.B.EU000A2X2A25.TT,B,EU000A2X2A25,TT,A,F,,,,,P1D,,,,"ESA 2010 Sectors: S.121, S.122, S.123, S.124, S.125, S.126, S.127, S.128, S.129",,0,,,,,S,"Euro short-term rate, Total volume","Euro short-term rate, Total volume - Unsecured - Overnight - Borrowing - Financial corporations",,EUR,6
2023-03-09,65684,EST.B.EU000A2X2A25.TT,B,EU000A2X2A25,TT,A,F,,,,,P1D,,,,"ESA 2010 Sectors: S.121, S.122, S.123, S.124, S.125, S.126, S.127, S.128, S.129",,0,,,,,S,"Euro short-term rate, Total volume","Euro short-term rate, Total volume - Unsecured - Overnight - Borrowing - Financial corporations",,EUR,6
2023-03-10,61813,EST.B.EU000A2X2A25.TT,B,EU000A2X2A25,TT,A,F,,,,,P1D,,,,"ESA 2010 Sectors: S.121, S.122, S.123, S.124, S.125, S.126, S.127, S.128, S.129",,0,,,,,S,"Euro short-term rate, Total volume","Euro short-term rate, Total volume - Unsecured - Overnight - Borrowing - Financial corporations",,EUR,6
2023-03-13,68690,EST.B.EU000A2X2A25.TT,B,EU000A2X2A25,TT,A,F,,,,,P1D,,,,"ESA 2010 Sectors: S.121, S.122, S.123, S.124, S.125, S.126, S.127, S.128, S.129",,0,,,,,S,"Euro short-term rate, Total volume","Euro short-term rate, Total volume - Unsecured - Overnight - Borrowing - Financial corporations",,EUR,6
2023-03-14,65706,EST.B.EU000A2X2A25.TT,B,EU000A2X2A25,TT,A,F,,,,,P1D,,,,"ESA 2010 Sectors: S.121, S.122, S.123, S.124, S.125, S.126, S.127, S.128, S.129",,0,,,,,S,"Euro short-term rate, Total volume","Euro short-term rate, Total volume - Unsecured - Overnight - Borrowing - Financial corporations",,EUR,6
2023-03-15,60261,EST.B.EU000A2X2A25.TT,B,EU000A2X2A25,TT,A,F,,,,,P1D,,,,"ESA 2010 Sectors: S.121, S.122, S.123, S.124, S.125, S.126, S.127, S.128, S.129",,0,,,,,S,"Euro short-term rate, Total volume","Euro short-term rate, Total volume - Unsecured - Overnight - Borrowing - Financial corporations",,EUR,6
2023-03-16,65800,EST.B.EU000A2X2A25.TT,B,EU000A2X2A25,TT,A,F,,,,,P1D,,,,"ESA 2010 Sectors: S.121, S.122, S.123, S.124, S.125, S.126, S.127, S.128, S.129",,0,,,,,S,"Euro short-term rate, Total volume","Euro short-term rate, Total volume - Unsecured - Overnight - Borrowing - Financial corporations",,EUR,6
2023-03-17,63966,EST.B.EU000A2X2A25.TT,B,EU000A2X2A25,TT,A,F,,,,,P1D,,,,"ESA 2010 Sectors: S.121, S.122, S.123, S.124, S.125, S.126, S.127, S.128, S.129",,0,,,,,S,"Euro short-term rate, Total volume","Euro short-term rate, Total volume - Unsecured - Overnight - Borrowing - Financial corporations",,EUR,6
2023-03-20,71668,EST.B.EU000A2X2A25.TT,B,EU000A2X2A25,TT,A,F,,,,,P1D,,,,"ESA 2010 Sectors: S.121, S.122, S.123, S.124, S.125, S.126, S.127, S.128, S.129",,0,,,,,S,"Euro short-term rate, Total volume","Euro short-term rate, Total volume - Unsecured - Overnight - Borrowing - Financial corporations",,EUR,6
2023-03-21,72609,EST.B.EU000A2X2A25.TT,B,EU000A2X2A25,TT,A,F,,,,,P1D,,,,"ESA 2010 Sectors: S.121, S.122, S.123, S.124, S.125, S.126, S.127, S.128, S.129",,0,,,,,S,"Euro short-term rate, Total volume","Euro short-term rate, Total volume - Unsecured - Overnight - Borrowing - Financial corporations",,EUR,6
2023-03-22,73949,EST.B.EU000A2X2A25.TT,B,EU000A2X2A25,TT,A,F,,,,,P1D,,,,"ESA 2010 Sectors: S.121, S.122, S.123, S.124, S.125, S.126, S.127, S.128, S.129",,0,,,,,S,"Euro short-term rate, Total volume","Euro short-term rate, Total volume - Unsecured - Overnight - Borrowing - Financial corporations",,EUR,6
2023-03-23,66025,EST.B.EU000A2X2A25.TT,B,EU000A2X2A25,TT,A,F,,,,,P1D,,,,"ESA 2010 Sectors: S.121, S.122, S.123, S.124, S.125, S.126, S.127, S.128, S.129",,0,,,,,S,"Euro short-term rate, Total volume","Euro short-term rate, Total volume - Unsecured - Overnight - Borrowing - Financial corporations",,EUR,6
2023-03-24,63790,EST.B.EU000A2X2A25.TT,B,EU000A2X2A25,TT,A,F,,,,,P1D,,,,"ESA 2010 Sectors: S.121, S.122, S.123, S.124, S.125, S.126, S.127, S.128, S.129",,0,,,,,S,"Euro short-term rate, Total volume","Euro short-term rate, Total volume - Unsecured - Overnight - Borrowing - Financial corporations",,EUR,6
2023-03-27,58900,EST.B.EU000A2X2A25.TT,B,EU000A2X2A25,TT,A,F,,,,,P1D,,,,"ESA 2010 Sectors: S.121, S.122, S.123, S.124, S.125, S.126, S.127, S.128, S.129",,0,,,,,S,"Euro short-term rate, Total volume","Euro short-term rate, Total volume - Unsecured - Overnight - Borrowing - Financial corporations",,EUR,6
2023-03-28,62061,EST.B.EU000A2X2A25.TT,B,EU000A2X2A25,TT,A,F,,,,,P1D,,,,"ESA 2010 Sectors: S.121, S.122, S.123, S.124, S.125, S.126, S.127, S.128, S.129",,0,,,,,S,"Euro short-term rate, Total volume","Euro short-term rate, Total volume - Unsecured - Overnight - Borrowing - Financial corporations",,EUR,6
2023-03-29,58622,EST.B.EU000A2X2A25.TT,B,EU000A2X2A25,TT,A,F,,,,,P1D,,,,"ESA 2010 Sectors: S.121, S.122, S.123, S.124, S.125, S.126, S.127, S.128, S.129",,0,,,,,S,"Euro short-term rate, Total volume","Euro short-term rate, Total volume - Unsecured - Overnight - Borrowing - Financial corporations",,EUR,6
2023-03-30,55196,EST.B.EU000A2X2A25.TT,B,EU000A2X2A25,TT,A,F,,,,,P1D,,,,"ESA 2010 Sectors: S.121, S.122, S.123, S.124, S.125, S.126, S.127, S.128, S.129",,0,,,,,S,"Euro short-term rate, Total volume","Euro short-term rate, Total volume - Unsecured - Overnight - Borrowing - Financial corporations",,EUR,6
2023-03-31,52387,EST.B.EU000A2X2A25.TT,B,EU000A2X2A25,TT,A,F,,,,,P1D,,,,"ESA 2010 Sectors: S.121, S.122, S.123, S.124, S.125, S.126, S.127, S.128, S.129",,0,,,,,S,"Euro short-term rate, Total volume","Euro short-term rate, Total volume - Unsecured - Overnight - Borrowing - Financial corporations",,EUR,6
2023-04-03,58854,EST.B.EU000A2X2A25.TT,B,EU000A2X2A25,TT,A,F,,,,,P1D,,,,"ESA 2010 Sectors: S.121, S.122, S.123, S.124, S.125, S.126, S.127, S.128, S.129",,0,,,,,S,"Euro short-term rate, Total volume","Euro short-term rate, Total volume - Unsecured - Overnight - Borrowing - Financial corporations",,EUR,6
2023-04-04,62307,EST.B.EU000A2X2A25.TT,B,EU000A2X2A25,TT,A,F,,,,,P1D,,,,"ESA 2010 Sectors: S.121, S.122, S.123, S.124, S.125, S.126, S.127, S.128, S.129",,0,,,,,S,"Euro short-term rate, Total volume","Euro short-term rate, Total volume - Unsecured - Overnight - Borrowing - Financial corporations",,EUR,6
2023-04-05,62246,EST.B.EU000A2X2A25.TT,B,EU000A2X2A25,TT,A,F,,,,,P1D,,,,"ESA 2010 Sectors: S.121, S.122, S.123, S.124, S.125, S.126, S.127, S.128, S.129",,0,,,,,S,"Euro short-term rate, Total volume","Euro short-term rate, Total volume - Unsecured - Overnight - Borrowing - Financial corporations",,EUR,6
2023-04-06,60428,EST.B.EU000A2X2A25.TT,B,EU000A2X2A25,TT,A,F,,,,,P1D,,,,"ESA 2010 Sectors: S.121, S.122, S.123, S.124, S.125, S.126, S.127, S.128, S.129",,0,,,,,S,"Euro short-term rate, Total volume","Euro short-term rate, Total volume - Unsecured - Overnight - Borrowing - Financial corporations",,EUR,6
2023-04-11,65884,EST.B.EU000A2X2A25.TT,B,EU000A2X2A25,TT,A,F,,,,,P1D,,,,"ESA 2010 Sectors: S.121, S.122, S.123, S.124, S.125, S.126, S.127, S.128, S.129",,0,,,,,S,"Euro short-term rate, Total volume","Euro short-term rate, Total volume - Unsecured - Overnight - Borrowing - Financial corporations",,EUR,6
2023-04-12,67556,EST.B.EU000A2X2A25.TT,B,EU000A2X2A25,TT,A,F,,,,,P1D,,,,"ESA 2010 Sectors: S.121, S.122, S.123, S.124, S.125, S.126, S.127, S.128, S.129",,0,,,,,S,"Euro short-term rate, Total volume","Euro short-term rate, Total volume - Unsecured - Overnight - Borrowing - Financial corporations",,EUR,6
2023-04-13,63211,EST.B.EU000A2X2A25.TT,B,EU000A2X2A25,TT,A,F,,,,,P1D,,,,"ESA 2010 Sectors: S.121, S.122, S.123, S.124, S.125, S.126, S.127, S.128, S.129",,0,,,,,S,"Euro short-term rate, Total volume","Euro short-term rate, Total volume - Unsecured - Overnight - Borrowing - Financial corporations",,EUR,6
2023-04-14,59787,EST.B.EU000A2X2A25.TT,B,EU000A2X2A25,TT,A,F,,,,,P1D,,,,"ESA 2010 Sectors: S.121, S.122, S.123, S.124, S.125, S.126, S.127, S.128, S.129",,0,,,,,S,"Euro short-term rate, Total volume","Euro short-term rate, Total volume - Unsecured - Overnight - Borrowing - Financial corporations",,EUR,6
2023-04-17,63547,EST.B.EU000A2X2A25.TT,B,EU000A2X2A25,TT,A,F,,,,,P1D,,,,"ESA 2010 Sectors: S.121, S.122, S.123, S.124, S.125, S.126, S.127, S.128, S.129",,0,,,,,S,"Euro short-term rate, Total volume","Euro short-term rate, Total volume - Unsecured - Overnight - Borrowing - Financial corporations",,EUR,6
2023-04-18,68036,EST.B.EU000A2X2A25.TT,B,EU000A2X2A25,TT,A,F,,,,,P1D,,,,"ESA 2010 Sectors: S.121, S.122, S.123, S.124, S.125, S.126, S.127, S.128, S.129",,0,,,,,S,"Euro short-term rate, Total volume","Euro short-term rate, Total volume - Unsecured - Overnight - Borrowing - Financial corporations",,EUR,6
2023-04-19,64902,EST.B.EU000A2X2A25.TT,B,EU000A2X2A25,TT,A,F,,,,,P1D,,,,"ESA 2010 Sectors: S.121, S.122, S.123, S.124, S.125, S.126, S.127, S.128, S.129",,0,,,,,S,"Euro short-term rate, Total volume","Euro short-term rate, Total volume - Unsecured - Overnight - Borrowing - Financial corporations",,EUR,6
2023-04-20,62856,EST.B.EU000A2X2A25.TT,B,EU000A2X2A25,TT,A,F,,,,,P1D,,,,"ESA 2010 Sectors: S.121, S.122, S.123, S.124, S.125, S.126, S.127, S.128, S.129",,0,,,,,S,"Euro short-term rate, Total volume","Euro short-term rate, Total volume - Unsecured - Overnight - Borrowing - Financial corporations",,EUR,6
2023-04-21,59794,EST.B.EU000A2X2A25.TT,B,EU000A2X2A25,TT,A,F,,,,,P1D,,,,"ESA 2010 Sectors: S.121, S.122, S.123, S.124, S.125, S.126, S.127, S.128, S.129",,0,,,,,S,"Euro short-term rate, Total volume","Euro short-term rate, Total volume - Unsecured - Overnight - Borrowing - Financial corporations",,EUR,6
2023-04-24,59736,EST.B.EU000A2X2A25.TT,B,EU000A2X2A25,TT,A,F,,,,,P1D,,,,"ESA 2010 Sectors: S.121, S.122, S.123, S.124, S.125, S.126, S.127, S.128, S.129",,0,,,,,S,"Euro short-term rate, Total volume","Euro short-term rate, Total volume - Unsecured - Overnight - Borrowing - Financial corporations",,EUR,6
2023-04-25,62812,EST.B.EU000A2X2A25.TT,B,EU000A2X2A25,TT,A,F,,,,,P1D,,,,"ESA 2010 Sectors: S.121, S.122, S.123, S.124, S.125, S.126, S.127, S.128, S.129",,0,,,,,S,"Euro short-term rate, Total volume","Euro short-term rate, Total volume - Unsecured - Overnight - Borrowing - Financial corporations",,EUR,6
2023-04-26,61905,EST.B.EU000A2X2A25.TT,B,EU000A2X2A25,TT,A,F,,,,,P1D,,,,"ESA 2010 Sectors: S.121, S.122, S.123, S.124, S.125, S.126, S.127, S.128, S.129",,0,,,,,S,"Euro short-term rate, Total volume","Euro short-term rate, Total volume - Unsecured - Overnight - Borrowing - Financial corporations",,EUR,6
2023-04-27,57355,EST.B.EU000A2X2A25.TT,B,EU000A2X2A25,TT,A,F,,,,,P1D,,,,"ESA 2010 Sectors: S.121, S.122, S.123, S.124, S.125, S.126, S.127, S.128, S.129",,0,,,,,S,"Euro short-term rate, Total volume","Euro short-term rate, Total volume - Unsecured - Overnight - Borrowing - Financial corporations",,EUR,6
2023-04-28,51996,EST.B.EU000A2X2A25.TT,B,EU000A2X2A25,TT,A,F,,,,,P1D,,,,"ESA 2010 Sectors: S.121, S.122, S.123, S.124, S.125, S.126, S.127, S.128, S.129",,0,,,,,S,"Euro short-term rate, Total volume","Euro short-term rate, Total volume - Unsecured - Overnight - Borrowing - Financial corporations",,EUR,6
2023-05-02,65823,EST.B.EU000A2X2A25.TT,B,EU000A2X2A25,TT,A,F,,,,,P1D,,,,"ESA 2010 Sectors: S.121, S.122, S.123, S.124, S.125, S.126, S.127, S.128, S.129",,0,,,,,S,"Euro short-term rate, Total volume","Euro short-term rate, Total volume - Unsecured - Overnight - Borrowing - Financial corporations",,EUR,6
2023-05-03,67244,EST.B.EU000A2X2A25.TT,B,EU000A2X2A25,TT,A,F,,,,,P1D,,,,"ESA 2010 Sectors: S.121, S.122, S.123, S.124, S.125, S.126, S.127, S.128, S.129",,0,,,,,S,"Euro short-term rate, Total volume","Euro short-term rate, Total volume - Unsecured - Overnight - Borrowing - Financial corporations",,EUR,6
2023-05-04,72042,EST.B.EU000A2X2A25.TT,B,EU000A2X2A25,TT,A,F,,,,,P1D,,,,"ESA 2010 Sectors: S.121, S.122, S.123, S.124, S.125, S.126, S.127, S.128, S.129",,0,,,,,S,"Euro short-term rate, Total volume","Euro short-term rate, Total volume - Unsecured - Overnight - Borrowing - Financial corporations",,EUR,6
2023-05-05,59669,EST.B.EU000A2X2A25.TT,B,EU000A2X2A25,TT,A,F,,,,,P1D,,,,"ESA 2010 Sectors: S.121, S.122, S.123, S.124, S.125, S.126, S.127, S.128, S.129",,0,,,,,S,"Euro short-term rate, Total volume","Euro short-term rate, Total volume - Unsecured - Overnight - Borrowing - Financial corporations",,EUR,6
2023-05-08,60288,EST.B.EU000A2X2A25.TT,B,EU000A2X2A25,TT,A,F,,,,,P1D,,,,"ESA 2010 Sectors: S.121, S.122, S.123, S.124, S.125, S.126, S.127, S.128, S.129",,0,,,,,S,"Euro short-term rate, Total volume","Euro short-term rate, Total volume - Unsecured - Overnight - Borrowing - Financial corporations",,EUR,6
2023-05-09,71757,EST.B.EU000A2X2A25.TT,B,EU000A2X2A25,TT,A,F,,,,,P1D,,,,"ESA 2010 Sectors: S.121, S.122, S.123, S.124, S.125, S.126, S.127, S.128, S.129",,0,,,,,S,"Euro short-term rate, Total volume","Euro short-term rate, Total volume - Unsecured - Overnight - Borrowing - Financial corporations",,EUR,6
2023-05-10,73385,EST.B.EU000A2X2A25.TT,B,EU000A2X2A25,TT,A,F,,,,,P1D,,,,"ESA 2010 Sectors: S.121, S.122, S.123, S.124, S.125, S.126, S.127, S.128, S.129",,0,,,,,S,"Euro short-term rate, Total volume","Euro short-term rate, Total volume - Unsecured - Overnight - Borrowing - Financial corporations",,EUR,6
2023-05-11,73512,EST.B.EU000A2X2A25.TT,B,EU000A2X2A25,TT,A,F,,,,,P1D,,,,"ESA 2010 Sectors: S.121, S.122, S.123, S.124, S.125, S.126, S.127, S.128, S.129",,0,,,,,S,"Euro short-term rate, Total volume","Euro short-term rate, Total volume - Unsecured - Overnight - Borrowing - Financial corporations",,EUR,6
2023-05-12,69524,EST.B.EU000A2X2A25.TT,B,EU000A2X2A25,TT,A,F,,,,,P1D,,,,"ESA 2010 Sectors: S.121, S.122, S.123, S.124, S.125, S.126, S.127, S.128, S.129",,0,,,,,S,"Euro short-term rate, Total volume","Euro short-term rate, Total volume - Unsecured - Overnight - Borrowing - Financial corporations",,EUR,6
2023-05-15,69394,EST.B.EU000A2X2A25.TT,B,EU000A2X2A25,TT,A,F,,,,,P1D,,,,"ESA 2010 Sectors: S.121, S.122, S.123, S.124, S.125, S.126, S.127, S.128, S.129",,0,,,,,S,"Euro short-term rate, Total volume","Euro short-term rate, Total volume - Unsecured - Overnight - Borrowing - Financial corporations",,EUR,6
2023-05-16,66147,EST.B.EU000A2X2A25.TT,B,EU000A2X2A25,TT,A,F,,,,,P1D,,,,"ESA 2010 Sectors: S.121, S.122, S.123, S.124, S.125, S.126, S.127, S.128, S.129",,0,,,,,S,"Euro short-term rate, Total volume","Euro short-term rate, Total volume - Unsecured - Overnight - Borrowing - Financial corporations",,EUR,6
2023-05-17,51541,EST.B.EU000A2X2A25.TT,B,EU000A2X2A25,TT,A,F,,,,,P1D,,,,"ESA 2010 Sectors: S.121, S.122, S.123, S.124, S.125, S.126, S.127, S.128, S.129",,0,,,,,S,"Euro short-term rate, Total volume","Euro short-term rate, Total volume - Unsecured - Overnight - Borrowing - Financial corporations",,EUR,6
2023-05-18,47245,EST.B.EU000A2X2A25.TT,B,EU000A2X2A25,TT,A,F,,,,,P1D,,,,"ESA 2010 Sectors: S.121, S.122, S.123, S.124, S.125, S.126, S.127, S.128, S.129",,0,,,,,S,"Euro short-term rate, Total volume","Euro short-term rate, Total volume - Unsecured - Overnight - Borrowing - Financial corporations",,EUR,6
2023-05-19,60448,EST.B.EU000A2X2A25.TT,B,EU000A2X2A25,TT,A,F,,,,,P1D,,,,"ESA 2010 Sectors: S.121, S.122, S.123, S.124, S.125, S.126, S.127, S.128, S.129",,0,,,,,S,"Euro short-term rate, Total volume","Euro short-term rate, Total volume - Unsecured - Overnight - Borrowing - Financial corporations",,EUR,6
2023-05-22,66982,EST.B.EU000A2X2A25.TT,B,EU000A2X2A25,TT,A,F,,,,,P1D,,,,"ESA 2010 Sectors: S.121, S.122, S.123, S.124, S.125, S.126, S.127, S.128, S.129",,0,,,,,S,"Euro short-term rate, Total volume","Euro short-term rate, Total volume - Unsecured - Overnight - Borrowing - Financial corporations",,EUR,6
2023-05-23,64741,EST.B.EU000A2X2A25.TT,B,EU000A2X2A25,TT,A,F,,,,,P1D,,,,"ESA 2010 Sectors: S.121, S.122, S.123, S.124, S.125, S.126, S.127, S.128, S.129",,0,,,,,S,"Euro short-term rate, Total volume","Euro short-term rate, Total volume - Unsecured - Overnight - Borrowing - Financial corporations",,EUR,6
2023-05-24,63786,EST.B.EU000A2X2A25.TT,B,EU000A2X2A25,TT,A,F,,,,,P1D,,,,"ESA 2010 Sectors: S.121, S.122, S.123, S.124, S.125, S.126, S.127, S.128, S.129",,0,,,,,S,"Euro short-term rate, Total volume","Euro short-term rate, Total volume - Unsecured - Overnight - Borrowing - Financial corporations",,EUR,6
2023-05-25,67877,EST.B.EU000A2X2A25.TT,B,EU000A2X2A25,TT,A,F,,,,,P1D,,,,"ESA 2010 Sectors: S.121, S.122, S.123, S.124, S.125, S.126, S.127, S.128, S.129",,0,,,,,S,"Euro short-term rate, Total volume","Euro short-term rate, Total volume - Unsecured - Overnight - Borrowing - Financial corporations",,EUR,6
2023-05-26,45100,EST.B.EU000A2X2A25.TT,B,EU000A2X2A25,TT,A,F,,,,,P1D,,,,"ESA 2010 Sectors: S.121, S.122, S.123, S.124, S.125, S.126, S.127, S.128, S.129",,0,,,,,S,"Euro short-term rate, Total volume","Euro short-term rate, Total volume - Unsecured - Overnight - Borrowing - Financial corporations",,EUR,6
2023-05-29,38105,EST.B.EU000A2X2A25.TT,B,EU000A2X2A25,TT,A,F,,,,,P1D,,,,"ESA 2010 Sectors: S.121, S.122, S.123, S.124, S.125, S.126, S.127, S.128, S.129",,0,,,,,S,"Euro short-term rate, Total volume","Euro short-term rate, Total volume - Unsecured - Overnight - Borrowing - Financial corporations",,EUR,6
2023-05-30,67350,EST.B.EU000A2X2A25.TT,B,EU000A2X2A25,TT,A,F,,,,,P1D,,,,"ESA 2010 Sectors: S.121, S.122, S.123, S.124, S.125, S.126, S.127, S.128, S.129",,0,,,,,S,"Euro short-term rate, Total volume","Euro short-term rate, Total volume - Unsecured - Overnight - Borrowing - Financial corporations",,EUR,6
2023-05-31,65465,EST.B.EU000A2X2A25.TT,B,EU000A2X2A25,TT,A,F,,,,,P1D,,,,"ESA 2010 Sectors: S.121, S.122, S.123, S.124, S.125, S.126, S.127, S.128, S.129",,0,,,,,S,"Euro short-term rate, Total volume","Euro short-term rate, Total volume - Unsecured - Overnight - Borrowing - Financial corporations",,EUR,6
2023-06-01,68127,EST.B.EU000A2X2A25.TT,B,EU000A2X2A25,TT,A,F,,,,,P1D,,,,"ESA 2010 Sectors: S.121, S.122, S.123, S.124, S.125, S.126, S.127, S.128, S.129",,0,,,,,S,"Euro short-term rate, Total volume","Euro short-term rate, Total volume - Unsecured - Overnight - Borrowing - Financial corporations",,EUR,6
2023-06-02,63724,EST.B.EU000A2X2A25.TT,B,EU000A2X2A25,TT,A,F,,,,,P1D,,,,"ESA 2010 Sectors: S.121, S.122, S.123, S.124, S.125, S.126, S.127, S.128, S.129",,0,,,,,S,"Euro short-term rate, Total volume","Euro short-term rate, Total volume - Unsecured - Overnight - Borrowing - Financial corporations",,EUR,6
2023-06-05,67520,EST.B.EU000A2X2A25.TT,B,EU000A2X2A25,TT,A,F,,,,,P1D,,,,"ESA 2010 Sectors: S.121, S.122, S.123, S.124, S.125, S.126, S.127, S.128, S.129",,0,,,,,S,"Euro short-term rate, Total volume","Euro short-term rate, Total volume - Unsecured - Overnight - Borrowing - Financial corporations",,EUR,6
2023-06-06,66595,EST.B.EU000A2X2A25.TT,B,EU000A2X2A25,TT,A,F,,,,,P1D,,,,"ESA 2010 Sectors: S.121, S.122, S.123, S.124, S.125, S.126, S.127, S.128, S.129",,0,,,,,S,"Euro short-term rate, Total volume","Euro short-term rate, Total volume - Unsecured - Overnight - Borrowing - Financial corporations",,EUR,6
2023-06-07,61270,EST.B.EU000A2X2A25.TT,B,EU000A2X2A25,TT,A,F,,,,,P1D,,,,"ESA 2010 Sectors: S.121, S.122, S.123, S.124, S.125, S.126, S.127, S.128, S.129",,0,,,,,S,"Euro short-term rate, Total volume","Euro short-term rate, Total volume - Unsecured - Overnight - Borrowing - Financial corporations",,EUR,6
2023-06-08,57060,EST.B.EU000A2X2A25.TT,B,EU000A2X2A25,TT,A,F,,,,,P1D,,,,"ESA 2010 Sectors: S.121, S.122, S.123, S.124, S.125, S.126, S.127, S.128, S.129",,0,,,,,S,"Euro short-term rate, Total volume","Euro short-term rate, Total volume - Unsecured - Overnight - Borrowing - Financial corporations",,EUR,6
2023-06-09,60299,EST.B.EU000A2X2A25.TT,B,EU000A2X2A25,TT,A,F,,,,,P1D,,,,"ESA 2010 Sectors: S.121, S.122, S.123, S.124, S.125, S.126, S.127, S.128, S.129",,0,,,,,S,"Euro short-term rate, Total volume","Euro short-term rate, Total volume - Unsecured - Overnight - Borrowing - Financial corporations",,EUR,6
2023-06-12,65206,EST.B.EU000A2X2A25.TT,B,EU000A2X2A25,TT,A,F,,,,,P1D,,,,"ESA 2010 Sectors: S.121, S.122, S.123, S.124, S.125, S.126, S.127, S.128, S.129",,0,,,,,S,"Euro short-term rate, Total volume","Euro short-term rate, Total volume - Unsecured - Overnight - Borrowing - Financial corporations",,EUR,6
2023-06-13,63013,EST.B.EU000A2X2A25.TT,B,EU000A2X2A25,TT,A,F,,,,,P1D,,,,"ESA 2010 Sectors: S.121, S.122, S.123, S.124, S.125, S.126, S.127, S.128, S.129",,0,,,,,S,"Euro short-term rate, Total volume","Euro short-term rate, Total volume - Unsecured - Overnight - Borrowing - Financial corporations",,EUR,6
2023-06-14,62361,EST.B.EU000A2X2A25.TT,B,EU000A2X2A25,TT,A,F,,,,,P1D,,,,"ESA 2010 Sectors: S.121, S.122, S.123, S.124, S.125, S.126, S.127, S.128, S.129",,0,,,,,S,"Euro short-term rate, Total volume","Euro short-term rate, Total volume - Unsecured - Overnight - Borrowing - Financial corporations",,EUR,6
2023-06-15,63486,EST.B.EU000A2X2A25.TT,B,EU000A2X2A25,TT,A,F,,,,,P1D,,,,"ESA 2010 Sectors: S.121, S.122, S.123, S.124, S.125, S.126, S.127, S.128, S.129",,0,,,,,S,"Euro short-term rate, Total volume","Euro short-term rate, Total volume - Unsecured - Overnight - Borrowing - Financial corporations",,EUR,6
2023-06-16,61559,EST.B.EU000A2X2A25.TT,B,EU000A2X2A25,TT,A,F,,,,,P1D,,,,"ESA 2010 Sectors: S.121, S.122, S.123, S.124, S.125, S.126, S.127, S.128, S.129",,0,,,,,S,"Euro short-term rate, Total volume","Euro short-term rate, Total volume - Unsecured - Overnight - Borrowing - Financial corporations",,EUR,6
2023-06-19,68345,EST.B.EU000A2X2A25.TT,B,EU000A2X2A25,TT,A,F,,,,,P1D,,,,"ESA 2010 Sectors: S.121, S.122, S.123, S.124, S.125, S.126, S.127, S.128, S.129",,0,,,,,S,"Euro short-term rate, Total volume","Euro short-term rate, Total volume - Unsecured - Overnight - Borrowing - Financial corporations",,EUR,6
2023-06-20,68151,EST.B.EU000A2X2A25.TT,B,EU000A2X2A25,TT,A,F,,,,,P1D,,,,"ESA 2010 Sectors: S.121, S.122, S.123, S.124, S.125, S.126, S.127, S.128, S.129",,0,,,,,S,"Euro short-term rate, Total volume","Euro short-term rate, Total volume - Unsecured - Overnight - Borrowing - Financial corporations",,EUR,6
2023-06-21,68888,EST.B.EU000A2X2A25.TT,B,EU000A2X2A25,TT,A,F,,,,,P1D,,,,"ESA 2010 Sectors: S.121, S.122, S.123, S.124, S.125, S.126, S.127, S.128, S.129",,0,,,,,S,"Euro short-term rate, Total volume","Euro short-term rate, Total volume - Unsecured - Overnight - Borrowing - Financial corporations",,EUR,6
2023-06-22,66147,EST.B.EU000A2X2A25.TT,B,EU000A2X2A25,TT,A,F,,,,,P1D,,,,"ESA 2010 Sectors: S.121, S.122, S.123, S.124, S.125, S.126, S.127, S.128, S.129",,0,,,,,S,"Euro short-term rate, Total volume","Euro short-term rate, Total volume - Unsecured - Overnight - Borrowing - Financial corporations",,EUR,6
2023-06-23,63330,EST.B.EU000A2X2A25.TT,B,EU000A2X2A25,TT,A,F,,,,,P1D,,,,"ESA 2010 Sectors: S.121, S.122, S.123, S.124, S.125, S.126, S.127, S.128, S.129",,0,,,,,S,"Euro short-term rate, Total volume","Euro short-term rate, Total volume - Unsecured - Overnight - Borrowing - Financial corporations",,EUR,6
2023-06-26,66302,EST.B.EU000A2X2A25.TT,B,EU000A2X2A25,TT,A,F,,,,,P1D,,,,"ESA 2010 Sectors: S.121, S.122, S.123, S.124, S.125, S.126, S.127, S.128, S.129",,0,,,,,S,"Euro short-term rate, Total volume","Euro short-term rate, Total volume - Unsecured - Overnight - Borrowing - Financial corporations",,EUR,6
2023-06-27,44339,EST.B.EU000A2X2A25.TT,B,EU000A2X2A25,TT,A,F,,,,,P1D,,,,"ESA 2010 Sectors: S.121, S.122, S.123, S.124, S.125, S.126, S.127, S.128, S.129",,0,,,,,S,"Euro short-term rate, Total volume","Euro short-term rate, Total volume - Unsecured - Overnight - Borrowing - Financial corporations",,EUR,6
2023-06-28,62175,EST.B.EU000A2X2A25.TT,B,EU000A2X2A25,TT,A,F,,,,,P1D,,,,"ESA 2010 Sectors: S.121, S.122, S.123, S.124, S.125, S.126, S.127, S.128, S.129",,0,,,,,S,"Euro short-term rate, Total volume","Euro short-term rate, Total volume - Unsecured - Overnight - Borrowing - Financial corporations",,EUR,6
2023-06-29,59039,EST.B.EU000A2X2A25.TT,B,EU000A2X2A25,TT,A,F,,,,,P1D,,,,"ESA 2010 Sectors: S.121, S.122, S.123, S.124, S.125, S.126, S.127, S.128, S.129",,0,,,,,S,"Euro short-term rate, Total volume","Euro short-term rate, Total volume - Unsecured - Overnight - Borrowing - Financial corporations",,EUR,6
2023-06-30,54440,EST.B.EU000A2X2A25.TT,B,EU000A2X2A25,TT,A,F,,,,,P1D,,,,"ESA 2010 Sectors: S.121, S.122, S.123, S.124, S.125, S.126, S.127, S.128, S.129",,0,,,,,S,"Euro short-term rate, Total volume","Euro short-term rate, Total volume - Unsecured - Overnight - Borrowing - Financial corporations",,EUR,6
2023-07-03,71115,EST.B.EU000A2X2A25.TT,B,EU000A2X2A25,TT,A,F,,,,,P1D,,,,"ESA 2010 Sectors: S.121, S.122, S.123, S.124, S.125, S.126, S.127, S.128, S.129",,0,,,,,S,"Euro short-term rate, Total volume","Euro short-term rate, Total volume - Unsecured - Overnight - Borrowing - Financial corporations",,EUR,6
2023-07-04,70015,EST.B.EU000A2X2A25.TT,B,EU000A2X2A25,TT,A,F,,,,,P1D,,,,"ESA 2010 Sectors: S.121, S.122, S.123, S.124, S.125, S.126, S.127, S.128, S.129",,0,,,,,S,"Euro short-term rate, Total volume","Euro short-term rate, Total volume - Unsecured - Overnight - Borrowing - Financial corporations",,EUR,6
2023-07-05,65707,EST.B.EU000A2X2A25.TT,B,EU000A2X2A25,TT,A,F,,,,,P1D,,,,"ESA 2010 Sectors: S.121, S.122, S.123, S.124, S.125, S.126, S.127, S.128, S.129",,0,,,,,S,"Euro short-term rate, Total volume","Euro short-term rate, Total volume - Unsecured - Overnight - Borrowing - Financial corporations",,EUR,6
2023-07-06,60693,EST.B.EU000A2X2A25.TT,B,EU000A2X2A25,TT,A,F,,,,,P1D,,,,"ESA 2010 Sectors: S.121, S.122, S.123, S.124, S.125, S.126, S.127, S.128, S.129",,0,,,,,S,"Euro short-term rate, Total volume","Euro short-term rate, Total volume - Unsecured - Overnight - Borrowing - Financial corporations",,EUR,6
2023-07-07,58522,EST.B.EU000A2X2A25.TT,B,EU000A2X2A25,TT,A,F,,,,,P1D,,,,"ESA 2010 Sectors: S.121, S.122, S.123, S.124, S.125, S.126, S.127, S.128, S.129",,0,,,,,S,"Euro short-term rate, Total volume","Euro short-term rate, Total volume - Unsecured - Overnight - Borrowing - Financial corporations",,EUR,6
2023-07-10,59602,EST.B.EU000A2X2A25.TT,B,EU000A2X2A25,TT,A,F,,,,,P1D,,,,"ESA 2010 Sectors: S.121, S.122, S.123, S.124, S.125, S.126, S.127, S.128, S.129",,0,,,,,S,"Euro short-term rate, Total volume","Euro short-term rate, Total volume - Unsecured - Overnight - Borrowing - Financial corporations",,EUR,6
2023-07-11,59026,EST.B.EU000A2X2A25.TT,B,EU000A2X2A25,TT,A,F,,,,,P1D,,,,"ESA 2010 Sectors: S.121, S.122, S.123, S.124, S.125, S.126, S.127, S.128, S.129",,0,,,,,S,"Euro short-term rate, Total volume","Euro short-term rate, Total volume - Unsecured - Overnight - Borrowing - Financial corporations",,EUR,6
2023-07-12,60154,EST.B.EU000A2X2A25.TT,B,EU000A2X2A25,TT,A,F,,,,,P1D,,,,"ESA 2010 Sectors: S.121, S.122, S.123, S.124, S.125, S.126, S.127, S.128, S.129",,0,,,,,S,"Euro short-term rate, Total volume","Euro short-term rate, Total volume - Unsecured - Overnight - Borrowing - Financial corporations",,EUR,6
2023-07-13,58592,EST.B.EU000A2X2A25.TT,B,EU000A2X2A25,TT,A,F,,,,,P1D,,,,"ESA 2010 Sectors: S.121, S.122, S.123, S.124, S.125, S.126, S.127, S.128, S.129",,0,,,,,S,"Euro short-term rate, Total volume","Euro short-term rate, Total volume - Unsecured - Overnight - Borrowing - Financial corporations",,EUR,6
2023-07-14,59950,EST.B.EU000A2X2A25.TT,B,EU000A2X2A25,TT,A,F,,,,,P1D,,,,"ESA 2010 Sectors: S.121, S.122, S.123, S.124, S.125, S.126, S.127, S.128, S.129",,0,,,,,S,"Euro short-term rate, Total volume","Euro short-term rate, Total volume - Unsecured - Overnight - Borrowing - Financial corporations",,EUR,6
2023-07-17,64591,EST.B.EU000A2X2A25.TT,B,EU000A2X2A25,TT,A,F,,,,,P1D,,,,"ESA 2010 Sectors: S.121, S.122, S.123, S.124, S.125, S.126, S.127, S.128, S.129",,0,,,,,S,"Euro short-term rate, Total volume","Euro short-term rate, Total volume - Unsecured - Overnight - Borrowing - Financial corporations",,EUR,6
2023-07-18,66299,EST.B.EU000A2X2A25.TT,B,EU000A2X2A25,TT,A,F,,,,,P1D,,,,"ESA 2010 Sectors: S.121, S.122, S.123, S.124, S.125, S.126, S.127, S.128, S.129",,0,,,,,S,"Euro short-term rate, Total volume","Euro short-term rate, Total volume - Unsecured - Overnight - Borrowing - Financial corporations",,EUR,6
2023-07-19,66284,EST.B.EU000A2X2A25.TT,B,EU000A2X2A25,TT,A,F,,,,,P1D,,,,"ESA 2010 Sectors: S.121, S.122, S.123, S.124, S.125, S.126, S.127, S.128, S.129",,0,,,,,S,"Euro short-term rate, Total volume","Euro short-term rate, Total volume - Unsecured - Overnight - Borrowing - Financial corporations",,EUR,6
2023-07-20,62567,EST.B.EU000A2X2A25.TT,B,EU000A2X2A25,TT,A,F,,,,,P1D,,,,"ESA 2010 Sectors: S.121, S.122, S.123, S.124, S.125, S.126, S.127, S.128, S.129",,0,,,,,S,"Euro short-term rate, Total volume","Euro short-term rate, Total volume - Unsecured - Overnight - Borrowing - Financial corporations",,EUR,6
2023-07-21,58871,EST.B.EU000A2X2A25.TT,B,EU000A2X2A25,TT,A,F,,,,,P1D,,,,"ESA 2010 Sectors: S.121, S.122, S.123, S.124, S.125, S.126, S.127, S.128, S.129",,0,,,,,S,"Euro short-term rate, Total volume","Euro short-term rate, Total volume - Unsecured - Overnight - Borrowing - Financial corporations",,EUR,6
2023-07-24,62607,EST.B.EU000A2X2A25.TT,B,EU000A2X2A25,TT,A,F,,,,,P1D,,,,"ESA 2010 Sectors: S.121, S.122, S.123, S.124, S.125, S.126, S.127, S.128, S.129",,0,,,,,S,"Euro short-term rate, Total volume","Euro short-term rate, Total volume - Unsecured - Overnight - Borrowing - Financial corporations",,EUR,6
2023-07-25,62865,EST.B.EU000A2X2A25.TT,B,EU000A2X2A25,TT,A,F,,,,,P1D,,,,"ESA 2010 Sectors: S.121, S.122, S.123, S.124, S.125, S.126, S.127, S.128, S.129",,0,,,,,S,"Euro short-term rate, Total volume","Euro short-term rate, Total volume - Unsecured - Overnight - Borrowing - Financial corporations",,EUR,6
2023-07-26,62277,EST.B.EU000A2X2A25.TT,B,EU000A2X2A25,TT,A,F,,,,,P1D,,,,"ESA 2010 Sectors: S.121, S.122, S.123, S.124, S.125, S.126, S.127, S.128, S.129",,0,,,,,S,"Euro short-term rate, Total volume","Euro short-term rate, Total volume - Unsecured - Overnight - Borrowing - Financial corporations",,EUR,6
2023-07-27,56915,EST.B.EU000A2X2A25.TT,B,EU000A2X2A25,TT,A,F,,,,,P1D,,,,"ESA 2010 Sectors: S.121, S.122, S.123, S.124, S.125, S.126, S.127, S.128, S.129",,0,,,,,S,"Euro short-term rate, Total volume","Euro short-term rate, Total volume - Unsecured - Overnight - Borrowing - Financial corporations",,EUR,6
2023-07-28,55643,EST.B.EU000A2X2A25.TT,B,EU000A2X2A25,TT,A,F,,,,,P1D,,,,"ESA 2010 Sectors: S.121, S.122, S.123, S.124, S.125, S.126, S.127, S.128, S.129",,0,,,,,S,"Euro short-term rate, Total volume","Euro short-term rate, Total volume - Unsecured - Overnight - Borrowing - Financial corporations",,EUR,6
2023-07-31,55532,EST.B.EU000A2X2A25.TT,B,EU000A2X2A25,TT,A,F,,,,,P1D,,,,"ESA 2010 Sectors: S.121, S.122, S.123, S.124, S.125, S.126, S.127, S.128, S.129",,0,,,,,S,"Euro short-term rate, Total volume","Euro short-term rate, Total volume - Unsecured - Overnight - Borrowing - Financial corporations",,EUR,6
2023-08-01,67737,EST.B.EU000A2X2A25.TT,B,EU000A2X2A25,TT,A,F,,,,,P1D,,,,"ESA 2010 Sectors: S.121, S.122, S.123, S.124, S.125, S.126, S.127, S.128, S.129",,0,,,,,S,"Euro short-term rate, Total volume","Euro short-term rate, Total volume - Unsecured - Overnight - Borrowing - Financial corporations",,EUR,6
2023-08-02,66373,EST.B.EU000A2X2A25.TT,B,EU000A2X2A25,TT,A,F,,,,,P1D,,,,"ESA 2010 Sectors: S.121, S.122, S.123, S.124, S.125, S.126, S.127, S.128, S.129",,0,,,,,S,"Euro short-term rate, Total volume","Euro short-term rate, Total volume - Unsecured - Overnight - Borrowing - Financial corporations",,EUR,6
2023-08-03,59030,EST.B.EU000A2X2A25.TT,B,EU000A2X2A25,TT,A,F,,,,,P1D,,,,"ESA 2010 Sectors: S.121, S.122, S.123, S.124, S.125, S.126, S.127, S.128, S.129",,0,,,,,S,"Euro short-term rate, Total volume","Euro short-term rate, Total volume - Unsecured - Overnight - Borrowing - Financial corporations",,EUR,6
2023-08-04,57367,EST.B.EU000A2X2A25.TT,B,EU000A2X2A25,TT,A,F,,,,,P1D,,,,"ESA 2010 Sectors: S.121, S.122, S.123, S.124, S.125, S.126, S.127, S.128, S.129",,0,,,,,S,"Euro short-term rate, Total volume","Euro short-term rate, Total volume - Unsecured - Overnight - Borrowing - Financial corporations",,EUR,6
2023-08-07,63710,EST.B.EU000A2X2A25.TT,B,EU000A2X2A25,TT,A,F,,,,,P1D,,,,"ESA 2010 Sectors: S.121, S.122, S.123, S.124, S.125, S.126, S.127, S.128, S.129",,0,,,,,S,"Euro short-term rate, Total volume","Euro short-term rate, Total volume - Unsecured - Overnight - Borrowing - Financial corporations",,EUR,6
2023-08-08,63032,EST.B.EU000A2X2A25.TT,B,EU000A2X2A25,TT,A,F,,,,,P1D,,,,"ESA 2010 Sectors: S.121, S.122, S.123, S.124, S.125, S.126, S.127, S.128, S.129",,0,,,,,S,"Euro short-term rate, Total volume","Euro short-term rate, Total volume - Unsecured - Overnight - Borrowing - Financial corporations",,EUR,6
2023-08-09,66877,EST.B.EU000A2X2A25.TT,B,EU000A2X2A25,TT,A,F,,,,,P1D,,,,"ESA 2010 Sectors: S.121, S.122, S.123, S.124, S.125, S.126, S.127, S.128, S.129",,0,,,,,S,"Euro short-term rate, Total volume","Euro short-term rate, Total volume - Unsecured - Overnight - Borrowing - Financial corporations",,EUR,6
2023-08-10,61856,EST.B.EU000A2X2A25.TT,B,EU000A2X2A25,TT,A,F,,,,,P1D,,,,"ESA 2010 Sectors: S.121, S.122, S.123, S.124, S.125, S.126, S.127, S.128, S.129",,0,,,,,S,"Euro short-term rate, Total volume","Euro short-term rate, Total volume - Unsecured - Overnight - Borrowing - Financial corporations",,EUR,6
2023-08-11,60340,EST.B.EU000A2X2A25.TT,B,EU000A2X2A25,TT,A,F,,,,,P1D,,,,"ESA 2010 Sectors: S.121, S.122, S.123, S.124, S.125, S.126, S.127, S.128, S.129",,0,,,,,S,"Euro short-term rate, Total volume","Euro short-term rate, Total volume - Unsecured - Overnight - Borrowing - Financial corporations",,EUR,6
2023-08-14,52135,EST.B.EU000A2X2A25.TT,B,EU000A2X2A25,TT,A,F,,,,,P1D,,,,"ESA 2010 Sectors: S.121, S.122, S.123, S.124, S.125, S.126, S.127, S.128, S.129",,0,,,,,S,"Euro short-term rate, Total volume","Euro short-term rate, Total volume - Unsecured - Overnight - Borrowing - Financial corporations",,EUR,6
2023-08-15,49828,EST.B.EU000A2X2A25.TT,B,EU000A2X2A25,TT,A,F,,,,,P1D,,,,"ESA 2010 Sectors: S.121, S.122, S.123, S.124, S.125, S.126, S.127, S.128, S.129",,0,,,,,S,"Euro short-term rate, Total volume","Euro short-term rate, Total volume - Unsecured - Overnight - Borrowing - Financial corporations",,EUR,6
2023-08-16,60308,EST.B.EU000A2X2A25.TT,B,EU000A2X2A25,TT,A,F,,,,,P1D,,,,"ESA 2010 Sectors: S.121, S.122, S.123, S.124, S.125, S.126, S.127, S.128, S.129",,0,,,,,S,"Euro short-term rate, Total volume","Euro short-term rate, Total volume - Unsecured - Overnight - Borrowing - Financial corporations",,EUR,6
2023-08-17,62347,EST.B.EU000A2X2A25.TT,B,EU000A2X2A25,TT,A,F,,,,,P1D,,,,"ESA 2010 Sectors: S.121, S.122, S.123, S.124, S.125, S.126, S.127, S.128, S.129",,0,,,,,S,"Euro short-term rate, Total volume","Euro short-term rate, Total volume - Unsecured - Overnight - Borrowing - Financial corporations",,EUR,6
2023-08-18,60583,EST.B.EU000A2X2A25.TT,B,EU000A2X2A25,TT,A,F,,,,,P1D,,,,"ESA 2010 Sectors: S.121, S.122, S.123, S.124, S.125, S.126, S.127, S.128, S.129",,0,,,,,S,"Euro short-term rate, Total volume","Euro short-term rate, Total volume - Unsecured - Overnight - Borrowing - Financial corporations",,EUR,6
2023-08-21,63692,EST.B.EU000A2X2A25.TT,B,EU000A2X2A25,TT,A,F,,,,,P1D,,,,"ESA 2010 Sectors: S.121, S.122, S.123, S.124, S.125, S.126, S.127, S.128, S.129",,0,,,,,S,"Euro short-term rate, Total volume","Euro short-term rate, Total volume - Unsecured - Overnight - Borrowing - Financial corporations",,EUR,6
2023-08-22,63994,EST.B.EU000A2X2A25.TT,B,EU000A2X2A25,TT,A,F,,,,,P1D,,,,"ESA 2010 Sectors: S.121, S.122, S.123, S.124, S.125, S.126, S.127, S.128, S.129",,0,,,,,S,"Euro short-term rate, Total volume","Euro short-term rate, Total volume - Unsecured - Overnight - Borrowing - Financial corporations",,EUR,6
2023-08-23,66859,EST.B.EU000A2X2A25.TT,B,EU000A2X2A25,TT,A,F,,,,,P1D,,,,"ESA 2010 Sectors: S.121, S.122, S.123, S.124, S.125, S.126, S.127, S.128, S.129",,0,,,,,S,"Euro short-term rate, Total volume","Euro short-term rate, Total volume - Unsecured - Overnight - Borrowing - Financial corporations",,EUR,6
2023-08-24,68455,EST.B.EU000A2X2A25.TT,B,EU000A2X2A25,TT,A,F,,,,,P1D,,,,"ESA 2010 Sectors: S.121, S.122, S.123, S.124, S.125, S.126, S.127, S.128, S.129",,0,,,,,S,"Euro short-term rate, Total volume","Euro short-term rate, Total volume - Unsecured - Overnight - Borrowing - Financial corporations",,EUR,6
2023-08-25,57472,EST.B.EU000A2X2A25.TT,B,EU000A2X2A25,TT,A,F,,,,,P1D,,,,"ESA 2010 Sectors: S.121, S.122, S.123, S.124, S.125, S.126, S.127, S.128, S.129",,0,,,,,S,"Euro short-term rate, Total volume","Euro short-term rate, Total volume - Unsecured - Overnight - Borrowing - Financial corporations",,EUR,6
2023-08-28,54082,EST.B.EU000A2X2A25.TT,B,EU000A2X2A25,TT,A,F,,,,,P1D,,,,"ESA 2010 Sectors: S.121, S.122, S.123, S.124, S.125, S.126, S.127, S.128, S.129",,0,,,,,S,"Euro short-term rate, Total volume","Euro short-term rate, Total volume - Unsecured - Overnight - Borrowing - Financial corporations",,EUR,6
2023-08-29,59246,EST.B.EU000A2X2A25.TT,B,EU000A2X2A25,TT,A,F,,,,,P1D,,,,"ESA 2010 Sectors: S.121, S.122, S.123, S.124, S.125, S.126, S.127, S.128, S.129",,0,,,,,S,"Euro short-term rate, Total volume","Euro short-term rate, Total volume - Unsecured - Overnight - Borrowing - Financial corporations",,EUR,6
2023-08-30,58209,EST.B.EU000A2X2A25.TT,B,EU000A2X2A25,TT,A,F,,,,,P1D,,,,"ESA 2010 Sectors: S.121, S.122, S.123, S.124, S.125, S.126, S.127, S.128, S.129",,0,,,,,S,"Euro short-term rate, Total volume","Euro short-term rate, Total volume - Unsecured - Overnight - Borrowing - Financial corporations",,EUR,6
2023-08-31,51607,EST.B.EU000A2X2A25.TT,B,EU000A2X2A25,TT,A,F,,,,,P1D,,,,"ESA 2010 Sectors: S.121, S.122, S.123, S.124, S.125, S.126, S.127, S.128, S.129",,0,,,,,S,"Euro short-term rate, Total volume","Euro short-term rate, Total volume - Unsecured - Overnight - Borrowing - Financial corporations",,EUR,6
2023-09-01,63929,EST.B.EU000A2X2A25.TT,B,EU000A2X2A25,TT,A,F,,,,,P1D,,,,"ESA 2010 Sectors: S.121, S.122, S.123, S.124, S.125, S.126, S.127, S.128, S.129",,0,,,,,S,"Euro short-term rate, Total volume","Euro short-term rate, Total volume - Unsecured - Overnight - Borrowing - Financial corporations",,EUR,6
2023-09-04,61244,EST.B.EU000A2X2A25.TT,B,EU000A2X2A25,TT,A,F,,,,,P1D,,,,"ESA 2010 Sectors: S.121, S.122, S.123, S.124, S.125, S.126, S.127, S.128, S.129",,0,,,,,S,"Euro short-term rate, Total volume","Euro short-term rate, Total volume - Unsecured - Overnight - Borrowing - Financial corporations",,EUR,6
2023-09-05,56037,EST.B.EU000A2X2A25.TT,B,EU000A2X2A25,TT,A,F,,,,,P1D,,,,"ESA 2010 Sectors: S.121, S.122, S.123, S.124, S.125, S.126, S.127, S.128, S.129",,0,,,,,S,"Euro short-term rate, Total volume","Euro short-term rate, Total volume - Unsecured - Overnight - Borrowing - Financial corporations",,EUR,6
2023-09-06,56487,EST.B.EU000A2X2A25.TT,B,EU000A2X2A25,TT,A,F,,,,,P1D,,,,"ESA 2010 Sectors: S.121, S.122, S.123, S.124, S.125, S.126, S.127, S.128, S.129",,0,,,,,S,"Euro short-term rate, Total volume","Euro short-term rate, Total volume - Unsecured - Overnight - Borrowing - Financial corporations",,EUR,6
2023-09-07,57676,EST.B.EU000A2X2A25.TT,B,EU000A2X2A25,TT,A,F,,,,,P1D,,,,"ESA 2010 Sectors: S.121, S.122, S.123, S.124, S.125, S.126, S.127, S.128, S.129",,0,,,,,S,"Euro short-term rate, Total volume","Euro short-term rate, Total volume - Unsecured - Overnight - Borrowing - Financial corporations",,EUR,6
2023-09-08,56720,EST.B.EU000A2X2A25.TT,B,EU000A2X2A25,TT,A,F,,,,,P1D,,,,"ESA 2010 Sectors: S.121, S.122, S.123, S.124, S.125, S.126, S.127, S.128, S.129",,0,,,,,S,"Euro short-term rate, Total volume","Euro short-term rate, Total volume - Unsecured - Overnight - Borrowing - Financial corporations",,EUR,6
2023-09-11,60766,EST.B.EU000A2X2A25.TT,B,EU000A2X2A25,TT,A,F,,,,,P1D,,,,"ESA 2010 Sectors: S.121, S.122, S.123, S.124, S.125, S.126, S.127, S.128, S.129",,0,,,,,S,"Euro short-term rate, Total volume","Euro short-term rate, Total volume - Unsecured - Overnight - Borrowing - Financial corporations",,EUR,6
2023-09-12,60317,EST.B.EU000A2X2A25.TT,B,EU000A2X2A25,TT,A,F,,,,,P1D,,,,"ESA 2010 Sectors: S.121, S.122, S.123, S.124, S.125, S.126, S.127, S.128, S.129",,0,,,,,S,"Euro short-term rate, Total volume","Euro short-term rate, Total volume - Unsecured - Overnight - Borrowing - Financial corporations",,EUR,6
2023-09-13,59384,EST.B.EU000A2X2A25.TT,B,EU000A2X2A25,TT,A,F,,,,,P1D,,,,"ESA 2010 Sectors: S.121, S.122, S.123, S.124, S.125, S.126, S.127, S.128, S.129",,0,,,,,S,"Euro short-term rate, Total volume","Euro short-term rate, Total volume - Unsecured - Overnight - Borrowing - Financial corporations",,EUR,6
2023-09-14,58402,EST.B.EU000A2X2A25.TT,B,EU000A2X2A25,TT,A,F,,,,,P1D,,,,"ESA 2010 Sectors: S.121, S.122, S.123, S.124, S.125, S.126, S.127, S.128, S.129",,0,,,,,S,"Euro short-term rate, Total volume","Euro short-term rate, Total volume - Unsecured - Overnight - Borrowing - Financial corporations",,EUR,6
2023-09-15,61884,EST.B.EU000A2X2A25.TT,B,EU000A2X2A25,TT,A,F,,,,,P1D,,,,"ESA 2010 Sectors: S.121, S.122, S.123, S.124, S.125, S.126, S.127, S.128, S.129",,0,,,,,S,"Euro short-term rate, Total volume","Euro short-term rate, Total volume - Unsecured - Overnight - Borrowing - Financial corporations",,EUR,6
2023-09-18,62423,EST.B.EU000A2X2A25.TT,B,EU000A2X2A25,TT,A,F,,,,,P1D,,,,"ESA 2010 Sectors: S.121, S.122, S.123, S.124, S.125, S.126, S.127, S.128, S.129",,0,,,,,S,"Euro short-term rate, Total volume","Euro short-term rate, Total volume - Unsecured - Overnight - Borrowing - Financial corporations",,EUR,6
2023-09-19,61995,EST.B.EU000A2X2A25.TT,B,EU000A2X2A25,TT,A,F,,,,,P1D,,,,"ESA 2010 Sectors: S.121, S.122, S.123, S.124, S.125, S.126, S.127, S.128, S.129",,0,,,,,S,"Euro short-term rate, Total volume","Euro short-term rate, Total volume - Unsecured - Overnight - Borrowing - Financial corporations",,EUR,6
2023-09-20,66589,EST.B.EU000A2X2A25.TT,B,EU000A2X2A25,TT,A,F,,,,,P1D,,,,"ESA 2010 Sectors: S.121, S.122, S.123, S.124, S.125, S.126, S.127, S.128, S.129",,0,,,,,S,"Euro short-term rate, Total volume","Euro short-term rate, Total volume - Unsecured - Overnight - Borrowing - Financial corporations",,EUR,6
2023-09-21,58631,EST.B.EU000A2X2A25.TT,B,EU000A2X2A25,TT,A,F,,,,,P1D,,,,"ESA 2010 Sectors: S.121, S.122, S.123, S.124, S.125, S.126, S.127, S.128, S.129",,0,,,,,S,"Euro short-term rate, Total volume","Euro short-term rate, Total volume - Unsecured - Overnight - Borrowing - Financial corporations",,EUR,6
2023-09-22,56917,EST.B.EU000A2X2A25.TT,B,EU000A2X2A25,TT,A,F,,,,,P1D,,,,"ESA 2010 Sectors: S.121, S.122, S.123, S.124, S.125, S.126, S.127, S.128, S.129",,0,,,,,S,"Euro short-term rate, Total volume","Euro short-term rate, Total volume - Unsecured - Overnight - Borrowing - Financial corporations",,EUR,6
2023-09-25,61800,EST.B.EU000A2X2A25.TT,B,EU000A2X2A25,TT,A,F,,,,,P1D,,,,"ESA 2010 Sectors: S.121, S.122, S.123, S.124, S.125, S.126, S.127, S.128, S.129",,0,,,,,S,"Euro short-term rate, Total volume","Euro short-term rate, Total volume - Unsecured - Overnight - Borrowing - Financial corporations",,EUR,6
2023-09-26,59418,EST.B.EU000A2X2A25.TT,B,EU000A2X2A25,TT,A,F,,,,,P1D,,,,"ESA 2010 Sectors: S.121, S.122, S.123, S.124, S.125, S.126, S.127, S.128, S.129",,0,,,,,S,"Euro short-term rate, Total volume","Euro short-term rate, Total volume - Unsecured - Overnight - Borrowing - Financial corporations",,EUR,6
2023-09-27,57118,EST.B.EU000A2X2A25.TT,B,EU000A2X2A25,TT,A,F,,,,,P1D,,,,"ESA 2010 Sectors: S.121, S.122, S.123, S.124, S.125, S.126, S.127, S.128, S.129",,0,,,,,S,"Euro short-term rate, Total volume","Euro short-term rate, Total volume - Unsecured - Overnight - Borrowing - Financial corporations",,EUR,6
2023-09-28,56140,EST.B.EU000A2X2A25.TT,B,EU000A2X2A25,TT,A,F,,,,,P1D,,,,"ESA 2010 Sectors: S.121, S.122, S.123, S.124, S.125, S.126, S.127, S.128, S.129",,0,,,,,S,"Euro short-term rate, Total volume","Euro short-term rate, Total volume - Unsecured - Overnight - Borrowing - Financial corporations",,EUR,6
2023-09-29,46409,EST.B.EU000A2X2A25.TT,B,EU000A2X2A25,TT,A,F,,,,,P1D,,,,"ESA 2010 Sectors: S.121, S.122, S.123, S.124, S.125, S.126, S.127, S.128, S.129",,0,,,,,S,"Euro short-term rate, Total volume","Euro short-term rate, Total volume - Unsecured - Overnight - Borrowing - Financial corporations",,EUR,6
2023-10-02,58997,EST.B.EU000A2X2A25.TT,B,EU000A2X2A25,TT,A,F,,,,,P1D,,,,"ESA 2010 Sectors: S.121, S.122, S.123, S.124, S.125, S.126, S.127, S.128, S.129",,0,,,,,S,"Euro short-term rate, Total volume","Euro short-term rate, Total volume - Unsecured - Overnight - Borrowing - Financial corporations",,EUR,6
2023-10-03,58245,EST.B.EU000A2X2A25.TT,B,EU000A2X2A25,TT,A,F,,,,,P1D,,,,"ESA 2010 Sectors: S.121, S.122, S.123, S.124, S.125, S.126, S.127, S.128, S.129",,0,,,,,S,"Euro short-term rate, Total volume","Euro short-term rate, Total volume - Unsecured - Overnight - Borrowing - Financial corporations",,EUR,6
2023-10-04,58453,EST.B.EU000A2X2A25.TT,B,EU000A2X2A25,TT,A,F,,,,,P1D,,,,"ESA 2010 Sectors: S.121, S.122, S.123, S.124, S.125, S.126, S.127, S.128, S.129",,0,,,,,S,"Euro short-term rate, Total volume","Euro short-term rate, Total volume - Unsecured - Overnight - Borrowing - Financial corporations",,EUR,6
2023-10-05,60302,EST.B.EU000A2X2A25.TT,B,EU000A2X2A25,TT,A,F,,,,,P1D,,,,"ESA 2010 Sectors: S.121, S.122, S.123, S.124, S.125, S.126, S.127, S.128, S.129",,0,,,,,S,"Euro short-term rate, Total volume","Euro short-term rate, Total volume - Unsecured - Overnight - Borrowing - Financial corporations",,EUR,6
2023-10-06,64631,EST.B.EU000A2X2A25.TT,B,EU000A2X2A25,TT,A,F,,,,,P1D,,,,"ESA 2010 Sectors: S.121, S.122, S.123, S.124, S.125, S.126, S.127, S.128, S.129",,0,,,,,S,"Euro short-term rate, Total volume","Euro short-term rate, Total volume - Unsecured - Overnight - Borrowing - Financial corporations",,EUR,6
2023-10-09,65601,EST.B.EU000A2X2A25.TT,B,EU000A2X2A25,TT,A,F,,,,,P1D,,,,"ESA 2010 Sectors: S.121, S.122, S.123, S.124, S.125, S.126, S.127, S.128, S.129",,0,,,,,S,"Euro short-term rate, Total volume","Euro short-term rate, Total volume - Unsecured - Overnight - Borrowing - Financial corporations",,EUR,6
2023-10-10,62649,EST.B.EU000A2X2A25.TT,B,EU000A2X2A25,TT,A,F,,,,,P1D,,,,"ESA 2010 Sectors: S.121, S.122, S.123, S.124, S.125, S.126, S.127, S.128, S.129",,0,,,,,S,"Euro short-term rate, Total volume","Euro short-term rate, Total volume - Unsecured - Overnight - Borrowing - Financial corporations",,EUR,6
2023-10-11,60959,EST.B.EU000A2X2A25.TT,B,EU000A2X2A25,TT,A,F,,,,,P1D,,,,"ESA 2010 Sectors: S.121, S.122, S.123, S.124, S.125, S.126, S.127, S.128, S.129",,0,,,,,S,"Euro short-term rate, Total volume","Euro short-term rate, Total volume - Unsecured - Overnight - Borrowing - Financial corporations",,EUR,6
2023-10-12,60525,EST.B.EU000A2X2A25.TT,B,EU000A2X2A25,TT,A,F,,,,,P1D,,,,"ESA 2010 Sectors: S.121, S.122, S.123, S.124, S.125, S.126, S.127, S.128, S.129",,0,,,,,S,"Euro short-term rate, Total volume","Euro short-term rate, Total volume - Unsecured - Overnight - Borrowing - Financial corporations",,EUR,6
2023-10-13,58666,EST.B.EU000A2X2A25.TT,B,EU000A2X2A25,TT,A,F,,,,,P1D,,,,"ESA 2010 Sectors: S.121, S.122, S.123, S.124, S.125, S.126, S.127, S.128, S.129",,0,,,,,S,"Euro short-term rate, Total volume","Euro short-term rate, Total volume - Unsecured - Overnight - Borrowing - Financial corporations",,EUR,6
2023-10-16,59859,EST.B.EU000A2X2A25.TT,B,EU000A2X2A25,TT,A,F,,,,,P1D,,,,"ESA 2010 Sectors: S.121, S.122, S.123, S.124, S.125, S.126, S.127, S.128, S.129",,0,,,,,S,"Euro short-term rate, Total volume","Euro short-term rate, Total volume - Unsecured - Overnight - Borrowing - Financial corporations",,EUR,6
2023-10-17,59751,EST.B.EU000A2X2A25.TT,B,EU000A2X2A25,TT,A,F,,,,,P1D,,,,"ESA 2010 Sectors: S.121, S.122, S.123, S.124, S.125, S.126, S.127, S.128, S.129",,0,,,,,S,"Euro short-term rate, Total volume","Euro short-term rate, Total volume - Unsecured - Overnight - Borrowing - Financial corporations",,EUR,6
2023-10-18,58447,EST.B.EU000A2X2A25.TT,B,EU000A2X2A25,TT,A,F,,,,,P1D,,,,"ESA 2010 Sectors: S.121, S.122, S.123, S.124, S.125, S.126, S.127, S.128, S.129",,0,,,,,S,"Euro short-term rate, Total volume","Euro short-term rate, Total volume - Unsecured - Overnight - Borrowing - Financial corporations",,EUR,6
2023-10-19,56304,EST.B.EU000A2X2A25.TT,B,EU000A2X2A25,TT,A,F,,,,,P1D,,,,"ESA 2010 Sectors: S.121, S.122, S.123, S.124, S.125, S.126, S.127, S.128, S.129",,0,,,,,S,"Euro short-term rate, Total volume","Euro short-term rate, Total volume - Unsecured - Overnight - Borrowing - Financial corporations",,EUR,6
2023-10-20,54814,EST.B.EU000A2X2A25.TT,B,EU000A2X2A25,TT,A,F,,,,,P1D,,,,"ESA 2010 Sectors: S.121, S.122, S.123, S.124, S.125, S.126, S.127, S.128, S.129",,0,,,,,S,"Euro short-term rate, Total volume","Euro short-term rate, Total volume - Unsecured - Overnight - Borrowing - Financial corporations",,EUR,6
2023-10-23,57204,EST.B.EU000A2X2A25.TT,B,EU000A2X2A25,TT,A,F,,,,,P1D,,,,"ESA 2010 Sectors: S.121, S.122, S.123, S.124, S.125, S.126, S.127, S.128, S.129",,0,,,,,S,"Euro short-term rate, Total volume","Euro short-term rate, Total volume - Unsecured - Overnight - Borrowing - Financial corporations",,EUR,6
2023-10-24,57841,EST.B.EU000A2X2A25.TT,B,EU000A2X2A25,TT,A,F,,,,,P1D,,,,"ESA 2010 Sectors: S.121, S.122, S.123, S.124, S.125, S.126, S.127, S.128, S.129",,0,,,,,S,"Euro short-term rate, Total volume","Euro short-term rate, Total volume - Unsecured - Overnight - Borrowing - Financial corporations",,EUR,6
2023-10-25,57445,EST.B.EU000A2X2A25.TT,B,EU000A2X2A25,TT,A,F,,,,,P1D,,,,"ESA 2010 Sectors: S.121, S.122, S.123, S.124, S.125, S.126, S.127, S.128, S.129",,0,,,,,S,"Euro short-term rate, Total volume","Euro short-term rate, Total volume - Unsecured - Overnight - Borrowing - Financial corporations",,EUR,6
2023-10-26,56466,EST.B.EU000A2X2A25.TT,B,EU000A2X2A25,TT,A,F,,,,,P1D,,,,"ESA 2010 Sectors: S.121, S.122, S.123, S.124, S.125, S.126, S.127, S.128, S.129",,0,,,,,S,"Euro short-term rate, Total volume","Euro short-term rate, Total volume - Unsecured - Overnight - Borrowing - Financial corporations",,EUR,6
2023-10-27,55979,EST.B.EU000A2X2A25.TT,B,EU000A2X2A25,TT,A,F,,,,,P1D,,,,"ESA 2010 Sectors: S.121, S.122, S.123, S.124, S.125, S.126, S.127, S.128, S.129",,0,,,,,S,"Euro short-term rate, Total volume","Euro short-term rate, Total volume - Unsecured - Overnight - Borrowing - Financial corporations",,EUR,6
2023-10-30,55708,EST.B.EU000A2X2A25.TT,B,EU000A2X2A25,TT,A,F,,,,,P1D,,,,"ESA 2010 Sectors: S.121, S.122, S.123, S.124, S.125, S.126, S.127, S.128, S.129",,0,,,,,S,"Euro short-term rate, Total volume","Euro short-term rate, Total volume - Unsecured - Overnight - Borrowing - Financial corporations",,EUR,6
2023-10-31,43203,EST.B.EU000A2X2A25.TT,B,EU000A2X2A25,TT,A,F,,,,,P1D,,,,"ESA 2010 Sectors: S.121, S.122, S.123, S.124, S.125, S.126, S.127, S.128, S.129",,0,,,,,S,"Euro short-term rate, Total volume","Euro short-term rate, Total volume - Unsecured - Overnight - Borrowing - Financial corporations",,EUR,6
2023-11-01,53935,EST.B.EU000A2X2A25.TT,B,EU000A2X2A25,TT,A,F,,,,,P1D,,,,"ESA 2010 Sectors: S.121, S.122, S.123, S.124, S.125, S.126, S.127, S.128, S.129",,0,,,,,S,"Euro short-term rate, Total volume","Euro short-term rate, Total volume - Unsecured - Overnight - Borrowing - Financial corporations",,EUR,6
2023-11-02,62688,EST.B.EU000A2X2A25.TT,B,EU000A2X2A25,TT,A,F,,,,,P1D,,,,"ESA 2010 Sectors: S.121, S.122, S.123, S.124, S.125, S.126, S.127, S.128, S.129",,0,,,,,S,"Euro short-term rate, Total volume","Euro short-term rate, Total volume - Unsecured - Overnight - Borrowing - Financial corporations",,EUR,6
2023-11-03,62644,EST.B.EU000A2X2A25.TT,B,EU000A2X2A25,TT,A,F,,,,,P1D,,,,"ESA 2010 Sectors: S.121, S.122, S.123, S.124, S.125, S.126, S.127, S.128, S.129",,0,,,,,S,"Euro short-term rate, Total volume","Euro short-term rate, Total volume - Unsecured - Overnight - Borrowing - Financial corporations",,EUR,6
2023-11-06,67284,EST.B.EU000A2X2A25.TT,B,EU000A2X2A25,TT,A,F,,,,,P1D,,,,"ESA 2010 Sectors: S.121, S.122, S.123, S.124, S.125, S.126, S.127, S.128, S.129",,0,,,,,S,"Euro short-term rate, Total volume","Euro short-term rate, Total volume - Unsecured - Overnight - Borrowing - Financial corporations",,EUR,6
2023-11-07,66009,EST.B.EU000A2X2A25.TT,B,EU000A2X2A25,TT,A,F,,,,,P1D,,,,"ESA 2010 Sectors: S.121, S.122, S.123, S.124, S.125, S.126, S.127, S.128, S.129",,0,,,,,S,"Euro short-term rate, Total volume","Euro short-term rate, Total volume - Unsecured - Overnight - Borrowing - Financial corporations",,EUR,6
2023-11-08,64051,EST.B.EU000A2X2A25.TT,B,EU000A2X2A25,TT,A,F,,,,,P1D,,,,"ESA 2010 Sectors: S.121, S.122, S.123, S.124, S.125, S.126, S.127, S.128, S.129",,0,,,,,S,"Euro short-term rate, Total volume","Euro short-term rate, Total volume - Unsecured - Overnight - Borrowing - Financial corporations",,EUR,6
2023-11-09,62032,EST.B.EU000A2X2A25.TT,B,EU000A2X2A25,TT,A,F,,,,,P1D,,,,"ESA 2010 Sectors: S.121, S.122, S.123, S.124, S.125, S.126, S.127, S.128, S.129",,0,,,,,S,"Euro short-term rate, Total volume","Euro short-term rate, Total volume - Unsecured - Overnight - Borrowing - Financial corporations",,EUR,6
2023-11-10,58443,EST.B.EU000A2X2A25.TT,B,EU000A2X2A25,TT,A,F,,,,,P1D,,,,"ESA 2010 Sectors: S.121, S.122, S.123, S.124, S.125, S.126, S.127, S.128, S.129",,0,,,,,S,"Euro short-term rate, Total volume","Euro short-term rate, Total volume - Unsecured - Overnight - Borrowing - Financial corporations",,EUR,6
2023-11-13,61469,EST.B.EU000A2X2A25.TT,B,EU000A2X2A25,TT,A,F,,,,,P1D,,,,"ESA 2010 Sectors: S.121, S.122, S.123, S.124, S.125, S.126, S.127, S.128, S.129",,0,,,,,S,"Euro short-term rate, Total volume","Euro short-term rate, Total volume - Unsecured - Overnight - Borrowing - Financial corporations",,EUR,6
2023-11-14,64341,EST.B.EU000A2X2A25.TT,B,EU000A2X2A25,TT,A,F,,,,,P1D,,,,"ESA 2010 Sectors: S.121, S.122, S.123, S.124, S.125, S.126, S.127, S.128, S.129",,0,,,,,S,"Euro short-term rate, Total volume","Euro short-term rate, Total volume - Unsecured - Overnight - Borrowing - Financial corporations",,EUR,6
2023-11-15,64207,EST.B.EU000A2X2A25.TT,B,EU000A2X2A25,TT,A,F,,,,,P1D,,,,"ESA 2010 Sectors: S.121, S.122, S.123, S.124, S.125, S.126, S.127, S.128, S.129",,0,,,,,S,"Euro short-term rate, Total volume","Euro short-term rate, Total volume - Unsecured - Overnight - Borrowing - Financial corporations",,EUR,6
2023-11-16,58841,EST.B.EU000A2X2A25.TT,B,EU000A2X2A25,TT,A,F,,,,,P1D,,,,"ESA 2010 Sectors: S.121, S.122, S.123, S.124, S.125, S.126, S.127, S.128, S.129",,0,,,,,S,"Euro short-term rate, Total volume","Euro short-term rate, Total volume - Unsecured - Overnight - Borrowing - Financial corporations",,EUR,6
2023-11-17,58726,EST.B.EU000A2X2A25.TT,B,EU000A2X2A25,TT,A,F,,,,,P1D,,,,"ESA 2010 Sectors: S.121, S.122, S.123, S.124, S.125, S.126, S.127, S.128, S.129",,0,,,,,S,"Euro short-term rate, Total volume","Euro short-term rate, Total volume - Unsecured - Overnight - Borrowing - Financial corporations",,EUR,6
2023-11-20,60329,EST.B.EU000A2X2A25.TT,B,EU000A2X2A25,TT,A,F,,,,,P1D,,,,"ESA 2010 Sectors: S.121, S.122, S.123, S.124, S.125, S.126, S.127, S.128, S.129",,0,,,,,S,"Euro short-term rate, Total volume","Euro short-term rate, Total volume - Unsecured - Overnight - Borrowing - Financial corporations",,EUR,6
2023-11-21,59916,EST.B.EU000A2X2A25.TT,B,EU000A2X2A25,TT,A,F,,,,,P1D,,,,"ESA 2010 Sectors: S.121, S.122, S.123, S.124, S.125, S.126, S.127, S.128, S.129",,0,,,,,S,"Euro short-term rate, Total volume","Euro short-term rate, Total volume - Unsecured - Overnight - Borrowing - Financial corporations",,EUR,6
2023-11-22,63077,EST.B.EU000A2X2A25.TT,B,EU000A2X2A25,TT,A,F,,,,,P1D,,,,"ESA 2010 Sectors: S.121, S.122, S.123, S.124, S.125, S.126, S.127, S.128, S.129",,0,,,,,S,"Euro short-term rate, Total volume","Euro short-term rate, Total volume - Unsecured - Overnight - Borrowing - Financial corporations",,EUR,6
2023-11-23,62938,EST.B.EU000A2X2A25.TT,B,EU000A2X2A25,TT,A,F,,,,,P1D,,,,"ESA 2010 Sectors: S.121, S.122, S.123, S.124, S.125, S.126, S.127, S.128, S.129",,0,,,,,S,"Euro short-term rate, Total volume","Euro short-term rate, Total volume - Unsecured - Overnight - Borrowing - Financial corporations",,EUR,6
2023-11-24,59214,EST.B.EU000A2X2A25.TT,B,EU000A2X2A25,TT,A,F,,,,,P1D,,,,"ESA 2010 Sectors: S.121, S.122, S.123, S.124, S.125, S.126, S.127, S.128, S.129",,0,,,,,S,"Euro short-term rate, Total volume","Euro short-term rate, Total volume - Unsecured - Overnight - Borrowing - Financial corporations",,EUR,6
2023-11-27,58707,EST.B.EU000A2X2A25.TT,B,EU000A2X2A25,TT,A,F,,,,,P1D,,,,"ESA 2010 Sectors: S.121, S.122, S.123, S.124, S.125, S.126, S.127, S.128, S.129",,0,,,,,S,"Euro short-term rate, Total volume","Euro short-term rate, Total volume - Unsecured - Overnight - Borrowing - Financial corporations",,EUR,6
2023-11-28,56462,EST.B.EU000A2X2A25.TT,B,EU000A2X2A25,TT,A,F,,,,,P1D,,,,"ESA 2010 Sectors: S.121, S.122, S.123, S.124, S.125, S.126, S.127, S.128, S.129",,0,,,,,S,"Euro short-term rate, Total volume","Euro short-term rate, Total volume - Unsecured - Overnight - Borrowing - Financial corporations",,EUR,6
2023-11-29,59425,EST.B.EU000A2X2A25.TT,B,EU000A2X2A25,TT,A,F,,,,,P1D,,,,"ESA 2010 Sectors: S.121, S.122, S.123, S.124, S.125, S.126, S.127, S.128, S.129",,0,,,,,S,"Euro short-term rate, Total volume","Euro short-term rate, Total volume - Unsecured - Overnight - Borrowing - Financial corporations",,EUR,6
2023-11-30,53155,EST.B.EU000A2X2A25.TT,B,EU000A2X2A25,TT,A,F,,,,,P1D,,,,"ESA 2010 Sectors: S.121, S.122, S.123, S.124, S.125, S.126, S.127, S.128, S.129",,0,,,,,S,"Euro short-term rate, Total volume","Euro short-term rate, Total volume - Unsecured - Overnight - Borrowing - Financial corporations",,EUR,6
2023-12-01,59876,EST.B.EU000A2X2A25.TT,B,EU000A2X2A25,TT,A,F,,,,,P1D,,,,"ESA 2010 Sectors: S.121, S.122, S.123, S.124, S.125, S.126, S.127, S.128, S.129",,0,,,,,S,"Euro short-term rate, Total volume","Euro short-term rate, Total volume - Unsecured - Overnight - Borrowing - Financial corporations",,EUR,6
2023-12-04,62751,EST.B.EU000A2X2A25.TT,B,EU000A2X2A25,TT,A,F,,,,,P1D,,,,"ESA 2010 Sectors: S.121, S.122, S.123, S.124, S.125, S.126, S.127, S.128, S.129",,0,,,,,S,"Euro short-term rate, Total volume","Euro short-term rate, Total volume - Unsecured - Overnight - Borrowing - Financial corporations",,EUR,6
2023-12-05,61762,EST.B.EU000A2X2A25.TT,B,EU000A2X2A25,TT,A,F,,,,,P1D,,,,"ESA 2010 Sectors: S.121, S.122, S.123, S.124, S.125, S.126, S.127, S.128, S.129",,0,,,,,S,"Euro short-term rate, Total volume","Euro short-term rate, Total volume - Unsecured - Overnight - Borrowing - Financial corporations",,EUR,6
2023-12-06,59622,EST.B.EU000A2X2A25.TT,B,EU000A2X2A25,TT,A,F,,,,,P1D,,,,"ESA 2010 Sectors: S.121, S.122, S.123, S.124, S.125, S.126, S.127, S.128, S.129",,0,,,,,S,"Euro short-term rate, Total volume","Euro short-term rate, Total volume - Unsecured - Overnight - Borrowing - Financial corporations",,EUR,6
2023-12-07,59408,EST.B.EU000A2X2A25.TT,B,EU000A2X2A25,TT,A,F,,,,,P1D,,,,"ESA 2010 Sectors: S.121, S.122, S.123, S.124, S.125, S.126, S.127, S.128, S.129",,0,,,,,S,"Euro short-term rate, Total volume","Euro short-term rate, Total volume - Unsecured - Overnight - Borrowing - Financial corporations",,EUR,6
2023-12-08,58052,EST.B.EU000A2X2A25.TT,B,EU000A2X2A25,TT,A,F,,,,,P1D,,,,"ESA 2010 Sectors: S.121, S.122, S.123, S.124, S.125, S.126, S.127, S.128, S.129",,0,,,,,S,"Euro short-term rate, Total volume","Euro short-term rate, Total volume - Unsecured - Overnight - Borrowing - Financial corporations",,EUR,6
2023-12-11,47179,EST.B.EU000A2X2A25.TT,B,EU000A2X2A25,TT,A,F,,,,,P1D,,,,"ESA 2010 Sectors: S.121, S.122, S.123, S.124, S.125, S.126, S.127, S.128, S.129",,0,,,,,S,"Euro short-term rate, Total volume","Euro short-term rate, Total volume - Unsecured - Overnight - Borrowing - Financial corporations",,EUR,6
2023-12-12,55328,EST.B.EU000A2X2A25.TT,B,EU000A2X2A25,TT,A,F,,,,,P1D,,,,"ESA 2010 Sectors: S.121, S.122, S.123, S.124, S.125, S.126, S.127, S.128, S.129",,0,,,,,S,"Euro short-term rate, Total volume","Euro short-term rate, Total volume - Unsecured - Overnight - Borrowing - Financial corporations",,EUR,6
2023-12-13,57182,EST.B.EU000A2X2A25.TT,B,EU000A2X2A25,TT,A,F,,,,,P1D,,,,"ESA 2010 Sectors: S.121, S.122, S.123, S.124, S.125, S.126, S.127, S.128, S.129",,0,,,,,S,"Euro short-term rate, Total volume","Euro short-term rate, Total volume - Unsecured - Overnight - Borrowing - Financial corporations",,EUR,6
2023-12-14,58391,EST.B.EU000A2X2A25.TT,B,EU000A2X2A25,TT,A,F,,,,,P1D,,,,"ESA 2010 Sectors: S.121, S.122, S.123, S.124, S.125, S.126, S.127, S.128, S.129",,0,,,,,S,"Euro short-term rate, Total volume","Euro short-term rate, Total volume - Unsecured - Overnight - Borrowing - Financial corporations",,EUR,6
2023-12-15,57164,EST.B.EU000A2X2A25.TT,B,EU000A2X2A25,TT,A,F,,,,,P1D,,,,"ESA 2010 Sectors: S.121, S.122, S.123, S.124, S.125, S.126, S.127, S.128, S.129",,0,,,,,S,"Euro short-term rate, Total volume","Euro short-term rate, Total volume - Unsecured - Overnight - Borrowing - Financial corporations",,EUR,6
2023-12-18,62364,EST.B.EU000A2X2A25.TT,B,EU000A2X2A25,TT,A,F,,,,,P1D,,,,"ESA 2010 Sectors: S.121, S.122, S.123, S.124, S.125, S.126, S.127, S.128, S.129",,0,,,,,S,"Euro short-term rate, Total volume","Euro short-term rate, Total volume - Unsecured - Overnight - Borrowing - Financial corporations",,EUR,6
2023-12-19,58361,EST.B.EU000A2X2A25.TT,B,EU000A2X2A25,TT,A,F,,,,,P1D,,,,"ESA 2010 Sectors: S.121, S.122, S.123, S.124, S.125, S.126, S.127, S.128, S.129",,0,,,,,S,"Euro short-term rate, Total volume","Euro short-term rate, Total volume - Unsecured - Overnight - Borrowing - Financial corporations",,EUR,6
2023-12-20,57872,EST.B.EU000A2X2A25.TT,B,EU000A2X2A25,TT,A,F,,,,,P1D,,,,"ESA 2010 Sectors: S.121, S.122, S.123, S.124, S.125, S.126, S.127, S.128, S.129",,0,,,,,S,"Euro short-term rate, Total volume","Euro short-term rate, Total volume - Unsecured - Overnight - Borrowing - Financial corporations",,EUR,6
2023-12-21,54035,EST.B.EU000A2X2A25.TT,B,EU000A2X2A25,TT,A,F,,,,,P1D,,,,"ESA 2010 Sectors: S.121, S.122, S.123, S.124, S.125, S.126, S.127, S.128, S.129",,0,,,,,S,"Euro short-term rate, Total volume","Euro short-term rate, Total volume - Unsecured - Overnight - Borrowing - Financial corporations",,EUR,6
2023-12-22,51884,EST.B.EU000A2X2A25.TT,B,EU000A2X2A25,TT,A,F,,,,,P1D,,,,"ESA 2010 Sectors: S.121, S.122, S.123, S.124, S.125, S.126, S.127, S.128, S.129",,0,,,,,S,"Euro short-term rate, Total volume","Euro short-term rate, Total volume - Unsecured - Overnight - Borrowing - Financial corporations",,EUR,6
2023-12-27,52552,EST.B.EU000A2X2A25.TT,B,EU000A2X2A25,TT,A,F,,,,,P1D,,,,"ESA 2010 Sectors: S.121, S.122, S.123, S.124, S.125, S.126, S.127, S.128, S.129",,0,,,,,S,"Euro short-term rate, Total volume","Euro short-term rate, Total volume - Unsecured - Overnight - Borrowing - Financial corporations",,EUR,6
2023-12-28,57717,EST.B.EU000A2X2A25.TT,B,EU000A2X2A25,TT,A,F,,,,,P1D,,,,"ESA 2010 Sectors: S.121, S.122, S.123, S.124, S.125, S.126, S.127, S.128, S.129",,0,,,,,S,"Euro short-term rate, Total volume","Euro short-term rate, Total volume - Unsecured - Overnight - Borrowing - Financial corporations",,EUR,6
2023-12-29,43965,EST.B.EU000A2X2A25.TT,B,EU000A2X2A25,TT,A,F,,,,,P1D,,,,"ESA 2010 Sectors: S.121, S.122, S.123, S.124, S.125, S.126, S.127, S.128, S.129",,0,,,,,S,"Euro short-term rate, Total volume","Euro short-term rate, Total volume - Unsecured - Overnight - Borrowing - Financial corporations",,EUR,6
2024-01-02,63141,EST.B.EU000A2X2A25.TT,B,EU000A2X2A25,TT,A,F,,,,,P1D,,,,"ESA 2010 Sectors: S.121, S.122, S.123, S.124, S.125, S.126, S.127, S.128, S.129",,0,,,,,S,"Euro short-term rate, Total volume","Euro short-term rate, Total volume - Unsecured - Overnight - Borrowing - Financial corporations",,EUR,6
2024-01-03,65797,EST.B.EU000A2X2A25.TT,B,EU000A2X2A25,TT,A,F,,,,,P1D,,,,"ESA 2010 Sectors: S.121, S.122, S.123, S.124, S.125, S.126, S.127, S.128, S.129",,0,,,,,S,"Euro short-term rate, Total volume","Euro short-term rate, Total volume - Unsecured - Overnight - Borrowing - Financial corporations",,EUR,6
2024-01-04,65145,EST.B.EU000A2X2A25.TT,B,EU000A2X2A25,TT,A,F,,,,,P1D,,,,"ESA 2010 Sectors: S.121, S.122, S.123, S.124, S.125, S.126, S.127, S.128, S.129",,0,,,,,S,"Euro short-term rate, Total volume","Euro short-term rate, Total volume - Unsecured - Overnight - Borrowing - Financial corporations",,EUR,6
2024-01-05,63913,EST.B.EU000A2X2A25.TT,B,EU000A2X2A25,TT,A,F,,,,,P1D,,,,"ESA 2010 Sectors: S.121, S.122, S.123, S.124, S.125, S.126, S.127, S.128, S.129",,0,,,,,S,"Euro short-term rate, Total volume","Euro short-term rate, Total volume - Unsecured - Overnight - Borrowing - Financial corporations",,EUR,6
2024-01-08,64352,EST.B.EU000A2X2A25.TT,B,EU000A2X2A25,TT,A,F,,,,,P1D,,,,"ESA 2010 Sectors: S.121, S.122, S.123, S.124, S.125, S.126, S.127, S.128, S.129",,0,,,,,S,"Euro short-term rate, Total volume","Euro short-term rate, Total volume - Unsecured - Overnight - Borrowing - Financial corporations",,EUR,6
2024-01-09,63395,EST.B.EU000A2X2A25.TT,B,EU000A2X2A25,TT,A,F,,,,,P1D,,,,"ESA 2010 Sectors: S.121, S.122, S.123, S.124, S.125, S.126, S.127, S.128, S.129",,0,,,,,S,"Euro short-term rate, Total volume","Euro short-term rate, Total volume - Unsecured - Overnight - Borrowing - Financial corporations",,EUR,6
2024-01-10,59353,EST.B.EU000A2X2A25.TT,B,EU000A2X2A25,TT,A,F,,,,,P1D,,,,"ESA 2010 Sectors: S.121, S.122, S.123, S.124, S.125, S.126, S.127, S.128, S.129",,0,,,,,S,"Euro short-term rate, Total volume","Euro short-term rate, Total volume - Unsecured - Overnight - Borrowing - Financial corporations",,EUR,6
2024-01-11,59616,EST.B.EU000A2X2A25.TT,B,EU000A2X2A25,TT,A,F,,,,,P1D,,,,"ESA 2010 Sectors: S.121, S.122, S.123, S.124, S.125, S.126, S.127, S.128, S.129",,0,,,,,S,"Euro short-term rate, Total volume","Euro short-term rate, Total volume - Unsecured - Overnight - Borrowing - Financial corporations",,EUR,6
2024-01-12,57373,EST.B.EU000A2X2A25.TT,B,EU000A2X2A25,TT,A,F,,,,,P1D,,,,"ESA 2010 Sectors: S.121, S.122, S.123, S.124, S.125, S.126, S.127, S.128, S.129",,0,,,,,S,"Euro short-term rate, Total volume","Euro short-term rate, Total volume - Unsecured - Overnight - Borrowing - Financial corporations",,EUR,6
2024-01-15,54460,EST.B.EU000A2X2A25.TT,B,EU000A2X2A25,TT,A,F,,,,,P1D,,,,"ESA 2010 Sectors: S.121, S.122, S.123, S.124, S.125, S.126, S.127, S.128, S.129",,0,,,,,S,"Euro short-term rate, Total volume","Euro short-term rate, Total volume - Unsecured - Overnight - Borrowing - Financial corporations",,EUR,6
2024-01-16,59040,EST.B.EU000A2X2A25.TT,B,EU000A2X2A25,TT,A,F,,,,,P1D,,,,"ESA 2010 Sectors: S.121, S.122, S.123, S.124, S.125, S.126, S.127, S.128, S.129",,0,,,,,S,"Euro short-term rate, Total volume","Euro short-term rate, Total volume - Unsecured - Overnight - Borrowing - Financial corporations",,EUR,6
2024-01-17,59594,EST.B.EU000A2X2A25.TT,B,EU000A2X2A25,TT,A,F,,,,,P1D,,,,"ESA 2010 Sectors: S.121, S.122, S.123, S.124, S.125, S.126, S.127, S.128, S.129",,0,,,,,S,"Euro short-term rate, Total volume","Euro short-term rate, Total volume - Unsecured - Overnight - Borrowing - Financial corporations",,EUR,6
2024-01-18,57406,EST.B.EU000A2X2A25.TT,B,EU000A2X2A25,TT,A,F,,,,,P1D,,,,"ESA 2010 Sectors: S.121, S.122, S.123, S.124, S.125, S.126, S.127, S.128, S.129",,0,,,,,S,"Euro short-term rate, Total volume","Euro short-term rate, Total volume - Unsecured - Overnight - Borrowing - Financial corporations",,EUR,6
2024-01-19,59307,EST.B.EU000A2X2A25.TT,B,EU000A2X2A25,TT,A,F,,,,,P1D,,,,"ESA 2010 Sectors: S.121, S.122, S.123, S.124, S.125, S.126, S.127, S.128, S.129",,0,,,,,S,"Euro short-term rate, Total volume","Euro short-term rate, Total volume - Unsecured - Overnight - Borrowing - Financial corporations",,EUR,6
2024-01-22,61554,EST.B.EU000A2X2A25.TT,B,EU000A2X2A25,TT,A,F,,,,,P1D,,,,"ESA 2010 Sectors: S.121, S.122, S.123, S.124, S.125, S.126, S.127, S.128, S.129",,0,,,,,S,"Euro short-term rate, Total volume","Euro short-term rate, Total volume - Unsecured - Overnight - Borrowing - Financial corporations",,EUR,6
2024-01-23,61212,EST.B.EU000A2X2A25.TT,B,EU000A2X2A25,TT,A,F,,,,,P1D,,,,"ESA 2010 Sectors: S.121, S.122, S.123, S.124, S.125, S.126, S.127, S.128, S.129",,0,,,,,S,"Euro short-term rate, Total volume","Euro short-term rate, Total volume - Unsecured - Overnight - Borrowing - Financial corporations",,EUR,6
2024-01-24,56822,EST.B.EU000A2X2A25.TT,B,EU000A2X2A25,TT,A,F,,,,,P1D,,,,"ESA 2010 Sectors: S.121, S.122, S.123, S.124, S.125, S.126, S.127, S.128, S.129",,0,,,,,S,"Euro short-term rate, Total volume","Euro short-term rate, Total volume - Unsecured - Overnight - Borrowing - Financial corporations",,EUR,6
2024-01-25,57863,EST.B.EU000A2X2A25.TT,B,EU000A2X2A25,TT,A,F,,,,,P1D,,,,"ESA 2010 Sectors: S.121, S.122, S.123, S.124, S.125, S.126, S.127, S.128, S.129",,0,,,,,S,"Euro short-term rate, Total volume","Euro short-term rate, Total volume - Unsecured - Overnight - Borrowing - Financial corporations",,EUR,6
2024-01-26,54908,EST.B.EU000A2X2A25.TT,B,EU000A2X2A25,TT,A,F,,,,,P1D,,,,"ESA 2010 Sectors: S.121, S.122, S.123, S.124, S.125, S.126, S.127, S.128, S.129",,0,,,,,S,"Euro short-term rate, Total volume","Euro short-term rate, Total volume - Unsecured - Overnight - Borrowing - Financial corporations",,EUR,6
2024-01-29,54126,EST.B.EU000A2X2A25.TT,B,EU000A2X2A25,TT,A,F,,,,,P1D,,,,"ESA 2010 Sectors: S.121, S.122, S.123, S.124, S.125, S.126, S.127, S.128, S.129",,0,,,,,S,"Euro short-term rate, Total volume","Euro short-term rate, Total volume - Unsecured - Overnight - Borrowing - Financial corporations",,EUR,6
2024-01-30,58289,EST.B.EU000A2X2A25.TT,B,EU000A2X2A25,TT,A,F,,,,,P1D,,,,"ESA 2010 Sectors: S.121, S.122, S.123, S.124, S.125, S.126, S.127, S.128, S.129",,0,,,,,S,"Euro short-term rate, Total volume","Euro short-term rate, Total volume - Unsecured - Overnight - Borrowing - Financial corporations",,EUR,6
2024-01-31,49340,EST.B.EU000A2X2A25.TT,B,EU000A2X2A25,TT,A,F,,,,,P1D,,,,"ESA 2010 Sectors: S.121, S.122, S.123, S.124, S.125, S.126, S.127, S.128, S.129",,0,,,,,S,"Euro short-term rate, Total volume","Euro short-term rate, Total volume - Unsecured - Overnight - Borrowing - Financial corporations",,EUR,6
2024-02-01,60544,EST.B.EU000A2X2A25.TT,B,EU000A2X2A25,TT,A,F,,,,,P1D,,,,"ESA 2010 Sectors: S.121, S.122, S.123, S.124, S.125, S.126, S.127, S.128, S.129",,0,,,,,S,"Euro short-term rate, Total volume","Euro short-term rate, Total volume - Unsecured - Overnight - Borrowing - Financial corporations",,EUR,6
2024-02-02,60803,EST.B.EU000A2X2A25.TT,B,EU000A2X2A25,TT,A,F,,,,,P1D,,,,"ESA 2010 Sectors: S.121, S.122, S.123, S.124, S.125, S.126, S.127, S.128, S.129",,0,,,,,S,"Euro short-term rate, Total volume","Euro short-term rate, Total volume - Unsecured - Overnight - Borrowing - Financial corporations",,EUR,6
2024-02-05,62552,EST.B.EU000A2X2A25.TT,B,EU000A2X2A25,TT,A,F,,,,,P1D,,,,"ESA 2010 Sectors: S.121, S.122, S.123, S.124, S.125, S.126, S.127, S.128, S.129",,0,,,,,S,"Euro short-term rate, Total volume","Euro short-term rate, Total volume - Unsecured - Overnight - Borrowing - Financial corporations",,EUR,6
2024-02-06,50643,EST.B.EU000A2X2A25.TT,B,EU000A2X2A25,TT,A,F,,,,,P1D,,,,"ESA 2010 Sectors: S.121, S.122, S.123, S.124, S.125, S.126, S.127, S.128, S.129",,0,,,,,S,"Euro short-term rate, Total volume","Euro short-term rate, Total volume - Unsecured - Overnight - Borrowing - Financial corporations",,EUR,6
2024-02-07,58025,EST.B.EU000A2X2A25.TT,B,EU000A2X2A25,TT,A,F,,,,,P1D,,,,"ESA 2010 Sectors: S.121, S.122, S.123, S.124, S.125, S.126, S.127, S.128, S.129",,0,,,,,S,"Euro short-term rate, Total volume","Euro short-term rate, Total volume - Unsecured - Overnight - Borrowing - Financial corporations",,EUR,6
2024-02-08,58648,EST.B.EU000A2X2A25.TT,B,EU000A2X2A25,TT,A,F,,,,,P1D,,,,"ESA 2010 Sectors: S.121, S.122, S.123, S.124, S.125, S.126, S.127, S.128, S.129",,0,,,,,S,"Euro short-term rate, Total volume","Euro short-term rate, Total volume - Unsecured - Overnight - Borrowing - Financial corporations",,EUR,6
2024-02-09,57342,EST.B.EU000A2X2A25.TT,B,EU000A2X2A25,TT,A,F,,,,,P1D,,,,"ESA 2010 Sectors: S.121, S.122, S.123, S.124, S.125, S.126, S.127, S.128, S.129",,0,,,,,S,"Euro short-term rate, Total volume","Euro short-term rate, Total volume - Unsecured - Overnight - Borrowing - Financial corporations",,EUR,6
2024-02-12,56457,EST.B.EU000A2X2A25.TT,B,EU000A2X2A25,TT,A,F,,,,,P1D,,,,"ESA 2010 Sectors: S.121, S.122, S.123, S.124, S.125, S.126, S.127, S.128, S.129",,0,,,,,S,"Euro short-term rate, Total volume","Euro short-term rate, Total volume - Unsecured - Overnight - Borrowing - Financial corporations",,EUR,6
2024-02-13,57648,EST.B.EU000A2X2A25.TT,B,EU000A2X2A25,TT,A,F,,,,,P1D,,,,"ESA 2010 Sectors: S.121, S.122, S.123, S.124, S.125, S.126, S.127, S.128, S.129",,0,,,,,S,"Euro short-term rate, Total volume","Euro short-term rate, Total volume - Unsecured - Overnight - Borrowing - Financial corporations",,EUR,6
2024-02-14,54570,EST.B.EU000A2X2A25.TT,B,EU000A2X2A25,TT,A,F,,,,,P1D,,,,"ESA 2010 Sectors: S.121, S.122, S.123, S.124, S.125, S.126, S.127, S.128, S.129",,0,,,,,S,"Euro short-term rate, Total volume","Euro short-term rate, Total volume - Unsecured - Overnight - Borrowing - Financial corporations",,EUR,6
2024-02-15,54353,EST.B.EU000A2X2A25.TT,B,EU000A2X2A25,TT,A,F,,,,,P1D,,,,"ESA 2010 Sectors: S.121, S.122, S.123, S.124, S.125, S.126, S.127, S.128, S.129",,0,,,,,S,"Euro short-term rate, Total volume","Euro short-term rate, Total volume - Unsecured - Overnight - Borrowing - Financial corporations",,EUR,6
2024-02-16,55849,EST.B.EU000A2X2A25.TT,B,EU000A2X2A25,TT,A,F,,,,,P1D,,,,"ESA 2010 Sectors: S.121, S.122, S.123, S.124, S.125, S.126, S.127, S.128, S.129",,0,,,,,S,"Euro short-term rate, Total volume","Euro short-term rate, Total volume - Unsecured - Overnight - Borrowing - Financial corporations",,EUR,6
2024-02-19,59840,EST.B.EU000A2X2A25.TT,B,EU000A2X2A25,TT,A,F,,,,,P1D,,,,"ESA 2010 Sectors: S.121, S.122, S.123, S.124, S.125, S.126, S.127, S.128, S.129",,0,,,,,S,"Euro short-term rate, Total volume","Euro short-term rate, Total volume - Unsecured - Overnight - Borrowing - Financial corporations",,EUR,6
2024-02-20,58872,EST.B.EU000A2X2A25.TT,B,EU000A2X2A25,TT,A,F,,,,,P1D,,,,"ESA 2010 Sectors: S.121, S.122, S.123, S.124, S.125, S.126, S.127, S.128, S.129",,0,,,,,S,"Euro short-term rate, Total volume","Euro short-term rate, Total volume - Unsecured - Overnight - Borrowing - Financial corporations",,EUR,6
2024-02-21,60918,EST.B.EU000A2X2A25.TT,B,EU000A2X2A25,TT,A,F,,,,,P1D,,,,"ESA 2010 Sectors: S.121, S.122, S.123, S.124, S.125, S.126, S.127, S.128, S.129",,0,,,,,S,"Euro short-term rate, Total volume","Euro short-term rate, Total volume - Unsecured - Overnight - Borrowing - Financial corporations",,EUR,6
2024-02-22,59229,EST.B.EU000A2X2A25.TT,B,EU000A2X2A25,TT,A,F,,,,,P1D,,,,"ESA 2010 Sectors: S.121, S.122, S.123, S.124, S.125, S.126, S.127, S.128, S.129",,0,,,,,S,"Euro short-term rate, Total volume","Euro short-term rate, Total volume - Unsecured - Overnight - Borrowing - Financial corporations",,EUR,6
2024-02-23,57685,EST.B.EU000A2X2A25.TT,B,EU000A2X2A25,TT,A,F,,,,,P1D,,,,"ESA 2010 Sectors: S.121, S.122, S.123, S.124, S.125, S.126, S.127, S.128, S.129",,0,,,,,S,"Euro short-term rate, Total volume","Euro short-term rate, Total volume - Unsecured - Overnight - Borrowing - Financial corporations",,EUR,6
2024-02-26,58665,EST.B.EU000A2X2A25.TT,B,EU000A2X2A25,TT,A,F,,,,,P1D,,,,"ESA 2010 Sectors: S.121, S.122, S.123, S.124, S.125, S.126, S.127, S.128, S.129",,0,,,,,S,"Euro short-term rate, Total volume","Euro short-term rate, Total volume - Unsecured - Overnight - Borrowing - Financial corporations",,EUR,6
2024-02-27,54374,EST.B.EU000A2X2A25.TT,B,EU000A2X2A25,TT,A,F,,,,,P1D,,,,"ESA 2010 Sectors: S.121, S.122, S.123, S.124, S.125, S.126, S.127, S.128, S.129",,0,,,,,S,"Euro short-term rate, Total volume","Euro short-term rate, Total volume - Unsecured - Overnight - Borrowing - Financial corporations",,EUR,6
2024-02-28,54779,EST.B.EU000A2X2A25.TT,B,EU000A2X2A25,TT,A,F,,,,,P1D,,,,"ESA 2010 Sectors: S.121, S.122, S.123, S.124, S.125, S.126, S.127, S.128, S.129",,0,,,,,S,"Euro short-term rate, Total volume","Euro short-term rate, Total volume - Unsecured - Overnight - Borrowing - Financial corporations",,EUR,6
2024-02-29,48678,EST.B.EU000A2X2A25.TT,B,EU000A2X2A25,TT,A,F,,,,,P1D,,,,"ESA 2010 Sectors: S.121, S.122, S.123, S.124, S.125, S.126, S.127, S.128, S.129",,0,,,,,S,"Euro short-term rate, Total volume","Euro short-term rate, Total volume - Unsecured - Overnight - Borrowing - Financial corporations",,EUR,6
2024-03-01,56267,EST.B.EU000A2X2A25.TT,B,EU000A2X2A25,TT,A,F,,,,,P1D,,,,"ESA 2010 Sectors: S.121, S.122, S.123, S.124, S.125, S.126, S.127, S.128, S.129",,0,,,,,S,"Euro short-term rate, Total volume","Euro short-term rate, Total volume - Unsecured - Overnight - Borrowing - Financial corporations",,EUR,6
2024-03-04,56355,EST.B.EU000A2X2A25.TT,B,EU000A2X2A25,TT,A,F,,,,,P1D,,,,"ESA 2010 Sectors: S.121, S.122, S.123, S.124, S.125, S.126, S.127, S.128, S.129",,0,,,,,S,"Euro short-term rate, Total volume","Euro short-term rate, Total volume - Unsecured - Overnight - Borrowing - Financial corporations",,EUR,6
2024-03-05,60001,EST.B.EU000A2X2A25.TT,B,EU000A2X2A25,TT,A,F,,,,,P1D,,,,"ESA 2010 Sectors: S.121, S.122, S.123, S.124, S.125, S.126, S.127, S.128, S.129",,0,,,,,S,"Euro short-term rate, Total volume","Euro short-term rate, Total volume - Unsecured - Overnight - Borrowing - Financial corporations",,EUR,6
2024-03-06,61562,EST.B.EU000A2X2A25.TT,B,EU000A2X2A25,TT,A,F,,,,,P1D,,,,"ESA 2010 Sectors: S.121, S.122, S.123, S.124, S.125, S.126, S.127, S.128, S.129",,0,,,,,S,"Euro short-term rate, Total volume","Euro short-term rate, Total volume - Unsecured - Overnight - Borrowing - Financial corporations",,EUR,6
2024-03-07,58563,EST.B.EU000A2X2A25.TT,B,EU000A2X2A25,TT,A,F,,,,,P1D,,,,"ESA 2010 Sectors: S.121, S.122, S.123, S.124, S.125, S.126, S.127, S.128, S.129",,0,,,,,S,"Euro short-term rate, Total volume","Euro short-term rate, Total volume - Unsecured - Overnight - Borrowing - Financial corporations",,EUR,6
2024-03-08,58206,EST.B.EU000A2X2A25.TT,B,EU000A2X2A25,TT,A,F,,,,,P1D,,,,"ESA 2010 Sectors: S.121, S.122, S.123, S.124, S.125, S.126, S.127, S.128, S.129",,0,,,,,S,"Euro short-term rate, Total volume","Euro short-term rate, Total volume - Unsecured - Overnight - Borrowing - Financial corporations",,EUR,6
2024-03-11,61001,EST.B.EU000A2X2A25.TT,B,EU000A2X2A25,TT,A,F,,,,,P1D,,,,"ESA 2010 Sectors: S.121, S.122, S.123, S.124, S.125, S.126, S.127, S.128, S.129",,0,,,,,S,"Euro short-term rate, Total volume","Euro short-term rate, Total volume - Unsecured - Overnight - Borrowing - Financial corporations",,EUR,6
2024-03-12,61699,EST.B.EU000A2X2A25.TT,B,EU000A2X2A25,TT,A,F,,,,,P1D,,,,"ESA 2010 Sectors: S.121, S.122, S.123, S.124, S.125, S.126, S.127, S.128, S.129",,0,,,,,S,"Euro short-term rate, Total volume","Euro short-term rate, Total volume - Unsecured - Overnight - Borrowing - Financial corporations",,EUR,6
2024-03-13,61667,EST.B.EU000A2X2A25.TT,B,EU000A2X2A25,TT,A,F,,,,,P1D,,,,"ESA 2010 Sectors: S.121, S.122, S.123, S.124, S.125, S.126, S.127, S.128, S.129",,0,,,,,S,"Euro short-term rate, Total volume","Euro short-term rate, Total volume - Unsecured - Overnight - Borrowing - Financial corporations",,EUR,6
2024-03-14,54465,EST.B.EU000A2X2A25.TT,B,EU000A2X2A25,TT,A,F,,,,,P1D,,,,"ESA 2010 Sectors: S.121, S.122, S.123, S.124, S.125, S.126, S.127, S.128, S.129",,0,,,,,S,"Euro short-term rate, Total volume","Euro short-term rate, Total volume - Unsecured - Overnight - Borrowing - Financial corporations",,EUR,6
2024-03-15,50279,EST.B.EU000A2X2A25.TT,B,EU000A2X2A25,TT,A,F,,,,,P1D,,,,"ESA 2010 Sectors: S.121, S.122, S.123, S.124, S.125, S.126, S.127, S.128, S.129",,0,,,,,S,"Euro short-term rate, Total volume","Euro short-term rate, Total volume - Unsecured - Overnight - Borrowing - Financial corporations",,EUR,6
2024-03-18,52074,EST.B.EU000A2X2A25.TT,B,EU000A2X2A25,TT,A,F,,,,,P1D,,,,"ESA 2010 Sectors: S.121, S.122, S.123, S.124, S.125, S.126, S.127, S.128, S.129",,0,,,,,S,"Euro short-term rate, Total volume","Euro short-term rate, Total volume - Unsecured - Overnight - Borrowing - Financial corporations",,EUR,6
2024-03-19,52315,EST.B.EU000A2X2A25.TT,B,EU000A2X2A25,TT,A,F,,,,,P1D,,,,"ESA 2010 Sectors: S.121, S.122, S.123, S.124, S.125, S.126, S.127, S.128, S.129",,0,,,,,S,"Euro short-term rate, Total volume","Euro short-term rate, Total volume - Unsecured - Overnight - Borrowing - Financial corporations",,EUR,6
2024-03-20,53336,EST.B.EU000A2X2A25.TT,B,EU000A2X2A25,TT,A,F,,,,,P1D,,,,"ESA 2010 Sectors: S.121, S.122, S.123, S.124, S.125, S.126, S.127, S.128, S.129",,0,,,,,S,"Euro short-term rate, Total volume","Euro short-term rate, Total volume - Unsecured - Overnight - Borrowing - Financial corporations",,EUR,6
2024-03-21,51665,EST.B.EU000A2X2A25.TT,B,EU000A2X2A25,TT,A,F,,,,,P1D,,,,"ESA 2010 Sectors: S.121, S.122, S.123, S.124, S.125, S.126, S.127, S.128, S.129",,0,,,,,S,"Euro short-term rate, Total volume","Euro short-term rate, Total volume - Unsecured - Overnight - Borrowing - Financial corporations",,EUR,6
2024-03-22,53545,EST.B.EU000A2X2A25.TT,B,EU000A2X2A25,TT,A,F,,,,,P1D,,,,"ESA 2010 Sectors: S.121, S.122, S.123, S.124, S.125, S.126, S.127, S.128, S.129",,0,,,,,S,"Euro short-term rate, Total volume","Euro short-term rate, Total volume - Unsecured - Overnight - Borrowing - Financial corporations",,EUR,6
2024-03-25,51328,EST.B.EU000A2X2A25.TT,B,EU000A2X2A25,TT,A,F,,,,,P1D,,,,"ESA 2010 Sectors: S.121, S.122, S.123, S.124, S.125, S.126, S.127, S.128, S.129",,0,,,,,S,"Euro short-term rate, Total volume","Euro short-term rate, Total volume - Unsecured - Overnight - Borrowing - Financial corporations",,EUR,6
2024-03-26,49284,EST.B.EU000A2X2A25.TT,B,EU000A2X2A25,TT,A,F,,,,,P1D,,,,"ESA 2010 Sectors: S.121, S.122, S.123, S.124, S.125, S.126, S.127, S.128, S.129",,0,,,,,S,"Euro short-term rate, Total volume","Euro short-term rate, Total volume - Unsecured - Overnight - Borrowing - Financial corporations",,EUR,6
2024-03-27,49994,EST.B.EU000A2X2A25.TT,B,EU000A2X2A25,TT,A,F,,,,,P1D,,,,"ESA 2010 Sectors: S.121, S.122, S.123, S.124, S.125, S.126, S.127, S.128, S.129",,0,,,,,S,"Euro short-term rate, Total volume","Euro short-term rate, Total volume - Unsecured - Overnight - Borrowing - Financial corporations",,EUR,6
2024-03-28,47327,EST.B.EU000A2X2A25.TT,B,EU000A2X2A25,TT,A,F,,,,,P1D,,,,"ESA 2010 Sectors: S.121, S.122, S.123, S.124, S.125, S.126, S.127, S.128, S.129",,0,,,,,S,"Euro short-term rate, Total volume","Euro short-term rate, Total volume - Unsecured - Overnight - Borrowing - Financial corporations",,EUR,6
2024-04-02,53324,EST.B.EU000A2X2A25.TT,B,EU000A2X2A25,TT,A,F,,,,,P1D,,,,"ESA 2010 Sectors: S.121, S.122, S.123, S.124, S.125, S.126, S.127, S.128, S.129",,0,,,,,S,"Euro short-term rate, Total volume","Euro short-term rate, Total volume - Unsecured - Overnight - Borrowing - Financial corporations",,EUR,6
2024-04-03,55214,EST.B.EU000A2X2A25.TT,B,EU000A2X2A25,TT,A,F,,,,,P1D,,,,"ESA 2010 Sectors: S.121, S.122, S.123, S.124, S.125, S.126, S.127, S.128, S.129",,0,,,,,S,"Euro short-term rate, Total volume","Euro short-term rate, Total volume - Unsecured - Overnight - Borrowing - Financial corporations",,EUR,6
2024-04-04,55759,EST.B.EU000A2X2A25.TT,B,EU000A2X2A25,TT,A,F,,,,,P1D,,,,"ESA 2010 Sectors: S.121, S.122, S.123, S.124, S.125, S.126, S.127, S.128, S.129",,0,,,,,S,"Euro short-term rate, Total volume","Euro short-term rate, Total volume - Unsecured - Overnight - Borrowing - Financial corporations",,EUR,6
2024-04-05,55061,EST.B.EU000A2X2A25.TT,B,EU000A2X2A25,TT,A,F,,,,,P1D,,,,"ESA 2010 Sectors: S.121, S.122, S.123, S.124, S.125, S.126, S.127, S.128, S.129",,0,,,,,S,"Euro short-term rate, Total volume","Euro short-term rate, Total volume - Unsecured - Overnight - Borrowing - Financial corporations",,EUR,6
2024-04-08,56650,EST.B.EU000A2X2A25.TT,B,EU000A2X2A25,TT,A,F,,,,,P1D,,,,"ESA 2010 Sectors: S.121, S.122, S.123, S.124, S.125, S.126, S.127, S.128, S.129",,0,,,,,S,"Euro short-term rate, Total volume","Euro short-term rate, Total volume - Unsecured - Overnight - Borrowing - Financial corporations",,EUR,6
2024-04-09,55192,EST.B.EU000A2X2A25.TT,B,EU000A2X2A25,TT,A,F,,,,,P1D,,,,"ESA 2010 Sectors: S.121, S.122, S.123, S.124, S.125, S.126, S.127, S.128, S.129",,0,,,,,S,"Euro short-term rate, Total volume","Euro short-term rate, Total volume - Unsecured - Overnight - Borrowing - Financial corporations",,EUR,6
2024-04-10,56812,EST.B.EU000A2X2A25.TT,B,EU000A2X2A25,TT,A,F,,,,,P1D,,,,"ESA 2010 Sectors: S.121, S.122, S.123, S.124, S.125, S.126, S.127, S.128, S.129",,0,,,,,S,"Euro short-term rate, Total volume","Euro short-term rate, Total volume - Unsecured - Overnight - Borrowing - Financial corporations",,EUR,6
2024-04-11,53674,EST.B.EU000A2X2A25.TT,B,EU000A2X2A25,TT,A,F,,,,,P1D,,,,"ESA 2010 Sectors: S.121, S.122, S.123, S.124, S.125, S.126, S.127, S.128, S.129",,0,,,,,S,"Euro short-term rate, Total volume","Euro short-term rate, Total volume - Unsecured - Overnight - Borrowing - Financial corporations",,EUR,6
2024-04-12,50091,EST.B.EU000A2X2A25.TT,B,EU000A2X2A25,TT,A,F,,,,,P1D,,,,"ESA 2010 Sectors: S.121, S.122, S.123, S.124, S.125, S.126, S.127, S.128, S.129",,0,,,,,S,"Euro short-term rate, Total volume","Euro short-term rate, Total volume - Unsecured - Overnight - Borrowing - Financial corporations",,EUR,6
2024-04-15,58827,EST.B.EU000A2X2A25.TT,B,EU000A2X2A25,TT,A,F,,,,,P1D,,,,"ESA 2010 Sectors: S.121, S.122, S.123, S.124, S.125, S.126, S.127, S.128, S.129",,0,,,,,S,"Euro short-term rate, Total volume","Euro short-term rate, Total volume - Unsecured - Overnight - Borrowing - Financial corporations",,EUR,6
2024-04-16,54841,EST.B.EU000A2X2A25.TT,B,EU000A2X2A25,TT,A,F,,,,,P1D,,,,"ESA 2010 Sectors: S.121, S.122, S.123, S.124, S.125, S.126, S.127, S.128, S.129",,0,,,,,S,"Euro short-term rate, Total volume","Euro short-term rate, Total volume - Unsecured - Overnight - Borrowing - Financial corporations",,EUR,6
2024-04-17,54236,EST.B.EU000A2X2A25.TT,B,EU000A2X2A25,TT,A,F,,,,,P1D,,,,"ESA 2010 Sectors: S.121, S.122, S.123, S.124, S.125, S.126, S.127, S.128, S.129",,0,,,,,S,"Euro short-term rate, Total volume","Euro short-term rate, Total volume - Unsecured - Overnight - Borrowing - Financial corporations",,EUR,6
2024-04-18,51051,EST.B.EU000A2X2A25.TT,B,EU000A2X2A25,TT,A,F,,,,,P1D,,,,"ESA 2010 Sectors: S.121, S.122, S.123, S.124, S.125, S.126, S.127, S.128, S.129",,0,,,,,S,"Euro short-term rate, Total volume","Euro short-term rate, Total volume - Unsecured - Overnight - Borrowing - Financial corporations",,EUR,6
2024-04-19,50231,EST.B.EU000A2X2A25.TT,B,EU000A2X2A25,TT,A,F,,,,,P1D,,,,"ESA 2010 Sectors: S.121, S.122, S.123, S.124, S.125, S.126, S.127, S.128, S.129",,0,,,,,S,"Euro short-term rate, Total volume","Euro short-term rate, Total volume - Unsecured - Overnight - Borrowing - Financial corporations",,EUR,6
2024-04-22,55072,EST.B.EU000A2X2A25.TT,B,EU000A2X2A25,TT,A,F,,,,,P1D,,,,"ESA 2010 Sectors: S.121, S.122, S.123, S.124, S.125, S.126, S.127, S.128, S.129",,0,,,,,S,"Euro short-term rate, Total volume","Euro short-term rate, Total volume - Unsecured - Overnight - Borrowing - Financial corporations",,EUR,6
2024-04-23,53919,EST.B.EU000A2X2A25.TT,B,EU000A2X2A25,TT,A,F,,,,,P1D,,,,"ESA 2010 Sectors: S.121, S.122, S.123, S.124, S.125, S.126, S.127, S.128, S.129",,0,,,,,S,"Euro short-term rate, Total volume","Euro short-term rate, Total volume - Unsecured - Overnight - Borrowing - Financial corporations",,EUR,6
2024-04-24,50665,EST.B.EU000A2X2A25.TT,B,EU000A2X2A25,TT,A,F,,,,,P1D,,,,"ESA 2010 Sectors: S.121, S.122, S.123, S.124, S.125, S.126, S.127, S.128, S.129",,0,,,,,S,"Euro short-term rate, Total volume","Euro short-term rate, Total volume - Unsecured - Overnight - Borrowing - Financial corporations",,EUR,6
2024-04-25,49469,EST.B.EU000A2X2A25.TT,B,EU000A2X2A25,TT,A,F,,,,,P1D,,,,"ESA 2010 Sectors: S.121, S.122, S.123, S.124, S.125, S.126, S.127, S.128, S.129",,0,,,,,S,"Euro short-term rate, Total volume","Euro short-term rate, Total volume - Unsecured - Overnight - Borrowing - Financial corporations",,EUR,6
2024-04-26,46571,EST.B.EU000A2X2A25.TT,B,EU000A2X2A25,TT,A,F,,,,,P1D,,,,"ESA 2010 Sectors: S.121, S.122, S.123, S.124, S.125, S.126, S.127, S.128, S.129",,0,,,,,S,"Euro short-term rate, Total volume","Euro short-term rate, Total volume - Unsecured - Overnight - Borrowing - Financial corporations",,EUR,6
2024-04-29,50848,EST.B.EU000A2X2A25.TT,B,EU000A2X2A25,TT,A,F,,,,,P1D,,,,"ESA 2010 Sectors: S.121, S.122, S.123, S.124, S.125, S.126, S.127, S.128, S.129",,0,,,,,S,"Euro short-term rate, Total volume","Euro short-term rate, Total volume - Unsecured - Overnight - Borrowing - Financial corporations",,EUR,6
2024-04-30,45502,EST.B.EU000A2X2A25.TT,B,EU000A2X2A25,TT,A,F,,,,,P1D,,,,"ESA 2010 Sectors: S.121, S.122, S.123, S.124, S.125, S.126, S.127, S.128, S.129",,0,,,,,S,"Euro short-term rate, Total volume","Euro short-term rate, Total volume - Unsecured - Overnight - Borrowing - Financial corporations",,EUR,6
2024-05-02,51998,EST.B.EU000A2X2A25.TT,B,EU000A2X2A25,TT,A,F,,,,,P1D,,,,"ESA 2010 Sectors: S.121, S.122, S.123, S.124, S.125, S.126, S.127, S.128, S.129",,0,,,,,S,"Euro short-term rate, Total volume","Euro short-term rate, Total volume - Unsecured - Overnight - Borrowing - Financial corporations",,EUR,6
2024-05-03,42893,EST.B.EU000A2X2A25.TT,B,EU000A2X2A25,TT,A,F,,,,,P1D,,,,"ESA 2010 Sectors: S.121, S.122, S.123, S.124, S.125, S.126, S.127, S.128, S.129",,0,,,,,S,"Euro short-term rate, Total volume","Euro short-term rate, Total volume - Unsecured - Overnight - Borrowing - Financial corporations",,EUR,6
2024-05-06,45224,EST.B.EU000A2X2A25.TT,B,EU000A2X2A25,TT,A,F,,,,,P1D,,,,"ESA 2010 Sectors: S.121, S.122, S.123, S.124, S.125, S.126, S.127, S.128, S.129",,0,,,,,S,"Euro short-term rate, Total volume","Euro short-term rate, Total volume - Unsecured - Overnight - Borrowing - Financial corporations",,EUR,6
2024-05-07,53589,EST.B.EU000A2X2A25.TT,B,EU000A2X2A25,TT,A,F,,,,,P1D,,,,"ESA 2010 Sectors: S.121, S.122, S.123, S.124, S.125, S.126, S.127, S.128, S.129",,0,,,,,S,"Euro short-term rate, Total volume","Euro short-term rate, Total volume - Unsecured - Overnight - Borrowing - Financial corporations",,EUR,6
2024-05-08,45986,EST.B.EU000A2X2A25.TT,B,EU000A2X2A25,TT,A,F,,,,,P1D,,,,"ESA 2010 Sectors: S.121, S.122, S.123, S.124, S.125, S.126, S.127, S.128, S.129",,0,,,,,S,"Euro short-term rate, Total volume","Euro short-term rate, Total volume - Unsecured - Overnight - Borrowing - Financial corporations",,EUR,6
2024-05-09,39153,EST.B.EU000A2X2A25.TT,B,EU000A2X2A25,TT,A,F,,,,,P1D,,,,"ESA 2010 Sectors: S.121, S.122, S.123, S.124, S.125, S.126, S.127, S.128, S.129",,0,,,,,S,"Euro short-term rate, Total volume","Euro short-term rate, Total volume - Unsecured - Overnight - Borrowing - Financial corporations",,EUR,6
2024-05-10,49334,EST.B.EU000A2X2A25.TT,B,EU000A2X2A25,TT,A,F,,,,,P1D,,,,"ESA 2010 Sectors: S.121, S.122, S.123, S.124, S.125, S.126, S.127, S.128, S.129",,0,,,,,S,"Euro short-term rate, Total volume","Euro short-term rate, Total volume - Unsecured - Overnight - Borrowing - Financial corporations",,EUR,6
2024-05-13,51449,EST.B.EU000A2X2A25.TT,B,EU000A2X2A25,TT,A,F,,,,,P1D,,,,"ESA 2010 Sectors: S.121, S.122, S.123, S.124, S.125, S.126, S.127, S.128, S.129",,0,,,,,S,"Euro short-term rate, Total volume","Euro short-term rate, Total volume - Unsecured - Overnight - Borrowing - Financial corporations",,EUR,6
2024-05-14,51110,EST.B.EU000A2X2A25.TT,B,EU000A2X2A25,TT,A,F,,,,,P1D,,,,"ESA 2010 Sectors: S.121, S.122, S.123, S.124, S.125, S.126, S.127, S.128, S.129",,0,,,,,S,"Euro short-term rate, Total volume","Euro short-term rate, Total volume - Unsecured - Overnight - Borrowing - Financial corporations",,EUR,6
2024-05-15,50516,EST.B.EU000A2X2A25.TT,B,EU000A2X2A25,TT,A,F,,,,,P1D,,,,"ESA 2010 Sectors: S.121, S.122, S.123, S.124, S.125, S.126, S.127, S.128, S.129",,0,,,,,S,"Euro short-term rate, Total volume","Euro short-term rate, Total volume - Unsecured - Overnight - Borrowing - Financial corporations",,EUR,6
2024-05-16,50866,EST.B.EU000A2X2A25.TT,B,EU000A2X2A25,TT,A,F,,,,,P1D,,,,"ESA 2010 Sectors: S.121, S.122, S.123, S.124, S.125, S.126, S.127, S.128, S.129",,0,,,,,S,"Euro short-term rate, Total volume","Euro short-term rate, Total volume - Unsecured - Overnight - Borrowing - Financial corporations",,EUR,6
2024-05-17,43959,EST.B.EU000A2X2A25.TT,B,EU000A2X2A25,TT,A,F,,,,,P1D,,,,"ESA 2010 Sectors: S.121, S.122, S.123, S.124, S.125, S.126, S.127, S.128, S.129",,0,,,,,S,"Euro short-term rate, Total volume","Euro short-term rate, Total volume - Unsecured - Overnight - Borrowing - Financial corporations",,EUR,6
2024-05-20,40920,EST.B.EU000A2X2A25.TT,B,EU000A2X2A25,TT,A,F,,,,,P1D,,,,"ESA 2010 Sectors: S.121, S.122, S.123, S.124, S.125, S.126, S.127, S.128, S.129",,0,,,,,S,"Euro short-term rate, Total volume","Euro short-term rate, Total volume - Unsecured - Overnight - Borrowing - Financial corporations",,EUR,6
2024-05-21,55794,EST.B.EU000A2X2A25.TT,B,EU000A2X2A25,TT,A,F,,,,,P1D,,,,"ESA 2010 Sectors: S.121, S.122, S.123, S.124, S.125, S.126, S.127, S.128, S.129",,0,,,,,S,"Euro short-term rate, Total volume","Euro short-term rate, Total volume - Unsecured - Overnight - Borrowing - Financial corporations",,EUR,6
2024-05-22,48781,EST.B.EU000A2X2A25.TT,B,EU000A2X2A25,TT,A,F,,,,,P1D,,,,"ESA 2010 Sectors: S.121, S.122, S.123, S.124, S.125, S.126, S.127, S.128, S.129",,0,,,,,S,"Euro short-term rate, Total volume","Euro short-term rate, Total volume - Unsecured - Overnight - Borrowing - Financial corporations",,EUR,6
2024-05-23,51481,EST.B.EU000A2X2A25.TT,B,EU000A2X2A25,TT,A,F,,,,,P1D,,,,"ESA 2010 Sectors: S.121, S.122, S.123, S.124, S.125, S.126, S.127, S.128, S.129",,0,,,,,S,"Euro short-term rate, Total volume","Euro short-term rate, Total volume - Unsecured - Overnight - Borrowing - Financial corporations",,EUR,6
2024-05-24,45151,EST.B.EU000A2X2A25.TT,B,EU000A2X2A25,TT,A,F,,,,,P1D,,,,"ESA 2010 Sectors: S.121, S.122, S.123, S.124, S.125, S.126, S.127, S.128, S.129",,0,,,,,S,"Euro short-term rate, Total volume","Euro short-term rate, Total volume - Unsecured - Overnight - Borrowing - Financial corporations",,EUR,6
2024-05-27,46737,EST.B.EU000A2X2A25.TT,B,EU000A2X2A25,TT,A,F,,,,,P1D,,,,"ESA 2010 Sectors: S.121, S.122, S.123, S.124, S.125, S.126, S.127, S.128, S.129",,0,,,,,S,"Euro short-term rate, Total volume","Euro short-term rate, Total volume - Unsecured - Overnight - Borrowing - Financial corporations",,EUR,6
2024-05-28,54900,EST.B.EU000A2X2A25.TT,B,EU000A2X2A25,TT,A,F,,,,,P1D,,,,"ESA 2010 Sectors: S.121, S.122, S.123, S.124, S.125, S.126, S.127, S.128, S.129",,0,,,,,S,"Euro short-term rate, Total volume","Euro short-term rate, Total volume - Unsecured - Overnight - Borrowing - Financial corporations",,EUR,6
2024-05-29,47875,EST.B.EU000A2X2A25.TT,B,EU000A2X2A25,TT,A,F,,,,,P1D,,,,"ESA 2010 Sectors: S.121, S.122, S.123, S.124, S.125, S.126, S.127, S.128, S.129",,0,,,,,S,"Euro short-term rate, Total volume","Euro short-term rate, Total volume - Unsecured - Overnight - Borrowing - Financial corporations",,EUR,6
2024-05-30,41596,EST.B.EU000A2X2A25.TT,B,EU000A2X2A25,TT,A,F,,,,,P1D,,,,"ESA 2010 Sectors: S.121, S.122, S.123, S.124, S.125, S.126, S.127, S.128, S.129",,0,,,,,S,"Euro short-term rate, Total volume","Euro short-term rate, Total volume - Unsecured - Overnight - Borrowing - Financial corporations",,EUR,6
2024-05-31,43030,EST.B.EU000A2X2A25.TT,B,EU000A2X2A25,TT,A,F,,,,,P1D,,,,"ESA 2010 Sectors: S.121, S.122, S.123, S.124, S.125, S.126, S.127, S.128, S.129",,0,,,,,S,"Euro short-term rate, Total volume","Euro short-term rate, Total volume - Unsecured - Overnight - Borrowing - Financial corporations",,EUR,6
2024-06-03,50910,EST.B.EU000A2X2A25.TT,B,EU000A2X2A25,TT,A,F,,,,,P1D,,,,"ESA 2010 Sectors: S.121, S.122, S.123, S.124, S.125, S.126, S.127, S.128, S.129",,0,,,,,S,"Euro short-term rate, Total volume","Euro short-term rate, Total volume - Unsecured - Overnight - Borrowing - Financial corporations",,EUR,6
2024-06-04,55061,EST.B.EU000A2X2A25.TT,B,EU000A2X2A25,TT,A,F,,,,,P1D,,,,"ESA 2010 Sectors: S.121, S.122, S.123, S.124, S.125, S.126, S.127, S.128, S.129",,0,,,,,S,"Euro short-term rate, Total volume","Euro short-term rate, Total volume - Unsecured - Overnight - Borrowing - Financial corporations",,EUR,6
2024-06-05,55950,EST.B.EU000A2X2A25.TT,B,EU000A2X2A25,TT,A,F,,,,,P1D,,,,"ESA 2010 Sectors: S.121, S.122, S.123, S.124, S.125, S.126, S.127, S.128, S.129",,0,,,,,S,"Euro short-term rate, Total volume","Euro short-term rate, Total volume - Unsecured - Overnight - Borrowing - Financial corporations",,EUR,6
2024-06-06,52206,EST.B.EU000A2X2A25.TT,B,EU000A2X2A25,TT,A,F,,,,,P1D,,,,"ESA 2010 Sectors: S.121, S.122, S.123, S.124, S.125, S.126, S.127, S.128, S.129",,0,,,,,S,"Euro short-term rate, Total volume","Euro short-term rate, Total volume - Unsecured - Overnight - Borrowing - Financial corporations",,EUR,6
2024-06-07,51516,EST.B.EU000A2X2A25.TT,B,EU000A2X2A25,TT,A,F,,,,,P1D,,,,"ESA 2010 Sectors: S.121, S.122, S.123, S.124, S.125, S.126, S.127, S.128, S.129",,0,,,,,S,"Euro short-term rate, Total volume","Euro short-term rate, Total volume - Unsecured - Overnight - Borrowing - Financial corporations",,EUR,6
2024-06-10,49337,EST.B.EU000A2X2A25.TT,B,EU000A2X2A25,TT,A,F,,,,,P1D,,,,"ESA 2010 Sectors: S.121, S.122, S.123, S.124, S.125, S.126, S.127, S.128, S.129",,0,,,,,S,"Euro short-term rate, Total volume","Euro short-term rate, Total volume - Unsecured - Overnight - Borrowing - Financial corporations",,EUR,6
2024-06-11,49985,EST.B.EU000A2X2A25.TT,B,EU000A2X2A25,TT,A,F,,,,,P1D,,,,"ESA 2010 Sectors: S.121, S.122, S.123, S.124, S.125, S.126, S.127, S.128, S.129",,0,,,,,S,"Euro short-term rate, Total volume","Euro short-term rate, Total volume - Unsecured - Overnight - Borrowing - Financial corporations",,EUR,6
2024-06-12,51017,EST.B.EU000A2X2A25.TT,B,EU000A2X2A25,TT,A,F,,,,,P1D,,,,"ESA 2010 Sectors: S.121, S.122, S.123, S.124, S.125, S.126, S.127, S.128, S.129",,0,,,,,S,"Euro short-term rate, Total volume","Euro short-term rate, Total volume - Unsecured - Overnight - Borrowing - Financial corporations",,EUR,6
2024-06-13,49311,EST.B.EU000A2X2A25.TT,B,EU000A2X2A25,TT,A,F,,,,,P1D,,,,"ESA 2010 Sectors: S.121, S.122, S.123, S.124, S.125, S.126, S.127, S.128, S.129",,0,,,,,S,"Euro short-term rate, Total volume","Euro short-term rate, Total volume - Unsecured - Overnight - Borrowing - Financial corporations",,EUR,6
2024-06-14,47434,EST.B.EU000A2X2A25.TT,B,EU000A2X2A25,TT,A,F,,,,,P1D,,,,"ESA 2010 Sectors: S.121, S.122, S.123, S.124, S.125, S.126, S.127, S.128, S.129",,0,,,,,S,"Euro short-term rate, Total volume","Euro short-term rate, Total volume - Unsecured - Overnight - Borrowing - Financial corporations",,EUR,6
2024-06-17,53139,EST.B.EU000A2X2A25.TT,B,EU000A2X2A25,TT,A,F,,,,,P1D,,,,"ESA 2010 Sectors: S.121, S.122, S.123, S.124, S.125, S.126, S.127, S.128, S.129",,0,,,,,S,"Euro short-term rate, Total volume","Euro short-term rate, Total volume - Unsecured - Overnight - Borrowing - Financial corporations",,EUR,6
2024-06-18,54775,EST.B.EU000A2X2A25.TT,B,EU000A2X2A25,TT,A,F,,,,,P1D,,,,"ESA 2010 Sectors: S.121, S.122, S.123, S.124, S.125, S.126, S.127, S.128, S.129",,0,,,,,S,"Euro short-term rate, Total volume","Euro short-term rate, Total volume - Unsecured - Overnight - Borrowing - Financial corporations",,EUR,6
2024-06-19,57504,EST.B.EU000A2X2A25.TT,B,EU000A2X2A25,TT,A,F,,,,,P1D,,,,"ESA 2010 Sectors: S.121, S.122, S.123, S.124, S.125, S.126, S.127, S.128, S.129",,0,,,,,S,"Euro short-term rate, Total volume","Euro short-term rate, Total volume - Unsecured - Overnight - Borrowing - Financial corporations",,EUR,6
2024-06-20,52762,EST.B.EU000A2X2A25.TT,B,EU000A2X2A25,TT,A,F,,,,,P1D,,,,"ESA 2010 Sectors: S.121, S.122, S.123, S.124, S.125, S.126, S.127, S.128, S.129",,0,,,,,S,"Euro short-term rate, Total volume","Euro short-term rate, Total volume - Unsecured - Overnight - Borrowing - Financial corporations",,EUR,6
2024-06-21,52977,EST.B.EU000A2X2A25.TT,B,EU000A2X2A25,TT,A,F,,,,,P1D,,,,"ESA 2010 Sectors: S.121, S.122, S.123, S.124, S.125, S.126, S.127, S.128, S.129",,0,,,,,S,"Euro short-term rate, Total volume","Euro short-term rate, Total volume - Unsecured - Overnight - Borrowing - Financial corporations",,EUR,6
2024-06-24,51890,EST.B.EU000A2X2A25.TT,B,EU000A2X2A25,TT,A,F,,,,,P1D,,,,"ESA 2010 Sectors: S.121, S.122, S.123, S.124, S.125, S.126, S.127, S.128, S.129",,0,,,,,S,"Euro short-term rate, Total volume","Euro short-term rate, Total volume - Unsecured - Overnight - Borrowing - Financial corporations",,EUR,6
2024-06-25,53076,EST.B.EU000A2X2A25.TT,B,EU000A2X2A25,TT,A,F,,,,,P1D,,,,"ESA 2010 Sectors: S.121, S.122, S.123, S.124, S.125, S.126, S.127, S.128, S.129",,0,,,,,S,"Euro short-term rate, Total volume","Euro short-term rate, Total volume - Unsecured - Overnight - Borrowing - Financial corporations",,EUR,6
2024-06-26,48561,EST.B.EU000A2X2A25.TT,B,EU000A2X2A25,TT,A,F,,,,,P1D,,,,"ESA 2010 Sectors: S.121, S.122, S.123, S.124, S.125, S.126, S.127, S.128, S.129",,0,,,,,S,"Euro short-term rate, Total volume","Euro short-term rate, Total volume - Unsecured - Overnight - Borrowing - Financial corporations",,EUR,6
2024-06-27,50636,EST.B.EU000A2X2A25.TT,B,EU000A2X2A25,TT,A,F,,,,,P1D,,,,"ESA 2010 Sectors: S.121, S.122, S.123, S.124, S.125, S.126, S.127, S.128, S.129",,0,,,,,S,"Euro short-term rate, Total volume","Euro short-term rate, Total volume - Unsecured - Overnight - Borrowing - Financial corporations",,EUR,6
2024-06-28,45496,EST.B.EU000A2X2A25.TT,B,EU000A2X2A25,TT,A,F,,,,,P1D,,,,"ESA 2010 Sectors: S.121, S.122, S.123, S.124, S.125, S.126, S.127, S.128, S.129",,0,,,,,S,"Euro short-term rate, Total volume","Euro short-term rate, Total volume - Unsecured - Overnight - Borrowing - Financial corporations",,EUR,6
2024-07-01,63685,EST.B.EU000A2X2A25.TT,B,EU000A2X2A25,TT,A,F,,,,,P1D,,,,"ESA 2010 Sectors: S.121, S.122, S.123, S.124, S.125, S.126, S.127, S.128, S.129",,0,,,,,S,"Euro short-term rate, Total volume","Euro short-term rate, Total volume - Unsecured - Overnight - Borrowing - Financial corporations",,EUR,6
2024-07-02,63045,EST.B.EU000A2X2A25.TT,B,EU000A2X2A25,TT,A,F,,,,,P1D,,,,"ESA 2010 Sectors: S.121, S.122, S.123, S.124, S.125, S.126, S.127, S.128, S.129",,0,,,,,S,"Euro short-term rate, Total volume","Euro short-term rate, Total volume - Unsecured - Overnight - Borrowing - Financial corporations",,EUR,6
2024-07-03,58982,EST.B.EU000A2X2A25.TT,B,EU000A2X2A25,TT,A,F,,,,,P1D,,,,"ESA 2010 Sectors: S.121, S.122, S.123, S.124, S.125, S.126, S.127, S.128, S.129",,0,,,,,S,"Euro short-term rate, Total volume","Euro short-term rate, Total volume - Unsecured - Overnight - Borrowing - Financial corporations",,EUR,6
2024-07-04,59862,EST.B.EU000A2X2A25.TT,B,EU000A2X2A25,TT,A,F,,,,,P1D,,,,"ESA 2010 Sectors: S.121, S.122, S.123, S.124, S.125, S.126, S.127, S.128, S.129",,0,,,,,S,"Euro short-term rate, Total volume","Euro short-term rate, Total volume - Unsecured - Overnight - Borrowing - Financial corporations",,EUR,6
2024-07-05,58202,EST.B.EU000A2X2A25.TT,B,EU000A2X2A25,TT,A,F,,,,,P1D,,,,"ESA 2010 Sectors: S.121, S.122, S.123, S.124, S.125, S.126, S.127, S.128, S.129",,0,,,,,S,"Euro short-term rate, Total volume","Euro short-term rate, Total volume - Unsecured - Overnight - Borrowing - Financial corporations",,EUR,6
2024-07-08,60964,EST.B.EU000A2X2A25.TT,B,EU000A2X2A25,TT,A,F,,,,,P1D,,,,"ESA 2010 Sectors: S.121, S.122, S.123, S.124, S.125, S.126, S.127, S.128, S.129",,0,,,,,S,"Euro short-term rate, Total volume","Euro short-term rate, Total volume - Unsecured - Overnight - Borrowing - Financial corporations",,EUR,6
2024-07-09,60674,EST.B.EU000A2X2A25.TT,B,EU000A2X2A25,TT,A,F,,,,,P1D,,,,"ESA 2010 Sectors: S.121, S.122, S.123, S.124, S.125, S.126, S.127, S.128, S.129",,0,,,,,S,"Euro short-term rate, Total volume","Euro short-term rate, Total volume - Unsecured - Overnight - Borrowing - Financial corporations",,EUR,6
2024-07-10,58498,EST.B.EU000A2X2A25.TT,B,EU000A2X2A25,TT,A,F,,,,,P1D,,,,"ESA 2010 Sectors: S.121, S.122, S.123, S.124, S.125, S.126, S.127, S.128, S.129",,0,,,,,S,"Euro short-term rate, Total volume","Euro short-term rate, Total volume - Unsecured - Overnight - Borrowing - Financial corporations",,EUR,6
2024-07-11,51953,EST.B.EU000A2X2A25.TT,B,EU000A2X2A25,TT,A,F,,,,,P1D,,,,"ESA 2010 Sectors: S.121, S.122, S.123, S.124, S.125, S.126, S.127, S.128, S.129",,0,,,,,S,"Euro short-term rate, Total volume","Euro short-term rate, Total volume - Unsecured - Overnight - Borrowing - Financial corporations",,EUR,6
2024-07-12,53160,EST.B.EU000A2X2A25.TT,B,EU000A2X2A25,TT,A,F,,,,,P1D,,,,"ESA 2010 Sectors: S.121, S.122, S.123, S.124, S.125, S.126, S.127, S.128, S.129",,0,,,,,S,"Euro short-term rate, Total volume","Euro short-term rate, Total volume - Unsecured - Overnight - Borrowing - Financial corporations",,EUR,6
2024-07-15,55225,EST.B.EU000A2X2A25.TT,B,EU000A2X2A25,TT,A,F,,,,,P1D,,,,"ESA 2010 Sectors: S.121, S.122, S.123, S.124, S.125, S.126, S.127, S.128, S.129",,0,,,,,S,"Euro short-term rate, Total volume","Euro short-term rate, Total volume - Unsecured - Overnight - Borrowing - Financial corporations",,EUR,6
2024-07-16,55878,EST.B.EU000A2X2A25.TT,B,EU000A2X2A25,TT,A,F,,,,,P1D,,,,"ESA 2010 Sectors: S.121, S.122, S.123, S.124, S.125, S.126, S.127, S.128, S.129",,0,,,,,S,"Euro short-term rate, Total volume","Euro short-term rate, Total volume - Unsecured - Overnight - Borrowing - Financial corporations",,EUR,6
2024-07-17,55166,EST.B.EU000A2X2A25.TT,B,EU000A2X2A25,TT,A,F,,,,,P1D,,,,"ESA 2010 Sectors: S.121, S.122, S.123, S.124, S.125, S.126, S.127, S.128, S.129",,0,,,,,S,"Euro short-term rate, Total volume","Euro short-term rate, Total volume - Unsecured - Overnight - Borrowing - Financial corporations",,EUR,6
2024-07-18,53760,EST.B.EU000A2X2A25.TT,B,EU000A2X2A25,TT,A,F,,,,,P1D,,,,"ESA 2010 Sectors: S.121, S.122, S.123, S.124, S.125, S.126, S.127, S.128, S.129",,0,,,,,S,"Euro short-term rate, Total volume","Euro short-term rate, Total volume - Unsecured - Overnight - Borrowing - Financial corporations",,EUR,6
2024-07-19,51248,EST.B.EU000A2X2A25.TT,B,EU000A2X2A25,TT,A,F,,,,,P1D,,,,"ESA 2010 Sectors: S.121, S.122, S.123, S.124, S.125, S.126, S.127, S.128, S.129",,0,,,,,S,"Euro short-term rate, Total volume","Euro short-term rate, Total volume - Unsecured - Overnight - Borrowing - Financial corporations",,EUR,6
2024-07-22,56568,EST.B.EU000A2X2A25.TT,B,EU000A2X2A25,TT,A,F,,,,,P1D,,,,"ESA 2010 Sectors: S.121, S.122, S.123, S.124, S.125, S.126, S.127, S.128, S.129",,0,,,,,S,"Euro short-term rate, Total volume","Euro short-term rate, Total volume - Unsecured - Overnight - Borrowing - Financial corporations",,EUR,6
2024-07-23,56280,EST.B.EU000A2X2A25.TT,B,EU000A2X2A25,TT,A,F,,,,,P1D,,,,"ESA 2010 Sectors: S.121, S.122, S.123, S.124, S.125, S.126, S.127, S.128, S.129",,0,,,,,S,"Euro short-term rate, Total volume","Euro short-term rate, Total volume - Unsecured - Overnight - Borrowing - Financial corporations",,EUR,6
2024-07-24,56631,EST.B.EU000A2X2A25.TT,B,EU000A2X2A25,TT,A,F,,,,,P1D,,,,"ESA 2010 Sectors: S.121, S.122, S.123, S.124, S.125, S.126, S.127, S.128, S.129",,0,,,,,S,"Euro short-term rate, Total volume","Euro short-term rate, Total volume - Unsecured - Overnight - Borrowing - Financial corporations",,EUR,6
2024-07-25,54890,EST.B.EU000A2X2A25.TT,B,EU000A2X2A25,TT,A,F,,,,,P1D,,,,"ESA 2010 Sectors: S.121, S.122, S.123, S.124, S.125, S.126, S.127, S.128, S.129",,0,,,,,S,"Euro short-term rate, Total volume","Euro short-term rate, Total volume - Unsecured - Overnight - Borrowing - Financial corporations",,EUR,6
2024-07-26,53477,EST.B.EU000A2X2A25.TT,B,EU000A2X2A25,TT,A,F,,,,,P1D,,,,"ESA 2010 Sectors: S.121, S.122, S.123, S.124, S.125, S.126, S.127, S.128, S.129",,0,,,,,S,"Euro short-term rate, Total volume","Euro short-term rate, Total volume - Unsecured - Overnight - Borrowing - Financial corporations",,EUR,6
2024-07-29,51438,EST.B.EU000A2X2A25.TT,B,EU000A2X2A25,TT,A,F,,,,,P1D,,,,"ESA 2010 Sectors: S.121, S.122, S.123, S.124, S.125, S.126, S.127, S.128, S.129",,0,,,,,S,"Euro short-term rate, Total volume","Euro short-term rate, Total volume - Unsecured - Overnight - Borrowing - Financial corporations",,EUR,6
2024-07-30,53140,EST.B.EU000A2X2A25.TT,B,EU000A2X2A25,TT,A,F,,,,,P1D,,,,"ESA 2010 Sectors: S.121, S.122, S.123, S.124, S.125, S.126, S.127, S.128, S.129",,0,,,,,S,"Euro short-term rate, Total volume","Euro short-term rate, Total volume - Unsecured - Overnight - Borrowing - Financial corporations",,EUR,6
2024-07-31,46442,EST.B.EU000A2X2A25.TT,B,EU000A2X2A25,TT,A,F,,,,,P1D,,,,"ESA 2010 Sectors: S.121, S.122, S.123, S.124, S.125, S.126, S.127, S.128, S.129",,0,,,,,S,"Euro short-term rate, Total volume","Euro short-term rate, Total volume - Unsecured - Overnight - Borrowing - Financial corporations",,EUR,6
2024-08-01,55937,EST.B.EU000A2X2A25.TT,B,EU000A2X2A25,TT,A,F,,,,,P1D,,,,"ESA 2010 Sectors: S.121, S.122, S.123, S.124, S.125, S.126, S.127, S.128, S.129",,0,,,,,S,"Euro short-term rate, Total volume","Euro short-term rate, Total volume - Unsecured - Overnight - Borrowing - Financial corporations",,EUR,6
2024-08-02,54565,EST.B.EU000A2X2A25.TT,B,EU000A2X2A25,TT,A,F,,,,,P1D,,,,"ESA 2010 Sectors: S.121, S.122, S.123, S.124, S.125, S.126, S.127, S.128, S.129",,0,,,,,S,"Euro short-term rate, Total volume","Euro short-term rate, Total volume - Unsecured - Overnight - Borrowing - Financial corporations",,EUR,6
2024-08-05,57068,EST.B.EU000A2X2A25.TT,B,EU000A2X2A25,TT,A,F,,,,,P1D,,,,"ESA 2010 Sectors: S.121, S.122, S.123, S.124, S.125, S.126, S.127, S.128, S.129",,0,,,,,S,"Euro short-term rate, Total volume","Euro short-term rate, Total volume - Unsecured - Overnight - Borrowing - Financial corporations",,EUR,6
2024-08-06,58844,EST.B.EU000A2X2A25.TT,B,EU000A2X2A25,TT,A,F,,,,,P1D,,,,"ESA 2010 Sectors: S.121, S.122, S.123, S.124, S.125, S.126, S.127, S.128, S.129",,0,,,,,S,"Euro short-term rate, Total volume","Euro short-term rate, Total volume - Unsecured - Overnight - Borrowing - Financial corporations",,EUR,6
2024-08-07,63161,EST.B.EU000A2X2A25.TT,B,EU000A2X2A25,TT,A,F,,,,,P1D,,,,"ESA 2010 Sectors: S.121, S.122, S.123, S.124, S.125, S.126, S.127, S.128, S.129",,0,,,,,S,"Euro short-term rate, Total volume","Euro short-term rate, Total volume - Unsecured - Overnight - Borrowing - Financial corporations",,EUR,6
2024-08-08,59502,EST.B.EU000A2X2A25.TT,B,EU000A2X2A25,TT,A,F,,,,,P1D,,,,"ESA 2010 Sectors: S.121, S.122, S.123, S.124, S.125, S.126, S.127, S.128, S.129",,0,,,,,S,"Euro short-term rate, Total volume","Euro short-term rate, Total volume - Unsecured - Overnight - Borrowing - Financial corporations",,EUR,6
2024-08-09,53542,EST.B.EU000A2X2A25.TT,B,EU000A2X2A25,TT,A,F,,,,,P1D,,,,"ESA 2010 Sectors: S.121, S.122, S.123, S.124, S.125, S.126, S.127, S.128, S.129",,0,,,,,S,"Euro short-term rate, Total volume","Euro short-term rate, Total volume - Unsecured - Overnight - Borrowing - Financial corporations",,EUR,6
2024-08-12,57077,EST.B.EU000A2X2A25.TT,B,EU000A2X2A25,TT,A,F,,,,,P1D,,,,"ESA 2010 Sectors: S.121, S.122, S.123, S.124, S.125, S.126, S.127, S.128, S.129",,0,,,,,S,"Euro short-term rate, Total volume","Euro short-term rate, Total volume - Unsecured - Overnight - Borrowing - Financial corporations",,EUR,6
2024-08-13,58194,EST.B.EU000A2X2A25.TT,B,EU000A2X2A25,TT,A,F,,,,,P1D,,,,"ESA 2010 Sectors: S.121, S.122, S.123, S.124, S.125, S.126, S.127, S.128, S.129",,0,,,,,S,"Euro short-term rate, Total volume","Euro short-term rate, Total volume - Unsecured - Overnight - Borrowing - Financial corporations",,EUR,6
2024-08-14,50918,EST.B.EU000A2X2A25.TT,B,EU000A2X2A25,TT,A,F,,,,,P1D,,,,"ESA 2010 Sectors: S.121, S.122, S.123, S.124, S.125, S.126, S.127, S.128, S.129",,0,,,,,S,"Euro short-term rate, Total volume","Euro short-term rate, Total volume - Unsecured - Overnight - Borrowing - Financial corporations",,EUR,6
2024-08-15,47425,EST.B.EU000A2X2A25.TT,B,EU000A2X2A25,TT,A,F,,,,,P1D,,,,"ESA 2010 Sectors: S.121, S.122, S.123, S.124, S.125, S.126, S.127, S.128, S.129",,0,,,,,S,"Euro short-term rate, Total volume","Euro short-term rate, Total volume - Unsecured - Overnight - Borrowing - Financial corporations",,EUR,6
2024-08-16,55384,EST.B.EU000A2X2A25.TT,B,EU000A2X2A25,TT,A,F,,,,,P1D,,,,"ESA 2010 Sectors: S.121, S.122, S.123, S.124, S.125, S.126, S.127, S.128, S.129",,0,,,,,S,"Euro short-term rate, Total volume","Euro short-term rate, Total volume - Unsecured - Overnight - Borrowing - Financial corporations",,EUR,6
2024-08-19,57783,EST.B.EU000A2X2A25.TT,B,EU000A2X2A25,TT,A,F,,,,,P1D,,,,"ESA 2010 Sectors: S.121, S.122, S.123, S.124, S.125, S.126, S.127, S.128, S.129",,0,,,,,S,"Euro short-term rate, Total volume","Euro short-term rate, Total volume - Unsecured - Overnight - Borrowing - Financial corporations",,EUR,6
2024-08-20,59973,EST.B.EU000A2X2A25.TT,B,EU000A2X2A25,TT,A,F,,,,,P1D,,,,"ESA 2010 Sectors: S.121, S.122, S.123, S.124, S.125, S.126, S.127, S.128, S.129",,0,,,,,S,"Euro short-term rate, Total volume","Euro short-term rate, Total volume - Unsecured - Overnight - Borrowing - Financial corporations",,EUR,6
2024-08-21,58812,EST.B.EU000A2X2A25.TT,B,EU000A2X2A25,TT,A,F,,,,,P1D,,,,"ESA 2010 Sectors: S.121, S.122, S.123, S.124, S.125, S.126, S.127, S.128, S.129",,0,,,,,S,"Euro short-term rate, Total volume","Euro short-term rate, Total volume - Unsecured - Overnight - Borrowing - Financial corporations",,EUR,6
2024-08-22,56747,EST.B.EU000A2X2A25.TT,B,EU000A2X2A25,TT,A,F,,,,,P1D,,,,"ESA 2010 Sectors: S.121, S.122, S.123, S.124, S.125, S.126, S.127, S.128, S.129",,0,,,,,S,"Euro short-term rate, Total volume","Euro short-term rate, Total volume - Unsecured - Overnight - Borrowing - Financial corporations",,EUR,6
2024-08-23,50341,EST.B.EU000A2X2A25.TT,B,EU000A2X2A25,TT,A,F,,,,,P1D,,,,"ESA 2010 Sectors: S.121, S.122, S.123, S.124, S.125, S.126, S.127, S.128, S.129",,0,,,,,S,"Euro short-term rate, Total volume","Euro short-term rate, Total volume - Unsecured - Overnight - Borrowing - Financial corporations",,EUR,6
2024-08-26,48372,EST.B.EU000A2X2A25.TT,B,EU000A2X2A25,TT,A,F,,,,,P1D,,,,"ESA 2010 Sectors: S.121, S.122, S.123, S.124, S.125, S.126, S.127, S.128, S.129",,0,,,,,S,"Euro short-term rate, Total volume","Euro short-term rate, Total volume - Unsecured - Overnight - Borrowing - Financial corporations",,EUR,6
2024-08-27,52454,EST.B.EU000A2X2A25.TT,B,EU000A2X2A25,TT,A,F,,,,,P1D,,,,"ESA 2010 Sectors: S.121, S.122, S.123, S.124, S.125, S.126, S.127, S.128, S.129",,0,,,,,S,"Euro short-term rate, Total volume","Euro short-term rate, Total volume - Unsecured - Overnight - Borrowing - Financial corporations",,EUR,6
2024-08-28,51717,EST.B.EU000A2X2A25.TT,B,EU000A2X2A25,TT,A,F,,,,,P1D,,,,"ESA 2010 Sectors: S.121, S.122, S.123, S.124, S.125, S.126, S.127, S.128, S.129",,0,,,,,S,"Euro short-term rate, Total volume","Euro short-term rate, Total volume - Unsecured - Overnight - Borrowing - Financial corporations",,EUR,6
2024-08-29,49478,EST.B.EU000A2X2A25.TT,B,EU000A2X2A25,TT,A,F,,,,,P1D,,,,"ESA 2010 Sectors: S.121, S.122, S.123, S.124, S.125, S.126, S.127, S.128, S.129",,0,,,,,S,"Euro short-term rate, Total volume","Euro short-term rate, Total volume - Unsecured - Overnight - Borrowing - Financial corporations",,EUR,6
2024-08-30,46134,EST.B.EU000A2X2A25.TT,B,EU000A2X2A25,TT,A,F,,,,,P1D,,,,"ESA 2010 Sectors: S.121, S.122, S.123, S.124, S.125, S.126, S.127, S.128, S.129",,0,,,,,S,"Euro short-term rate, Total volume","Euro short-term rate, Total volume - Unsecured - Overnight - Borrowing - Financial corporations",,EUR,6
2024-09-02,54157,EST.B.EU000A2X2A25.TT,B,EU000A2X2A25,TT,A,F,,,,,P1D,,,,"ESA 2010 Sectors: S.121, S.122, S.123, S.124, S.125, S.126, S.127, S.128, S.129",,0,,,,,S,"Euro short-term rate, Total volume","Euro short-term rate, Total volume - Unsecured - Overnight - Borrowing - Financial corporations",,EUR,6
2024-09-03,51938,EST.B.EU000A2X2A25.TT,B,EU000A2X2A25,TT,A,F,,,,,P1D,,,,"ESA 2010 Sectors: S.121, S.122, S.123, S.124, S.125, S.126, S.127, S.128, S.129",,0,,,,,S,"Euro short-term rate, Total volume","Euro short-term rate, Total volume - Unsecured - Overnight - Borrowing - Financial corporations",,EUR,6
2024-09-04,52998,EST.B.EU000A2X2A25.TT,B,EU000A2X2A25,TT,A,F,,,,,P1D,,,,"ESA 2010 Sectors: S.121, S.122, S.123, S.124, S.125, S.126, S.127, S.128, S.129",,0,,,,,S,"Euro short-term rate, Total volume","Euro short-term rate, Total volume - Unsecured - Overnight - Borrowing - Financial corporations",,EUR,6
2024-09-05,48481,EST.B.EU000A2X2A25.TT,B,EU000A2X2A25,TT,A,F,,,,,P1D,,,,"ESA 2010 Sectors: S.121, S.122, S.123, S.124, S.125, S.126, S.127, S.128, S.129",,0,,,,,S,"Euro short-term rate, Total volume","Euro short-term rate, Total volume - Unsecured - Overnight - Borrowing - Financial corporations",,EUR,6
2024-09-06,48425,EST.B.EU000A2X2A25.TT,B,EU000A2X2A25,TT,A,F,,,,,P1D,,,,"ESA 2010 Sectors: S.121, S.122, S.123, S.124, S.125, S.126, S.127, S.128, S.129",,0,,,,,S,"Euro short-term rate, Total volume","Euro short-term rate, Total volume - Unsecured - Overnight - Borrowing - Financial corporations",,EUR,6
2024-09-09,52318,EST.B.EU000A2X2A25.TT,B,EU000A2X2A25,TT,A,F,,,,,P1D,,,,"ESA 2010 Sectors: S.121, S.122, S.123, S.124, S.125, S.126, S.127, S.128, S.129",,0,,,,,S,"Euro short-term rate, Total volume","Euro short-term rate, Total volume - Unsecured - Overnight - Borrowing - Financial corporations",,EUR,6
2024-09-10,51460,EST.B.EU000A2X2A25.TT,B,EU000A2X2A25,TT,A,F,,,,,P1D,,,,"ESA 2010 Sectors: S.121, S.122, S.123, S.124, S.125, S.126, S.127, S.128, S.129",,0,,,,,S,"Euro short-term rate, Total volume","Euro short-term rate, Total volume - Unsecured - Overnight - Borrowing - Financial corporations",,EUR,6
2024-09-11,52110,EST.B.EU000A2X2A25.TT,B,EU000A2X2A25,TT,A,F,,,,,P1D,,,,"ESA 2010 Sectors: S.121, S.122, S.123, S.124, S.125, S.126, S.127, S.128, S.129",,0,,,,,S,"Euro short-term rate, Total volume","Euro short-term rate, Total volume - Unsecured - Overnight - Borrowing - Financial corporations",,EUR,6
2024-09-12,51191,EST.B.EU000A2X2A25.TT,B,EU000A2X2A25,TT,A,F,,,,,P1D,,,,"ESA 2010 Sectors: S.121, S.122, S.123, S.124, S.125, S.126, S.127, S.128, S.129",,0,,,,,S,"Euro short-term rate, Total volume","Euro short-term rate, Total volume - Unsecured - Overnight - Borrowing - Financial corporations",,EUR,6
2024-09-13,47984,EST.B.EU000A2X2A25.TT,B,EU000A2X2A25,TT,A,F,,,,,P1D,,,,"ESA 2010 Sectors: S.121, S.122, S.123, S.124, S.125, S.126, S.127, S.128, S.129",,0,,,,,S,"Euro short-term rate, Total volume","Euro short-term rate, Total volume - Unsecured - Overnight - Borrowing - Financial corporations",,EUR,6
2024-09-16,51956,EST.B.EU000A2X2A25.TT,B,EU000A2X2A25,TT,A,F,,,,,P1D,,,,"ESA 2010 Sectors: S.121, S.122, S.123, S.124, S.125, S.126, S.127, S.128, S.129",,0,,,,,S,"Euro short-term rate, Total volume","Euro short-term rate, Total volume - Unsecured - Overnight - Borrowing - Financial corporations",,EUR,6
2024-09-17,53970,EST.B.EU000A2X2A25.TT,B,EU000A2X2A25,TT,A,F,,,,,P1D,,,,"ESA 2010 Sectors: S.121, S.122, S.123, S.124, S.125, S.126, S.127, S.128, S.129",,0,,,,,S,"Euro short-term rate, Total volume","Euro short-term rate, Total volume - Unsecured - Overnight - Borrowing - Financial corporations",,EUR,6
2024-09-18,55053,EST.B.EU000A2X2A25.TT,B,EU000A2X2A25,TT,A,F,,,,,P1D,,,,"ESA 2010 Sectors: S.121, S.122, S.123, S.124, S.125, S.126, S.127, S.128, S.129",,0,,,,,S,"Euro short-term rate, Total volume","Euro short-term rate, Total volume - Unsecured - Overnight - Borrowing - Financial corporations",,EUR,6
2024-09-19,49980,EST.B.EU000A2X2A25.TT,B,EU000A2X2A25,TT,A,F,,,,,P1D,,,,"ESA 2010 Sectors: S.121, S.122, S.123, S.124, S.125, S.126, S.127, S.128, S.129",,0,,,,,S,"Euro short-term rate, Total volume","Euro short-term rate, Total volume - Unsecured - Overnight - Borrowing - Financial corporations",,EUR,6
2024-09-20,45533,EST.B.EU000A2X2A25.TT,B,EU000A2X2A25,TT,A,F,,,,,P1D,,,,"ESA 2010 Sectors: S.121, S.122, S.123, S.124, S.125, S.126, S.127, S.128, S.129",,0,,,,,S,"Euro short-term rate, Total volume","Euro short-term rate, Total volume - Unsecured - Overnight - Borrowing - Financial corporations",,EUR,6
2024-09-23,43512,EST.B.EU000A2X2A25.TT,B,EU000A2X2A25,TT,A,F,,,,,P1D,,,,"ESA 2010 Sectors: S.121, S.122, S.123, S.124, S.125, S.126, S.127, S.128, S.129",,0,,,,,S,"Euro short-term rate, Total volume","Euro short-term rate, Total volume - Unsecured - Overnight - Borrowing - Financial corporations",,EUR,6
2024-09-24,50144,EST.B.EU000A2X2A25.TT,B,EU000A2X2A25,TT,A,F,,,,,P1D,,,,"ESA 2010 Sectors: S.121, S.122, S.123, S.124, S.125, S.126, S.127, S.128, S.129",,0,,,,,S,"Euro short-term rate, Total volume","Euro short-term rate, Total volume - Unsecured - Overnight - Borrowing - Financial corporations",,EUR,6
2024-09-25,48068,EST.B.EU000A2X2A25.TT,B,EU000A2X2A25,TT,A,F,,,,,P1D,,,,"ESA 2010 Sectors: S.121, S.122, S.123, S.124, S.125, S.126, S.127, S.128, S.129",,0,,,,,S,"Euro short-term rate, Total volume","Euro short-term rate, Total volume - Unsecured - Overnight - Borrowing - Financial corporations",,EUR,6
2024-09-26,45023,EST.B.EU000A2X2A25.TT,B,EU000A2X2A25,TT,A,F,,,,,P1D,,,,"ESA 2010 Sectors: S.121, S.122, S.123, S.124, S.125, S.126, S.127, S.128, S.129",,0,,,,,S,"Euro short-term rate, Total volume","Euro short-term rate, Total volume - Unsecured - Overnight - Borrowing - Financial corporations",,EUR,6
2024-09-27,47384,EST.B.EU000A2X2A25.TT,B,EU000A2X2A25,TT,A,F,,,,,P1D,,,,"ESA 2010 Sectors: S.121, S.122, S.123, S.124, S.125, S.126, S.127, S.128, S.129",,0,,,,,S,"Euro short-term rate, Total volume","Euro short-term rate, Total volume - Unsecured - Overnight - Borrowing - Financial corporations",,EUR,6
2024-09-30,43394,EST.B.EU000A2X2A25.TT,B,EU000A2X2A25,TT,A,F,,,,,P1D,,,,"ESA 2010 Sectors: S.121, S.122, S.123, S.124, S.125, S.126, S.127, S.128, S.129",,0,,,,,S,"Euro short-term rate, Total volume","Euro short-term rate, Total volume - Unsecured - Overnight - Borrowing - Financial corporations",,EUR,6
2024-10-01,53511,EST.B.EU000A2X2A25.TT,B,EU000A2X2A25,TT,A,F,,,,,P1D,,,,"ESA 2010 Sectors: S.121, S.122, S.123, S.124, S.125, S.126, S.127, S.128, S.129",,0,,,,,S,"Euro short-term rate, Total volume","Euro short-term rate, Total volume - Unsecured - Overnight - Borrowing - Financial corporations",,EUR,6
2024-10-02,47709,EST.B.EU000A2X2A25.TT,B,EU000A2X2A25,TT,A,F,,,,,P1D,,,,"ESA 2010 Sectors: S.121, S.122, S.123, S.124, S.125, S.126, S.127, S.128, S.129",,0,,,,,S,"Euro short-term rate, Total volume","Euro short-term rate, Total volume - Unsecured - Overnight - Borrowing - Financial corporations",,EUR,6
2024-10-03,37573,EST.B.EU000A2X2A25.TT,B,EU000A2X2A25,TT,A,F,,,,,P1D,,,,"ESA 2010 Sectors: S.121, S.122, S.123, S.124, S.125, S.126, S.127, S.128, S.129",,0,,,,,S,"Euro short-term rate, Total volume","Euro short-term rate, Total volume - Unsecured - Overnight - Borrowing - Financial corporations",,EUR,6
2024-10-04,48039,EST.B.EU000A2X2A25.TT,B,EU000A2X2A25,TT,A,F,,,,,P1D,,,,"ESA 2010 Sectors: S.121, S.122, S.123, S.124, S.125, S.126, S.127, S.128, S.129",,0,,,,,S,"Euro short-term rate, Total volume","Euro short-term rate, Total volume - Unsecured - Overnight - Borrowing - Financial corporations",,EUR,6
2024-10-07,52533,EST.B.EU000A2X2A25.TT,B,EU000A2X2A25,TT,A,F,,,,,P1D,,,,"ESA 2010 Sectors: S.121, S.122, S.123, S.124, S.125, S.126, S.127, S.128, S.129",,0,,,,,S,"Euro short-term rate, Total volume","Euro short-term rate, Total volume - Unsecured - Overnight - Borrowing - Financial corporations",,EUR,6
2024-10-08,50029,EST.B.EU000A2X2A25.TT,B,EU000A2X2A25,TT,A,F,,,,,P1D,,,,"ESA 2010 Sectors: S.121, S.122, S.123, S.124, S.125, S.126, S.127, S.128, S.129",,0,,,,,S,"Euro short-term rate, Total volume","Euro short-term rate, Total volume - Unsecured - Overnight - Borrowing - Financial corporations",,EUR,6
2024-10-09,48105,EST.B.EU000A2X2A25.TT,B,EU000A2X2A25,TT,A,F,,,,,P1D,,,,"ESA 2010 Sectors: S.121, S.122, S.123, S.124, S.125, S.126, S.127, S.128, S.129",,0,,,,,S,"Euro short-term rate, Total volume","Euro short-term rate, Total volume - Unsecured - Overnight - Borrowing - Financial corporations",,EUR,6
2024-10-10,47488,EST.B.EU000A2X2A25.TT,B,EU000A2X2A25,TT,A,F,,,,,P1D,,,,"ESA 2010 Sectors: S.121, S.122, S.123, S.124, S.125, S.126, S.127, S.128, S.129",,0,,,,,S,"Euro short-term rate, Total volume","Euro short-term rate, Total volume - Unsecured - Overnight - Borrowing - Financial corporations",,EUR,6
2024-10-11,47574,EST.B.EU000A2X2A25.TT,B,EU000A2X2A25,TT,A,F,,,,,P1D,,,,"ESA 2010 Sectors: S.121, S.122, S.123, S.124, S.125, S.126, S.127, S.128, S.129",,0,,,,,S,"Euro short-term rate, Total volume","Euro short-term rate, Total volume - Unsecured - Overnight - Borrowing - Financial corporations",,EUR,6
2024-10-14,47219,EST.B.EU000A2X2A25.TT,B,EU000A2X2A25,TT,A,F,,,,,P1D,,,,"ESA 2010 Sectors: S.121, S.122, S.123, S.124, S.125, S.126, S.127, S.128, S.129",,0,,,,,S,"Euro short-term rate, Total volume","Euro short-term rate, Total volume - Unsecured - Overnight - Borrowing - Financial corporations",,EUR,6
2024-10-15,46478,EST.B.EU000A2X2A25.TT,B,EU000A2X2A25,TT,A,F,,,,,P1D,,,,"ESA 2010 Sectors: S.121, S.122, S.123, S.124, S.125, S.126, S.127, S.128, S.129",,0,,,,,S,"Euro short-term rate, Total volume","Euro short-term rate, Total volume - Unsecured - Overnight - Borrowing - Financial corporations",,EUR,6
2024-10-16,49345,EST.B.EU000A2X2A25.TT,B,EU000A2X2A25,TT,A,F,,,,,P1D,,,,"ESA 2010 Sectors: S.121, S.122, S.123, S.124, S.125, S.126, S.127, S.128, S.129",,0,,,,,S,"Euro short-term rate, Total volume","Euro short-term rate, Total volume - Unsecured - Overnight - Borrowing - Financial corporations",,EUR,6
2024-10-17,49939,EST.B.EU000A2X2A25.TT,B,EU000A2X2A25,TT,A,F,,,,,P1D,,,,"ESA 2010 Sectors: S.121, S.122, S.123, S.124, S.125, S.126, S.127, S.128, S.129",,0,,,,,S,"Euro short-term rate, Total volume","Euro short-term rate, Total volume - Unsecured - Overnight - Borrowing - Financial corporations",,EUR,6
2024-10-18,50271,EST.B.EU000A2X2A25.TT,B,EU000A2X2A25,TT,A,F,,,,,P1D,,,,"ESA 2010 Sectors: S.121, S.122, S.123, S.124, S.125, S.126, S.127, S.128, S.129",,0,,,,,S,"Euro short-term rate, Total volume","Euro short-term rate, Total volume - Unsecured - Overnight - Borrowing - Financial corporations",,EUR,6
2024-10-21,50349,EST.B.EU000A2X2A25.TT,B,EU000A2X2A25,TT,A,F,,,,,P1D,,,,"ESA 2010 Sectors: S.121, S.122, S.123, S.124, S.125, S.126, S.127, S.128, S.129",,0,,,,,S,"Euro short-term rate, Total volume","Euro short-term rate, Total volume - Unsecured - Overnight - Borrowing - Financial corporations",,EUR,6
2024-10-22,48191,EST.B.EU000A2X2A25.TT,B,EU000A2X2A25,TT,A,F,,,,,P1D,,,,"ESA 2010 Sectors: S.121, S.122, S.123, S.124, S.125, S.126, S.127, S.128, S.129",,0,,,,,S,"Euro short-term rate, Total volume","Euro short-term rate, Total volume - Unsecured - Overnight - Borrowing - Financial corporations",,EUR,6
2024-10-23,44381,EST.B.EU000A2X2A25.TT,B,EU000A2X2A25,TT,A,F,,,,,P1D,,,,"ESA 2010 Sectors: S.121, S.122, S.123, S.124, S.125, S.126, S.127, S.128, S.129",,0,,,,,S,"Euro short-term rate, Total volume","Euro short-term rate, Total volume - Unsecured - Overnight - Borrowing - Financial corporations",,EUR,6
2024-10-24,47084,EST.B.EU000A2X2A25.TT,B,EU000A2X2A25,TT,A,F,,,,,P1D,,,,"ESA 2010 Sectors: S.121, S.122, S.123, S.124, S.125, S.126, S.127, S.128, S.129",,0,,,,,S,"Euro short-term rate, Total volume","Euro short-term rate, Total volume - Unsecured - Overnight - Borrowing - Financial corporations",,EUR,6
2024-10-25,46028,EST.B.EU000A2X2A25.TT,B,EU000A2X2A25,TT,A,F,,,,,P1D,,,,"ESA 2010 Sectors: S.121, S.122, S.123, S.124, S.125, S.126, S.127, S.128, S.129",,0,,,,,S,"Euro short-term rate, Total volume","Euro short-term rate, Total volume - Unsecured - Overnight - Borrowing - Financial corporations",,EUR,6
2024-10-28,48357,EST.B.EU000A2X2A25.TT,B,EU000A2X2A25,TT,A,F,,,,,P1D,,,,"ESA 2010 Sectors: S.121, S.122, S.123, S.124, S.125, S.126, S.127, S.128, S.129",,0,,,,,S,"Euro short-term rate, Total volume","Euro short-term rate, Total volume - Unsecured - Overnight - Borrowing - Financial corporations",,EUR,6
2024-10-29,50939,EST.B.EU000A2X2A25.TT,B,EU000A2X2A25,TT,A,F,,,,,P1D,,,,"ESA 2010 Sectors: S.121, S.122, S.123, S.124, S.125, S.126, S.127, S.128, S.129",,0,,,,,S,"Euro short-term rate, Total volume","Euro short-term rate, Total volume - Unsecured - Overnight - Borrowing - Financial corporations",,EUR,6
2024-10-30,50736,EST.B.EU000A2X2A25.TT,B,EU000A2X2A25,TT,A,F,,,,,P1D,,,,"ESA 2010 Sectors: S.121, S.122, S.123, S.124, S.125, S.126, S.127, S.128, S.129",,0,,,,,S,"Euro short-term rate, Total volume","Euro short-term rate, Total volume - Unsecured - Overnight - Borrowing - Financial corporations",,EUR,6
2024-10-31,41909,EST.B.EU000A2X2A25.TT,B,EU000A2X2A25,TT,A,F,,,,,P1D,,,,"ESA 2010 Sectors: S.121, S.122, S.123, S.124, S.125, S.126, S.127, S.128, S.129",,0,,,,,S,"Euro short-term rate, Total volume","Euro short-term rate, Total volume - Unsecured - Overnight - Borrowing - Financial corporations",,EUR,6
2024-11-01,47558,EST.B.EU000A2X2A25.TT,B,EU000A2X2A25,TT,A,F,,,,,P1D,,,,"ESA 2010 Sectors: S.121, S.122, S.123, S.124, S.125, S.126, S.127, S.128, S.129",,0,,,,,S,"Euro short-term rate, Total volume","Euro short-term rate, Total volume - Unsecured - Overnight - Borrowing - Financial corporations",,EUR,6
2024-11-04,55205,EST.B.EU000A2X2A25.TT,B,EU000A2X2A25,TT,A,F,,,,,P1D,,,,"ESA 2010 Sectors: S.121, S.122, S.123, S.124, S.125, S.126, S.127, S.128, S.129",,0,,,,,S,"Euro short-term rate, Total volume","Euro short-term rate, Total volume - Unsecured - Overnight - Borrowing - Financial corporations",,EUR,6
2024-11-05,58927,EST.B.EU000A2X2A25.TT,B,EU000A2X2A25,TT,A,F,,,,,P1D,,,,"ESA 2010 Sectors: S.121, S.122, S.123, S.124, S.125, S.126, S.127, S.128, S.129",,0,,,,,S,"Euro short-term rate, Total volume","Euro short-term rate, Total volume - Unsecured - Overnight - Borrowing - Financial corporations",,EUR,6
2024-11-06,53148,EST.B.EU000A2X2A25.TT,B,EU000A2X2A25,TT,A,F,,,,,P1D,,,,"ESA 2010 Sectors: S.121, S.122, S.123, S.124, S.125, S.126, S.127, S.128, S.129",,0,,,,,S,"Euro short-term rate, Total volume","Euro short-term rate, Total volume - Unsecured - Overnight - Borrowing - Financial corporations",,EUR,6
2024-11-07,50847,EST.B.EU000A2X2A25.TT,B,EU000A2X2A25,TT,A,F,,,,,P1D,,,,"ESA 2010 Sectors: S.121, S.122, S.123, S.124, S.125, S.126, S.127, S.128, S.129",,0,,,,,S,"Euro short-term rate, Total volume","Euro short-term rate, Total volume - Unsecured - Overnight - Borrowing - Financial corporations",,EUR,6
2024-11-08,49104,EST.B.EU000A2X2A25.TT,B,EU000A2X2A25,TT,A,F,,,,,P1D,,,,"ESA 2010 Sectors: S.121, S.122, S.123, S.124, S.125, S.126, S.127, S.128, S.129",,0,,,,,S,"Euro short-term rate, Total volume","Euro short-term rate, Total volume - Unsecured - Overnight - Borrowing - Financial corporations",,EUR,6
2024-11-11,53164,EST.B.EU000A2X2A25.TT,B,EU000A2X2A25,TT,A,F,,,,,P1D,,,,"ESA 2010 Sectors: S.121, S.122, S.123, S.124, S.125, S.126, S.127, S.128, S.129",,0,,,,,S,"Euro short-term rate, Total volume","Euro short-term rate, Total volume - Unsecured - Overnight - Borrowing - Financial corporations",,EUR,6
2024-11-12,55125,EST.B.EU000A2X2A25.TT,B,EU000A2X2A25,TT,A,F,,,,,P1D,,,,"ESA 2010 Sectors: S.121, S.122, S.123, S.124, S.125, S.126, S.127, S.128, S.129",,0,,,,,S,"Euro short-term rate, Total volume","Euro short-term rate, Total volume - Unsecured - Overnight - Borrowing - Financial corporations",,EUR,6
2024-11-13,53336,EST.B.EU000A2X2A25.TT,B,EU000A2X2A25,TT,A,F,,,,,P1D,,,,"ESA 2010 Sectors: S.121, S.122, S.123, S.124, S.125, S.126, S.127, S.128, S.129",,0,,,,,S,"Euro short-term rate, Total volume","Euro short-term rate, Total volume - Unsecured - Overnight - Borrowing - Financial corporations",,EUR,6
2024-11-14,54704,EST.B.EU000A2X2A25.TT,B,EU000A2X2A25,TT,A,F,,,,,P1D,,,,"ESA 2010 Sectors: S.121, S.122, S.123, S.124, S.125, S.126, S.127, S.128, S.129",,0,,,,,S,"Euro short-term rate, Total volume","Euro short-term rate, Total volume - Unsecured - Overnight - Borrowing - Financial corporations",,EUR,6
2024-11-15,53746,EST.B.EU000A2X2A25.TT,B,EU000A2X2A25,TT,A,F,,,,,P1D,,,,"ESA 2010 Sectors: S.121, S.122, S.123, S.124, S.125, S.126, S.127, S.128, S.129",,0,,,,,S,"Euro short-term rate, Total volume","Euro short-term rate, Total volume - Unsecured - Overnight - Borrowing - Financial corporations",,EUR,6
2024-11-18,54775,EST.B.EU000A2X2A25.TT,B,EU000A2X2A25,TT,A,F,,,,,P1D,,,,"ESA 2010 Sectors: S.121, S.122, S.123, S.124, S.125, S.126, S.127, S.128, S.129",,0,,,,,S,"Euro short-term rate, Total volume","Euro short-term rate, Total volume - Unsecured - Overnight - Borrowing - Financial corporations",,EUR,6
2024-11-19,54720,EST.B.EU000A2X2A25.TT,B,EU000A2X2A25,TT,A,F,,,,,P1D,,,,"ESA 2010 Sectors: S.121, S.122, S.123, S.124, S.125, S.126, S.127, S.128, S.129",,0,,,,,S,"Euro short-term rate, Total volume","Euro short-term rate, Total volume - Unsecured - Overnight - Borrowing - Financial corporations",,EUR,6
2024-11-20,55474,EST.B.EU000A2X2A25.TT,B,EU000A2X2A25,TT,A,F,,,,,P1D,,,,"ESA 2010 Sectors: S.121, S.122, S.123, S.124, S.125, S.126, S.127, S.128, S.129",,0,,,,,S,"Euro short-term rate, Total volume","Euro short-term rate, Total volume - Unsecured - Overnight - Borrowing - Financial corporations",,EUR,6
2024-11-21,53563,EST.B.EU000A2X2A25.TT,B,EU000A2X2A25,TT,A,F,,,,,P1D,,,,"ESA 2010 Sectors: S.121, S.122, S.123, S.124, S.125, S.126, S.127, S.128, S.129",,0,,,,,S,"Euro short-term rate, Total volume","Euro short-term rate, Total volume - Unsecured - Overnight - Borrowing - Financial corporations",,EUR,6
2024-11-22,52582,EST.B.EU000A2X2A25.TT,B,EU000A2X2A25,TT,A,F,,,,,P1D,,,,"ESA 2010 Sectors: S.121, S.122, S.123, S.124, S.125, S.126, S.127, S.128, S.129",,0,,,,,S,"Euro short-term rate, Total volume","Euro short-term rate, Total volume - Unsecured - Overnight - Borrowing - Financial corporations",,EUR,6
2024-11-25,51869,EST.B.EU000A2X2A25.TT,B,EU000A2X2A25,TT,A,F,,,,,P1D,,,,"ESA 2010 Sectors: S.121, S.122, S.123, S.124, S.125, S.126, S.127, S.128, S.129",,0,,,,,S,"Euro short-term rate, Total volume","Euro short-term rate, Total volume - Unsecured - Overnight - Borrowing - Financial corporations",,EUR,6
2024-11-26,53852,EST.B.EU000A2X2A25.TT,B,EU000A2X2A25,TT,A,F,,,,,P1D,,,,"ESA 2010 Sectors: S.121, S.122, S.123, S.124, S.125, S.126, S.127, S.128, S.129",,0,,,,,S,"Euro short-term rate, Total volume","Euro short-term rate, Total volume - Unsecured - Overnight - Borrowing - Financial corporations",,EUR,6
2024-11-27,51405,EST.B.EU000A2X2A25.TT,B,EU000A2X2A25,TT,A,F,,,,,P1D,,,,"ESA 2010 Sectors: S.121, S.122, S.123, S.124, S.125, S.126, S.127, S.128, S.129",,0,,,,,S,"Euro short-term rate, Total volume","Euro short-term rate, Total volume - Unsecured - Overnight - Borrowing - Financial corporations",,EUR,6
2024-11-28,52865,EST.B.EU000A2X2A25.TT,B,EU000A2X2A25,TT,A,F,,,,,P1D,,,,"ESA 2010 Sectors: S.121, S.122, S.123, S.124, S.125, S.126, S.127, S.128, S.129",,0,,,,,S,"Euro short-term rate, Total volume","Euro short-term rate, Total volume - Unsecured - Overnight - Borrowing - Financial corporations",,EUR,6
2024-11-29,48774,EST.B.EU000A2X2A25.TT,B,EU000A2X2A25,TT,A,F,,,,,P1D,,,,"ESA 2010 Sectors: S.121, S.122, S.123, S.124, S.125, S.126, S.127, S.128, S.129",,0,,,,,S,"Euro short-term rate, Total volume","Euro short-term rate, Total volume - Unsecured - Overnight - Borrowing - Financial corporations",,EUR,6
2024-12-02,59177,EST.B.EU000A2X2A25.TT,B,EU000A2X2A25,TT,A,F,,,,,P1D,,,,"ESA 2010 Sectors: S.121, S.122, S.123, S.124, S.125, S.126, S.127, S.128, S.129",,0,,,,,S,"Euro short-term rate, Total volume","Euro short-term rate, Total volume - Unsecured - Overnight - Borrowing - Financial corporations",,EUR,6
2024-12-03,63753,EST.B.EU000A2X2A25.TT,B,EU000A2X2A25,TT,A,F,,,,,P1D,,,,"ESA 2010 Sectors: S.121, S.122, S.123, S.124, S.125, S.126, S.127, S.128, S.129",,0,,,,,S,"Euro short-term rate, Total volume","Euro short-term rate, Total volume - Unsecured - Overnight - Borrowing - Financial corporations",,EUR,6
2024-12-04,59911,EST.B.EU000A2X2A25.TT,B,EU000A2X2A25,TT,A,F,,,,,P1D,,,,"ESA 2010 Sectors: S.121, S.122, S.123, S.124, S.125, S.126, S.127, S.128, S.129",,0,,,,,S,"Euro short-term rate, Total volume","Euro short-term rate, Total volume - Unsecured - Overnight - Borrowing - Financial corporations",,EUR,6
2024-12-05,56183,EST.B.EU000A2X2A25.TT,B,EU000A2X2A25,TT,A,F,,,,,P1D,,,,"ESA 2010 Sectors: S.121, S.122, S.123, S.124, S.125, S.126, S.127, S.128, S.129",,0,,,,,S,"Euro short-term rate, Total volume","Euro short-term rate, Total volume - Unsecured - Overnight - Borrowing - Financial corporations",,EUR,6
2024-12-06,54205,EST.B.EU000A2X2A25.TT,B,EU000A2X2A25,TT,A,F,,,,,P1D,,,,"ESA 2010 Sectors: S.121, S.122, S.123, S.124, S.125, S.126, S.127, S.128, S.129",,0,,,,,S,"Euro short-term rate, Total volume","Euro short-term rate, Total volume - Unsecured - Overnight - Borrowing - Financial corporations",,EUR,6
2024-12-09,54986,EST.B.EU000A2X2A25.TT,B,EU000A2X2A25,TT,A,F,,,,,P1D,,,,"ESA 2010 Sectors: S.121, S.122, S.123, S.124, S.125, S.126, S.127, S.128, S.129",,0,,,,,S,"Euro short-term rate, Total volume","Euro short-term rate, Total volume - Unsecured - Overnight - Borrowing - Financial corporations",,EUR,6
2024-12-10,55659,EST.B.EU000A2X2A25.TT,B,EU000A2X2A25,TT,A,F,,,,,P1D,,,,"ESA 2010 Sectors: S.121, S.122, S.123, S.124, S.125, S.126, S.127, S.128, S.129",,0,,,,,S,"Euro short-term rate, Total volume","Euro short-term rate, Total volume - Unsecured - Overnight - Borrowing - Financial corporations",,EUR,6
2024-12-11,45087,EST.B.EU000A2X2A25.TT,B,EU000A2X2A25,TT,A,F,,,,,P1D,,,,"ESA 2010 Sectors: S.121, S.122, S.123, S.124, S.125, S.126, S.127, S.128, S.129",,0,,,,,S,"Euro short-term rate, Total volume","Euro short-term rate, Total volume - Unsecured - Overnight - Borrowing - Financial corporations",,EUR,6
2024-12-12,49557,EST.B.EU000A2X2A25.TT,B,EU000A2X2A25,TT,A,F,,,,,P1D,,,,"ESA 2010 Sectors: S.121, S.122, S.123, S.124, S.125, S.126, S.127, S.128, S.129",,0,,,,,S,"Euro short-term rate, Total volume","Euro short-term rate, Total volume - Unsecured - Overnight - Borrowing - Financial corporations",,EUR,6
2024-12-13,48944,EST.B.EU000A2X2A25.TT,B,EU000A2X2A25,TT,A,F,,,,,P1D,,,,"ESA 2010 Sectors: S.121, S.122, S.123, S.124, S.125, S.126, S.127, S.128, S.129",,0,,,,,S,"Euro short-term rate, Total volume","Euro short-term rate, Total volume - Unsecured - Overnight - Borrowing - Financial corporations",,EUR,6
2024-12-16,49825,EST.B.EU000A2X2A25.TT,B,EU000A2X2A25,TT,A,F,,,,,P1D,,,,"ESA 2010 Sectors: S.121, S.122, S.123, S.124, S.125, S.126, S.127, S.128, S.129",,0,,,,,S,"Euro short-term rate, Total volume","Euro short-term rate, Total volume - Unsecured - Overnight - Borrowing - Financial corporations",,EUR,6
2024-12-17,52203,EST.B.EU000A2X2A25.TT,B,EU000A2X2A25,TT,A,F,,,,,P1D,,,,"ESA 2010 Sectors: S.121, S.122, S.123, S.124, S.125, S.126, S.127, S.128, S.129",,0,,,,,S,"Euro short-term rate, Total volume","Euro short-term rate, Total volume - Unsecured - Overnight - Borrowing - Financial corporations",,EUR,6
2024-12-18,55540,EST.B.EU000A2X2A25.TT,B,EU000A2X2A25,TT,A,F,,,,,P1D,,,,"ESA 2010 Sectors: S.121, S.122, S.123, S.124, S.125, S.126, S.127, S.128, S.129",,0,,,,,S,"Euro short-term rate, Total volume","Euro short-term rate, Total volume - Unsecured - Overnight - Borrowing - Financial corporations",,EUR,6
2024-12-19,54589,EST.B.EU000A2X2A25.TT,B,EU000A2X2A25,TT,A,F,,,,,P1D,,,,"ESA 2010 Sectors: S.121, S.122, S.123, S.124, S.125, S.126, S.127, S.128, S.129",,0,,,,,S,"Euro short-term rate, Total volume","Euro short-term rate, Total volume - Unsecured - Overnight - Borrowing - Financial corporations",,EUR,6
2024-12-20,50178,EST.B.EU000A2X2A25.TT,B,EU000A2X2A25,TT,A,F,,,,,P1D,,,,"ESA 2010 Sectors: S.121, S.122, S.123, S.124, S.125, S.126, S.127, S.128, S.129",,0,,,,,S,"Euro short-term rate, Total volume","Euro short-term rate, Total volume - Unsecured - Overnight - Borrowing - Financial corporations",,EUR,6
2024-12-23,38619,EST.B.EU000A2X2A25.TT,B,EU000A2X2A25,TT,A,F,,,,,P1D,,,,"ESA 2010 Sectors: S.121, S.122, S.123, S.124, S.125, S.126, S.127, S.128, S.129",,0,,,,,S,"Euro short-term rate, Total volume","Euro short-term rate, Total volume - Unsecured - Overnight - Borrowing - Financial corporations",,EUR,6
2024-12-24,31561,EST.B.EU000A2X2A25.TT,B,EU000A2X2A25,TT,A,F,,,,,P1D,,,,"ESA 2010 Sectors: S.121, S.122, S.123, S.124, S.125, S.126, S.127, S.128, S.129",,0,,,,,S,"Euro short-term rate, Total volume","Euro short-term rate, Total volume - Unsecured - Overnight - Borrowing - Financial corporations",,EUR,6
2024-12-27,48132,EST.B.EU000A2X2A25.TT,B,EU000A2X2A25,TT,A,F,,,,,P1D,,,,"ESA 2010 Sectors: S.121, S.122, S.123, S.124, S.125, S.126, S.127, S.128, S.129",,0,,,,,S,"Euro short-term rate, Total volume","Euro short-term rate, Total volume - Unsecured - Overnight - Borrowing - Financial corporations",,EUR,6
2024-12-30,40655,EST.B.EU000A2X2A25.TT,B,EU000A2X2A25,TT,A,F,,,,,P1D,,,,"ESA 2010 Sectors: S.121, S.122, S.123, S.124, S.125, S.126, S.127, S.128, S.129",,0,,,,,S,"Euro short-term rate, Total volume","Euro short-term rate, Total volume - Unsecured - Overnight - Borrowing - Financial corporations",,EUR,6
2024-12-31,33792,EST.B.EU000A2X2A25.TT,B,EU000A2X2A25,TT,A,F,,,,,P1D,,,,"ESA 2010 Sectors: S.121, S.122, S.123, S.124, S.125, S.126, S.127, S.128, S.129",,0,,,,,S,"Euro short-term rate, Total volume","Euro short-term rate, Total volume - Unsecured - Overnight - Borrowing - Financial corporations",,EUR,6
2025-01-02,59601,EST.B.EU000A2X2A25.TT,B,EU000A2X2A25,TT,A,F,,,,,P1D,,,,"ESA 2010 Sectors: S.121, S.122, S.123, S.124, S.125, S.126, S.127, S.128, S.129",,0,,,,,S,"Euro short-term rate, Total volume","Euro short-term rate, Total volume - Unsecured - Overnight - Borrowing - Financial corporations",,EUR,6
2025-01-03,55651,EST.B.EU000A2X2A25.TT,B,EU000A2X2A25,TT,A,F,,,,,P1D,,,,"ESA 2010 Sectors: S.121, S.122, S.123, S.124, S.125, S.126, S.127, S.128, S.129",,0,,,,,S,"Euro short-term rate, Total volume","Euro short-term rate, Total volume - Unsecured - Overnight - Borrowing - Financial corporations",,EUR,6
2025-01-06,53701,EST.B.EU000A2X2A25.TT,B,EU000A2X2A25,TT,A,F,,,,,P1D,,,,"ESA 2010 Sectors: S.121, S.122, S.123, S.124, S.125, S.126, S.127, S.128, S.129",,0,,,,,S,"Euro short-term rate, Total volume","Euro short-term rate, Total volume - Unsecured - Overnight - Borrowing - Financial corporations",,EUR,6
2025-01-07,59102,EST.B.EU000A2X2A25.TT,B,EU000A2X2A25,TT,A,F,,,,,P1D,,,,"ESA 2010 Sectors: S.121, S.122, S.123, S.124, S.125, S.126, S.127, S.128, S.129",,0,,,,,S,"Euro short-term rate, Total volume","Euro short-term rate, Total volume - Unsecured - Overnight - Borrowing - Financial corporations",,EUR,6
2025-01-08,59265,EST.B.EU000A2X2A25.TT,B,EU000A2X2A25,TT,A,F,,,,,P1D,,,,"ESA 2010 Sectors: S.121, S.122, S.123, S.124, S.125, S.126, S.127, S.128, S.129",,0,,,,,S,"Euro short-term rate, Total volume","Euro short-term rate, Total volume - Unsecured - Overnight - Borrowing - Financial corporations",,EUR,6
2025-01-09,55672,EST.B.EU000A2X2A25.TT,B,EU000A2X2A25,TT,A,F,,,,,P1D,,,,"ESA 2010 Sectors: S.121, S.122, S.123, S.124, S.125, S.126, S.127, S.128, S.129",,0,,,,,S,"Euro short-term rate, Total volume","Euro short-term rate, Total volume - Unsecured - Overnight - Borrowing - Financial corporations",,EUR,6
2025-01-10,56000,EST.B.EU000A2X2A25.TT,B,EU000A2X2A25,TT,A,F,,,,,P1D,,,,"ESA 2010 Sectors: S.121, S.122, S.123, S.124, S.125, S.126, S.127, S.128, S.129",,0,,,,,S,"Euro short-term rate, Total volume","Euro short-term rate, Total volume - Unsecured - Overnight - Borrowing - Financial corporations",,EUR,6
2025-01-13,61069,EST.B.EU000A2X2A25.TT,B,EU000A2X2A25,TT,A,F,,,,,P1D,,,,"ESA 2010 Sectors: S.121, S.122, S.123, S.124, S.125, S.126, S.127, S.128, S.129",,0,,,,,S,"Euro short-term rate, Total volume","Euro short-term rate, Total volume - Unsecured - Overnight - Borrowing - Financial corporations",,EUR,6
2025-01-14,58770,EST.B.EU000A2X2A25.TT,B,EU000A2X2A25,TT,A,F,,,,,P1D,,,,"ESA 2010 Sectors: S.121, S.122, S.123, S.124, S.125, S.126, S.127, S.128, S.129",,0,,,,,S,"Euro short-term rate, Total volume","Euro short-term rate, Total volume - Unsecured - Overnight - Borrowing - Financial corporations",,EUR,6
2025-01-15,56383,EST.B.EU000A2X2A25.TT,B,EU000A2X2A25,TT,A,F,,,,,P1D,,,,"ESA 2010 Sectors: S.121, S.122, S.123, S.124, S.125, S.126, S.127, S.128, S.129",,0,,,,,S,"Euro short-term rate, Total volume","Euro short-term rate, Total volume - Unsecured - Overnight - Borrowing - Financial corporations",,EUR,6
2025-01-16,59470,EST.B.EU000A2X2A25.TT,B,EU000A2X2A25,TT,A,F,,,,,P1D,,,,"ESA 2010 Sectors: S.121, S.122, S.123, S.124, S.125, S.126, S.127, S.128, S.129",,0,,,,,S,"Euro short-term rate, Total volume","Euro short-term rate, Total volume - Unsecured - Overnight - Borrowing - Financial corporations",,EUR,6
2025-01-17,62631,EST.B.EU000A2X2A25.TT,B,EU000A2X2A25,TT,A,F,,,,,P1D,,,,"ESA 2010 Sectors: S.121, S.122, S.123, S.124, S.125, S.126, S.127, S.128, S.129",,0,,,,,S,"Euro short-term rate, Total volume","Euro short-term rate, Total volume - Unsecured - Overnight - Borrowing - Financial corporations",,EUR,6
2025-01-20,64546,EST.B.EU000A2X2A25.TT,B,EU000A2X2A25,TT,A,F,,,,,P1D,,,,"ESA 2010 Sectors: S.121, S.122, S.123, S.124, S.125, S.126, S.127, S.128, S.129",,0,,,,,S,"Euro short-term rate, Total volume","Euro short-term rate, Total volume - Unsecured - Overnight - Borrowing - Financial corporations",,EUR,6
2025-01-21,63013,EST.B.EU000A2X2A25.TT,B,EU000A2X2A25,TT,A,F,,,,,P1D,,,,"ESA 2010 Sectors: S.121, S.122, S.123, S.124, S.125, S.126, S.127, S.128, S.129",,0,,,,,S,"Euro short-term rate, Total volume","Euro short-term rate, Total volume - Unsecured - Overnight - Borrowing - Financial corporations",,EUR,6
2025-01-22,63044,EST.B.EU000A2X2A25.TT,B,EU000A2X2A25,TT,A,F,,,,,P1D,,,,"ESA 2010 Sectors: S.121, S.122, S.123, S.124, S.125, S.126, S.127, S.128, S.129",,0,,,,,S,"Euro short-term rate, Total volume","Euro short-term rate, Total volume - Unsecured - Overnight - Borrowing - Financial corporations",,EUR,6
2025-01-23,58215,EST.B.EU000A2X2A25.TT,B,EU000A2X2A25,TT,A,F,,,,,P1D,,,,"ESA 2010 Sectors: S.121, S.122, S.123, S.124, S.125, S.126, S.127, S.128, S.129",,0,,,,,S,"Euro short-term rate, Total volume","Euro short-term rate, Total volume - Unsecured - Overnight - Borrowing - Financial corporations",,EUR,6
2025-01-24,57896,EST.B.EU000A2X2A25.TT,B,EU000A2X2A25,TT,A,F,,,,,P1D,,,,"ESA 2010 Sectors: S.121, S.122, S.123, S.124, S.125, S.126, S.127, S.128, S.129",,0,,,,,S,"Euro short-term rate, Total volume","Euro short-term rate, Total volume - Unsecured - Overnight - Borrowing - Financial corporations",,EUR,6
2025-01-27,56960,EST.B.EU000A2X2A25.TT,B,EU000A2X2A25,TT,A,F,,,,,P1D,,,,"ESA 2010 Sectors: S.121, S.122, S.123, S.124, S.125, S.126, S.127, S.128, S.129",,0,,,,,S,"Euro short-term rate, Total volume","Euro short-term rate, Total volume - Unsecured - Overnight - Borrowing - Financial corporations",,EUR,6
2025-01-28,57592,EST.B.EU000A2X2A25.TT,B,EU000A2X2A25,TT,A,F,,,,,P1D,,,,"ESA 2010 Sectors: S.121, S.122, S.123, S.124, S.125, S.126, S.127, S.128, S.129",,0,,,,,S,"Euro short-term rate, Total volume","Euro short-term rate, Total volume - Unsecured - Overnight - Borrowing - Financial corporations",,EUR,6
2025-01-29,51029,EST.B.EU000A2X2A25.TT,B,EU000A2X2A25,TT,A,F,,,,,P1D,,,,"ESA 2010 Sectors: S.121, S.122, S.123, S.124, S.125, S.126, S.127, S.128, S.129",,0,,,,,S,"Euro short-term rate, Total volume","Euro short-term rate, Total volume - Unsecured - Overnight - Borrowing - Financial corporations",,EUR,6
2025-01-30,50573,EST.B.EU000A2X2A25.TT,B,EU000A2X2A25,TT,A,F,,,,,P1D,,,,"ESA 2010 Sectors: S.121, S.122, S.123, S.124, S.125, S.126, S.127, S.128, S.129",,0,,,,,S,"Euro short-term rate, Total volume","Euro short-term rate, Total volume - Unsecured - Overnight - Borrowing - Financial corporations",,EUR,6
2025-01-31,43550,EST.B.EU000A2X2A25.TT,B,EU000A2X2A25,TT,A,F,,,,,P1D,,,,"ESA 2010 Sectors: S.121, S.122, S.123, S.124, S.125, S.126, S.127, S.128, S.129",,0,,,,,S,"Euro short-term rate, Total volume","Euro short-term rate, Total volume - Unsecured - Overnight - Borrowing - Financial corporations",,EUR,6
2025-02-03,59421,EST.B.EU000A2X2A25.TT,B,EU000A2X2A25,TT,A,F,,,,,P1D,,,,"ESA 2010 Sectors: S.121, S.122, S.123, S.124, S.125, S.126, S.127, S.128, S.129",,0,,,,,S,"Euro short-term rate, Total volume","Euro short-term rate, Total volume - Unsecured - Overnight - Borrowing - Financial corporations",,EUR,6
2025-02-04,65539,EST.B.EU000A2X2A25.TT,B,EU000A2X2A25,TT,A,F,,,,,P1D,,,,"ESA 2010 Sectors: S.121, S.122, S.123, S.124, S.125, S.126, S.127, S.128, S.129",,0,,,,,S,"Euro short-term rate, Total volume","Euro short-term rate, Total volume - Unsecured - Overnight - Borrowing - Financial corporations",,EUR,6
2025-02-05,65395,EST.B.EU000A2X2A25.TT,B,EU000A2X2A25,TT,A,F,,,,,P1D,,,,"ESA 2010 Sectors: S.121, S.122, S.123, S.124, S.125, S.126, S.127, S.128, S.129",,0,,,,,S,"Euro short-term rate, Total volume","Euro short-term rate, Total volume - Unsecured - Overnight - Borrowing - Financial corporations",,EUR,6
2025-02-06,65493,EST.B.EU000A2X2A25.TT,B,EU000A2X2A25,TT,A,F,,,,,P1D,,,,"ESA 2010 Sectors: S.121, S.122, S.123, S.124, S.125, S.126, S.127, S.128, S.129",,0,,,,,S,"Euro short-term rate, Total volume","Euro short-term rate, Total volume - Unsecured - Overnight - Borrowing - Financial corporations",,EUR,6
2025-02-07,64106,EST.B.EU000A2X2A25.TT,B,EU000A2X2A25,TT,A,F,,,,,P1D,,,,"ESA 2010 Sectors: S.121, S.122, S.123, S.124, S.125, S.126, S.127, S.128, S.129",,0,,,,,S,"Euro short-term rate, Total volume","Euro short-term rate, Total volume - Unsecured - Overnight - Borrowing - Financial corporations",,EUR,6
2025-02-10,56402,EST.B.EU000A2X2A25.TT,B,EU000A2X2A25,TT,A,F,,,,,P1D,,,,"ESA 2010 Sectors: S.121, S.122, S.123, S.124, S.125, S.126, S.127, S.128, S.129",,0,,,,,S,"Euro short-term rate, Total volume","Euro short-term rate, Total volume - Unsecured - Overnight - Borrowing - Financial corporations",,EUR,6
2025-02-11,58984,EST.B.EU000A2X2A25.TT,B,EU000A2X2A25,TT,A,F,,,,,P1D,,,,"ESA 2010 Sectors: S.121, S.122, S.123, S.124, S.125, S.126, S.127, S.128, S.129",,0,,,,,S,"Euro short-term rate, Total volume","Euro short-term rate, Total volume - Unsecured - Overnight - Borrowing - Financial corporations",,EUR,6
2025-02-12,55367,EST.B.EU000A2X2A25.TT,B,EU000A2X2A25,TT,A,F,,,,,P1D,,,,"ESA 2010 Sectors: S.121, S.122, S.123, S.124, S.125, S.126, S.127, S.128, S.129",,0,,,,,S,"Euro short-term rate, Total volume","Euro short-term rate, Total volume - Unsecured - Overnight - Borrowing - Financial corporations",,EUR,6
2025-02-13,54021,EST.B.EU000A2X2A25.TT,B,EU000A2X2A25,TT,A,F,,,,,P1D,,,,"ESA 2010 Sectors: S.121, S.122, S.123, S.124, S.125, S.126, S.127, S.128, S.129",,0,,,,,S,"Euro short-term rate, Total volume","Euro short-term rate, Total volume - Unsecured - Overnight - Borrowing - Financial corporations",,EUR,6
2025-02-14,53448,EST.B.EU000A2X2A25.TT,B,EU000A2X2A25,TT,A,F,,,,,P1D,,,,"ESA 2010 Sectors: S.121, S.122, S.123, S.124, S.125, S.126, S.127, S.128, S.129",,0,,,,,S,"Euro short-term rate, Total volume","Euro short-term rate, Total volume - Unsecured - Overnight - Borrowing - Financial corporations",,EUR,6
2025-02-17,57535,EST.B.EU000A2X2A25.TT,B,EU000A2X2A25,TT,A,F,,,,,P1D,,,,"ESA 2010 Sectors: S.121, S.122, S.123, S.124, S.125, S.126, S.127, S.128, S.129",,0,,,,,S,"Euro short-term rate, Total volume","Euro short-term rate, Total volume - Unsecured - Overnight - Borrowing - Financial corporations",,EUR,6
2025-02-18,58436,EST.B.EU000A2X2A25.TT,B,EU000A2X2A25,TT,A,F,,,,,P1D,,,,"ESA 2010 Sectors: S.121, S.122, S.123, S.124, S.125, S.126, S.127, S.128, S.129",,0,,,,,S,"Euro short-term rate, Total volume","Euro short-term rate, Total volume - Unsecured - Overnight - Borrowing - Financial corporations",,EUR,6
2025-02-19,56364,EST.B.EU000A2X2A25.TT,B,EU000A2X2A25,TT,A,F,,,,,P1D,,,,"ESA 2010 Sectors: S.121, S.122, S.123, S.124, S.125, S.126, S.127, S.128, S.129",,0,,,,,S,"Euro short-term rate, Total volume","Euro short-term rate, Total volume - Unsecured - Overnight - Borrowing - Financial corporations",,EUR,6
2025-02-20,55253,EST.B.EU000A2X2A25.TT,B,EU000A2X2A25,TT,A,F,,,,,P1D,,,,"ESA 2010 Sectors: S.121, S.122, S.123, S.124, S.125, S.126, S.127, S.128, S.129",,0,,,,,S,"Euro short-term rate, Total volume","Euro short-term rate, Total volume - Unsecured - Overnight - Borrowing - Financial corporations",,EUR,6
2025-02-21,56807,EST.B.EU000A2X2A25.TT,B,EU000A2X2A25,TT,A,F,,,,,P1D,,,,"ESA 2010 Sectors: S.121, S.122, S.123, S.124, S.125, S.126, S.127, S.128, S.129",,0,,,,,S,"Euro short-term rate, Total volume","Euro short-term rate, Total volume - Unsecured - Overnight - Borrowing - Financial corporations",,EUR,6
2025-02-24,58372,EST.B.EU000A2X2A25.TT,B,EU000A2X2A25,TT,A,F,,,,,P1D,,,,"ESA 2010 Sectors: S.121, S.122, S.123, S.124, S.125, S.126, S.127, S.128, S.129",,0,,,,,S,"Euro short-term rate, Total volume","Euro short-term rate, Total volume - Unsecured - Overnight - Borrowing - Financial corporations",,EUR,6
2025-02-25,59193,EST.B.EU000A2X2A25.TT,B,EU000A2X2A25,TT,A,F,,,,,P1D,,,,"ESA 2010 Sectors: S.121, S.122, S.123, S.124, S.125, S.126, S.127, S.128, S.129",,0,,,,,S,"Euro short-term rate, Total volume","Euro short-term rate, Total volume - Unsecured - Overnight - Borrowing - Financial corporations",,EUR,6
2025-02-26,56824,EST.B.EU000A2X2A25.TT,B,EU000A2X2A25,TT,A,F,,,,,P1D,,,,"ESA 2010 Sectors: S.121, S.122, S.123, S.124, S.125, S.126, S.127, S.128, S.129",,0,,,,,S,"Euro short-term rate, Total volume","Euro short-term rate, Total volume - Unsecured - Overnight - Borrowing - Financial corporations",,EUR,6
2025-02-27,52373,EST.B.EU000A2X2A25.TT,B,EU000A2X2A25,TT,A,F,,,,,P1D,,,,"ESA 2010 Sectors: S.121, S.122, S.123, S.124, S.125, S.126, S.127, S.128, S.129",,0,,,,,S,"Euro short-term rate, Total volume","Euro short-term rate, Total volume - Unsecured - Overnight - Borrowing - Financial corporations",,EUR,6
2025-02-28,48043,EST.B.EU000A2X2A25.TT,B,EU000A2X2A25,TT,A,F,,,,,P1D,,,,"ESA 2010 Sectors: S.121, S.122, S.123, S.124, S.125, S.126, S.127, S.128, S.129",,0,,,,,S,"Euro short-term rate, Total volume","Euro short-term rate, Total volume - Unsecured - Overnight - Borrowing - Financial corporations",,EUR,6
2025-03-03,57104,EST.B.EU000A2X2A25.TT,B,EU000A2X2A25,TT,A,F,,,,,P1D,,,,"ESA 2010 Sectors: S.121, S.122, S.123, S.124, S.125, S.126, S.127, S.128, S.129",,0,,,,,S,"Euro short-term rate, Total volume","Euro short-term rate, Total volume - Unsecured - Overnight - Borrowing - Financial corporations",,EUR,6
2025-03-04,57241,EST.B.EU000A2X2A25.TT,B,EU000A2X2A25,TT,A,F,,,,,P1D,,,,"ESA 2010 Sectors: S.121, S.122, S.123, S.124, S.125, S.126, S.127, S.128, S.129",,0,,,,,S,"Euro short-term rate, Total volume","Euro short-term rate, Total volume - Unsecured - Overnight - Borrowing - Financial corporations",,EUR,6
2025-03-05,58415,EST.B.EU000A2X2A25.TT,B,EU000A2X2A25,TT,A,F,,,,,P1D,,,,"ESA 2010 Sectors: S.121, S.122, S.123, S.124, S.125, S.126, S.127, S.128, S.129",,0,,,,,S,"Euro short-term rate, Total volume","Euro short-term rate, Total volume - Unsecured - Overnight - Borrowing - Financial corporations",,EUR,6
2025-03-06,52016,EST.B.EU000A2X2A25.TT,B,EU000A2X2A25,TT,A,F,,,,,P1D,,,,"ESA 2010 Sectors: S.121, S.122, S.123, S.124, S.125, S.126, S.127, S.128, S.129",,0,,,,,S,"Euro short-term rate, Total volume","Euro short-term rate, Total volume - Unsecured - Overnight - Borrowing - Financial corporations",,EUR,6
2025-03-07,56041,EST.B.EU000A2X2A25.TT,B,EU000A2X2A25,TT,A,F,,,,,P1D,,,,"ESA 2010 Sectors: S.121, S.122, S.123, S.124, S.125, S.126, S.127, S.128, S.129",,0,,,,,S,"Euro short-term rate, Total volume","Euro short-term rate, Total volume - Unsecured - Overnight - Borrowing - Financial corporations",,EUR,6
2025-03-10,58085,EST.B.EU000A2X2A25.TT,B,EU000A2X2A25,TT,A,F,,,,,P1D,,,,"ESA 2010 Sectors: S.121, S.122, S.123, S.124, S.125, S.126, S.127, S.128, S.129",,0,,,,,S,"Euro short-term rate, Total volume","Euro short-term rate, Total volume - Unsecured - Overnight - Borrowing - Financial corporations",,EUR,6
2025-03-11,57664,EST.B.EU000A2X2A25.TT,B,EU000A2X2A25,TT,A,F,,,,,P1D,,,,"ESA 2010 Sectors: S.121, S.122, S.123, S.124, S.125, S.126, S.127, S.128, S.129",,0,,,,,S,"Euro short-term rate, Total volume","Euro short-term rate, Total volume - Unsecured - Overnight - Borrowing - Financial corporations",,EUR,6
2025-03-12,52955,EST.B.EU000A2X2A25.TT,B,EU000A2X2A25,TT,A,F,,,,,P1D,,,,"ESA 2010 Sectors: S.121, S.122, S.123, S.124, S.125, S.126, S.127, S.128, S.129",,0,,,,,S,"Euro short-term rate, Total volume","Euro short-term rate, Total volume - Unsecured - Overnight - Borrowing - Financial corporations",,EUR,6
2025-03-13,58524,EST.B.EU000A2X2A25.TT,B,EU000A2X2A25,TT,A,F,,,,,P1D,,,,"ESA 2010 Sectors: S.121, S.122, S.123, S.124, S.125, S.126, S.127, S.128, S.129",,0,,,,,S,"Euro short-term rate, Total volume","Euro short-term rate, Total volume - Unsecured - Overnight - Borrowing - Financial corporations",,EUR,6
2025-03-14,57463,EST.B.EU000A2X2A25.TT,B,EU000A2X2A25,TT,A,F,,,,,P1D,,,,"ESA 2010 Sectors: S.121, S.122, S.123, S.124, S.125, S.126, S.127, S.128, S.129",,0,,,,,S,"Euro short-term rate, Total volume","Euro short-term rate, Total volume - Unsecured - Overnight - Borrowing - Financial corporations",,EUR,6
2025-03-17,59899,EST.B.EU000A2X2A25.TT,B,EU000A2X2A25,TT,A,F,,,,,P1D,,,,"ESA 2010 Sectors: S.121, S.122, S.123, S.124, S.125, S.126, S.127, S.128, S.129",,0,,,,,S,"Euro short-term rate, Total volume","Euro short-term rate, Total volume - Unsecured - Overnight - Borrowing - Financial corporations",,EUR,6
2025-03-18,66780,EST.B.EU000A2X2A25.TT,B,EU000A2X2A25,TT,A,F,,,,,P1D,,,,"ESA 2010 Sectors: S.121, S.122, S.123, S.124, S.125, S.126, S.127, S.128, S.129",,0,,,,,S,"Euro short-term rate, Total volume","Euro short-term rate, Total volume - Unsecured - Overnight - Borrowing - Financial corporations",,EUR,6
2025-03-19,64268,EST.B.EU000A2X2A25.TT,B,EU000A2X2A25,TT,A,F,,,,,P1D,,,,"ESA 2010 Sectors: S.121, S.122, S.123, S.124, S.125, S.126, S.127, S.128, S.129",,0,,,,,S,"Euro short-term rate, Total volume","Euro short-term rate, Total volume - Unsecured - Overnight - Borrowing - Financial corporations",,EUR,6
2025-03-20,62675,EST.B.EU000A2X2A25.TT,B,EU000A2X2A25,TT,A,F,,,,,P1D,,,,"ESA 2010 Sectors: S.121, S.122, S.123, S.124, S.125, S.126, S.127, S.128, S.129",,0,,,,,S,"Euro short-term rate, Total volume","Euro short-term rate, Total volume - Unsecured - Overnight - Borrowing - Financial corporations",,EUR,6
2025-03-21,60668,EST.B.EU000A2X2A25.TT,B,EU000A2X2A25,TT,A,F,,,,,P1D,,,,"ESA 2010 Sectors: S.121, S.122, S.123, S.124, S.125, S.126, S.127, S.128, S.129",,0,,,,,S,"Euro short-term rate, Total volume","Euro short-term rate, Total volume - Unsecured - Overnight - Borrowing - Financial corporations",,EUR,6
2025-03-24,61138,EST.B.EU000A2X2A25.TT,B,EU000A2X2A25,TT,A,F,,,,,P1D,,,,"ESA 2010 Sectors: S.121, S.122, S.123, S.124, S.125, S.126, S.127, S.128, S.129",,0,,,,,S,"Euro short-term rate, Total volume","Euro short-term rate, Total volume - Unsecured - Overnight - Borrowing - Financial corporations",,EUR,6
2025-03-25,57996,EST.B.EU000A2X2A25.TT,B,EU000A2X2A25,TT,A,F,,,,,P1D,,,,"ESA 2010 Sectors: S.121, S.122, S.123, S.124, S.125, S.126, S.127, S.128, S.129",,0,,,,,S,"Euro short-term rate, Total volume","Euro short-term rate, Total volume - Unsecured - Overnight - Borrowing - Financial corporations",,EUR,6
2025-03-26,57859,EST.B.EU000A2X2A25.TT,B,EU000A2X2A25,TT,A,F,,,,,P1D,,,,"ESA 2010 Sectors: S.121, S.122, S.123, S.124, S.125, S.126, S.127, S.128, S.129",,0,,,,,S,"Euro short-term rate, Total volume","Euro short-term rate, Total volume - Unsecured - Overnight - Borrowing - Financial corporations",,EUR,6
2025-03-27,52581,EST.B.EU000A2X2A25.TT,B,EU000A2X2A25,TT,A,F,,,,,P1D,,,,"ESA 2010 Sectors: S.121, S.122, S.123, S.124, S.125, S.126, S.127, S.128, S.129",,0,,,,,S,"Euro short-term rate, Total volume","Euro short-term rate, Total volume - Unsecured - Overnight - Borrowing - Financial corporations",,EUR,6
2025-03-28,53018,EST.B.EU000A2X2A25.TT,B,EU000A2X2A25,TT,A,F,,,,,P1D,,,,"ESA 2010 Sectors: S.121, S.122, S.123, S.124, S.125, S.126, S.127, S.128, S.129",,0,,,,,S,"Euro short-term rate, Total volume","Euro short-term rate, Total volume - Unsecured - Overnight - Borrowing - Financial corporations",,EUR,6
2025-03-31,55940,EST.B.EU000A2X2A25.TT,B,EU000A2X2A25,TT,A,F,,,,,P1D,,,,"ESA 2010 Sectors: S.121, S.122, S.123, S.124, S.125, S.126, S.127, S.128, S.129",,0,,,,,S,"Euro short-term rate, Total volume","Euro short-term rate, Total volume - Unsecured - Overnight - Borrowing - Financial corporations",,EUR,6
2025-04-01,65071,EST.B.EU000A2X2A25.TT,B,EU000A2X2A25,TT,A,F,,,,,P1D,,,,"ESA 2010 Sectors: S.121, S.122, S.123, S.124, S.125, S.126, S.127, S.128, S.129",,0,,,,,S,"Euro short-term rate, Total volume","Euro short-term rate, Total volume - Unsecured - Overnight - Borrowing - Financial corporations",,EUR,6
2025-04-02,64898,EST.B.EU000A2X2A25.TT,B,EU000A2X2A25,TT,A,F,,,,,P1D,,,,"ESA 2010 Sectors: S.121, S.122, S.123, S.124, S.125, S.126, S.127, S.128, S.129",,0,,,,,S,"Euro short-term rate, Total volume","Euro short-term rate, Total volume - Unsecured - Overnight - Borrowing - Financial corporations",,EUR,6
2025-04-03,63703,EST.B.EU000A2X2A25.TT,B,EU000A2X2A25,TT,A,F,,,,,P1D,,,,"ESA 2010 Sectors: S.121, S.122, S.123, S.124, S.125, S.126, S.127, S.128, S.129",,0,,,,,S,"Euro short-term rate, Total volume","Euro short-term rate, Total volume - Unsecured - Overnight - Borrowing - Financial corporations",,EUR,6
2025-04-04,68047,EST.B.EU000A2X2A25.TT,B,EU000A2X2A25,TT,A,F,,,,,P1D,,,,"ESA 2010 Sectors: S.121, S.122, S.123, S.124, S.125, S.126, S.127, S.128, S.129",,0,,,,,S,"Euro short-term rate, Total volume","Euro short-term rate, Total volume - Unsecured - Overnight - Borrowing - Financial corporations",,EUR,6
2025-04-07,70875,EST.B.EU000A2X2A25.TT,B,EU000A2X2A25,TT,A,F,,,,,P1D,,,,"ESA 2010 Sectors: S.121, S.122, S.123, S.124, S.125, S.126, S.127, S.128, S.129",,0,,,,,S,"Euro short-term rate, Total volume","Euro short-term rate, Total volume - Unsecured - Overnight - Borrowing - Financial corporations",,EUR,6
2025-04-08,68074,EST.B.EU000A2X2A25.TT,B,EU000A2X2A25,TT,A,F,,,,,P1D,,,,"ESA 2010 Sectors: S.121, S.122, S.123, S.124, S.125, S.126, S.127, S.128, S.129",,0,,,,,S,"Euro short-term rate, Total volume","Euro short-term rate, Total volume - Unsecured - Overnight - Borrowing - Financial corporations",,EUR,6
2025-04-09,63933,EST.B.EU000A2X2A25.TT,B,EU000A2X2A25,TT,A,F,,,,,P1D,,,,"ESA 2010 Sectors: S.121, S.122, S.123, S.124, S.125, S.126, S.127, S.128, S.129",,0,,,,,S,"Euro short-term rate, Total volume","Euro short-term rate, Total volume - Unsecured - Overnight - Borrowing - Financial corporations",,EUR,6
2025-04-10,70411,EST.B.EU000A2X2A25.TT,B,EU000A2X2A25,TT,A,F,,,,,P1D,,,,"ESA 2010 Sectors: S.121, S.122, S.123, S.124, S.125, S.126, S.127, S.128, S.129",,0,,,,,S,"Euro short-term rate, Total volume","Euro short-term rate, Total volume - Unsecured - Overnight - Borrowing - Financial corporations",,EUR,6
2025-04-11,73735,EST.B.EU000A2X2A25.TT,B,EU000A2X2A25,TT,A,F,,,,,P1D,,,,"ESA 2010 Sectors: S.121, S.122, S.123, S.124, S.125, S.126, S.127, S.128, S.129",,0,,,,,S,"Euro short-term rate, Total volume","Euro short-term rate, Total volume - Unsecured - Overnight - Borrowing - Financial corporations",,EUR,6
2025-04-14,78052,EST.B.EU000A2X2A25.TT,B,EU000A2X2A25,TT,A,F,,,,,P1D,,,,"ESA 2010 Sectors: S.121, S.122, S.123, S.124, S.125, S.126, S.127, S.128, S.129",,0,,,,,S,"Euro short-term rate, Total volume","Euro short-term rate, Total volume - Unsecured - Overnight - Borrowing - Financial corporations",,EUR,6
2025-04-15,78513,EST.B.EU000A2X2A25.TT,B,EU000A2X2A25,TT,A,F,,,,,P1D,,,,"ESA 2010 Sectors: S.121, S.122, S.123, S.124, S.125, S.126, S.127, S.128, S.129",,0,,,,,S,"Euro short-term rate, Total volume","Euro short-term rate, Total volume - Unsecured - Overnight - Borrowing - Financial corporations",,EUR,6
2025-04-16,75367,EST.B.EU000A2X2A25.TT,B,EU000A2X2A25,TT,A,F,,,,,P1D,,,,"ESA 2010 Sectors: S.121, S.122, S.123, S.124, S.125, S.126, S.127, S.128, S.129",,0,,,,,S,"Euro short-term rate, Total volume","Euro short-term rate, Total volume - Unsecured - Overnight - Borrowing - Financial corporations",,EUR,6
2025-04-17,71975,EST.B.EU000A2X2A25.TT,B,EU000A2X2A25,TT,A,F,,,,,P1D,,,,"ESA 2010 Sectors: S.121, S.122, S.123, S.124, S.125, S.126, S.127, S.128, S.129",,0,,,,,S,"Euro short-term rate, Total volume","Euro short-term rate, Total volume - Unsecured - Overnight - Borrowing - Financial corporations",,EUR,6
2025-04-22,80702,EST.B.EU000A2X2A25.TT,B,EU000A2X2A25,TT,A,F,,,,,P1D,,,,"ESA 2010 Sectors: S.121, S.122, S.123, S.124, S.125, S.126, S.127, S.128, S.129",,0,,,,,S,"Euro short-term rate, Total volume","Euro short-term rate, Total volume - Unsecured - Overnight - Borrowing - Financial corporations",,EUR,6
2025-04-23,80023,EST.B.EU000A2X2A25.TT,B,EU000A2X2A25,TT,A,F,,,,,P1D,,,,"ESA 2010 Sectors: S.121, S.122, S.123, S.124, S.125, S.126, S.127, S.128, S.129",,0,,,,,S,"Euro short-term rate, Total volume","Euro short-term rate, Total volume - Unsecured - Overnight - Borrowing - Financial corporations",,EUR,6
2025-04-24,75731,EST.B.EU000A2X2A25.TT,B,EU000A2X2A25,TT,A,F,,,,,P1D,,,,"ESA 2010 Sectors: S.121, S.122, S.123, S.124, S.125, S.126, S.127, S.128, S.129",,0,,,,,S,"Euro short-term rate, Total volume","Euro short-term rate, Total volume - Unsecured - Overnight - Borrowing - Financial corporations",,EUR,6
2025-04-25,73597,EST.B.EU000A2X2A25.TT,B,EU000A2X2A25,TT,A,F,,,,,P1D,,,,"ESA 2010 Sectors: S.121, S.122, S.123, S.124, S.125, S.126, S.127, S.128, S.129",,0,,,,,S,"Euro short-term rate, Total volume","Euro short-term rate, Total volume - Unsecured - Overnight - Borrowing - Financial corporations",,EUR,6
2025-04-28,73379,EST.B.EU000A2X2A25.TT,B,EU000A2X2A25,TT,A,F,,,,,P1D,,,,"ESA 2010 Sectors: S.121, S.122, S.123, S.124, S.125, S.126, S.127, S.128, S.129",,0,,,,,S,"Euro short-term rate, Total volume","Euro short-term rate, Total volume - Unsecured - Overnight - Borrowing - Financial corporations",,EUR,6
2025-04-29,72887,EST.B.EU000A2X2A25.TT,B,EU000A2X2A25,TT,A,F,,,,,P1D,,,,"ESA 2010 Sectors: S.121, S.122, S.123, S.124, S.125, S.126, S.127, S.128, S.129",,0,,,,,S,"Euro short-term rate, Total volume","Euro short-term rate, Total volume - Unsecured - Overnight - Borrowing - Financial corporations",,EUR,6
2025-04-30,58286,EST.B.EU000A2X2A25.TT,B,EU000A2X2A25,TT,A,F,,,,,P1D,,,,"ESA 2010 Sectors: S.121, S.122, S.123, S.124, S.125, S.126, S.127, S.128, S.129",,0,,,,,S,"Euro short-term rate, Total volume","Euro short-term rate, Total volume - Unsecured - Overnight - Borrowing - Financial corporations",,EUR,6
2025-05-02,67533,EST.B.EU000A2X2A25.TT,B,EU000A2X2A25,TT,A,F,,,,,P1D,,,,"ESA 2010 Sectors: S.121, S.122, S.123, S.124, S.125, S.126, S.127, S.128, S.129",,0,,,,,S,"Euro short-term rate, Total volume","Euro short-term rate, Total volume - Unsecured - Overnight - Borrowing - Financial corporations",,EUR,6
2025-05-05,65317,EST.B.EU000A2X2A25.TT,B,EU000A2X2A25,TT,A,F,,,,,P1D,,,,"ESA 2010 Sectors: S.121, S.122, S.123, S.124, S.125, S.126, S.127, S.128, S.129",,0,,,,,S,"Euro short-term rate, Total volume","Euro short-term rate, Total volume - Unsecured - Overnight - Borrowing - Financial corporations",,EUR,6
2025-05-06,76605,EST.B.EU000A2X2A25.TT,B,EU000A2X2A25,TT,A,F,,,,,P1D,,,,"ESA 2010 Sectors: S.121, S.122, S.123, S.124, S.125, S.126, S.127, S.128, S.129",,0,,,,,S,"Euro short-term rate, Total volume","Euro short-term rate, Total volume - Unsecured - Overnight - Borrowing - Financial corporations",,EUR,6
2025-05-07,70895,EST.B.EU000A2X2A25.TT,B,EU000A2X2A25,TT,A,F,,,,,P1D,,,,"ESA 2010 Sectors: S.121, S.122, S.123, S.124, S.125, S.126, S.127, S.128, S.129",,0,,,,,S,"Euro short-term rate, Total volume","Euro short-term rate, Total volume - Unsecured - Overnight - Borrowing - Financial corporations",,EUR,6
2025-05-08,70440,EST.B.EU000A2X2A25.TT,B,EU000A2X2A25,TT,A,F,,,,,P1D,,,,"ESA 2010 Sectors: S.121, S.122, S.123, S.124, S.125, S.126, S.127, S.128, S.129",,0,,,,,S,"Euro short-term rate, Total volume","Euro short-term rate, Total volume - Unsecured - Overnight - Borrowing - Financial corporations",,EUR,6
2025-05-09,72574,EST.B.EU000A2X2A25.TT,B,EU000A2X2A25,TT,A,F,,,,,P1D,,,,"ESA 2010 Sectors: S.121, S.122, S.123, S.124, S.125, S.126, S.127, S.128, S.129",,0,,,,,S,"Euro short-term rate, Total volume","Euro short-term rate, Total volume - Unsecured - Overnight - Borrowing - Financial corporations",,EUR,6
2025-05-12,77922,EST.B.EU000A2X2A25.TT,B,EU000A2X2A25,TT,A,F,,,,,P1D,,,,"ESA 2010 Sectors: S.121, S.122, S.123, S.124, S.125, S.126, S.127, S.128, S.129",,0,,,,,S,"Euro short-term rate, Total volume","Euro short-term rate, Total volume - Unsecured - Overnight - Borrowing - Financial corporations",,EUR,6
2025-05-13,71222,EST.B.EU000A2X2A25.TT,B,EU000A2X2A25,TT,A,F,,,,,P1D,,,,"ESA 2010 Sectors: S.121, S.122, S.123, S.124, S.125, S.126, S.127, S.128, S.129",,0,,,,,S,"Euro short-term rate, Total volume","Euro short-term rate, Total volume - Unsecured - Overnight - Borrowing - Financial corporations",,EUR,6
2025-05-14,67820,EST.B.EU000A2X2A25.TT,B,EU000A2X2A25,TT,A,F,,,,,P1D,,,,"ESA 2010 Sectors: S.121, S.122, S.123, S.124, S.125, S.126, S.127, S.128, S.129",,0,,,,,S,"Euro short-term rate, Total volume","Euro short-term rate, Total volume - Unsecured - Overnight - Borrowing - Financial corporations",,EUR,6
2025-05-15,66389,EST.B.EU000A2X2A25.TT,B,EU000A2X2A25,TT,A,F,,,,,P1D,,,,"ESA 2010 Sectors: S.121, S.122, S.123, S.124, S.125, S.126, S.127, S.128, S.129",,0,,,,,S,"Euro short-term rate, Total volume","Euro short-term rate, Total volume - Unsecured - Overnight - Borrowing - Financial corporations",,EUR,6
2025-05-16,69364,EST.B.EU000A2X2A25.TT,B,EU000A2X2A25,TT,A,F,,,,,P1D,,,,"ESA 2010 Sectors: S.121, S.122, S.123, S.124, S.125, S.126, S.127, S.128, S.129",,0,,,,,S,"Euro short-term rate, Total volume","Euro short-term rate, Total volume - Unsecured - Overnight - Borrowing - Financial corporations",,EUR,6
2025-05-19,72728,EST.B.EU000A2X2A25.TT,B,EU000A2X2A25,TT,A,F,,,,,P1D,,,,"ESA 2010 Sectors: S.121, S.122, S.123, S.124, S.125, S.126, S.127, S.128, S.129",,0,,,,,S,"Euro short-term rate, Total volume","Euro short-term rate, Total volume - Unsecured - Overnight - Borrowing - Financial corporations",,EUR,6
2025-05-20,70186,EST.B.EU000A2X2A25.TT,B,EU000A2X2A25,TT,A,F,,,,,P1D,,,,"ESA 2010 Sectors: S.121, S.122, S.123, S.124, S.125, S.126, S.127, S.128, S.129",,0,,,,,S,"Euro short-term rate, Total volume","Euro short-term rate, Total volume - Unsecured - Overnight - Borrowing - Financial corporations",,EUR,6
2025-05-21,64535,EST.B.EU000A2X2A25.TT,B,EU000A2X2A25,TT,A,F,,,,,P1D,,,,"ESA 2010 Sectors: S.121, S.122, S.123, S.124, S.125, S.126, S.127, S.128, S.129",,0,,,,,S,"Euro short-term rate, Total volume","Euro short-term rate, Total volume - Unsecured - Overnight - Borrowing - Financial corporations",,EUR,6
2025-05-22,63539,EST.B.EU000A2X2A25.TT,B,EU000A2X2A25,TT,A,F,,,,,P1D,,,,"ESA 2010 Sectors: S.121, S.122, S.123, S.124, S.125, S.126, S.127, S.128, S.129",,0,,,,,S,"Euro short-term rate, Total volume","Euro short-term rate, Total volume - Unsecured - Overnight - Borrowing - Financial corporations",,EUR,6
2025-05-23,55688,EST.B.EU000A2X2A25.TT,B,EU000A2X2A25,TT,A,F,,,,,P1D,,,,"ESA 2010 Sectors: S.121, S.122, S.123, S.124, S.125, S.126, S.127, S.128, S.129",,0,,,,,S,"Euro short-term rate, Total volume","Euro short-term rate, Total volume - Unsecured - Overnight - Borrowing - Financial corporations",,EUR,6
2025-05-26,59957,EST.B.EU000A2X2A25.TT,B,EU000A2X2A25,TT,A,F,,,,,P1D,,,,"ESA 2010 Sectors: S.121, S.122, S.123, S.124, S.125, S.126, S.127, S.128, S.129",,0,,,,,S,"Euro short-term rate, Total volume","Euro short-term rate, Total volume - Unsecured - Overnight - Borrowing - Financial corporations",,EUR,6
2025-05-27,65445,EST.B.EU000A2X2A25.TT,B,EU000A2X2A25,TT,A,F,,,,,P1D,,,,"ESA 2010 Sectors: S.121, S.122, S.123, S.124, S.125, S.126, S.127, S.128, S.129",,0,,,,,S,"Euro short-term rate, Total volume","Euro short-term rate, Total volume - Unsecured - Overnight - Borrowing - Financial corporations",,EUR,6
2025-05-28,53919,EST.B.EU000A2X2A25.TT,B,EU000A2X2A25,TT,A,F,,,,,P1D,,,,"ESA 2010 Sectors: S.121, S.122, S.123, S.124, S.125, S.126, S.127, S.128, S.129",,0,,,,,S,"Euro short-term rate, Total volume","Euro short-term rate, Total volume - Unsecured - Overnight - Borrowing - Financial corporations",,EUR,6
2025-05-29,42457,EST.B.EU000A2X2A25.TT,B,EU000A2X2A25,TT,A,F,,,,,P1D,,,,"ESA 2010 Sectors: S.121, S.122, S.123, S.124, S.125, S.126, S.127, S.128, S.129",,0,,,,,S,"Euro short-term rate, Total volume","Euro short-term rate, Total volume - Unsecured - Overnight - Borrowing - Financial corporations",,EUR,6
2025-05-30,51660,EST.B.EU000A2X2A25.TT,B,EU000A2X2A25,TT,A,F,,,,,P1D,,,,"ESA 2010 Sectors: S.121, S.122, S.123, S.124, S.125, S.126, S.127, S.128, S.129",,0,,,,,S,"Euro short-term rate, Total volume","Euro short-term rate, Total volume - Unsecured - Overnight - Borrowing - Financial corporations",,EUR,6
2025-06-02,70801,EST.B.EU000A2X2A25.TT,B,EU000A2X2A25,TT,A,F,,,,,P1D,,,,"ESA 2010 Sectors: S.121, S.122, S.123, S.124, S.125, S.126, S.127, S.128, S.129",,0,,,,,S,"Euro short-term rate, Total volume","Euro short-term rate, Total volume - Unsecured - Overnight - Borrowing - Financial corporations",,EUR,6
2025-06-03,72647,EST.B.EU000A2X2A25.TT,B,EU000A2X2A25,TT,A,F,,,,,P1D,,,,"ESA 2010 Sectors: S.121, S.122, S.123, S.124, S.125, S.126, S.127, S.128, S.129",,0,,,,,S,"Euro short-term rate, Total volume","Euro short-term rate, Total volume - Unsecured - Overnight - Borrowing - Financial corporations",,EUR,6
2025-06-04,63092,EST.B.EU000A2X2A25.TT,B,EU000A2X2A25,TT,A,F,,,,,P1D,,,,"ESA 2010 Sectors: S.121, S.122, S.123, S.124, S.125, S.126, S.127, S.128, S.129",,0,,,,,S,"Euro short-term rate, Total volume","Euro short-term rate, Total volume - Unsecured - Overnight - Borrowing - Financial corporations",,EUR,6
2025-06-05,64297,EST.B.EU000A2X2A25.TT,B,EU000A2X2A25,TT,A,F,,,,,P1D,,,,"ESA 2010 Sectors: S.121, S.122, S.123, S.124, S.125, S.126, S.127, S.128, S.129",,0,,,,,S,"Euro short-term rate, Total volume","Euro short-term rate, Total volume - Unsecured - Overnight - Borrowing - Financial corporations",,EUR,6
2025-06-06,49889,EST.B.EU000A2X2A25.TT,B,EU000A2X2A25,TT,A,F,,,,,P1D,,,,"ESA 2010 Sectors: S.121, S.122, S.123, S.124, S.125, S.126, S.127, S.128, S.129",,0,,,,,S,"Euro short-term rate, Total volume","Euro short-term rate, Total volume - Unsecured - Overnight - Borrowing - Financial corporations",,EUR,6
2025-06-09,40496,EST.B.EU000A2X2A25.TT,B,EU000A2X2A25,TT,A,F,,,,,P1D,,,,"ESA 2010 Sectors: S.121, S.122, S.123, S.124, S.125, S.126, S.127, S.128, S.129",,0,,,,,S,"Euro short-term rate, Total volume","Euro short-term rate, Total volume - Unsecured - Overnight - Borrowing - Financial corporations",,EUR,6
2025-06-10,63341,EST.B.EU000A2X2A25.TT,B,EU000A2X2A25,TT,A,F,,,,,P1D,,,,"ESA 2010 Sectors: S.121, S.122, S.123, S.124, S.125, S.126, S.127, S.128, S.129",,0,,,,,S,"Euro short-term rate, Total volume","Euro short-term rate, Total volume - Unsecured - Overnight - Borrowing - Financial corporations",,EUR,6
2025-06-11,67516,EST.B.EU000A2X2A25.TT,B,EU000A2X2A25,TT,A,F,,,,,P1D,,,,"ESA 2010 Sectors: S.121, S.122, S.123, S.124, S.125, S.126, S.127, S.128, S.129",,0,,,,,S,"Euro short-term rate, Total volume","Euro short-term rate, Total volume - Unsecured - Overnight - Borrowing - Financial corporations",,EUR,6
2025-06-12,63890,EST.B.EU000A2X2A25.TT,B,EU000A2X2A25,TT,A,F,,,,,P1D,,,,"ESA 2010 Sectors: S.121, S.122, S.123, S.124, S.125, S.126, S.127, S.128, S.129",,0,,,,,S,"Euro short-term rate, Total volume","Euro short-term rate, Total volume - Unsecured - Overnight - Borrowing - Financial corporations",,EUR,6
2025-06-13,51730,EST.B.EU000A2X2A25.TT,B,EU000A2X2A25,TT,A,F,,,,,P1D,,,,"ESA 2010 Sectors: S.121, S.122, S.123, S.124, S.125, S.126, S.127, S.128, S.129",,0,,,,,S,"Euro short-term rate, Total volume","Euro short-term rate, Total volume - Unsecured - Overnight - Borrowing - Financial corporations",,EUR,6
2025-06-16,63066,EST.B.EU000A2X2A25.TT,B,EU000A2X2A25,TT,A,F,,,,,P1D,,,,"ESA 2010 Sectors: S.121, S.122, S.123, S.124, S.125, S.126, S.127, S.128, S.129",,0,,,,,S,"Euro short-term rate, Total volume","Euro short-term rate, Total volume - Unsecured - Overnight - Borrowing - Financial corporations",,EUR,6
2025-06-17,62301,EST.B.EU000A2X2A25.TT,B,EU000A2X2A25,TT,A,F,,,,,P1D,,,,"ESA 2010 Sectors: S.121, S.122, S.123, S.124, S.125, S.126, S.127, S.128, S.129",,0,,,,,S,"Euro short-term rate, Total volume","Euro short-term rate, Total volume - Unsecured - Overnight - Borrowing - Financial corporations",,EUR,6
2025-06-18,60878,EST.B.EU000A2X2A25.TT,B,EU000A2X2A25,TT,A,F,,,,,P1D,,,,"ESA 2010 Sectors: S.121, S.122, S.123, S.124, S.125, S.126, S.127, S.128, S.129",,0,,,,,S,"Euro short-term rate, Total volume","Euro short-term rate, Total volume - Unsecured - Overnight - Borrowing - Financial corporations",,EUR,6
2025-06-19,48265,EST.B.EU000A2X2A25.TT,B,EU000A2X2A25,TT,A,F,,,,,P1D,,,,"ESA 2010 Sectors: S.121, S.122, S.123, S.124, S.125, S.126, S.127, S.128, S.129",,0,,,,,S,"Euro short-term rate, Total volume","Euro short-term rate, Total volume - Unsecured - Overnight - Borrowing - Financial corporations",,EUR,6
2025-06-20,60690,EST.B.EU000A2X2A25.TT,B,EU000A2X2A25,TT,A,F,,,,,P1D,,,,"ESA 2010 Sectors: S.121, S.122, S.123, S.124, S.125, S.126, S.127, S.128, S.129",,0,,,,,S,"Euro short-term rate, Total volume","Euro short-term rate, Total volume - Unsecured - Overnight - Borrowing - Financial corporations",,EUR,6
2025-06-23,61915,EST.B.EU000A2X2A25.TT,B,EU000A2X2A25,TT,A,F,,,,,P1D,,,,"ESA 2010 Sectors: S.121, S.122, S.123, S.124, S.125, S.126, S.127, S.128, S.129",,0,,,,,S,"Euro short-term rate, Total volume","Euro short-term rate, Total volume - Unsecured - Overnight - Borrowing - Financial corporations",,EUR,6
2025-06-24,64452,EST.B.EU000A2X2A25.TT,B,EU000A2X2A25,TT,A,F,,,,,P1D,,,,"ESA 2010 Sectors: S.121, S.122, S.123, S.124, S.125, S.126, S.127, S.128, S.129",,0,,,,,S,"Euro short-term rate, Total volume","Euro short-term rate, Total volume - Unsecured - Overnight - Borrowing - Financial corporations",,EUR,6
2025-06-25,55792,EST.B.EU000A2X2A25.TT,B,EU000A2X2A25,TT,A,F,,,,,P1D,,,,"ESA 2010 Sectors: S.121, S.122, S.123, S.124, S.125, S.126, S.127, S.128, S.129",,0,,,,,S,"Euro short-term rate, Total volume","Euro short-term rate, Total volume - Unsecured - Overnight - Borrowing - Financial corporations",,EUR,6
2025-06-26,53470,EST.B.EU000A2X2A25.TT,B,EU000A2X2A25,TT,A,F,,,,,P1D,,,,"ESA 2010 Sectors: S.121, S.122, S.123, S.124, S.125, S.126, S.127, S.128, S.129",,0,,,,,S,"Euro short-term rate, Total volume","Euro short-term rate, Total volume - Unsecured - Overnight - Borrowing - Financial corporations",,EUR,6
2025-06-27,51767,EST.B.EU000A2X2A25.TT,B,EU000A2X2A25,TT,A,F,,,,,P1D,,,,"ESA 2010 Sectors: S.121, S.122, S.123, S.124, S.125, S.126, S.127, S.128, S.129",,0,,,,,S,"Euro short-term rate, Total volume","Euro short-term rate, Total volume - Unsecured - Overnight - Borrowing - Financial corporations",,EUR,6
2025-06-30,51235,EST.B.EU000A2X2A25.TT,B,EU000A2X2A25,TT,A,F,,,,,P1D,,,,"ESA 2010 Sectors: S.121, S.122, S.123, S.124, S.125, S.126, S.127, S.128, S.129",,0,,,,,S,"Euro short-term rate, Total volume","Euro short-term rate, Total volume - Unsecured - Overnight - Borrowing - Financial corporations",,EUR,6
2025-07-01,75101,EST.B.EU000A2X2A25.TT,B,EU000A2X2A25,TT,A,F,,,,,P1D,,,,"ESA 2010 Sectors: S.121, S.122, S.123, S.124, S.125, S.126, S.127, S.128, S.129",,0,,,,,S,"Euro short-term rate, Total volume","Euro short-term rate, Total volume - Unsecured - Overnight - Borrowing - Financial corporations",,EUR,6
2025-07-02,77118,EST.B.EU000A2X2A25.TT,B,EU000A2X2A25,TT,A,F,,,,,P1D,,,,"ESA 2010 Sectors: S.121, S.122, S.123, S.124, S.125, S.126, S.127, S.128, S.129",,0,,,,,S,"Euro short-term rate, Total volume","Euro short-term rate, Total volume - Unsecured - Overnight - Borrowing - Financial corporations",,EUR,6
2025-07-03,75713,EST.B.EU000A2X2A25.TT,B,EU000A2X2A25,TT,A,F,,,,,P1D,,,,"ESA 2010 Sectors: S.121, S.122, S.123, S.124, S.125, S.126, S.127, S.128, S.129",,0,,,,,S,"Euro short-term rate, Total volume","Euro short-term rate, Total volume - Unsecured - Overnight - Borrowing - Financial corporations",,EUR,6
2025-07-04,77570,EST.B.EU000A2X2A25.TT,B,EU000A2X2A25,TT,A,F,,,,,P1D,,,,"ESA 2010 Sectors: S.121, S.122, S.123, S.124, S.125, S.126, S.127, S.128, S.129",,0,,,,,S,"Euro short-term rate, Total volume","Euro short-term rate, Total volume - Unsecured - Overnight - Borrowing - Financial corporations",,EUR,6
2025-07-07,78362,EST.B.EU000A2X2A25.TT,B,EU000A2X2A25,TT,A,F,,,,,P1D,,,,"ESA 2010 Sectors: S.121, S.122, S.123, S.124, S.125, S.126, S.127, S.128, S.129",,0,,,,,S,"Euro short-term rate, Total volume","Euro short-term rate, Total volume - Unsecured - Overnight - Borrowing - Financial corporations",,EUR,6
2025-07-08,75814,EST.B.EU000A2X2A25.TT,B,EU000A2X2A25,TT,A,F,,,,,P1D,,,,"ESA 2010 Sectors: S.121, S.122, S.123, S.124, S.125, S.126, S.127, S.128, S.129",,0,,,,,S,"Euro short-term rate, Total volume","Euro short-term rate, Total volume - Unsecured - Overnight - Borrowing - Financial corporations",,EUR,6
2025-07-09,74301,EST.B.EU000A2X2A25.TT,B,EU000A2X2A25,TT,A,F,,,,,P1D,,,,"ESA 2010 Sectors: S.121, S.122, S.123, S.124, S.125, S.126, S.127, S.128, S.129",,0,,,,,S,"Euro short-term rate, Total volume","Euro short-term rate, Total volume - Unsecured - Overnight - Borrowing - Financial corporations",,EUR,6
2025-07-10,72011,EST.B.EU000A2X2A25.TT,B,EU000A2X2A25,TT,A,F,,,,,P1D,,,,"ESA 2010 Sectors: S.121, S.122, S.123, S.124, S.125, S.126, S.127, S.128, S.129",,0,,,,,S,"Euro short-term rate, Total volume","Euro short-term rate, Total volume - Unsecured - Overnight - Borrowing - Financial corporations",,EUR,6
2025-07-11,68462,EST.B.EU000A2X2A25.TT,B,EU000A2X2A25,TT,A,F,,,,,P1D,,,,"ESA 2010 Sectors: S.121, S.122, S.123, S.124, S.125, S.126, S.127, S.128, S.129",,0,,,,,S,"Euro short-term rate, Total volume","Euro short-term rate, Total volume - Unsecured - Overnight - Borrowing - Financial corporations",,EUR,6
2025-07-14,67053,EST.B.EU000A2X2A25.TT,B,EU000A2X2A25,TT,A,F,,,,,P1D,,,,"ESA 2010 Sectors: S.121, S.122, S.123, S.124, S.125, S.126, S.127, S.128, S.129",,0,,,,,S,"Euro short-term rate, Total volume","Euro short-term rate, Total volume - Unsecured - Overnight - Borrowing - Financial corporations",,EUR,6
2025-07-15,67278,EST.B.EU000A2X2A25.TT,B,EU000A2X2A25,TT,A,F,,,,,P1D,,,,"ESA 2010 Sectors: S.121, S.122, S.123, S.124, S.125, S.126, S.127, S.128, S.129",,0,,,,,S,"Euro short-term rate, Total volume","Euro short-term rate, Total volume - Unsecured - Overnight - Borrowing - Financial corporations",,EUR,6
2025-07-16,70260,EST.B.EU000A2X2A25.TT,B,EU000A2X2A25,TT,A,F,,,,,P1D,,,,"ESA 2010 Sectors: S.121, S.122, S.123, S.124, S.125, S.126, S.127, S.128, S.129",,0,,,,,S,"Euro short-term rate, Total volume","Euro short-term rate, Total volume - Unsecured - Overnight - Borrowing - Financial corporations",,EUR,6
2025-07-17,69341,EST.B.EU000A2X2A25.TT,B,EU000A2X2A25,TT,A,F,,,,,P1D,,,,"ESA 2010 Sectors: S.121, S.122, S.123, S.124, S.125, S.126, S.127, S.128, S.129",,0,,,,,S,"Euro short-term rate, Total volume","Euro short-term rate, Total volume - Unsecured - Overnight - Borrowing - Financial corporations",,EUR,6
2025-07-18,73483,EST.B.EU000A2X2A25.TT,B,EU000A2X2A25,TT,A,F,,,,,P1D,,,,"ESA 2010 Sectors: S.121, S.122, S.123, S.124, S.125, S.126, S.127, S.128, S.129",,0,,,,,S,"Euro short-term rate, Total volume","Euro short-term rate, Total volume - Unsecured - Overnight - Borrowing - Financial corporations",,EUR,6
2025-07-21,75404,EST.B.EU000A2X2A25.TT,B,EU000A2X2A25,TT,A,F,,,,,P1D,,,,"ESA 2010 Sectors: S.121, S.122, S.123, S.124, S.125, S.126, S.127, S.128, S.129",,0,,,,,S,"Euro short-term rate, Total volume","Euro short-term rate, Total volume - Unsecured - Overnight - Borrowing - Financial corporations",,EUR,6
2025-07-22,77901,EST.B.EU000A2X2A25.TT,B,EU000A2X2A25,TT,A,F,,,,,P1D,,,,"ESA 2010 Sectors: S.121, S.122, S.123, S.124, S.125, S.126, S.127, S.128, S.129",,0,,,,,S,"Euro short-term rate, Total volume","Euro short-term rate, Total volume - Unsecured - Overnight - Borrowing - Financial corporations",,EUR,6
2025-07-23,76405,EST.B.EU000A2X2A25.TT,B,EU000A2X2A25,TT,A,F,,,,,P1D,,,,"ESA 2010 Sectors: S.121, S.122, S.123, S.124, S.125, S.126, S.127, S.128, S.129",,0,,,,,S,"Euro short-term rate, Total volume","Euro short-term rate, Total volume - Unsecured - Overnight - Borrowing - Financial corporations",,EUR,6
2025-07-24,74317,EST.B.EU000A2X2A25.TT,B,EU000A2X2A25,TT,A,F,,,,,P1D,,,,"ESA 2010 Sectors: S.121, S.122, S.123, S.124, S.125, S.126, S.127, S.128, S.129",,0,,,,,S,"Euro short-term rate, Total volume","Euro short-term rate, Total volume - Unsecured - Overnight - Borrowing - Financial corporations",,EUR,6
2025-07-25,68449,EST.B.EU000A2X2A25.TT,B,EU000A2X2A25,TT,A,F,,,,,P1D,,,,"ESA 2010 Sectors: S.121, S.122, S.123, S.124, S.125, S.126, S.127, S.128, S.129",,0,,,,,S,"Euro short-term rate, Total volume","Euro short-term rate, Total volume - Unsecured - Overnight - Borrowing - Financial corporations",,EUR,6
2025-07-28,68764,EST.B.EU000A2X2A25.TT,B,EU000A2X2A25,TT,A,F,,,,,P1D,,,,"ESA 2010 Sectors: S.121, S.122, S.123, S.124, S.125, S.126, S.127, S.128, S.129",,0,,,,,S,"Euro short-term rate, Total volume","Euro short-term rate, Total volume - Unsecured - Overnight - Borrowing - Financial corporations",,EUR,6
2025-07-29,67209,EST.B.EU000A2X2A25.TT,B,EU000A2X2A25,TT,A,F,,,,,P1D,,,,"ESA 2010 Sectors: S.121, S.122, S.123, S.124, S.125, S.126, S.127, S.128, S.129",,0,,,,,S,"Euro short-term rate, Total volume","Euro short-term rate, Total volume - Unsecured - Overnight - Borrowing - Financial corporations",,EUR,6
2025-07-30,64874,EST.B.EU000A2X2A25.TT,B,EU000A2X2A25,TT,A,F,,,,,P1D,,,,"ESA 2010 Sectors: S.121, S.122, S.123, S.124, S.125, S.126, S.127, S.128, S.129",,0,,,,,S,"Euro short-term rate, Total volume","Euro short-term rate, Total volume - Unsecured - Overnight - Borrowing - Financial corporations",,EUR,6
2025-07-31,54558,EST.B.EU000A2X2A25.TT,B,EU000A2X2A25,TT,A,F,,,,,P1D,,,,"ESA 2010 Sectors: S.121, S.122, S.123, S.124, S.125, S.126, S.127, S.128, S.129",,0,,,,,S,"Euro short-term rate, Total volume","Euro short-term rate, Total volume - Unsecured - Overnight - Borrowing - Financial corporations",,EUR,6
2025-08-01,69214,EST.B.EU000A2X2A25.TT,B,EU000A2X2A25,TT,A,F,,,,,P1D,,,,"ESA 2010 Sectors: S.121, S.122, S.123, S.124, S.125, S.126, S.127, S.128, S.129",,0,,,,,S,"Euro short-term rate, Total volume","Euro short-term rate, Total volume - Unsecured - Overnight - Borrowing - Financial corporations",,EUR,6
2025-08-04,71205,EST.B.EU000A2X2A25.TT,B,EU000A2X2A25,TT,A,F,,,,,P1D,,,,"ESA 2010 Sectors: S.121, S.122, S.123, S.124, S.125, S.126, S.127, S.128, S.129",,0,,,,,S,"Euro short-term rate, Total volume","Euro short-term rate, Total volume - Unsecured - Overnight - Borrowing - Financial corporations",,EUR,6
2025-08-05,75618,EST.B.EU000A2X2A25.TT,B,EU000A2X2A25,TT,A,F,,,,,P1D,,,,"ESA 2010 Sectors: S.121, S.122, S.123, S.124, S.125, S.126, S.127, S.128, S.129",,0,,,,,S,"Euro short-term rate, Total volume","Euro short-term rate, Total volume - Unsecured - Overnight - Borrowing - Financial corporations",,EUR,6
2025-08-06,75290,EST.B.EU000A2X2A25.TT,B,EU000A2X2A25,TT,A,F,,,,,P1D,,,,"ESA 2010 Sectors: S.121, S.122, S.123, S.124, S.125, S.126, S.127, S.128, S.129",,0,,,,,S,"Euro short-term rate, Total volume","Euro short-term rate, Total volume - Unsecured - Overnight - Borrowing - Financial corporations",,EUR,6
2025-08-07,73556,EST.B.EU000A2X2A25.TT,B,EU000A2X2A25,TT,A,F,,,,,P1D,,,,"ESA 2010 Sectors: S.121, S.122, S.123, S.124, S.125, S.126, S.127, S.128, S.129",,0,,,,,S,"Euro short-term rate, Total volume","Euro short-term rate, Total volume - Unsecured - Overnight - Borrowing - Financial corporations",,EUR,6
2025-08-08,72473,EST.B.EU000A2X2A25.TT,B,EU000A2X2A25,TT,A,F,,,,,P1D,,,,"ESA 2010 Sectors: S.121, S.122, S.123, S.124, S.125, S.126, S.127, S.128, S.129",,0,,,,,S,"Euro short-term rate, Total volume","Euro short-term rate, Total volume - Unsecured - Overnight - Borrowing - Financial corporations",,EUR,6
2025-08-11,59468,EST.B.EU000A2X2A25.TT,B,EU000A2X2A25,TT,A,F,,,,,P1D,,,,"ESA 2010 Sectors: S.121, S.122, S.123, S.124, S.125, S.126, S.127, S.128, S.129",,0,,,,,S,"Euro short-term rate, Total volume","Euro short-term rate, Total volume - Unsecured - Overnight - Borrowing - Financial corporations",,EUR,6
2025-08-12,68808,EST.B.EU000A2X2A25.TT,B,EU000A2X2A25,TT,A,F,,,,,P1D,,,,"ESA 2010 Sectors: S.121, S.122, S.123, S.124, S.125, S.126, S.127, S.128, S.129",,0,,,,,S,"Euro short-term rate, Total volume","Euro short-term rate, Total volume - Unsecured - Overnight - Borrowing - Financial corporations",,EUR,6
2025-08-13,67274,EST.B.EU000A2X2A25.TT,B,EU000A2X2A25,TT,A,F,,,,,P1D,,,,"ESA 2010 Sectors: S.121, S.122, S.123, S.124, S.125, S.126, S.127, S.128, S.129",,0,,,,,S,"Euro short-term rate, Total volume","Euro short-term rate, Total volume - Unsecured - Overnight - Borrowing - Financial corporations",,EUR,6
2025-08-14,58494,EST.B.EU000A2X2A25.TT,B,EU000A2X2A25,TT,A,F,,,,,P1D,,,,"ESA 2010 Sectors: S.121, S.122, S.123, S.124, S.125, S.126, S.127, S.128, S.129",,0,,,,,S,"Euro short-term rate, Total volume","Euro short-term rate, Total volume - Unsecured - Overnight - Borrowing - Financial corporations",,EUR,6
2025-08-15,59937,EST.B.EU000A2X2A25.TT,B,EU000A2X2A25,TT,A,F,,,,,P1D,,,,"ESA 2010 Sectors: S.121, S.122, S.123, S.124, S.125, S.126, S.127, S.128, S.129",,0,,,,,S,"Euro short-term rate, Total volume","Euro short-term rate, Total volume - Unsecured - Overnight - Borrowing - Financial corporations",,EUR,6
2025-08-18,68243,EST.B.EU000A2X2A25.TT,B,EU000A2X2A25,TT,A,F,,,,,P1D,,,,"ESA 2010 Sectors: S.121, S.122, S.123, S.124, S.125, S.126, S.127, S.128, S.129",,0,,,,,S,"Euro short-term rate, Total volume","Euro short-term rate, Total volume - Unsecured - Overnight - Borrowing - Financial corporations",,EUR,6
2025-08-19,70704,EST.B.EU000A2X2A25.TT,B,EU000A2X2A25,TT,A,F,,,,,P1D,,,,"ESA 2010 Sectors: S.121, S.122, S.123, S.124, S.125, S.126, S.127, S.128, S.129",,0,,,,,S,"Euro short-term rate, Total volume","Euro short-term rate, Total volume - Unsecured - Overnight - Borrowing - Financial corporations",,EUR,6
2025-08-20,70116,EST.B.EU000A2X2A25.TT,B,EU000A2X2A25,TT,A,F,,,,,P1D,,,,"ESA 2010 Sectors: S.121, S.122, S.123, S.124, S.125, S.126, S.127, S.128, S.129",,0,,,,,S,"Euro short-term rate, Total volume","Euro short-term rate, Total volume - Unsecured - Overnight - Borrowing - Financial corporations",,EUR,6
2025-08-21,68493,EST.B.EU000A2X2A25.TT,B,EU000A2X2A25,TT,A,F,,,,,P1D,,,,"ESA 2010 Sectors: S.121, S.122, S.123, S.124, S.125, S.126, S.127, S.128, S.129",,0,,,,,S,"Euro short-term rate, Total volume","Euro short-term rate, Total volume - Unsecured - Overnight - Borrowing - Financial corporations",,EUR,6
2025-08-22,63395,EST.B.EU000A2X2A25.TT,B,EU000A2X2A25,TT,A,F,,,,,P1D,,,,"ESA 2010 Sectors: S.121, S.122, S.123, S.124, S.125, S.126, S.127, S.128, S.129",,0,,,,,S,"Euro short-term rate, Total volume","Euro short-term rate, Total volume - Unsecured - Overnight - Borrowing - Financial corporations",,EUR,6
2025-08-25,65044,EST.B.EU000A2X2A25.TT,B,EU000A2X2A25,TT,A,F,,,,,P1D,,,,"ESA 2010 Sectors: S.121, S.122, S.123, S.124, S.125, S.126, S.127, S.128, S.129",,0,,,,,S,"Euro short-term rate, Total volume","Euro short-term rate, Total volume - Unsecured - Overnight - Borrowing - Financial corporations",,EUR,6
2025-08-26,66825,EST.B.EU000A2X2A25.TT,B,EU000A2X2A25,TT,A,F,,,,,P1D,,,,"ESA 2010 Sectors: S.121, S.122, S.123, S.124, S.125, S.126, S.127, S.128, S.129",,0,,,,,S,"Euro short-term rate, Total volume","Euro short-term rate, Total volume - Unsecured - Overnight - Borrowing - Financial corporations",,EUR,6
2025-08-27,65754,EST.B.EU000A2X2A25.TT,B,EU000A2X2A25,TT,A,F,,,,,P1D,,,,"ESA 2010 Sectors: S.121, S.122, S.123, S.124, S.125, S.126, S.127, S.128, S.129",,0,,,,,S,"Euro short-term rate, Total volume","Euro short-term rate, Total volume - Unsecured - Overnight - Borrowing - Financial corporations",,EUR,6
2025-08-28,64604,EST.B.EU000A2X2A25.TT,B,EU000A2X2A25,TT,A,F,,,,,P1D,,,,"ESA 2010 Sectors: S.121, S.122, S.123, S.124, S.125, S.126, S.127, S.128, S.129",,0,,,,,S,"Euro short-term rate, Total volume","Euro short-term rate, Total volume - Unsecured - Overnight - Borrowing - Financial corporations",,EUR,6
2025-08-29,58208,EST.B.EU000A2X2A25.TT,B,EU000A2X2A25,TT,A,F,,,,,P1D,,,,"ESA 2010 Sectors: S.121, S.122, S.123, S.124, S.125, S.126, S.127, S.128, S.129",,0,,,,,S,"Euro short-term rate, Total volume","Euro short-term rate, Total volume - Unsecured - Overnight - Borrowing - Financial corporations",,EUR,6
2025-09-01,69327,EST.B.EU000A2X2A25.TT,B,EU000A2X2A25,TT,A,F,,,,,P1D,,,,"ESA 2010 Sectors: S.121, S.122, S.123, S.124, S.125, S.126, S.127, S.128, S.129",,0,,,,,S,"Euro short-term rate, Total volume","Euro short-term rate, Total volume - Unsecured - Overnight - Borrowing - Financial corporations",,EUR,6
2025-09-02,60458,EST.B.EU000A2X2A25.TT,B,EU000A2X2A25,TT,A,F,,,,,P1D,,,,"ESA 2010 Sectors: S.121, S.122, S.123, S.124, S.125, S.126, S.127, S.128, S.129",,0,,,,,S,"Euro short-term rate, Total volume","Euro short-term rate, Total volume - Unsecured - Overnight - Borrowing - Financial corporations",,EUR,6
2025-09-03,67049,EST.B.EU000A2X2A25.TT,B,EU000A2X2A25,TT,A,F,,,,,P1D,,,,"ESA 2010 Sectors: S.121, S.122, S.123, S.124, S.125, S.126, S.127, S.128, S.129",,0,,,,,S,"Euro short-term rate, Total volume","Euro short-term rate, Total volume - Unsecured - Overnight - Borrowing - Financial corporations",,EUR,6
2025-09-04,66541,EST.B.EU000A2X2A25.TT,B,EU000A2X2A25,TT,A,F,,,,,P1D,,,,"ESA 2010 Sectors: S.121, S.122, S.123, S.124, S.125, S.126, S.127, S.128, S.129",,0,,,,,S,"Euro short-term rate, Total volume","Euro short-term rate, Total volume - Unsecured - Overnight - Borrowing - Financial corporations",,EUR,6
2025-09-05,61903,EST.B.EU000A2X2A25.TT,B,EU000A2X2A25,TT,A,F,,,,,P1D,,,,"ESA 2010 Sectors: S.121, S.122, S.123, S.124, S.125, S.126, S.127, S.128, S.129",,0,,,,,S,"Euro short-term rate, Total volume","Euro short-term rate, Total volume - Unsecured - Overnight - Borrowing - Financial corporations",,EUR,6
2025-09-08,65006,EST.B.EU000A2X2A25.TT,B,EU000A2X2A25,TT,A,F,,,,,P1D,,,,"ESA 2010 Sectors: S.121, S.122, S.123, S.124, S.125, S.126, S.127, S.128, S.129",,0,,,,,S,"Euro short-term rate, Total volume","Euro short-term rate, Total volume - Unsecured - Overnight - Borrowing - Financial corporations",,EUR,6
2025-09-09,68819,EST.B.EU000A2X2A25.TT,B,EU000A2X2A25,TT,A,F,,,,,P1D,,,,"ESA 2010 Sectors: S.121, S.122, S.123, S.124, S.125, S.126, S.127, S.128, S.129",,0,,,,,S,"Euro short-term rate, Total volume","Euro short-term rate, Total volume - Unsecured - Overnight - Borrowing - Financial corporations",,EUR,6
2025-09-10,66229,EST.B.EU000A2X2A25.TT,B,EU000A2X2A25,TT,A,F,,,,,P1D,,,,"ESA 2010 Sectors: S.121, S.122, S.123, S.124, S.125, S.126, S.127, S.128, S.129",,0,,,,,S,"Euro short-term rate, Total volume","Euro short-term rate, Total volume - Unsecured - Overnight - Borrowing - Financial corporations",,EUR,6
2025-09-11,67622,EST.B.EU000A2X2A25.TT,B,EU000A2X2A25,TT,A,F,,,,,P1D,,,,"ESA 2010 Sectors: S.121, S.122, S.123, S.124, S.125, S.126, S.127, S.128, S.129",,0,,,,,S,"Euro short-term rate, Total volume","Euro short-term rate, Total volume - Unsecured - Overnight - Borrowing - Financial corporations",,EUR,6
2025-09-12,66562,EST.B.EU000A2X2A25.TT,B,EU000A2X2A25,TT,A,F,,,,,P1D,,,,"ESA 2010 Sectors: S.121, S.122, S.123, S.124, S.125, S.126, S.127, S.128, S.129",,0,,,,,S,"Euro short-term rate, Total volume","Euro short-term rate, Total volume - Unsecured - Overnight - Borrowing - Financial corporations",,EUR,6
2025-09-15,68076,EST.B.EU000A2X2A25.TT,B,EU000A2X2A25,TT,A,F,,,,,P1D,,,,"ESA 2010 Sectors: S.121, S.122, S.123, S.124, S.125, S.126, S.127, S.128, S.129",,0,,,,,S,"Euro short-term rate, Total volume","Euro short-term rate, Total volume - Unsecured - Overnight - Borrowing - Financial corporations",,EUR,6
2025-09-16,66131,EST.B.EU000A2X2A25.TT,B,EU000A2X2A25,TT,A,F,,,,,P1D,,,,"ESA 2010 Sectors: S.121, S.122, S.123, S.124, S.125, S.126, S.127, S.128, S.129",,0,,,,,S,"Euro short-term rate, Total volume","Euro short-term rate, Total volume - Unsecured - Overnight - Borrowing - Financial corporations",,EUR,6
2025-09-17,65994,EST.B.EU000A2X2A25.TT,B,EU000A2X2A25,TT,A,F,,,,,P1D,,,,"ESA 2010 Sectors: S.121, S.122, S.123, S.124, S.125, S.126, S.127, S.128, S.129",,0,,,,,S,"Euro short-term rate, Total volume","Euro short-term rate, Total volume - Unsecured - Overnight - Borrowing - Financial corporations",,EUR,6
2025-09-18,63091,EST.B.EU000A2X2A25.TT,B,EU000A2X2A25,TT,A,F,,,,,P1D,,,,"ESA 2010 Sectors: S.121, S.122, S.123, S.124, S.125, S.126, S.127, S.128, S.129",,0,,,,,S,"Euro short-term rate, Total volume","Euro short-term rate, Total volume - Unsecured - Overnight - Borrowing - Financial corporations",,EUR,6
2025-09-19,59203,EST.B.EU000A2X2A25.TT,B,EU000A2X2A25,TT,A,F,,,,,P1D,,,,"ESA 2010 Sectors: S.121, S.122, S.123, S.124, S.125, S.126, S.127, S.128, S.129",,0,,,,,S,"Euro short-term rate, Total volume","Euro short-term rate, Total volume - Unsecured - Overnight - Borrowing - Financial corporations",,EUR,6
2025-09-22,62044,EST.B.EU000A2X2A25.TT,B,EU000A2X2A25,TT,A,F,,,,,P1D,,,,"ESA 2010 Sectors: S.121, S.122, S.123, S.124, S.125, S.126, S.127, S.128, S.129",,0,,,,,S,"Euro short-term rate, Total volume","Euro short-term rate, Total volume - Unsecured - Overnight - Borrowing - Financial corporations",,EUR,6
2025-09-23,66384,EST.B.EU000A2X2A25.TT,B,EU000A2X2A25,TT,A,F,,,,,P1D,,,,"ESA 2010 Sectors: S.121, S.122, S.123, S.124, S.125, S.126, S.127, S.128, S.129",,0,,,,,S,"Euro short-term rate, Total volume","Euro short-term rate, Total volume - Unsecured - Overnight - Borrowing - Financial corporations",,EUR,6
2025-09-24,61709,EST.B.EU000A2X2A25.TT,B,EU000A2X2A25,TT,A,F,,,,,P1D,,,,"ESA 2010 Sectors: S.121, S.122, S.123, S.124, S.125, S.126, S.127, S.128, S.129",,0,,,,,S,"Euro short-term rate, Total volume","Euro short-term rate, Total volume - Unsecured - Overnight - Borrowing - Financial corporations",,EUR,6
2025-09-25,61096,EST.B.EU000A2X2A25.TT,B,EU000A2X2A25,TT,A,F,,,,,P1D,,,,"ESA 2010 Sectors: S.121, S.122, S.123, S.124, S.125, S.126, S.127, S.128, S.129",,0,,,,,S,"Euro short-term rate, Total volume","Euro short-term rate, Total volume - Unsecured - Overnight - Borrowing - Financial corporations",,EUR,6
2025-09-26,57154,EST.B.EU000A2X2A25.TT,B,EU000A2X2A25,TT,A,F,,,,,P1D,,,,"ESA 2010 Sectors: S.121, S.122, S.123, S.124, S.125, S.126, S.127, S.128, S.129",,0,,,,,S,"Euro short-term rate, Total volume","Euro short-term rate, Total volume - Unsecured - Overnight - Borrowing - Financial corporations",,EUR,6
2025-09-29,62448,EST.B.EU000A2X2A25.TT,B,EU000A2X2A25,TT,A,F,,,,,P1D,,,,"ESA 2010 Sectors: S.121, S.122, S.123, S.124, S.125, S.126, S.127, S.128, S.129",,0,,,,,S,"Euro short-term rate, Total volume","Euro short-term rate, Total volume - Unsecured - Overnight - Borrowing - Financial corporations",,EUR,6
2025-09-30,55679,EST.B.EU000A2X2A25.TT,B,EU000A2X2A25,TT,A,F,,,,,P1D,,,,"ESA 2010 Sectors: S.121, S.122, S.123, S.124, S.125, S.126, S.127, S.128, S.129",,0,,,,,S,"Euro short-term rate, Total volume","Euro short-term rate, Total volume - Unsecured - Overnight - Borrowing - Financial corporations",,EUR,6
2025-10-01,66410,EST.B.EU000A2X2A25.TT,B,EU000A2X2A25,TT,A,F,,,,,P1D,,,,"ESA 2010 Sectors: S.121, S.122, S.123, S.124, S.125, S.126, S.127, S.128, S.129",,0,,,,,S,"Euro short-term rate, Total volume","Euro short-term rate, Total volume - Unsecured - Overnight - Borrowing - Financial corporations",,EUR,6
2025-10-02,56949,EST.B.EU000A2X2A25.TT,B,EU000A2X2A25,TT,A,F,,,,,P1D,,,,"ESA 2010 Sectors: S.121, S.122, S.123, S.124, S.125, S.126, S.127, S.128, S.129",,0,,,,,S,"Euro short-term rate, Total volume","Euro short-term rate, Total volume - Unsecured - Overnight - Borrowing - Financial corporations",,EUR,6
2025-10-03,48675,EST.B.EU000A2X2A25.TT,B,EU000A2X2A25,TT,A,F,,,,,P1D,,,,"ESA 2010 Sectors: S.121, S.122, S.123, S.124, S.125, S.126, S.127, S.128, S.129",,0,,,,,S,"Euro short-term rate, Total volume","Euro short-term rate, Total volume - Unsecured - Overnight - Borrowing - Financial corporations",,EUR,6
2025-10-06,67068,EST.B.EU000A2X2A25.TT,B,EU000A2X2A25,TT,A,F,,,,,P1D,,,,"ESA 2010 Sectors: S.121, S.122, S.123, S.124, S.125, S.126, S.127, S.128, S.129",,0,,,,,S,"Euro short-term rate, Total volume","Euro short-term rate, Total volume - Unsecured - Overnight - Borrowing - Financial corporations",,EUR,6
2025-10-07,65729,EST.B.EU000A2X2A25.TT,B,EU000A2X2A25,TT,A,F,,,,,P1D,,,,"ESA 2010 Sectors: S.121, S.122, S.123, S.124, S.125, S.126, S.127, S.128, S.129",,0,,,,,S,"Euro short-term rate, Total volume","Euro short-term rate, Total volume - Unsecured - Overnight - Borrowing - Financial corporations",,EUR,6
2025-10-08,62497,EST.B.EU000A2X2A25.TT,B,EU000A2X2A25,TT,A,F,,,,,P1D,,,,"ESA 2010 Sectors: S.121, S.122, S.123, S.124, S.125, S.126, S.127, S.128, S.129",,0,,,,,S,"Euro short-term rate, Total volume","Euro short-term rate, Total volume - Unsecured - Overnight - Borrowing - Financial corporations",,EUR,6
2025-10-09,62467,EST.B.EU000A2X2A25.TT,B,EU000A2X2A25,TT,A,F,,,,,P1D,,,,"ESA 2010 Sectors: S.121, S.122, S.123, S.124, S.125, S.126, S.127, S.128, S.129",,0,,,,,S,"Euro short-term rate, Total volume","Euro short-term rate, Total volume - Unsecured - Overnight - Borrowing - Financial corporations",,EUR,6
2025-10-10,65040,EST.B.EU000A2X2A25.TT,B,EU000A2X2A25,TT,A,F,,,,,P1D,,,,"ESA 2010 Sectors: S.121, S.122, S.123, S.124, S.125, S.126, S.127, S.128, S.129",,0,,,,,S,"Euro short-term rate, Total volume","Euro short-term rate, Total volume - Unsecured - Overnight - Borrowing - Financial corporations",,EUR,6
2025-10-13,69968,EST.B.EU000A2X2A25.TT,B,EU000A2X2A25,TT,A,F,,,,,P1D,,,,"ESA 2010 Sectors: S.121, S.122, S.123, S.124, S.125, S.126, S.127, S.128, S.129",,0,,,,,S,"Euro short-term rate, Total volume","Euro short-term rate, Total volume - Unsecured - Overnight - Borrowing - Financial corporations",,EUR,6
2025-10-14,67099,EST.B.EU000A2X2A25.TT,B,EU000A2X2A25,TT,A,F,,,,,P1D,,,,"ESA 2010 Sectors: S.121, S.122, S.123, S.124, S.125, S.126, S.127, S.128, S.129",,0,,,,,S,"Euro short-term rate, Total volume","Euro short-term rate, Total volume - Unsecured - Overnight - Borrowing - Financial corporations",,EUR,6
2025-10-15,68248,EST.B.EU000A2X2A25.TT,B,EU000A2X2A25,TT,A,F,,,,,P1D,,,,"ESA 2010 Sectors: S.121, S.122, S.123, S.124, S.125, S.126, S.127, S.128, S.129",,0,,,,,S,"Euro short-term rate, Total volume","Euro short-term rate, Total volume - Unsecured - Overnight - Borrowing - Financial corporations",,EUR,6
2025-10-16,68653,EST.B.EU000A2X2A25.TT,B,EU000A2X2A25,TT,A,F,,,,,P1D,,,,"ESA 2010 Sectors: S.121, S.122, S.123, S.124, S.125, S.126, S.127, S.128, S.129",,0,,,,,S,"Euro short-term rate, Total volume","Euro short-term rate, Total volume - Unsecured - Overnight - Borrowing - Financial corporations",,EUR,6
2025-10-17,67458,EST.B.EU000A2X2A25.TT,B,EU000A2X2A25,TT,A,F,,,,,P1D,,,,"ESA 2010 Sectors: S.121, S.122, S.123, S.124, S.125, S.126, S.127, S.128, S.129",,0,,,,,S,"Euro short-term rate, Total volume","Euro short-term rate, Total volume - Unsecured - Overnight - Borrowing - Financial corporations",,EUR,6
2025-10-20,64675,EST.B.EU000A2X2A25.TT,B,EU000A2X2A25,TT,A,F,,,,,P1D,,,,"ESA 2010 Sectors: S.121, S.122, S.123, S.124, S.125, S.126, S.127, S.128, S.129",,0,,,,,S,"Euro short-term rate, Total volume","Euro short-term rate, Total volume - Unsecured - Overnight - Borrowing - Financial corporations",,EUR,6
2025-10-21,70482,EST.B.EU000A2X2A25.TT,B,EU000A2X2A25,TT,A,F,,,,,P1D,,,,"ESA 2010 Sectors: S.121, S.122, S.123, S.124, S.125, S.126, S.127, S.128, S.129",,0,,,,,S,"Euro short-term rate, Total volume","Euro short-term rate, Total volume - Unsecured - Overnight - Borrowing - Financial corporations",,EUR,6
2025-10-22,66073,EST.B.EU000A2X2A25.TT,B,EU000A2X2A25,TT,A,F,,,,,P1D,,,,"ESA 2010 Sectors: S.121, S.122, S.123, S.124, S.125, S.126, S.127, S.128, S.129",,0,,,,,S,"Euro short-term rate, Total volume","Euro short-term rate, Total volume - Unsecured - Overnight - Borrowing - Financial corporations",,EUR,6
2025-10-23,64078,EST.B.EU000A2X2A25.TT,B,EU000A2X2A25,TT,A,F,,,,,P1D,,,,"ESA 2010 Sectors: S.121, S.122, S.123, S.124, S.125, S.126, S.127, S.128, S.129",,0,,,,,S,"Euro short-term rate, Total volume","Euro short-term rate, Total volume - Unsecured - Overnight - Borrowing - Financial corporations",,EUR,6
2025-10-24,63040,EST.B.EU000A2X2A25.TT,B,EU000A2X2A25,TT,A,F,,,,,P1D,,,,"ESA 2010 Sectors: S.121, S.122, S.123, S.124, S.125, S.126, S.127, S.128, S.129",,0,,,,,S,"Euro short-term rate, Total volume","Euro short-term rate, Total volume - Unsecured - Overnight - Borrowing - Financial corporations",,EUR,6
2025-10-27,66783,EST.B.EU000A2X2A25.TT,B,EU000A2X2A25,TT,A,F,,,,,P1D,,,,"ESA 2010 Sectors: S.121, S.122, S.123, S.124, S.125, S.126, S.127, S.128, S.129",,0,,,,,S,"Euro short-term rate, Total volume","Euro short-term rate, Total volume - Unsecured - Overnight - Borrowing - Financial corporations",,EUR,6
2025-10-28,70140,EST.B.EU000A2X2A25.TT,B,EU000A2X2A25,TT,A,F,,,,,P1D,,,,"ESA 2010 Sectors: S.121, S.122, S.123, S.124, S.125, S.126, S.127, S.128, S.129",,0,,,,,S,"Euro short-term rate, Total volume","Euro short-term rate, Total volume - Unsecured - Overnight - Borrowing - Financial corporations",,EUR,6
2025-10-29,68143,EST.B.EU000A2X2A25.TT,B,EU000A2X2A25,TT,A,F,,,,,P1D,,,,"ESA 2010 Sectors: S.121, S.122, S.123, S.124, S.125, S.126, S.127, S.128, S.129",,0,,,,,S,"Euro short-term rate, Total volume","Euro short-term rate, Total volume - Unsecured - Overnight - Borrowing - Financial corporations",,EUR,6
2025-10-30,63191,EST.B.EU000A2X2A25.TT,B,EU000A2X2A25,TT,A,F,,,,,P1D,,,,"ESA 2010 Sectors: S.121, S.122, S.123, S.124, S.125, S.126, S.127, S.128, S.129",,0,,,,,S,"Euro short-term rate, Total volume","Euro short-term rate, Total volume - Unsecured - Overnight - Borrowing - Financial corporations",,EUR,6
2025-10-31,51853,EST.B.EU000A2X2A25.TT,B,EU000A2X2A25,TT,A,F,,,,,P1D,,,,"ESA 2010 Sectors: S.121, S.122, S.123, S.124, S.125, S.126, S.127, S.128, S.129",,0,,,,,S,"Euro short-term rate, Total volume","Euro short-term rate, Total volume - Unsecured - Overnight - Borrowing - Financial corporations",,EUR,6
2025-11-03,68305,EST.B.EU000A2X2A25.TT,B,EU000A2X2A25,TT,A,F,,,,,P1D,,,,"ESA 2010 Sectors: S.121, S.122, S.123, S.124, S.125, S.126, S.127, S.128, S.129",,0,,,,,S,"Euro short-term rate, Total volume","Euro short-term rate, Total volume - Unsecured - Overnight - Borrowing - Financial corporations",,EUR,6
2025-11-04,66083,EST.B.EU000A2X2A25.TT,B,EU000A2X2A25,TT,A,F,,,,,P1D,,,,"ESA 2010 Sectors: S.121, S.122, S.123, S.124, S.125, S.126, S.127, S.128, S.129",,0,,,,,S,"Euro short-term rate, Total volume","Euro short-term rate, Total volume - Unsecured - Overnight - Borrowing - Financial corporations",,EUR,6
2025-11-05,65918,EST.B.EU000A2X2A25.TT,B,EU000A2X2A25,TT,A,F,,,,,P1D,,,,"ESA 2010 Sectors: S.121, S.122, S.123, S.124, S.125, S.126, S.127, S.128, S.129",,0,,,,,S,"Euro short-term rate, Total volume","Euro short-term rate, Total volume - Unsecured - Overnight - Borrowing - Financial corporations",,EUR,6
2025-11-06,66247,EST.B.EU000A2X2A25.TT,B,EU000A2X2A25,TT,A,F,,,,,P1D,,,,"ESA 2010 Sectors: S.121, S.122, S.123, S.124, S.125, S.126, S.127, S.128, S.129",,0,,,,,S,"Euro short-term rate, Total volume","Euro short-term rate, Total volume - Unsecured - Overnight - Borrowing - Financial corporations",,EUR,6
2025-11-07,66091,EST.B.EU000A2X2A25.TT,B,EU000A2X2A25,TT,A,F,,,,,P1D,,,,"ESA 2010 Sectors: S.121, S.122, S.123, S.124, S.125, S.126, S.127, S.128, S.129",,0,,,,,S,"Euro short-term rate, Total volume","Euro short-term rate, Total volume - Unsecured - Overnight - Borrowing - Financial corporations",,EUR,6
2025-11-10,62009,EST.B.EU000A2X2A25.TT,B,EU000A2X2A25,TT,A,F,,,,,P1D,,,,"ESA 2010 Sectors: S.121, S.122, S.123, S.124, S.125, S.126, S.127, S.128, S.129",,0,,,,,S,"Euro short-term rate, Total volume","Euro short-term rate, Total volume - Unsecured - Overnight - Borrowing - Financial corporations",,EUR,6
2025-11-11,63257,EST.B.EU000A2X2A25.TT,B,EU000A2X2A25,TT,A,F,,,,,P1D,,,,"ESA 2010 Sectors: S.121, S.122, S.123, S.124, S.125, S.126, S.127, S.128, S.129",,0,,,,,S,"Euro short-term rate, Total volume","Euro short-term rate, Total volume - Unsecured - Overnight - Borrowing - Financial corporations",,EUR,6
2025-11-12,63418,EST.B.EU000A2X2A25.TT,B,EU000A2X2A25,TT,A,F,,,,,P1D,,,,"ESA 2010 Sectors: S.121, S.122, S.123, S.124, S.125, S.126, S.127, S.128, S.129",,0,,,,,S,"Euro short-term rate, Total volume","Euro short-term rate, Total volume - Unsecured - Overnight - Borrowing - Financial corporations",,EUR,6
2025-11-13,62747,EST.B.EU000A2X2A25.TT,B,EU000A2X2A25,TT,A,F,,,,,P1D,,,,"ESA 2010 Sectors: S.121, S.122, S.123, S.124, S.125, S.126, S.127, S.128, S.129",,0,,,,,S,"Euro short-term rate, Total volume","Euro short-term rate, Total volume - Unsecured - Overnight - Borrowing - Financial corporations",,EUR,6
2025-11-14,60568,EST.B.EU000A2X2A25.TT,B,EU000A2X2A25,TT,A,F,,,,,P1D,,,,"ESA 2010 Sectors: S.121, S.122, S.123, S.124, S.125, S.126, S.127, S.128, S.129",,0,,,,,S,"Euro short-term rate, Total volume","Euro short-term rate, Total volume - Unsecured - Overnight - Borrowing - Financial corporations",,EUR,6
2025-11-17,61796,EST.B.EU000A2X2A25.TT,B,EU000A2X2A25,TT,A,F,,,,,P1D,,,,"ESA 2010 Sectors: S.121, S.122, S.123, S.124, S.125, S.126, S.127, S.128, S.129",,0,,,,,S,"Euro short-term rate, Total volume","Euro short-term rate, Total volume - Unsecured - Overnight - Borrowing - Financial corporations",,EUR,6
2025-11-18,65132,EST.B.EU000A2X2A25.TT,B,EU000A2X2A25,TT,A,F,,,,,P1D,,,,"ESA 2010 Sectors: S.121, S.122, S.123, S.124, S.125, S.126, S.127, S.128, S.129",,0,,,,,S,"Euro short-term rate, Total volume","Euro short-term rate, Total volume - Unsecured - Overnight - Borrowing - Financial corporations",,EUR,6
2025-11-19,63833,EST.B.EU000A2X2A25.TT,B,EU000A2X2A25,TT,A,F,,,,,P1D,,,,"ESA 2010 Sectors: S.121, S.122, S.123, S.124, S.125, S.126, S.127, S.128, S.129",,0,,,,,S,"Euro short-term rate, Total volume","Euro short-term rate, Total volume - Unsecured - Overnight - Borrowing - Financial corporations",,EUR,6
2025-11-20,56401,EST.B.EU000A2X2A25.TT,B,EU000A2X2A25,TT,A,F,,,,,P1D,,,,"ESA 2010 Sectors: S.121, S.122, S.123, S.124, S.125, S.126, S.127, S.128, S.129",,0,,,,,S,"Euro short-term rate, Total volume","Euro short-term rate, Total volume - Unsecured - Overnight - Borrowing - Financial corporations",,EUR,6
2025-11-21,60857,EST.B.EU000A2X2A25.TT,B,EU000A2X2A25,TT,A,F,,,,,P1D,,,,"ESA 2010 Sectors: S.121, S.122, S.123, S.124, S.125, S.126, S.127, S.128, S.129",,0,,,,,S,"Euro short-term rate, Total volume","Euro short-term rate, Total volume - Unsecured - Overnight - Borrowing - Financial corporations",,EUR,6
2025-11-24,61783,EST.B.EU000A2X2A25.TT,B,EU000A2X2A25,TT,A,F,,,,,P1D,,,,"ESA 2010 Sectors: S.121, S.122, S.123, S.124, S.125, S.126, S.127, S.128, S.129",,0,,,,,S,"Euro short-term rate, Total volume","Euro short-term rate, Total volume - Unsecured - Overnight - Borrowing - Financial corporations",,EUR,6
2025-11-25,59088,EST.B.EU000A2X2A25.TT,B,EU000A2X2A25,TT,A,F,,,,,P1D,,,,"ESA 2010 Sectors: S.121, S.122, S.123, S.124, S.125, S.126, S.127, S.128, S.129",,0,,,,,S,"Euro short-term rate, Total volume","Euro short-term rate, Total volume - Unsecured - Overnight - Borrowing - Financial corporations",,EUR,6
2025-11-26,61419,EST.B.EU000A2X2A25.TT,B,EU000A2X2A25,TT,A,F,,,,,P1D,,,,"ESA 2010 Sectors: S.121, S.122, S.123, S.124, S.125, S.126, S.127, S.128, S.129",,0,,,,,S,"Euro short-term rate, Total volume","Euro short-term rate, Total volume - Unsecured - Overnight - Borrowing - Financial corporations",,EUR,6
2025-11-27,58362,EST.B.EU000A2X2A25.TT,B,EU000A2X2A25,TT,A,F,,,,,P1D,,,,"ESA 2010 Sectors: S.121, S.122, S.123, S.124, S.125, S.126, S.127, S.128, S.129",,0,,,,,S,"Euro short-term rate, Total volume","Euro short-term rate, Total volume - Unsecured - Overnight - Borrowing - Financial corporations",,EUR,6
2025-11-28,54913,EST.B.EU000A2X2A25.TT,B,EU000A2X2A25,TT,A,F,,,,,P1D,,,,"ESA 2010 Sectors: S.121, S.122, S.123, S.124, S.125, S.126, S.127, S.128, S.129",,0,,,,,S,"Euro short-term rate, Total volume","Euro short-term rate, Total volume - Unsecured - Overnight - Borrowing - Financial corporations",,EUR,6
2025-12-01,65141,EST.B.EU000A2X2A25.TT,B,EU000A2X2A25,TT,A,F,,,,,P1D,,,,"ESA 2010 Sectors: S.121, S.122, S.123, S.124, S.125, S.126, S.127, S.128, S.129",,0,,,,,S,"Euro short-term rate, Total volume","Euro short-term rate, Total volume - Unsecured - Overnight - Borrowing - Financial corporations",,EUR,6
2025-12-02,65880,EST.B.EU000A2X2A25.TT,B,EU000A2X2A25,TT,A,F,,,,,P1D,,,,"ESA 2010 Sectors: S.121, S.122, S.123, S.124, S.125, S.126, S.127, S.128, S.129",,0,,,,,S,"Euro short-term rate, Total volume","Euro short-term rate, Total volume - Unsecured - Overnight - Borrowing - Financial corporations",,EUR,6
2025-12-03,62497,EST.B.EU000A2X2A25.TT,B,EU000A2X2A25,TT,A,F,,,,,P1D,,,,"ESA 2010 Sectors: S.121, S.122, S.123, S.124, S.125, S.126, S.127, S.128, S.129",,0,,,,,S,"Euro short-term rate, Total volume","Euro short-term rate, Total volume - Unsecured - Overnight - Borrowing - Financial corporations",,EUR,6
2025-12-04,64927,EST.B.EU000A2X2A25.TT,B,EU000A2X2A25,TT,A,F,,,,,P1D,,,,"ESA 2010 Sectors: S.121, S.122, S.123, S.124, S.125, S.126, S.127, S.128, S.129",,0,,,,,S,"Euro short-term rate, Total volume","Euro short-term rate, Total volume - Unsecured - Overnight - Borrowing - Financial corporations",,EUR,6
2025-12-05,65831,EST.B.EU000A2X2A25.TT,B,EU000A2X2A25,TT,A,F,,,,,P1D,,,,"ESA 2010 Sectors: S.121, S.122, S.123, S.124, S.125, S.126, S.127, S.128, S.129",,0,,,,,S,"Euro short-term rate, Total volume","Euro short-term rate, Total volume - Unsecured - Overnight - Borrowing - Financial corporations",,EUR,6
2025-12-08,65325,EST.B.EU000A2X2A25.TT,B,EU000A2X2A25,TT,A,F,,,,,P1D,,,,"ESA 2010 Sectors: S.121, S.122, S.123, S.124, S.125, S.126, S.127, S.128, S.129",,0,,,,,S,"Euro short-term rate, Total volume","Euro short-term rate, Total volume - Unsecured - Overnight - Borrowing - Financial corporations",,EUR,6
2025-12-09,65436,EST.B.EU000A2X2A25.TT,B,EU000A2X2A25,TT,A,F,,,,,P1D,,,,"ESA 2010 Sectors: S.121, S.122, S.123, S.124, S.125, S.126, S.127, S.128, S.129",,0,,,,,S,"Euro short-term rate, Total volume","Euro short-term rate, Total volume - Unsecured - Overnight - Borrowing - Financial corporations",,EUR,6
2025-12-10,63144,EST.B.EU000A2X2A25.TT,B,EU000A2X2A25,TT,A,F,,,,,P1D,,,,"ESA 2010 Sectors: S.121, S.122, S.123, S.124, S.125, S.126, S.127, S.128, S.129",,0,,,,,S,"Euro short-term rate, Total volume","Euro short-term rate, Total volume - Unsecured - Overnight - Borrowing - Financial corporations",,EUR,6
2025-12-11,62539,EST.B.EU000A2X2A25.TT,B,EU000A2X2A25,TT,A,F,,,,,P1D,,,,"ESA 2010 Sectors: S.121, S.122, S.123, S.124, S.125, S.126, S.127, S.128, S.129",,0,,,,,S,"Euro short-term rate, Total volume","Euro short-term rate, Total volume - Unsecured - Overnight - Borrowing - Financial corporations",,EUR,6
2025-12-12,64226,EST.B.EU000A2X2A25.TT,B,EU000A2X2A25,TT,A,F,,,,,P1D,,,,"ESA 2010 Sectors: S.121, S.122, S.123, S.124, S.125, S.126, S.127, S.128, S.129",,0,,,,,S,"Euro short-term rate, Total volume","Euro short-term rate, Total volume - Unsecured - Overnight - Borrowing - Financial corporations",,EUR,6
2025-12-15,63173,EST.B.EU000A2X2A25.TT,B,EU000A2X2A25,TT,A,F,,,,,P1D,,,,"ESA 2010 Sectors: S.121, S.122, S.123, S.124, S.125, S.126, S.127, S.128, S.129",,0,,,,,S,"Euro short-term rate, Total volume","Euro short-term rate, Total volume - Unsecured - Overnight - Borrowing - Financial corporations",,EUR,6
2025-12-16,65692,EST.B.EU000A2X2A25.TT,B,EU000A2X2A25,TT,A,F,,,,,P1D,,,,"ESA 2010 Sectors: S.121, S.122, S.123, S.124, S.125, S.126, S.127, S.128, S.129",,0,,,,,S,"Euro short-term rate, Total volume","Euro short-term rate, Total volume - Unsecured - Overnight - Borrowing - Financial corporations",,EUR,6
2025-12-17,63494,EST.B.EU000A2X2A25.TT,B,EU000A2X2A25,TT,A,F,,,,,P1D,,,,"ESA 2010 Sectors: S.121, S.122, S.123, S.124, S.125, S.126, S.127, S.128, S.129",,0,,,,,S,"Euro short-term rate, Total volume","Euro short-term rate, Total volume - Unsecured - Overnight - Borrowing - Financial corporations",,EUR,6
2025-12-18,58351,EST.B.EU000A2X2A25.TT,B,EU000A2X2A25,TT,A,F,,,,,P1D,,,,"ESA 2010 Sectors: S.121, S.122, S.123, S.124, S.125, S.126, S.127, S.128, S.129",,0,,,,,S,"Euro short-term rate, Total volume","Euro short-term rate, Total volume - Unsecured - Overnight - Borrowing - Financial corporations",,EUR,6
2025-12-19,61248,EST.B.EU000A2X2A25.TT,B,EU000A2X2A25,TT,A,F,,,,,P1D,,,,"ESA 2010 Sectors: S.121, S.122, S.123, S.124, S.125, S.126, S.127, S.128, S.129",,0,,,,,S,"Euro short-term rate, Total volume","Euro short-term rate, Total volume - Unsecured - Overnight - Borrowing - Financial corporations",,EUR,6
2025-12-22,63476,EST.B.EU000A2X2A25.TT,B,EU000A2X2A25,TT,A,F,,,,,P1D,,,,"ESA 2010 Sectors: S.121, S.122, S.123, S.124, S.125, S.126, S.127, S.128, S.129",,0,,,,,S,"Euro short-term rate, Total volume","Euro short-term rate, Total volume - Unsecured - Overnight - Borrowing - Financial corporations",,EUR,6
2025-12-23,38302,EST.B.EU000A2X2A25.TT,B,EU000A2X2A25,TT,A,F,,,,,P1D,,,,"ESA 2010 Sectors: S.121, S.122, S.123, S.124, S.125, S.126, S.127, S.128, S.129",,0,,,,,S,"Euro short-term rate, Total volume","Euro short-term rate, Total volume - Unsecured - Overnight - Borrowing - Financial corporations",,EUR,6
2025-12-24,39082,EST.B.EU000A2X2A25.TT,B,EU000A2X2A25,TT,A,F,,,,,P1D,,,,"ESA 2010 Sectors: S.121, S.122, S.123, S.124, S.125, S.126, S.127, S.128, S.129",,0,,,,,S,"Euro short-term rate, Total volume","Euro short-term rate, Total volume - Unsecured - Overnight - Borrowing - Financial corporations",,EUR,6
2025-12-29,61744,EST.B.EU000A2X2A25.TT,B,EU000A2X2A25,TT,A,F,,,,,P1D,,,,"ESA 2010 Sectors: S.121, S.122, S.123, S.124, S.125, S.126, S.127, S.128, S.129",,0,,,,,S,"Euro short-term rate, Total volume","Euro short-term rate, Total volume - Unsecured - Overnight - Borrowing - Financial corporations",,EUR,6
2025-12-30,52353,EST.B.EU000A2X2A25.TT,B,EU000A2X2A25,TT,A,F,,,,,P1D,,,,"ESA 2010 Sectors: S.121, S.122, S.123, S.124, S.125, S.126, S.127, S.128, S.129",,0,,,,,S,"Euro short-term rate, Total volume","Euro short-term rate, Total volume - Unsecured - Overnight - Borrowing - Financial corporations",,EUR,6
2025-12-31,38674,EST.B.EU000A2X2A25.TT,B,EU000A2X2A25,TT,A,F,,,,,P1D,,,,"ESA 2010 Sectors: S.121, S.122, S.123, S.124, S.125, S.126, S.127, S.128, S.129",,0,,,,,S,"Euro short-term rate, Total volume","Euro short-term rate, Total volume - Unsecured - Overnight - Borrowing - Financial corporations",,EUR,6
2026-01-02,66841,EST.B.EU000A2X2A25.TT,B,EU000A2X2A25,TT,A,F,,,,,P1D,,,,"ESA 2010 Sectors: S.121, S.122, S.123, S.124, S.125, S.126, S.127, S.128, S.129",,0,,,,,S,"Euro short-term rate, Total volume","Euro short-term rate, Total volume - Unsecured - Overnight - Borrowing - Financial corporations",,EUR,6
2026-01-05,66840,EST.B.EU000A2X2A25.TT,B,EU000A2X2A25,TT,A,F,,,,,P1D,,,,"ESA 2010 Sectors: S.121, S.122, S.123, S.124, S.125, S.126, S.127, S.128, S.129",,0,,,,,S,"Euro short-term rate, Total volume","Euro short-term rate, Total volume - Unsecured - Overnight - Borrowing - Financial corporations",,EUR,6
2026-01-06,64066,EST.B.EU000A2X2A25.TT,B,EU000A2X2A25,TT,A,F,,,,,P1D,,,,"ESA 2010 Sectors: S.121, S.122, S.123, S.124, S.125, S.126, S.127, S.128, S.129",,0,,,,,S,"Euro short-term rate, Total volume","Euro short-term rate, Total volume - Unsecured - Overnight - Borrowing - Financial corporations",,EUR,6
2026-01-07,68724,EST.B.EU000A2X2A25.TT,B,EU000A2X2A25,TT,A,F,,,,,P1D,,,,"ESA 2010 Sectors: S.121, S.122, S.123, S.124, S.125, S.126, S.127, S.128, S.129",,0,,,,,S,"Euro short-term rate, Total volume","Euro short-term rate, Total volume - Unsecured - Overnight - Borrowing - Financial corporations",,EUR,6
2026-01-08,65964,EST.B.EU000A2X2A25.TT,B,EU000A2X2A25,TT,A,F,,,,,P1D,,,,"ESA 2010 Sectors: S.121, S.122, S.123, S.124, S.125, S.126, S.127, S.128, S.129",,0,,,,,S,"Euro short-term rate, Total volume","Euro short-term rate, Total volume - Unsecured - Overnight - Borrowing - Financial corporations",,EUR,6
2026-01-09,65629,EST.B.EU000A2X2A25.TT,B,EU000A2X2A25,TT,A,F,,,,,P1D,,,,"ESA 2010 Sectors: S.121, S.122, S.123, S.124, S.125, S.126, S.127, S.128, S.129",,0,,,,,S,"Euro short-term rate, Total volume","Euro short-term rate, Total volume - Unsecured - Overnight - Borrowing - Financial corporations",,EUR,6
2026-01-12,69479,EST.B.EU000A2X2A25.TT,B,EU000A2X2A25,TT,A,F,,,,,P1D,,,,"ESA 2010 Sectors: S.121, S.122, S.123, S.124, S.125, S.126, S.127, S.128, S.129",,0,,,,,S,"Euro short-term rate, Total volume","Euro short-term rate, Total volume - Unsecured - Overnight - Borrowing - Financial corporations",,EUR,6
2026-01-13,72199,EST.B.EU000A2X2A25.TT,B,EU000A2X2A25,TT,A,F,,,,,P1D,,,,"ESA 2010 Sectors: S.121, S.122, S.123, S.124, S.125, S.126, S.127, S.128, S.129",,0,,,,,S,"Euro short-term rate, Total volume","Euro short-term rate, Total volume - Unsecured - Overnight - Borrowing - Financial corporations",,EUR,6
2026-01-14,69840,EST.B.EU000A2X2A25.TT,B,EU000A2X2A25,TT,A,F,,,,,P1D,,,,"ESA 2010 Sectors: S.121, S.122, S.123, S.124, S.125, S.126, S.127, S.128, S.129",,0,,,,,S,"Euro short-term rate, Total volume","Euro short-term rate, Total volume - Unsecured - Overnight - Borrowing - Financial corporations",,EUR,6
2026-01-15,67183,EST.B.EU000A2X2A25.TT,B,EU000A2X2A25,TT,A,F,,,,,P1D,,,,"ESA 2010 Sectors: S.121, S.122, S.123, S.124, S.125, S.126, S.127, S.128, S.129",,0,,,,,S,"Euro short-term rate, Total volume","Euro short-term rate, Total volume - Unsecured - Overnight - Borrowing - Financial corporations",,EUR,6
2026-01-16,66240,EST.B.EU000A2X2A25.TT,B,EU000A2X2A25,TT,A,F,,,,,P1D,,,,"ESA 2010 Sectors: S.121, S.122, S.123, S.124, S.125, S.126, S.127, S.128, S.129",,0,,,,,S,"Euro short-term rate, Total volume","Euro short-term rate, Total volume - Unsecured - Overnight - Borrowing - Financial corporations",,EUR,6
2026-01-19,69366,EST.B.EU000A2X2A25.TT,B,EU000A2X2A25,TT,A,F,,,,,P1D,,,,"ESA 2010 Sectors: S.121, S.122, S.123, S.124, S.125, S.126, S.127, S.128, S.129",,0,,,,,S,"Euro short-term rate, Total volume","Euro short-term rate, Total volume - Unsecured - Overnight - Borrowing - Financial corporations",,EUR,6
2026-01-20,63720,EST.B.EU000A2X2A25.TT,B,EU000A2X2A25,TT,A,F,,,,,P1D,,,,"ESA 2010 Sectors: S.121, S.122, S.123, S.124, S.125, S.126, S.127, S.128, S.129",,0,,,,,S,"Euro short-term rate, Total volume","Euro short-term rate, Total volume - Unsecured - Overnight - Borrowing - Financial corporations",,EUR,6
2026-01-21,62968,EST.B.EU000A2X2A25.TT,B,EU000A2X2A25,TT,A,F,,,,,P1D,,,,"ESA 2010 Sectors: S.121, S.122, S.123, S.124, S.125, S.126, S.127, S.128, S.129",,0,,,,,S,"Euro short-term rate, Total volume","Euro short-term rate, Total volume - Unsecured - Overnight - Borrowing - Financial corporations",,EUR,6
2026-01-22,61525,EST.B.EU000A2X2A25.TT,B,EU000A2X2A25,TT,A,F,,,,,P1D,,,,"ESA 2010 Sectors: S.121, S.122, S.123, S.124, S.125, S.126, S.127, S.128, S.129",,0,,,,,S,"Euro short-term rate, Total volume","Euro short-term rate, Total volume - Unsecured - Overnight - Borrowing - Financial corporations",,EUR,6
2026-01-23,61093,EST.B.EU000A2X2A25.TT,B,EU000A2X2A25,TT,A,F,,,,,P1D,,,,"ESA 2010 Sectors: S.121, S.122, S.123, S.124, S.125, S.126, S.127, S.128, S.129",,0,,,,,S,"Euro short-term rate, Total volume","Euro short-term rate, Total volume - Unsecured - Overnight - Borrowing - Financial corporations",,EUR,6
2026-01-26,64324,EST.B.EU000A2X2A25.TT,B,EU000A2X2A25,TT,A,F,,,,,P1D,,,,"ESA 2010 Sectors: S.121, S.122, S.123, S.124, S.125, S.126, S.127, S.128, S.129",,0,,,,,S,"Euro short-term rate, Total volume","Euro short-term rate, Total volume - Unsecured - Overnight - Borrowing - Financial corporations",,EUR,6
2026-01-27,65450,EST.B.EU000A2X2A25.TT,B,EU000A2X2A25,TT,A,F,,,,,P1D,,,,"ESA 2010 Sectors: S.121, S.122, S.123, S.124, S.125, S.126, S.127, S.128, S.129",,0,,,,,S,"Euro short-term rate, Total volume","Euro short-term rate, Total volume - Unsecured - Overnight - Borrowing - Financial corporations",,EUR,6
2026-01-28,61180,EST.B.EU000A2X2A25.TT,B,EU000A2X2A25,TT,A,F,,,,,P1D,,,,"ESA 2010 Sectors: S.121, S.122, S.123, S.124, S.125, S.126, S.127, S.128, S.129",,0,,,,,S,"Euro short-term rate, Total volume","Euro short-term rate, Total volume - Unsecured - Overnight - Borrowing - Financial corporations",,EUR,6
2026-01-29,58851,EST.B.EU000A2X2A25.TT,B,EU000A2X2A25,TT,A,F,,,,,P1D,,,,"ESA 2010 Sectors: S.121, S.122, S.123, S.124, S.125, S.126, S.127, S.128, S.129",,0,,,,,S,"Euro short-term rate, Total volume","Euro short-term rate, Total volume - Unsecured - Overnight - Borrowing - Financial corporations",,EUR,6
2026-01-30,48302,EST.B.EU000A2X2A25.TT,B,EU000A2X2A25,TT,A,F,,,,,P1D,,,,"ESA 2010 Sectors: S.121, S.122, S.123, S.124, S.125, S.126, S.127, S.128, S.129",,0,,,,,S,"Euro short-term rate, Total volume","Euro short-term rate, Total volume - Unsecured - Overnight - Borrowing - Financial corporations",,EUR,6
2026-02-02,61221,EST.B.EU000A2X2A25.TT,B,EU000A2X2A25,TT,A,F,,,,,P1D,,,,"ESA 2010 Sectors: S.121, S.122, S.123, S.124, S.125, S.126, S.127, S.128, S.129",,0,,,,,S,"Euro short-term rate, Total volume","Euro short-term rate, Total volume - Unsecured - Overnight - Borrowing - Financial corporations",,EUR,6
2026-02-03,65049,EST.B.EU000A2X2A25.TT,B,EU000A2X2A25,TT,A,F,,,,,P1D,,,,"ESA 2010 Sectors: S.121, S.122, S.123, S.124, S.125, S.126, S.127, S.128, S.129",,0,,,,,S,"Euro short-term rate, Total volume","Euro short-term rate, Total volume - Unsecured - Overnight - Borrowing - Financial corporations",,EUR,6
2026-02-04,64089,EST.B.EU000A2X2A25.TT,B,EU000A2X2A25,TT,A,F,,,,,P1D,,,,"ESA 2010 Sectors: S.121, S.122, S.123, S.124, S.125, S.126, S.127, S.128, S.129",,0,,,,,S,"Euro short-term rate, Total volume","Euro short-term rate, Total volume - Unsecured - Overnight - Borrowing - Financial corporations",,EUR,6
2026-02-05,62895,EST.B.EU000A2X2A25.TT,B,EU000A2X2A25,TT,A,F,,,,,P1D,,,,"ESA 2010 Sectors: S.121, S.122, S.123, S.124, S.125, S.126, S.127, S.128, S.129",,0,,,,,S,"Euro short-term rate, Total volume","Euro short-term rate, Total volume - Unsecured - Overnight - Borrowing - Financial corporations",,EUR,6
2026-02-06,64192,EST.B.EU000A2X2A25.TT,B,EU000A2X2A25,TT,A,F,,,,,P1D,,,,"ESA 2010 Sectors: S.121, S.122, S.123, S.124, S.125, S.126, S.127, S.128, S.129",,0,,,,,S,"Euro short-term rate, Total volume","Euro short-term rate, Total volume - Unsecured - Overnight - Borrowing - Financial corporations",,EUR,6
2026-02-09,67356,EST.B.EU000A2X2A25.TT,B,EU000A2X2A25,TT,A,F,,,,,P1D,,,,"ESA 2010 Sectors: S.121, S.122, S.123, S.124, S.125, S.126, S.127, S.128, S.129",,0,,,,,S,"Euro short-term rate, Total volume","Euro short-term rate, Total volume - Unsecured - Overnight - Borrowing - Financial corporations",,EUR,6
2026-02-10,66252,EST.B.EU000A2X2A25.TT,B,EU000A2X2A25,TT,A,F,,,,,P1D,,,,"ESA 2010 Sectors: S.121, S.122, S.123, S.124, S.125, S.126, S.127, S.128, S.129",,0,,,,,S,"Euro short-term rate, Total volume","Euro short-term rate, Total volume - Unsecured - Overnight - Borrowing - Financial corporations",,EUR,6
2026-02-11,63677,EST.B.EU000A2X2A25.TT,B,EU000A2X2A25,TT,A,F,,,,,P1D,,,,"ESA 2010 Sectors: S.121, S.122, S.123, S.124, S.125, S.126, S.127, S.128, S.129",,0,,,,,S,"Euro short-term rate, Total volume","Euro short-term rate, Total volume - Unsecured - Overnight - Borrowing - Financial corporations",,EUR,6
2026-02-12,64877,EST.B.EU000A2X2A25.TT,B,EU000A2X2A25,TT,A,F,,,,,P1D,,,,"ESA 2010 Sectors: S.121, S.122, S.123, S.124, S.125, S.126, S.127, S.128, S.129",,0,,,,,S,"Euro short-term rate, Total volume","Euro short-term rate, Total volume - Unsecured - Overnight - Borrowing - Financial corporations",,EUR,6
2026-02-13,63520,EST.B.EU000A2X2A25.TT,B,EU000A2X2A25,TT,A,F,,,,,P1D,,,,"ESA 2010 Sectors: S.121, S.122, S.123, S.124, S.125, S.126, S.127, S.128, S.129",,0,,,,,S,"Euro short-term rate, Total volume","Euro short-term rate, Total volume - Unsecured - Overnight - Borrowing - Financial corporations",,EUR,6
2026-02-16,64608,EST.B.EU000A2X2A25.TT,B,EU000A2X2A25,TT,A,F,,,,,P1D,,,,"ESA 2010 Sectors: S.121, S.122, S.123, S.124, S.125, S.126, S.127, S.128, S.129",,0,,,,,S,"Euro short-term rate, Total volume","Euro short-term rate, Total volume - Unsecured - Overnight - Borrowing - Financial corporations",,EUR,6
2026-02-17,64390,EST.B.EU000A2X2A25.TT,B,EU000A2X2A25,TT,A,F,,,,,P1D,,,,"ESA 2010 Sectors: S.121, S.122, S.123, S.124, S.125, S.126, S.127, S.128, S.129",,0,,,,,S,"Euro short-term rate, Total volume","Euro short-term rate, Total volume - Unsecured - Overnight - Borrowing - Financial corporations",,EUR,6
2026-02-18,67079,EST.B.EU000A2X2A25.TT,B,EU000A2X2A25,TT,A,F,,,,,P1D,,,,"ESA 2010 Sectors: S.121, S.122, S.123, S.124, S.125, S.126, S.127, S.128, S.129",,0,,,,,S,"Euro short-term rate, Total volume","Euro short-term rate, Total volume - Unsecured - Overnight - Borrowing - Financial corporations",,EUR,6
2026-02-19,65297,EST.B.EU000A2X2A25.TT,B,EU000A2X2A25,TT,A,F,,,,,P1D,,,,"ESA 2010 Sectors: S.121, S.122, S.123, S.124, S.125, S.126, S.127, S.128, S.129",,0,,,,,S,"Euro short-term rate, Total volume","Euro short-term rate, Total volume - Unsecured - Overnight - Borrowing - Financial corporations",,EUR,6
2026-02-20,63553,EST.B.EU000A2X2A25.TT,B,EU000A2X2A25,TT,A,F,,,,,P1D,,,,"ESA 2010 Sectors: S.121, S.122, S.123, S.124, S.125, S.126, S.127, S.128, S.129",,0,,,,,S,"Euro short-term rate, Total volume","Euro short-term rate, Total volume - Unsecured - Overnight - Borrowing - Financial corporations",,EUR,6
2026-02-23,66510,EST.B.EU000A2X2A25.TT,B,EU000A2X2A25,TT,A,F,,,,,P1D,,,,"ESA 2010 Sectors: S.121, S.122, S.123, S.124, S.125, S.126, S.127, S.128, S.129",,0,,,,,S,"Euro short-term rate, Total volume","Euro short-term rate, Total volume - Unsecured - Overnight - Borrowing - Financial corporations",,EUR,6
2026-02-24,64605,EST.B.EU000A2X2A25.TT,B,EU000A2X2A25,TT,A,F,,,,,P1D,,,,"ESA 2010 Sectors: S.121, S.122, S.123, S.124, S.125, S.126, S.127, S.128, S.129",,0,,,,,S,"Euro short-term rate, Total volume","Euro short-term rate, Total volume - Unsecured - Overnight - Borrowing - Financial corporations",,EUR,6
2026-02-25,65538,EST.B.EU000A2X2A25.TT,B,EU000A2X2A25,TT,A,F,,,,,P1D,,,,"ESA 2010 Sectors: S.121, S.122, S.123, S.124, S.125, S.126, S.127, S.128, S.129",,0,,,,,S,"Euro short-term rate, Total volume","Euro short-term rate, Total volume - Unsecured - Overnight - Borrowing - Financial corporations",,EUR,6
2026-02-26,62723,EST.B.EU000A2X2A25.TT,B,EU000A2X2A25,TT,A,F,,,,,P1D,,,,"ESA 2010 Sectors: S.121, S.122, S.123, S.124, S.125, S.126, S.127, S.128, S.129",,0,,,,,S,"Euro short-term rate, Total volume","Euro short-term rate, Total volume - Unsecured - Overnight - Borrowing - Financial corporations",,EUR,6
2026-02-27,59377,EST.B.EU000A2X2A25.TT,B,EU000A2X2A25,TT,A,F,,,,,P1D,,,,"ESA 2010 Sectors: S.121, S.122, S.123, S.124, S.125, S.126, S.127, S.128, S.129",,0,,,,,S,"Euro short-term rate, Total volume","Euro short-term rate, Total volume - Unsecured - Overnight - Borrowing - Financial corporations",,EUR,6
2026-03-02,69967,EST.B.EU000A2X2A25.TT,B,EU000A2X2A25,TT,A,F,,,,,P1D,,,,"ESA 2010 Sectors: S.121, S.122, S.123, S.124, S.125, S.126, S.127, S.128, S.129",,0,,,,,S,"Euro short-term rate, Total volume","Euro short-term rate, Total volume - Unsecured - Overnight - Borrowing - Financial corporations",,EUR,6
2026-03-03,71768,EST.B.EU000A2X2A25.TT,B,EU000A2X2A25,TT,A,F,,,,,P1D,,,,"ESA 2010 Sectors: S.121, S.122, S.123, S.124, S.125, S.126, S.127, S.128, S.129",,0,,,,,S,"Euro short-term rate, Total volume","Euro short-term rate, Total volume - Unsecured - Overnight - Borrowing - Financial corporations",,EUR,6
2026-03-04,69860,EST.B.EU000A2X2A25.TT,B,EU000A2X2A25,TT,A,F,,,,,P1D,,,,"ESA 2010 Sectors: S.121, S.122, S.123, S.124, S.125, S.126, S.127, S.128, S.129",,0,,,,,S,"Euro short-term rate, Total volume","Euro short-term rate, Total volume - Unsecured - Overnight - Borrowing - Financial corporations",,EUR,6
2026-03-05,70609,EST.B.EU000A2X2A25.TT,B,EU000A2X2A25,TT,A,F,,,,,P1D,,,,"ESA 2010 Sectors: S.121, S.122, S.123, S.124, S.125, S.126, S.127, S.128, S.129",,0,,,,,S,"Euro short-term rate, Total volume","Euro short-term rate, Total volume - Unsecured - Overnight - Borrowing - Financial corporations",,EUR,6
2026-03-06,67709,EST.B.EU000A2X2A25.TT,B,EU000A2X2A25,TT,A,F,,,,,P1D,,,,"ESA 2010 Sectors: S.121, S.122, S.123, S.124, S.125, S.126, S.127, S.128, S.129",,0,,,,,S,"Euro short-term rate, Total volume","Euro short-term rate, Total volume - Unsecured - Overnight - Borrowing - Financial corporations",,EUR,6
2026-03-09,69821,EST.B.EU000A2X2A25.TT,B,EU000A2X2A25,TT,A,F,,,,,P1D,,,,"ESA 2010 Sectors: S.121, S.122, S.123, S.124, S.125, S.126, S.127, S.128, S.129",,0,,,,,S,"Euro short-term rate, Total volume","Euro short-term rate, Total volume - Unsecured - Overnight - Borrowing - Financial corporations",,EUR,6
2026-03-10,67313,EST.B.EU000A2X2A25.TT,B,EU000A2X2A25,TT,A,F,,,,,P1D,,,,"ESA 2010 Sectors: S.121, S.122, S.123, S.124, S.125, S.126, S.127, S.128, S.129",,0,,,,,S,"Euro short-term rate, Total volume","Euro short-term rate, Total volume - Unsecured - Overnight - Borrowing - Financial corporations",,EUR,6
2026-03-11,65109,EST.B.EU000A2X2A25.TT,B,EU000A2X2A25,TT,A,F,,,,,P1D,,,,"ESA 2010 Sectors: S.121, S.122, S.123, S.124, S.125, S.126, S.127, S.128, S.129",,0,,,,,S,"Euro short-term rate, Total volume","Euro short-term rate, Total volume - Unsecured - Overnight - Borrowing - Financial corporations",,EUR,6
2026-03-12,60835,EST.B.EU000A2X2A25.TT,B,EU000A2X2A25,TT,A,F,,,,,P1D,,,,"ESA 2010 Sectors: S.121, S.122, S.123, S.124, S.125, S.126, S.127, S.128, S.129",,0,,,,,S,"Euro short-term rate, Total volume","Euro short-term rate, Total volume - Unsecured - Overnight - Borrowing - Financial corporations",,EUR,6
2026-03-13,59774,EST.B.EU000A2X2A25.TT,B,EU000A2X2A25,TT,A,F,,,,,P1D,,,,"ESA 2010 Sectors: S.121, S.122, S.123, S.124, S.125, S.126, S.127, S.128, S.129",,0,,,,,S,"Euro short-term rate, Total volume","Euro short-term rate, Total volume - Unsecured - Overnight - Borrowing - Financial corporations",,EUR,6
2026-03-16,60435,EST.B.EU000A2X2A25.TT,B,EU000A2X2A25,TT,A,F,,,,,P1D,,,,"ESA 2010 Sectors: S.121, S.122, S.123, S.124, S.125, S.126, S.127, S.128, S.129",,0,,,,,S,"Euro short-term rate, Total volume","Euro short-term rate, Total volume - Unsecured - Overnight - Borrowing - Financial corporations",,EUR,6
2026-03-17,61368,EST.B.EU000A2X2A25.TT,B,EU000A2X2A25,TT,A,F,,,,,P1D,,,,"ESA 2010 Sectors: S.121, S.122, S.123, S.124, S.125, S.126, S.127, S.128, S.129",,0,,,,,S,"Euro short-term rate, Total volume","Euro short-term rate, Total volume - Unsecured - Overnight - Borrowing - Financial corporations",,EUR,6
2026-03-18,65102,EST.B.EU000A2X2A25.TT,B,EU000A2X2A25,TT,A,F,,,,,P1D,,,,"ESA 2010 Sectors: S.121, S.122, S.123, S.124, S.125, S.126, S.127, S.128, S.129",,0,,,,,S,"Euro short-term rate, Total volume","Euro short-term rate, Total volume - Unsecured - Overnight - Borrowing - Financial corporations",,EUR,6
2026-03-19,62936,EST.B.EU000A2X2A25.TT,B,EU000A2X2A25,TT,A,F,,,,,P1D,,,,"ESA 2010 Sectors: S.121, S.122, S.123, S.124, S.125, S.126, S.127, S.128, S.129",,0,,,,,S,"Euro short-term rate, Total volume","Euro short-term rate, Total volume - Unsecured - Overnight - Borrowing - Financial corporations",,EUR,6
2026-03-20,58493,EST.B.EU000A2X2A25.TT,B,EU000A2X2A25,TT,A,F,,,,,P1D,,,,"ESA 2010 Sectors: S.121, S.122, S.123, S.124, S.125, S.126, S.127, S.128, S.129",,0,,,,,S,"Euro short-term rate, Total volume","Euro short-term rate, Total volume - Unsecured - Overnight - Borrowing - Financial corporations",,EUR,6
2026-03-23,64727,EST.B.EU000A2X2A25.TT,B,EU000A2X2A25,TT,A,F,,,,,P1D,,,,"ESA 2010 Sectors: S.121, S.122, S.123, S.124, S.125, S.126, S.127, S.128, S.129",,0,,,,,S,"Euro short-term rate, Total volume","Euro short-term rate, Total volume - Unsecured - Overnight - Borrowing - Financial corporations",,EUR,6
2026-03-24,65971,EST.B.EU000A2X2A25.TT,B,EU000A2X2A25,TT,A,F,,,,,P1D,,,,"ESA 2010 Sectors: S.121, S.122, S.123, S.124, S.125, S.126, S.127, S.128, S.129",,0,,,,,S,"Euro short-term rate, Total volume","Euro short-term rate, Total volume - Unsecured - Overnight - Borrowing - Financial corporations",,EUR,6
2026-03-25,67726,EST.B.EU000A2X2A25.TT,B,EU000A2X2A25,TT,A,F,,,,,P1D,,,,"ESA 2010 Sectors: S.121, S.122, S.123, S.124, S.125, S.126, S.127, S.128, S.129",,0,,,,,S,"Euro short-term rate, Total volume","Euro short-term rate, Total volume - Unsecured - Overnight - Borrowing - Financial corporations",,EUR,6
2026-03-26,66078,EST.B.EU000A2X2A25.TT,B,EU000A2X2A25,TT,A,F,,,,,P1D,,,,"ESA 2010 Sectors: S.121, S.122, S.123, S.124, S.125, S.126, S.127, S.128, S.129",,0,,,,,S,"Euro short-term rate, Total volume","Euro short-term rate, Total volume - Unsecured - Overnight - Borrowing - Financial corporations",,EUR,6
2026-03-27,61150,EST.B.EU000A2X2A25.TT,B,EU000A2X2A25,TT,A,F,,,,,P1D,,,,"ESA 2010 Sectors: S.121, S.122, S.123, S.124, S.125, S.126, S.127, S.128, S.129",,0,,,,,S,"Euro short-term rate, Total volume","Euro short-term rate, Total volume - Unsecured - Overnight - Borrowing - Financial corporations",,EUR,6
2026-03-30,63565,EST.B.EU000A2X2A25.TT,B,EU000A2X2A25,TT,A,F,,,,,P1D,,,,"ESA 2010 Sectors: S.121, S.122, S.123, S.124, S.125, S.126, S.127, S.128, S.129",,0,,,,,S,"Euro short-term rate, Total volume","Euro short-term rate, Total volume - Unsecured - Overnight - Borrowing - Financial corporations",,EUR,6
2026-03-31,59874,EST.B.EU000A2X2A25.TT,B,EU000A2X2A25,TT,A,F,,,,,P1D,,,,"ESA 2010 Sectors: S.121, S.122, S.123, S.124, S.125, S.126, S.127, S.128, S.129",,0,,,,,S,"Euro short-term rate, Total volume","Euro short-term rate, Total volume - Unsecured - Overnight - Borrowing - Financial corporations",,EUR,6
2026-04-01,73471,EST.B.EU000A2X2A25.TT,B,EU000A2X2A25,TT,A,F,,,,,P1D,,,,"ESA 2010 Sectors: S.121, S.122, S.123, S.124, S.125, S.126, S.127, S.128, S.129",,0,,,,,S,"Euro short-term rate, Total volume","Euro short-term rate, Total volume - Unsecured - Overnight - Borrowing - Financial corporations",,EUR,6
2026-04-02,69014,EST.B.EU000A2X2A25.TT,B,EU000A2X2A25,TT,A,F,,,,,P1D,,,,"ESA 2010 Sectors: S.121, S.122, S.123, S.124, S.125, S.126, S.127, S.128, S.129",,0,,,,,S,"Euro short-term rate, Total volume","Euro short-term rate, Total volume - Unsecured - Overnight - Borrowing - Financial corporations",,EUR,6
2026-04-07,75943,EST.B.EU000A2X2A25.TT,B,EU000A2X2A25,TT,A,F,,,,,P1D,,,,"ESA 2010 Sectors: S.121, S.122, S.123, S.124, S.125, S.126, S.127, S.128, S.129",,0,,,,,S,"Euro short-term rate, Total volume","Euro short-term rate, Total volume - Unsecured - Overnight - Borrowing - Financial corporations",,EUR,6
2026-04-08,75696,EST.B.EU000A2X2A25.TT,B,EU000A2X2A25,TT,A,F,,,,,P1D,,,,"ESA 2010 Sectors: S.121, S.122, S.123, S.124, S.125, S.126, S.127, S.128, S.129",,0,,,,,S,"Euro short-term rate, Total volume","Euro short-term rate, Total volume - Unsecured - Overnight - Borrowing - Financial corporations",,EUR,6
2026-04-09,75766,EST.B.EU000A2X2A25.TT,B,EU000A2X2A25,TT,A,F,,,,,P1D,,,,"ESA 2010 Sectors: S.121, S.122, S.123, S.124, S.125, S.126, S.127, S.128, S.129",,0,,,,,S,"Euro short-term rate, Total volume","Euro short-term rate, Total volume - Unsecured - Overnight - Borrowing - Financial corporations",,EUR,6
2026-04-10,71585,EST.B.EU000A2X2A25.TT,B,EU000A2X2A25,TT,A,F,,,,,P1D,,,,"ESA 2010 Sectors: S.121, S.122, S.123, S.124, S.125, S.126, S.127, S.128, S.129",,0,,,,,S,"Euro short-term rate, Total volume","Euro short-term rate, Total volume - Unsecured - Overnight - Borrowing - Financial corporations",,EUR,6
2026-04-13,72104,EST.B.EU000A2X2A25.TT,B,EU000A2X2A25,TT,A,F,,,,,P1D,,,,"ESA 2010 Sectors: S.121, S.122, S.123, S.124, S.125, S.126, S.127, S.128, S.129",,0,,,,,S,"Euro short-term rate, Total volume","Euro short-term rate, Total volume - Unsecured - Overnight - Borrowing - Financial corporations",,EUR,6
2026-04-14,73445,EST.B.EU000A2X2A25.TT,B,EU000A2X2A25,TT,A,F,,,,,P1D,,,,"ESA 2010 Sectors: S.121, S.122, S.123, S.124, S.125, S.126, S.127, S.128, S.129",,0,,,,,S,"Euro short-term rate, Total volume","Euro short-term rate, Total volume - Unsecured - Overnight - Borrowing - Financial corporations",,EUR,6
2026-04-15,74114,EST.B.EU000A2X2A25.TT,B,EU000A2X2A25,TT,A,F,,,,,P1D,,,,"ESA 2010 Sectors: S.121, S.122, S.123, S.124, S.125, S.126, S.127, S.128, S.129",,0,,,,,S,"Euro short-term rate, Total volume","Euro short-term rate, Total volume - Unsecured - Overnight - Borrowing - Financial corporations",,EUR,6
2026-04-16,73452,EST.B.EU000A2X2A25.TT,B,EU000A2X2A25,TT,A,F,,,,,P1D,,,,"ESA 2010 Sectors: S.121, S.122, S.123, S.124, S.125, S.126, S.127, S.128, S.129",,0,,,,,S,"Euro short-term rate, Total volume","Euro short-term rate, Total volume - Unsecured - Overnight - Borrowing - Financial corporations",,EUR,6
2026-04-17,71718,EST.B.EU000A2X2A25.TT,B,EU000A2X2A25,TT,A,F,,,,,P1D,,,,"ESA 2010 Sectors: S.121, S.122, S.123, S.124, S.125, S.126, S.127, S.128, S.129",,0,,,,,S,"Euro short-term rate, Total volume","Euro short-term rate, Total volume - Unsecured - Overnight - Borrowing - Financial corporations",,EUR,6
2026-04-20,69810,EST.B.EU000A2X2A25.TT,B,EU000A2X2A25,TT,A,F,,,,,P1D,,,,"ESA 2010 Sectors: S.121, S.122, S.123, S.124, S.125, S.126, S.127, S.128, S.129",,0,,,,,S,"Euro short-term rate, Total volume","Euro short-term rate, Total volume - Unsecured - Overnight - Borrowing - Financial corporations",,EUR,6
2026-04-21,67222,EST.B.EU000A2X2A25.TT,B,EU000A2X2A25,TT,A,F,,,,,P1D,,,,"ESA 2010 Sectors: S.121, S.122, S.123, S.124, S.125, S.126, S.127, S.128, S.129",,0,,,,,S,"Euro short-term rate, Total volume","Euro short-term rate, Total volume - Unsecured - Overnight - Borrowing - Financial corporations",,EUR,6
2026-04-22,67393,EST.B.EU000A2X2A25.TT,B,EU000A2X2A25,TT,A,F,,,,,P1D,,,,"ESA 2010 Sectors: S.121, S.122, S.123, S.124, S.125, S.126, S.127, S.128, S.129",,0,,,,,S,"Euro short-term rate, Total volume","Euro short-term rate, Total volume - Unsecured - Overnight - Borrowing - Financial corporations",,EUR,6
2026-04-23,66726,EST.B.EU000A2X2A25.TT,B,EU000A2X2A25,TT,A,F,,,,,P1D,,,,"ESA 2010 Sectors: S.121, S.122, S.123, S.124, S.125, S.126, S.127, S.128, S.129",,0,,,,,S,"Euro short-term rate, Total volume","Euro short-term rate, Total volume - Unsecured - Overnight - Borrowing - Financial corporations",,EUR,6
2026-04-24,62614,EST.B.EU000A2X2A25.TT,B,EU000A2X2A25,TT,A,F,,,,,P1D,,,,"ESA 2010 Sectors: S.121, S.122, S.123, S.124, S.125, S.126, S.127, S.128, S.129",,0,,,,,S,"Euro short-term rate, Total volume","Euro short-term rate, Total volume - Unsecured - Overnight - Borrowing - Financial corporations",,EUR,6
2026-04-27,70339,EST.B.EU000A2X2A25.TT,B,EU000A2X2A25,TT,A,F,,,,,P1D,,,,"ESA 2010 Sectors: S.121, S.122, S.123, S.124, S.125, S.126, S.127, S.128, S.129",,0,,,,,S,"Euro short-term rate, Total volume","Euro short-term rate, Total volume - Unsecured - Overnight - Borrowing - Financial corporations",,EUR,6
2026-04-28,68182,EST.B.EU000A2X2A25.TT,B,EU000A2X2A25,TT,A,F,,,,,P1D,,,,"ESA 2010 Sectors: S.121, S.122, S.123, S.124, S.125, S.126, S.127, S.128, S.129",,0,,,,,S,"Euro short-term rate, Total volume","Euro short-term rate, Total volume - Unsecured - Overnight - Borrowing - Financial corporations",,EUR,6
2026-04-29,64369,EST.B.EU000A2X2A25.TT,B,EU000A2X2A25,TT,A,F,,,,,P1D,,,,"ESA 2010 Sectors: S.121, S.122, S.123, S.124, S.125, S.126, S.127, S.128, S.129",,0,,,,,S,"Euro short-term rate, Total volume","Euro short-term rate, Total volume - Unsecured - Overnight - Borrowing - Financial corporations",,EUR,6
2026-04-30,56333,EST.B.EU000A2X2A25.TT,B,EU000A2X2A25,TT,A,F,,,,,P1D,,,,"ESA 2010 Sectors: S.121, S.122, S.123, S.124, S.125, S.126, S.127, S.128, S.129",,0,,,,,S,"Euro short-term rate, Total volume","Euro short-term rate, Total volume - Unsecured - Overnight - Borrowing - Financial corporations",,EUR,6
2026-05-04,66985,EST.B.EU000A2X2A25.TT,B,EU000A2X2A25,TT,A,F,,,,,P1D,,,,"ESA 2010 Sectors: S.121, S.122, S.123, S.124, S.125, S.126, S.127, S.128, S.129",,0,,,,,S,"Euro short-term rate, Total volume","Euro short-term rate, Total volume - Unsecured - Overnight - Borrowing - Financial corporations",,EUR,6
2026-05-05,74567,EST.B.EU000A2X2A25.TT,B,EU000A2X2A25,TT,A,F,,,,,P1D,,,,"ESA 2010 Sectors: S.121, S.122, S.123, S.124, S.125, S.126, S.127, S.128, S.129",,0,,,,,S,"Euro short-term rate, Total volume","Euro short-term rate, Total volume - Unsecured - Overnight - Borrowing - Financial corporations",,EUR,6
2026-05-06,73133,EST.B.EU000A2X2A25.TT,B,EU000A2X2A25,TT,A,F,,,,,P1D,,,,"ESA 2010 Sectors: S.121, S.122, S.123, S.124, S.125, S.126, S.127, S.128, S.129",,0,,,,,S,"Euro short-term rate, Total volume","Euro short-term rate, Total volume - Unsecured - Overnight - Borrowing - Financial corporations",,EUR,6
2026-05-07,70480,EST.B.EU000A2X2A25.TT,B,EU000A2X2A25,TT,A,F,,,,,P1D,,,,"ESA 2010 Sectors: S.121, S.122, S.123, S.124, S.125, S.126, S.127, S.128, S.129",,0,,,,,S,"Euro short-term rate, Total volume","Euro short-term rate, Total volume - Unsecured - Overnight - Borrowing - Financial corporations",,EUR,6
2026-05-08,68866,EST.B.EU000A2X2A25.TT,B,EU000A2X2A25,TT,A,F,,,,,P1D,,,,"ESA 2010 Sectors: S.121, S.122, S.123, S.124, S.125, S.126, S.127, S.128, S.129",,0,,,,,S,"Euro short-term rate, Total volume","Euro short-term rate, Total volume - Unsecured - Overnight - Borrowing - Financial corporations",,EUR,6
2026-05-11,74533,EST.B.EU000A2X2A25.TT,B,EU000A2X2A25,TT,A,F,,,,,P1D,,,,"ESA 2010 Sectors: S.121, S.122, S.123, S.124, S.125, S.126, S.127, S.128, S.129",,0,,,,,S,"Euro short-term rate, Total volume","Euro short-term rate, Total volume - Unsecured - Overnight - Borrowing - Financial corporations",,EUR,6
2026-05-12,73217,EST.B.EU000A2X2A25.TT,B,EU000A2X2A25,TT,A,F,,,,,P1D,,,,"ESA 2010 Sectors: S.121, S.122, S.123, S.124, S.125, S.126, S.127, S.128, S.129",,0,,,,,S,"Euro short-term rate, Total volume","Euro short-term rate, Total volume - Unsecured - Overnight - Borrowing - Financial corporations",,EUR,6
2026-05-13,57528,EST.B.EU000A2X2A25.TT,B,EU000A2X2A25,TT,A,F,,,,,P1D,,,,"ESA 2010 Sectors: S.121, S.122, S.123, S.124, S.125, S.126, S.127, S.128, S.129",,0,,,,,S,"Euro short-term rate, Total volume","Euro short-term rate, Total volume - Unsecured - Overnight - Borrowing - Financial corporations",,EUR,6
2026-05-14,50556,EST.B.EU000A2X2A25.TT,B,EU000A2X2A25,TT,A,F,,,,,P1D,,,,"ESA 2010 Sectors: S.121, S.122, S.123, S.124, S.125, S.126, S.127, S.128, S.129",,0,,,,,S,"Euro short-term rate, Total volume","Euro short-term rate, Total volume - Unsecured - Overnight - Borrowing - Financial corporations",,EUR,6
2026-05-15,68781,EST.B.EU000A2X2A25.TT,B,EU000A2X2A25,TT,A,F,,,,,P1D,,,,"ESA 2010 Sectors: S.121, S.122, S.123, S.124, S.125, S.126, S.127, S.128, S.129",,0,,,,,S,"Euro short-term rate, Total volume","Euro short-term rate, Total volume - Unsecured - Overnight - Borrowing - Financial corporations",,EUR,6
2026-05-18,72086,EST.B.EU000A2X2A25.TT,B,EU000A2X2A25,TT,A,F,,,,,P1D,,,,"ESA 2010 Sectors: S.121, S.122, S.123, S.124, S.125, S.126, S.127, S.128, S.129",,0,,,,,S,"Euro short-term rate, Total volume","Euro short-term rate, Total volume - Unsecured - Overnight - Borrowing - Financial corporations",,EUR,6
2026-05-19,66713,EST.B.EU000A2X2A25.TT,B,EU000A2X2A25,TT,A,F,,,,,P1D,,,,"ESA 2010 Sectors: S.121, S.122, S.123, S.124, S.125, S.126, S.127, S.128, S.129",,0,,,,,S,"Euro short-term rate, Total volume","Euro short-term rate, Total volume - Unsecured - Overnight - Borrowing - Financial corporations",,EUR,6
2026-05-20,67920,EST.B.EU000A2X2A25.TT,B,EU000A2X2A25,TT,A,F,,,,,P1D,,,,"ESA 2010 Sectors: S.121, S.122, S.123, S.124, S.125, S.126, S.127, S.128, S.129",,0,,,,,S,"Euro short-term rate, Total volume","Euro short-term rate, Total volume - Unsecured - Overnight - Borrowing - Financial corporations",,EUR,6
2026-05-21,68989,EST.B.EU000A2X2A25.TT,B,EU000A2X2A25,TT,A,F,,,,,P1D,,,,"ESA 2010 Sectors: S.121, S.122, S.123, S.124, S.125, S.126, S.127, S.128, S.129",,0,,,,,S,"Euro short-term rate, Total volume","Euro short-term rate, Total volume - Unsecured - Overnight - Borrowing - Financial corporations",,EUR,6
2026-05-22,47737,EST.B.EU000A2X2A25.TT,B,EU000A2X2A25,TT,A,F,,,,,P1D,,,,"ESA 2010 Sectors: S.121, S.122, S.123, S.124, S.125, S.126, S.127, S.128, S.129",,0,,,,,S,"Euro short-term rate, Total volume","Euro short-term rate, Total volume - Unsecured - Overnight - Borrowing - Financial corporations",,EUR,6
2026-05-25,43684,EST.B.EU000A2X2A25.TT,B,EU000A2X2A25,TT,A,F,,,,,P1D,,,,"ESA 2010 Sectors: S.121, S.122, S.123, S.124, S.125, S.126, S.127, S.128, S.129",,0,,,,,S,"Euro short-term rate, Total volume","Euro short-term rate, Total volume - Unsecured - Overnight - Borrowing - Financial corporations",,EUR,6
2026-05-26,67587,EST.B.EU000A2X2A25.TT,B,EU000A2X2A25,TT,A,F,,,,,P1D,,,,"ESA 2010 Sectors: S.121, S.122, S.123, S.124, S.125, S.126, S.127, S.128, S.129",,0,,,,,S,"Euro short-term rate, Total volume","Euro short-term rate, Total volume - Unsecured - Overnight - Borrowing - Financial corporations",,EUR,6
2026-05-27,64185,EST.B.EU000A2X2A25.TT,B,EU000A2X2A25,TT,A,F,,,,,P1D,,,,"ESA 2010 Sectors: S.121, S.122, S.123, S.124, S.125, S.126, S.127, S.128, S.129",,0,,,,,S,"Euro short-term rate, Total volume","Euro short-term rate, Total volume - Unsecured - Overnight - Borrowing - Financial corporations",,EUR,6
2026-05-28,63888,EST.B.EU000A2X2A25.TT,B,EU000A2X2A25,TT,A,F,,,,,P1D,,,,"ESA 2010 Sectors: S.121, S.122, S.123, S.124, S.125, S.126, S.127, S.128, S.129",,0,,,,,S,"Euro short-term rate, Total volume","Euro short-term rate, Total volume - Unsecured - Overnight - Borrowing - Financial corporations",,EUR,6
2026-05-29,55567,EST.B.EU000A2X2A25.TT,B,EU000A2X2A25,TT,A,F,,,,,P1D,,,,"ESA 2010 Sectors: S.121, S.122, S.123, S.124, S.125, S.126, S.127, S.128, S.129",,0,,,,,S,"Euro short-term rate, Total volume","Euro short-term rate, Total volume - Unsecured - Overnight - Borrowing - Financial corporations",,EUR,6
2026-06-01,67773,EST.B.EU000A2X2A25.TT,B,EU000A2X2A25,TT,A,F,,,,,P1D,,,,"ESA 2010 Sectors: S.121, S.122, S.123, S.124, S.125, S.126, S.127, S.128, S.129",,0,,,,,S,"Euro short-term rate, Total volume","Euro short-term rate, Total volume - Unsecured - Overnight - Borrowing - Financial corporations",,EUR,6
2026-06-02,73074,EST.B.EU000A2X2A25.TT,B,EU000A2X2A25,TT,A,F,,,,,P1D,,,,"ESA 2010 Sectors: S.121, S.122, S.123, S.124, S.125, S.126, S.127, S.128, S.129",,0,,,,,S,"Euro short-term rate, Total volume","Euro short-term rate, Total volume - Unsecured - Overnight - Borrowing - Financial corporations",,EUR,6
2026-06-03,61466,EST.B.EU000A2X2A25.TT,B,EU000A2X2A25,TT,A,F,,,,,P1D,,,,"ESA 2010 Sectors: S.121, S.122, S.123, S.124, S.125, S.126, S.127, S.128, S.129",,0,,,,,S,"Euro short-term rate, Total volume","Euro short-term rate, Total volume - Unsecured - Overnight - Borrowing - Financial corporations",,EUR,6
2026-06-04,61836,EST.B.EU000A2X2A25.TT,B,EU000A2X2A25,TT,A,F,,,,,P1D,,,,"ESA 2010 Sectors: S.121, S.122, S.123, S.124, S.125, S.126, S.127, S.128, S.129",,0,,,,,S,"Euro short-term rate, Total volume","Euro short-term rate, Total volume - Unsecured - Overnight - Borrowing - Financial corporations",,EUR,6
2026-06-05,70913,EST.B.EU000A2X2A25.TT,B,EU000A2X2A25,TT,A,F,,,,,P1D,,,,"ESA 2010 Sectors: S.121, S.122, S.123, S.124, S.125, S.126, S.127, S.128, S.129",,0,,,,,S,"Euro short-term rate, Total volume","Euro short-term rate, Total volume - Unsecured - Overnight - Borrowing - Financial corporations",,EUR,6
2026-06-08,66554,EST.B.EU000A2X2A25.TT,B,EU000A2X2A25,TT,A,F,,,,,P1D,,,,"ESA 2010 Sectors: S.121, S.122, S.123, S.124, S.125, S.126, S.127, S.128, S.129",,0,,,,,S,"Euro short-term rate, Total volume","Euro short-term rate, Total volume - Unsecured - Overnight - Borrowing - Financial corporations",,EUR,6
2026-06-09,66032,EST.B.EU000A2X2A25.TT,B,EU000A2X2A25,TT,A,F,,,,,P1D,,,,"ESA 2010 Sectors: S.121, S.122, S.123, S.124, S.125, S.126, S.127, S.128, S.129",,0,,,,,S,"Euro short-term rate, Total volume","Euro short-term rate, Total volume - Unsecured - Overnight - Borrowing - Financial corporations",,EUR,6
2026-06-10,64976,EST.B.EU000A2X2A25.TT,B,EU000A2X2A25,TT,A,F,,,,,P1D,,,,"ESA 2010 Sectors: S.121, S.122, S.123, S.124, S.125, S.126, S.127, S.128, S.129",,0,,,,,S,"Euro short-term rate, Total volume","Euro short-term rate, Total volume - Unsecured - Overnight - Borrowing - Financial corporations",,EUR,6
2026-06-11,65038,EST.B.EU000A2X2A25.TT,B,EU000A2X2A25,TT,A,F,,,,,P1D,,,,"ESA 2010 Sectors: S.121, S.122, S.123, S.124, S.125, S.126, S.127, S.128, S.129",,0,,,,,S,"Euro short-term rate, Total volume","Euro short-term rate, Total volume - Unsecured - Overnight - Borrowing - Financial corporations",,EUR,6
2026-06-12,65932,EST.B.EU000A2X2A25.TT,B,EU000A2X2A25,TT,A,F,,,,,P1D,,,,"ESA 2010 Sectors: S.121, S.122, S.123, S.124, S.125, S.126, S.127, S.128, S.129",,0,,,,,S,"Euro short-term rate, Total volume","Euro short-term rate, Total volume - Unsecured - Overnight - Borrowing - Financial corporations",,EUR,6
2026-06-15,66324,EST.B.EU000A2X2A25.TT,B,EU000A2X2A25,TT,A,F,,,,,P1D,,,,"ESA 2010 Sectors: S.121, S.122, S.123, S.124, S.125, S.126, S.127, S.128, S.129",,0,,,,,S,"Euro short-term rate, Total volume","Euro short-term rate, Total volume - Unsecured - Overnight - Borrowing - Financial corporations",,EUR,6
2026-06-16,69861,EST.B.EU000A2X2A25.TT,B,EU000A2X2A25,TT,A,F,,,,,P1D,,,,"ESA 2010 Sectors: S.121, S.122, S.123, S.124, S.125, S.126, S.127, S.128, S.129",,0,,,,,S,"Euro short-term rate, Total volume","Euro short-term rate, Total volume - Unsecured - Overnight - Borrowing - Financial corporations",,EUR,6
2026-06-17,72138,EST.B.EU000A2X2A25.TT,B,EU000A2X2A25,TT,A,F,,,,,P1D,,,,"ESA 2010 Sectors: S.121, S.122, S.123, S.124, S.125, S.126, S.127, S.128, S.129",,0,,,,,S,"Euro short-term rate, Total volume","Euro short-term rate, Total volume - Unsecured - Overnight - Borrowing - Financial corporations",,EUR,6
2026-06-18,68419,EST.B.EU000A2X2A25.TT,B,EU000A2X2A25,TT,A,F,,,,,P1D,,,,"ESA 2010 Sectors: S.121, S.122, S.123, S.124, S.125, S.126, S.127, S.128, S.129",,0,,,,,S,"Euro short-term rate, Total volume","Euro short-term rate, Total volume - Unsecured - Overnight - Borrowing - Financial corporations",,EUR,6
2026-06-19,68559,EST.B.EU000A2X2A25.TT,B,EU000A2X2A25,TT,A,F,,,,,P1D,,,,"ESA 2010 Sectors: S.121, S.122, S.123, S.124, S.125, S.126, S.127, S.128, S.129",,0,,,,,S,"Euro short-term rate, Total volume","Euro short-term rate, Total volume - Unsecured - Overnight - Borrowing - Financial corporations",,EUR,6
2026-06-22,67621,EST.B.EU000A2X2A25.TT,B,EU000A2X2A25,TT,A,F,,,,,P1D,,,,"ESA 2010 Sectors: S.121, S.122, S.123, S.124, S.125, S.126, S.127, S.128, S.129",,0,,,,,S,"Euro short-term rate, Total volume","Euro short-term rate, Total volume - Unsecured - Overnight - Borrowing - Financial corporations",,EUR,6
2026-06-23,64538,EST.B.EU000A2X2A25.TT,B,EU000A2X2A25,TT,A,F,,,,,P1D,,,,"ESA 2010 Sectors: S.121, S.122, S.123, S.124, S.125, S.126, S.127, S.128, S.129",,0,,,,,S,"Euro short-term rate, Total volume","Euro short-term rate, Total volume - Unsecured - Overnight - Borrowing - Financial corporations",,EUR,6
2026-06-24,63258,EST.B.EU000A2X2A25.TT,B,EU000A2X2A25,TT,A,F,,,,,P1D,,,,"ESA 2010 Sectors: S.121, S.122, S.123, S.124, S.125, S.126, S.127, S.128, S.129",,0,,,,,S,"Euro short-term rate, Total volume","Euro short-term rate, Total volume - Unsecured - Overnight - Borrowing - Financial corporations",,EUR,6
2026-06-25,63700,EST.B.EU000A2X2A25.TT,B,EU000A2X2A25,TT,A,F,,,,,P1D,,,,"ESA 2010 Sectors: S.121, S.122, S.123, S.124, S.125, S.126, S.127, S.128, S.129",,0,,,,,S,"Euro short-term rate, Total volume","Euro short-term rate, Total volume - Unsecured - Overnight - Borrowing - Financial corporations",,EUR,6
2026-06-26,61423,EST.B.EU000A2X2A25.TT,B,EU000A2X2A25,TT,A,F,,,,,P1D,,,,"ESA 2010 Sectors: S.121, S.122, S.123, S.124, S.125, S.126, S.127, S.128, S.129",,0,,,,,S,"Euro short-term rate, Total volume","Euro short-term rate, Total volume - Unsecured - Overnight - Borrowing - Financial corporations",,EUR,6
2026-06-29,59761,EST.B.EU000A2X2A25.TT,B,EU000A2X2A25,TT,A,F,,,,,P1D,,,,"ESA 2010 Sectors: S.121, S.122, S.123, S.124, S.125, S.126, S.127, S.128, S.129",,0,,,,,S,"Euro short-term rate, Total volume","Euro short-term rate, Total volume - Unsecured - Overnight - Borrowing - Financial corporations",,EUR,6
2026-06-30,59117,EST.B.EU000A2X2A25.TT,B,EU000A2X2A25,TT,A,F,,,,,P1D,,,,"ESA 2010 Sectors: S.121, S.122, S.123, S.124, S.125, S.126, S.127, S.128, S.129",,0,,,,,S,"Euro short-term rate, Total volume","Euro short-term rate, Total volume - Unsecured - Overnight - Borrowing - Financial corporations",,EUR,6
2026-07-01,71275,EST.B.EU000A2X2A25.TT,B,EU000A2X2A25,TT,A,F,,,,,P1D,,,,"ESA 2010 Sectors: S.121, S.122, S.123, S.124, S.125, S.126, S.127, S.128, S.129",,0,,,,,S,"Euro short-term rate, Total volume","Euro short-term rate, Total volume - Unsecured - Overnight - Borrowing - Financial corporations",,EUR,6
2026-07-02,69387,EST.B.EU000A2X2A25.TT,B,EU000A2X2A25,TT,A,F,,,,,P1D,,,,"ESA 2010 Sectors: S.121, S.122, S.123, S.124, S.125, S.126, S.127, S.128, S.129",,0,,,,,S,"Euro short-term rate, Total volume","Euro short-term rate, Total volume - Unsecured - Overnight - Borrowing - Financial corporations",,EUR,6
2026-07-03,70945,EST.B.EU000A2X2A25.TT,B,EU000A2X2A25,TT,A,F,,,,,P1D,,,,"ESA 2010 Sectors: S.121, S.122, S.123, S.124, S.125, S.126, S.127, S.128, S.129",,0,,,,,S,"Euro short-term rate, Total volume","Euro short-term rate, Total volume - Unsecured - Overnight - Borrowing - Financial corporations",,EUR,6
2026-07-06,69935,EST.B.EU000A2X2A25.TT,B,EU000A2X2A25,TT,A,F,,,,,P1D,,,,"ESA 2010 Sectors: S.121, S.122, S.123, S.124, S.125, S.126, S.127, S.128, S.129",,0,,,,,S,"Euro short-term rate, Total volume","Euro short-term rate, Total volume - Unsecured - Overnight - Borrowing - Financial corporations",,EUR,6
2026-07-07,71144,EST.B.EU000A2X2A25.TT,B,EU000A2X2A25,TT,A,F,,,,,P1D,,,,"ESA 2010 Sectors: S.121, S.122, S.123, S.124, S.125, S.126, S.127, S.128, S.129",,0,,,,,S,"Euro short-term rate, Total volume","Euro short-term rate, Total volume - Unsecured - Overnight - Borrowing - Financial corporations",,EUR,6
2026-07-08,66085,EST.B.EU000A2X2A25.TT,B,EU000A2X2A25,TT,A,F,,,,,P1D,,,,"ESA 2010 Sectors: S.121, S.122, S.123, S.124, S.125, S.126, S.127, S.128, S.129",,0,,,,,S,"Euro short-term rate, Total volume","Euro short-term rate, Total volume - Unsecured - Overnight - Borrowing - Financial corporations",,EUR,6
2026-07-09,64378,EST.B.EU000A2X2A25.TT,B,EU000A2X2A25,TT,A,F,,,,,P1D,,,,"ESA 2010 Sectors: S.121, S.122, S.123, S.124, S.125, S.126, S.127, S.128, S.129",,0,,,,,S,"Euro short-term rate, Total volume","Euro short-term rate, Total volume - Unsecured - Overnight - Borrowing - Financial corporations",,EUR,6
2026-07-10,66256,EST.B.EU000A2X2A25.TT,B,EU000A2X2A25,TT,A,F,,,,,P1D,,,,"ESA 2010 Sectors: S.121, S.122, S.123, S.124, S.125, S.126, S.127, S.128, S.129",,0,,,,,S,"Euro short-term rate, Total volume","Euro short-term rate, Total volume - Unsecured - Overnight - Borrowing - Financial corporations",,EUR,6
2026-07-13,64388,EST.B.EU000A2X2A25.TT,B,EU000A2X2A25,TT,A,F,,,,,P1D,,,,"ESA 2010 Sectors: S.121, S.122, S.123, S.124, S.125, S.126, S.127, S.128, S.129",,0,,,,,S,"Euro short-term rate, Total volume","Euro short-term rate, Total volume - Unsecured - Overnight - Borrowing - Financial corporations",,EUR,6
2026-07-14,63080,EST.B.EU000A2X2A25.TT,B,EU000A2X2A25,TT,A,F,,,,,P1D,,,,"ESA 2010 Sectors: S.121, S.122, S.123, S.124, S.125, S.126, S.127, S.128, S.129",,0,,,,,S,"Euro short-term rate, Total volume","Euro short-term rate, Total volume - Unsecured - Overnight - Borrowing - Financial corporations",,EUR,6
2026-07-15,64766,EST.B.EU000A2X2A25.TT,B,EU000A2X2A25,TT,A,F,,,,,P1D,,,,"ESA 2010 Sectors: S.121, S.122, S.123, S.124, S.125, S.126, S.127, S.128, S.129",,0,,,,,S,"Euro short-term rate, Total volume","Euro short-term rate, Total volume - Unsecured - Overnight - Borrowing - Financial corporations",,EUR,6
2026-07-16,67577,EST.B.EU000A2X2A25.TT,B,EU000A2X2A25,TT,A,F,,,,,P1D,,,,"ESA 2010 Sectors: S.121, S.122, S.123, S.124, S.125, S.126, S.127, S.128, S.129",,0,,,,,S,"Euro short-term rate, Total volume","Euro short-term rate, Total volume - Unsecured - Overnight - Borrowing - Financial corporations",,EUR,6
2026-07-17,65587,EST.B.EU000A2X2A25.TT,B,EU000A2X2A25,TT,A,F,,,,,P1D,,,,"ESA 2010 Sectors: S.121, S.122, S.123, S.124, S.125, S.126, S.127, S.128, S.129",,0,,,,,S,"Euro short-term rate, Total volume","Euro short-term rate, Total volume - Unsecured - Overnight - Borrowing - Financial corporations",,EUR,6
2026-07-20,67419,EST.B.EU000A2X2A25.TT,B,EU000A2X2A25,TT,A,F,,,,,P1D,,,,"ESA 2010 Sectors: S.121, S.122, S.123, S.124, S.125, S.126, S.127, S.128, S.129",,0,,,,,S,"Euro short-term rate, Total volume","Euro short-term rate, Total volume - Unsecured - Overnight - Borrowing - Financial corporations",,EUR,6
2026-07-21,66934,EST.B.EU000A2X2A25.TT,B,EU000A2X2A25,TT,A,F,,,,,P1D,,,,"ESA 2010 Sectors: S.121, S.122, S.123, S.124, S.125, S.126, S.127, S.128, S.129",,0,,,,,S,"Euro short-term rate, Total volume","Euro short-term rate, Total volume - Unsecured - Overnight - Borrowing - Financial corporations",,EUR,6
2026-07-22,63045,EST.B.EU000A2X2A25.TT,B,EU000A2X2A25,TT,A,F,,,,,P1D,,,,"ESA 2010 Sectors: S.121, S.122, S.123, S.124, S.125, S.126, S.127, S.128, S.129",,0,,,,,S,"Euro short-term rate, Total volume","Euro short-term rate, Total volume - Unsecured - Overnight - Borrowing - Financial corporations",,EUR,6
2026-07-23,64371,EST.B.EU000A2X2A25.TT,B,EU000A2X2A25,TT,A,F,,,,,P1D,,,,"ESA 2010 Sectors: S.121, S.122, S.123, S.124, S.125, S.126, S.127, S.128, S.129",,0,,,,,S,"Euro short-term rate, Total volume","Euro short-term rate, Total volume - Unsecured - Overnight - Borrowing - Financial corporations",,EUR,6
2026-07-24,63789,EST.B.EU000A2X2A25.TT,B,EU000A2X2A25,TT,A,F,,,,,P1D,,,,"ESA 2010 Sectors: S.121, S.122, S.123, S.124, S.125, S.126, S.127, S.128, S.129",,0,,,,,S,"Euro short-term rate, Total volume","Euro short-term rate, Total volume - Unsecured - Overnight - Borrowing - Financial corporations",,EUR,6
2026-07-27,64291,EST.B.EU000A2X2A25.TT,B,EU000A2X2A25,TT,A,F,,,,,P1D,,,,"ESA 2010 Sectors: S.121, S.122, S.123, S.124, S.125, S.126, S.127, S.128, S.129",,0,,,,,S,"Euro short-term rate, Total volume","Euro short-term rate, Total volume - Unsecured - Overnight - Borrowing - Financial corporations",,EUR,6
2026-07-28,64531,EST.B.EU000A2X2A25.TT,B,EU000A2X2A25,TT,A,F,,,,,P1D,,,,"ESA 2010 Sectors: S.121, S.122, S.123, S.124, S.125, S.126, S.127, S.128, S.129",,0,,,,,S,"Euro short-term rate, Total volume","Euro short-term rate, Total volume - Unsecured - Overnight - Borrowing - Financial corporations",,EUR,6
2026-07-29,65428,EST.B.EU000A2X2A25.TT,B,EU000A2X2A25,TT,A,F,,,,,P1D,,,,"ESA 2010 Sectors: S.121, S.122, S.123, S.124, S.125, S.126, S.127, S.128, S.129",,0,,,,,S,"Euro short-term rate, Total volume","Euro short-term rate, Total volume - Unsecured - Overnight - Borrowing - Financial corporations",,EUR,6
2026-07-30,64506,EST.B.EU000A2X2A25.TT,B,EU000A2X2A25,TT,A,F,,,,,P1D,,,,"ESA 2010 Sectors: S.121, S.122, S.123, S.124, S.125, S.126, S.127, S.128, S.129",,0,,,,,S,"Euro short-term rate, Total volume","Euro short-term rate, Total volume - Unsecured - Overnight - Borrowing - Financial corporations",,EUR,6
2026-07-31,54845,EST.B.EU000A2X2A25.TT,B,EU000A2X2A25,TT,A,F,,,,,P1D,,,,"ESA 2010 Sectors: S.121, S.122, S.123, S.124, S.125, S.126, S.127, S.128, S.129",,0,,,,,S,"Euro short-term rate, Total volume","Euro short-term rate, Total volume - Unsecured - Overnight - Borrowing - Financial corporations",,EUR,6
2026-08-03,56748,EST.B.EU000A2X2A25.TT,B,EU000A2X2A25,TT,A,F,,,,,P1D,,,,"ESA 2010 Sectors: S.121, S.122, S.123, S.124, S.125, S.126, S.127, S.128, S.129",,0,,,,,S,"Euro short-term rate, Total volume","Euro short-term rate, Total volume - Unsecured - Overnight - Borrowing - Financial corporations",,EUR,6
2026-08-04,64618,EST.B.EU000A2X2A25.TT,B,EU000A2X2A25,TT,A,F,,,,,P1D,,,,"ESA 2010 Sectors: S.121, S.122, S.123, S.124, S.125, S.126, S.127, S.128, S.129",,0,,,,,S,"Euro short-term rate, Total volume","Euro short-term rate, Total volume - Unsecured - Overnight - Borrowing - Financial corporations",,EUR,6
2026-08-05,66291,EST.B.EU000A2X2A25.TT,B,EU000A2X2A25,TT,A,F,,,,,P1D,,,,"ESA 2010 Sectors: S.121, S.122, S.123, S.124, S.125, S.126, S.127, S.128, S.129",,0,,,,,S,"Euro short-term rate, Total volume","Euro short-term rate, Total volume - Unsecured - Overnight - Borrowing - Financial corporations",,EUR,6
2026-08-06,67288,EST.B.EU000A2X2A25.TT,B,EU000A2X2A25,TT,A,F,,,,,P1D,,,,"ESA 2010 Sectors: S.121, S.122, S.123, S.124, S.125, S.126, S.127, S.128, S.129",,0,,,,,S,"Euro short-term rate, Total volume","Euro short-term rate, Total volume - Unsecured - Overnight - Borrowing - Financial corporations",,EUR,6
2026-08-07,67360,EST.B.EU000A2X2A25.TT,B,EU000A2X2A25,TT,A,F,,,,,P1D,,,,"ESA 2010 Sectors: S.121, S.122, S.123, S.124, S.125, S.126, S.127, S.128, S.129",,0,,,,,S,"Euro short-term rate, Total volume","Euro short-term rate, Total volume - Unsecured - Overnight - Borrowing - Financial corporations",,EUR,6
2026-08-10,62515,EST.B.EU000A2X2A25.TT,B,EU000A2X2A25,TT,A,F,,,,,P1D,,,,"ESA 2010 Sectors: S.121, S.122, S.123, S.124, S.125, S.126, S.127, S.128, S.129",,0,,,,,S,"Euro short-term rate, Total volume","Euro short-term rate, Total volume - Unsecured - Overnight - Borrowing - Financial corporations",,EUR,6
2026-08-11,61120,EST.B.EU000A2X2A25.TT,B,EU000A2X2A25,TT,A,F,,,,,P1D,,,,"ESA 2010 Sectors: S.121, S.122, S.123, S.124, S.125, S.126, S.127, S.128, S.129",,0,,,,,S,"Euro short-term rate, Total volume","Euro short-term rate, Total volume - Unsecured - Overnight - Borrowing - Financial corporations",,EUR,6
