observation_date,value,KEY,FREQ,BENCHMARK_ITEM,DATA_TYPE_EST,OBS_STATUS,CONF_STATUS,PRE_BREAK_VALUE,COMMENT_OBS,CALCUL_START_DATE,CALCUL_END_DATE,TIME_FORMAT,BREAKS,COMMENT_TS,COMPILING_ORG,COVERAGE,DATA_COMP,DECIMALS,DISS_ORG,PUBL_ECB,PUBL_MU,PUBL_PUBLIC,TIME_PER_COLLECT,TITLE,TITLE_COMPL,UNIT_INDEX_BASE,UNIT_MEASURE,UNIT_MULT
2019-10-01,432,EST.B.EU000A2X2A25.NT,B,EU000A2X2A25,NT,A,F,,,,,P1D,,,,"ESA 2010 Sectors: S.121, S.122, S.123, S.124, S.125, S.126, S.127, S.128, S.129",,0,,,,,S,"Euro short-term rate, Number of transactions","Euro short-term rate, Number of transactions - Unsecured - Overnight - Borrowing - Financial corporations",,_Z,0
2019-10-02,397,EST.B.EU000A2X2A25.NT,B,EU000A2X2A25,NT,A,F,,,,,P1D,,,,"ESA 2010 Sectors: S.121, S.122, S.123, S.124, S.125, S.126, S.127, S.128, S.129",,0,,,,,S,"Euro short-term rate, Number of transactions","Euro short-term rate, Number of transactions - Unsecured - Overnight - Borrowing - Financial corporations",,_Z,0
2019-10-03,373,EST.B.EU000A2X2A25.NT,B,EU000A2X2A25,NT,A,F,,,,,P1D,,,,"ESA 2010 Sectors: S.121, S.122, S.123, S.124, S.125, S.126, S.127, S.128, S.129",,0,,,,,S,"Euro short-term rate, Number of transactions","Euro short-term rate, Number of transactions - Unsecured - Overnight - Borrowing - Financial corporations",,_Z,0
2019-10-04,429,EST.B.EU000A2X2A25.NT,B,EU000A2X2A25,NT,A,F,,,,,P1D,,,,"ESA 2010 Sectors: S.121, S.122, S.123, S.124, S.125, S.126, S.127, S.128, S.129",,0,,,,,S,"Euro short-term rate, Number of transactions","Euro short-term rate, Number of transactions - Unsecured - Overnight - Borrowing - Financial corporations",,_Z,0
2019-10-07,416,EST.B.EU000A2X2A25.NT,B,EU000A2X2A25,NT,A,F,,,,,P1D,,,,"ESA 2010 Sectors: S.121, S.122, S.123, S.124, S.125, S.126, S.127, S.128, S.129",,0,,,,,S,"Euro short-term rate, Number of transactions","Euro short-term rate, Number of transactions - Unsecured - Overnight - Borrowing - Financial corporations",,_Z,0
2019-10-08,425,EST.B.EU000A2X2A25.NT,B,EU000A2X2A25,NT,A,F,,,,,P1D,,,,"ESA 2010 Sectors: S.121, S.122, S.123, S.124, S.125, S.126, S.127, S.128, S.129",,0,,,,,S,"Euro short-term rate, Number of transactions","Euro short-term rate, Number of transactions - Unsecured - Overnight - Borrowing - Financial corporations",,_Z,0
2019-10-09,422,EST.B.EU000A2X2A25.NT,B,EU000A2X2A25,NT,A,F,,,,,P1D,,,,"ESA 2010 Sectors: S.121, S.122, S.123, S.124, S.125, S.126, S.127, S.128, S.129",,0,,,,,S,"Euro short-term rate, Number of transactions","Euro short-term rate, Number of transactions - Unsecured - Overnight - Borrowing - Financial corporations",,_Z,0
2019-10-10,415,EST.B.EU000A2X2A25.NT,B,EU000A2X2A25,NT,A,F,,,,,P1D,,,,"ESA 2010 Sectors: S.121, S.122, S.123, S.124, S.125, S.126, S.127, S.128, S.129",,0,,,,,S,"Euro short-term rate, Number of transactions","Euro short-term rate, Number of transactions - Unsecured - Overnight - Borrowing - Financial corporations",,_Z,0
2019-10-11,436,EST.B.EU000A2X2A25.NT,B,EU000A2X2A25,NT,A,F,,,,,P1D,,,,"ESA 2010 Sectors: S.121, S.122, S.123, S.124, S.125, S.126, S.127, S.128, S.129",,0,,,,,S,"Euro short-term rate, Number of transactions","Euro short-term rate, Number of transactions - Unsecured - Overnight - Borrowing - Financial corporations",,_Z,0
2019-10-14,424,EST.B.EU000A2X2A25.NT,B,EU000A2X2A25,NT,A,F,,,,,P1D,,,,"ESA 2010 Sectors: S.121, S.122, S.123, S.124, S.125, S.126, S.127, S.128, S.129",,0,,,,,S,"Euro short-term rate, Number of transactions","Euro short-term rate, Number of transactions - Unsecured - Overnight - Borrowing - Financial corporations",,_Z,0
2019-10-15,442,EST.B.EU000A2X2A25.NT,B,EU000A2X2A25,NT,A,F,,,,,P1D,,,,"ESA 2010 Sectors: S.121, S.122, S.123, S.124, S.125, S.126, S.127, S.128, S.129",,0,,,,,S,"Euro short-term rate, Number of transactions","Euro short-term rate, Number of transactions - Unsecured - Overnight - Borrowing - Financial corporations",,_Z,0
2019-10-16,451,EST.B.EU000A2X2A25.NT,B,EU000A2X2A25,NT,A,F,,,,,P1D,,,,"ESA 2010 Sectors: S.121, S.122, S.123, S.124, S.125, S.126, S.127, S.128, S.129",,0,,,,,S,"Euro short-term rate, Number of transactions","Euro short-term rate, Number of transactions - Unsecured - Overnight - Borrowing - Financial corporations",,_Z,0
2019-10-17,440,EST.B.EU000A2X2A25.NT,B,EU000A2X2A25,NT,A,F,,,,,P1D,,,,"ESA 2010 Sectors: S.121, S.122, S.123, S.124, S.125, S.126, S.127, S.128, S.129",,0,,,,,S,"Euro short-term rate, Number of transactions","Euro short-term rate, Number of transactions - Unsecured - Overnight - Borrowing - Financial corporations",,_Z,0
2019-10-18,421,EST.B.EU000A2X2A25.NT,B,EU000A2X2A25,NT,A,F,,,,,P1D,,,,"ESA 2010 Sectors: S.121, S.122, S.123, S.124, S.125, S.126, S.127, S.128, S.129",,0,,,,,S,"Euro short-term rate, Number of transactions","Euro short-term rate, Number of transactions - Unsecured - Overnight - Borrowing - Financial corporations",,_Z,0
2019-10-21,440,EST.B.EU000A2X2A25.NT,B,EU000A2X2A25,NT,A,F,,,,,P1D,,,,"ESA 2010 Sectors: S.121, S.122, S.123, S.124, S.125, S.126, S.127, S.128, S.129",,0,,,,,S,"Euro short-term rate, Number of transactions","Euro short-term rate, Number of transactions - Unsecured - Overnight - Borrowing - Financial corporations",,_Z,0
2019-10-22,427,EST.B.EU000A2X2A25.NT,B,EU000A2X2A25,NT,A,F,,,,,P1D,,,,"ESA 2010 Sectors: S.121, S.122, S.123, S.124, S.125, S.126, S.127, S.128, S.129",,0,,,,,S,"Euro short-term rate, Number of transactions","Euro short-term rate, Number of transactions - Unsecured - Overnight - Borrowing - Financial corporations",,_Z,0
2019-10-23,434,EST.B.EU000A2X2A25.NT,B,EU000A2X2A25,NT,A,F,,,,,P1D,,,,"ESA 2010 Sectors: S.121, S.122, S.123, S.124, S.125, S.126, S.127, S.128, S.129",,0,,,,,S,"Euro short-term rate, Number of transactions","Euro short-term rate, Number of transactions - Unsecured - Overnight - Borrowing - Financial corporations",,_Z,0
2019-10-24,429,EST.B.EU000A2X2A25.NT,B,EU000A2X2A25,NT,A,F,,,,,P1D,,,,"ESA 2010 Sectors: S.121, S.122, S.123, S.124, S.125, S.126, S.127, S.128, S.129",,0,,,,,S,"Euro short-term rate, Number of transactions","Euro short-term rate, Number of transactions - Unsecured - Overnight - Borrowing - Financial corporations",,_Z,0
2019-10-25,427,EST.B.EU000A2X2A25.NT,B,EU000A2X2A25,NT,A,F,,,,,P1D,,,,"ESA 2010 Sectors: S.121, S.122, S.123, S.124, S.125, S.126, S.127, S.128, S.129",,0,,,,,S,"Euro short-term rate, Number of transactions","Euro short-term rate, Number of transactions - Unsecured - Overnight - Borrowing - Financial corporations",,_Z,0
2019-10-28,416,EST.B.EU000A2X2A25.NT,B,EU000A2X2A25,NT,A,F,,,,,P1D,,,,"ESA 2010 Sectors: S.121, S.122, S.123, S.124, S.125, S.126, S.127, S.128, S.129",,0,,,,,S,"Euro short-term rate, Number of transactions","Euro short-term rate, Number of transactions - Unsecured - Overnight - Borrowing - Financial corporations",,_Z,0
2019-10-29,430,EST.B.EU000A2X2A25.NT,B,EU000A2X2A25,NT,A,F,,,,,P1D,,,,"ESA 2010 Sectors: S.121, S.122, S.123, S.124, S.125, S.126, S.127, S.128, S.129",,0,,,,,S,"Euro short-term rate, Number of transactions","Euro short-term rate, Number of transactions - Unsecured - Overnight - Borrowing - Financial corporations",,_Z,0
2019-10-30,422,EST.B.EU000A2X2A25.NT,B,EU000A2X2A25,NT,A,F,,,,,P1D,,,,"ESA 2010 Sectors: S.121, S.122, S.123, S.124, S.125, S.126, S.127, S.128, S.129",,0,,,,,S,"Euro short-term rate, Number of transactions","Euro short-term rate, Number of transactions - Unsecured - Overnight - Borrowing - Financial corporations",,_Z,0
2019-10-31,354,EST.B.EU000A2X2A25.NT,B,EU000A2X2A25,NT,A,F,,,,,P1D,,,,"ESA 2010 Sectors: S.121, S.122, S.123, S.124, S.125, S.126, S.127, S.128, S.129",,0,,,,,S,"Euro short-term rate, Number of transactions","Euro short-term rate, Number of transactions - Unsecured - Overnight - Borrowing - Financial corporations",,_Z,0
2019-11-01,374,EST.B.EU000A2X2A25.NT,B,EU000A2X2A25,NT,A,F,,,,,P1D,,,,"ESA 2010 Sectors: S.121, S.122, S.123, S.124, S.125, S.126, S.127, S.128, S.129",,0,,,,,S,"Euro short-term rate, Number of transactions","Euro short-term rate, Number of transactions - Unsecured - Overnight - Borrowing - Financial corporations",,_Z,0
2019-11-04,463,EST.B.EU000A2X2A25.NT,B,EU000A2X2A25,NT,A,F,,,,,P1D,,,,"ESA 2010 Sectors: S.121, S.122, S.123, S.124, S.125, S.126, S.127, S.128, S.129",,0,,,,,S,"Euro short-term rate, Number of transactions","Euro short-term rate, Number of transactions - Unsecured - Overnight - Borrowing - Financial corporations",,_Z,0
2019-11-05,463,EST.B.EU000A2X2A25.NT,B,EU000A2X2A25,NT,A,F,,,,,P1D,,,,"ESA 2010 Sectors: S.121, S.122, S.123, S.124, S.125, S.126, S.127, S.128, S.129",,0,,,,,S,"Euro short-term rate, Number of transactions","Euro short-term rate, Number of transactions - Unsecured - Overnight - Borrowing - Financial corporations",,_Z,0
2019-11-06,445,EST.B.EU000A2X2A25.NT,B,EU000A2X2A25,NT,A,F,,,,,P1D,,,,"ESA 2010 Sectors: S.121, S.122, S.123, S.124, S.125, S.126, S.127, S.128, S.129",,0,,,,,S,"Euro short-term rate, Number of transactions","Euro short-term rate, Number of transactions - Unsecured - Overnight - Borrowing - Financial corporations",,_Z,0
2019-11-07,463,EST.B.EU000A2X2A25.NT,B,EU000A2X2A25,NT,A,F,,,,,P1D,,,,"ESA 2010 Sectors: S.121, S.122, S.123, S.124, S.125, S.126, S.127, S.128, S.129",,0,,,,,S,"Euro short-term rate, Number of transactions","Euro short-term rate, Number of transactions - Unsecured - Overnight - Borrowing - Financial corporations",,_Z,0
2019-11-08,421,EST.B.EU000A2X2A25.NT,B,EU000A2X2A25,NT,A,F,,,,,P1D,,,,"ESA 2010 Sectors: S.121, S.122, S.123, S.124, S.125, S.126, S.127, S.128, S.129",,0,,,,,S,"Euro short-term rate, Number of transactions","Euro short-term rate, Number of transactions - Unsecured - Overnight - Borrowing - Financial corporations",,_Z,0
2019-11-11,429,EST.B.EU000A2X2A25.NT,B,EU000A2X2A25,NT,A,F,,,,,P1D,,,,"ESA 2010 Sectors: S.121, S.122, S.123, S.124, S.125, S.126, S.127, S.128, S.129",,0,,,,,S,"Euro short-term rate, Number of transactions","Euro short-term rate, Number of transactions - Unsecured - Overnight - Borrowing - Financial corporations",,_Z,0
2019-11-12,444,EST.B.EU000A2X2A25.NT,B,EU000A2X2A25,NT,A,F,,,,,P1D,,,,"ESA 2010 Sectors: S.121, S.122, S.123, S.124, S.125, S.126, S.127, S.128, S.129",,0,,,,,S,"Euro short-term rate, Number of transactions","Euro short-term rate, Number of transactions - Unsecured - Overnight - Borrowing - Financial corporations",,_Z,0
2019-11-13,286,EST.B.EU000A2X2A25.NT,B,EU000A2X2A25,NT,A,F,,,,,P1D,,,,"ESA 2010 Sectors: S.121, S.122, S.123, S.124, S.125, S.126, S.127, S.128, S.129",,0,,,,,S,"Euro short-term rate, Number of transactions","Euro short-term rate, Number of transactions - Unsecured - Overnight - Borrowing - Financial corporations",,_Z,0
2019-11-14,425,EST.B.EU000A2X2A25.NT,B,EU000A2X2A25,NT,A,F,,,,,P1D,,,,"ESA 2010 Sectors: S.121, S.122, S.123, S.124, S.125, S.126, S.127, S.128, S.129",,0,,,,,S,"Euro short-term rate, Number of transactions","Euro short-term rate, Number of transactions - Unsecured - Overnight - Borrowing - Financial corporations",,_Z,0
2019-11-15,439,EST.B.EU000A2X2A25.NT,B,EU000A2X2A25,NT,A,F,,,,,P1D,,,,"ESA 2010 Sectors: S.121, S.122, S.123, S.124, S.125, S.126, S.127, S.128, S.129",,0,,,,,S,"Euro short-term rate, Number of transactions","Euro short-term rate, Number of transactions - Unsecured - Overnight - Borrowing - Financial corporations",,_Z,0
2019-11-18,449,EST.B.EU000A2X2A25.NT,B,EU000A2X2A25,NT,A,F,,,,,P1D,,,,"ESA 2010 Sectors: S.121, S.122, S.123, S.124, S.125, S.126, S.127, S.128, S.129",,0,,,,,S,"Euro short-term rate, Number of transactions","Euro short-term rate, Number of transactions - Unsecured - Overnight - Borrowing - Financial corporations",,_Z,0
2019-11-19,453,EST.B.EU000A2X2A25.NT,B,EU000A2X2A25,NT,A,F,,,,,P1D,,,,"ESA 2010 Sectors: S.121, S.122, S.123, S.124, S.125, S.126, S.127, S.128, S.129",,0,,,,,S,"Euro short-term rate, Number of transactions","Euro short-term rate, Number of transactions - Unsecured - Overnight - Borrowing - Financial corporations",,_Z,0
2019-11-20,463,EST.B.EU000A2X2A25.NT,B,EU000A2X2A25,NT,A,F,,,,,P1D,,,,"ESA 2010 Sectors: S.121, S.122, S.123, S.124, S.125, S.126, S.127, S.128, S.129",,0,,,,,S,"Euro short-term rate, Number of transactions","Euro short-term rate, Number of transactions - Unsecured - Overnight - Borrowing - Financial corporations",,_Z,0
2019-11-21,450,EST.B.EU000A2X2A25.NT,B,EU000A2X2A25,NT,A,F,,,,,P1D,,,,"ESA 2010 Sectors: S.121, S.122, S.123, S.124, S.125, S.126, S.127, S.128, S.129",,0,,,,,S,"Euro short-term rate, Number of transactions","Euro short-term rate, Number of transactions - Unsecured - Overnight - Borrowing - Financial corporations",,_Z,0
2019-11-22,435,EST.B.EU000A2X2A25.NT,B,EU000A2X2A25,NT,A,F,,,,,P1D,,,,"ESA 2010 Sectors: S.121, S.122, S.123, S.124, S.125, S.126, S.127, S.128, S.129",,0,,,,,S,"Euro short-term rate, Number of transactions","Euro short-term rate, Number of transactions - Unsecured - Overnight - Borrowing - Financial corporations",,_Z,0
2019-11-25,338,EST.B.EU000A2X2A25.NT,B,EU000A2X2A25,NT,A,F,,,,,P1D,,,,"ESA 2010 Sectors: S.121, S.122, S.123, S.124, S.125, S.126, S.127, S.128, S.129",,0,,,,,S,"Euro short-term rate, Number of transactions","Euro short-term rate, Number of transactions - Unsecured - Overnight - Borrowing - Financial corporations",,_Z,0
2019-11-26,445,EST.B.EU000A2X2A25.NT,B,EU000A2X2A25,NT,A,F,,,,,P1D,,,,"ESA 2010 Sectors: S.121, S.122, S.123, S.124, S.125, S.126, S.127, S.128, S.129",,0,,,,,S,"Euro short-term rate, Number of transactions","Euro short-term rate, Number of transactions - Unsecured - Overnight - Borrowing - Financial corporations",,_Z,0
2019-11-27,445,EST.B.EU000A2X2A25.NT,B,EU000A2X2A25,NT,A,F,,,,,P1D,,,,"ESA 2010 Sectors: S.121, S.122, S.123, S.124, S.125, S.126, S.127, S.128, S.129",,0,,,,,S,"Euro short-term rate, Number of transactions","Euro short-term rate, Number of transactions - Unsecured - Overnight - Borrowing - Financial corporations",,_Z,0
2019-11-28,437,EST.B.EU000A2X2A25.NT,B,EU000A2X2A25,NT,A,F,,,,,P1D,,,,"ESA 2010 Sectors: S.121, S.122, S.123, S.124, S.125, S.126, S.127, S.128, S.129",,0,,,,,S,"Euro short-term rate, Number of transactions","Euro short-term rate, Number of transactions - Unsecured - Overnight - Borrowing - Financial corporations",,_Z,0
2019-11-29,406,EST.B.EU000A2X2A25.NT,B,EU000A2X2A25,NT,A,F,,,,,P1D,,,,"ESA 2010 Sectors: S.121, S.122, S.123, S.124, S.125, S.126, S.127, S.128, S.129",,0,,,,,S,"Euro short-term rate, Number of transactions","Euro short-term rate, Number of transactions - Unsecured - Overnight - Borrowing - Financial corporations",,_Z,0
2019-12-02,438,EST.B.EU000A2X2A25.NT,B,EU000A2X2A25,NT,A,F,,,,,P1D,,,,"ESA 2010 Sectors: S.121, S.122, S.123, S.124, S.125, S.126, S.127, S.128, S.129",,0,,,,,S,"Euro short-term rate, Number of transactions","Euro short-term rate, Number of transactions - Unsecured - Overnight - Borrowing - Financial corporations",,_Z,0
2019-12-03,455,EST.B.EU000A2X2A25.NT,B,EU000A2X2A25,NT,A,F,,,,,P1D,,,,"ESA 2010 Sectors: S.121, S.122, S.123, S.124, S.125, S.126, S.127, S.128, S.129",,0,,,,,S,"Euro short-term rate, Number of transactions","Euro short-term rate, Number of transactions - Unsecured - Overnight - Borrowing - Financial corporations",,_Z,0
2019-12-04,452,EST.B.EU000A2X2A25.NT,B,EU000A2X2A25,NT,A,F,,,,,P1D,,,,"ESA 2010 Sectors: S.121, S.122, S.123, S.124, S.125, S.126, S.127, S.128, S.129",,0,,,,,S,"Euro short-term rate, Number of transactions","Euro short-term rate, Number of transactions - Unsecured - Overnight - Borrowing - Financial corporations",,_Z,0
2019-12-05,459,EST.B.EU000A2X2A25.NT,B,EU000A2X2A25,NT,A,F,,,,,P1D,,,,"ESA 2010 Sectors: S.121, S.122, S.123, S.124, S.125, S.126, S.127, S.128, S.129",,0,,,,,S,"Euro short-term rate, Number of transactions","Euro short-term rate, Number of transactions - Unsecured - Overnight - Borrowing - Financial corporations",,_Z,0
2019-12-06,420,EST.B.EU000A2X2A25.NT,B,EU000A2X2A25,NT,A,F,,,,,P1D,,,,"ESA 2010 Sectors: S.121, S.122, S.123, S.124, S.125, S.126, S.127, S.128, S.129",,0,,,,,S,"Euro short-term rate, Number of transactions","Euro short-term rate, Number of transactions - Unsecured - Overnight - Borrowing - Financial corporations",,_Z,0
2019-12-09,445,EST.B.EU000A2X2A25.NT,B,EU000A2X2A25,NT,A,F,,,,,P1D,,,,"ESA 2010 Sectors: S.121, S.122, S.123, S.124, S.125, S.126, S.127, S.128, S.129",,0,,,,,S,"Euro short-term rate, Number of transactions","Euro short-term rate, Number of transactions - Unsecured - Overnight - Borrowing - Financial corporations",,_Z,0
2019-12-10,417,EST.B.EU000A2X2A25.NT,B,EU000A2X2A25,NT,A,F,,,,,P1D,,,,"ESA 2010 Sectors: S.121, S.122, S.123, S.124, S.125, S.126, S.127, S.128, S.129",,0,,,,,S,"Euro short-term rate, Number of transactions","Euro short-term rate, Number of transactions - Unsecured - Overnight - Borrowing - Financial corporations",,_Z,0
2019-12-11,436,EST.B.EU000A2X2A25.NT,B,EU000A2X2A25,NT,A,F,,,,,P1D,,,,"ESA 2010 Sectors: S.121, S.122, S.123, S.124, S.125, S.126, S.127, S.128, S.129",,0,,,,,S,"Euro short-term rate, Number of transactions","Euro short-term rate, Number of transactions - Unsecured - Overnight - Borrowing - Financial corporations",,_Z,0
2019-12-12,429,EST.B.EU000A2X2A25.NT,B,EU000A2X2A25,NT,A,F,,,,,P1D,,,,"ESA 2010 Sectors: S.121, S.122, S.123, S.124, S.125, S.126, S.127, S.128, S.129",,0,,,,,S,"Euro short-term rate, Number of transactions","Euro short-term rate, Number of transactions - Unsecured - Overnight - Borrowing - Financial corporations",,_Z,0
2019-12-13,432,EST.B.EU000A2X2A25.NT,B,EU000A2X2A25,NT,A,F,,,,,P1D,,,,"ESA 2010 Sectors: S.121, S.122, S.123, S.124, S.125, S.126, S.127, S.128, S.129",,0,,,,,S,"Euro short-term rate, Number of transactions","Euro short-term rate, Number of transactions - Unsecured - Overnight - Borrowing - Financial corporations",,_Z,0
2019-12-16,448,EST.B.EU000A2X2A25.NT,B,EU000A2X2A25,NT,A,F,,,,,P1D,,,,"ESA 2010 Sectors: S.121, S.122, S.123, S.124, S.125, S.126, S.127, S.128, S.129",,0,,,,,S,"Euro short-term rate, Number of transactions","Euro short-term rate, Number of transactions - Unsecured - Overnight - Borrowing - Financial corporations",,_Z,0
2019-12-17,452,EST.B.EU000A2X2A25.NT,B,EU000A2X2A25,NT,A,F,,,,,P1D,,,,"ESA 2010 Sectors: S.121, S.122, S.123, S.124, S.125, S.126, S.127, S.128, S.129",,0,,,,,S,"Euro short-term rate, Number of transactions","Euro short-term rate, Number of transactions - Unsecured - Overnight - Borrowing - Financial corporations",,_Z,0
2019-12-18,431,EST.B.EU000A2X2A25.NT,B,EU000A2X2A25,NT,A,F,,,,,P1D,,,,"ESA 2010 Sectors: S.121, S.122, S.123, S.124, S.125, S.126, S.127, S.128, S.129",,0,,,,,S,"Euro short-term rate, Number of transactions","Euro short-term rate, Number of transactions - Unsecured - Overnight - Borrowing - Financial corporations",,_Z,0
2019-12-19,442,EST.B.EU000A2X2A25.NT,B,EU000A2X2A25,NT,A,F,,,,,P1D,,,,"ESA 2010 Sectors: S.121, S.122, S.123, S.124, S.125, S.126, S.127, S.128, S.129",,0,,,,,S,"Euro short-term rate, Number of transactions","Euro short-term rate, Number of transactions - Unsecured - Overnight - Borrowing - Financial corporations",,_Z,0
2019-12-20,437,EST.B.EU000A2X2A25.NT,B,EU000A2X2A25,NT,A,F,,,,,P1D,,,,"ESA 2010 Sectors: S.121, S.122, S.123, S.124, S.125, S.126, S.127, S.128, S.129",,0,,,,,S,"Euro short-term rate, Number of transactions","Euro short-term rate, Number of transactions - Unsecured - Overnight - Borrowing - Financial corporations",,_Z,0
2019-12-23,346,EST.B.EU000A2X2A25.NT,B,EU000A2X2A25,NT,A,F,,,,,P1D,,,,"ESA 2010 Sectors: S.121, S.122, S.123, S.124, S.125, S.126, S.127, S.128, S.129",,0,,,,,S,"Euro short-term rate, Number of transactions","Euro short-term rate, Number of transactions - Unsecured - Overnight - Borrowing - Financial corporations",,_Z,0
2019-12-24,297,EST.B.EU000A2X2A25.NT,B,EU000A2X2A25,NT,A,F,,,,,P1D,,,,"ESA 2010 Sectors: S.121, S.122, S.123, S.124, S.125, S.126, S.127, S.128, S.129",,0,,,,,S,"Euro short-term rate, Number of transactions","Euro short-term rate, Number of transactions - Unsecured - Overnight - Borrowing - Financial corporations",,_Z,0
2019-12-27,419,EST.B.EU000A2X2A25.NT,B,EU000A2X2A25,NT,A,F,,,,,P1D,,,,"ESA 2010 Sectors: S.121, S.122, S.123, S.124, S.125, S.126, S.127, S.128, S.129",,0,,,,,S,"Euro short-term rate, Number of transactions","Euro short-term rate, Number of transactions - Unsecured - Overnight - Borrowing - Financial corporations",,_Z,0
2019-12-30,380,EST.B.EU000A2X2A25.NT,B,EU000A2X2A25,NT,A,F,,,,,P1D,,,,"ESA 2010 Sectors: S.121, S.122, S.123, S.124, S.125, S.126, S.127, S.128, S.129",,0,,,,,S,"Euro short-term rate, Number of transactions","Euro short-term rate, Number of transactions - Unsecured - Overnight - Borrowing - Financial corporations",,_Z,0
2019-12-31,192,EST.B.EU000A2X2A25.NT,B,EU000A2X2A25,NT,A,F,,,,,P1D,,,,"ESA 2010 Sectors: S.121, S.122, S.123, S.124, S.125, S.126, S.127, S.128, S.129",,0,,,,,S,"Euro short-term rate, Number of transactions","Euro short-term rate, Number of transactions - Unsecured - Overnight - Borrowing - Financial corporations",,_Z,0
2020-01-02,398,EST.B.EU000A2X2A25.NT,B,EU000A2X2A25,NT,A,F,,,,,P1D,,,,"ESA 2010 Sectors: S.121, S.122, S.123, S.124, S.125, S.126, S.127, S.128, S.129",,0,,,,,S,"Euro short-term rate, Number of transactions","Euro short-term rate, Number of transactions - Unsecured - Overnight - Borrowing - Financial corporations",,_Z,0
2020-01-03,414,EST.B.EU000A2X2A25.NT,B,EU000A2X2A25,NT,A,F,,,,,P1D,,,,"ESA 2010 Sectors: S.121, S.122, S.123, S.124, S.125, S.126, S.127, S.128, S.129",,0,,,,,S,"Euro short-term rate, Number of transactions","Euro short-term rate, Number of transactions - Unsecured - Overnight - Borrowing - Financial corporations",,_Z,0
2020-01-06,417,EST.B.EU000A2X2A25.NT,B,EU000A2X2A25,NT,A,F,,,,,P1D,,,,"ESA 2010 Sectors: S.121, S.122, S.123, S.124, S.125, S.126, S.127, S.128, S.129",,0,,,,,S,"Euro short-term rate, Number of transactions","Euro short-term rate, Number of transactions - Unsecured - Overnight - Borrowing - Financial corporations",,_Z,0
2020-01-07,453,EST.B.EU000A2X2A25.NT,B,EU000A2X2A25,NT,A,F,,,,,P1D,,,,"ESA 2010 Sectors: S.121, S.122, S.123, S.124, S.125, S.126, S.127, S.128, S.129",,0,,,,,S,"Euro short-term rate, Number of transactions","Euro short-term rate, Number of transactions - Unsecured - Overnight - Borrowing - Financial corporations",,_Z,0
2020-01-08,437,EST.B.EU000A2X2A25.NT,B,EU000A2X2A25,NT,A,F,,,,,P1D,,,,"ESA 2010 Sectors: S.121, S.122, S.123, S.124, S.125, S.126, S.127, S.128, S.129",,0,,,,,S,"Euro short-term rate, Number of transactions","Euro short-term rate, Number of transactions - Unsecured - Overnight - Borrowing - Financial corporations",,_Z,0
2020-01-09,441,EST.B.EU000A2X2A25.NT,B,EU000A2X2A25,NT,A,F,,,,,P1D,,,,"ESA 2010 Sectors: S.121, S.122, S.123, S.124, S.125, S.126, S.127, S.128, S.129",,0,,,,,S,"Euro short-term rate, Number of transactions","Euro short-term rate, Number of transactions - Unsecured - Overnight - Borrowing - Financial corporations",,_Z,0
2020-01-10,455,EST.B.EU000A2X2A25.NT,B,EU000A2X2A25,NT,A,F,,,,,P1D,,,,"ESA 2010 Sectors: S.121, S.122, S.123, S.124, S.125, S.126, S.127, S.128, S.129",,0,,,,,S,"Euro short-term rate, Number of transactions","Euro short-term rate, Number of transactions - Unsecured - Overnight - Borrowing - Financial corporations",,_Z,0
2020-01-13,465,EST.B.EU000A2X2A25.NT,B,EU000A2X2A25,NT,A,F,,,,,P1D,,,,"ESA 2010 Sectors: S.121, S.122, S.123, S.124, S.125, S.126, S.127, S.128, S.129",,0,,,,,S,"Euro short-term rate, Number of transactions","Euro short-term rate, Number of transactions - Unsecured - Overnight - Borrowing - Financial corporations",,_Z,0
2020-01-14,445,EST.B.EU000A2X2A25.NT,B,EU000A2X2A25,NT,A,F,,,,,P1D,,,,"ESA 2010 Sectors: S.121, S.122, S.123, S.124, S.125, S.126, S.127, S.128, S.129",,0,,,,,S,"Euro short-term rate, Number of transactions","Euro short-term rate, Number of transactions - Unsecured - Overnight - Borrowing - Financial corporations",,_Z,0
2020-01-15,411,EST.B.EU000A2X2A25.NT,B,EU000A2X2A25,NT,A,F,,,,,P1D,,,,"ESA 2010 Sectors: S.121, S.122, S.123, S.124, S.125, S.126, S.127, S.128, S.129",,0,,,,,S,"Euro short-term rate, Number of transactions","Euro short-term rate, Number of transactions - Unsecured - Overnight - Borrowing - Financial corporations",,_Z,0
2020-01-16,441,EST.B.EU000A2X2A25.NT,B,EU000A2X2A25,NT,A,F,,,,,P1D,,,,"ESA 2010 Sectors: S.121, S.122, S.123, S.124, S.125, S.126, S.127, S.128, S.129",,0,,,,,S,"Euro short-term rate, Number of transactions","Euro short-term rate, Number of transactions - Unsecured - Overnight - Borrowing - Financial corporations",,_Z,0
2020-01-17,409,EST.B.EU000A2X2A25.NT,B,EU000A2X2A25,NT,A,F,,,,,P1D,,,,"ESA 2010 Sectors: S.121, S.122, S.123, S.124, S.125, S.126, S.127, S.128, S.129",,0,,,,,S,"Euro short-term rate, Number of transactions","Euro short-term rate, Number of transactions - Unsecured - Overnight - Borrowing - Financial corporations",,_Z,0
2020-01-20,439,EST.B.EU000A2X2A25.NT,B,EU000A2X2A25,NT,A,F,,,,,P1D,,,,"ESA 2010 Sectors: S.121, S.122, S.123, S.124, S.125, S.126, S.127, S.128, S.129",,0,,,,,S,"Euro short-term rate, Number of transactions","Euro short-term rate, Number of transactions - Unsecured - Overnight - Borrowing - Financial corporations",,_Z,0
2020-01-21,430,EST.B.EU000A2X2A25.NT,B,EU000A2X2A25,NT,A,F,,,,,P1D,,,,"ESA 2010 Sectors: S.121, S.122, S.123, S.124, S.125, S.126, S.127, S.128, S.129",,0,,,,,S,"Euro short-term rate, Number of transactions","Euro short-term rate, Number of transactions - Unsecured - Overnight - Borrowing - Financial corporations",,_Z,0
2020-01-22,422,EST.B.EU000A2X2A25.NT,B,EU000A2X2A25,NT,A,F,,,,,P1D,,,,"ESA 2010 Sectors: S.121, S.122, S.123, S.124, S.125, S.126, S.127, S.128, S.129",,0,,,,,S,"Euro short-term rate, Number of transactions","Euro short-term rate, Number of transactions - Unsecured - Overnight - Borrowing - Financial corporations",,_Z,0
2020-01-23,425,EST.B.EU000A2X2A25.NT,B,EU000A2X2A25,NT,A,F,,,,,P1D,,,,"ESA 2010 Sectors: S.121, S.122, S.123, S.124, S.125, S.126, S.127, S.128, S.129",,0,,,,,S,"Euro short-term rate, Number of transactions","Euro short-term rate, Number of transactions - Unsecured - Overnight - Borrowing - Financial corporations",,_Z,0
2020-01-24,428,EST.B.EU000A2X2A25.NT,B,EU000A2X2A25,NT,A,F,,,,,P1D,,,,"ESA 2010 Sectors: S.121, S.122, S.123, S.124, S.125, S.126, S.127, S.128, S.129",,0,,,,,S,"Euro short-term rate, Number of transactions","Euro short-term rate, Number of transactions - Unsecured - Overnight - Borrowing - Financial corporations",,_Z,0
2020-01-27,434,EST.B.EU000A2X2A25.NT,B,EU000A2X2A25,NT,A,F,,,,,P1D,,,,"ESA 2010 Sectors: S.121, S.122, S.123, S.124, S.125, S.126, S.127, S.128, S.129",,0,,,,,S,"Euro short-term rate, Number of transactions","Euro short-term rate, Number of transactions - Unsecured - Overnight - Borrowing - Financial corporations",,_Z,0
2020-01-28,432,EST.B.EU000A2X2A25.NT,B,EU000A2X2A25,NT,A,F,,,,,P1D,,,,"ESA 2010 Sectors: S.121, S.122, S.123, S.124, S.125, S.126, S.127, S.128, S.129",,0,,,,,S,"Euro short-term rate, Number of transactions","Euro short-term rate, Number of transactions - Unsecured - Overnight - Borrowing - Financial corporations",,_Z,0
2020-01-29,437,EST.B.EU000A2X2A25.NT,B,EU000A2X2A25,NT,A,F,,,,,P1D,,,,"ESA 2010 Sectors: S.121, S.122, S.123, S.124, S.125, S.126, S.127, S.128, S.129",,0,,,,,S,"Euro short-term rate, Number of transactions","Euro short-term rate, Number of transactions - Unsecured - Overnight - Borrowing - Financial corporations",,_Z,0
2020-01-30,428,EST.B.EU000A2X2A25.NT,B,EU000A2X2A25,NT,A,F,,,,,P1D,,,,"ESA 2010 Sectors: S.121, S.122, S.123, S.124, S.125, S.126, S.127, S.128, S.129",,0,,,,,S,"Euro short-term rate, Number of transactions","Euro short-term rate, Number of transactions - Unsecured - Overnight - Borrowing - Financial corporations",,_Z,0
2020-01-31,436,EST.B.EU000A2X2A25.NT,B,EU000A2X2A25,NT,A,F,,,,,P1D,,,,"ESA 2010 Sectors: S.121, S.122, S.123, S.124, S.125, S.126, S.127, S.128, S.129",,0,,,,,S,"Euro short-term rate, Number of transactions","Euro short-term rate, Number of transactions - Unsecured - Overnight - Borrowing - Financial corporations",,_Z,0
2020-02-03,456,EST.B.EU000A2X2A25.NT,B,EU000A2X2A25,NT,A,F,,,,,P1D,,,,"ESA 2010 Sectors: S.121, S.122, S.123, S.124, S.125, S.126, S.127, S.128, S.129",,0,,,,,S,"Euro short-term rate, Number of transactions","Euro short-term rate, Number of transactions - Unsecured - Overnight - Borrowing - Financial corporations",,_Z,0
2020-02-04,464,EST.B.EU000A2X2A25.NT,B,EU000A2X2A25,NT,A,F,,,,,P1D,,,,"ESA 2010 Sectors: S.121, S.122, S.123, S.124, S.125, S.126, S.127, S.128, S.129",,0,,,,,S,"Euro short-term rate, Number of transactions","Euro short-term rate, Number of transactions - Unsecured - Overnight - Borrowing - Financial corporations",,_Z,0
2020-02-05,436,EST.B.EU000A2X2A25.NT,B,EU000A2X2A25,NT,A,F,,,,,P1D,,,,"ESA 2010 Sectors: S.121, S.122, S.123, S.124, S.125, S.126, S.127, S.128, S.129",,0,,,,,S,"Euro short-term rate, Number of transactions","Euro short-term rate, Number of transactions - Unsecured - Overnight - Borrowing - Financial corporations",,_Z,0
2020-02-06,427,EST.B.EU000A2X2A25.NT,B,EU000A2X2A25,NT,A,F,,,,,P1D,,,,"ESA 2010 Sectors: S.121, S.122, S.123, S.124, S.125, S.126, S.127, S.128, S.129",,0,,,,,S,"Euro short-term rate, Number of transactions","Euro short-term rate, Number of transactions - Unsecured - Overnight - Borrowing - Financial corporations",,_Z,0
2020-02-07,423,EST.B.EU000A2X2A25.NT,B,EU000A2X2A25,NT,A,F,,,,,P1D,,,,"ESA 2010 Sectors: S.121, S.122, S.123, S.124, S.125, S.126, S.127, S.128, S.129",,0,,,,,S,"Euro short-term rate, Number of transactions","Euro short-term rate, Number of transactions - Unsecured - Overnight - Borrowing - Financial corporations",,_Z,0
2020-02-10,440,EST.B.EU000A2X2A25.NT,B,EU000A2X2A25,NT,A,F,,,,,P1D,,,,"ESA 2010 Sectors: S.121, S.122, S.123, S.124, S.125, S.126, S.127, S.128, S.129",,0,,,,,S,"Euro short-term rate, Number of transactions","Euro short-term rate, Number of transactions - Unsecured - Overnight - Borrowing - Financial corporations",,_Z,0
2020-02-11,423,EST.B.EU000A2X2A25.NT,B,EU000A2X2A25,NT,A,F,,,,,P1D,,,,"ESA 2010 Sectors: S.121, S.122, S.123, S.124, S.125, S.126, S.127, S.128, S.129",,0,,,,,S,"Euro short-term rate, Number of transactions","Euro short-term rate, Number of transactions - Unsecured - Overnight - Borrowing - Financial corporations",,_Z,0
2020-02-12,423,EST.B.EU000A2X2A25.NT,B,EU000A2X2A25,NT,A,F,,,,,P1D,,,,"ESA 2010 Sectors: S.121, S.122, S.123, S.124, S.125, S.126, S.127, S.128, S.129",,0,,,,,S,"Euro short-term rate, Number of transactions","Euro short-term rate, Number of transactions - Unsecured - Overnight - Borrowing - Financial corporations",,_Z,0
2020-02-13,426,EST.B.EU000A2X2A25.NT,B,EU000A2X2A25,NT,A,F,,,,,P1D,,,,"ESA 2010 Sectors: S.121, S.122, S.123, S.124, S.125, S.126, S.127, S.128, S.129",,0,,,,,S,"Euro short-term rate, Number of transactions","Euro short-term rate, Number of transactions - Unsecured - Overnight - Borrowing - Financial corporations",,_Z,0
2020-02-14,436,EST.B.EU000A2X2A25.NT,B,EU000A2X2A25,NT,A,F,,,,,P1D,,,,"ESA 2010 Sectors: S.121, S.122, S.123, S.124, S.125, S.126, S.127, S.128, S.129",,0,,,,,S,"Euro short-term rate, Number of transactions","Euro short-term rate, Number of transactions - Unsecured - Overnight - Borrowing - Financial corporations",,_Z,0
2020-02-17,432,EST.B.EU000A2X2A25.NT,B,EU000A2X2A25,NT,A,F,,,,,P1D,,,,"ESA 2010 Sectors: S.121, S.122, S.123, S.124, S.125, S.126, S.127, S.128, S.129",,0,,,,,S,"Euro short-term rate, Number of transactions","Euro short-term rate, Number of transactions - Unsecured - Overnight - Borrowing - Financial corporations",,_Z,0
2020-02-18,413,EST.B.EU000A2X2A25.NT,B,EU000A2X2A25,NT,A,F,,,,,P1D,,,,"ESA 2010 Sectors: S.121, S.122, S.123, S.124, S.125, S.126, S.127, S.128, S.129",,0,,,,,S,"Euro short-term rate, Number of transactions","Euro short-term rate, Number of transactions - Unsecured - Overnight - Borrowing - Financial corporations",,_Z,0
2020-02-19,411,EST.B.EU000A2X2A25.NT,B,EU000A2X2A25,NT,A,F,,,,,P1D,,,,"ESA 2010 Sectors: S.121, S.122, S.123, S.124, S.125, S.126, S.127, S.128, S.129",,0,,,,,S,"Euro short-term rate, Number of transactions","Euro short-term rate, Number of transactions - Unsecured - Overnight - Borrowing - Financial corporations",,_Z,0
2020-02-20,440,EST.B.EU000A2X2A25.NT,B,EU000A2X2A25,NT,A,F,,,,,P1D,,,,"ESA 2010 Sectors: S.121, S.122, S.123, S.124, S.125, S.126, S.127, S.128, S.129",,0,,,,,S,"Euro short-term rate, Number of transactions","Euro short-term rate, Number of transactions - Unsecured - Overnight - Borrowing - Financial corporations",,_Z,0
2020-02-21,442,EST.B.EU000A2X2A25.NT,B,EU000A2X2A25,NT,A,F,,,,,P1D,,,,"ESA 2010 Sectors: S.121, S.122, S.123, S.124, S.125, S.126, S.127, S.128, S.129",,0,,,,,S,"Euro short-term rate, Number of transactions","Euro short-term rate, Number of transactions - Unsecured - Overnight - Borrowing - Financial corporations",,_Z,0
2020-02-24,433,EST.B.EU000A2X2A25.NT,B,EU000A2X2A25,NT,A,F,,,,,P1D,,,,"ESA 2010 Sectors: S.121, S.122, S.123, S.124, S.125, S.126, S.127, S.128, S.129",,0,,,,,S,"Euro short-term rate, Number of transactions","Euro short-term rate, Number of transactions - Unsecured - Overnight - Borrowing - Financial corporations",,_Z,0
2020-02-25,433,EST.B.EU000A2X2A25.NT,B,EU000A2X2A25,NT,A,F,,,,,P1D,,,,"ESA 2010 Sectors: S.121, S.122, S.123, S.124, S.125, S.126, S.127, S.128, S.129",,0,,,,,S,"Euro short-term rate, Number of transactions","Euro short-term rate, Number of transactions - Unsecured - Overnight - Borrowing - Financial corporations",,_Z,0
2020-02-26,414,EST.B.EU000A2X2A25.NT,B,EU000A2X2A25,NT,A,F,,,,,P1D,,,,"ESA 2010 Sectors: S.121, S.122, S.123, S.124, S.125, S.126, S.127, S.128, S.129",,0,,,,,S,"Euro short-term rate, Number of transactions","Euro short-term rate, Number of transactions - Unsecured - Overnight - Borrowing - Financial corporations",,_Z,0
2020-02-27,425,EST.B.EU000A2X2A25.NT,B,EU000A2X2A25,NT,A,F,,,,,P1D,,,,"ESA 2010 Sectors: S.121, S.122, S.123, S.124, S.125, S.126, S.127, S.128, S.129",,0,,,,,S,"Euro short-term rate, Number of transactions","Euro short-term rate, Number of transactions - Unsecured - Overnight - Borrowing - Financial corporations",,_Z,0
2020-02-28,434,EST.B.EU000A2X2A25.NT,B,EU000A2X2A25,NT,A,F,,,,,P1D,,,,"ESA 2010 Sectors: S.121, S.122, S.123, S.124, S.125, S.126, S.127, S.128, S.129",,0,,,,,S,"Euro short-term rate, Number of transactions","Euro short-term rate, Number of transactions - Unsecured - Overnight - Borrowing - Financial corporations",,_Z,0
2020-03-02,330,EST.B.EU000A2X2A25.NT,B,EU000A2X2A25,NT,A,F,,,,,P1D,,,,"ESA 2010 Sectors: S.121, S.122, S.123, S.124, S.125, S.126, S.127, S.128, S.129",,0,,,,,S,"Euro short-term rate, Number of transactions","Euro short-term rate, Number of transactions - Unsecured - Overnight - Borrowing - Financial corporations",,_Z,0
2020-03-03,356,EST.B.EU000A2X2A25.NT,B,EU000A2X2A25,NT,A,F,,,,,P1D,,,,"ESA 2010 Sectors: S.121, S.122, S.123, S.124, S.125, S.126, S.127, S.128, S.129",,0,,,,,S,"Euro short-term rate, Number of transactions","Euro short-term rate, Number of transactions - Unsecured - Overnight - Borrowing - Financial corporations",,_Z,0
2020-03-04,492,EST.B.EU000A2X2A25.NT,B,EU000A2X2A25,NT,A,F,,,,,P1D,,,,"ESA 2010 Sectors: S.121, S.122, S.123, S.124, S.125, S.126, S.127, S.128, S.129",,0,,,,,S,"Euro short-term rate, Number of transactions","Euro short-term rate, Number of transactions - Unsecured - Overnight - Borrowing - Financial corporations",,_Z,0
2020-03-05,484,EST.B.EU000A2X2A25.NT,B,EU000A2X2A25,NT,A,F,,,,,P1D,,,,"ESA 2010 Sectors: S.121, S.122, S.123, S.124, S.125, S.126, S.127, S.128, S.129",,0,,,,,S,"Euro short-term rate, Number of transactions","Euro short-term rate, Number of transactions - Unsecured - Overnight - Borrowing - Financial corporations",,_Z,0
2020-03-06,494,EST.B.EU000A2X2A25.NT,B,EU000A2X2A25,NT,A,F,,,,,P1D,,,,"ESA 2010 Sectors: S.121, S.122, S.123, S.124, S.125, S.126, S.127, S.128, S.129",,0,,,,,S,"Euro short-term rate, Number of transactions","Euro short-term rate, Number of transactions - Unsecured - Overnight - Borrowing - Financial corporations",,_Z,0
2020-03-09,500,EST.B.EU000A2X2A25.NT,B,EU000A2X2A25,NT,A,F,,,,,P1D,,,,"ESA 2010 Sectors: S.121, S.122, S.123, S.124, S.125, S.126, S.127, S.128, S.129",,0,,,,,S,"Euro short-term rate, Number of transactions","Euro short-term rate, Number of transactions - Unsecured - Overnight - Borrowing - Financial corporations",,_Z,0
2020-03-10,499,EST.B.EU000A2X2A25.NT,B,EU000A2X2A25,NT,A,F,,,,,P1D,,,,"ESA 2010 Sectors: S.121, S.122, S.123, S.124, S.125, S.126, S.127, S.128, S.129",,0,,,,,S,"Euro short-term rate, Number of transactions","Euro short-term rate, Number of transactions - Unsecured - Overnight - Borrowing - Financial corporations",,_Z,0
2020-03-11,524,EST.B.EU000A2X2A25.NT,B,EU000A2X2A25,NT,A,F,,,,,P1D,,,,"ESA 2010 Sectors: S.121, S.122, S.123, S.124, S.125, S.126, S.127, S.128, S.129",,0,,,,,S,"Euro short-term rate, Number of transactions","Euro short-term rate, Number of transactions - Unsecured - Overnight - Borrowing - Financial corporations",,_Z,0
2020-03-12,515,EST.B.EU000A2X2A25.NT,B,EU000A2X2A25,NT,A,F,,,,,P1D,,,,"ESA 2010 Sectors: S.121, S.122, S.123, S.124, S.125, S.126, S.127, S.128, S.129",,0,,,,,S,"Euro short-term rate, Number of transactions","Euro short-term rate, Number of transactions - Unsecured - Overnight - Borrowing - Financial corporations",,_Z,0
2020-03-13,477,EST.B.EU000A2X2A25.NT,B,EU000A2X2A25,NT,A,F,,,,,P1D,,,,"ESA 2010 Sectors: S.121, S.122, S.123, S.124, S.125, S.126, S.127, S.128, S.129",,0,,,,,S,"Euro short-term rate, Number of transactions","Euro short-term rate, Number of transactions - Unsecured - Overnight - Borrowing - Financial corporations",,_Z,0
2020-03-16,495,EST.B.EU000A2X2A25.NT,B,EU000A2X2A25,NT,A,F,,,,,P1D,,,,"ESA 2010 Sectors: S.121, S.122, S.123, S.124, S.125, S.126, S.127, S.128, S.129",,0,,,,,S,"Euro short-term rate, Number of transactions","Euro short-term rate, Number of transactions - Unsecured - Overnight - Borrowing - Financial corporations",,_Z,0
2020-03-17,496,EST.B.EU000A2X2A25.NT,B,EU000A2X2A25,NT,A,F,,,,,P1D,,,,"ESA 2010 Sectors: S.121, S.122, S.123, S.124, S.125, S.126, S.127, S.128, S.129",,0,,,,,S,"Euro short-term rate, Number of transactions","Euro short-term rate, Number of transactions - Unsecured - Overnight - Borrowing - Financial corporations",,_Z,0
2020-03-18,525,EST.B.EU000A2X2A25.NT,B,EU000A2X2A25,NT,A,F,,,,,P1D,,,,"ESA 2010 Sectors: S.121, S.122, S.123, S.124, S.125, S.126, S.127, S.128, S.129",,0,,,,,S,"Euro short-term rate, Number of transactions","Euro short-term rate, Number of transactions - Unsecured - Overnight - Borrowing - Financial corporations",,_Z,0
2020-03-19,515,EST.B.EU000A2X2A25.NT,B,EU000A2X2A25,NT,A,F,,,,,P1D,,,,"ESA 2010 Sectors: S.121, S.122, S.123, S.124, S.125, S.126, S.127, S.128, S.129",,0,,,,,S,"Euro short-term rate, Number of transactions","Euro short-term rate, Number of transactions - Unsecured - Overnight - Borrowing - Financial corporations",,_Z,0
2020-03-20,524,EST.B.EU000A2X2A25.NT,B,EU000A2X2A25,NT,A,F,,,,,P1D,,,,"ESA 2010 Sectors: S.121, S.122, S.123, S.124, S.125, S.126, S.127, S.128, S.129",,0,,,,,S,"Euro short-term rate, Number of transactions","Euro short-term rate, Number of transactions - Unsecured - Overnight - Borrowing - Financial corporations",,_Z,0
2020-03-23,538,EST.B.EU000A2X2A25.NT,B,EU000A2X2A25,NT,A,F,,,,,P1D,,,,"ESA 2010 Sectors: S.121, S.122, S.123, S.124, S.125, S.126, S.127, S.128, S.129",,0,,,,,S,"Euro short-term rate, Number of transactions","Euro short-term rate, Number of transactions - Unsecured - Overnight - Borrowing - Financial corporations",,_Z,0
2020-03-24,563,EST.B.EU000A2X2A25.NT,B,EU000A2X2A25,NT,A,F,,,,,P1D,,,,"ESA 2010 Sectors: S.121, S.122, S.123, S.124, S.125, S.126, S.127, S.128, S.129",,0,,,,,S,"Euro short-term rate, Number of transactions","Euro short-term rate, Number of transactions - Unsecured - Overnight - Borrowing - Financial corporations",,_Z,0
2020-03-25,544,EST.B.EU000A2X2A25.NT,B,EU000A2X2A25,NT,A,F,,,,,P1D,,,,"ESA 2010 Sectors: S.121, S.122, S.123, S.124, S.125, S.126, S.127, S.128, S.129",,0,,,,,S,"Euro short-term rate, Number of transactions","Euro short-term rate, Number of transactions - Unsecured - Overnight - Borrowing - Financial corporations",,_Z,0
2020-03-26,556,EST.B.EU000A2X2A25.NT,B,EU000A2X2A25,NT,A,F,,,,,P1D,,,,"ESA 2010 Sectors: S.121, S.122, S.123, S.124, S.125, S.126, S.127, S.128, S.129",,0,,,,,S,"Euro short-term rate, Number of transactions","Euro short-term rate, Number of transactions - Unsecured - Overnight - Borrowing - Financial corporations",,_Z,0
2020-03-27,448,EST.B.EU000A2X2A25.NT,B,EU000A2X2A25,NT,A,F,,,,,P1D,,,,"ESA 2010 Sectors: S.121, S.122, S.123, S.124, S.125, S.126, S.127, S.128, S.129",,0,,,,,S,"Euro short-term rate, Number of transactions","Euro short-term rate, Number of transactions - Unsecured - Overnight - Borrowing - Financial corporations",,_Z,0
2020-03-30,562,EST.B.EU000A2X2A25.NT,B,EU000A2X2A25,NT,A,F,,,,,P1D,,,,"ESA 2010 Sectors: S.121, S.122, S.123, S.124, S.125, S.126, S.127, S.128, S.129",,0,,,,,S,"Euro short-term rate, Number of transactions","Euro short-term rate, Number of transactions - Unsecured - Overnight - Borrowing - Financial corporations",,_Z,0
2020-03-31,544,EST.B.EU000A2X2A25.NT,B,EU000A2X2A25,NT,A,F,,,,,P1D,,,,"ESA 2010 Sectors: S.121, S.122, S.123, S.124, S.125, S.126, S.127, S.128, S.129",,0,,,,,S,"Euro short-term rate, Number of transactions","Euro short-term rate, Number of transactions - Unsecured - Overnight - Borrowing - Financial corporations",,_Z,0
2020-04-01,594,EST.B.EU000A2X2A25.NT,B,EU000A2X2A25,NT,A,F,,,,,P1D,,,,"ESA 2010 Sectors: S.121, S.122, S.123, S.124, S.125, S.126, S.127, S.128, S.129",,0,,,,,S,"Euro short-term rate, Number of transactions","Euro short-term rate, Number of transactions - Unsecured - Overnight - Borrowing - Financial corporations",,_Z,0
2020-04-02,598,EST.B.EU000A2X2A25.NT,B,EU000A2X2A25,NT,A,F,,,,,P1D,,,,"ESA 2010 Sectors: S.121, S.122, S.123, S.124, S.125, S.126, S.127, S.128, S.129",,0,,,,,S,"Euro short-term rate, Number of transactions","Euro short-term rate, Number of transactions - Unsecured - Overnight - Borrowing - Financial corporations",,_Z,0
2020-04-03,542,EST.B.EU000A2X2A25.NT,B,EU000A2X2A25,NT,A,F,,,,,P1D,,,,"ESA 2010 Sectors: S.121, S.122, S.123, S.124, S.125, S.126, S.127, S.128, S.129",,0,,,,,S,"Euro short-term rate, Number of transactions","Euro short-term rate, Number of transactions - Unsecured - Overnight - Borrowing - Financial corporations",,_Z,0
2020-04-06,629,EST.B.EU000A2X2A25.NT,B,EU000A2X2A25,NT,A,F,,,,,P1D,,,,"ESA 2010 Sectors: S.121, S.122, S.123, S.124, S.125, S.126, S.127, S.128, S.129",,0,,,,,S,"Euro short-term rate, Number of transactions","Euro short-term rate, Number of transactions - Unsecured - Overnight - Borrowing - Financial corporations",,_Z,0
2020-04-07,627,EST.B.EU000A2X2A25.NT,B,EU000A2X2A25,NT,A,F,,,,,P1D,,,,"ESA 2010 Sectors: S.121, S.122, S.123, S.124, S.125, S.126, S.127, S.128, S.129",,0,,,,,S,"Euro short-term rate, Number of transactions","Euro short-term rate, Number of transactions - Unsecured - Overnight - Borrowing - Financial corporations",,_Z,0
2020-04-08,621,EST.B.EU000A2X2A25.NT,B,EU000A2X2A25,NT,A,F,,,,,P1D,,,,"ESA 2010 Sectors: S.121, S.122, S.123, S.124, S.125, S.126, S.127, S.128, S.129",,0,,,,,S,"Euro short-term rate, Number of transactions","Euro short-term rate, Number of transactions - Unsecured - Overnight - Borrowing - Financial corporations",,_Z,0
2020-04-09,622,EST.B.EU000A2X2A25.NT,B,EU000A2X2A25,NT,A,F,,,,,P1D,,,,"ESA 2010 Sectors: S.121, S.122, S.123, S.124, S.125, S.126, S.127, S.128, S.129",,0,,,,,S,"Euro short-term rate, Number of transactions","Euro short-term rate, Number of transactions - Unsecured - Overnight - Borrowing - Financial corporations",,_Z,0
2020-04-14,619,EST.B.EU000A2X2A25.NT,B,EU000A2X2A25,NT,A,F,,,,,P1D,,,,"ESA 2010 Sectors: S.121, S.122, S.123, S.124, S.125, S.126, S.127, S.128, S.129",,0,,,,,S,"Euro short-term rate, Number of transactions","Euro short-term rate, Number of transactions - Unsecured - Overnight - Borrowing - Financial corporations",,_Z,0
2020-04-15,605,EST.B.EU000A2X2A25.NT,B,EU000A2X2A25,NT,A,F,,,,,P1D,,,,"ESA 2010 Sectors: S.121, S.122, S.123, S.124, S.125, S.126, S.127, S.128, S.129",,0,,,,,S,"Euro short-term rate, Number of transactions","Euro short-term rate, Number of transactions - Unsecured - Overnight - Borrowing - Financial corporations",,_Z,0
2020-04-16,579,EST.B.EU000A2X2A25.NT,B,EU000A2X2A25,NT,A,F,,,,,P1D,,,,"ESA 2010 Sectors: S.121, S.122, S.123, S.124, S.125, S.126, S.127, S.128, S.129",,0,,,,,S,"Euro short-term rate, Number of transactions","Euro short-term rate, Number of transactions - Unsecured - Overnight - Borrowing - Financial corporations",,_Z,0
2020-04-17,552,EST.B.EU000A2X2A25.NT,B,EU000A2X2A25,NT,A,F,,,,,P1D,,,,"ESA 2010 Sectors: S.121, S.122, S.123, S.124, S.125, S.126, S.127, S.128, S.129",,0,,,,,S,"Euro short-term rate, Number of transactions","Euro short-term rate, Number of transactions - Unsecured - Overnight - Borrowing - Financial corporations",,_Z,0
2020-04-20,561,EST.B.EU000A2X2A25.NT,B,EU000A2X2A25,NT,A,F,,,,,P1D,,,,"ESA 2010 Sectors: S.121, S.122, S.123, S.124, S.125, S.126, S.127, S.128, S.129",,0,,,,,S,"Euro short-term rate, Number of transactions","Euro short-term rate, Number of transactions - Unsecured - Overnight - Borrowing - Financial corporations",,_Z,0
2020-04-21,587,EST.B.EU000A2X2A25.NT,B,EU000A2X2A25,NT,A,F,,,,,P1D,,,,"ESA 2010 Sectors: S.121, S.122, S.123, S.124, S.125, S.126, S.127, S.128, S.129",,0,,,,,S,"Euro short-term rate, Number of transactions","Euro short-term rate, Number of transactions - Unsecured - Overnight - Borrowing - Financial corporations",,_Z,0
2020-04-22,581,EST.B.EU000A2X2A25.NT,B,EU000A2X2A25,NT,A,F,,,,,P1D,,,,"ESA 2010 Sectors: S.121, S.122, S.123, S.124, S.125, S.126, S.127, S.128, S.129",,0,,,,,S,"Euro short-term rate, Number of transactions","Euro short-term rate, Number of transactions - Unsecured - Overnight - Borrowing - Financial corporations",,_Z,0
2020-04-23,571,EST.B.EU000A2X2A25.NT,B,EU000A2X2A25,NT,A,F,,,,,P1D,,,,"ESA 2010 Sectors: S.121, S.122, S.123, S.124, S.125, S.126, S.127, S.128, S.129",,0,,,,,S,"Euro short-term rate, Number of transactions","Euro short-term rate, Number of transactions - Unsecured - Overnight - Borrowing - Financial corporations",,_Z,0
2020-04-24,565,EST.B.EU000A2X2A25.NT,B,EU000A2X2A25,NT,A,F,,,,,P1D,,,,"ESA 2010 Sectors: S.121, S.122, S.123, S.124, S.125, S.126, S.127, S.128, S.129",,0,,,,,S,"Euro short-term rate, Number of transactions","Euro short-term rate, Number of transactions - Unsecured - Overnight - Borrowing - Financial corporations",,_Z,0
2020-04-27,585,EST.B.EU000A2X2A25.NT,B,EU000A2X2A25,NT,A,F,,,,,P1D,,,,"ESA 2010 Sectors: S.121, S.122, S.123, S.124, S.125, S.126, S.127, S.128, S.129",,0,,,,,S,"Euro short-term rate, Number of transactions","Euro short-term rate, Number of transactions - Unsecured - Overnight - Borrowing - Financial corporations",,_Z,0
2020-04-28,572,EST.B.EU000A2X2A25.NT,B,EU000A2X2A25,NT,A,F,,,,,P1D,,,,"ESA 2010 Sectors: S.121, S.122, S.123, S.124, S.125, S.126, S.127, S.128, S.129",,0,,,,,S,"Euro short-term rate, Number of transactions","Euro short-term rate, Number of transactions - Unsecured - Overnight - Borrowing - Financial corporations",,_Z,0
2020-04-29,547,EST.B.EU000A2X2A25.NT,B,EU000A2X2A25,NT,A,F,,,,,P1D,,,,"ESA 2010 Sectors: S.121, S.122, S.123, S.124, S.125, S.126, S.127, S.128, S.129",,0,,,,,S,"Euro short-term rate, Number of transactions","Euro short-term rate, Number of transactions - Unsecured - Overnight - Borrowing - Financial corporations",,_Z,0
2020-04-30,466,EST.B.EU000A2X2A25.NT,B,EU000A2X2A25,NT,A,F,,,,,P1D,,,,"ESA 2010 Sectors: S.121, S.122, S.123, S.124, S.125, S.126, S.127, S.128, S.129",,0,,,,,S,"Euro short-term rate, Number of transactions","Euro short-term rate, Number of transactions - Unsecured - Overnight - Borrowing - Financial corporations",,_Z,0
2020-05-04,550,EST.B.EU000A2X2A25.NT,B,EU000A2X2A25,NT,A,F,,,,,P1D,,,,"ESA 2010 Sectors: S.121, S.122, S.123, S.124, S.125, S.126, S.127, S.128, S.129",,0,,,,,S,"Euro short-term rate, Number of transactions","Euro short-term rate, Number of transactions - Unsecured - Overnight - Borrowing - Financial corporations",,_Z,0
2020-05-05,562,EST.B.EU000A2X2A25.NT,B,EU000A2X2A25,NT,A,F,,,,,P1D,,,,"ESA 2010 Sectors: S.121, S.122, S.123, S.124, S.125, S.126, S.127, S.128, S.129",,0,,,,,S,"Euro short-term rate, Number of transactions","Euro short-term rate, Number of transactions - Unsecured - Overnight - Borrowing - Financial corporations",,_Z,0
2020-05-06,554,EST.B.EU000A2X2A25.NT,B,EU000A2X2A25,NT,A,F,,,,,P1D,,,,"ESA 2010 Sectors: S.121, S.122, S.123, S.124, S.125, S.126, S.127, S.128, S.129",,0,,,,,S,"Euro short-term rate, Number of transactions","Euro short-term rate, Number of transactions - Unsecured - Overnight - Borrowing - Financial corporations",,_Z,0
2020-05-07,409,EST.B.EU000A2X2A25.NT,B,EU000A2X2A25,NT,A,F,,,,,P1D,,,,"ESA 2010 Sectors: S.121, S.122, S.123, S.124, S.125, S.126, S.127, S.128, S.129",,0,,,,,S,"Euro short-term rate, Number of transactions","Euro short-term rate, Number of transactions - Unsecured - Overnight - Borrowing - Financial corporations",,_Z,0
2020-05-08,461,EST.B.EU000A2X2A25.NT,B,EU000A2X2A25,NT,A,F,,,,,P1D,,,,"ESA 2010 Sectors: S.121, S.122, S.123, S.124, S.125, S.126, S.127, S.128, S.129",,0,,,,,S,"Euro short-term rate, Number of transactions","Euro short-term rate, Number of transactions - Unsecured - Overnight - Borrowing - Financial corporations",,_Z,0
2020-05-11,535,EST.B.EU000A2X2A25.NT,B,EU000A2X2A25,NT,A,F,,,,,P1D,,,,"ESA 2010 Sectors: S.121, S.122, S.123, S.124, S.125, S.126, S.127, S.128, S.129",,0,,,,,S,"Euro short-term rate, Number of transactions","Euro short-term rate, Number of transactions - Unsecured - Overnight - Borrowing - Financial corporations",,_Z,0
2020-05-12,556,EST.B.EU000A2X2A25.NT,B,EU000A2X2A25,NT,A,F,,,,,P1D,,,,"ESA 2010 Sectors: S.121, S.122, S.123, S.124, S.125, S.126, S.127, S.128, S.129",,0,,,,,S,"Euro short-term rate, Number of transactions","Euro short-term rate, Number of transactions - Unsecured - Overnight - Borrowing - Financial corporations",,_Z,0
2020-05-13,547,EST.B.EU000A2X2A25.NT,B,EU000A2X2A25,NT,A,F,,,,,P1D,,,,"ESA 2010 Sectors: S.121, S.122, S.123, S.124, S.125, S.126, S.127, S.128, S.129",,0,,,,,S,"Euro short-term rate, Number of transactions","Euro short-term rate, Number of transactions - Unsecured - Overnight - Borrowing - Financial corporations",,_Z,0
2020-05-14,540,EST.B.EU000A2X2A25.NT,B,EU000A2X2A25,NT,A,F,,,,,P1D,,,,"ESA 2010 Sectors: S.121, S.122, S.123, S.124, S.125, S.126, S.127, S.128, S.129",,0,,,,,S,"Euro short-term rate, Number of transactions","Euro short-term rate, Number of transactions - Unsecured - Overnight - Borrowing - Financial corporations",,_Z,0
2020-05-15,556,EST.B.EU000A2X2A25.NT,B,EU000A2X2A25,NT,A,F,,,,,P1D,,,,"ESA 2010 Sectors: S.121, S.122, S.123, S.124, S.125, S.126, S.127, S.128, S.129",,0,,,,,S,"Euro short-term rate, Number of transactions","Euro short-term rate, Number of transactions - Unsecured - Overnight - Borrowing - Financial corporations",,_Z,0
2020-05-18,563,EST.B.EU000A2X2A25.NT,B,EU000A2X2A25,NT,A,F,,,,,P1D,,,,"ESA 2010 Sectors: S.121, S.122, S.123, S.124, S.125, S.126, S.127, S.128, S.129",,0,,,,,S,"Euro short-term rate, Number of transactions","Euro short-term rate, Number of transactions - Unsecured - Overnight - Borrowing - Financial corporations",,_Z,0
2020-05-19,542,EST.B.EU000A2X2A25.NT,B,EU000A2X2A25,NT,A,F,,,,,P1D,,,,"ESA 2010 Sectors: S.121, S.122, S.123, S.124, S.125, S.126, S.127, S.128, S.129",,0,,,,,S,"Euro short-term rate, Number of transactions","Euro short-term rate, Number of transactions - Unsecured - Overnight - Borrowing - Financial corporations",,_Z,0
2020-05-20,439,EST.B.EU000A2X2A25.NT,B,EU000A2X2A25,NT,A,F,,,,,P1D,,,,"ESA 2010 Sectors: S.121, S.122, S.123, S.124, S.125, S.126, S.127, S.128, S.129",,0,,,,,S,"Euro short-term rate, Number of transactions","Euro short-term rate, Number of transactions - Unsecured - Overnight - Borrowing - Financial corporations",,_Z,0
2020-05-21,384,EST.B.EU000A2X2A25.NT,B,EU000A2X2A25,NT,A,F,,,,,P1D,,,,"ESA 2010 Sectors: S.121, S.122, S.123, S.124, S.125, S.126, S.127, S.128, S.129",,0,,,,,S,"Euro short-term rate, Number of transactions","Euro short-term rate, Number of transactions - Unsecured - Overnight - Borrowing - Financial corporations",,_Z,0
2020-05-22,431,EST.B.EU000A2X2A25.NT,B,EU000A2X2A25,NT,A,F,,,,,P1D,,,,"ESA 2010 Sectors: S.121, S.122, S.123, S.124, S.125, S.126, S.127, S.128, S.129",,0,,,,,S,"Euro short-term rate, Number of transactions","Euro short-term rate, Number of transactions - Unsecured - Overnight - Borrowing - Financial corporations",,_Z,0
2020-05-25,412,EST.B.EU000A2X2A25.NT,B,EU000A2X2A25,NT,A,F,,,,,P1D,,,,"ESA 2010 Sectors: S.121, S.122, S.123, S.124, S.125, S.126, S.127, S.128, S.129",,0,,,,,S,"Euro short-term rate, Number of transactions","Euro short-term rate, Number of transactions - Unsecured - Overnight - Borrowing - Financial corporations",,_Z,0
2020-05-26,471,EST.B.EU000A2X2A25.NT,B,EU000A2X2A25,NT,A,F,,,,,P1D,,,,"ESA 2010 Sectors: S.121, S.122, S.123, S.124, S.125, S.126, S.127, S.128, S.129",,0,,,,,S,"Euro short-term rate, Number of transactions","Euro short-term rate, Number of transactions - Unsecured - Overnight - Borrowing - Financial corporations",,_Z,0
2020-05-27,496,EST.B.EU000A2X2A25.NT,B,EU000A2X2A25,NT,A,F,,,,,P1D,,,,"ESA 2010 Sectors: S.121, S.122, S.123, S.124, S.125, S.126, S.127, S.128, S.129",,0,,,,,S,"Euro short-term rate, Number of transactions","Euro short-term rate, Number of transactions - Unsecured - Overnight - Borrowing - Financial corporations",,_Z,0
2020-05-28,486,EST.B.EU000A2X2A25.NT,B,EU000A2X2A25,NT,A,F,,,,,P1D,,,,"ESA 2010 Sectors: S.121, S.122, S.123, S.124, S.125, S.126, S.127, S.128, S.129",,0,,,,,S,"Euro short-term rate, Number of transactions","Euro short-term rate, Number of transactions - Unsecured - Overnight - Borrowing - Financial corporations",,_Z,0
2020-05-29,377,EST.B.EU000A2X2A25.NT,B,EU000A2X2A25,NT,A,F,,,,,P1D,,,,"ESA 2010 Sectors: S.121, S.122, S.123, S.124, S.125, S.126, S.127, S.128, S.129",,0,,,,,S,"Euro short-term rate, Number of transactions","Euro short-term rate, Number of transactions - Unsecured - Overnight - Borrowing - Financial corporations",,_Z,0
2020-06-01,275,EST.B.EU000A2X2A25.NT,B,EU000A2X2A25,NT,A,F,,,,,P1D,,,,"ESA 2010 Sectors: S.121, S.122, S.123, S.124, S.125, S.126, S.127, S.128, S.129",,0,,,,,S,"Euro short-term rate, Number of transactions","Euro short-term rate, Number of transactions - Unsecured - Overnight - Borrowing - Financial corporations",,_Z,0
2020-06-02,497,EST.B.EU000A2X2A25.NT,B,EU000A2X2A25,NT,A,F,,,,,P1D,,,,"ESA 2010 Sectors: S.121, S.122, S.123, S.124, S.125, S.126, S.127, S.128, S.129",,0,,,,,S,"Euro short-term rate, Number of transactions","Euro short-term rate, Number of transactions - Unsecured - Overnight - Borrowing - Financial corporations",,_Z,0
2020-06-03,500,EST.B.EU000A2X2A25.NT,B,EU000A2X2A25,NT,A,F,,,,,P1D,,,,"ESA 2010 Sectors: S.121, S.122, S.123, S.124, S.125, S.126, S.127, S.128, S.129",,0,,,,,S,"Euro short-term rate, Number of transactions","Euro short-term rate, Number of transactions - Unsecured - Overnight - Borrowing - Financial corporations",,_Z,0
2020-06-04,484,EST.B.EU000A2X2A25.NT,B,EU000A2X2A25,NT,A,F,,,,,P1D,,,,"ESA 2010 Sectors: S.121, S.122, S.123, S.124, S.125, S.126, S.127, S.128, S.129",,0,,,,,S,"Euro short-term rate, Number of transactions","Euro short-term rate, Number of transactions - Unsecured - Overnight - Borrowing - Financial corporations",,_Z,0
2020-06-05,464,EST.B.EU000A2X2A25.NT,B,EU000A2X2A25,NT,A,F,,,,,P1D,,,,"ESA 2010 Sectors: S.121, S.122, S.123, S.124, S.125, S.126, S.127, S.128, S.129",,0,,,,,S,"Euro short-term rate, Number of transactions","Euro short-term rate, Number of transactions - Unsecured - Overnight - Borrowing - Financial corporations",,_Z,0
2020-06-08,441,EST.B.EU000A2X2A25.NT,B,EU000A2X2A25,NT,A,F,,,,,P1D,,,,"ESA 2010 Sectors: S.121, S.122, S.123, S.124, S.125, S.126, S.127, S.128, S.129",,0,,,,,S,"Euro short-term rate, Number of transactions","Euro short-term rate, Number of transactions - Unsecured - Overnight - Borrowing - Financial corporations",,_Z,0
2020-06-09,492,EST.B.EU000A2X2A25.NT,B,EU000A2X2A25,NT,A,F,,,,,P1D,,,,"ESA 2010 Sectors: S.121, S.122, S.123, S.124, S.125, S.126, S.127, S.128, S.129",,0,,,,,S,"Euro short-term rate, Number of transactions","Euro short-term rate, Number of transactions - Unsecured - Overnight - Borrowing - Financial corporations",,_Z,0
2020-06-10,434,EST.B.EU000A2X2A25.NT,B,EU000A2X2A25,NT,A,F,,,,,P1D,,,,"ESA 2010 Sectors: S.121, S.122, S.123, S.124, S.125, S.126, S.127, S.128, S.129",,0,,,,,S,"Euro short-term rate, Number of transactions","Euro short-term rate, Number of transactions - Unsecured - Overnight - Borrowing - Financial corporations",,_Z,0
2020-06-11,406,EST.B.EU000A2X2A25.NT,B,EU000A2X2A25,NT,A,F,,,,,P1D,,,,"ESA 2010 Sectors: S.121, S.122, S.123, S.124, S.125, S.126, S.127, S.128, S.129",,0,,,,,S,"Euro short-term rate, Number of transactions","Euro short-term rate, Number of transactions - Unsecured - Overnight - Borrowing - Financial corporations",,_Z,0
2020-06-12,493,EST.B.EU000A2X2A25.NT,B,EU000A2X2A25,NT,A,F,,,,,P1D,,,,"ESA 2010 Sectors: S.121, S.122, S.123, S.124, S.125, S.126, S.127, S.128, S.129",,0,,,,,S,"Euro short-term rate, Number of transactions","Euro short-term rate, Number of transactions - Unsecured - Overnight - Borrowing - Financial corporations",,_Z,0
2020-06-15,503,EST.B.EU000A2X2A25.NT,B,EU000A2X2A25,NT,A,F,,,,,P1D,,,,"ESA 2010 Sectors: S.121, S.122, S.123, S.124, S.125, S.126, S.127, S.128, S.129",,0,,,,,S,"Euro short-term rate, Number of transactions","Euro short-term rate, Number of transactions - Unsecured - Overnight - Borrowing - Financial corporations",,_Z,0
2020-06-16,458,EST.B.EU000A2X2A25.NT,B,EU000A2X2A25,NT,A,F,,,,,P1D,,,,"ESA 2010 Sectors: S.121, S.122, S.123, S.124, S.125, S.126, S.127, S.128, S.129",,0,,,,,S,"Euro short-term rate, Number of transactions","Euro short-term rate, Number of transactions - Unsecured - Overnight - Borrowing - Financial corporations",,_Z,0
2020-06-17,479,EST.B.EU000A2X2A25.NT,B,EU000A2X2A25,NT,A,F,,,,,P1D,,,,"ESA 2010 Sectors: S.121, S.122, S.123, S.124, S.125, S.126, S.127, S.128, S.129",,0,,,,,S,"Euro short-term rate, Number of transactions","Euro short-term rate, Number of transactions - Unsecured - Overnight - Borrowing - Financial corporations",,_Z,0
2020-06-18,480,EST.B.EU000A2X2A25.NT,B,EU000A2X2A25,NT,A,F,,,,,P1D,,,,"ESA 2010 Sectors: S.121, S.122, S.123, S.124, S.125, S.126, S.127, S.128, S.129",,0,,,,,S,"Euro short-term rate, Number of transactions","Euro short-term rate, Number of transactions - Unsecured - Overnight - Borrowing - Financial corporations",,_Z,0
2020-06-19,474,EST.B.EU000A2X2A25.NT,B,EU000A2X2A25,NT,A,F,,,,,P1D,,,,"ESA 2010 Sectors: S.121, S.122, S.123, S.124, S.125, S.126, S.127, S.128, S.129",,0,,,,,S,"Euro short-term rate, Number of transactions","Euro short-term rate, Number of transactions - Unsecured - Overnight - Borrowing - Financial corporations",,_Z,0
2020-06-22,464,EST.B.EU000A2X2A25.NT,B,EU000A2X2A25,NT,A,F,,,,,P1D,,,,"ESA 2010 Sectors: S.121, S.122, S.123, S.124, S.125, S.126, S.127, S.128, S.129",,0,,,,,S,"Euro short-term rate, Number of transactions","Euro short-term rate, Number of transactions - Unsecured - Overnight - Borrowing - Financial corporations",,_Z,0
2020-06-23,440,EST.B.EU000A2X2A25.NT,B,EU000A2X2A25,NT,A,F,,,,,P1D,,,,"ESA 2010 Sectors: S.121, S.122, S.123, S.124, S.125, S.126, S.127, S.128, S.129",,0,,,,,S,"Euro short-term rate, Number of transactions","Euro short-term rate, Number of transactions - Unsecured - Overnight - Borrowing - Financial corporations",,_Z,0
2020-06-24,447,EST.B.EU000A2X2A25.NT,B,EU000A2X2A25,NT,A,F,,,,,P1D,,,,"ESA 2010 Sectors: S.121, S.122, S.123, S.124, S.125, S.126, S.127, S.128, S.129",,0,,,,,S,"Euro short-term rate, Number of transactions","Euro short-term rate, Number of transactions - Unsecured - Overnight - Borrowing - Financial corporations",,_Z,0
2020-06-25,442,EST.B.EU000A2X2A25.NT,B,EU000A2X2A25,NT,A,F,,,,,P1D,,,,"ESA 2010 Sectors: S.121, S.122, S.123, S.124, S.125, S.126, S.127, S.128, S.129",,0,,,,,S,"Euro short-term rate, Number of transactions","Euro short-term rate, Number of transactions - Unsecured - Overnight - Borrowing - Financial corporations",,_Z,0
2020-06-26,405,EST.B.EU000A2X2A25.NT,B,EU000A2X2A25,NT,A,F,,,,,P1D,,,,"ESA 2010 Sectors: S.121, S.122, S.123, S.124, S.125, S.126, S.127, S.128, S.129",,0,,,,,S,"Euro short-term rate, Number of transactions","Euro short-term rate, Number of transactions - Unsecured - Overnight - Borrowing - Financial corporations",,_Z,0
2020-06-29,436,EST.B.EU000A2X2A25.NT,B,EU000A2X2A25,NT,A,F,,,,,P1D,,,,"ESA 2010 Sectors: S.121, S.122, S.123, S.124, S.125, S.126, S.127, S.128, S.129",,0,,,,,S,"Euro short-term rate, Number of transactions","Euro short-term rate, Number of transactions - Unsecured - Overnight - Borrowing - Financial corporations",,_Z,0
2020-06-30,496,EST.B.EU000A2X2A25.NT,B,EU000A2X2A25,NT,A,F,,,,,P1D,,,,"ESA 2010 Sectors: S.121, S.122, S.123, S.124, S.125, S.126, S.127, S.128, S.129",,0,,,,,S,"Euro short-term rate, Number of transactions","Euro short-term rate, Number of transactions - Unsecured - Overnight - Borrowing - Financial corporations",,_Z,0
2020-07-01,520,EST.B.EU000A2X2A25.NT,B,EU000A2X2A25,NT,A,F,,,,,P1D,,,,"ESA 2010 Sectors: S.121, S.122, S.123, S.124, S.125, S.126, S.127, S.128, S.129",,0,,,,,S,"Euro short-term rate, Number of transactions","Euro short-term rate, Number of transactions - Unsecured - Overnight - Borrowing - Financial corporations",,_Z,0
2020-07-02,522,EST.B.EU000A2X2A25.NT,B,EU000A2X2A25,NT,A,F,,,,,P1D,,,,"ESA 2010 Sectors: S.121, S.122, S.123, S.124, S.125, S.126, S.127, S.128, S.129",,0,,,,,S,"Euro short-term rate, Number of transactions","Euro short-term rate, Number of transactions - Unsecured - Overnight - Borrowing - Financial corporations",,_Z,0
2020-07-03,423,EST.B.EU000A2X2A25.NT,B,EU000A2X2A25,NT,A,F,,,,,P1D,,,,"ESA 2010 Sectors: S.121, S.122, S.123, S.124, S.125, S.126, S.127, S.128, S.129",,0,,,,,S,"Euro short-term rate, Number of transactions","Euro short-term rate, Number of transactions - Unsecured - Overnight - Borrowing - Financial corporations",,_Z,0
2020-07-06,503,EST.B.EU000A2X2A25.NT,B,EU000A2X2A25,NT,A,F,,,,,P1D,,,,"ESA 2010 Sectors: S.121, S.122, S.123, S.124, S.125, S.126, S.127, S.128, S.129",,0,,,,,S,"Euro short-term rate, Number of transactions","Euro short-term rate, Number of transactions - Unsecured - Overnight - Borrowing - Financial corporations",,_Z,0
2020-07-07,510,EST.B.EU000A2X2A25.NT,B,EU000A2X2A25,NT,A,F,,,,,P1D,,,,"ESA 2010 Sectors: S.121, S.122, S.123, S.124, S.125, S.126, S.127, S.128, S.129",,0,,,,,S,"Euro short-term rate, Number of transactions","Euro short-term rate, Number of transactions - Unsecured - Overnight - Borrowing - Financial corporations",,_Z,0
2020-07-08,474,EST.B.EU000A2X2A25.NT,B,EU000A2X2A25,NT,A,F,,,,,P1D,,,,"ESA 2010 Sectors: S.121, S.122, S.123, S.124, S.125, S.126, S.127, S.128, S.129",,0,,,,,S,"Euro short-term rate, Number of transactions","Euro short-term rate, Number of transactions - Unsecured - Overnight - Borrowing - Financial corporations",,_Z,0
2020-07-09,465,EST.B.EU000A2X2A25.NT,B,EU000A2X2A25,NT,A,F,,,,,P1D,,,,"ESA 2010 Sectors: S.121, S.122, S.123, S.124, S.125, S.126, S.127, S.128, S.129",,0,,,,,S,"Euro short-term rate, Number of transactions","Euro short-term rate, Number of transactions - Unsecured - Overnight - Borrowing - Financial corporations",,_Z,0
2020-07-10,519,EST.B.EU000A2X2A25.NT,B,EU000A2X2A25,NT,A,F,,,,,P1D,,,,"ESA 2010 Sectors: S.121, S.122, S.123, S.124, S.125, S.126, S.127, S.128, S.129",,0,,,,,S,"Euro short-term rate, Number of transactions","Euro short-term rate, Number of transactions - Unsecured - Overnight - Borrowing - Financial corporations",,_Z,0
2020-07-13,506,EST.B.EU000A2X2A25.NT,B,EU000A2X2A25,NT,A,F,,,,,P1D,,,,"ESA 2010 Sectors: S.121, S.122, S.123, S.124, S.125, S.126, S.127, S.128, S.129",,0,,,,,S,"Euro short-term rate, Number of transactions","Euro short-term rate, Number of transactions - Unsecured - Overnight - Borrowing - Financial corporations",,_Z,0
2020-07-14,469,EST.B.EU000A2X2A25.NT,B,EU000A2X2A25,NT,A,F,,,,,P1D,,,,"ESA 2010 Sectors: S.121, S.122, S.123, S.124, S.125, S.126, S.127, S.128, S.129",,0,,,,,S,"Euro short-term rate, Number of transactions","Euro short-term rate, Number of transactions - Unsecured - Overnight - Borrowing - Financial corporations",,_Z,0
2020-07-15,475,EST.B.EU000A2X2A25.NT,B,EU000A2X2A25,NT,A,F,,,,,P1D,,,,"ESA 2010 Sectors: S.121, S.122, S.123, S.124, S.125, S.126, S.127, S.128, S.129",,0,,,,,S,"Euro short-term rate, Number of transactions","Euro short-term rate, Number of transactions - Unsecured - Overnight - Borrowing - Financial corporations",,_Z,0
2020-07-16,490,EST.B.EU000A2X2A25.NT,B,EU000A2X2A25,NT,A,F,,,,,P1D,,,,"ESA 2010 Sectors: S.121, S.122, S.123, S.124, S.125, S.126, S.127, S.128, S.129",,0,,,,,S,"Euro short-term rate, Number of transactions","Euro short-term rate, Number of transactions - Unsecured - Overnight - Borrowing - Financial corporations",,_Z,0
2020-07-17,472,EST.B.EU000A2X2A25.NT,B,EU000A2X2A25,NT,A,F,,,,,P1D,,,,"ESA 2010 Sectors: S.121, S.122, S.123, S.124, S.125, S.126, S.127, S.128, S.129",,0,,,,,S,"Euro short-term rate, Number of transactions","Euro short-term rate, Number of transactions - Unsecured - Overnight - Borrowing - Financial corporations",,_Z,0
2020-07-20,511,EST.B.EU000A2X2A25.NT,B,EU000A2X2A25,NT,A,F,,,,,P1D,,,,"ESA 2010 Sectors: S.121, S.122, S.123, S.124, S.125, S.126, S.127, S.128, S.129",,0,,,,,S,"Euro short-term rate, Number of transactions","Euro short-term rate, Number of transactions - Unsecured - Overnight - Borrowing - Financial corporations",,_Z,0
2020-07-21,509,EST.B.EU000A2X2A25.NT,B,EU000A2X2A25,NT,A,F,,,,,P1D,,,,"ESA 2010 Sectors: S.121, S.122, S.123, S.124, S.125, S.126, S.127, S.128, S.129",,0,,,,,S,"Euro short-term rate, Number of transactions","Euro short-term rate, Number of transactions - Unsecured - Overnight - Borrowing - Financial corporations",,_Z,0
2020-07-22,480,EST.B.EU000A2X2A25.NT,B,EU000A2X2A25,NT,A,F,,,,,P1D,,,,"ESA 2010 Sectors: S.121, S.122, S.123, S.124, S.125, S.126, S.127, S.128, S.129",,0,,,,,S,"Euro short-term rate, Number of transactions","Euro short-term rate, Number of transactions - Unsecured - Overnight - Borrowing - Financial corporations",,_Z,0
2020-07-23,465,EST.B.EU000A2X2A25.NT,B,EU000A2X2A25,NT,A,F,,,,,P1D,,,,"ESA 2010 Sectors: S.121, S.122, S.123, S.124, S.125, S.126, S.127, S.128, S.129",,0,,,,,S,"Euro short-term rate, Number of transactions","Euro short-term rate, Number of transactions - Unsecured - Overnight - Borrowing - Financial corporations",,_Z,0
2020-07-24,479,EST.B.EU000A2X2A25.NT,B,EU000A2X2A25,NT,A,F,,,,,P1D,,,,"ESA 2010 Sectors: S.121, S.122, S.123, S.124, S.125, S.126, S.127, S.128, S.129",,0,,,,,S,"Euro short-term rate, Number of transactions","Euro short-term rate, Number of transactions - Unsecured - Overnight - Borrowing - Financial corporations",,_Z,0
2020-07-27,458,EST.B.EU000A2X2A25.NT,B,EU000A2X2A25,NT,A,F,,,,,P1D,,,,"ESA 2010 Sectors: S.121, S.122, S.123, S.124, S.125, S.126, S.127, S.128, S.129",,0,,,,,S,"Euro short-term rate, Number of transactions","Euro short-term rate, Number of transactions - Unsecured - Overnight - Borrowing - Financial corporations",,_Z,0
2020-07-28,474,EST.B.EU000A2X2A25.NT,B,EU000A2X2A25,NT,A,F,,,,,P1D,,,,"ESA 2010 Sectors: S.121, S.122, S.123, S.124, S.125, S.126, S.127, S.128, S.129",,0,,,,,S,"Euro short-term rate, Number of transactions","Euro short-term rate, Number of transactions - Unsecured - Overnight - Borrowing - Financial corporations",,_Z,0
2020-07-29,490,EST.B.EU000A2X2A25.NT,B,EU000A2X2A25,NT,A,F,,,,,P1D,,,,"ESA 2010 Sectors: S.121, S.122, S.123, S.124, S.125, S.126, S.127, S.128, S.129",,0,,,,,S,"Euro short-term rate, Number of transactions","Euro short-term rate, Number of transactions - Unsecured - Overnight - Borrowing - Financial corporations",,_Z,0
2020-07-30,463,EST.B.EU000A2X2A25.NT,B,EU000A2X2A25,NT,A,F,,,,,P1D,,,,"ESA 2010 Sectors: S.121, S.122, S.123, S.124, S.125, S.126, S.127, S.128, S.129",,0,,,,,S,"Euro short-term rate, Number of transactions","Euro short-term rate, Number of transactions - Unsecured - Overnight - Borrowing - Financial corporations",,_Z,0
2020-07-31,446,EST.B.EU000A2X2A25.NT,B,EU000A2X2A25,NT,A,F,,,,,P1D,,,,"ESA 2010 Sectors: S.121, S.122, S.123, S.124, S.125, S.126, S.127, S.128, S.129",,0,,,,,S,"Euro short-term rate, Number of transactions","Euro short-term rate, Number of transactions - Unsecured - Overnight - Borrowing - Financial corporations",,_Z,0
2020-08-03,482,EST.B.EU000A2X2A25.NT,B,EU000A2X2A25,NT,A,F,,,,,P1D,,,,"ESA 2010 Sectors: S.121, S.122, S.123, S.124, S.125, S.126, S.127, S.128, S.129",,0,,,,,S,"Euro short-term rate, Number of transactions","Euro short-term rate, Number of transactions - Unsecured - Overnight - Borrowing - Financial corporations",,_Z,0
2020-08-04,488,EST.B.EU000A2X2A25.NT,B,EU000A2X2A25,NT,A,F,,,,,P1D,,,,"ESA 2010 Sectors: S.121, S.122, S.123, S.124, S.125, S.126, S.127, S.128, S.129",,0,,,,,S,"Euro short-term rate, Number of transactions","Euro short-term rate, Number of transactions - Unsecured - Overnight - Borrowing - Financial corporations",,_Z,0
2020-08-05,487,EST.B.EU000A2X2A25.NT,B,EU000A2X2A25,NT,A,F,,,,,P1D,,,,"ESA 2010 Sectors: S.121, S.122, S.123, S.124, S.125, S.126, S.127, S.128, S.129",,0,,,,,S,"Euro short-term rate, Number of transactions","Euro short-term rate, Number of transactions - Unsecured - Overnight - Borrowing - Financial corporations",,_Z,0
2020-08-06,506,EST.B.EU000A2X2A25.NT,B,EU000A2X2A25,NT,A,F,,,,,P1D,,,,"ESA 2010 Sectors: S.121, S.122, S.123, S.124, S.125, S.126, S.127, S.128, S.129",,0,,,,,S,"Euro short-term rate, Number of transactions","Euro short-term rate, Number of transactions - Unsecured - Overnight - Borrowing - Financial corporations",,_Z,0
2020-08-07,500,EST.B.EU000A2X2A25.NT,B,EU000A2X2A25,NT,A,F,,,,,P1D,,,,"ESA 2010 Sectors: S.121, S.122, S.123, S.124, S.125, S.126, S.127, S.128, S.129",,0,,,,,S,"Euro short-term rate, Number of transactions","Euro short-term rate, Number of transactions - Unsecured - Overnight - Borrowing - Financial corporations",,_Z,0
2020-08-10,206,EST.B.EU000A2X2A25.NT,B,EU000A2X2A25,NT,A,F,,,,,P1D,,,,"ESA 2010 Sectors: S.121, S.122, S.123, S.124, S.125, S.126, S.127, S.128, S.129",,0,,,,,S,"Euro short-term rate, Number of transactions","Euro short-term rate, Number of transactions - Unsecured - Overnight - Borrowing - Financial corporations",,_Z,0
2020-08-11,481,EST.B.EU000A2X2A25.NT,B,EU000A2X2A25,NT,A,F,,,,,P1D,,,,"ESA 2010 Sectors: S.121, S.122, S.123, S.124, S.125, S.126, S.127, S.128, S.129",,0,,,,,S,"Euro short-term rate, Number of transactions","Euro short-term rate, Number of transactions - Unsecured - Overnight - Borrowing - Financial corporations",,_Z,0
2020-08-12,482,EST.B.EU000A2X2A25.NT,B,EU000A2X2A25,NT,A,F,,,,,P1D,,,,"ESA 2010 Sectors: S.121, S.122, S.123, S.124, S.125, S.126, S.127, S.128, S.129",,0,,,,,S,"Euro short-term rate, Number of transactions","Euro short-term rate, Number of transactions - Unsecured - Overnight - Borrowing - Financial corporations",,_Z,0
2020-08-13,470,EST.B.EU000A2X2A25.NT,B,EU000A2X2A25,NT,A,F,,,,,P1D,,,,"ESA 2010 Sectors: S.121, S.122, S.123, S.124, S.125, S.126, S.127, S.128, S.129",,0,,,,,S,"Euro short-term rate, Number of transactions","Euro short-term rate, Number of transactions - Unsecured - Overnight - Borrowing - Financial corporations",,_Z,0
2020-08-14,286,EST.B.EU000A2X2A25.NT,B,EU000A2X2A25,NT,A,F,,,,,P1D,,,,"ESA 2010 Sectors: S.121, S.122, S.123, S.124, S.125, S.126, S.127, S.128, S.129",,0,,,,,S,"Euro short-term rate, Number of transactions","Euro short-term rate, Number of transactions - Unsecured - Overnight - Borrowing - Financial corporations",,_Z,0
2020-08-17,478,EST.B.EU000A2X2A25.NT,B,EU000A2X2A25,NT,A,F,,,,,P1D,,,,"ESA 2010 Sectors: S.121, S.122, S.123, S.124, S.125, S.126, S.127, S.128, S.129",,0,,,,,S,"Euro short-term rate, Number of transactions","Euro short-term rate, Number of transactions - Unsecured - Overnight - Borrowing - Financial corporations",,_Z,0
2020-08-18,475,EST.B.EU000A2X2A25.NT,B,EU000A2X2A25,NT,A,F,,,,,P1D,,,,"ESA 2010 Sectors: S.121, S.122, S.123, S.124, S.125, S.126, S.127, S.128, S.129",,0,,,,,S,"Euro short-term rate, Number of transactions","Euro short-term rate, Number of transactions - Unsecured - Overnight - Borrowing - Financial corporations",,_Z,0
2020-08-19,482,EST.B.EU000A2X2A25.NT,B,EU000A2X2A25,NT,A,F,,,,,P1D,,,,"ESA 2010 Sectors: S.121, S.122, S.123, S.124, S.125, S.126, S.127, S.128, S.129",,0,,,,,S,"Euro short-term rate, Number of transactions","Euro short-term rate, Number of transactions - Unsecured - Overnight - Borrowing - Financial corporations",,_Z,0
2020-08-20,479,EST.B.EU000A2X2A25.NT,B,EU000A2X2A25,NT,A,F,,,,,P1D,,,,"ESA 2010 Sectors: S.121, S.122, S.123, S.124, S.125, S.126, S.127, S.128, S.129",,0,,,,,S,"Euro short-term rate, Number of transactions","Euro short-term rate, Number of transactions - Unsecured - Overnight - Borrowing - Financial corporations",,_Z,0
2020-08-21,484,EST.B.EU000A2X2A25.NT,B,EU000A2X2A25,NT,A,F,,,,,P1D,,,,"ESA 2010 Sectors: S.121, S.122, S.123, S.124, S.125, S.126, S.127, S.128, S.129",,0,,,,,S,"Euro short-term rate, Number of transactions","Euro short-term rate, Number of transactions - Unsecured - Overnight - Borrowing - Financial corporations",,_Z,0
2020-08-24,496,EST.B.EU000A2X2A25.NT,B,EU000A2X2A25,NT,A,F,,,,,P1D,,,,"ESA 2010 Sectors: S.121, S.122, S.123, S.124, S.125, S.126, S.127, S.128, S.129",,0,,,,,S,"Euro short-term rate, Number of transactions","Euro short-term rate, Number of transactions - Unsecured - Overnight - Borrowing - Financial corporations",,_Z,0
2020-08-25,477,EST.B.EU000A2X2A25.NT,B,EU000A2X2A25,NT,A,F,,,,,P1D,,,,"ESA 2010 Sectors: S.121, S.122, S.123, S.124, S.125, S.126, S.127, S.128, S.129",,0,,,,,S,"Euro short-term rate, Number of transactions","Euro short-term rate, Number of transactions - Unsecured - Overnight - Borrowing - Financial corporations",,_Z,0
2020-08-26,465,EST.B.EU000A2X2A25.NT,B,EU000A2X2A25,NT,A,F,,,,,P1D,,,,"ESA 2010 Sectors: S.121, S.122, S.123, S.124, S.125, S.126, S.127, S.128, S.129",,0,,,,,S,"Euro short-term rate, Number of transactions","Euro short-term rate, Number of transactions - Unsecured - Overnight - Borrowing - Financial corporations",,_Z,0
2020-08-27,465,EST.B.EU000A2X2A25.NT,B,EU000A2X2A25,NT,A,F,,,,,P1D,,,,"ESA 2010 Sectors: S.121, S.122, S.123, S.124, S.125, S.126, S.127, S.128, S.129",,0,,,,,S,"Euro short-term rate, Number of transactions","Euro short-term rate, Number of transactions - Unsecured - Overnight - Borrowing - Financial corporations",,_Z,0
2020-08-28,417,EST.B.EU000A2X2A25.NT,B,EU000A2X2A25,NT,A,F,,,,,P1D,,,,"ESA 2010 Sectors: S.121, S.122, S.123, S.124, S.125, S.126, S.127, S.128, S.129",,0,,,,,S,"Euro short-term rate, Number of transactions","Euro short-term rate, Number of transactions - Unsecured - Overnight - Borrowing - Financial corporations",,_Z,0
2020-08-31,439,EST.B.EU000A2X2A25.NT,B,EU000A2X2A25,NT,A,F,,,,,P1D,,,,"ESA 2010 Sectors: S.121, S.122, S.123, S.124, S.125, S.126, S.127, S.128, S.129",,0,,,,,S,"Euro short-term rate, Number of transactions","Euro short-term rate, Number of transactions - Unsecured - Overnight - Borrowing - Financial corporations",,_Z,0
2020-09-01,483,EST.B.EU000A2X2A25.NT,B,EU000A2X2A25,NT,A,F,,,,,P1D,,,,"ESA 2010 Sectors: S.121, S.122, S.123, S.124, S.125, S.126, S.127, S.128, S.129",,0,,,,,S,"Euro short-term rate, Number of transactions","Euro short-term rate, Number of transactions - Unsecured - Overnight - Borrowing - Financial corporations",,_Z,0
2020-09-02,471,EST.B.EU000A2X2A25.NT,B,EU000A2X2A25,NT,A,F,,,,,P1D,,,,"ESA 2010 Sectors: S.121, S.122, S.123, S.124, S.125, S.126, S.127, S.128, S.129",,0,,,,,S,"Euro short-term rate, Number of transactions","Euro short-term rate, Number of transactions - Unsecured - Overnight - Borrowing - Financial corporations",,_Z,0
2020-09-03,359,EST.B.EU000A2X2A25.NT,B,EU000A2X2A25,NT,A,F,,,,,P1D,,,,"ESA 2010 Sectors: S.121, S.122, S.123, S.124, S.125, S.126, S.127, S.128, S.129",,0,,,,,S,"Euro short-term rate, Number of transactions","Euro short-term rate, Number of transactions - Unsecured - Overnight - Borrowing - Financial corporations",,_Z,0
2020-09-04,470,EST.B.EU000A2X2A25.NT,B,EU000A2X2A25,NT,A,F,,,,,P1D,,,,"ESA 2010 Sectors: S.121, S.122, S.123, S.124, S.125, S.126, S.127, S.128, S.129",,0,,,,,S,"Euro short-term rate, Number of transactions","Euro short-term rate, Number of transactions - Unsecured - Overnight - Borrowing - Financial corporations",,_Z,0
2020-09-07,489,EST.B.EU000A2X2A25.NT,B,EU000A2X2A25,NT,A,F,,,,,P1D,,,,"ESA 2010 Sectors: S.121, S.122, S.123, S.124, S.125, S.126, S.127, S.128, S.129",,0,,,,,S,"Euro short-term rate, Number of transactions","Euro short-term rate, Number of transactions - Unsecured - Overnight - Borrowing - Financial corporations",,_Z,0
2020-09-08,485,EST.B.EU000A2X2A25.NT,B,EU000A2X2A25,NT,A,F,,,,,P1D,,,,"ESA 2010 Sectors: S.121, S.122, S.123, S.124, S.125, S.126, S.127, S.128, S.129",,0,,,,,S,"Euro short-term rate, Number of transactions","Euro short-term rate, Number of transactions - Unsecured - Overnight - Borrowing - Financial corporations",,_Z,0
2020-09-09,501,EST.B.EU000A2X2A25.NT,B,EU000A2X2A25,NT,A,F,,,,,P1D,,,,"ESA 2010 Sectors: S.121, S.122, S.123, S.124, S.125, S.126, S.127, S.128, S.129",,0,,,,,S,"Euro short-term rate, Number of transactions","Euro short-term rate, Number of transactions - Unsecured - Overnight - Borrowing - Financial corporations",,_Z,0
2020-09-10,494,EST.B.EU000A2X2A25.NT,B,EU000A2X2A25,NT,A,F,,,,,P1D,,,,"ESA 2010 Sectors: S.121, S.122, S.123, S.124, S.125, S.126, S.127, S.128, S.129",,0,,,,,S,"Euro short-term rate, Number of transactions","Euro short-term rate, Number of transactions - Unsecured - Overnight - Borrowing - Financial corporations",,_Z,0
2020-09-11,465,EST.B.EU000A2X2A25.NT,B,EU000A2X2A25,NT,A,F,,,,,P1D,,,,"ESA 2010 Sectors: S.121, S.122, S.123, S.124, S.125, S.126, S.127, S.128, S.129",,0,,,,,S,"Euro short-term rate, Number of transactions","Euro short-term rate, Number of transactions - Unsecured - Overnight - Borrowing - Financial corporations",,_Z,0
2020-09-14,490,EST.B.EU000A2X2A25.NT,B,EU000A2X2A25,NT,A,F,,,,,P1D,,,,"ESA 2010 Sectors: S.121, S.122, S.123, S.124, S.125, S.126, S.127, S.128, S.129",,0,,,,,S,"Euro short-term rate, Number of transactions","Euro short-term rate, Number of transactions - Unsecured - Overnight - Borrowing - Financial corporations",,_Z,0
2020-09-15,497,EST.B.EU000A2X2A25.NT,B,EU000A2X2A25,NT,A,F,,,,,P1D,,,,"ESA 2010 Sectors: S.121, S.122, S.123, S.124, S.125, S.126, S.127, S.128, S.129",,0,,,,,S,"Euro short-term rate, Number of transactions","Euro short-term rate, Number of transactions - Unsecured - Overnight - Borrowing - Financial corporations",,_Z,0
2020-09-16,496,EST.B.EU000A2X2A25.NT,B,EU000A2X2A25,NT,A,F,,,,,P1D,,,,"ESA 2010 Sectors: S.121, S.122, S.123, S.124, S.125, S.126, S.127, S.128, S.129",,0,,,,,S,"Euro short-term rate, Number of transactions","Euro short-term rate, Number of transactions - Unsecured - Overnight - Borrowing - Financial corporations",,_Z,0
2020-09-17,480,EST.B.EU000A2X2A25.NT,B,EU000A2X2A25,NT,A,F,,,,,P1D,,,,"ESA 2010 Sectors: S.121, S.122, S.123, S.124, S.125, S.126, S.127, S.128, S.129",,0,,,,,S,"Euro short-term rate, Number of transactions","Euro short-term rate, Number of transactions - Unsecured - Overnight - Borrowing - Financial corporations",,_Z,0
2020-09-18,469,EST.B.EU000A2X2A25.NT,B,EU000A2X2A25,NT,A,F,,,,,P1D,,,,"ESA 2010 Sectors: S.121, S.122, S.123, S.124, S.125, S.126, S.127, S.128, S.129",,0,,,,,S,"Euro short-term rate, Number of transactions","Euro short-term rate, Number of transactions - Unsecured - Overnight - Borrowing - Financial corporations",,_Z,0
2020-09-21,463,EST.B.EU000A2X2A25.NT,B,EU000A2X2A25,NT,A,F,,,,,P1D,,,,"ESA 2010 Sectors: S.121, S.122, S.123, S.124, S.125, S.126, S.127, S.128, S.129",,0,,,,,S,"Euro short-term rate, Number of transactions","Euro short-term rate, Number of transactions - Unsecured - Overnight - Borrowing - Financial corporations",,_Z,0
2020-09-22,454,EST.B.EU000A2X2A25.NT,B,EU000A2X2A25,NT,A,F,,,,,P1D,,,,"ESA 2010 Sectors: S.121, S.122, S.123, S.124, S.125, S.126, S.127, S.128, S.129",,0,,,,,S,"Euro short-term rate, Number of transactions","Euro short-term rate, Number of transactions - Unsecured - Overnight - Borrowing - Financial corporations",,_Z,0
2020-09-23,452,EST.B.EU000A2X2A25.NT,B,EU000A2X2A25,NT,A,F,,,,,P1D,,,,"ESA 2010 Sectors: S.121, S.122, S.123, S.124, S.125, S.126, S.127, S.128, S.129",,0,,,,,S,"Euro short-term rate, Number of transactions","Euro short-term rate, Number of transactions - Unsecured - Overnight - Borrowing - Financial corporations",,_Z,0
2020-09-24,448,EST.B.EU000A2X2A25.NT,B,EU000A2X2A25,NT,A,F,,,,,P1D,,,,"ESA 2010 Sectors: S.121, S.122, S.123, S.124, S.125, S.126, S.127, S.128, S.129",,0,,,,,S,"Euro short-term rate, Number of transactions","Euro short-term rate, Number of transactions - Unsecured - Overnight - Borrowing - Financial corporations",,_Z,0
2020-09-25,429,EST.B.EU000A2X2A25.NT,B,EU000A2X2A25,NT,A,F,,,,,P1D,,,,"ESA 2010 Sectors: S.121, S.122, S.123, S.124, S.125, S.126, S.127, S.128, S.129",,0,,,,,S,"Euro short-term rate, Number of transactions","Euro short-term rate, Number of transactions - Unsecured - Overnight - Borrowing - Financial corporations",,_Z,0
2020-09-28,457,EST.B.EU000A2X2A25.NT,B,EU000A2X2A25,NT,A,F,,,,,P1D,,,,"ESA 2010 Sectors: S.121, S.122, S.123, S.124, S.125, S.126, S.127, S.128, S.129",,0,,,,,S,"Euro short-term rate, Number of transactions","Euro short-term rate, Number of transactions - Unsecured - Overnight - Borrowing - Financial corporations",,_Z,0
2020-09-29,466,EST.B.EU000A2X2A25.NT,B,EU000A2X2A25,NT,A,F,,,,,P1D,,,,"ESA 2010 Sectors: S.121, S.122, S.123, S.124, S.125, S.126, S.127, S.128, S.129",,0,,,,,S,"Euro short-term rate, Number of transactions","Euro short-term rate, Number of transactions - Unsecured - Overnight - Borrowing - Financial corporations",,_Z,0
2020-09-30,515,EST.B.EU000A2X2A25.NT,B,EU000A2X2A25,NT,A,F,,,,,P1D,,,,"ESA 2010 Sectors: S.121, S.122, S.123, S.124, S.125, S.126, S.127, S.128, S.129",,0,,,,,S,"Euro short-term rate, Number of transactions","Euro short-term rate, Number of transactions - Unsecured - Overnight - Borrowing - Financial corporations",,_Z,0
2020-10-01,444,EST.B.EU000A2X2A25.NT,B,EU000A2X2A25,NT,A,F,,,,,P1D,,,,"ESA 2010 Sectors: S.121, S.122, S.123, S.124, S.125, S.126, S.127, S.128, S.129",,0,,,,,S,"Euro short-term rate, Number of transactions","Euro short-term rate, Number of transactions - Unsecured - Overnight - Borrowing - Financial corporations",,_Z,0
2020-10-02,466,EST.B.EU000A2X2A25.NT,B,EU000A2X2A25,NT,A,F,,,,,P1D,,,,"ESA 2010 Sectors: S.121, S.122, S.123, S.124, S.125, S.126, S.127, S.128, S.129",,0,,,,,S,"Euro short-term rate, Number of transactions","Euro short-term rate, Number of transactions - Unsecured - Overnight - Borrowing - Financial corporations",,_Z,0
2020-10-05,463,EST.B.EU000A2X2A25.NT,B,EU000A2X2A25,NT,A,F,,,,,P1D,,,,"ESA 2010 Sectors: S.121, S.122, S.123, S.124, S.125, S.126, S.127, S.128, S.129",,0,,,,,S,"Euro short-term rate, Number of transactions","Euro short-term rate, Number of transactions - Unsecured - Overnight - Borrowing - Financial corporations",,_Z,0
2020-10-06,488,EST.B.EU000A2X2A25.NT,B,EU000A2X2A25,NT,A,F,,,,,P1D,,,,"ESA 2010 Sectors: S.121, S.122, S.123, S.124, S.125, S.126, S.127, S.128, S.129",,0,,,,,S,"Euro short-term rate, Number of transactions","Euro short-term rate, Number of transactions - Unsecured - Overnight - Borrowing - Financial corporations",,_Z,0
2020-10-07,479,EST.B.EU000A2X2A25.NT,B,EU000A2X2A25,NT,A,F,,,,,P1D,,,,"ESA 2010 Sectors: S.121, S.122, S.123, S.124, S.125, S.126, S.127, S.128, S.129",,0,,,,,S,"Euro short-term rate, Number of transactions","Euro short-term rate, Number of transactions - Unsecured - Overnight - Borrowing - Financial corporations",,_Z,0
2020-10-08,490,EST.B.EU000A2X2A25.NT,B,EU000A2X2A25,NT,A,F,,,,,P1D,,,,"ESA 2010 Sectors: S.121, S.122, S.123, S.124, S.125, S.126, S.127, S.128, S.129",,0,,,,,S,"Euro short-term rate, Number of transactions","Euro short-term rate, Number of transactions - Unsecured - Overnight - Borrowing - Financial corporations",,_Z,0
2020-10-09,479,EST.B.EU000A2X2A25.NT,B,EU000A2X2A25,NT,A,F,,,,,P1D,,,,"ESA 2010 Sectors: S.121, S.122, S.123, S.124, S.125, S.126, S.127, S.128, S.129",,0,,,,,S,"Euro short-term rate, Number of transactions","Euro short-term rate, Number of transactions - Unsecured - Overnight - Borrowing - Financial corporations",,_Z,0
2020-10-12,508,EST.B.EU000A2X2A25.NT,B,EU000A2X2A25,NT,A,F,,,,,P1D,,,,"ESA 2010 Sectors: S.121, S.122, S.123, S.124, S.125, S.126, S.127, S.128, S.129",,0,,,,,S,"Euro short-term rate, Number of transactions","Euro short-term rate, Number of transactions - Unsecured - Overnight - Borrowing - Financial corporations",,_Z,0
2020-10-13,507,EST.B.EU000A2X2A25.NT,B,EU000A2X2A25,NT,A,F,,,,,P1D,,,,"ESA 2010 Sectors: S.121, S.122, S.123, S.124, S.125, S.126, S.127, S.128, S.129",,0,,,,,S,"Euro short-term rate, Number of transactions","Euro short-term rate, Number of transactions - Unsecured - Overnight - Borrowing - Financial corporations",,_Z,0
2020-10-14,520,EST.B.EU000A2X2A25.NT,B,EU000A2X2A25,NT,A,F,,,,,P1D,,,,"ESA 2010 Sectors: S.121, S.122, S.123, S.124, S.125, S.126, S.127, S.128, S.129",,0,,,,,S,"Euro short-term rate, Number of transactions","Euro short-term rate, Number of transactions - Unsecured - Overnight - Borrowing - Financial corporations",,_Z,0
2020-10-15,515,EST.B.EU000A2X2A25.NT,B,EU000A2X2A25,NT,A,F,,,,,P1D,,,,"ESA 2010 Sectors: S.121, S.122, S.123, S.124, S.125, S.126, S.127, S.128, S.129",,0,,,,,S,"Euro short-term rate, Number of transactions","Euro short-term rate, Number of transactions - Unsecured - Overnight - Borrowing - Financial corporations",,_Z,0
2020-10-16,481,EST.B.EU000A2X2A25.NT,B,EU000A2X2A25,NT,A,F,,,,,P1D,,,,"ESA 2010 Sectors: S.121, S.122, S.123, S.124, S.125, S.126, S.127, S.128, S.129",,0,,,,,S,"Euro short-term rate, Number of transactions","Euro short-term rate, Number of transactions - Unsecured - Overnight - Borrowing - Financial corporations",,_Z,0
2020-10-19,486,EST.B.EU000A2X2A25.NT,B,EU000A2X2A25,NT,A,F,,,,,P1D,,,,"ESA 2010 Sectors: S.121, S.122, S.123, S.124, S.125, S.126, S.127, S.128, S.129",,0,,,,,S,"Euro short-term rate, Number of transactions","Euro short-term rate, Number of transactions - Unsecured - Overnight - Borrowing - Financial corporations",,_Z,0
2020-10-20,484,EST.B.EU000A2X2A25.NT,B,EU000A2X2A25,NT,A,F,,,,,P1D,,,,"ESA 2010 Sectors: S.121, S.122, S.123, S.124, S.125, S.126, S.127, S.128, S.129",,0,,,,,S,"Euro short-term rate, Number of transactions","Euro short-term rate, Number of transactions - Unsecured - Overnight - Borrowing - Financial corporations",,_Z,0
2020-10-21,482,EST.B.EU000A2X2A25.NT,B,EU000A2X2A25,NT,A,F,,,,,P1D,,,,"ESA 2010 Sectors: S.121, S.122, S.123, S.124, S.125, S.126, S.127, S.128, S.129",,0,,,,,S,"Euro short-term rate, Number of transactions","Euro short-term rate, Number of transactions - Unsecured - Overnight - Borrowing - Financial corporations",,_Z,0
2020-10-22,474,EST.B.EU000A2X2A25.NT,B,EU000A2X2A25,NT,A,F,,,,,P1D,,,,"ESA 2010 Sectors: S.121, S.122, S.123, S.124, S.125, S.126, S.127, S.128, S.129",,0,,,,,S,"Euro short-term rate, Number of transactions","Euro short-term rate, Number of transactions - Unsecured - Overnight - Borrowing - Financial corporations",,_Z,0
2020-10-23,447,EST.B.EU000A2X2A25.NT,B,EU000A2X2A25,NT,A,F,,,,,P1D,,,,"ESA 2010 Sectors: S.121, S.122, S.123, S.124, S.125, S.126, S.127, S.128, S.129",,0,,,,,S,"Euro short-term rate, Number of transactions","Euro short-term rate, Number of transactions - Unsecured - Overnight - Borrowing - Financial corporations",,_Z,0
2020-10-26,390,EST.B.EU000A2X2A25.NT,B,EU000A2X2A25,NT,A,F,,,,,P1D,,,,"ESA 2010 Sectors: S.121, S.122, S.123, S.124, S.125, S.126, S.127, S.128, S.129",,0,,,,,S,"Euro short-term rate, Number of transactions","Euro short-term rate, Number of transactions - Unsecured - Overnight - Borrowing - Financial corporations",,_Z,0
2020-10-27,511,EST.B.EU000A2X2A25.NT,B,EU000A2X2A25,NT,A,F,,,,,P1D,,,,"ESA 2010 Sectors: S.121, S.122, S.123, S.124, S.125, S.126, S.127, S.128, S.129",,0,,,,,S,"Euro short-term rate, Number of transactions","Euro short-term rate, Number of transactions - Unsecured - Overnight - Borrowing - Financial corporations",,_Z,0
2020-10-28,482,EST.B.EU000A2X2A25.NT,B,EU000A2X2A25,NT,A,F,,,,,P1D,,,,"ESA 2010 Sectors: S.121, S.122, S.123, S.124, S.125, S.126, S.127, S.128, S.129",,0,,,,,S,"Euro short-term rate, Number of transactions","Euro short-term rate, Number of transactions - Unsecured - Overnight - Borrowing - Financial corporations",,_Z,0
2020-10-29,463,EST.B.EU000A2X2A25.NT,B,EU000A2X2A25,NT,A,F,,,,,P1D,,,,"ESA 2010 Sectors: S.121, S.122, S.123, S.124, S.125, S.126, S.127, S.128, S.129",,0,,,,,S,"Euro short-term rate, Number of transactions","Euro short-term rate, Number of transactions - Unsecured - Overnight - Borrowing - Financial corporations",,_Z,0
2020-10-30,465,EST.B.EU000A2X2A25.NT,B,EU000A2X2A25,NT,A,F,,,,,P1D,,,,"ESA 2010 Sectors: S.121, S.122, S.123, S.124, S.125, S.126, S.127, S.128, S.129",,0,,,,,S,"Euro short-term rate, Number of transactions","Euro short-term rate, Number of transactions - Unsecured - Overnight - Borrowing - Financial corporations",,_Z,0
2020-11-02,531,EST.B.EU000A2X2A25.NT,B,EU000A2X2A25,NT,A,F,,,,,P1D,,,,"ESA 2010 Sectors: S.121, S.122, S.123, S.124, S.125, S.126, S.127, S.128, S.129",,0,,,,,S,"Euro short-term rate, Number of transactions","Euro short-term rate, Number of transactions - Unsecured - Overnight - Borrowing - Financial corporations",,_Z,0
2020-11-03,529,EST.B.EU000A2X2A25.NT,B,EU000A2X2A25,NT,A,F,,,,,P1D,,,,"ESA 2010 Sectors: S.121, S.122, S.123, S.124, S.125, S.126, S.127, S.128, S.129",,0,,,,,S,"Euro short-term rate, Number of transactions","Euro short-term rate, Number of transactions - Unsecured - Overnight - Borrowing - Financial corporations",,_Z,0
2020-11-04,534,EST.B.EU000A2X2A25.NT,B,EU000A2X2A25,NT,A,F,,,,,P1D,,,,"ESA 2010 Sectors: S.121, S.122, S.123, S.124, S.125, S.126, S.127, S.128, S.129",,0,,,,,S,"Euro short-term rate, Number of transactions","Euro short-term rate, Number of transactions - Unsecured - Overnight - Borrowing - Financial corporations",,_Z,0
2020-11-05,484,EST.B.EU000A2X2A25.NT,B,EU000A2X2A25,NT,A,F,,,,,P1D,,,,"ESA 2010 Sectors: S.121, S.122, S.123, S.124, S.125, S.126, S.127, S.128, S.129",,0,,,,,S,"Euro short-term rate, Number of transactions","Euro short-term rate, Number of transactions - Unsecured - Overnight - Borrowing - Financial corporations",,_Z,0
2020-11-06,461,EST.B.EU000A2X2A25.NT,B,EU000A2X2A25,NT,A,F,,,,,P1D,,,,"ESA 2010 Sectors: S.121, S.122, S.123, S.124, S.125, S.126, S.127, S.128, S.129",,0,,,,,S,"Euro short-term rate, Number of transactions","Euro short-term rate, Number of transactions - Unsecured - Overnight - Borrowing - Financial corporations",,_Z,0
2020-11-09,510,EST.B.EU000A2X2A25.NT,B,EU000A2X2A25,NT,A,F,,,,,P1D,,,,"ESA 2010 Sectors: S.121, S.122, S.123, S.124, S.125, S.126, S.127, S.128, S.129",,0,,,,,S,"Euro short-term rate, Number of transactions","Euro short-term rate, Number of transactions - Unsecured - Overnight - Borrowing - Financial corporations",,_Z,0
2020-11-10,488,EST.B.EU000A2X2A25.NT,B,EU000A2X2A25,NT,A,F,,,,,P1D,,,,"ESA 2010 Sectors: S.121, S.122, S.123, S.124, S.125, S.126, S.127, S.128, S.129",,0,,,,,S,"Euro short-term rate, Number of transactions","Euro short-term rate, Number of transactions - Unsecured - Overnight - Borrowing - Financial corporations",,_Z,0
2020-11-11,451,EST.B.EU000A2X2A25.NT,B,EU000A2X2A25,NT,A,F,,,,,P1D,,,,"ESA 2010 Sectors: S.121, S.122, S.123, S.124, S.125, S.126, S.127, S.128, S.129",,0,,,,,S,"Euro short-term rate, Number of transactions","Euro short-term rate, Number of transactions - Unsecured - Overnight - Borrowing - Financial corporations",,_Z,0
2020-11-12,478,EST.B.EU000A2X2A25.NT,B,EU000A2X2A25,NT,A,F,,,,,P1D,,,,"ESA 2010 Sectors: S.121, S.122, S.123, S.124, S.125, S.126, S.127, S.128, S.129",,0,,,,,S,"Euro short-term rate, Number of transactions","Euro short-term rate, Number of transactions - Unsecured - Overnight - Borrowing - Financial corporations",,_Z,0
2020-11-13,469,EST.B.EU000A2X2A25.NT,B,EU000A2X2A25,NT,A,F,,,,,P1D,,,,"ESA 2010 Sectors: S.121, S.122, S.123, S.124, S.125, S.126, S.127, S.128, S.129",,0,,,,,S,"Euro short-term rate, Number of transactions","Euro short-term rate, Number of transactions - Unsecured - Overnight - Borrowing - Financial corporations",,_Z,0
2020-11-16,501,EST.B.EU000A2X2A25.NT,B,EU000A2X2A25,NT,A,F,,,,,P1D,,,,"ESA 2010 Sectors: S.121, S.122, S.123, S.124, S.125, S.126, S.127, S.128, S.129",,0,,,,,S,"Euro short-term rate, Number of transactions","Euro short-term rate, Number of transactions - Unsecured - Overnight - Borrowing - Financial corporations",,_Z,0
2020-11-17,462,EST.B.EU000A2X2A25.NT,B,EU000A2X2A25,NT,A,F,,,,,P1D,,,,"ESA 2010 Sectors: S.121, S.122, S.123, S.124, S.125, S.126, S.127, S.128, S.129",,0,,,,,S,"Euro short-term rate, Number of transactions","Euro short-term rate, Number of transactions - Unsecured - Overnight - Borrowing - Financial corporations",,_Z,0
2020-11-18,466,EST.B.EU000A2X2A25.NT,B,EU000A2X2A25,NT,A,F,,,,,P1D,,,,"ESA 2010 Sectors: S.121, S.122, S.123, S.124, S.125, S.126, S.127, S.128, S.129",,0,,,,,S,"Euro short-term rate, Number of transactions","Euro short-term rate, Number of transactions - Unsecured - Overnight - Borrowing - Financial corporations",,_Z,0
2020-11-19,453,EST.B.EU000A2X2A25.NT,B,EU000A2X2A25,NT,A,F,,,,,P1D,,,,"ESA 2010 Sectors: S.121, S.122, S.123, S.124, S.125, S.126, S.127, S.128, S.129",,0,,,,,S,"Euro short-term rate, Number of transactions","Euro short-term rate, Number of transactions - Unsecured - Overnight - Borrowing - Financial corporations",,_Z,0
2020-11-20,466,EST.B.EU000A2X2A25.NT,B,EU000A2X2A25,NT,A,F,,,,,P1D,,,,"ESA 2010 Sectors: S.121, S.122, S.123, S.124, S.125, S.126, S.127, S.128, S.129",,0,,,,,S,"Euro short-term rate, Number of transactions","Euro short-term rate, Number of transactions - Unsecured - Overnight - Borrowing - Financial corporations",,_Z,0
2020-11-23,475,EST.B.EU000A2X2A25.NT,B,EU000A2X2A25,NT,A,F,,,,,P1D,,,,"ESA 2010 Sectors: S.121, S.122, S.123, S.124, S.125, S.126, S.127, S.128, S.129",,0,,,,,S,"Euro short-term rate, Number of transactions","Euro short-term rate, Number of transactions - Unsecured - Overnight - Borrowing - Financial corporations",,_Z,0
2020-11-24,461,EST.B.EU000A2X2A25.NT,B,EU000A2X2A25,NT,A,F,,,,,P1D,,,,"ESA 2010 Sectors: S.121, S.122, S.123, S.124, S.125, S.126, S.127, S.128, S.129",,0,,,,,S,"Euro short-term rate, Number of transactions","Euro short-term rate, Number of transactions - Unsecured - Overnight - Borrowing - Financial corporations",,_Z,0
2020-11-25,482,EST.B.EU000A2X2A25.NT,B,EU000A2X2A25,NT,A,F,,,,,P1D,,,,"ESA 2010 Sectors: S.121, S.122, S.123, S.124, S.125, S.126, S.127, S.128, S.129",,0,,,,,S,"Euro short-term rate, Number of transactions","Euro short-term rate, Number of transactions - Unsecured - Overnight - Borrowing - Financial corporations",,_Z,0
2020-11-26,478,EST.B.EU000A2X2A25.NT,B,EU000A2X2A25,NT,A,F,,,,,P1D,,,,"ESA 2010 Sectors: S.121, S.122, S.123, S.124, S.125, S.126, S.127, S.128, S.129",,0,,,,,S,"Euro short-term rate, Number of transactions","Euro short-term rate, Number of transactions - Unsecured - Overnight - Borrowing - Financial corporations",,_Z,0
2020-11-27,467,EST.B.EU000A2X2A25.NT,B,EU000A2X2A25,NT,A,F,,,,,P1D,,,,"ESA 2010 Sectors: S.121, S.122, S.123, S.124, S.125, S.126, S.127, S.128, S.129",,0,,,,,S,"Euro short-term rate, Number of transactions","Euro short-term rate, Number of transactions - Unsecured - Overnight - Borrowing - Financial corporations",,_Z,0
2020-11-30,495,EST.B.EU000A2X2A25.NT,B,EU000A2X2A25,NT,A,F,,,,,P1D,,,,"ESA 2010 Sectors: S.121, S.122, S.123, S.124, S.125, S.126, S.127, S.128, S.129",,0,,,,,S,"Euro short-term rate, Number of transactions","Euro short-term rate, Number of transactions - Unsecured - Overnight - Borrowing - Financial corporations",,_Z,0
2020-12-01,465,EST.B.EU000A2X2A25.NT,B,EU000A2X2A25,NT,A,F,,,,,P1D,,,,"ESA 2010 Sectors: S.121, S.122, S.123, S.124, S.125, S.126, S.127, S.128, S.129",,0,,,,,S,"Euro short-term rate, Number of transactions","Euro short-term rate, Number of transactions - Unsecured - Overnight - Borrowing - Financial corporations",,_Z,0
2020-12-02,443,EST.B.EU000A2X2A25.NT,B,EU000A2X2A25,NT,A,F,,,,,P1D,,,,"ESA 2010 Sectors: S.121, S.122, S.123, S.124, S.125, S.126, S.127, S.128, S.129",,0,,,,,S,"Euro short-term rate, Number of transactions","Euro short-term rate, Number of transactions - Unsecured - Overnight - Borrowing - Financial corporations",,_Z,0
2020-12-03,460,EST.B.EU000A2X2A25.NT,B,EU000A2X2A25,NT,A,F,,,,,P1D,,,,"ESA 2010 Sectors: S.121, S.122, S.123, S.124, S.125, S.126, S.127, S.128, S.129",,0,,,,,S,"Euro short-term rate, Number of transactions","Euro short-term rate, Number of transactions - Unsecured - Overnight - Borrowing - Financial corporations",,_Z,0
2020-12-04,456,EST.B.EU000A2X2A25.NT,B,EU000A2X2A25,NT,A,F,,,,,P1D,,,,"ESA 2010 Sectors: S.121, S.122, S.123, S.124, S.125, S.126, S.127, S.128, S.129",,0,,,,,S,"Euro short-term rate, Number of transactions","Euro short-term rate, Number of transactions - Unsecured - Overnight - Borrowing - Financial corporations",,_Z,0
2020-12-07,455,EST.B.EU000A2X2A25.NT,B,EU000A2X2A25,NT,A,F,,,,,P1D,,,,"ESA 2010 Sectors: S.121, S.122, S.123, S.124, S.125, S.126, S.127, S.128, S.129",,0,,,,,S,"Euro short-term rate, Number of transactions","Euro short-term rate, Number of transactions - Unsecured - Overnight - Borrowing - Financial corporations",,_Z,0
2020-12-08,276,EST.B.EU000A2X2A25.NT,B,EU000A2X2A25,NT,A,F,,,,,P1D,,,,"ESA 2010 Sectors: S.121, S.122, S.123, S.124, S.125, S.126, S.127, S.128, S.129",,0,,,,,S,"Euro short-term rate, Number of transactions","Euro short-term rate, Number of transactions - Unsecured - Overnight - Borrowing - Financial corporations",,_Z,0
2020-12-09,460,EST.B.EU000A2X2A25.NT,B,EU000A2X2A25,NT,A,F,,,,,P1D,,,,"ESA 2010 Sectors: S.121, S.122, S.123, S.124, S.125, S.126, S.127, S.128, S.129",,0,,,,,S,"Euro short-term rate, Number of transactions","Euro short-term rate, Number of transactions - Unsecured - Overnight - Borrowing - Financial corporations",,_Z,0
2020-12-10,478,EST.B.EU000A2X2A25.NT,B,EU000A2X2A25,NT,A,F,,,,,P1D,,,,"ESA 2010 Sectors: S.121, S.122, S.123, S.124, S.125, S.126, S.127, S.128, S.129",,0,,,,,S,"Euro short-term rate, Number of transactions","Euro short-term rate, Number of transactions - Unsecured - Overnight - Borrowing - Financial corporations",,_Z,0
2020-12-11,478,EST.B.EU000A2X2A25.NT,B,EU000A2X2A25,NT,A,F,,,,,P1D,,,,"ESA 2010 Sectors: S.121, S.122, S.123, S.124, S.125, S.126, S.127, S.128, S.129",,0,,,,,S,"Euro short-term rate, Number of transactions","Euro short-term rate, Number of transactions - Unsecured - Overnight - Borrowing - Financial corporations",,_Z,0
2020-12-14,463,EST.B.EU000A2X2A25.NT,B,EU000A2X2A25,NT,A,F,,,,,P1D,,,,"ESA 2010 Sectors: S.121, S.122, S.123, S.124, S.125, S.126, S.127, S.128, S.129",,0,,,,,S,"Euro short-term rate, Number of transactions","Euro short-term rate, Number of transactions - Unsecured - Overnight - Borrowing - Financial corporations",,_Z,0
2020-12-15,469,EST.B.EU000A2X2A25.NT,B,EU000A2X2A25,NT,A,F,,,,,P1D,,,,"ESA 2010 Sectors: S.121, S.122, S.123, S.124, S.125, S.126, S.127, S.128, S.129",,0,,,,,S,"Euro short-term rate, Number of transactions","Euro short-term rate, Number of transactions - Unsecured - Overnight - Borrowing - Financial corporations",,_Z,0
2020-12-16,436,EST.B.EU000A2X2A25.NT,B,EU000A2X2A25,NT,A,F,,,,,P1D,,,,"ESA 2010 Sectors: S.121, S.122, S.123, S.124, S.125, S.126, S.127, S.128, S.129",,0,,,,,S,"Euro short-term rate, Number of transactions","Euro short-term rate, Number of transactions - Unsecured - Overnight - Borrowing - Financial corporations",,_Z,0
2020-12-17,475,EST.B.EU000A2X2A25.NT,B,EU000A2X2A25,NT,A,F,,,,,P1D,,,,"ESA 2010 Sectors: S.121, S.122, S.123, S.124, S.125, S.126, S.127, S.128, S.129",,0,,,,,S,"Euro short-term rate, Number of transactions","Euro short-term rate, Number of transactions - Unsecured - Overnight - Borrowing - Financial corporations",,_Z,0
2020-12-18,448,EST.B.EU000A2X2A25.NT,B,EU000A2X2A25,NT,A,F,,,,,P1D,,,,"ESA 2010 Sectors: S.121, S.122, S.123, S.124, S.125, S.126, S.127, S.128, S.129",,0,,,,,S,"Euro short-term rate, Number of transactions","Euro short-term rate, Number of transactions - Unsecured - Overnight - Borrowing - Financial corporations",,_Z,0
2020-12-21,465,EST.B.EU000A2X2A25.NT,B,EU000A2X2A25,NT,A,F,,,,,P1D,,,,"ESA 2010 Sectors: S.121, S.122, S.123, S.124, S.125, S.126, S.127, S.128, S.129",,0,,,,,S,"Euro short-term rate, Number of transactions","Euro short-term rate, Number of transactions - Unsecured - Overnight - Borrowing - Financial corporations",,_Z,0
2020-12-22,449,EST.B.EU000A2X2A25.NT,B,EU000A2X2A25,NT,A,F,,,,,P1D,,,,"ESA 2010 Sectors: S.121, S.122, S.123, S.124, S.125, S.126, S.127, S.128, S.129",,0,,,,,S,"Euro short-term rate, Number of transactions","Euro short-term rate, Number of transactions - Unsecured - Overnight - Borrowing - Financial corporations",,_Z,0
2020-12-23,336,EST.B.EU000A2X2A25.NT,B,EU000A2X2A25,NT,A,F,,,,,P1D,,,,"ESA 2010 Sectors: S.121, S.122, S.123, S.124, S.125, S.126, S.127, S.128, S.129",,0,,,,,S,"Euro short-term rate, Number of transactions","Euro short-term rate, Number of transactions - Unsecured - Overnight - Borrowing - Financial corporations",,_Z,0
2020-12-24,217,EST.B.EU000A2X2A25.NT,B,EU000A2X2A25,NT,A,F,,,,,P1D,,,,"ESA 2010 Sectors: S.121, S.122, S.123, S.124, S.125, S.126, S.127, S.128, S.129",,0,,,,,S,"Euro short-term rate, Number of transactions","Euro short-term rate, Number of transactions - Unsecured - Overnight - Borrowing - Financial corporations",,_Z,0
2020-12-28,319,EST.B.EU000A2X2A25.NT,B,EU000A2X2A25,NT,A,F,,,,,P1D,,,,"ESA 2010 Sectors: S.121, S.122, S.123, S.124, S.125, S.126, S.127, S.128, S.129",,0,,,,,S,"Euro short-term rate, Number of transactions","Euro short-term rate, Number of transactions - Unsecured - Overnight - Borrowing - Financial corporations",,_Z,0
2020-12-29,438,EST.B.EU000A2X2A25.NT,B,EU000A2X2A25,NT,A,F,,,,,P1D,,,,"ESA 2010 Sectors: S.121, S.122, S.123, S.124, S.125, S.126, S.127, S.128, S.129",,0,,,,,S,"Euro short-term rate, Number of transactions","Euro short-term rate, Number of transactions - Unsecured - Overnight - Borrowing - Financial corporations",,_Z,0
2020-12-30,369,EST.B.EU000A2X2A25.NT,B,EU000A2X2A25,NT,A,F,,,,,P1D,,,,"ESA 2010 Sectors: S.121, S.122, S.123, S.124, S.125, S.126, S.127, S.128, S.129",,0,,,,,S,"Euro short-term rate, Number of transactions","Euro short-term rate, Number of transactions - Unsecured - Overnight - Borrowing - Financial corporations",,_Z,0
2020-12-31,191,EST.B.EU000A2X2A25.NT,B,EU000A2X2A25,NT,A,F,,,,,P1D,,,,"ESA 2010 Sectors: S.121, S.122, S.123, S.124, S.125, S.126, S.127, S.128, S.129",,0,,,,,S,"Euro short-term rate, Number of transactions","Euro short-term rate, Number of transactions - Unsecured - Overnight - Borrowing - Financial corporations",,_Z,0
2021-01-04,463,EST.B.EU000A2X2A25.NT,B,EU000A2X2A25,NT,A,F,,,,,P1D,,,,"ESA 2010 Sectors: S.121, S.122, S.123, S.124, S.125, S.126, S.127, S.128, S.129",,0,,,,,S,"Euro short-term rate, Number of transactions","Euro short-term rate, Number of transactions - Unsecured - Overnight - Borrowing - Financial corporations",,_Z,0
2021-01-05,440,EST.B.EU000A2X2A25.NT,B,EU000A2X2A25,NT,A,F,,,,,P1D,,,,"ESA 2010 Sectors: S.121, S.122, S.123, S.124, S.125, S.126, S.127, S.128, S.129",,0,,,,,S,"Euro short-term rate, Number of transactions","Euro short-term rate, Number of transactions - Unsecured - Overnight - Borrowing - Financial corporations",,_Z,0
2021-01-06,445,EST.B.EU000A2X2A25.NT,B,EU000A2X2A25,NT,A,F,,,,,P1D,,,,"ESA 2010 Sectors: S.121, S.122, S.123, S.124, S.125, S.126, S.127, S.128, S.129",,0,,,,,S,"Euro short-term rate, Number of transactions","Euro short-term rate, Number of transactions - Unsecured - Overnight - Borrowing - Financial corporations",,_Z,0
2021-01-07,471,EST.B.EU000A2X2A25.NT,B,EU000A2X2A25,NT,A,F,,,,,P1D,,,,"ESA 2010 Sectors: S.121, S.122, S.123, S.124, S.125, S.126, S.127, S.128, S.129",,0,,,,,S,"Euro short-term rate, Number of transactions","Euro short-term rate, Number of transactions - Unsecured - Overnight - Borrowing - Financial corporations",,_Z,0
2021-01-08,468,EST.B.EU000A2X2A25.NT,B,EU000A2X2A25,NT,A,F,,,,,P1D,,,,"ESA 2010 Sectors: S.121, S.122, S.123, S.124, S.125, S.126, S.127, S.128, S.129",,0,,,,,S,"Euro short-term rate, Number of transactions","Euro short-term rate, Number of transactions - Unsecured - Overnight - Borrowing - Financial corporations",,_Z,0
2021-01-11,465,EST.B.EU000A2X2A25.NT,B,EU000A2X2A25,NT,A,F,,,,,P1D,,,,"ESA 2010 Sectors: S.121, S.122, S.123, S.124, S.125, S.126, S.127, S.128, S.129",,0,,,,,S,"Euro short-term rate, Number of transactions","Euro short-term rate, Number of transactions - Unsecured - Overnight - Borrowing - Financial corporations",,_Z,0
2021-01-12,494,EST.B.EU000A2X2A25.NT,B,EU000A2X2A25,NT,A,F,,,,,P1D,,,,"ESA 2010 Sectors: S.121, S.122, S.123, S.124, S.125, S.126, S.127, S.128, S.129",,0,,,,,S,"Euro short-term rate, Number of transactions","Euro short-term rate, Number of transactions - Unsecured - Overnight - Borrowing - Financial corporations",,_Z,0
2021-01-13,482,EST.B.EU000A2X2A25.NT,B,EU000A2X2A25,NT,A,F,,,,,P1D,,,,"ESA 2010 Sectors: S.121, S.122, S.123, S.124, S.125, S.126, S.127, S.128, S.129",,0,,,,,S,"Euro short-term rate, Number of transactions","Euro short-term rate, Number of transactions - Unsecured - Overnight - Borrowing - Financial corporations",,_Z,0
2021-01-14,471,EST.B.EU000A2X2A25.NT,B,EU000A2X2A25,NT,A,F,,,,,P1D,,,,"ESA 2010 Sectors: S.121, S.122, S.123, S.124, S.125, S.126, S.127, S.128, S.129",,0,,,,,S,"Euro short-term rate, Number of transactions","Euro short-term rate, Number of transactions - Unsecured - Overnight - Borrowing - Financial corporations",,_Z,0
2021-01-15,475,EST.B.EU000A2X2A25.NT,B,EU000A2X2A25,NT,A,F,,,,,P1D,,,,"ESA 2010 Sectors: S.121, S.122, S.123, S.124, S.125, S.126, S.127, S.128, S.129",,0,,,,,S,"Euro short-term rate, Number of transactions","Euro short-term rate, Number of transactions - Unsecured - Overnight - Borrowing - Financial corporations",,_Z,0
2021-01-18,475,EST.B.EU000A2X2A25.NT,B,EU000A2X2A25,NT,A,F,,,,,P1D,,,,"ESA 2010 Sectors: S.121, S.122, S.123, S.124, S.125, S.126, S.127, S.128, S.129",,0,,,,,S,"Euro short-term rate, Number of transactions","Euro short-term rate, Number of transactions - Unsecured - Overnight - Borrowing - Financial corporations",,_Z,0
2021-01-19,507,EST.B.EU000A2X2A25.NT,B,EU000A2X2A25,NT,A,F,,,,,P1D,,,,"ESA 2010 Sectors: S.121, S.122, S.123, S.124, S.125, S.126, S.127, S.128, S.129",,0,,,,,S,"Euro short-term rate, Number of transactions","Euro short-term rate, Number of transactions - Unsecured - Overnight - Borrowing - Financial corporations",,_Z,0
2021-01-20,470,EST.B.EU000A2X2A25.NT,B,EU000A2X2A25,NT,A,F,,,,,P1D,,,,"ESA 2010 Sectors: S.121, S.122, S.123, S.124, S.125, S.126, S.127, S.128, S.129",,0,,,,,S,"Euro short-term rate, Number of transactions","Euro short-term rate, Number of transactions - Unsecured - Overnight - Borrowing - Financial corporations",,_Z,0
2021-01-21,467,EST.B.EU000A2X2A25.NT,B,EU000A2X2A25,NT,A,F,,,,,P1D,,,,"ESA 2010 Sectors: S.121, S.122, S.123, S.124, S.125, S.126, S.127, S.128, S.129",,0,,,,,S,"Euro short-term rate, Number of transactions","Euro short-term rate, Number of transactions - Unsecured - Overnight - Borrowing - Financial corporations",,_Z,0
2021-01-22,466,EST.B.EU000A2X2A25.NT,B,EU000A2X2A25,NT,A,F,,,,,P1D,,,,"ESA 2010 Sectors: S.121, S.122, S.123, S.124, S.125, S.126, S.127, S.128, S.129",,0,,,,,S,"Euro short-term rate, Number of transactions","Euro short-term rate, Number of transactions - Unsecured - Overnight - Borrowing - Financial corporations",,_Z,0
2021-01-25,451,EST.B.EU000A2X2A25.NT,B,EU000A2X2A25,NT,A,F,,,,,P1D,,,,"ESA 2010 Sectors: S.121, S.122, S.123, S.124, S.125, S.126, S.127, S.128, S.129",,0,,,,,S,"Euro short-term rate, Number of transactions","Euro short-term rate, Number of transactions - Unsecured - Overnight - Borrowing - Financial corporations",,_Z,0
2021-01-26,458,EST.B.EU000A2X2A25.NT,B,EU000A2X2A25,NT,A,F,,,,,P1D,,,,"ESA 2010 Sectors: S.121, S.122, S.123, S.124, S.125, S.126, S.127, S.128, S.129",,0,,,,,S,"Euro short-term rate, Number of transactions","Euro short-term rate, Number of transactions - Unsecured - Overnight - Borrowing - Financial corporations",,_Z,0
2021-01-27,449,EST.B.EU000A2X2A25.NT,B,EU000A2X2A25,NT,A,F,,,,,P1D,,,,"ESA 2010 Sectors: S.121, S.122, S.123, S.124, S.125, S.126, S.127, S.128, S.129",,0,,,,,S,"Euro short-term rate, Number of transactions","Euro short-term rate, Number of transactions - Unsecured - Overnight - Borrowing - Financial corporations",,_Z,0
2021-01-28,431,EST.B.EU000A2X2A25.NT,B,EU000A2X2A25,NT,A,F,,,,,P1D,,,,"ESA 2010 Sectors: S.121, S.122, S.123, S.124, S.125, S.126, S.127, S.128, S.129",,0,,,,,S,"Euro short-term rate, Number of transactions","Euro short-term rate, Number of transactions - Unsecured - Overnight - Borrowing - Financial corporations",,_Z,0
2021-01-29,431,EST.B.EU000A2X2A25.NT,B,EU000A2X2A25,NT,A,F,,,,,P1D,,,,"ESA 2010 Sectors: S.121, S.122, S.123, S.124, S.125, S.126, S.127, S.128, S.129",,0,,,,,S,"Euro short-term rate, Number of transactions","Euro short-term rate, Number of transactions - Unsecured - Overnight - Borrowing - Financial corporations",,_Z,0
2021-02-01,425,EST.B.EU000A2X2A25.NT,B,EU000A2X2A25,NT,A,F,,,,,P1D,,,,"ESA 2010 Sectors: S.121, S.122, S.123, S.124, S.125, S.126, S.127, S.128, S.129",,0,,,,,S,"Euro short-term rate, Number of transactions","Euro short-term rate, Number of transactions - Unsecured - Overnight - Borrowing - Financial corporations",,_Z,0
2021-02-02,458,EST.B.EU000A2X2A25.NT,B,EU000A2X2A25,NT,A,F,,,,,P1D,,,,"ESA 2010 Sectors: S.121, S.122, S.123, S.124, S.125, S.126, S.127, S.128, S.129",,0,,,,,S,"Euro short-term rate, Number of transactions","Euro short-term rate, Number of transactions - Unsecured - Overnight - Borrowing - Financial corporations",,_Z,0
2021-02-03,471,EST.B.EU000A2X2A25.NT,B,EU000A2X2A25,NT,A,F,,,,,P1D,,,,"ESA 2010 Sectors: S.121, S.122, S.123, S.124, S.125, S.126, S.127, S.128, S.129",,0,,,,,S,"Euro short-term rate, Number of transactions","Euro short-term rate, Number of transactions - Unsecured - Overnight - Borrowing - Financial corporations",,_Z,0
2021-02-04,461,EST.B.EU000A2X2A25.NT,B,EU000A2X2A25,NT,A,F,,,,,P1D,,,,"ESA 2010 Sectors: S.121, S.122, S.123, S.124, S.125, S.126, S.127, S.128, S.129",,0,,,,,S,"Euro short-term rate, Number of transactions","Euro short-term rate, Number of transactions - Unsecured - Overnight - Borrowing - Financial corporations",,_Z,0
2021-02-05,462,EST.B.EU000A2X2A25.NT,B,EU000A2X2A25,NT,A,F,,,,,P1D,,,,"ESA 2010 Sectors: S.121, S.122, S.123, S.124, S.125, S.126, S.127, S.128, S.129",,0,,,,,S,"Euro short-term rate, Number of transactions","Euro short-term rate, Number of transactions - Unsecured - Overnight - Borrowing - Financial corporations",,_Z,0
2021-02-08,469,EST.B.EU000A2X2A25.NT,B,EU000A2X2A25,NT,A,F,,,,,P1D,,,,"ESA 2010 Sectors: S.121, S.122, S.123, S.124, S.125, S.126, S.127, S.128, S.129",,0,,,,,S,"Euro short-term rate, Number of transactions","Euro short-term rate, Number of transactions - Unsecured - Overnight - Borrowing - Financial corporations",,_Z,0
2021-02-09,462,EST.B.EU000A2X2A25.NT,B,EU000A2X2A25,NT,A,F,,,,,P1D,,,,"ESA 2010 Sectors: S.121, S.122, S.123, S.124, S.125, S.126, S.127, S.128, S.129",,0,,,,,S,"Euro short-term rate, Number of transactions","Euro short-term rate, Number of transactions - Unsecured - Overnight - Borrowing - Financial corporations",,_Z,0
2021-02-10,452,EST.B.EU000A2X2A25.NT,B,EU000A2X2A25,NT,A,F,,,,,P1D,,,,"ESA 2010 Sectors: S.121, S.122, S.123, S.124, S.125, S.126, S.127, S.128, S.129",,0,,,,,S,"Euro short-term rate, Number of transactions","Euro short-term rate, Number of transactions - Unsecured - Overnight - Borrowing - Financial corporations",,_Z,0
2021-02-11,458,EST.B.EU000A2X2A25.NT,B,EU000A2X2A25,NT,A,F,,,,,P1D,,,,"ESA 2010 Sectors: S.121, S.122, S.123, S.124, S.125, S.126, S.127, S.128, S.129",,0,,,,,S,"Euro short-term rate, Number of transactions","Euro short-term rate, Number of transactions - Unsecured - Overnight - Borrowing - Financial corporations",,_Z,0
2021-02-12,460,EST.B.EU000A2X2A25.NT,B,EU000A2X2A25,NT,A,F,,,,,P1D,,,,"ESA 2010 Sectors: S.121, S.122, S.123, S.124, S.125, S.126, S.127, S.128, S.129",,0,,,,,S,"Euro short-term rate, Number of transactions","Euro short-term rate, Number of transactions - Unsecured - Overnight - Borrowing - Financial corporations",,_Z,0
2021-02-15,458,EST.B.EU000A2X2A25.NT,B,EU000A2X2A25,NT,A,F,,,,,P1D,,,,"ESA 2010 Sectors: S.121, S.122, S.123, S.124, S.125, S.126, S.127, S.128, S.129",,0,,,,,S,"Euro short-term rate, Number of transactions","Euro short-term rate, Number of transactions - Unsecured - Overnight - Borrowing - Financial corporations",,_Z,0
2021-02-16,463,EST.B.EU000A2X2A25.NT,B,EU000A2X2A25,NT,A,F,,,,,P1D,,,,"ESA 2010 Sectors: S.121, S.122, S.123, S.124, S.125, S.126, S.127, S.128, S.129",,0,,,,,S,"Euro short-term rate, Number of transactions","Euro short-term rate, Number of transactions - Unsecured - Overnight - Borrowing - Financial corporations",,_Z,0
2021-02-17,454,EST.B.EU000A2X2A25.NT,B,EU000A2X2A25,NT,A,F,,,,,P1D,,,,"ESA 2010 Sectors: S.121, S.122, S.123, S.124, S.125, S.126, S.127, S.128, S.129",,0,,,,,S,"Euro short-term rate, Number of transactions","Euro short-term rate, Number of transactions - Unsecured - Overnight - Borrowing - Financial corporations",,_Z,0
2021-02-18,464,EST.B.EU000A2X2A25.NT,B,EU000A2X2A25,NT,A,F,,,,,P1D,,,,"ESA 2010 Sectors: S.121, S.122, S.123, S.124, S.125, S.126, S.127, S.128, S.129",,0,,,,,S,"Euro short-term rate, Number of transactions","Euro short-term rate, Number of transactions - Unsecured - Overnight - Borrowing - Financial corporations",,_Z,0
2021-02-19,461,EST.B.EU000A2X2A25.NT,B,EU000A2X2A25,NT,A,F,,,,,P1D,,,,"ESA 2010 Sectors: S.121, S.122, S.123, S.124, S.125, S.126, S.127, S.128, S.129",,0,,,,,S,"Euro short-term rate, Number of transactions","Euro short-term rate, Number of transactions - Unsecured - Overnight - Borrowing - Financial corporations",,_Z,0
2021-02-22,459,EST.B.EU000A2X2A25.NT,B,EU000A2X2A25,NT,A,F,,,,,P1D,,,,"ESA 2010 Sectors: S.121, S.122, S.123, S.124, S.125, S.126, S.127, S.128, S.129",,0,,,,,S,"Euro short-term rate, Number of transactions","Euro short-term rate, Number of transactions - Unsecured - Overnight - Borrowing - Financial corporations",,_Z,0
2021-02-23,469,EST.B.EU000A2X2A25.NT,B,EU000A2X2A25,NT,A,F,,,,,P1D,,,,"ESA 2010 Sectors: S.121, S.122, S.123, S.124, S.125, S.126, S.127, S.128, S.129",,0,,,,,S,"Euro short-term rate, Number of transactions","Euro short-term rate, Number of transactions - Unsecured - Overnight - Borrowing - Financial corporations",,_Z,0
2021-02-24,449,EST.B.EU000A2X2A25.NT,B,EU000A2X2A25,NT,A,F,,,,,P1D,,,,"ESA 2010 Sectors: S.121, S.122, S.123, S.124, S.125, S.126, S.127, S.128, S.129",,0,,,,,S,"Euro short-term rate, Number of transactions","Euro short-term rate, Number of transactions - Unsecured - Overnight - Borrowing - Financial corporations",,_Z,0
2021-02-25,450,EST.B.EU000A2X2A25.NT,B,EU000A2X2A25,NT,A,F,,,,,P1D,,,,"ESA 2010 Sectors: S.121, S.122, S.123, S.124, S.125, S.126, S.127, S.128, S.129",,0,,,,,S,"Euro short-term rate, Number of transactions","Euro short-term rate, Number of transactions - Unsecured - Overnight - Borrowing - Financial corporations",,_Z,0
2021-02-26,441,EST.B.EU000A2X2A25.NT,B,EU000A2X2A25,NT,A,F,,,,,P1D,,,,"ESA 2010 Sectors: S.121, S.122, S.123, S.124, S.125, S.126, S.127, S.128, S.129",,0,,,,,S,"Euro short-term rate, Number of transactions","Euro short-term rate, Number of transactions - Unsecured - Overnight - Borrowing - Financial corporations",,_Z,0
2021-03-01,481,EST.B.EU000A2X2A25.NT,B,EU000A2X2A25,NT,A,F,,,,,P1D,,,,"ESA 2010 Sectors: S.121, S.122, S.123, S.124, S.125, S.126, S.127, S.128, S.129",,0,,,,,S,"Euro short-term rate, Number of transactions","Euro short-term rate, Number of transactions - Unsecured - Overnight - Borrowing - Financial corporations",,_Z,0
2021-03-02,452,EST.B.EU000A2X2A25.NT,B,EU000A2X2A25,NT,A,F,,,,,P1D,,,,"ESA 2010 Sectors: S.121, S.122, S.123, S.124, S.125, S.126, S.127, S.128, S.129",,0,,,,,S,"Euro short-term rate, Number of transactions","Euro short-term rate, Number of transactions - Unsecured - Overnight - Borrowing - Financial corporations",,_Z,0
2021-03-03,462,EST.B.EU000A2X2A25.NT,B,EU000A2X2A25,NT,A,F,,,,,P1D,,,,"ESA 2010 Sectors: S.121, S.122, S.123, S.124, S.125, S.126, S.127, S.128, S.129",,0,,,,,S,"Euro short-term rate, Number of transactions","Euro short-term rate, Number of transactions - Unsecured - Overnight - Borrowing - Financial corporations",,_Z,0
2021-03-04,463,EST.B.EU000A2X2A25.NT,B,EU000A2X2A25,NT,A,F,,,,,P1D,,,,"ESA 2010 Sectors: S.121, S.122, S.123, S.124, S.125, S.126, S.127, S.128, S.129",,0,,,,,S,"Euro short-term rate, Number of transactions","Euro short-term rate, Number of transactions - Unsecured - Overnight - Borrowing - Financial corporations",,_Z,0
2021-03-05,449,EST.B.EU000A2X2A25.NT,B,EU000A2X2A25,NT,A,F,,,,,P1D,,,,"ESA 2010 Sectors: S.121, S.122, S.123, S.124, S.125, S.126, S.127, S.128, S.129",,0,,,,,S,"Euro short-term rate, Number of transactions","Euro short-term rate, Number of transactions - Unsecured - Overnight - Borrowing - Financial corporations",,_Z,0
2021-03-08,412,EST.B.EU000A2X2A25.NT,B,EU000A2X2A25,NT,A,F,,,,,P1D,,,,"ESA 2010 Sectors: S.121, S.122, S.123, S.124, S.125, S.126, S.127, S.128, S.129",,0,,,,,S,"Euro short-term rate, Number of transactions","Euro short-term rate, Number of transactions - Unsecured - Overnight - Borrowing - Financial corporations",,_Z,0
2021-03-09,382,EST.B.EU000A2X2A25.NT,B,EU000A2X2A25,NT,A,F,,,,,P1D,,,,"ESA 2010 Sectors: S.121, S.122, S.123, S.124, S.125, S.126, S.127, S.128, S.129",,0,,,,,S,"Euro short-term rate, Number of transactions","Euro short-term rate, Number of transactions - Unsecured - Overnight - Borrowing - Financial corporations",,_Z,0
2021-03-10,463,EST.B.EU000A2X2A25.NT,B,EU000A2X2A25,NT,A,F,,,,,P1D,,,,"ESA 2010 Sectors: S.121, S.122, S.123, S.124, S.125, S.126, S.127, S.128, S.129",,0,,,,,S,"Euro short-term rate, Number of transactions","Euro short-term rate, Number of transactions - Unsecured - Overnight - Borrowing - Financial corporations",,_Z,0
2021-03-11,465,EST.B.EU000A2X2A25.NT,B,EU000A2X2A25,NT,A,F,,,,,P1D,,,,"ESA 2010 Sectors: S.121, S.122, S.123, S.124, S.125, S.126, S.127, S.128, S.129",,0,,,,,S,"Euro short-term rate, Number of transactions","Euro short-term rate, Number of transactions - Unsecured - Overnight - Borrowing - Financial corporations",,_Z,0
2021-03-12,454,EST.B.EU000A2X2A25.NT,B,EU000A2X2A25,NT,A,F,,,,,P1D,,,,"ESA 2010 Sectors: S.121, S.122, S.123, S.124, S.125, S.126, S.127, S.128, S.129",,0,,,,,S,"Euro short-term rate, Number of transactions","Euro short-term rate, Number of transactions - Unsecured - Overnight - Borrowing - Financial corporations",,_Z,0
2021-03-15,452,EST.B.EU000A2X2A25.NT,B,EU000A2X2A25,NT,A,F,,,,,P1D,,,,"ESA 2010 Sectors: S.121, S.122, S.123, S.124, S.125, S.126, S.127, S.128, S.129",,0,,,,,S,"Euro short-term rate, Number of transactions","Euro short-term rate, Number of transactions - Unsecured - Overnight - Borrowing - Financial corporations",,_Z,0
2021-03-16,455,EST.B.EU000A2X2A25.NT,B,EU000A2X2A25,NT,A,F,,,,,P1D,,,,"ESA 2010 Sectors: S.121, S.122, S.123, S.124, S.125, S.126, S.127, S.128, S.129",,0,,,,,S,"Euro short-term rate, Number of transactions","Euro short-term rate, Number of transactions - Unsecured - Overnight - Borrowing - Financial corporations",,_Z,0
2021-03-17,404,EST.B.EU000A2X2A25.NT,B,EU000A2X2A25,NT,A,F,,,,,P1D,,,,"ESA 2010 Sectors: S.121, S.122, S.123, S.124, S.125, S.126, S.127, S.128, S.129",,0,,,,,S,"Euro short-term rate, Number of transactions","Euro short-term rate, Number of transactions - Unsecured - Overnight - Borrowing - Financial corporations",,_Z,0
2021-03-18,459,EST.B.EU000A2X2A25.NT,B,EU000A2X2A25,NT,A,F,,,,,P1D,,,,"ESA 2010 Sectors: S.121, S.122, S.123, S.124, S.125, S.126, S.127, S.128, S.129",,0,,,,,S,"Euro short-term rate, Number of transactions","Euro short-term rate, Number of transactions - Unsecured - Overnight - Borrowing - Financial corporations",,_Z,0
2021-03-19,441,EST.B.EU000A2X2A25.NT,B,EU000A2X2A25,NT,A,F,,,,,P1D,,,,"ESA 2010 Sectors: S.121, S.122, S.123, S.124, S.125, S.126, S.127, S.128, S.129",,0,,,,,S,"Euro short-term rate, Number of transactions","Euro short-term rate, Number of transactions - Unsecured - Overnight - Borrowing - Financial corporations",,_Z,0
2021-03-22,451,EST.B.EU000A2X2A25.NT,B,EU000A2X2A25,NT,A,F,,,,,P1D,,,,"ESA 2010 Sectors: S.121, S.122, S.123, S.124, S.125, S.126, S.127, S.128, S.129",,0,,,,,S,"Euro short-term rate, Number of transactions","Euro short-term rate, Number of transactions - Unsecured - Overnight - Borrowing - Financial corporations",,_Z,0
2021-03-23,457,EST.B.EU000A2X2A25.NT,B,EU000A2X2A25,NT,A,F,,,,,P1D,,,,"ESA 2010 Sectors: S.121, S.122, S.123, S.124, S.125, S.126, S.127, S.128, S.129",,0,,,,,S,"Euro short-term rate, Number of transactions","Euro short-term rate, Number of transactions - Unsecured - Overnight - Borrowing - Financial corporations",,_Z,0
2021-03-24,463,EST.B.EU000A2X2A25.NT,B,EU000A2X2A25,NT,A,F,,,,,P1D,,,,"ESA 2010 Sectors: S.121, S.122, S.123, S.124, S.125, S.126, S.127, S.128, S.129",,0,,,,,S,"Euro short-term rate, Number of transactions","Euro short-term rate, Number of transactions - Unsecured - Overnight - Borrowing - Financial corporations",,_Z,0
2021-03-25,448,EST.B.EU000A2X2A25.NT,B,EU000A2X2A25,NT,A,F,,,,,P1D,,,,"ESA 2010 Sectors: S.121, S.122, S.123, S.124, S.125, S.126, S.127, S.128, S.129",,0,,,,,S,"Euro short-term rate, Number of transactions","Euro short-term rate, Number of transactions - Unsecured - Overnight - Borrowing - Financial corporations",,_Z,0
2021-03-26,450,EST.B.EU000A2X2A25.NT,B,EU000A2X2A25,NT,A,F,,,,,P1D,,,,"ESA 2010 Sectors: S.121, S.122, S.123, S.124, S.125, S.126, S.127, S.128, S.129",,0,,,,,S,"Euro short-term rate, Number of transactions","Euro short-term rate, Number of transactions - Unsecured - Overnight - Borrowing - Financial corporations",,_Z,0
2021-03-29,440,EST.B.EU000A2X2A25.NT,B,EU000A2X2A25,NT,A,F,,,,,P1D,,,,"ESA 2010 Sectors: S.121, S.122, S.123, S.124, S.125, S.126, S.127, S.128, S.129",,0,,,,,S,"Euro short-term rate, Number of transactions","Euro short-term rate, Number of transactions - Unsecured - Overnight - Borrowing - Financial corporations",,_Z,0
2021-03-30,451,EST.B.EU000A2X2A25.NT,B,EU000A2X2A25,NT,A,F,,,,,P1D,,,,"ESA 2010 Sectors: S.121, S.122, S.123, S.124, S.125, S.126, S.127, S.128, S.129",,0,,,,,S,"Euro short-term rate, Number of transactions","Euro short-term rate, Number of transactions - Unsecured - Overnight - Borrowing - Financial corporations",,_Z,0
2021-03-31,468,EST.B.EU000A2X2A25.NT,B,EU000A2X2A25,NT,A,F,,,,,P1D,,,,"ESA 2010 Sectors: S.121, S.122, S.123, S.124, S.125, S.126, S.127, S.128, S.129",,0,,,,,S,"Euro short-term rate, Number of transactions","Euro short-term rate, Number of transactions - Unsecured - Overnight - Borrowing - Financial corporations",,_Z,0
2021-04-01,442,EST.B.EU000A2X2A25.NT,B,EU000A2X2A25,NT,A,F,,,,,P1D,,,,"ESA 2010 Sectors: S.121, S.122, S.123, S.124, S.125, S.126, S.127, S.128, S.129",,0,,,,,S,"Euro short-term rate, Number of transactions","Euro short-term rate, Number of transactions - Unsecured - Overnight - Borrowing - Financial corporations",,_Z,0
2021-04-06,470,EST.B.EU000A2X2A25.NT,B,EU000A2X2A25,NT,A,F,,,,,P1D,,,,"ESA 2010 Sectors: S.121, S.122, S.123, S.124, S.125, S.126, S.127, S.128, S.129",,0,,,,,S,"Euro short-term rate, Number of transactions","Euro short-term rate, Number of transactions - Unsecured - Overnight - Borrowing - Financial corporations",,_Z,0
2021-04-07,464,EST.B.EU000A2X2A25.NT,B,EU000A2X2A25,NT,A,F,,,,,P1D,,,,"ESA 2010 Sectors: S.121, S.122, S.123, S.124, S.125, S.126, S.127, S.128, S.129",,0,,,,,S,"Euro short-term rate, Number of transactions","Euro short-term rate, Number of transactions - Unsecured - Overnight - Borrowing - Financial corporations",,_Z,0
2021-04-08,474,EST.B.EU000A2X2A25.NT,B,EU000A2X2A25,NT,A,F,,,,,P1D,,,,"ESA 2010 Sectors: S.121, S.122, S.123, S.124, S.125, S.126, S.127, S.128, S.129",,0,,,,,S,"Euro short-term rate, Number of transactions","Euro short-term rate, Number of transactions - Unsecured - Overnight - Borrowing - Financial corporations",,_Z,0
2021-04-09,477,EST.B.EU000A2X2A25.NT,B,EU000A2X2A25,NT,A,F,,,,,P1D,,,,"ESA 2010 Sectors: S.121, S.122, S.123, S.124, S.125, S.126, S.127, S.128, S.129",,0,,,,,S,"Euro short-term rate, Number of transactions","Euro short-term rate, Number of transactions - Unsecured - Overnight - Borrowing - Financial corporations",,_Z,0
2021-04-12,455,EST.B.EU000A2X2A25.NT,B,EU000A2X2A25,NT,A,F,,,,,P1D,,,,"ESA 2010 Sectors: S.121, S.122, S.123, S.124, S.125, S.126, S.127, S.128, S.129",,0,,,,,S,"Euro short-term rate, Number of transactions","Euro short-term rate, Number of transactions - Unsecured - Overnight - Borrowing - Financial corporations",,_Z,0
2021-04-13,429,EST.B.EU000A2X2A25.NT,B,EU000A2X2A25,NT,A,F,,,,,P1D,,,,"ESA 2010 Sectors: S.121, S.122, S.123, S.124, S.125, S.126, S.127, S.128, S.129",,0,,,,,S,"Euro short-term rate, Number of transactions","Euro short-term rate, Number of transactions - Unsecured - Overnight - Borrowing - Financial corporations",,_Z,0
2021-04-14,420,EST.B.EU000A2X2A25.NT,B,EU000A2X2A25,NT,A,F,,,,,P1D,,,,"ESA 2010 Sectors: S.121, S.122, S.123, S.124, S.125, S.126, S.127, S.128, S.129",,0,,,,,S,"Euro short-term rate, Number of transactions","Euro short-term rate, Number of transactions - Unsecured - Overnight - Borrowing - Financial corporations",,_Z,0
2021-04-15,461,EST.B.EU000A2X2A25.NT,B,EU000A2X2A25,NT,A,F,,,,,P1D,,,,"ESA 2010 Sectors: S.121, S.122, S.123, S.124, S.125, S.126, S.127, S.128, S.129",,0,,,,,S,"Euro short-term rate, Number of transactions","Euro short-term rate, Number of transactions - Unsecured - Overnight - Borrowing - Financial corporations",,_Z,0
2021-04-16,444,EST.B.EU000A2X2A25.NT,B,EU000A2X2A25,NT,A,F,,,,,P1D,,,,"ESA 2010 Sectors: S.121, S.122, S.123, S.124, S.125, S.126, S.127, S.128, S.129",,0,,,,,S,"Euro short-term rate, Number of transactions","Euro short-term rate, Number of transactions - Unsecured - Overnight - Borrowing - Financial corporations",,_Z,0
2021-04-19,460,EST.B.EU000A2X2A25.NT,B,EU000A2X2A25,NT,A,F,,,,,P1D,,,,"ESA 2010 Sectors: S.121, S.122, S.123, S.124, S.125, S.126, S.127, S.128, S.129",,0,,,,,S,"Euro short-term rate, Number of transactions","Euro short-term rate, Number of transactions - Unsecured - Overnight - Borrowing - Financial corporations",,_Z,0
2021-04-20,451,EST.B.EU000A2X2A25.NT,B,EU000A2X2A25,NT,A,F,,,,,P1D,,,,"ESA 2010 Sectors: S.121, S.122, S.123, S.124, S.125, S.126, S.127, S.128, S.129",,0,,,,,S,"Euro short-term rate, Number of transactions","Euro short-term rate, Number of transactions - Unsecured - Overnight - Borrowing - Financial corporations",,_Z,0
2021-04-21,455,EST.B.EU000A2X2A25.NT,B,EU000A2X2A25,NT,A,F,,,,,P1D,,,,"ESA 2010 Sectors: S.121, S.122, S.123, S.124, S.125, S.126, S.127, S.128, S.129",,0,,,,,S,"Euro short-term rate, Number of transactions","Euro short-term rate, Number of transactions - Unsecured - Overnight - Borrowing - Financial corporations",,_Z,0
2021-04-22,452,EST.B.EU000A2X2A25.NT,B,EU000A2X2A25,NT,A,F,,,,,P1D,,,,"ESA 2010 Sectors: S.121, S.122, S.123, S.124, S.125, S.126, S.127, S.128, S.129",,0,,,,,S,"Euro short-term rate, Number of transactions","Euro short-term rate, Number of transactions - Unsecured - Overnight - Borrowing - Financial corporations",,_Z,0
2021-04-23,462,EST.B.EU000A2X2A25.NT,B,EU000A2X2A25,NT,A,F,,,,,P1D,,,,"ESA 2010 Sectors: S.121, S.122, S.123, S.124, S.125, S.126, S.127, S.128, S.129",,0,,,,,S,"Euro short-term rate, Number of transactions","Euro short-term rate, Number of transactions - Unsecured - Overnight - Borrowing - Financial corporations",,_Z,0
2021-04-26,461,EST.B.EU000A2X2A25.NT,B,EU000A2X2A25,NT,A,F,,,,,P1D,,,,"ESA 2010 Sectors: S.121, S.122, S.123, S.124, S.125, S.126, S.127, S.128, S.129",,0,,,,,S,"Euro short-term rate, Number of transactions","Euro short-term rate, Number of transactions - Unsecured - Overnight - Borrowing - Financial corporations",,_Z,0
2021-04-27,453,EST.B.EU000A2X2A25.NT,B,EU000A2X2A25,NT,A,F,,,,,P1D,,,,"ESA 2010 Sectors: S.121, S.122, S.123, S.124, S.125, S.126, S.127, S.128, S.129",,0,,,,,S,"Euro short-term rate, Number of transactions","Euro short-term rate, Number of transactions - Unsecured - Overnight - Borrowing - Financial corporations",,_Z,0
2021-04-28,457,EST.B.EU000A2X2A25.NT,B,EU000A2X2A25,NT,A,F,,,,,P1D,,,,"ESA 2010 Sectors: S.121, S.122, S.123, S.124, S.125, S.126, S.127, S.128, S.129",,0,,,,,S,"Euro short-term rate, Number of transactions","Euro short-term rate, Number of transactions - Unsecured - Overnight - Borrowing - Financial corporations",,_Z,0
2021-04-29,427,EST.B.EU000A2X2A25.NT,B,EU000A2X2A25,NT,A,F,,,,,P1D,,,,"ESA 2010 Sectors: S.121, S.122, S.123, S.124, S.125, S.126, S.127, S.128, S.129",,0,,,,,S,"Euro short-term rate, Number of transactions","Euro short-term rate, Number of transactions - Unsecured - Overnight - Borrowing - Financial corporations",,_Z,0
2021-04-30,329,EST.B.EU000A2X2A25.NT,B,EU000A2X2A25,NT,A,F,,,,,P1D,,,,"ESA 2010 Sectors: S.121, S.122, S.123, S.124, S.125, S.126, S.127, S.128, S.129",,0,,,,,S,"Euro short-term rate, Number of transactions","Euro short-term rate, Number of transactions - Unsecured - Overnight - Borrowing - Financial corporations",,_Z,0
2021-05-03,334,EST.B.EU000A2X2A25.NT,B,EU000A2X2A25,NT,A,F,,,,,P1D,,,,"ESA 2010 Sectors: S.121, S.122, S.123, S.124, S.125, S.126, S.127, S.128, S.129",,0,,,,,S,"Euro short-term rate, Number of transactions","Euro short-term rate, Number of transactions - Unsecured - Overnight - Borrowing - Financial corporations",,_Z,0
2021-05-04,454,EST.B.EU000A2X2A25.NT,B,EU000A2X2A25,NT,A,F,,,,,P1D,,,,"ESA 2010 Sectors: S.121, S.122, S.123, S.124, S.125, S.126, S.127, S.128, S.129",,0,,,,,S,"Euro short-term rate, Number of transactions","Euro short-term rate, Number of transactions - Unsecured - Overnight - Borrowing - Financial corporations",,_Z,0
2021-05-05,461,EST.B.EU000A2X2A25.NT,B,EU000A2X2A25,NT,A,F,,,,,P1D,,,,"ESA 2010 Sectors: S.121, S.122, S.123, S.124, S.125, S.126, S.127, S.128, S.129",,0,,,,,S,"Euro short-term rate, Number of transactions","Euro short-term rate, Number of transactions - Unsecured - Overnight - Borrowing - Financial corporations",,_Z,0
2021-05-06,464,EST.B.EU000A2X2A25.NT,B,EU000A2X2A25,NT,A,F,,,,,P1D,,,,"ESA 2010 Sectors: S.121, S.122, S.123, S.124, S.125, S.126, S.127, S.128, S.129",,0,,,,,S,"Euro short-term rate, Number of transactions","Euro short-term rate, Number of transactions - Unsecured - Overnight - Borrowing - Financial corporations",,_Z,0
2021-05-07,459,EST.B.EU000A2X2A25.NT,B,EU000A2X2A25,NT,A,F,,,,,P1D,,,,"ESA 2010 Sectors: S.121, S.122, S.123, S.124, S.125, S.126, S.127, S.128, S.129",,0,,,,,S,"Euro short-term rate, Number of transactions","Euro short-term rate, Number of transactions - Unsecured - Overnight - Borrowing - Financial corporations",,_Z,0
2021-05-10,462,EST.B.EU000A2X2A25.NT,B,EU000A2X2A25,NT,A,F,,,,,P1D,,,,"ESA 2010 Sectors: S.121, S.122, S.123, S.124, S.125, S.126, S.127, S.128, S.129",,0,,,,,S,"Euro short-term rate, Number of transactions","Euro short-term rate, Number of transactions - Unsecured - Overnight - Borrowing - Financial corporations",,_Z,0
2021-05-11,464,EST.B.EU000A2X2A25.NT,B,EU000A2X2A25,NT,A,F,,,,,P1D,,,,"ESA 2010 Sectors: S.121, S.122, S.123, S.124, S.125, S.126, S.127, S.128, S.129",,0,,,,,S,"Euro short-term rate, Number of transactions","Euro short-term rate, Number of transactions - Unsecured - Overnight - Borrowing - Financial corporations",,_Z,0
2021-05-12,349,EST.B.EU000A2X2A25.NT,B,EU000A2X2A25,NT,A,F,,,,,P1D,,,,"ESA 2010 Sectors: S.121, S.122, S.123, S.124, S.125, S.126, S.127, S.128, S.129",,0,,,,,S,"Euro short-term rate, Number of transactions","Euro short-term rate, Number of transactions - Unsecured - Overnight - Borrowing - Financial corporations",,_Z,0
2021-05-13,328,EST.B.EU000A2X2A25.NT,B,EU000A2X2A25,NT,A,F,,,,,P1D,,,,"ESA 2010 Sectors: S.121, S.122, S.123, S.124, S.125, S.126, S.127, S.128, S.129",,0,,,,,S,"Euro short-term rate, Number of transactions","Euro short-term rate, Number of transactions - Unsecured - Overnight - Borrowing - Financial corporations",,_Z,0
2021-05-14,454,EST.B.EU000A2X2A25.NT,B,EU000A2X2A25,NT,A,F,,,,,P1D,,,,"ESA 2010 Sectors: S.121, S.122, S.123, S.124, S.125, S.126, S.127, S.128, S.129",,0,,,,,S,"Euro short-term rate, Number of transactions","Euro short-term rate, Number of transactions - Unsecured - Overnight - Borrowing - Financial corporations",,_Z,0
2021-05-17,456,EST.B.EU000A2X2A25.NT,B,EU000A2X2A25,NT,A,F,,,,,P1D,,,,"ESA 2010 Sectors: S.121, S.122, S.123, S.124, S.125, S.126, S.127, S.128, S.129",,0,,,,,S,"Euro short-term rate, Number of transactions","Euro short-term rate, Number of transactions - Unsecured - Overnight - Borrowing - Financial corporations",,_Z,0
2021-05-18,464,EST.B.EU000A2X2A25.NT,B,EU000A2X2A25,NT,A,F,,,,,P1D,,,,"ESA 2010 Sectors: S.121, S.122, S.123, S.124, S.125, S.126, S.127, S.128, S.129",,0,,,,,S,"Euro short-term rate, Number of transactions","Euro short-term rate, Number of transactions - Unsecured - Overnight - Borrowing - Financial corporations",,_Z,0
2021-05-19,453,EST.B.EU000A2X2A25.NT,B,EU000A2X2A25,NT,A,F,,,,,P1D,,,,"ESA 2010 Sectors: S.121, S.122, S.123, S.124, S.125, S.126, S.127, S.128, S.129",,0,,,,,S,"Euro short-term rate, Number of transactions","Euro short-term rate, Number of transactions - Unsecured - Overnight - Borrowing - Financial corporations",,_Z,0
2021-05-20,465,EST.B.EU000A2X2A25.NT,B,EU000A2X2A25,NT,A,F,,,,,P1D,,,,"ESA 2010 Sectors: S.121, S.122, S.123, S.124, S.125, S.126, S.127, S.128, S.129",,0,,,,,S,"Euro short-term rate, Number of transactions","Euro short-term rate, Number of transactions - Unsecured - Overnight - Borrowing - Financial corporations",,_Z,0
2021-05-21,343,EST.B.EU000A2X2A25.NT,B,EU000A2X2A25,NT,A,F,,,,,P1D,,,,"ESA 2010 Sectors: S.121, S.122, S.123, S.124, S.125, S.126, S.127, S.128, S.129",,0,,,,,S,"Euro short-term rate, Number of transactions","Euro short-term rate, Number of transactions - Unsecured - Overnight - Borrowing - Financial corporations",,_Z,0
2021-05-24,311,EST.B.EU000A2X2A25.NT,B,EU000A2X2A25,NT,A,F,,,,,P1D,,,,"ESA 2010 Sectors: S.121, S.122, S.123, S.124, S.125, S.126, S.127, S.128, S.129",,0,,,,,S,"Euro short-term rate, Number of transactions","Euro short-term rate, Number of transactions - Unsecured - Overnight - Borrowing - Financial corporations",,_Z,0
2021-05-25,441,EST.B.EU000A2X2A25.NT,B,EU000A2X2A25,NT,A,F,,,,,P1D,,,,"ESA 2010 Sectors: S.121, S.122, S.123, S.124, S.125, S.126, S.127, S.128, S.129",,0,,,,,S,"Euro short-term rate, Number of transactions","Euro short-term rate, Number of transactions - Unsecured - Overnight - Borrowing - Financial corporations",,_Z,0
2021-05-26,450,EST.B.EU000A2X2A25.NT,B,EU000A2X2A25,NT,A,F,,,,,P1D,,,,"ESA 2010 Sectors: S.121, S.122, S.123, S.124, S.125, S.126, S.127, S.128, S.129",,0,,,,,S,"Euro short-term rate, Number of transactions","Euro short-term rate, Number of transactions - Unsecured - Overnight - Borrowing - Financial corporations",,_Z,0
2021-05-27,433,EST.B.EU000A2X2A25.NT,B,EU000A2X2A25,NT,A,F,,,,,P1D,,,,"ESA 2010 Sectors: S.121, S.122, S.123, S.124, S.125, S.126, S.127, S.128, S.129",,0,,,,,S,"Euro short-term rate, Number of transactions","Euro short-term rate, Number of transactions - Unsecured - Overnight - Borrowing - Financial corporations",,_Z,0
2021-05-28,371,EST.B.EU000A2X2A25.NT,B,EU000A2X2A25,NT,A,F,,,,,P1D,,,,"ESA 2010 Sectors: S.121, S.122, S.123, S.124, S.125, S.126, S.127, S.128, S.129",,0,,,,,S,"Euro short-term rate, Number of transactions","Euro short-term rate, Number of transactions - Unsecured - Overnight - Borrowing - Financial corporations",,_Z,0
2021-05-31,380,EST.B.EU000A2X2A25.NT,B,EU000A2X2A25,NT,A,F,,,,,P1D,,,,"ESA 2010 Sectors: S.121, S.122, S.123, S.124, S.125, S.126, S.127, S.128, S.129",,0,,,,,S,"Euro short-term rate, Number of transactions","Euro short-term rate, Number of transactions - Unsecured - Overnight - Borrowing - Financial corporations",,_Z,0
2021-06-01,448,EST.B.EU000A2X2A25.NT,B,EU000A2X2A25,NT,A,F,,,,,P1D,,,,"ESA 2010 Sectors: S.121, S.122, S.123, S.124, S.125, S.126, S.127, S.128, S.129",,0,,,,,S,"Euro short-term rate, Number of transactions","Euro short-term rate, Number of transactions - Unsecured - Overnight - Borrowing - Financial corporations",,_Z,0
2021-06-02,395,EST.B.EU000A2X2A25.NT,B,EU000A2X2A25,NT,A,F,,,,,P1D,,,,"ESA 2010 Sectors: S.121, S.122, S.123, S.124, S.125, S.126, S.127, S.128, S.129",,0,,,,,S,"Euro short-term rate, Number of transactions","Euro short-term rate, Number of transactions - Unsecured - Overnight - Borrowing - Financial corporations",,_Z,0
2021-06-03,411,EST.B.EU000A2X2A25.NT,B,EU000A2X2A25,NT,A,F,,,,,P1D,,,,"ESA 2010 Sectors: S.121, S.122, S.123, S.124, S.125, S.126, S.127, S.128, S.129",,0,,,,,S,"Euro short-term rate, Number of transactions","Euro short-term rate, Number of transactions - Unsecured - Overnight - Borrowing - Financial corporations",,_Z,0
2021-06-04,461,EST.B.EU000A2X2A25.NT,B,EU000A2X2A25,NT,A,F,,,,,P1D,,,,"ESA 2010 Sectors: S.121, S.122, S.123, S.124, S.125, S.126, S.127, S.128, S.129",,0,,,,,S,"Euro short-term rate, Number of transactions","Euro short-term rate, Number of transactions - Unsecured - Overnight - Borrowing - Financial corporations",,_Z,0
2021-06-07,446,EST.B.EU000A2X2A25.NT,B,EU000A2X2A25,NT,A,F,,,,,P1D,,,,"ESA 2010 Sectors: S.121, S.122, S.123, S.124, S.125, S.126, S.127, S.128, S.129",,0,,,,,S,"Euro short-term rate, Number of transactions","Euro short-term rate, Number of transactions - Unsecured - Overnight - Borrowing - Financial corporations",,_Z,0
2021-06-08,456,EST.B.EU000A2X2A25.NT,B,EU000A2X2A25,NT,A,F,,,,,P1D,,,,"ESA 2010 Sectors: S.121, S.122, S.123, S.124, S.125, S.126, S.127, S.128, S.129",,0,,,,,S,"Euro short-term rate, Number of transactions","Euro short-term rate, Number of transactions - Unsecured - Overnight - Borrowing - Financial corporations",,_Z,0
2021-06-09,450,EST.B.EU000A2X2A25.NT,B,EU000A2X2A25,NT,A,F,,,,,P1D,,,,"ESA 2010 Sectors: S.121, S.122, S.123, S.124, S.125, S.126, S.127, S.128, S.129",,0,,,,,S,"Euro short-term rate, Number of transactions","Euro short-term rate, Number of transactions - Unsecured - Overnight - Borrowing - Financial corporations",,_Z,0
2021-06-10,420,EST.B.EU000A2X2A25.NT,B,EU000A2X2A25,NT,A,F,,,,,P1D,,,,"ESA 2010 Sectors: S.121, S.122, S.123, S.124, S.125, S.126, S.127, S.128, S.129",,0,,,,,S,"Euro short-term rate, Number of transactions","Euro short-term rate, Number of transactions - Unsecured - Overnight - Borrowing - Financial corporations",,_Z,0
2021-06-11,463,EST.B.EU000A2X2A25.NT,B,EU000A2X2A25,NT,A,F,,,,,P1D,,,,"ESA 2010 Sectors: S.121, S.122, S.123, S.124, S.125, S.126, S.127, S.128, S.129",,0,,,,,S,"Euro short-term rate, Number of transactions","Euro short-term rate, Number of transactions - Unsecured - Overnight - Borrowing - Financial corporations",,_Z,0
2021-06-14,453,EST.B.EU000A2X2A25.NT,B,EU000A2X2A25,NT,A,F,,,,,P1D,,,,"ESA 2010 Sectors: S.121, S.122, S.123, S.124, S.125, S.126, S.127, S.128, S.129",,0,,,,,S,"Euro short-term rate, Number of transactions","Euro short-term rate, Number of transactions - Unsecured - Overnight - Borrowing - Financial corporations",,_Z,0
2021-06-15,456,EST.B.EU000A2X2A25.NT,B,EU000A2X2A25,NT,A,F,,,,,P1D,,,,"ESA 2010 Sectors: S.121, S.122, S.123, S.124, S.125, S.126, S.127, S.128, S.129",,0,,,,,S,"Euro short-term rate, Number of transactions","Euro short-term rate, Number of transactions - Unsecured - Overnight - Borrowing - Financial corporations",,_Z,0
2021-06-16,452,EST.B.EU000A2X2A25.NT,B,EU000A2X2A25,NT,A,F,,,,,P1D,,,,"ESA 2010 Sectors: S.121, S.122, S.123, S.124, S.125, S.126, S.127, S.128, S.129",,0,,,,,S,"Euro short-term rate, Number of transactions","Euro short-term rate, Number of transactions - Unsecured - Overnight - Borrowing - Financial corporations",,_Z,0
2021-06-17,443,EST.B.EU000A2X2A25.NT,B,EU000A2X2A25,NT,A,F,,,,,P1D,,,,"ESA 2010 Sectors: S.121, S.122, S.123, S.124, S.125, S.126, S.127, S.128, S.129",,0,,,,,S,"Euro short-term rate, Number of transactions","Euro short-term rate, Number of transactions - Unsecured - Overnight - Borrowing - Financial corporations",,_Z,0
2021-06-18,437,EST.B.EU000A2X2A25.NT,B,EU000A2X2A25,NT,A,F,,,,,P1D,,,,"ESA 2010 Sectors: S.121, S.122, S.123, S.124, S.125, S.126, S.127, S.128, S.129",,0,,,,,S,"Euro short-term rate, Number of transactions","Euro short-term rate, Number of transactions - Unsecured - Overnight - Borrowing - Financial corporations",,_Z,0
2021-06-21,467,EST.B.EU000A2X2A25.NT,B,EU000A2X2A25,NT,A,F,,,,,P1D,,,,"ESA 2010 Sectors: S.121, S.122, S.123, S.124, S.125, S.126, S.127, S.128, S.129",,0,,,,,S,"Euro short-term rate, Number of transactions","Euro short-term rate, Number of transactions - Unsecured - Overnight - Borrowing - Financial corporations",,_Z,0
2021-06-22,457,EST.B.EU000A2X2A25.NT,B,EU000A2X2A25,NT,A,F,,,,,P1D,,,,"ESA 2010 Sectors: S.121, S.122, S.123, S.124, S.125, S.126, S.127, S.128, S.129",,0,,,,,S,"Euro short-term rate, Number of transactions","Euro short-term rate, Number of transactions - Unsecured - Overnight - Borrowing - Financial corporations",,_Z,0
2021-06-23,447,EST.B.EU000A2X2A25.NT,B,EU000A2X2A25,NT,A,F,,,,,P1D,,,,"ESA 2010 Sectors: S.121, S.122, S.123, S.124, S.125, S.126, S.127, S.128, S.129",,0,,,,,S,"Euro short-term rate, Number of transactions","Euro short-term rate, Number of transactions - Unsecured - Overnight - Borrowing - Financial corporations",,_Z,0
2021-06-24,455,EST.B.EU000A2X2A25.NT,B,EU000A2X2A25,NT,A,F,,,,,P1D,,,,"ESA 2010 Sectors: S.121, S.122, S.123, S.124, S.125, S.126, S.127, S.128, S.129",,0,,,,,S,"Euro short-term rate, Number of transactions","Euro short-term rate, Number of transactions - Unsecured - Overnight - Borrowing - Financial corporations",,_Z,0
2021-06-25,457,EST.B.EU000A2X2A25.NT,B,EU000A2X2A25,NT,A,F,,,,,P1D,,,,"ESA 2010 Sectors: S.121, S.122, S.123, S.124, S.125, S.126, S.127, S.128, S.129",,0,,,,,S,"Euro short-term rate, Number of transactions","Euro short-term rate, Number of transactions - Unsecured - Overnight - Borrowing - Financial corporations",,_Z,0
2021-06-28,469,EST.B.EU000A2X2A25.NT,B,EU000A2X2A25,NT,A,F,,,,,P1D,,,,"ESA 2010 Sectors: S.121, S.122, S.123, S.124, S.125, S.126, S.127, S.128, S.129",,0,,,,,S,"Euro short-term rate, Number of transactions","Euro short-term rate, Number of transactions - Unsecured - Overnight - Borrowing - Financial corporations",,_Z,0
2021-06-29,409,EST.B.EU000A2X2A25.NT,B,EU000A2X2A25,NT,A,F,,,,,P1D,,,,"ESA 2010 Sectors: S.121, S.122, S.123, S.124, S.125, S.126, S.127, S.128, S.129",,0,,,,,S,"Euro short-term rate, Number of transactions","Euro short-term rate, Number of transactions - Unsecured - Overnight - Borrowing - Financial corporations",,_Z,0
2021-06-30,455,EST.B.EU000A2X2A25.NT,B,EU000A2X2A25,NT,A,F,,,,,P1D,,,,"ESA 2010 Sectors: S.121, S.122, S.123, S.124, S.125, S.126, S.127, S.128, S.129",,0,,,,,S,"Euro short-term rate, Number of transactions","Euro short-term rate, Number of transactions - Unsecured - Overnight - Borrowing - Financial corporations",,_Z,0
2021-07-01,476,EST.B.EU000A2X2A25.NT,B,EU000A2X2A25,NT,A,F,,,,,P1D,,,,"ESA 2010 Sectors: S.121, S.122, S.123, S.124, S.125, S.126, S.127, S.128, S.129",,0,,,,,S,"Euro short-term rate, Number of transactions","Euro short-term rate, Number of transactions - Unsecured - Overnight - Borrowing - Financial corporations",,_Z,0
2021-07-02,494,EST.B.EU000A2X2A25.NT,B,EU000A2X2A25,NT,A,F,,,,,P1D,,,,"ESA 2010 Sectors: S.121, S.122, S.123, S.124, S.125, S.126, S.127, S.128, S.129",,0,,,,,S,"Euro short-term rate, Number of transactions","Euro short-term rate, Number of transactions - Unsecured - Overnight - Borrowing - Financial corporations",,_Z,0
2021-07-05,514,EST.B.EU000A2X2A25.NT,B,EU000A2X2A25,NT,A,F,,,,,P1D,,,,"ESA 2010 Sectors: S.121, S.122, S.123, S.124, S.125, S.126, S.127, S.128, S.129",,0,,,,,S,"Euro short-term rate, Number of transactions","Euro short-term rate, Number of transactions - Unsecured - Overnight - Borrowing - Financial corporations",,_Z,0
2021-07-06,492,EST.B.EU000A2X2A25.NT,B,EU000A2X2A25,NT,A,F,,,,,P1D,,,,"ESA 2010 Sectors: S.121, S.122, S.123, S.124, S.125, S.126, S.127, S.128, S.129",,0,,,,,S,"Euro short-term rate, Number of transactions","Euro short-term rate, Number of transactions - Unsecured - Overnight - Borrowing - Financial corporations",,_Z,0
2021-07-07,486,EST.B.EU000A2X2A25.NT,B,EU000A2X2A25,NT,A,F,,,,,P1D,,,,"ESA 2010 Sectors: S.121, S.122, S.123, S.124, S.125, S.126, S.127, S.128, S.129",,0,,,,,S,"Euro short-term rate, Number of transactions","Euro short-term rate, Number of transactions - Unsecured - Overnight - Borrowing - Financial corporations",,_Z,0
2021-07-08,506,EST.B.EU000A2X2A25.NT,B,EU000A2X2A25,NT,A,F,,,,,P1D,,,,"ESA 2010 Sectors: S.121, S.122, S.123, S.124, S.125, S.126, S.127, S.128, S.129",,0,,,,,S,"Euro short-term rate, Number of transactions","Euro short-term rate, Number of transactions - Unsecured - Overnight - Borrowing - Financial corporations",,_Z,0
2021-07-09,497,EST.B.EU000A2X2A25.NT,B,EU000A2X2A25,NT,A,F,,,,,P1D,,,,"ESA 2010 Sectors: S.121, S.122, S.123, S.124, S.125, S.126, S.127, S.128, S.129",,0,,,,,S,"Euro short-term rate, Number of transactions","Euro short-term rate, Number of transactions - Unsecured - Overnight - Borrowing - Financial corporations",,_Z,0
2021-07-12,449,EST.B.EU000A2X2A25.NT,B,EU000A2X2A25,NT,A,F,,,,,P1D,,,,"ESA 2010 Sectors: S.121, S.122, S.123, S.124, S.125, S.126, S.127, S.128, S.129",,0,,,,,S,"Euro short-term rate, Number of transactions","Euro short-term rate, Number of transactions - Unsecured - Overnight - Borrowing - Financial corporations",,_Z,0
2021-07-13,481,EST.B.EU000A2X2A25.NT,B,EU000A2X2A25,NT,A,F,,,,,P1D,,,,"ESA 2010 Sectors: S.121, S.122, S.123, S.124, S.125, S.126, S.127, S.128, S.129",,0,,,,,S,"Euro short-term rate, Number of transactions","Euro short-term rate, Number of transactions - Unsecured - Overnight - Borrowing - Financial corporations",,_Z,0
2021-07-14,488,EST.B.EU000A2X2A25.NT,B,EU000A2X2A25,NT,A,F,,,,,P1D,,,,"ESA 2010 Sectors: S.121, S.122, S.123, S.124, S.125, S.126, S.127, S.128, S.129",,0,,,,,S,"Euro short-term rate, Number of transactions","Euro short-term rate, Number of transactions - Unsecured - Overnight - Borrowing - Financial corporations",,_Z,0
2021-07-15,502,EST.B.EU000A2X2A25.NT,B,EU000A2X2A25,NT,A,F,,,,,P1D,,,,"ESA 2010 Sectors: S.121, S.122, S.123, S.124, S.125, S.126, S.127, S.128, S.129",,0,,,,,S,"Euro short-term rate, Number of transactions","Euro short-term rate, Number of transactions - Unsecured - Overnight - Borrowing - Financial corporations",,_Z,0
2021-07-16,493,EST.B.EU000A2X2A25.NT,B,EU000A2X2A25,NT,A,F,,,,,P1D,,,,"ESA 2010 Sectors: S.121, S.122, S.123, S.124, S.125, S.126, S.127, S.128, S.129",,0,,,,,S,"Euro short-term rate, Number of transactions","Euro short-term rate, Number of transactions - Unsecured - Overnight - Borrowing - Financial corporations",,_Z,0
2021-07-19,498,EST.B.EU000A2X2A25.NT,B,EU000A2X2A25,NT,A,F,,,,,P1D,,,,"ESA 2010 Sectors: S.121, S.122, S.123, S.124, S.125, S.126, S.127, S.128, S.129",,0,,,,,S,"Euro short-term rate, Number of transactions","Euro short-term rate, Number of transactions - Unsecured - Overnight - Borrowing - Financial corporations",,_Z,0
2021-07-20,488,EST.B.EU000A2X2A25.NT,B,EU000A2X2A25,NT,A,F,,,,,P1D,,,,"ESA 2010 Sectors: S.121, S.122, S.123, S.124, S.125, S.126, S.127, S.128, S.129",,0,,,,,S,"Euro short-term rate, Number of transactions","Euro short-term rate, Number of transactions - Unsecured - Overnight - Borrowing - Financial corporations",,_Z,0
2021-07-21,501,EST.B.EU000A2X2A25.NT,B,EU000A2X2A25,NT,A,F,,,,,P1D,,,,"ESA 2010 Sectors: S.121, S.122, S.123, S.124, S.125, S.126, S.127, S.128, S.129",,0,,,,,S,"Euro short-term rate, Number of transactions","Euro short-term rate, Number of transactions - Unsecured - Overnight - Borrowing - Financial corporations",,_Z,0
2021-07-22,409,EST.B.EU000A2X2A25.NT,B,EU000A2X2A25,NT,A,F,,,,,P1D,,,,"ESA 2010 Sectors: S.121, S.122, S.123, S.124, S.125, S.126, S.127, S.128, S.129",,0,,,,,S,"Euro short-term rate, Number of transactions","Euro short-term rate, Number of transactions - Unsecured - Overnight - Borrowing - Financial corporations",,_Z,0
2021-07-23,509,EST.B.EU000A2X2A25.NT,B,EU000A2X2A25,NT,A,F,,,,,P1D,,,,"ESA 2010 Sectors: S.121, S.122, S.123, S.124, S.125, S.126, S.127, S.128, S.129",,0,,,,,S,"Euro short-term rate, Number of transactions","Euro short-term rate, Number of transactions - Unsecured - Overnight - Borrowing - Financial corporations",,_Z,0
2021-07-26,524,EST.B.EU000A2X2A25.NT,B,EU000A2X2A25,NT,A,F,,,,,P1D,,,,"ESA 2010 Sectors: S.121, S.122, S.123, S.124, S.125, S.126, S.127, S.128, S.129",,0,,,,,S,"Euro short-term rate, Number of transactions","Euro short-term rate, Number of transactions - Unsecured - Overnight - Borrowing - Financial corporations",,_Z,0
2021-07-27,527,EST.B.EU000A2X2A25.NT,B,EU000A2X2A25,NT,A,F,,,,,P1D,,,,"ESA 2010 Sectors: S.121, S.122, S.123, S.124, S.125, S.126, S.127, S.128, S.129",,0,,,,,S,"Euro short-term rate, Number of transactions","Euro short-term rate, Number of transactions - Unsecured - Overnight - Borrowing - Financial corporations",,_Z,0
2021-07-28,511,EST.B.EU000A2X2A25.NT,B,EU000A2X2A25,NT,A,F,,,,,P1D,,,,"ESA 2010 Sectors: S.121, S.122, S.123, S.124, S.125, S.126, S.127, S.128, S.129",,0,,,,,S,"Euro short-term rate, Number of transactions","Euro short-term rate, Number of transactions - Unsecured - Overnight - Borrowing - Financial corporations",,_Z,0
2021-07-29,506,EST.B.EU000A2X2A25.NT,B,EU000A2X2A25,NT,A,F,,,,,P1D,,,,"ESA 2010 Sectors: S.121, S.122, S.123, S.124, S.125, S.126, S.127, S.128, S.129",,0,,,,,S,"Euro short-term rate, Number of transactions","Euro short-term rate, Number of transactions - Unsecured - Overnight - Borrowing - Financial corporations",,_Z,0
2021-07-30,471,EST.B.EU000A2X2A25.NT,B,EU000A2X2A25,NT,A,F,,,,,P1D,,,,"ESA 2010 Sectors: S.121, S.122, S.123, S.124, S.125, S.126, S.127, S.128, S.129",,0,,,,,S,"Euro short-term rate, Number of transactions","Euro short-term rate, Number of transactions - Unsecured - Overnight - Borrowing - Financial corporations",,_Z,0
2021-08-02,426,EST.B.EU000A2X2A25.NT,B,EU000A2X2A25,NT,A,F,,,,,P1D,,,,"ESA 2010 Sectors: S.121, S.122, S.123, S.124, S.125, S.126, S.127, S.128, S.129",,0,,,,,S,"Euro short-term rate, Number of transactions","Euro short-term rate, Number of transactions - Unsecured - Overnight - Borrowing - Financial corporations",,_Z,0
2021-08-03,511,EST.B.EU000A2X2A25.NT,B,EU000A2X2A25,NT,A,F,,,,,P1D,,,,"ESA 2010 Sectors: S.121, S.122, S.123, S.124, S.125, S.126, S.127, S.128, S.129",,0,,,,,S,"Euro short-term rate, Number of transactions","Euro short-term rate, Number of transactions - Unsecured - Overnight - Borrowing - Financial corporations",,_Z,0
2021-08-04,503,EST.B.EU000A2X2A25.NT,B,EU000A2X2A25,NT,A,F,,,,,P1D,,,,"ESA 2010 Sectors: S.121, S.122, S.123, S.124, S.125, S.126, S.127, S.128, S.129",,0,,,,,S,"Euro short-term rate, Number of transactions","Euro short-term rate, Number of transactions - Unsecured - Overnight - Borrowing - Financial corporations",,_Z,0
2021-08-05,440,EST.B.EU000A2X2A25.NT,B,EU000A2X2A25,NT,A,F,,,,,P1D,,,,"ESA 2010 Sectors: S.121, S.122, S.123, S.124, S.125, S.126, S.127, S.128, S.129",,0,,,,,S,"Euro short-term rate, Number of transactions","Euro short-term rate, Number of transactions - Unsecured - Overnight - Borrowing - Financial corporations",,_Z,0
2021-08-06,503,EST.B.EU000A2X2A25.NT,B,EU000A2X2A25,NT,A,F,,,,,P1D,,,,"ESA 2010 Sectors: S.121, S.122, S.123, S.124, S.125, S.126, S.127, S.128, S.129",,0,,,,,S,"Euro short-term rate, Number of transactions","Euro short-term rate, Number of transactions - Unsecured - Overnight - Borrowing - Financial corporations",,_Z,0
2021-08-09,505,EST.B.EU000A2X2A25.NT,B,EU000A2X2A25,NT,A,F,,,,,P1D,,,,"ESA 2010 Sectors: S.121, S.122, S.123, S.124, S.125, S.126, S.127, S.128, S.129",,0,,,,,S,"Euro short-term rate, Number of transactions","Euro short-term rate, Number of transactions - Unsecured - Overnight - Borrowing - Financial corporations",,_Z,0
2021-08-10,529,EST.B.EU000A2X2A25.NT,B,EU000A2X2A25,NT,A,F,,,,,P1D,,,,"ESA 2010 Sectors: S.121, S.122, S.123, S.124, S.125, S.126, S.127, S.128, S.129",,0,,,,,S,"Euro short-term rate, Number of transactions","Euro short-term rate, Number of transactions - Unsecured - Overnight - Borrowing - Financial corporations",,_Z,0
2021-08-11,515,EST.B.EU000A2X2A25.NT,B,EU000A2X2A25,NT,A,F,,,,,P1D,,,,"ESA 2010 Sectors: S.121, S.122, S.123, S.124, S.125, S.126, S.127, S.128, S.129",,0,,,,,S,"Euro short-term rate, Number of transactions","Euro short-term rate, Number of transactions - Unsecured - Overnight - Borrowing - Financial corporations",,_Z,0
2021-08-12,522,EST.B.EU000A2X2A25.NT,B,EU000A2X2A25,NT,A,F,,,,,P1D,,,,"ESA 2010 Sectors: S.121, S.122, S.123, S.124, S.125, S.126, S.127, S.128, S.129",,0,,,,,S,"Euro short-term rate, Number of transactions","Euro short-term rate, Number of transactions - Unsecured - Overnight - Borrowing - Financial corporations",,_Z,0
2021-08-13,493,EST.B.EU000A2X2A25.NT,B,EU000A2X2A25,NT,A,F,,,,,P1D,,,,"ESA 2010 Sectors: S.121, S.122, S.123, S.124, S.125, S.126, S.127, S.128, S.129",,0,,,,,S,"Euro short-term rate, Number of transactions","Euro short-term rate, Number of transactions - Unsecured - Overnight - Borrowing - Financial corporations",,_Z,0
2021-08-16,490,EST.B.EU000A2X2A25.NT,B,EU000A2X2A25,NT,A,F,,,,,P1D,,,,"ESA 2010 Sectors: S.121, S.122, S.123, S.124, S.125, S.126, S.127, S.128, S.129",,0,,,,,S,"Euro short-term rate, Number of transactions","Euro short-term rate, Number of transactions - Unsecured - Overnight - Borrowing - Financial corporations",,_Z,0
2021-08-17,513,EST.B.EU000A2X2A25.NT,B,EU000A2X2A25,NT,A,F,,,,,P1D,,,,"ESA 2010 Sectors: S.121, S.122, S.123, S.124, S.125, S.126, S.127, S.128, S.129",,0,,,,,S,"Euro short-term rate, Number of transactions","Euro short-term rate, Number of transactions - Unsecured - Overnight - Borrowing - Financial corporations",,_Z,0
2021-08-18,512,EST.B.EU000A2X2A25.NT,B,EU000A2X2A25,NT,A,F,,,,,P1D,,,,"ESA 2010 Sectors: S.121, S.122, S.123, S.124, S.125, S.126, S.127, S.128, S.129",,0,,,,,S,"Euro short-term rate, Number of transactions","Euro short-term rate, Number of transactions - Unsecured - Overnight - Borrowing - Financial corporations",,_Z,0
2021-08-19,515,EST.B.EU000A2X2A25.NT,B,EU000A2X2A25,NT,A,F,,,,,P1D,,,,"ESA 2010 Sectors: S.121, S.122, S.123, S.124, S.125, S.126, S.127, S.128, S.129",,0,,,,,S,"Euro short-term rate, Number of transactions","Euro short-term rate, Number of transactions - Unsecured - Overnight - Borrowing - Financial corporations",,_Z,0
2021-08-20,506,EST.B.EU000A2X2A25.NT,B,EU000A2X2A25,NT,A,F,,,,,P1D,,,,"ESA 2010 Sectors: S.121, S.122, S.123, S.124, S.125, S.126, S.127, S.128, S.129",,0,,,,,S,"Euro short-term rate, Number of transactions","Euro short-term rate, Number of transactions - Unsecured - Overnight - Borrowing - Financial corporations",,_Z,0
2021-08-23,497,EST.B.EU000A2X2A25.NT,B,EU000A2X2A25,NT,A,F,,,,,P1D,,,,"ESA 2010 Sectors: S.121, S.122, S.123, S.124, S.125, S.126, S.127, S.128, S.129",,0,,,,,S,"Euro short-term rate, Number of transactions","Euro short-term rate, Number of transactions - Unsecured - Overnight - Borrowing - Financial corporations",,_Z,0
2021-08-24,476,EST.B.EU000A2X2A25.NT,B,EU000A2X2A25,NT,A,F,,,,,P1D,,,,"ESA 2010 Sectors: S.121, S.122, S.123, S.124, S.125, S.126, S.127, S.128, S.129",,0,,,,,S,"Euro short-term rate, Number of transactions","Euro short-term rate, Number of transactions - Unsecured - Overnight - Borrowing - Financial corporations",,_Z,0
2021-08-25,421,EST.B.EU000A2X2A25.NT,B,EU000A2X2A25,NT,A,F,,,,,P1D,,,,"ESA 2010 Sectors: S.121, S.122, S.123, S.124, S.125, S.126, S.127, S.128, S.129",,0,,,,,S,"Euro short-term rate, Number of transactions","Euro short-term rate, Number of transactions - Unsecured - Overnight - Borrowing - Financial corporations",,_Z,0
2021-08-26,479,EST.B.EU000A2X2A25.NT,B,EU000A2X2A25,NT,A,F,,,,,P1D,,,,"ESA 2010 Sectors: S.121, S.122, S.123, S.124, S.125, S.126, S.127, S.128, S.129",,0,,,,,S,"Euro short-term rate, Number of transactions","Euro short-term rate, Number of transactions - Unsecured - Overnight - Borrowing - Financial corporations",,_Z,0
2021-08-27,407,EST.B.EU000A2X2A25.NT,B,EU000A2X2A25,NT,A,F,,,,,P1D,,,,"ESA 2010 Sectors: S.121, S.122, S.123, S.124, S.125, S.126, S.127, S.128, S.129",,0,,,,,S,"Euro short-term rate, Number of transactions","Euro short-term rate, Number of transactions - Unsecured - Overnight - Borrowing - Financial corporations",,_Z,0
2021-08-30,415,EST.B.EU000A2X2A25.NT,B,EU000A2X2A25,NT,A,F,,,,,P1D,,,,"ESA 2010 Sectors: S.121, S.122, S.123, S.124, S.125, S.126, S.127, S.128, S.129",,0,,,,,S,"Euro short-term rate, Number of transactions","Euro short-term rate, Number of transactions - Unsecured - Overnight - Borrowing - Financial corporations",,_Z,0
2021-08-31,488,EST.B.EU000A2X2A25.NT,B,EU000A2X2A25,NT,A,F,,,,,P1D,,,,"ESA 2010 Sectors: S.121, S.122, S.123, S.124, S.125, S.126, S.127, S.128, S.129",,0,,,,,S,"Euro short-term rate, Number of transactions","Euro short-term rate, Number of transactions - Unsecured - Overnight - Borrowing - Financial corporations",,_Z,0
2021-09-01,495,EST.B.EU000A2X2A25.NT,B,EU000A2X2A25,NT,A,F,,,,,P1D,,,,"ESA 2010 Sectors: S.121, S.122, S.123, S.124, S.125, S.126, S.127, S.128, S.129",,0,,,,,S,"Euro short-term rate, Number of transactions","Euro short-term rate, Number of transactions - Unsecured - Overnight - Borrowing - Financial corporations",,_Z,0
2021-09-02,489,EST.B.EU000A2X2A25.NT,B,EU000A2X2A25,NT,A,F,,,,,P1D,,,,"ESA 2010 Sectors: S.121, S.122, S.123, S.124, S.125, S.126, S.127, S.128, S.129",,0,,,,,S,"Euro short-term rate, Number of transactions","Euro short-term rate, Number of transactions - Unsecured - Overnight - Borrowing - Financial corporations",,_Z,0
2021-09-03,482,EST.B.EU000A2X2A25.NT,B,EU000A2X2A25,NT,A,F,,,,,P1D,,,,"ESA 2010 Sectors: S.121, S.122, S.123, S.124, S.125, S.126, S.127, S.128, S.129",,0,,,,,S,"Euro short-term rate, Number of transactions","Euro short-term rate, Number of transactions - Unsecured - Overnight - Borrowing - Financial corporations",,_Z,0
2021-09-06,498,EST.B.EU000A2X2A25.NT,B,EU000A2X2A25,NT,A,F,,,,,P1D,,,,"ESA 2010 Sectors: S.121, S.122, S.123, S.124, S.125, S.126, S.127, S.128, S.129",,0,,,,,S,"Euro short-term rate, Number of transactions","Euro short-term rate, Number of transactions - Unsecured - Overnight - Borrowing - Financial corporations",,_Z,0
2021-09-07,518,EST.B.EU000A2X2A25.NT,B,EU000A2X2A25,NT,A,F,,,,,P1D,,,,"ESA 2010 Sectors: S.121, S.122, S.123, S.124, S.125, S.126, S.127, S.128, S.129",,0,,,,,S,"Euro short-term rate, Number of transactions","Euro short-term rate, Number of transactions - Unsecured - Overnight - Borrowing - Financial corporations",,_Z,0
2021-09-08,513,EST.B.EU000A2X2A25.NT,B,EU000A2X2A25,NT,A,F,,,,,P1D,,,,"ESA 2010 Sectors: S.121, S.122, S.123, S.124, S.125, S.126, S.127, S.128, S.129",,0,,,,,S,"Euro short-term rate, Number of transactions","Euro short-term rate, Number of transactions - Unsecured - Overnight - Borrowing - Financial corporations",,_Z,0
2021-09-09,512,EST.B.EU000A2X2A25.NT,B,EU000A2X2A25,NT,A,F,,,,,P1D,,,,"ESA 2010 Sectors: S.121, S.122, S.123, S.124, S.125, S.126, S.127, S.128, S.129",,0,,,,,S,"Euro short-term rate, Number of transactions","Euro short-term rate, Number of transactions - Unsecured - Overnight - Borrowing - Financial corporations",,_Z,0
2021-09-10,524,EST.B.EU000A2X2A25.NT,B,EU000A2X2A25,NT,A,F,,,,,P1D,,,,"ESA 2010 Sectors: S.121, S.122, S.123, S.124, S.125, S.126, S.127, S.128, S.129",,0,,,,,S,"Euro short-term rate, Number of transactions","Euro short-term rate, Number of transactions - Unsecured - Overnight - Borrowing - Financial corporations",,_Z,0
2021-09-13,525,EST.B.EU000A2X2A25.NT,B,EU000A2X2A25,NT,A,F,,,,,P1D,,,,"ESA 2010 Sectors: S.121, S.122, S.123, S.124, S.125, S.126, S.127, S.128, S.129",,0,,,,,S,"Euro short-term rate, Number of transactions","Euro short-term rate, Number of transactions - Unsecured - Overnight - Borrowing - Financial corporations",,_Z,0
2021-09-14,488,EST.B.EU000A2X2A25.NT,B,EU000A2X2A25,NT,A,F,,,,,P1D,,,,"ESA 2010 Sectors: S.121, S.122, S.123, S.124, S.125, S.126, S.127, S.128, S.129",,0,,,,,S,"Euro short-term rate, Number of transactions","Euro short-term rate, Number of transactions - Unsecured - Overnight - Borrowing - Financial corporations",,_Z,0
2021-09-15,499,EST.B.EU000A2X2A25.NT,B,EU000A2X2A25,NT,A,F,,,,,P1D,,,,"ESA 2010 Sectors: S.121, S.122, S.123, S.124, S.125, S.126, S.127, S.128, S.129",,0,,,,,S,"Euro short-term rate, Number of transactions","Euro short-term rate, Number of transactions - Unsecured - Overnight - Borrowing - Financial corporations",,_Z,0
2021-09-16,445,EST.B.EU000A2X2A25.NT,B,EU000A2X2A25,NT,A,F,,,,,P1D,,,,"ESA 2010 Sectors: S.121, S.122, S.123, S.124, S.125, S.126, S.127, S.128, S.129",,0,,,,,S,"Euro short-term rate, Number of transactions","Euro short-term rate, Number of transactions - Unsecured - Overnight - Borrowing - Financial corporations",,_Z,0
2021-09-17,511,EST.B.EU000A2X2A25.NT,B,EU000A2X2A25,NT,A,F,,,,,P1D,,,,"ESA 2010 Sectors: S.121, S.122, S.123, S.124, S.125, S.126, S.127, S.128, S.129",,0,,,,,S,"Euro short-term rate, Number of transactions","Euro short-term rate, Number of transactions - Unsecured - Overnight - Borrowing - Financial corporations",,_Z,0
2021-09-20,441,EST.B.EU000A2X2A25.NT,B,EU000A2X2A25,NT,A,F,,,,,P1D,,,,"ESA 2010 Sectors: S.121, S.122, S.123, S.124, S.125, S.126, S.127, S.128, S.129",,0,,,,,S,"Euro short-term rate, Number of transactions","Euro short-term rate, Number of transactions - Unsecured - Overnight - Borrowing - Financial corporations",,_Z,0
2021-09-21,488,EST.B.EU000A2X2A25.NT,B,EU000A2X2A25,NT,A,F,,,,,P1D,,,,"ESA 2010 Sectors: S.121, S.122, S.123, S.124, S.125, S.126, S.127, S.128, S.129",,0,,,,,S,"Euro short-term rate, Number of transactions","Euro short-term rate, Number of transactions - Unsecured - Overnight - Borrowing - Financial corporations",,_Z,0
2021-09-22,433,EST.B.EU000A2X2A25.NT,B,EU000A2X2A25,NT,A,F,,,,,P1D,,,,"ESA 2010 Sectors: S.121, S.122, S.123, S.124, S.125, S.126, S.127, S.128, S.129",,0,,,,,S,"Euro short-term rate, Number of transactions","Euro short-term rate, Number of transactions - Unsecured - Overnight - Borrowing - Financial corporations",,_Z,0
2021-09-23,494,EST.B.EU000A2X2A25.NT,B,EU000A2X2A25,NT,A,F,,,,,P1D,,,,"ESA 2010 Sectors: S.121, S.122, S.123, S.124, S.125, S.126, S.127, S.128, S.129",,0,,,,,S,"Euro short-term rate, Number of transactions","Euro short-term rate, Number of transactions - Unsecured - Overnight - Borrowing - Financial corporations",,_Z,0
2021-09-24,503,EST.B.EU000A2X2A25.NT,B,EU000A2X2A25,NT,A,F,,,,,P1D,,,,"ESA 2010 Sectors: S.121, S.122, S.123, S.124, S.125, S.126, S.127, S.128, S.129",,0,,,,,S,"Euro short-term rate, Number of transactions","Euro short-term rate, Number of transactions - Unsecured - Overnight - Borrowing - Financial corporations",,_Z,0
2021-09-27,505,EST.B.EU000A2X2A25.NT,B,EU000A2X2A25,NT,A,F,,,,,P1D,,,,"ESA 2010 Sectors: S.121, S.122, S.123, S.124, S.125, S.126, S.127, S.128, S.129",,0,,,,,S,"Euro short-term rate, Number of transactions","Euro short-term rate, Number of transactions - Unsecured - Overnight - Borrowing - Financial corporations",,_Z,0
2021-09-28,514,EST.B.EU000A2X2A25.NT,B,EU000A2X2A25,NT,A,F,,,,,P1D,,,,"ESA 2010 Sectors: S.121, S.122, S.123, S.124, S.125, S.126, S.127, S.128, S.129",,0,,,,,S,"Euro short-term rate, Number of transactions","Euro short-term rate, Number of transactions - Unsecured - Overnight - Borrowing - Financial corporations",,_Z,0
2021-09-29,497,EST.B.EU000A2X2A25.NT,B,EU000A2X2A25,NT,A,F,,,,,P1D,,,,"ESA 2010 Sectors: S.121, S.122, S.123, S.124, S.125, S.126, S.127, S.128, S.129",,0,,,,,S,"Euro short-term rate, Number of transactions","Euro short-term rate, Number of transactions - Unsecured - Overnight - Borrowing - Financial corporations",,_Z,0
2021-09-30,536,EST.B.EU000A2X2A25.NT,B,EU000A2X2A25,NT,A,F,,,,,P1D,,,,"ESA 2010 Sectors: S.121, S.122, S.123, S.124, S.125, S.126, S.127, S.128, S.129",,0,,,,,S,"Euro short-term rate, Number of transactions","Euro short-term rate, Number of transactions - Unsecured - Overnight - Borrowing - Financial corporations",,_Z,0
2021-10-01,508,EST.B.EU000A2X2A25.NT,B,EU000A2X2A25,NT,A,F,,,,,P1D,,,,"ESA 2010 Sectors: S.121, S.122, S.123, S.124, S.125, S.126, S.127, S.128, S.129",,0,,,,,S,"Euro short-term rate, Number of transactions","Euro short-term rate, Number of transactions - Unsecured - Overnight - Borrowing - Financial corporations",,_Z,0
2021-10-04,500,EST.B.EU000A2X2A25.NT,B,EU000A2X2A25,NT,A,F,,,,,P1D,,,,"ESA 2010 Sectors: S.121, S.122, S.123, S.124, S.125, S.126, S.127, S.128, S.129",,0,,,,,S,"Euro short-term rate, Number of transactions","Euro short-term rate, Number of transactions - Unsecured - Overnight - Borrowing - Financial corporations",,_Z,0
2021-10-05,519,EST.B.EU000A2X2A25.NT,B,EU000A2X2A25,NT,A,F,,,,,P1D,,,,"ESA 2010 Sectors: S.121, S.122, S.123, S.124, S.125, S.126, S.127, S.128, S.129",,0,,,,,S,"Euro short-term rate, Number of transactions","Euro short-term rate, Number of transactions - Unsecured - Overnight - Borrowing - Financial corporations",,_Z,0
2021-10-06,539,EST.B.EU000A2X2A25.NT,B,EU000A2X2A25,NT,A,F,,,,,P1D,,,,"ESA 2010 Sectors: S.121, S.122, S.123, S.124, S.125, S.126, S.127, S.128, S.129",,0,,,,,S,"Euro short-term rate, Number of transactions","Euro short-term rate, Number of transactions - Unsecured - Overnight - Borrowing - Financial corporations",,_Z,0
2021-10-07,537,EST.B.EU000A2X2A25.NT,B,EU000A2X2A25,NT,A,F,,,,,P1D,,,,"ESA 2010 Sectors: S.121, S.122, S.123, S.124, S.125, S.126, S.127, S.128, S.129",,0,,,,,S,"Euro short-term rate, Number of transactions","Euro short-term rate, Number of transactions - Unsecured - Overnight - Borrowing - Financial corporations",,_Z,0
2021-10-08,554,EST.B.EU000A2X2A25.NT,B,EU000A2X2A25,NT,A,F,,,,,P1D,,,,"ESA 2010 Sectors: S.121, S.122, S.123, S.124, S.125, S.126, S.127, S.128, S.129",,0,,,,,S,"Euro short-term rate, Number of transactions","Euro short-term rate, Number of transactions - Unsecured - Overnight - Borrowing - Financial corporations",,_Z,0
2021-10-11,536,EST.B.EU000A2X2A25.NT,B,EU000A2X2A25,NT,A,F,,,,,P1D,,,,"ESA 2010 Sectors: S.121, S.122, S.123, S.124, S.125, S.126, S.127, S.128, S.129",,0,,,,,S,"Euro short-term rate, Number of transactions","Euro short-term rate, Number of transactions - Unsecured - Overnight - Borrowing - Financial corporations",,_Z,0
2021-10-12,560,EST.B.EU000A2X2A25.NT,B,EU000A2X2A25,NT,A,F,,,,,P1D,,,,"ESA 2010 Sectors: S.121, S.122, S.123, S.124, S.125, S.126, S.127, S.128, S.129",,0,,,,,S,"Euro short-term rate, Number of transactions","Euro short-term rate, Number of transactions - Unsecured - Overnight - Borrowing - Financial corporations",,_Z,0
2021-10-13,551,EST.B.EU000A2X2A25.NT,B,EU000A2X2A25,NT,A,F,,,,,P1D,,,,"ESA 2010 Sectors: S.121, S.122, S.123, S.124, S.125, S.126, S.127, S.128, S.129",,0,,,,,S,"Euro short-term rate, Number of transactions","Euro short-term rate, Number of transactions - Unsecured - Overnight - Borrowing - Financial corporations",,_Z,0
2021-10-14,541,EST.B.EU000A2X2A25.NT,B,EU000A2X2A25,NT,A,F,,,,,P1D,,,,"ESA 2010 Sectors: S.121, S.122, S.123, S.124, S.125, S.126, S.127, S.128, S.129",,0,,,,,S,"Euro short-term rate, Number of transactions","Euro short-term rate, Number of transactions - Unsecured - Overnight - Borrowing - Financial corporations",,_Z,0
2021-10-15,568,EST.B.EU000A2X2A25.NT,B,EU000A2X2A25,NT,A,F,,,,,P1D,,,,"ESA 2010 Sectors: S.121, S.122, S.123, S.124, S.125, S.126, S.127, S.128, S.129",,0,,,,,S,"Euro short-term rate, Number of transactions","Euro short-term rate, Number of transactions - Unsecured - Overnight - Borrowing - Financial corporations",,_Z,0
2021-10-18,552,EST.B.EU000A2X2A25.NT,B,EU000A2X2A25,NT,A,F,,,,,P1D,,,,"ESA 2010 Sectors: S.121, S.122, S.123, S.124, S.125, S.126, S.127, S.128, S.129",,0,,,,,S,"Euro short-term rate, Number of transactions","Euro short-term rate, Number of transactions - Unsecured - Overnight - Borrowing - Financial corporations",,_Z,0
2021-10-19,535,EST.B.EU000A2X2A25.NT,B,EU000A2X2A25,NT,A,F,,,,,P1D,,,,"ESA 2010 Sectors: S.121, S.122, S.123, S.124, S.125, S.126, S.127, S.128, S.129",,0,,,,,S,"Euro short-term rate, Number of transactions","Euro short-term rate, Number of transactions - Unsecured - Overnight - Borrowing - Financial corporations",,_Z,0
2021-10-20,502,EST.B.EU000A2X2A25.NT,B,EU000A2X2A25,NT,A,F,,,,,P1D,,,,"ESA 2010 Sectors: S.121, S.122, S.123, S.124, S.125, S.126, S.127, S.128, S.129",,0,,,,,S,"Euro short-term rate, Number of transactions","Euro short-term rate, Number of transactions - Unsecured - Overnight - Borrowing - Financial corporations",,_Z,0
2021-10-21,520,EST.B.EU000A2X2A25.NT,B,EU000A2X2A25,NT,A,F,,,,,P1D,,,,"ESA 2010 Sectors: S.121, S.122, S.123, S.124, S.125, S.126, S.127, S.128, S.129",,0,,,,,S,"Euro short-term rate, Number of transactions","Euro short-term rate, Number of transactions - Unsecured - Overnight - Borrowing - Financial corporations",,_Z,0
2021-10-22,523,EST.B.EU000A2X2A25.NT,B,EU000A2X2A25,NT,A,F,,,,,P1D,,,,"ESA 2010 Sectors: S.121, S.122, S.123, S.124, S.125, S.126, S.127, S.128, S.129",,0,,,,,S,"Euro short-term rate, Number of transactions","Euro short-term rate, Number of transactions - Unsecured - Overnight - Borrowing - Financial corporations",,_Z,0
2021-10-25,533,EST.B.EU000A2X2A25.NT,B,EU000A2X2A25,NT,A,F,,,,,P1D,,,,"ESA 2010 Sectors: S.121, S.122, S.123, S.124, S.125, S.126, S.127, S.128, S.129",,0,,,,,S,"Euro short-term rate, Number of transactions","Euro short-term rate, Number of transactions - Unsecured - Overnight - Borrowing - Financial corporations",,_Z,0
2021-10-26,521,EST.B.EU000A2X2A25.NT,B,EU000A2X2A25,NT,A,F,,,,,P1D,,,,"ESA 2010 Sectors: S.121, S.122, S.123, S.124, S.125, S.126, S.127, S.128, S.129",,0,,,,,S,"Euro short-term rate, Number of transactions","Euro short-term rate, Number of transactions - Unsecured - Overnight - Borrowing - Financial corporations",,_Z,0
2021-10-27,524,EST.B.EU000A2X2A25.NT,B,EU000A2X2A25,NT,A,F,,,,,P1D,,,,"ESA 2010 Sectors: S.121, S.122, S.123, S.124, S.125, S.126, S.127, S.128, S.129",,0,,,,,S,"Euro short-term rate, Number of transactions","Euro short-term rate, Number of transactions - Unsecured - Overnight - Borrowing - Financial corporations",,_Z,0
2021-10-28,504,EST.B.EU000A2X2A25.NT,B,EU000A2X2A25,NT,A,F,,,,,P1D,,,,"ESA 2010 Sectors: S.121, S.122, S.123, S.124, S.125, S.126, S.127, S.128, S.129",,0,,,,,S,"Euro short-term rate, Number of transactions","Euro short-term rate, Number of transactions - Unsecured - Overnight - Borrowing - Financial corporations",,_Z,0
2021-10-29,439,EST.B.EU000A2X2A25.NT,B,EU000A2X2A25,NT,A,F,,,,,P1D,,,,"ESA 2010 Sectors: S.121, S.122, S.123, S.124, S.125, S.126, S.127, S.128, S.129",,0,,,,,S,"Euro short-term rate, Number of transactions","Euro short-term rate, Number of transactions - Unsecured - Overnight - Borrowing - Financial corporations",,_Z,0
2021-11-01,445,EST.B.EU000A2X2A25.NT,B,EU000A2X2A25,NT,A,F,,,,,P1D,,,,"ESA 2010 Sectors: S.121, S.122, S.123, S.124, S.125, S.126, S.127, S.128, S.129",,0,,,,,S,"Euro short-term rate, Number of transactions","Euro short-term rate, Number of transactions - Unsecured - Overnight - Borrowing - Financial corporations",,_Z,0
2021-11-02,525,EST.B.EU000A2X2A25.NT,B,EU000A2X2A25,NT,A,F,,,,,P1D,,,,"ESA 2010 Sectors: S.121, S.122, S.123, S.124, S.125, S.126, S.127, S.128, S.129",,0,,,,,S,"Euro short-term rate, Number of transactions","Euro short-term rate, Number of transactions - Unsecured - Overnight - Borrowing - Financial corporations",,_Z,0
2021-11-03,521,EST.B.EU000A2X2A25.NT,B,EU000A2X2A25,NT,A,F,,,,,P1D,,,,"ESA 2010 Sectors: S.121, S.122, S.123, S.124, S.125, S.126, S.127, S.128, S.129",,0,,,,,S,"Euro short-term rate, Number of transactions","Euro short-term rate, Number of transactions - Unsecured - Overnight - Borrowing - Financial corporations",,_Z,0
2021-11-04,539,EST.B.EU000A2X2A25.NT,B,EU000A2X2A25,NT,A,F,,,,,P1D,,,,"ESA 2010 Sectors: S.121, S.122, S.123, S.124, S.125, S.126, S.127, S.128, S.129",,0,,,,,S,"Euro short-term rate, Number of transactions","Euro short-term rate, Number of transactions - Unsecured - Overnight - Borrowing - Financial corporations",,_Z,0
2021-11-05,529,EST.B.EU000A2X2A25.NT,B,EU000A2X2A25,NT,A,F,,,,,P1D,,,,"ESA 2010 Sectors: S.121, S.122, S.123, S.124, S.125, S.126, S.127, S.128, S.129",,0,,,,,S,"Euro short-term rate, Number of transactions","Euro short-term rate, Number of transactions - Unsecured - Overnight - Borrowing - Financial corporations",,_Z,0
2021-11-08,536,EST.B.EU000A2X2A25.NT,B,EU000A2X2A25,NT,A,F,,,,,P1D,,,,"ESA 2010 Sectors: S.121, S.122, S.123, S.124, S.125, S.126, S.127, S.128, S.129",,0,,,,,S,"Euro short-term rate, Number of transactions","Euro short-term rate, Number of transactions - Unsecured - Overnight - Borrowing - Financial corporations",,_Z,0
2021-11-09,537,EST.B.EU000A2X2A25.NT,B,EU000A2X2A25,NT,A,F,,,,,P1D,,,,"ESA 2010 Sectors: S.121, S.122, S.123, S.124, S.125, S.126, S.127, S.128, S.129",,0,,,,,S,"Euro short-term rate, Number of transactions","Euro short-term rate, Number of transactions - Unsecured - Overnight - Borrowing - Financial corporations",,_Z,0
2021-11-10,502,EST.B.EU000A2X2A25.NT,B,EU000A2X2A25,NT,A,F,,,,,P1D,,,,"ESA 2010 Sectors: S.121, S.122, S.123, S.124, S.125, S.126, S.127, S.128, S.129",,0,,,,,S,"Euro short-term rate, Number of transactions","Euro short-term rate, Number of transactions - Unsecured - Overnight - Borrowing - Financial corporations",,_Z,0
2021-11-11,510,EST.B.EU000A2X2A25.NT,B,EU000A2X2A25,NT,A,F,,,,,P1D,,,,"ESA 2010 Sectors: S.121, S.122, S.123, S.124, S.125, S.126, S.127, S.128, S.129",,0,,,,,S,"Euro short-term rate, Number of transactions","Euro short-term rate, Number of transactions - Unsecured - Overnight - Borrowing - Financial corporations",,_Z,0
2021-11-12,516,EST.B.EU000A2X2A25.NT,B,EU000A2X2A25,NT,A,F,,,,,P1D,,,,"ESA 2010 Sectors: S.121, S.122, S.123, S.124, S.125, S.126, S.127, S.128, S.129",,0,,,,,S,"Euro short-term rate, Number of transactions","Euro short-term rate, Number of transactions - Unsecured - Overnight - Borrowing - Financial corporations",,_Z,0
2021-11-15,519,EST.B.EU000A2X2A25.NT,B,EU000A2X2A25,NT,A,F,,,,,P1D,,,,"ESA 2010 Sectors: S.121, S.122, S.123, S.124, S.125, S.126, S.127, S.128, S.129",,0,,,,,S,"Euro short-term rate, Number of transactions","Euro short-term rate, Number of transactions - Unsecured - Overnight - Borrowing - Financial corporations",,_Z,0
2021-11-16,529,EST.B.EU000A2X2A25.NT,B,EU000A2X2A25,NT,A,F,,,,,P1D,,,,"ESA 2010 Sectors: S.121, S.122, S.123, S.124, S.125, S.126, S.127, S.128, S.129",,0,,,,,S,"Euro short-term rate, Number of transactions","Euro short-term rate, Number of transactions - Unsecured - Overnight - Borrowing - Financial corporations",,_Z,0
2021-11-17,523,EST.B.EU000A2X2A25.NT,B,EU000A2X2A25,NT,A,F,,,,,P1D,,,,"ESA 2010 Sectors: S.121, S.122, S.123, S.124, S.125, S.126, S.127, S.128, S.129",,0,,,,,S,"Euro short-term rate, Number of transactions","Euro short-term rate, Number of transactions - Unsecured - Overnight - Borrowing - Financial corporations",,_Z,0
2021-11-18,520,EST.B.EU000A2X2A25.NT,B,EU000A2X2A25,NT,A,F,,,,,P1D,,,,"ESA 2010 Sectors: S.121, S.122, S.123, S.124, S.125, S.126, S.127, S.128, S.129",,0,,,,,S,"Euro short-term rate, Number of transactions","Euro short-term rate, Number of transactions - Unsecured - Overnight - Borrowing - Financial corporations",,_Z,0
2021-11-19,504,EST.B.EU000A2X2A25.NT,B,EU000A2X2A25,NT,A,F,,,,,P1D,,,,"ESA 2010 Sectors: S.121, S.122, S.123, S.124, S.125, S.126, S.127, S.128, S.129",,0,,,,,S,"Euro short-term rate, Number of transactions","Euro short-term rate, Number of transactions - Unsecured - Overnight - Borrowing - Financial corporations",,_Z,0
2021-11-22,524,EST.B.EU000A2X2A25.NT,B,EU000A2X2A25,NT,A,F,,,,,P1D,,,,"ESA 2010 Sectors: S.121, S.122, S.123, S.124, S.125, S.126, S.127, S.128, S.129",,0,,,,,S,"Euro short-term rate, Number of transactions","Euro short-term rate, Number of transactions - Unsecured - Overnight - Borrowing - Financial corporations",,_Z,0
2021-11-23,499,EST.B.EU000A2X2A25.NT,B,EU000A2X2A25,NT,A,F,,,,,P1D,,,,"ESA 2010 Sectors: S.121, S.122, S.123, S.124, S.125, S.126, S.127, S.128, S.129",,0,,,,,S,"Euro short-term rate, Number of transactions","Euro short-term rate, Number of transactions - Unsecured - Overnight - Borrowing - Financial corporations",,_Z,0
2021-11-24,523,EST.B.EU000A2X2A25.NT,B,EU000A2X2A25,NT,A,F,,,,,P1D,,,,"ESA 2010 Sectors: S.121, S.122, S.123, S.124, S.125, S.126, S.127, S.128, S.129",,0,,,,,S,"Euro short-term rate, Number of transactions","Euro short-term rate, Number of transactions - Unsecured - Overnight - Borrowing - Financial corporations",,_Z,0
2021-11-25,523,EST.B.EU000A2X2A25.NT,B,EU000A2X2A25,NT,A,F,,,,,P1D,,,,"ESA 2010 Sectors: S.121, S.122, S.123, S.124, S.125, S.126, S.127, S.128, S.129",,0,,,,,S,"Euro short-term rate, Number of transactions","Euro short-term rate, Number of transactions - Unsecured - Overnight - Borrowing - Financial corporations",,_Z,0
2021-11-26,522,EST.B.EU000A2X2A25.NT,B,EU000A2X2A25,NT,A,F,,,,,P1D,,,,"ESA 2010 Sectors: S.121, S.122, S.123, S.124, S.125, S.126, S.127, S.128, S.129",,0,,,,,S,"Euro short-term rate, Number of transactions","Euro short-term rate, Number of transactions - Unsecured - Overnight - Borrowing - Financial corporations",,_Z,0
2021-11-29,519,EST.B.EU000A2X2A25.NT,B,EU000A2X2A25,NT,A,F,,,,,P1D,,,,"ESA 2010 Sectors: S.121, S.122, S.123, S.124, S.125, S.126, S.127, S.128, S.129",,0,,,,,S,"Euro short-term rate, Number of transactions","Euro short-term rate, Number of transactions - Unsecured - Overnight - Borrowing - Financial corporations",,_Z,0
2021-11-30,498,EST.B.EU000A2X2A25.NT,B,EU000A2X2A25,NT,A,F,,,,,P1D,,,,"ESA 2010 Sectors: S.121, S.122, S.123, S.124, S.125, S.126, S.127, S.128, S.129",,0,,,,,S,"Euro short-term rate, Number of transactions","Euro short-term rate, Number of transactions - Unsecured - Overnight - Borrowing - Financial corporations",,_Z,0
2021-12-01,522,EST.B.EU000A2X2A25.NT,B,EU000A2X2A25,NT,A,F,,,,,P1D,,,,"ESA 2010 Sectors: S.121, S.122, S.123, S.124, S.125, S.126, S.127, S.128, S.129",,0,,,,,S,"Euro short-term rate, Number of transactions","Euro short-term rate, Number of transactions - Unsecured - Overnight - Borrowing - Financial corporations",,_Z,0
2021-12-02,562,EST.B.EU000A2X2A25.NT,B,EU000A2X2A25,NT,A,F,,,,,P1D,,,,"ESA 2010 Sectors: S.121, S.122, S.123, S.124, S.125, S.126, S.127, S.128, S.129",,0,,,,,S,"Euro short-term rate, Number of transactions","Euro short-term rate, Number of transactions - Unsecured - Overnight - Borrowing - Financial corporations",,_Z,0
2021-12-03,543,EST.B.EU000A2X2A25.NT,B,EU000A2X2A25,NT,A,F,,,,,P1D,,,,"ESA 2010 Sectors: S.121, S.122, S.123, S.124, S.125, S.126, S.127, S.128, S.129",,0,,,,,S,"Euro short-term rate, Number of transactions","Euro short-term rate, Number of transactions - Unsecured - Overnight - Borrowing - Financial corporations",,_Z,0
2021-12-06,562,EST.B.EU000A2X2A25.NT,B,EU000A2X2A25,NT,A,F,,,,,P1D,,,,"ESA 2010 Sectors: S.121, S.122, S.123, S.124, S.125, S.126, S.127, S.128, S.129",,0,,,,,S,"Euro short-term rate, Number of transactions","Euro short-term rate, Number of transactions - Unsecured - Overnight - Borrowing - Financial corporations",,_Z,0
2021-12-07,554,EST.B.EU000A2X2A25.NT,B,EU000A2X2A25,NT,A,F,,,,,P1D,,,,"ESA 2010 Sectors: S.121, S.122, S.123, S.124, S.125, S.126, S.127, S.128, S.129",,0,,,,,S,"Euro short-term rate, Number of transactions","Euro short-term rate, Number of transactions - Unsecured - Overnight - Borrowing - Financial corporations",,_Z,0
2021-12-08,554,EST.B.EU000A2X2A25.NT,B,EU000A2X2A25,NT,A,F,,,,,P1D,,,,"ESA 2010 Sectors: S.121, S.122, S.123, S.124, S.125, S.126, S.127, S.128, S.129",,0,,,,,S,"Euro short-term rate, Number of transactions","Euro short-term rate, Number of transactions - Unsecured - Overnight - Borrowing - Financial corporations",,_Z,0
2021-12-09,541,EST.B.EU000A2X2A25.NT,B,EU000A2X2A25,NT,A,F,,,,,P1D,,,,"ESA 2010 Sectors: S.121, S.122, S.123, S.124, S.125, S.126, S.127, S.128, S.129",,0,,,,,S,"Euro short-term rate, Number of transactions","Euro short-term rate, Number of transactions - Unsecured - Overnight - Borrowing - Financial corporations",,_Z,0
2021-12-10,532,EST.B.EU000A2X2A25.NT,B,EU000A2X2A25,NT,A,F,,,,,P1D,,,,"ESA 2010 Sectors: S.121, S.122, S.123, S.124, S.125, S.126, S.127, S.128, S.129",,0,,,,,S,"Euro short-term rate, Number of transactions","Euro short-term rate, Number of transactions - Unsecured - Overnight - Borrowing - Financial corporations",,_Z,0
2021-12-13,528,EST.B.EU000A2X2A25.NT,B,EU000A2X2A25,NT,A,F,,,,,P1D,,,,"ESA 2010 Sectors: S.121, S.122, S.123, S.124, S.125, S.126, S.127, S.128, S.129",,0,,,,,S,"Euro short-term rate, Number of transactions","Euro short-term rate, Number of transactions - Unsecured - Overnight - Borrowing - Financial corporations",,_Z,0
2021-12-14,518,EST.B.EU000A2X2A25.NT,B,EU000A2X2A25,NT,A,F,,,,,P1D,,,,"ESA 2010 Sectors: S.121, S.122, S.123, S.124, S.125, S.126, S.127, S.128, S.129",,0,,,,,S,"Euro short-term rate, Number of transactions","Euro short-term rate, Number of transactions - Unsecured - Overnight - Borrowing - Financial corporations",,_Z,0
2021-12-15,501,EST.B.EU000A2X2A25.NT,B,EU000A2X2A25,NT,A,F,,,,,P1D,,,,"ESA 2010 Sectors: S.121, S.122, S.123, S.124, S.125, S.126, S.127, S.128, S.129",,0,,,,,S,"Euro short-term rate, Number of transactions","Euro short-term rate, Number of transactions - Unsecured - Overnight - Borrowing - Financial corporations",,_Z,0
2021-12-16,493,EST.B.EU000A2X2A25.NT,B,EU000A2X2A25,NT,A,F,,,,,P1D,,,,"ESA 2010 Sectors: S.121, S.122, S.123, S.124, S.125, S.126, S.127, S.128, S.129",,0,,,,,S,"Euro short-term rate, Number of transactions","Euro short-term rate, Number of transactions - Unsecured - Overnight - Borrowing - Financial corporations",,_Z,0
2021-12-17,500,EST.B.EU000A2X2A25.NT,B,EU000A2X2A25,NT,A,F,,,,,P1D,,,,"ESA 2010 Sectors: S.121, S.122, S.123, S.124, S.125, S.126, S.127, S.128, S.129",,0,,,,,S,"Euro short-term rate, Number of transactions","Euro short-term rate, Number of transactions - Unsecured - Overnight - Borrowing - Financial corporations",,_Z,0
2021-12-20,477,EST.B.EU000A2X2A25.NT,B,EU000A2X2A25,NT,A,F,,,,,P1D,,,,"ESA 2010 Sectors: S.121, S.122, S.123, S.124, S.125, S.126, S.127, S.128, S.129",,0,,,,,S,"Euro short-term rate, Number of transactions","Euro short-term rate, Number of transactions - Unsecured - Overnight - Borrowing - Financial corporations",,_Z,0
2021-12-21,481,EST.B.EU000A2X2A25.NT,B,EU000A2X2A25,NT,A,F,,,,,P1D,,,,"ESA 2010 Sectors: S.121, S.122, S.123, S.124, S.125, S.126, S.127, S.128, S.129",,0,,,,,S,"Euro short-term rate, Number of transactions","Euro short-term rate, Number of transactions - Unsecured - Overnight - Borrowing - Financial corporations",,_Z,0
2021-12-22,465,EST.B.EU000A2X2A25.NT,B,EU000A2X2A25,NT,A,F,,,,,P1D,,,,"ESA 2010 Sectors: S.121, S.122, S.123, S.124, S.125, S.126, S.127, S.128, S.129",,0,,,,,S,"Euro short-term rate, Number of transactions","Euro short-term rate, Number of transactions - Unsecured - Overnight - Borrowing - Financial corporations",,_Z,0
2021-12-23,382,EST.B.EU000A2X2A25.NT,B,EU000A2X2A25,NT,A,F,,,,,P1D,,,,"ESA 2010 Sectors: S.121, S.122, S.123, S.124, S.125, S.126, S.127, S.128, S.129",,0,,,,,S,"Euro short-term rate, Number of transactions","Euro short-term rate, Number of transactions - Unsecured - Overnight - Borrowing - Financial corporations",,_Z,0
2021-12-24,218,EST.B.EU000A2X2A25.NT,B,EU000A2X2A25,NT,A,F,,,,,P1D,,,,"ESA 2010 Sectors: S.121, S.122, S.123, S.124, S.125, S.126, S.127, S.128, S.129",,0,,,,,S,"Euro short-term rate, Number of transactions","Euro short-term rate, Number of transactions - Unsecured - Overnight - Borrowing - Financial corporations",,_Z,0
2021-12-27,322,EST.B.EU000A2X2A25.NT,B,EU000A2X2A25,NT,A,F,,,,,P1D,,,,"ESA 2010 Sectors: S.121, S.122, S.123, S.124, S.125, S.126, S.127, S.128, S.129",,0,,,,,S,"Euro short-term rate, Number of transactions","Euro short-term rate, Number of transactions - Unsecured - Overnight - Borrowing - Financial corporations",,_Z,0
2021-12-28,308,EST.B.EU000A2X2A25.NT,B,EU000A2X2A25,NT,A,F,,,,,P1D,,,,"ESA 2010 Sectors: S.121, S.122, S.123, S.124, S.125, S.126, S.127, S.128, S.129",,0,,,,,S,"Euro short-term rate, Number of transactions","Euro short-term rate, Number of transactions - Unsecured - Overnight - Borrowing - Financial corporations",,_Z,0
2021-12-29,470,EST.B.EU000A2X2A25.NT,B,EU000A2X2A25,NT,A,F,,,,,P1D,,,,"ESA 2010 Sectors: S.121, S.122, S.123, S.124, S.125, S.126, S.127, S.128, S.129",,0,,,,,S,"Euro short-term rate, Number of transactions","Euro short-term rate, Number of transactions - Unsecured - Overnight - Borrowing - Financial corporations",,_Z,0
2021-12-30,422,EST.B.EU000A2X2A25.NT,B,EU000A2X2A25,NT,A,F,,,,,P1D,,,,"ESA 2010 Sectors: S.121, S.122, S.123, S.124, S.125, S.126, S.127, S.128, S.129",,0,,,,,S,"Euro short-term rate, Number of transactions","Euro short-term rate, Number of transactions - Unsecured - Overnight - Borrowing - Financial corporations",,_Z,0
2021-12-31,104,EST.B.EU000A2X2A25.NT,B,EU000A2X2A25,NT,A,F,,,,,P1D,,,,"ESA 2010 Sectors: S.121, S.122, S.123, S.124, S.125, S.126, S.127, S.128, S.129",,0,,,,,S,"Euro short-term rate, Number of transactions","Euro short-term rate, Number of transactions - Unsecured - Overnight - Borrowing - Financial corporations",,_Z,0
2022-01-03,329,EST.B.EU000A2X2A25.NT,B,EU000A2X2A25,NT,A,F,,,,,P1D,,,,"ESA 2010 Sectors: S.121, S.122, S.123, S.124, S.125, S.126, S.127, S.128, S.129",,0,,,,,S,"Euro short-term rate, Number of transactions","Euro short-term rate, Number of transactions - Unsecured - Overnight - Borrowing - Financial corporations",,_Z,0
2022-01-04,521,EST.B.EU000A2X2A25.NT,B,EU000A2X2A25,NT,A,F,,,,,P1D,,,,"ESA 2010 Sectors: S.121, S.122, S.123, S.124, S.125, S.126, S.127, S.128, S.129",,0,,,,,S,"Euro short-term rate, Number of transactions","Euro short-term rate, Number of transactions - Unsecured - Overnight - Borrowing - Financial corporations",,_Z,0
2022-01-05,458,EST.B.EU000A2X2A25.NT,B,EU000A2X2A25,NT,A,F,,,,,P1D,,,,"ESA 2010 Sectors: S.121, S.122, S.123, S.124, S.125, S.126, S.127, S.128, S.129",,0,,,,,S,"Euro short-term rate, Number of transactions","Euro short-term rate, Number of transactions - Unsecured - Overnight - Borrowing - Financial corporations",,_Z,0
2022-01-06,479,EST.B.EU000A2X2A25.NT,B,EU000A2X2A25,NT,A,F,,,,,P1D,,,,"ESA 2010 Sectors: S.121, S.122, S.123, S.124, S.125, S.126, S.127, S.128, S.129",,0,,,,,S,"Euro short-term rate, Number of transactions","Euro short-term rate, Number of transactions - Unsecured - Overnight - Borrowing - Financial corporations",,_Z,0
2022-01-07,490,EST.B.EU000A2X2A25.NT,B,EU000A2X2A25,NT,A,F,,,,,P1D,,,,"ESA 2010 Sectors: S.121, S.122, S.123, S.124, S.125, S.126, S.127, S.128, S.129",,0,,,,,S,"Euro short-term rate, Number of transactions","Euro short-term rate, Number of transactions - Unsecured - Overnight - Borrowing - Financial corporations",,_Z,0
2022-01-10,513,EST.B.EU000A2X2A25.NT,B,EU000A2X2A25,NT,A,F,,,,,P1D,,,,"ESA 2010 Sectors: S.121, S.122, S.123, S.124, S.125, S.126, S.127, S.128, S.129",,0,,,,,S,"Euro short-term rate, Number of transactions","Euro short-term rate, Number of transactions - Unsecured - Overnight - Borrowing - Financial corporations",,_Z,0
2022-01-11,518,EST.B.EU000A2X2A25.NT,B,EU000A2X2A25,NT,A,F,,,,,P1D,,,,"ESA 2010 Sectors: S.121, S.122, S.123, S.124, S.125, S.126, S.127, S.128, S.129",,0,,,,,S,"Euro short-term rate, Number of transactions","Euro short-term rate, Number of transactions - Unsecured - Overnight - Borrowing - Financial corporations",,_Z,0
2022-01-12,516,EST.B.EU000A2X2A25.NT,B,EU000A2X2A25,NT,A,F,,,,,P1D,,,,"ESA 2010 Sectors: S.121, S.122, S.123, S.124, S.125, S.126, S.127, S.128, S.129",,0,,,,,S,"Euro short-term rate, Number of transactions","Euro short-term rate, Number of transactions - Unsecured - Overnight - Borrowing - Financial corporations",,_Z,0
2022-01-13,522,EST.B.EU000A2X2A25.NT,B,EU000A2X2A25,NT,A,F,,,,,P1D,,,,"ESA 2010 Sectors: S.121, S.122, S.123, S.124, S.125, S.126, S.127, S.128, S.129",,0,,,,,S,"Euro short-term rate, Number of transactions","Euro short-term rate, Number of transactions - Unsecured - Overnight - Borrowing - Financial corporations",,_Z,0
2022-01-14,544,EST.B.EU000A2X2A25.NT,B,EU000A2X2A25,NT,A,F,,,,,P1D,,,,"ESA 2010 Sectors: S.121, S.122, S.123, S.124, S.125, S.126, S.127, S.128, S.129",,0,,,,,S,"Euro short-term rate, Number of transactions","Euro short-term rate, Number of transactions - Unsecured - Overnight - Borrowing - Financial corporations",,_Z,0
2022-01-17,543,EST.B.EU000A2X2A25.NT,B,EU000A2X2A25,NT,A,F,,,,,P1D,,,,"ESA 2010 Sectors: S.121, S.122, S.123, S.124, S.125, S.126, S.127, S.128, S.129",,0,,,,,S,"Euro short-term rate, Number of transactions","Euro short-term rate, Number of transactions - Unsecured - Overnight - Borrowing - Financial corporations",,_Z,0
2022-01-18,515,EST.B.EU000A2X2A25.NT,B,EU000A2X2A25,NT,A,F,,,,,P1D,,,,"ESA 2010 Sectors: S.121, S.122, S.123, S.124, S.125, S.126, S.127, S.128, S.129",,0,,,,,S,"Euro short-term rate, Number of transactions","Euro short-term rate, Number of transactions - Unsecured - Overnight - Borrowing - Financial corporations",,_Z,0
2022-01-19,535,EST.B.EU000A2X2A25.NT,B,EU000A2X2A25,NT,A,F,,,,,P1D,,,,"ESA 2010 Sectors: S.121, S.122, S.123, S.124, S.125, S.126, S.127, S.128, S.129",,0,,,,,S,"Euro short-term rate, Number of transactions","Euro short-term rate, Number of transactions - Unsecured - Overnight - Borrowing - Financial corporations",,_Z,0
2022-01-20,526,EST.B.EU000A2X2A25.NT,B,EU000A2X2A25,NT,A,F,,,,,P1D,,,,"ESA 2010 Sectors: S.121, S.122, S.123, S.124, S.125, S.126, S.127, S.128, S.129",,0,,,,,S,"Euro short-term rate, Number of transactions","Euro short-term rate, Number of transactions - Unsecured - Overnight - Borrowing - Financial corporations",,_Z,0
2022-01-21,553,EST.B.EU000A2X2A25.NT,B,EU000A2X2A25,NT,A,F,,,,,P1D,,,,"ESA 2010 Sectors: S.121, S.122, S.123, S.124, S.125, S.126, S.127, S.128, S.129",,0,,,,,S,"Euro short-term rate, Number of transactions","Euro short-term rate, Number of transactions - Unsecured - Overnight - Borrowing - Financial corporations",,_Z,0
2022-01-24,503,EST.B.EU000A2X2A25.NT,B,EU000A2X2A25,NT,A,F,,,,,P1D,,,,"ESA 2010 Sectors: S.121, S.122, S.123, S.124, S.125, S.126, S.127, S.128, S.129",,0,,,,,S,"Euro short-term rate, Number of transactions","Euro short-term rate, Number of transactions - Unsecured - Overnight - Borrowing - Financial corporations",,_Z,0
2022-01-25,520,EST.B.EU000A2X2A25.NT,B,EU000A2X2A25,NT,A,F,,,,,P1D,,,,"ESA 2010 Sectors: S.121, S.122, S.123, S.124, S.125, S.126, S.127, S.128, S.129",,0,,,,,S,"Euro short-term rate, Number of transactions","Euro short-term rate, Number of transactions - Unsecured - Overnight - Borrowing - Financial corporations",,_Z,0
2022-01-26,553,EST.B.EU000A2X2A25.NT,B,EU000A2X2A25,NT,A,F,,,,,P1D,,,,"ESA 2010 Sectors: S.121, S.122, S.123, S.124, S.125, S.126, S.127, S.128, S.129",,0,,,,,S,"Euro short-term rate, Number of transactions","Euro short-term rate, Number of transactions - Unsecured - Overnight - Borrowing - Financial corporations",,_Z,0
2022-01-27,549,EST.B.EU000A2X2A25.NT,B,EU000A2X2A25,NT,A,F,,,,,P1D,,,,"ESA 2010 Sectors: S.121, S.122, S.123, S.124, S.125, S.126, S.127, S.128, S.129",,0,,,,,S,"Euro short-term rate, Number of transactions","Euro short-term rate, Number of transactions - Unsecured - Overnight - Borrowing - Financial corporations",,_Z,0
2022-01-28,557,EST.B.EU000A2X2A25.NT,B,EU000A2X2A25,NT,A,F,,,,,P1D,,,,"ESA 2010 Sectors: S.121, S.122, S.123, S.124, S.125, S.126, S.127, S.128, S.129",,0,,,,,S,"Euro short-term rate, Number of transactions","Euro short-term rate, Number of transactions - Unsecured - Overnight - Borrowing - Financial corporations",,_Z,0
2022-01-31,572,EST.B.EU000A2X2A25.NT,B,EU000A2X2A25,NT,A,F,,,,,P1D,,,,"ESA 2010 Sectors: S.121, S.122, S.123, S.124, S.125, S.126, S.127, S.128, S.129",,0,,,,,S,"Euro short-term rate, Number of transactions","Euro short-term rate, Number of transactions - Unsecured - Overnight - Borrowing - Financial corporations",,_Z,0
2022-02-01,557,EST.B.EU000A2X2A25.NT,B,EU000A2X2A25,NT,A,F,,,,,P1D,,,,"ESA 2010 Sectors: S.121, S.122, S.123, S.124, S.125, S.126, S.127, S.128, S.129",,0,,,,,S,"Euro short-term rate, Number of transactions","Euro short-term rate, Number of transactions - Unsecured - Overnight - Borrowing - Financial corporations",,_Z,0
2022-02-02,555,EST.B.EU000A2X2A25.NT,B,EU000A2X2A25,NT,A,F,,,,,P1D,,,,"ESA 2010 Sectors: S.121, S.122, S.123, S.124, S.125, S.126, S.127, S.128, S.129",,0,,,,,S,"Euro short-term rate, Number of transactions","Euro short-term rate, Number of transactions - Unsecured - Overnight - Borrowing - Financial corporations",,_Z,0
2022-02-03,541,EST.B.EU000A2X2A25.NT,B,EU000A2X2A25,NT,A,F,,,,,P1D,,,,"ESA 2010 Sectors: S.121, S.122, S.123, S.124, S.125, S.126, S.127, S.128, S.129",,0,,,,,S,"Euro short-term rate, Number of transactions","Euro short-term rate, Number of transactions - Unsecured - Overnight - Borrowing - Financial corporations",,_Z,0
2022-02-04,561,EST.B.EU000A2X2A25.NT,B,EU000A2X2A25,NT,A,F,,,,,P1D,,,,"ESA 2010 Sectors: S.121, S.122, S.123, S.124, S.125, S.126, S.127, S.128, S.129",,0,,,,,S,"Euro short-term rate, Number of transactions","Euro short-term rate, Number of transactions - Unsecured - Overnight - Borrowing - Financial corporations",,_Z,0
2022-02-07,552,EST.B.EU000A2X2A25.NT,B,EU000A2X2A25,NT,A,F,,,,,P1D,,,,"ESA 2010 Sectors: S.121, S.122, S.123, S.124, S.125, S.126, S.127, S.128, S.129",,0,,,,,S,"Euro short-term rate, Number of transactions","Euro short-term rate, Number of transactions - Unsecured - Overnight - Borrowing - Financial corporations",,_Z,0
2022-02-08,567,EST.B.EU000A2X2A25.NT,B,EU000A2X2A25,NT,A,F,,,,,P1D,,,,"ESA 2010 Sectors: S.121, S.122, S.123, S.124, S.125, S.126, S.127, S.128, S.129",,0,,,,,S,"Euro short-term rate, Number of transactions","Euro short-term rate, Number of transactions - Unsecured - Overnight - Borrowing - Financial corporations",,_Z,0
2022-02-09,558,EST.B.EU000A2X2A25.NT,B,EU000A2X2A25,NT,A,F,,,,,P1D,,,,"ESA 2010 Sectors: S.121, S.122, S.123, S.124, S.125, S.126, S.127, S.128, S.129",,0,,,,,S,"Euro short-term rate, Number of transactions","Euro short-term rate, Number of transactions - Unsecured - Overnight - Borrowing - Financial corporations",,_Z,0
2022-02-10,542,EST.B.EU000A2X2A25.NT,B,EU000A2X2A25,NT,A,F,,,,,P1D,,,,"ESA 2010 Sectors: S.121, S.122, S.123, S.124, S.125, S.126, S.127, S.128, S.129",,0,,,,,S,"Euro short-term rate, Number of transactions","Euro short-term rate, Number of transactions - Unsecured - Overnight - Borrowing - Financial corporations",,_Z,0
2022-02-11,557,EST.B.EU000A2X2A25.NT,B,EU000A2X2A25,NT,A,F,,,,,P1D,,,,"ESA 2010 Sectors: S.121, S.122, S.123, S.124, S.125, S.126, S.127, S.128, S.129",,0,,,,,S,"Euro short-term rate, Number of transactions","Euro short-term rate, Number of transactions - Unsecured - Overnight - Borrowing - Financial corporations",,_Z,0
2022-02-14,564,EST.B.EU000A2X2A25.NT,B,EU000A2X2A25,NT,A,F,,,,,P1D,,,,"ESA 2010 Sectors: S.121, S.122, S.123, S.124, S.125, S.126, S.127, S.128, S.129",,0,,,,,S,"Euro short-term rate, Number of transactions","Euro short-term rate, Number of transactions - Unsecured - Overnight - Borrowing - Financial corporations",,_Z,0
2022-02-15,560,EST.B.EU000A2X2A25.NT,B,EU000A2X2A25,NT,A,F,,,,,P1D,,,,"ESA 2010 Sectors: S.121, S.122, S.123, S.124, S.125, S.126, S.127, S.128, S.129",,0,,,,,S,"Euro short-term rate, Number of transactions","Euro short-term rate, Number of transactions - Unsecured - Overnight - Borrowing - Financial corporations",,_Z,0
2022-02-16,548,EST.B.EU000A2X2A25.NT,B,EU000A2X2A25,NT,A,F,,,,,P1D,,,,"ESA 2010 Sectors: S.121, S.122, S.123, S.124, S.125, S.126, S.127, S.128, S.129",,0,,,,,S,"Euro short-term rate, Number of transactions","Euro short-term rate, Number of transactions - Unsecured - Overnight - Borrowing - Financial corporations",,_Z,0
2022-02-17,548,EST.B.EU000A2X2A25.NT,B,EU000A2X2A25,NT,A,F,,,,,P1D,,,,"ESA 2010 Sectors: S.121, S.122, S.123, S.124, S.125, S.126, S.127, S.128, S.129",,0,,,,,S,"Euro short-term rate, Number of transactions","Euro short-term rate, Number of transactions - Unsecured - Overnight - Borrowing - Financial corporations",,_Z,0
2022-02-18,534,EST.B.EU000A2X2A25.NT,B,EU000A2X2A25,NT,A,F,,,,,P1D,,,,"ESA 2010 Sectors: S.121, S.122, S.123, S.124, S.125, S.126, S.127, S.128, S.129",,0,,,,,S,"Euro short-term rate, Number of transactions","Euro short-term rate, Number of transactions - Unsecured - Overnight - Borrowing - Financial corporations",,_Z,0
2022-02-21,551,EST.B.EU000A2X2A25.NT,B,EU000A2X2A25,NT,A,F,,,,,P1D,,,,"ESA 2010 Sectors: S.121, S.122, S.123, S.124, S.125, S.126, S.127, S.128, S.129",,0,,,,,S,"Euro short-term rate, Number of transactions","Euro short-term rate, Number of transactions - Unsecured - Overnight - Borrowing - Financial corporations",,_Z,0
2022-02-22,552,EST.B.EU000A2X2A25.NT,B,EU000A2X2A25,NT,A,F,,,,,P1D,,,,"ESA 2010 Sectors: S.121, S.122, S.123, S.124, S.125, S.126, S.127, S.128, S.129",,0,,,,,S,"Euro short-term rate, Number of transactions","Euro short-term rate, Number of transactions - Unsecured - Overnight - Borrowing - Financial corporations",,_Z,0
2022-02-23,550,EST.B.EU000A2X2A25.NT,B,EU000A2X2A25,NT,A,F,,,,,P1D,,,,"ESA 2010 Sectors: S.121, S.122, S.123, S.124, S.125, S.126, S.127, S.128, S.129",,0,,,,,S,"Euro short-term rate, Number of transactions","Euro short-term rate, Number of transactions - Unsecured - Overnight - Borrowing - Financial corporations",,_Z,0
2022-02-24,556,EST.B.EU000A2X2A25.NT,B,EU000A2X2A25,NT,A,F,,,,,P1D,,,,"ESA 2010 Sectors: S.121, S.122, S.123, S.124, S.125, S.126, S.127, S.128, S.129",,0,,,,,S,"Euro short-term rate, Number of transactions","Euro short-term rate, Number of transactions - Unsecured - Overnight - Borrowing - Financial corporations",,_Z,0
2022-02-25,555,EST.B.EU000A2X2A25.NT,B,EU000A2X2A25,NT,A,F,,,,,P1D,,,,"ESA 2010 Sectors: S.121, S.122, S.123, S.124, S.125, S.126, S.127, S.128, S.129",,0,,,,,S,"Euro short-term rate, Number of transactions","Euro short-term rate, Number of transactions - Unsecured - Overnight - Borrowing - Financial corporations",,_Z,0
2022-02-28,556,EST.B.EU000A2X2A25.NT,B,EU000A2X2A25,NT,A,F,,,,,P1D,,,,"ESA 2010 Sectors: S.121, S.122, S.123, S.124, S.125, S.126, S.127, S.128, S.129",,0,,,,,S,"Euro short-term rate, Number of transactions","Euro short-term rate, Number of transactions - Unsecured - Overnight - Borrowing - Financial corporations",,_Z,0
2022-03-01,556,EST.B.EU000A2X2A25.NT,B,EU000A2X2A25,NT,A,F,,,,,P1D,,,,"ESA 2010 Sectors: S.121, S.122, S.123, S.124, S.125, S.126, S.127, S.128, S.129",,0,,,,,S,"Euro short-term rate, Number of transactions","Euro short-term rate, Number of transactions - Unsecured - Overnight - Borrowing - Financial corporations",,_Z,0
2022-03-02,552,EST.B.EU000A2X2A25.NT,B,EU000A2X2A25,NT,A,F,,,,,P1D,,,,"ESA 2010 Sectors: S.121, S.122, S.123, S.124, S.125, S.126, S.127, S.128, S.129",,0,,,,,S,"Euro short-term rate, Number of transactions","Euro short-term rate, Number of transactions - Unsecured - Overnight - Borrowing - Financial corporations",,_Z,0
2022-03-03,559,EST.B.EU000A2X2A25.NT,B,EU000A2X2A25,NT,A,F,,,,,P1D,,,,"ESA 2010 Sectors: S.121, S.122, S.123, S.124, S.125, S.126, S.127, S.128, S.129",,0,,,,,S,"Euro short-term rate, Number of transactions","Euro short-term rate, Number of transactions - Unsecured - Overnight - Borrowing - Financial corporations",,_Z,0
2022-03-04,550,EST.B.EU000A2X2A25.NT,B,EU000A2X2A25,NT,A,F,,,,,P1D,,,,"ESA 2010 Sectors: S.121, S.122, S.123, S.124, S.125, S.126, S.127, S.128, S.129",,0,,,,,S,"Euro short-term rate, Number of transactions","Euro short-term rate, Number of transactions - Unsecured - Overnight - Borrowing - Financial corporations",,_Z,0
2022-03-07,584,EST.B.EU000A2X2A25.NT,B,EU000A2X2A25,NT,A,F,,,,,P1D,,,,"ESA 2010 Sectors: S.121, S.122, S.123, S.124, S.125, S.126, S.127, S.128, S.129",,0,,,,,S,"Euro short-term rate, Number of transactions","Euro short-term rate, Number of transactions - Unsecured - Overnight - Borrowing - Financial corporations",,_Z,0
2022-03-08,588,EST.B.EU000A2X2A25.NT,B,EU000A2X2A25,NT,A,F,,,,,P1D,,,,"ESA 2010 Sectors: S.121, S.122, S.123, S.124, S.125, S.126, S.127, S.128, S.129",,0,,,,,S,"Euro short-term rate, Number of transactions","Euro short-term rate, Number of transactions - Unsecured - Overnight - Borrowing - Financial corporations",,_Z,0
2022-03-09,593,EST.B.EU000A2X2A25.NT,B,EU000A2X2A25,NT,A,F,,,,,P1D,,,,"ESA 2010 Sectors: S.121, S.122, S.123, S.124, S.125, S.126, S.127, S.128, S.129",,0,,,,,S,"Euro short-term rate, Number of transactions","Euro short-term rate, Number of transactions - Unsecured - Overnight - Borrowing - Financial corporations",,_Z,0
2022-03-10,586,EST.B.EU000A2X2A25.NT,B,EU000A2X2A25,NT,A,F,,,,,P1D,,,,"ESA 2010 Sectors: S.121, S.122, S.123, S.124, S.125, S.126, S.127, S.128, S.129",,0,,,,,S,"Euro short-term rate, Number of transactions","Euro short-term rate, Number of transactions - Unsecured - Overnight - Borrowing - Financial corporations",,_Z,0
2022-03-11,565,EST.B.EU000A2X2A25.NT,B,EU000A2X2A25,NT,A,F,,,,,P1D,,,,"ESA 2010 Sectors: S.121, S.122, S.123, S.124, S.125, S.126, S.127, S.128, S.129",,0,,,,,S,"Euro short-term rate, Number of transactions","Euro short-term rate, Number of transactions - Unsecured - Overnight - Borrowing - Financial corporations",,_Z,0
2022-03-14,576,EST.B.EU000A2X2A25.NT,B,EU000A2X2A25,NT,A,F,,,,,P1D,,,,"ESA 2010 Sectors: S.121, S.122, S.123, S.124, S.125, S.126, S.127, S.128, S.129",,0,,,,,S,"Euro short-term rate, Number of transactions","Euro short-term rate, Number of transactions - Unsecured - Overnight - Borrowing - Financial corporations",,_Z,0
2022-03-15,583,EST.B.EU000A2X2A25.NT,B,EU000A2X2A25,NT,A,F,,,,,P1D,,,,"ESA 2010 Sectors: S.121, S.122, S.123, S.124, S.125, S.126, S.127, S.128, S.129",,0,,,,,S,"Euro short-term rate, Number of transactions","Euro short-term rate, Number of transactions - Unsecured - Overnight - Borrowing - Financial corporations",,_Z,0
2022-03-16,568,EST.B.EU000A2X2A25.NT,B,EU000A2X2A25,NT,A,F,,,,,P1D,,,,"ESA 2010 Sectors: S.121, S.122, S.123, S.124, S.125, S.126, S.127, S.128, S.129",,0,,,,,S,"Euro short-term rate, Number of transactions","Euro short-term rate, Number of transactions - Unsecured - Overnight - Borrowing - Financial corporations",,_Z,0
2022-03-17,545,EST.B.EU000A2X2A25.NT,B,EU000A2X2A25,NT,A,F,,,,,P1D,,,,"ESA 2010 Sectors: S.121, S.122, S.123, S.124, S.125, S.126, S.127, S.128, S.129",,0,,,,,S,"Euro short-term rate, Number of transactions","Euro short-term rate, Number of transactions - Unsecured - Overnight - Borrowing - Financial corporations",,_Z,0
2022-03-18,562,EST.B.EU000A2X2A25.NT,B,EU000A2X2A25,NT,A,F,,,,,P1D,,,,"ESA 2010 Sectors: S.121, S.122, S.123, S.124, S.125, S.126, S.127, S.128, S.129",,0,,,,,S,"Euro short-term rate, Number of transactions","Euro short-term rate, Number of transactions - Unsecured - Overnight - Borrowing - Financial corporations",,_Z,0
2022-03-21,571,EST.B.EU000A2X2A25.NT,B,EU000A2X2A25,NT,A,F,,,,,P1D,,,,"ESA 2010 Sectors: S.121, S.122, S.123, S.124, S.125, S.126, S.127, S.128, S.129",,0,,,,,S,"Euro short-term rate, Number of transactions","Euro short-term rate, Number of transactions - Unsecured - Overnight - Borrowing - Financial corporations",,_Z,0
2022-03-22,569,EST.B.EU000A2X2A25.NT,B,EU000A2X2A25,NT,A,F,,,,,P1D,,,,"ESA 2010 Sectors: S.121, S.122, S.123, S.124, S.125, S.126, S.127, S.128, S.129",,0,,,,,S,"Euro short-term rate, Number of transactions","Euro short-term rate, Number of transactions - Unsecured - Overnight - Borrowing - Financial corporations",,_Z,0
2022-03-23,567,EST.B.EU000A2X2A25.NT,B,EU000A2X2A25,NT,A,F,,,,,P1D,,,,"ESA 2010 Sectors: S.121, S.122, S.123, S.124, S.125, S.126, S.127, S.128, S.129",,0,,,,,S,"Euro short-term rate, Number of transactions","Euro short-term rate, Number of transactions - Unsecured - Overnight - Borrowing - Financial corporations",,_Z,0
2022-03-24,547,EST.B.EU000A2X2A25.NT,B,EU000A2X2A25,NT,A,F,,,,,P1D,,,,"ESA 2010 Sectors: S.121, S.122, S.123, S.124, S.125, S.126, S.127, S.128, S.129",,0,,,,,S,"Euro short-term rate, Number of transactions","Euro short-term rate, Number of transactions - Unsecured - Overnight - Borrowing - Financial corporations",,_Z,0
2022-03-25,552,EST.B.EU000A2X2A25.NT,B,EU000A2X2A25,NT,A,F,,,,,P1D,,,,"ESA 2010 Sectors: S.121, S.122, S.123, S.124, S.125, S.126, S.127, S.128, S.129",,0,,,,,S,"Euro short-term rate, Number of transactions","Euro short-term rate, Number of transactions - Unsecured - Overnight - Borrowing - Financial corporations",,_Z,0
2022-03-28,551,EST.B.EU000A2X2A25.NT,B,EU000A2X2A25,NT,A,F,,,,,P1D,,,,"ESA 2010 Sectors: S.121, S.122, S.123, S.124, S.125, S.126, S.127, S.128, S.129",,0,,,,,S,"Euro short-term rate, Number of transactions","Euro short-term rate, Number of transactions - Unsecured - Overnight - Borrowing - Financial corporations",,_Z,0
2022-03-29,552,EST.B.EU000A2X2A25.NT,B,EU000A2X2A25,NT,A,F,,,,,P1D,,,,"ESA 2010 Sectors: S.121, S.122, S.123, S.124, S.125, S.126, S.127, S.128, S.129",,0,,,,,S,"Euro short-term rate, Number of transactions","Euro short-term rate, Number of transactions - Unsecured - Overnight - Borrowing - Financial corporations",,_Z,0
2022-03-30,544,EST.B.EU000A2X2A25.NT,B,EU000A2X2A25,NT,A,F,,,,,P1D,,,,"ESA 2010 Sectors: S.121, S.122, S.123, S.124, S.125, S.126, S.127, S.128, S.129",,0,,,,,S,"Euro short-term rate, Number of transactions","Euro short-term rate, Number of transactions - Unsecured - Overnight - Borrowing - Financial corporations",,_Z,0
2022-03-31,566,EST.B.EU000A2X2A25.NT,B,EU000A2X2A25,NT,A,F,,,,,P1D,,,,"ESA 2010 Sectors: S.121, S.122, S.123, S.124, S.125, S.126, S.127, S.128, S.129",,0,,,,,S,"Euro short-term rate, Number of transactions","Euro short-term rate, Number of transactions - Unsecured - Overnight - Borrowing - Financial corporations",,_Z,0
2022-04-01,518,EST.B.EU000A2X2A25.NT,B,EU000A2X2A25,NT,A,F,,,,,P1D,,,,"ESA 2010 Sectors: S.121, S.122, S.123, S.124, S.125, S.126, S.127, S.128, S.129",,0,,,,,S,"Euro short-term rate, Number of transactions","Euro short-term rate, Number of transactions - Unsecured - Overnight - Borrowing - Financial corporations",,_Z,0
2022-04-04,536,EST.B.EU000A2X2A25.NT,B,EU000A2X2A25,NT,A,F,,,,,P1D,,,,"ESA 2010 Sectors: S.121, S.122, S.123, S.124, S.125, S.126, S.127, S.128, S.129",,0,,,,,S,"Euro short-term rate, Number of transactions","Euro short-term rate, Number of transactions - Unsecured - Overnight - Borrowing - Financial corporations",,_Z,0
2022-04-05,507,EST.B.EU000A2X2A25.NT,B,EU000A2X2A25,NT,A,F,,,,,P1D,,,,"ESA 2010 Sectors: S.121, S.122, S.123, S.124, S.125, S.126, S.127, S.128, S.129",,0,,,,,S,"Euro short-term rate, Number of transactions","Euro short-term rate, Number of transactions - Unsecured - Overnight - Borrowing - Financial corporations",,_Z,0
2022-04-06,528,EST.B.EU000A2X2A25.NT,B,EU000A2X2A25,NT,A,F,,,,,P1D,,,,"ESA 2010 Sectors: S.121, S.122, S.123, S.124, S.125, S.126, S.127, S.128, S.129",,0,,,,,S,"Euro short-term rate, Number of transactions","Euro short-term rate, Number of transactions - Unsecured - Overnight - Borrowing - Financial corporations",,_Z,0
2022-04-07,523,EST.B.EU000A2X2A25.NT,B,EU000A2X2A25,NT,A,F,,,,,P1D,,,,"ESA 2010 Sectors: S.121, S.122, S.123, S.124, S.125, S.126, S.127, S.128, S.129",,0,,,,,S,"Euro short-term rate, Number of transactions","Euro short-term rate, Number of transactions - Unsecured - Overnight - Borrowing - Financial corporations",,_Z,0
2022-04-08,529,EST.B.EU000A2X2A25.NT,B,EU000A2X2A25,NT,A,F,,,,,P1D,,,,"ESA 2010 Sectors: S.121, S.122, S.123, S.124, S.125, S.126, S.127, S.128, S.129",,0,,,,,S,"Euro short-term rate, Number of transactions","Euro short-term rate, Number of transactions - Unsecured - Overnight - Borrowing - Financial corporations",,_Z,0
2022-04-11,529,EST.B.EU000A2X2A25.NT,B,EU000A2X2A25,NT,A,F,,,,,P1D,,,,"ESA 2010 Sectors: S.121, S.122, S.123, S.124, S.125, S.126, S.127, S.128, S.129",,0,,,,,S,"Euro short-term rate, Number of transactions","Euro short-term rate, Number of transactions - Unsecured - Overnight - Borrowing - Financial corporations",,_Z,0
2022-04-12,526,EST.B.EU000A2X2A25.NT,B,EU000A2X2A25,NT,A,F,,,,,P1D,,,,"ESA 2010 Sectors: S.121, S.122, S.123, S.124, S.125, S.126, S.127, S.128, S.129",,0,,,,,S,"Euro short-term rate, Number of transactions","Euro short-term rate, Number of transactions - Unsecured - Overnight - Borrowing - Financial corporations",,_Z,0
2022-04-13,523,EST.B.EU000A2X2A25.NT,B,EU000A2X2A25,NT,A,F,,,,,P1D,,,,"ESA 2010 Sectors: S.121, S.122, S.123, S.124, S.125, S.126, S.127, S.128, S.129",,0,,,,,S,"Euro short-term rate, Number of transactions","Euro short-term rate, Number of transactions - Unsecured - Overnight - Borrowing - Financial corporations",,_Z,0
2022-04-14,546,EST.B.EU000A2X2A25.NT,B,EU000A2X2A25,NT,A,F,,,,,P1D,,,,"ESA 2010 Sectors: S.121, S.122, S.123, S.124, S.125, S.126, S.127, S.128, S.129",,0,,,,,S,"Euro short-term rate, Number of transactions","Euro short-term rate, Number of transactions - Unsecured - Overnight - Borrowing - Financial corporations",,_Z,0
2022-04-19,568,EST.B.EU000A2X2A25.NT,B,EU000A2X2A25,NT,A,F,,,,,P1D,,,,"ESA 2010 Sectors: S.121, S.122, S.123, S.124, S.125, S.126, S.127, S.128, S.129",,0,,,,,S,"Euro short-term rate, Number of transactions","Euro short-term rate, Number of transactions - Unsecured - Overnight - Borrowing - Financial corporations",,_Z,0
2022-04-20,552,EST.B.EU000A2X2A25.NT,B,EU000A2X2A25,NT,A,F,,,,,P1D,,,,"ESA 2010 Sectors: S.121, S.122, S.123, S.124, S.125, S.126, S.127, S.128, S.129",,0,,,,,S,"Euro short-term rate, Number of transactions","Euro short-term rate, Number of transactions - Unsecured - Overnight - Borrowing - Financial corporations",,_Z,0
2022-04-21,541,EST.B.EU000A2X2A25.NT,B,EU000A2X2A25,NT,A,F,,,,,P1D,,,,"ESA 2010 Sectors: S.121, S.122, S.123, S.124, S.125, S.126, S.127, S.128, S.129",,0,,,,,S,"Euro short-term rate, Number of transactions","Euro short-term rate, Number of transactions - Unsecured - Overnight - Borrowing - Financial corporations",,_Z,0
2022-04-22,539,EST.B.EU000A2X2A25.NT,B,EU000A2X2A25,NT,A,F,,,,,P1D,,,,"ESA 2010 Sectors: S.121, S.122, S.123, S.124, S.125, S.126, S.127, S.128, S.129",,0,,,,,S,"Euro short-term rate, Number of transactions","Euro short-term rate, Number of transactions - Unsecured - Overnight - Borrowing - Financial corporations",,_Z,0
2022-04-25,546,EST.B.EU000A2X2A25.NT,B,EU000A2X2A25,NT,A,F,,,,,P1D,,,,"ESA 2010 Sectors: S.121, S.122, S.123, S.124, S.125, S.126, S.127, S.128, S.129",,0,,,,,S,"Euro short-term rate, Number of transactions","Euro short-term rate, Number of transactions - Unsecured - Overnight - Borrowing - Financial corporations",,_Z,0
2022-04-26,553,EST.B.EU000A2X2A25.NT,B,EU000A2X2A25,NT,A,F,,,,,P1D,,,,"ESA 2010 Sectors: S.121, S.122, S.123, S.124, S.125, S.126, S.127, S.128, S.129",,0,,,,,S,"Euro short-term rate, Number of transactions","Euro short-term rate, Number of transactions - Unsecured - Overnight - Borrowing - Financial corporations",,_Z,0
2022-04-27,548,EST.B.EU000A2X2A25.NT,B,EU000A2X2A25,NT,A,F,,,,,P1D,,,,"ESA 2010 Sectors: S.121, S.122, S.123, S.124, S.125, S.126, S.127, S.128, S.129",,0,,,,,S,"Euro short-term rate, Number of transactions","Euro short-term rate, Number of transactions - Unsecured - Overnight - Borrowing - Financial corporations",,_Z,0
2022-04-28,546,EST.B.EU000A2X2A25.NT,B,EU000A2X2A25,NT,A,F,,,,,P1D,,,,"ESA 2010 Sectors: S.121, S.122, S.123, S.124, S.125, S.126, S.127, S.128, S.129",,0,,,,,S,"Euro short-term rate, Number of transactions","Euro short-term rate, Number of transactions - Unsecured - Overnight - Borrowing - Financial corporations",,_Z,0
2022-04-29,387,EST.B.EU000A2X2A25.NT,B,EU000A2X2A25,NT,A,F,,,,,P1D,,,,"ESA 2010 Sectors: S.121, S.122, S.123, S.124, S.125, S.126, S.127, S.128, S.129",,0,,,,,S,"Euro short-term rate, Number of transactions","Euro short-term rate, Number of transactions - Unsecured - Overnight - Borrowing - Financial corporations",,_Z,0
2022-05-02,376,EST.B.EU000A2X2A25.NT,B,EU000A2X2A25,NT,A,F,,,,,P1D,,,,"ESA 2010 Sectors: S.121, S.122, S.123, S.124, S.125, S.126, S.127, S.128, S.129",,0,,,,,S,"Euro short-term rate, Number of transactions","Euro short-term rate, Number of transactions - Unsecured - Overnight - Borrowing - Financial corporations",,_Z,0
2022-05-03,448,EST.B.EU000A2X2A25.NT,B,EU000A2X2A25,NT,A,F,,,,,P1D,,,,"ESA 2010 Sectors: S.121, S.122, S.123, S.124, S.125, S.126, S.127, S.128, S.129",,0,,,,,S,"Euro short-term rate, Number of transactions","Euro short-term rate, Number of transactions - Unsecured - Overnight - Borrowing - Financial corporations",,_Z,0
2022-05-04,581,EST.B.EU000A2X2A25.NT,B,EU000A2X2A25,NT,A,F,,,,,P1D,,,,"ESA 2010 Sectors: S.121, S.122, S.123, S.124, S.125, S.126, S.127, S.128, S.129",,0,,,,,S,"Euro short-term rate, Number of transactions","Euro short-term rate, Number of transactions - Unsecured - Overnight - Borrowing - Financial corporations",,_Z,0
2022-05-05,564,EST.B.EU000A2X2A25.NT,B,EU000A2X2A25,NT,A,F,,,,,P1D,,,,"ESA 2010 Sectors: S.121, S.122, S.123, S.124, S.125, S.126, S.127, S.128, S.129",,0,,,,,S,"Euro short-term rate, Number of transactions","Euro short-term rate, Number of transactions - Unsecured - Overnight - Borrowing - Financial corporations",,_Z,0
2022-05-06,556,EST.B.EU000A2X2A25.NT,B,EU000A2X2A25,NT,A,F,,,,,P1D,,,,"ESA 2010 Sectors: S.121, S.122, S.123, S.124, S.125, S.126, S.127, S.128, S.129",,0,,,,,S,"Euro short-term rate, Number of transactions","Euro short-term rate, Number of transactions - Unsecured - Overnight - Borrowing - Financial corporations",,_Z,0
2022-05-09,569,EST.B.EU000A2X2A25.NT,B,EU000A2X2A25,NT,A,F,,,,,P1D,,,,"ESA 2010 Sectors: S.121, S.122, S.123, S.124, S.125, S.126, S.127, S.128, S.129",,0,,,,,S,"Euro short-term rate, Number of transactions","Euro short-term rate, Number of transactions - Unsecured - Overnight - Borrowing - Financial corporations",,_Z,0
2022-05-10,584,EST.B.EU000A2X2A25.NT,B,EU000A2X2A25,NT,A,F,,,,,P1D,,,,"ESA 2010 Sectors: S.121, S.122, S.123, S.124, S.125, S.126, S.127, S.128, S.129",,0,,,,,S,"Euro short-term rate, Number of transactions","Euro short-term rate, Number of transactions - Unsecured - Overnight - Borrowing - Financial corporations",,_Z,0
2022-05-11,604,EST.B.EU000A2X2A25.NT,B,EU000A2X2A25,NT,A,F,,,,,P1D,,,,"ESA 2010 Sectors: S.121, S.122, S.123, S.124, S.125, S.126, S.127, S.128, S.129",,0,,,,,S,"Euro short-term rate, Number of transactions","Euro short-term rate, Number of transactions - Unsecured - Overnight - Borrowing - Financial corporations",,_Z,0
2022-05-12,581,EST.B.EU000A2X2A25.NT,B,EU000A2X2A25,NT,A,F,,,,,P1D,,,,"ESA 2010 Sectors: S.121, S.122, S.123, S.124, S.125, S.126, S.127, S.128, S.129",,0,,,,,S,"Euro short-term rate, Number of transactions","Euro short-term rate, Number of transactions - Unsecured - Overnight - Borrowing - Financial corporations",,_Z,0
2022-05-13,584,EST.B.EU000A2X2A25.NT,B,EU000A2X2A25,NT,A,F,,,,,P1D,,,,"ESA 2010 Sectors: S.121, S.122, S.123, S.124, S.125, S.126, S.127, S.128, S.129",,0,,,,,S,"Euro short-term rate, Number of transactions","Euro short-term rate, Number of transactions - Unsecured - Overnight - Borrowing - Financial corporations",,_Z,0
2022-05-16,584,EST.B.EU000A2X2A25.NT,B,EU000A2X2A25,NT,A,F,,,,,P1D,,,,"ESA 2010 Sectors: S.121, S.122, S.123, S.124, S.125, S.126, S.127, S.128, S.129",,0,,,,,S,"Euro short-term rate, Number of transactions","Euro short-term rate, Number of transactions - Unsecured - Overnight - Borrowing - Financial corporations",,_Z,0
2022-05-17,586,EST.B.EU000A2X2A25.NT,B,EU000A2X2A25,NT,A,F,,,,,P1D,,,,"ESA 2010 Sectors: S.121, S.122, S.123, S.124, S.125, S.126, S.127, S.128, S.129",,0,,,,,S,"Euro short-term rate, Number of transactions","Euro short-term rate, Number of transactions - Unsecured - Overnight - Borrowing - Financial corporations",,_Z,0
2022-05-18,600,EST.B.EU000A2X2A25.NT,B,EU000A2X2A25,NT,A,F,,,,,P1D,,,,"ESA 2010 Sectors: S.121, S.122, S.123, S.124, S.125, S.126, S.127, S.128, S.129",,0,,,,,S,"Euro short-term rate, Number of transactions","Euro short-term rate, Number of transactions - Unsecured - Overnight - Borrowing - Financial corporations",,_Z,0
2022-05-19,577,EST.B.EU000A2X2A25.NT,B,EU000A2X2A25,NT,A,F,,,,,P1D,,,,"ESA 2010 Sectors: S.121, S.122, S.123, S.124, S.125, S.126, S.127, S.128, S.129",,0,,,,,S,"Euro short-term rate, Number of transactions","Euro short-term rate, Number of transactions - Unsecured - Overnight - Borrowing - Financial corporations",,_Z,0
2022-05-20,573,EST.B.EU000A2X2A25.NT,B,EU000A2X2A25,NT,A,F,,,,,P1D,,,,"ESA 2010 Sectors: S.121, S.122, S.123, S.124, S.125, S.126, S.127, S.128, S.129",,0,,,,,S,"Euro short-term rate, Number of transactions","Euro short-term rate, Number of transactions - Unsecured - Overnight - Borrowing - Financial corporations",,_Z,0
2022-05-23,588,EST.B.EU000A2X2A25.NT,B,EU000A2X2A25,NT,A,F,,,,,P1D,,,,"ESA 2010 Sectors: S.121, S.122, S.123, S.124, S.125, S.126, S.127, S.128, S.129",,0,,,,,S,"Euro short-term rate, Number of transactions","Euro short-term rate, Number of transactions - Unsecured - Overnight - Borrowing - Financial corporations",,_Z,0
2022-05-24,549,EST.B.EU000A2X2A25.NT,B,EU000A2X2A25,NT,A,F,,,,,P1D,,,,"ESA 2010 Sectors: S.121, S.122, S.123, S.124, S.125, S.126, S.127, S.128, S.129",,0,,,,,S,"Euro short-term rate, Number of transactions","Euro short-term rate, Number of transactions - Unsecured - Overnight - Borrowing - Financial corporations",,_Z,0
2022-05-25,441,EST.B.EU000A2X2A25.NT,B,EU000A2X2A25,NT,A,F,,,,,P1D,,,,"ESA 2010 Sectors: S.121, S.122, S.123, S.124, S.125, S.126, S.127, S.128, S.129",,0,,,,,S,"Euro short-term rate, Number of transactions","Euro short-term rate, Number of transactions - Unsecured - Overnight - Borrowing - Financial corporations",,_Z,0
2022-05-26,253,EST.B.EU000A2X2A25.NT,B,EU000A2X2A25,NT,A,F,,,,,P1D,,,,"ESA 2010 Sectors: S.121, S.122, S.123, S.124, S.125, S.126, S.127, S.128, S.129",,0,,,,,S,"Euro short-term rate, Number of transactions","Euro short-term rate, Number of transactions - Unsecured - Overnight - Borrowing - Financial corporations",,_Z,0
2022-05-27,571,EST.B.EU000A2X2A25.NT,B,EU000A2X2A25,NT,A,F,,,,,P1D,,,,"ESA 2010 Sectors: S.121, S.122, S.123, S.124, S.125, S.126, S.127, S.128, S.129",,0,,,,,S,"Euro short-term rate, Number of transactions","Euro short-term rate, Number of transactions - Unsecured - Overnight - Borrowing - Financial corporations",,_Z,0
2022-05-30,574,EST.B.EU000A2X2A25.NT,B,EU000A2X2A25,NT,A,F,,,,,P1D,,,,"ESA 2010 Sectors: S.121, S.122, S.123, S.124, S.125, S.126, S.127, S.128, S.129",,0,,,,,S,"Euro short-term rate, Number of transactions","Euro short-term rate, Number of transactions - Unsecured - Overnight - Borrowing - Financial corporations",,_Z,0
2022-05-31,564,EST.B.EU000A2X2A25.NT,B,EU000A2X2A25,NT,A,F,,,,,P1D,,,,"ESA 2010 Sectors: S.121, S.122, S.123, S.124, S.125, S.126, S.127, S.128, S.129",,0,,,,,S,"Euro short-term rate, Number of transactions","Euro short-term rate, Number of transactions - Unsecured - Overnight - Borrowing - Financial corporations",,_Z,0
2022-06-01,482,EST.B.EU000A2X2A25.NT,B,EU000A2X2A25,NT,A,F,,,,,P1D,,,,"ESA 2010 Sectors: S.121, S.122, S.123, S.124, S.125, S.126, S.127, S.128, S.129",,0,,,,,S,"Euro short-term rate, Number of transactions","Euro short-term rate, Number of transactions - Unsecured - Overnight - Borrowing - Financial corporations",,_Z,0
2022-06-02,457,EST.B.EU000A2X2A25.NT,B,EU000A2X2A25,NT,A,F,,,,,P1D,,,,"ESA 2010 Sectors: S.121, S.122, S.123, S.124, S.125, S.126, S.127, S.128, S.129",,0,,,,,S,"Euro short-term rate, Number of transactions","Euro short-term rate, Number of transactions - Unsecured - Overnight - Borrowing - Financial corporations",,_Z,0
2022-06-03,339,EST.B.EU000A2X2A25.NT,B,EU000A2X2A25,NT,A,F,,,,,P1D,,,,"ESA 2010 Sectors: S.121, S.122, S.123, S.124, S.125, S.126, S.127, S.128, S.129",,0,,,,,S,"Euro short-term rate, Number of transactions","Euro short-term rate, Number of transactions - Unsecured - Overnight - Borrowing - Financial corporations",,_Z,0
2022-06-06,266,EST.B.EU000A2X2A25.NT,B,EU000A2X2A25,NT,A,F,,,,,P1D,,,,"ESA 2010 Sectors: S.121, S.122, S.123, S.124, S.125, S.126, S.127, S.128, S.129",,0,,,,,S,"Euro short-term rate, Number of transactions","Euro short-term rate, Number of transactions - Unsecured - Overnight - Borrowing - Financial corporations",,_Z,0
2022-06-07,558,EST.B.EU000A2X2A25.NT,B,EU000A2X2A25,NT,A,F,,,,,P1D,,,,"ESA 2010 Sectors: S.121, S.122, S.123, S.124, S.125, S.126, S.127, S.128, S.129",,0,,,,,S,"Euro short-term rate, Number of transactions","Euro short-term rate, Number of transactions - Unsecured - Overnight - Borrowing - Financial corporations",,_Z,0
2022-06-08,563,EST.B.EU000A2X2A25.NT,B,EU000A2X2A25,NT,A,F,,,,,P1D,,,,"ESA 2010 Sectors: S.121, S.122, S.123, S.124, S.125, S.126, S.127, S.128, S.129",,0,,,,,S,"Euro short-term rate, Number of transactions","Euro short-term rate, Number of transactions - Unsecured - Overnight - Borrowing - Financial corporations",,_Z,0
2022-06-09,571,EST.B.EU000A2X2A25.NT,B,EU000A2X2A25,NT,A,F,,,,,P1D,,,,"ESA 2010 Sectors: S.121, S.122, S.123, S.124, S.125, S.126, S.127, S.128, S.129",,0,,,,,S,"Euro short-term rate, Number of transactions","Euro short-term rate, Number of transactions - Unsecured - Overnight - Borrowing - Financial corporations",,_Z,0
2022-06-10,568,EST.B.EU000A2X2A25.NT,B,EU000A2X2A25,NT,A,F,,,,,P1D,,,,"ESA 2010 Sectors: S.121, S.122, S.123, S.124, S.125, S.126, S.127, S.128, S.129",,0,,,,,S,"Euro short-term rate, Number of transactions","Euro short-term rate, Number of transactions - Unsecured - Overnight - Borrowing - Financial corporations",,_Z,0
2022-06-13,581,EST.B.EU000A2X2A25.NT,B,EU000A2X2A25,NT,A,F,,,,,P1D,,,,"ESA 2010 Sectors: S.121, S.122, S.123, S.124, S.125, S.126, S.127, S.128, S.129",,0,,,,,S,"Euro short-term rate, Number of transactions","Euro short-term rate, Number of transactions - Unsecured - Overnight - Borrowing - Financial corporations",,_Z,0
2022-06-14,583,EST.B.EU000A2X2A25.NT,B,EU000A2X2A25,NT,A,F,,,,,P1D,,,,"ESA 2010 Sectors: S.121, S.122, S.123, S.124, S.125, S.126, S.127, S.128, S.129",,0,,,,,S,"Euro short-term rate, Number of transactions","Euro short-term rate, Number of transactions - Unsecured - Overnight - Borrowing - Financial corporations",,_Z,0
2022-06-15,504,EST.B.EU000A2X2A25.NT,B,EU000A2X2A25,NT,A,F,,,,,P1D,,,,"ESA 2010 Sectors: S.121, S.122, S.123, S.124, S.125, S.126, S.127, S.128, S.129",,0,,,,,S,"Euro short-term rate, Number of transactions","Euro short-term rate, Number of transactions - Unsecured - Overnight - Borrowing - Financial corporations",,_Z,0
2022-06-16,310,EST.B.EU000A2X2A25.NT,B,EU000A2X2A25,NT,A,F,,,,,P1D,,,,"ESA 2010 Sectors: S.121, S.122, S.123, S.124, S.125, S.126, S.127, S.128, S.129",,0,,,,,S,"Euro short-term rate, Number of transactions","Euro short-term rate, Number of transactions - Unsecured - Overnight - Borrowing - Financial corporations",,_Z,0
2022-06-17,578,EST.B.EU000A2X2A25.NT,B,EU000A2X2A25,NT,A,F,,,,,P1D,,,,"ESA 2010 Sectors: S.121, S.122, S.123, S.124, S.125, S.126, S.127, S.128, S.129",,0,,,,,S,"Euro short-term rate, Number of transactions","Euro short-term rate, Number of transactions - Unsecured - Overnight - Borrowing - Financial corporations",,_Z,0
2022-06-20,591,EST.B.EU000A2X2A25.NT,B,EU000A2X2A25,NT,A,F,,,,,P1D,,,,"ESA 2010 Sectors: S.121, S.122, S.123, S.124, S.125, S.126, S.127, S.128, S.129",,0,,,,,S,"Euro short-term rate, Number of transactions","Euro short-term rate, Number of transactions - Unsecured - Overnight - Borrowing - Financial corporations",,_Z,0
2022-06-21,572,EST.B.EU000A2X2A25.NT,B,EU000A2X2A25,NT,A,F,,,,,P1D,,,,"ESA 2010 Sectors: S.121, S.122, S.123, S.124, S.125, S.126, S.127, S.128, S.129",,0,,,,,S,"Euro short-term rate, Number of transactions","Euro short-term rate, Number of transactions - Unsecured - Overnight - Borrowing - Financial corporations",,_Z,0
2022-06-22,561,EST.B.EU000A2X2A25.NT,B,EU000A2X2A25,NT,A,F,,,,,P1D,,,,"ESA 2010 Sectors: S.121, S.122, S.123, S.124, S.125, S.126, S.127, S.128, S.129",,0,,,,,S,"Euro short-term rate, Number of transactions","Euro short-term rate, Number of transactions - Unsecured - Overnight - Borrowing - Financial corporations",,_Z,0
2022-06-23,509,EST.B.EU000A2X2A25.NT,B,EU000A2X2A25,NT,A,F,,,,,P1D,,,,"ESA 2010 Sectors: S.121, S.122, S.123, S.124, S.125, S.126, S.127, S.128, S.129",,0,,,,,S,"Euro short-term rate, Number of transactions","Euro short-term rate, Number of transactions - Unsecured - Overnight - Borrowing - Financial corporations",,_Z,0
2022-06-24,510,EST.B.EU000A2X2A25.NT,B,EU000A2X2A25,NT,A,F,,,,,P1D,,,,"ESA 2010 Sectors: S.121, S.122, S.123, S.124, S.125, S.126, S.127, S.128, S.129",,0,,,,,S,"Euro short-term rate, Number of transactions","Euro short-term rate, Number of transactions - Unsecured - Overnight - Borrowing - Financial corporations",,_Z,0
2022-06-27,528,EST.B.EU000A2X2A25.NT,B,EU000A2X2A25,NT,A,F,,,,,P1D,,,,"ESA 2010 Sectors: S.121, S.122, S.123, S.124, S.125, S.126, S.127, S.128, S.129",,0,,,,,S,"Euro short-term rate, Number of transactions","Euro short-term rate, Number of transactions - Unsecured - Overnight - Borrowing - Financial corporations",,_Z,0
2022-06-28,535,EST.B.EU000A2X2A25.NT,B,EU000A2X2A25,NT,A,F,,,,,P1D,,,,"ESA 2010 Sectors: S.121, S.122, S.123, S.124, S.125, S.126, S.127, S.128, S.129",,0,,,,,S,"Euro short-term rate, Number of transactions","Euro short-term rate, Number of transactions - Unsecured - Overnight - Borrowing - Financial corporations",,_Z,0
2022-06-29,524,EST.B.EU000A2X2A25.NT,B,EU000A2X2A25,NT,A,F,,,,,P1D,,,,"ESA 2010 Sectors: S.121, S.122, S.123, S.124, S.125, S.126, S.127, S.128, S.129",,0,,,,,S,"Euro short-term rate, Number of transactions","Euro short-term rate, Number of transactions - Unsecured - Overnight - Borrowing - Financial corporations",,_Z,0
2022-06-30,539,EST.B.EU000A2X2A25.NT,B,EU000A2X2A25,NT,A,F,,,,,P1D,,,,"ESA 2010 Sectors: S.121, S.122, S.123, S.124, S.125, S.126, S.127, S.128, S.129",,0,,,,,S,"Euro short-term rate, Number of transactions","Euro short-term rate, Number of transactions - Unsecured - Overnight - Borrowing - Financial corporations",,_Z,0
2022-07-01,552,EST.B.EU000A2X2A25.NT,B,EU000A2X2A25,NT,A,F,,,,,P1D,,,,"ESA 2010 Sectors: S.121, S.122, S.123, S.124, S.125, S.126, S.127, S.128, S.129",,0,,,,,S,"Euro short-term rate, Number of transactions","Euro short-term rate, Number of transactions - Unsecured - Overnight - Borrowing - Financial corporations",,_Z,0
2022-07-04,561,EST.B.EU000A2X2A25.NT,B,EU000A2X2A25,NT,A,F,,,,,P1D,,,,"ESA 2010 Sectors: S.121, S.122, S.123, S.124, S.125, S.126, S.127, S.128, S.129",,0,,,,,S,"Euro short-term rate, Number of transactions","Euro short-term rate, Number of transactions - Unsecured - Overnight - Borrowing - Financial corporations",,_Z,0
2022-07-05,562,EST.B.EU000A2X2A25.NT,B,EU000A2X2A25,NT,A,F,,,,,P1D,,,,"ESA 2010 Sectors: S.121, S.122, S.123, S.124, S.125, S.126, S.127, S.128, S.129",,0,,,,,S,"Euro short-term rate, Number of transactions","Euro short-term rate, Number of transactions - Unsecured - Overnight - Borrowing - Financial corporations",,_Z,0
2022-07-06,559,EST.B.EU000A2X2A25.NT,B,EU000A2X2A25,NT,A,F,,,,,P1D,,,,"ESA 2010 Sectors: S.121, S.122, S.123, S.124, S.125, S.126, S.127, S.128, S.129",,0,,,,,S,"Euro short-term rate, Number of transactions","Euro short-term rate, Number of transactions - Unsecured - Overnight - Borrowing - Financial corporations",,_Z,0
2022-07-07,549,EST.B.EU000A2X2A25.NT,B,EU000A2X2A25,NT,A,F,,,,,P1D,,,,"ESA 2010 Sectors: S.121, S.122, S.123, S.124, S.125, S.126, S.127, S.128, S.129",,0,,,,,S,"Euro short-term rate, Number of transactions","Euro short-term rate, Number of transactions - Unsecured - Overnight - Borrowing - Financial corporations",,_Z,0
2022-07-08,545,EST.B.EU000A2X2A25.NT,B,EU000A2X2A25,NT,A,F,,,,,P1D,,,,"ESA 2010 Sectors: S.121, S.122, S.123, S.124, S.125, S.126, S.127, S.128, S.129",,0,,,,,S,"Euro short-term rate, Number of transactions","Euro short-term rate, Number of transactions - Unsecured - Overnight - Borrowing - Financial corporations",,_Z,0
2022-07-11,545,EST.B.EU000A2X2A25.NT,B,EU000A2X2A25,NT,A,F,,,,,P1D,,,,"ESA 2010 Sectors: S.121, S.122, S.123, S.124, S.125, S.126, S.127, S.128, S.129",,0,,,,,S,"Euro short-term rate, Number of transactions","Euro short-term rate, Number of transactions - Unsecured - Overnight - Borrowing - Financial corporations",,_Z,0
2022-07-12,542,EST.B.EU000A2X2A25.NT,B,EU000A2X2A25,NT,A,F,,,,,P1D,,,,"ESA 2010 Sectors: S.121, S.122, S.123, S.124, S.125, S.126, S.127, S.128, S.129",,0,,,,,S,"Euro short-term rate, Number of transactions","Euro short-term rate, Number of transactions - Unsecured - Overnight - Borrowing - Financial corporations",,_Z,0
2022-07-13,528,EST.B.EU000A2X2A25.NT,B,EU000A2X2A25,NT,A,F,,,,,P1D,,,,"ESA 2010 Sectors: S.121, S.122, S.123, S.124, S.125, S.126, S.127, S.128, S.129",,0,,,,,S,"Euro short-term rate, Number of transactions","Euro short-term rate, Number of transactions - Unsecured - Overnight - Borrowing - Financial corporations",,_Z,0
2022-07-14,534,EST.B.EU000A2X2A25.NT,B,EU000A2X2A25,NT,A,F,,,,,P1D,,,,"ESA 2010 Sectors: S.121, S.122, S.123, S.124, S.125, S.126, S.127, S.128, S.129",,0,,,,,S,"Euro short-term rate, Number of transactions","Euro short-term rate, Number of transactions - Unsecured - Overnight - Borrowing - Financial corporations",,_Z,0
2022-07-15,555,EST.B.EU000A2X2A25.NT,B,EU000A2X2A25,NT,A,F,,,,,P1D,,,,"ESA 2010 Sectors: S.121, S.122, S.123, S.124, S.125, S.126, S.127, S.128, S.129",,0,,,,,S,"Euro short-term rate, Number of transactions","Euro short-term rate, Number of transactions - Unsecured - Overnight - Borrowing - Financial corporations",,_Z,0
2022-07-18,555,EST.B.EU000A2X2A25.NT,B,EU000A2X2A25,NT,A,F,,,,,P1D,,,,"ESA 2010 Sectors: S.121, S.122, S.123, S.124, S.125, S.126, S.127, S.128, S.129",,0,,,,,S,"Euro short-term rate, Number of transactions","Euro short-term rate, Number of transactions - Unsecured - Overnight - Borrowing - Financial corporations",,_Z,0
2022-07-19,564,EST.B.EU000A2X2A25.NT,B,EU000A2X2A25,NT,A,F,,,,,P1D,,,,"ESA 2010 Sectors: S.121, S.122, S.123, S.124, S.125, S.126, S.127, S.128, S.129",,0,,,,,S,"Euro short-term rate, Number of transactions","Euro short-term rate, Number of transactions - Unsecured - Overnight - Borrowing - Financial corporations",,_Z,0
2022-07-20,564,EST.B.EU000A2X2A25.NT,B,EU000A2X2A25,NT,A,F,,,,,P1D,,,,"ESA 2010 Sectors: S.121, S.122, S.123, S.124, S.125, S.126, S.127, S.128, S.129",,0,,,,,S,"Euro short-term rate, Number of transactions","Euro short-term rate, Number of transactions - Unsecured - Overnight - Borrowing - Financial corporations",,_Z,0
2022-07-21,522,EST.B.EU000A2X2A25.NT,B,EU000A2X2A25,NT,A,F,,,,,P1D,,,,"ESA 2010 Sectors: S.121, S.122, S.123, S.124, S.125, S.126, S.127, S.128, S.129",,0,,,,,S,"Euro short-term rate, Number of transactions","Euro short-term rate, Number of transactions - Unsecured - Overnight - Borrowing - Financial corporations",,_Z,0
2022-07-22,564,EST.B.EU000A2X2A25.NT,B,EU000A2X2A25,NT,A,F,,,,,P1D,,,,"ESA 2010 Sectors: S.121, S.122, S.123, S.124, S.125, S.126, S.127, S.128, S.129",,0,,,,,S,"Euro short-term rate, Number of transactions","Euro short-term rate, Number of transactions - Unsecured - Overnight - Borrowing - Financial corporations",,_Z,0
2022-07-25,578,EST.B.EU000A2X2A25.NT,B,EU000A2X2A25,NT,A,F,,,,,P1D,,,,"ESA 2010 Sectors: S.121, S.122, S.123, S.124, S.125, S.126, S.127, S.128, S.129",,0,,,,,S,"Euro short-term rate, Number of transactions","Euro short-term rate, Number of transactions - Unsecured - Overnight - Borrowing - Financial corporations",,_Z,0
2022-07-26,585,EST.B.EU000A2X2A25.NT,B,EU000A2X2A25,NT,A,F,,,,,P1D,,,,"ESA 2010 Sectors: S.121, S.122, S.123, S.124, S.125, S.126, S.127, S.128, S.129",,0,,,,,S,"Euro short-term rate, Number of transactions","Euro short-term rate, Number of transactions - Unsecured - Overnight - Borrowing - Financial corporations",,_Z,0
2022-07-27,561,EST.B.EU000A2X2A25.NT,B,EU000A2X2A25,NT,A,F,,,,,P1D,,,,"ESA 2010 Sectors: S.121, S.122, S.123, S.124, S.125, S.126, S.127, S.128, S.129",,0,,,,,S,"Euro short-term rate, Number of transactions","Euro short-term rate, Number of transactions - Unsecured - Overnight - Borrowing - Financial corporations",,_Z,0
2022-07-28,564,EST.B.EU000A2X2A25.NT,B,EU000A2X2A25,NT,A,F,,,,,P1D,,,,"ESA 2010 Sectors: S.121, S.122, S.123, S.124, S.125, S.126, S.127, S.128, S.129",,0,,,,,S,"Euro short-term rate, Number of transactions","Euro short-term rate, Number of transactions - Unsecured - Overnight - Borrowing - Financial corporations",,_Z,0
2022-07-29,550,EST.B.EU000A2X2A25.NT,B,EU000A2X2A25,NT,A,F,,,,,P1D,,,,"ESA 2010 Sectors: S.121, S.122, S.123, S.124, S.125, S.126, S.127, S.128, S.129",,0,,,,,S,"Euro short-term rate, Number of transactions","Euro short-term rate, Number of transactions - Unsecured - Overnight - Borrowing - Financial corporations",,_Z,0
2022-08-01,529,EST.B.EU000A2X2A25.NT,B,EU000A2X2A25,NT,A,F,,,,,P1D,,,,"ESA 2010 Sectors: S.121, S.122, S.123, S.124, S.125, S.126, S.127, S.128, S.129",,0,,,,,S,"Euro short-term rate, Number of transactions","Euro short-term rate, Number of transactions - Unsecured - Overnight - Borrowing - Financial corporations",,_Z,0
2022-08-02,553,EST.B.EU000A2X2A25.NT,B,EU000A2X2A25,NT,A,F,,,,,P1D,,,,"ESA 2010 Sectors: S.121, S.122, S.123, S.124, S.125, S.126, S.127, S.128, S.129",,0,,,,,S,"Euro short-term rate, Number of transactions","Euro short-term rate, Number of transactions - Unsecured - Overnight - Borrowing - Financial corporations",,_Z,0
2022-08-03,542,EST.B.EU000A2X2A25.NT,B,EU000A2X2A25,NT,A,F,,,,,P1D,,,,"ESA 2010 Sectors: S.121, S.122, S.123, S.124, S.125, S.126, S.127, S.128, S.129",,0,,,,,S,"Euro short-term rate, Number of transactions","Euro short-term rate, Number of transactions - Unsecured - Overnight - Borrowing - Financial corporations",,_Z,0
2022-08-04,546,EST.B.EU000A2X2A25.NT,B,EU000A2X2A25,NT,A,F,,,,,P1D,,,,"ESA 2010 Sectors: S.121, S.122, S.123, S.124, S.125, S.126, S.127, S.128, S.129",,0,,,,,S,"Euro short-term rate, Number of transactions","Euro short-term rate, Number of transactions - Unsecured - Overnight - Borrowing - Financial corporations",,_Z,0
2022-08-05,544,EST.B.EU000A2X2A25.NT,B,EU000A2X2A25,NT,A,F,,,,,P1D,,,,"ESA 2010 Sectors: S.121, S.122, S.123, S.124, S.125, S.126, S.127, S.128, S.129",,0,,,,,S,"Euro short-term rate, Number of transactions","Euro short-term rate, Number of transactions - Unsecured - Overnight - Borrowing - Financial corporations",,_Z,0
2022-08-08,541,EST.B.EU000A2X2A25.NT,B,EU000A2X2A25,NT,A,F,,,,,P1D,,,,"ESA 2010 Sectors: S.121, S.122, S.123, S.124, S.125, S.126, S.127, S.128, S.129",,0,,,,,S,"Euro short-term rate, Number of transactions","Euro short-term rate, Number of transactions - Unsecured - Overnight - Borrowing - Financial corporations",,_Z,0
2022-08-09,540,EST.B.EU000A2X2A25.NT,B,EU000A2X2A25,NT,A,F,,,,,P1D,,,,"ESA 2010 Sectors: S.121, S.122, S.123, S.124, S.125, S.126, S.127, S.128, S.129",,0,,,,,S,"Euro short-term rate, Number of transactions","Euro short-term rate, Number of transactions - Unsecured - Overnight - Borrowing - Financial corporations",,_Z,0
2022-08-10,544,EST.B.EU000A2X2A25.NT,B,EU000A2X2A25,NT,A,F,,,,,P1D,,,,"ESA 2010 Sectors: S.121, S.122, S.123, S.124, S.125, S.126, S.127, S.128, S.129",,0,,,,,S,"Euro short-term rate, Number of transactions","Euro short-term rate, Number of transactions - Unsecured - Overnight - Borrowing - Financial corporations",,_Z,0
2022-08-11,529,EST.B.EU000A2X2A25.NT,B,EU000A2X2A25,NT,A,F,,,,,P1D,,,,"ESA 2010 Sectors: S.121, S.122, S.123, S.124, S.125, S.126, S.127, S.128, S.129",,0,,,,,S,"Euro short-term rate, Number of transactions","Euro short-term rate, Number of transactions - Unsecured - Overnight - Borrowing - Financial corporations",,_Z,0
2022-08-12,465,EST.B.EU000A2X2A25.NT,B,EU000A2X2A25,NT,A,F,,,,,P1D,,,,"ESA 2010 Sectors: S.121, S.122, S.123, S.124, S.125, S.126, S.127, S.128, S.129",,0,,,,,S,"Euro short-term rate, Number of transactions","Euro short-term rate, Number of transactions - Unsecured - Overnight - Borrowing - Financial corporations",,_Z,0
2022-08-15,452,EST.B.EU000A2X2A25.NT,B,EU000A2X2A25,NT,A,F,,,,,P1D,,,,"ESA 2010 Sectors: S.121, S.122, S.123, S.124, S.125, S.126, S.127, S.128, S.129",,0,,,,,S,"Euro short-term rate, Number of transactions","Euro short-term rate, Number of transactions - Unsecured - Overnight - Borrowing - Financial corporations",,_Z,0
2022-08-16,531,EST.B.EU000A2X2A25.NT,B,EU000A2X2A25,NT,A,F,,,,,P1D,,,,"ESA 2010 Sectors: S.121, S.122, S.123, S.124, S.125, S.126, S.127, S.128, S.129",,0,,,,,S,"Euro short-term rate, Number of transactions","Euro short-term rate, Number of transactions - Unsecured - Overnight - Borrowing - Financial corporations",,_Z,0
2022-08-17,534,EST.B.EU000A2X2A25.NT,B,EU000A2X2A25,NT,A,F,,,,,P1D,,,,"ESA 2010 Sectors: S.121, S.122, S.123, S.124, S.125, S.126, S.127, S.128, S.129",,0,,,,,S,"Euro short-term rate, Number of transactions","Euro short-term rate, Number of transactions - Unsecured - Overnight - Borrowing - Financial corporations",,_Z,0
2022-08-18,538,EST.B.EU000A2X2A25.NT,B,EU000A2X2A25,NT,A,F,,,,,P1D,,,,"ESA 2010 Sectors: S.121, S.122, S.123, S.124, S.125, S.126, S.127, S.128, S.129",,0,,,,,S,"Euro short-term rate, Number of transactions","Euro short-term rate, Number of transactions - Unsecured - Overnight - Borrowing - Financial corporations",,_Z,0
2022-08-19,522,EST.B.EU000A2X2A25.NT,B,EU000A2X2A25,NT,A,F,,,,,P1D,,,,"ESA 2010 Sectors: S.121, S.122, S.123, S.124, S.125, S.126, S.127, S.128, S.129",,0,,,,,S,"Euro short-term rate, Number of transactions","Euro short-term rate, Number of transactions - Unsecured - Overnight - Borrowing - Financial corporations",,_Z,0
2022-08-22,520,EST.B.EU000A2X2A25.NT,B,EU000A2X2A25,NT,A,F,,,,,P1D,,,,"ESA 2010 Sectors: S.121, S.122, S.123, S.124, S.125, S.126, S.127, S.128, S.129",,0,,,,,S,"Euro short-term rate, Number of transactions","Euro short-term rate, Number of transactions - Unsecured - Overnight - Borrowing - Financial corporations",,_Z,0
2022-08-23,521,EST.B.EU000A2X2A25.NT,B,EU000A2X2A25,NT,A,F,,,,,P1D,,,,"ESA 2010 Sectors: S.121, S.122, S.123, S.124, S.125, S.126, S.127, S.128, S.129",,0,,,,,S,"Euro short-term rate, Number of transactions","Euro short-term rate, Number of transactions - Unsecured - Overnight - Borrowing - Financial corporations",,_Z,0
2022-08-24,497,EST.B.EU000A2X2A25.NT,B,EU000A2X2A25,NT,A,F,,,,,P1D,,,,"ESA 2010 Sectors: S.121, S.122, S.123, S.124, S.125, S.126, S.127, S.128, S.129",,0,,,,,S,"Euro short-term rate, Number of transactions","Euro short-term rate, Number of transactions - Unsecured - Overnight - Borrowing - Financial corporations",,_Z,0
2022-08-25,504,EST.B.EU000A2X2A25.NT,B,EU000A2X2A25,NT,A,F,,,,,P1D,,,,"ESA 2010 Sectors: S.121, S.122, S.123, S.124, S.125, S.126, S.127, S.128, S.129",,0,,,,,S,"Euro short-term rate, Number of transactions","Euro short-term rate, Number of transactions - Unsecured - Overnight - Borrowing - Financial corporations",,_Z,0
2022-08-26,448,EST.B.EU000A2X2A25.NT,B,EU000A2X2A25,NT,A,F,,,,,P1D,,,,"ESA 2010 Sectors: S.121, S.122, S.123, S.124, S.125, S.126, S.127, S.128, S.129",,0,,,,,S,"Euro short-term rate, Number of transactions","Euro short-term rate, Number of transactions - Unsecured - Overnight - Borrowing - Financial corporations",,_Z,0
2022-08-29,425,EST.B.EU000A2X2A25.NT,B,EU000A2X2A25,NT,A,F,,,,,P1D,,,,"ESA 2010 Sectors: S.121, S.122, S.123, S.124, S.125, S.126, S.127, S.128, S.129",,0,,,,,S,"Euro short-term rate, Number of transactions","Euro short-term rate, Number of transactions - Unsecured - Overnight - Borrowing - Financial corporations",,_Z,0
2022-08-30,495,EST.B.EU000A2X2A25.NT,B,EU000A2X2A25,NT,A,F,,,,,P1D,,,,"ESA 2010 Sectors: S.121, S.122, S.123, S.124, S.125, S.126, S.127, S.128, S.129",,0,,,,,S,"Euro short-term rate, Number of transactions","Euro short-term rate, Number of transactions - Unsecured - Overnight - Borrowing - Financial corporations",,_Z,0
2022-08-31,526,EST.B.EU000A2X2A25.NT,B,EU000A2X2A25,NT,A,F,,,,,P1D,,,,"ESA 2010 Sectors: S.121, S.122, S.123, S.124, S.125, S.126, S.127, S.128, S.129",,0,,,,,S,"Euro short-term rate, Number of transactions","Euro short-term rate, Number of transactions - Unsecured - Overnight - Borrowing - Financial corporations",,_Z,0
2022-09-01,518,EST.B.EU000A2X2A25.NT,B,EU000A2X2A25,NT,A,F,,,,,P1D,,,,"ESA 2010 Sectors: S.121, S.122, S.123, S.124, S.125, S.126, S.127, S.128, S.129",,0,,,,,S,"Euro short-term rate, Number of transactions","Euro short-term rate, Number of transactions - Unsecured - Overnight - Borrowing - Financial corporations",,_Z,0
2022-09-02,507,EST.B.EU000A2X2A25.NT,B,EU000A2X2A25,NT,A,F,,,,,P1D,,,,"ESA 2010 Sectors: S.121, S.122, S.123, S.124, S.125, S.126, S.127, S.128, S.129",,0,,,,,S,"Euro short-term rate, Number of transactions","Euro short-term rate, Number of transactions - Unsecured - Overnight - Borrowing - Financial corporations",,_Z,0
2022-09-05,539,EST.B.EU000A2X2A25.NT,B,EU000A2X2A25,NT,A,F,,,,,P1D,,,,"ESA 2010 Sectors: S.121, S.122, S.123, S.124, S.125, S.126, S.127, S.128, S.129",,0,,,,,S,"Euro short-term rate, Number of transactions","Euro short-term rate, Number of transactions - Unsecured - Overnight - Borrowing - Financial corporations",,_Z,0
2022-09-06,531,EST.B.EU000A2X2A25.NT,B,EU000A2X2A25,NT,A,F,,,,,P1D,,,,"ESA 2010 Sectors: S.121, S.122, S.123, S.124, S.125, S.126, S.127, S.128, S.129",,0,,,,,S,"Euro short-term rate, Number of transactions","Euro short-term rate, Number of transactions - Unsecured - Overnight - Borrowing - Financial corporations",,_Z,0
2022-09-07,545,EST.B.EU000A2X2A25.NT,B,EU000A2X2A25,NT,A,F,,,,,P1D,,,,"ESA 2010 Sectors: S.121, S.122, S.123, S.124, S.125, S.126, S.127, S.128, S.129",,0,,,,,S,"Euro short-term rate, Number of transactions","Euro short-term rate, Number of transactions - Unsecured - Overnight - Borrowing - Financial corporations",,_Z,0
2022-09-08,530,EST.B.EU000A2X2A25.NT,B,EU000A2X2A25,NT,A,F,,,,,P1D,,,,"ESA 2010 Sectors: S.121, S.122, S.123, S.124, S.125, S.126, S.127, S.128, S.129",,0,,,,,S,"Euro short-term rate, Number of transactions","Euro short-term rate, Number of transactions - Unsecured - Overnight - Borrowing - Financial corporations",,_Z,0
2022-09-09,548,EST.B.EU000A2X2A25.NT,B,EU000A2X2A25,NT,A,F,,,,,P1D,,,,"ESA 2010 Sectors: S.121, S.122, S.123, S.124, S.125, S.126, S.127, S.128, S.129",,0,,,,,S,"Euro short-term rate, Number of transactions","Euro short-term rate, Number of transactions - Unsecured - Overnight - Borrowing - Financial corporations",,_Z,0
2022-09-12,556,EST.B.EU000A2X2A25.NT,B,EU000A2X2A25,NT,A,F,,,,,P1D,,,,"ESA 2010 Sectors: S.121, S.122, S.123, S.124, S.125, S.126, S.127, S.128, S.129",,0,,,,,S,"Euro short-term rate, Number of transactions","Euro short-term rate, Number of transactions - Unsecured - Overnight - Borrowing - Financial corporations",,_Z,0
2022-09-13,582,EST.B.EU000A2X2A25.NT,B,EU000A2X2A25,NT,A,F,,,,,P1D,,,,"ESA 2010 Sectors: S.121, S.122, S.123, S.124, S.125, S.126, S.127, S.128, S.129",,0,,,,,S,"Euro short-term rate, Number of transactions","Euro short-term rate, Number of transactions - Unsecured - Overnight - Borrowing - Financial corporations",,_Z,0
2022-09-14,703,EST.B.EU000A2X2A25.NT,B,EU000A2X2A25,NT,A,F,,,,,P1D,,,,"ESA 2010 Sectors: S.121, S.122, S.123, S.124, S.125, S.126, S.127, S.128, S.129",,0,,,,,S,"Euro short-term rate, Number of transactions","Euro short-term rate, Number of transactions - Unsecured - Overnight - Borrowing - Financial corporations",,_Z,0
2022-09-15,687,EST.B.EU000A2X2A25.NT,B,EU000A2X2A25,NT,A,F,,,,,P1D,,,,"ESA 2010 Sectors: S.121, S.122, S.123, S.124, S.125, S.126, S.127, S.128, S.129",,0,,,,,S,"Euro short-term rate, Number of transactions","Euro short-term rate, Number of transactions - Unsecured - Overnight - Borrowing - Financial corporations",,_Z,0
2022-09-16,596,EST.B.EU000A2X2A25.NT,B,EU000A2X2A25,NT,A,F,,,,,P1D,,,,"ESA 2010 Sectors: S.121, S.122, S.123, S.124, S.125, S.126, S.127, S.128, S.129",,0,,,,,S,"Euro short-term rate, Number of transactions","Euro short-term rate, Number of transactions - Unsecured - Overnight - Borrowing - Financial corporations",,_Z,0
2022-09-19,578,EST.B.EU000A2X2A25.NT,B,EU000A2X2A25,NT,A,F,,,,,P1D,,,,"ESA 2010 Sectors: S.121, S.122, S.123, S.124, S.125, S.126, S.127, S.128, S.129",,0,,,,,S,"Euro short-term rate, Number of transactions","Euro short-term rate, Number of transactions - Unsecured - Overnight - Borrowing - Financial corporations",,_Z,0
2022-09-20,649,EST.B.EU000A2X2A25.NT,B,EU000A2X2A25,NT,A,F,,,,,P1D,,,,"ESA 2010 Sectors: S.121, S.122, S.123, S.124, S.125, S.126, S.127, S.128, S.129",,0,,,,,S,"Euro short-term rate, Number of transactions","Euro short-term rate, Number of transactions - Unsecured - Overnight - Borrowing - Financial corporations",,_Z,0
2022-09-21,637,EST.B.EU000A2X2A25.NT,B,EU000A2X2A25,NT,A,F,,,,,P1D,,,,"ESA 2010 Sectors: S.121, S.122, S.123, S.124, S.125, S.126, S.127, S.128, S.129",,0,,,,,S,"Euro short-term rate, Number of transactions","Euro short-term rate, Number of transactions - Unsecured - Overnight - Borrowing - Financial corporations",,_Z,0
2022-09-22,635,EST.B.EU000A2X2A25.NT,B,EU000A2X2A25,NT,A,F,,,,,P1D,,,,"ESA 2010 Sectors: S.121, S.122, S.123, S.124, S.125, S.126, S.127, S.128, S.129",,0,,,,,S,"Euro short-term rate, Number of transactions","Euro short-term rate, Number of transactions - Unsecured - Overnight - Borrowing - Financial corporations",,_Z,0
2022-09-23,677,EST.B.EU000A2X2A25.NT,B,EU000A2X2A25,NT,A,F,,,,,P1D,,,,"ESA 2010 Sectors: S.121, S.122, S.123, S.124, S.125, S.126, S.127, S.128, S.129",,0,,,,,S,"Euro short-term rate, Number of transactions","Euro short-term rate, Number of transactions - Unsecured - Overnight - Borrowing - Financial corporations",,_Z,0
2022-09-26,688,EST.B.EU000A2X2A25.NT,B,EU000A2X2A25,NT,A,F,,,,,P1D,,,,"ESA 2010 Sectors: S.121, S.122, S.123, S.124, S.125, S.126, S.127, S.128, S.129",,0,,,,,S,"Euro short-term rate, Number of transactions","Euro short-term rate, Number of transactions - Unsecured - Overnight - Borrowing - Financial corporations",,_Z,0
2022-09-27,665,EST.B.EU000A2X2A25.NT,B,EU000A2X2A25,NT,A,F,,,,,P1D,,,,"ESA 2010 Sectors: S.121, S.122, S.123, S.124, S.125, S.126, S.127, S.128, S.129",,0,,,,,S,"Euro short-term rate, Number of transactions","Euro short-term rate, Number of transactions - Unsecured - Overnight - Borrowing - Financial corporations",,_Z,0
2022-09-28,634,EST.B.EU000A2X2A25.NT,B,EU000A2X2A25,NT,A,F,,,,,P1D,,,,"ESA 2010 Sectors: S.121, S.122, S.123, S.124, S.125, S.126, S.127, S.128, S.129",,0,,,,,S,"Euro short-term rate, Number of transactions","Euro short-term rate, Number of transactions - Unsecured - Overnight - Borrowing - Financial corporations",,_Z,0
2022-09-29,641,EST.B.EU000A2X2A25.NT,B,EU000A2X2A25,NT,A,F,,,,,P1D,,,,"ESA 2010 Sectors: S.121, S.122, S.123, S.124, S.125, S.126, S.127, S.128, S.129",,0,,,,,S,"Euro short-term rate, Number of transactions","Euro short-term rate, Number of transactions - Unsecured - Overnight - Borrowing - Financial corporations",,_Z,0
2022-09-30,504,EST.B.EU000A2X2A25.NT,B,EU000A2X2A25,NT,A,F,,,,,P1D,,,,"ESA 2010 Sectors: S.121, S.122, S.123, S.124, S.125, S.126, S.127, S.128, S.129",,0,,,,,S,"Euro short-term rate, Number of transactions","Euro short-term rate, Number of transactions - Unsecured - Overnight - Borrowing - Financial corporations",,_Z,0
2022-10-03,435,EST.B.EU000A2X2A25.NT,B,EU000A2X2A25,NT,A,F,,,,,P1D,,,,"ESA 2010 Sectors: S.121, S.122, S.123, S.124, S.125, S.126, S.127, S.128, S.129",,0,,,,,S,"Euro short-term rate, Number of transactions","Euro short-term rate, Number of transactions - Unsecured - Overnight - Borrowing - Financial corporations",,_Z,0
2022-10-04,705,EST.B.EU000A2X2A25.NT,B,EU000A2X2A25,NT,A,F,,,,,P1D,,,,"ESA 2010 Sectors: S.121, S.122, S.123, S.124, S.125, S.126, S.127, S.128, S.129",,0,,,,,S,"Euro short-term rate, Number of transactions","Euro short-term rate, Number of transactions - Unsecured - Overnight - Borrowing - Financial corporations",,_Z,0
2022-10-05,681,EST.B.EU000A2X2A25.NT,B,EU000A2X2A25,NT,A,F,,,,,P1D,,,,"ESA 2010 Sectors: S.121, S.122, S.123, S.124, S.125, S.126, S.127, S.128, S.129",,0,,,,,S,"Euro short-term rate, Number of transactions","Euro short-term rate, Number of transactions - Unsecured - Overnight - Borrowing - Financial corporations",,_Z,0
2022-10-06,708,EST.B.EU000A2X2A25.NT,B,EU000A2X2A25,NT,A,F,,,,,P1D,,,,"ESA 2010 Sectors: S.121, S.122, S.123, S.124, S.125, S.126, S.127, S.128, S.129",,0,,,,,S,"Euro short-term rate, Number of transactions","Euro short-term rate, Number of transactions - Unsecured - Overnight - Borrowing - Financial corporations",,_Z,0
2022-10-07,718,EST.B.EU000A2X2A25.NT,B,EU000A2X2A25,NT,A,F,,,,,P1D,,,,"ESA 2010 Sectors: S.121, S.122, S.123, S.124, S.125, S.126, S.127, S.128, S.129",,0,,,,,S,"Euro short-term rate, Number of transactions","Euro short-term rate, Number of transactions - Unsecured - Overnight - Borrowing - Financial corporations",,_Z,0
2022-10-10,723,EST.B.EU000A2X2A25.NT,B,EU000A2X2A25,NT,A,F,,,,,P1D,,,,"ESA 2010 Sectors: S.121, S.122, S.123, S.124, S.125, S.126, S.127, S.128, S.129",,0,,,,,S,"Euro short-term rate, Number of transactions","Euro short-term rate, Number of transactions - Unsecured - Overnight - Borrowing - Financial corporations",,_Z,0
2022-10-11,709,EST.B.EU000A2X2A25.NT,B,EU000A2X2A25,NT,A,F,,,,,P1D,,,,"ESA 2010 Sectors: S.121, S.122, S.123, S.124, S.125, S.126, S.127, S.128, S.129",,0,,,,,S,"Euro short-term rate, Number of transactions","Euro short-term rate, Number of transactions - Unsecured - Overnight - Borrowing - Financial corporations",,_Z,0
2022-10-12,712,EST.B.EU000A2X2A25.NT,B,EU000A2X2A25,NT,A,F,,,,,P1D,,,,"ESA 2010 Sectors: S.121, S.122, S.123, S.124, S.125, S.126, S.127, S.128, S.129",,0,,,,,S,"Euro short-term rate, Number of transactions","Euro short-term rate, Number of transactions - Unsecured - Overnight - Borrowing - Financial corporations",,_Z,0
2022-10-13,704,EST.B.EU000A2X2A25.NT,B,EU000A2X2A25,NT,A,F,,,,,P1D,,,,"ESA 2010 Sectors: S.121, S.122, S.123, S.124, S.125, S.126, S.127, S.128, S.129",,0,,,,,S,"Euro short-term rate, Number of transactions","Euro short-term rate, Number of transactions - Unsecured - Overnight - Borrowing - Financial corporations",,_Z,0
2022-10-14,716,EST.B.EU000A2X2A25.NT,B,EU000A2X2A25,NT,A,F,,,,,P1D,,,,"ESA 2010 Sectors: S.121, S.122, S.123, S.124, S.125, S.126, S.127, S.128, S.129",,0,,,,,S,"Euro short-term rate, Number of transactions","Euro short-term rate, Number of transactions - Unsecured - Overnight - Borrowing - Financial corporations",,_Z,0
2022-10-17,724,EST.B.EU000A2X2A25.NT,B,EU000A2X2A25,NT,A,F,,,,,P1D,,,,"ESA 2010 Sectors: S.121, S.122, S.123, S.124, S.125, S.126, S.127, S.128, S.129",,0,,,,,S,"Euro short-term rate, Number of transactions","Euro short-term rate, Number of transactions - Unsecured - Overnight - Borrowing - Financial corporations",,_Z,0
2022-10-18,736,EST.B.EU000A2X2A25.NT,B,EU000A2X2A25,NT,A,F,,,,,P1D,,,,"ESA 2010 Sectors: S.121, S.122, S.123, S.124, S.125, S.126, S.127, S.128, S.129",,0,,,,,S,"Euro short-term rate, Number of transactions","Euro short-term rate, Number of transactions - Unsecured - Overnight - Borrowing - Financial corporations",,_Z,0
2022-10-19,736,EST.B.EU000A2X2A25.NT,B,EU000A2X2A25,NT,A,F,,,,,P1D,,,,"ESA 2010 Sectors: S.121, S.122, S.123, S.124, S.125, S.126, S.127, S.128, S.129",,0,,,,,S,"Euro short-term rate, Number of transactions","Euro short-term rate, Number of transactions - Unsecured - Overnight - Borrowing - Financial corporations",,_Z,0
2022-10-20,730,EST.B.EU000A2X2A25.NT,B,EU000A2X2A25,NT,A,F,,,,,P1D,,,,"ESA 2010 Sectors: S.121, S.122, S.123, S.124, S.125, S.126, S.127, S.128, S.129",,0,,,,,S,"Euro short-term rate, Number of transactions","Euro short-term rate, Number of transactions - Unsecured - Overnight - Borrowing - Financial corporations",,_Z,0
2022-10-21,724,EST.B.EU000A2X2A25.NT,B,EU000A2X2A25,NT,A,F,,,,,P1D,,,,"ESA 2010 Sectors: S.121, S.122, S.123, S.124, S.125, S.126, S.127, S.128, S.129",,0,,,,,S,"Euro short-term rate, Number of transactions","Euro short-term rate, Number of transactions - Unsecured - Overnight - Borrowing - Financial corporations",,_Z,0
2022-10-24,696,EST.B.EU000A2X2A25.NT,B,EU000A2X2A25,NT,A,F,,,,,P1D,,,,"ESA 2010 Sectors: S.121, S.122, S.123, S.124, S.125, S.126, S.127, S.128, S.129",,0,,,,,S,"Euro short-term rate, Number of transactions","Euro short-term rate, Number of transactions - Unsecured - Overnight - Borrowing - Financial corporations",,_Z,0
2022-10-25,767,EST.B.EU000A2X2A25.NT,B,EU000A2X2A25,NT,A,F,,,,,P1D,,,,"ESA 2010 Sectors: S.121, S.122, S.123, S.124, S.125, S.126, S.127, S.128, S.129",,0,,,,,S,"Euro short-term rate, Number of transactions","Euro short-term rate, Number of transactions - Unsecured - Overnight - Borrowing - Financial corporations",,_Z,0
2022-10-26,755,EST.B.EU000A2X2A25.NT,B,EU000A2X2A25,NT,A,F,,,,,P1D,,,,"ESA 2010 Sectors: S.121, S.122, S.123, S.124, S.125, S.126, S.127, S.128, S.129",,0,,,,,S,"Euro short-term rate, Number of transactions","Euro short-term rate, Number of transactions - Unsecured - Overnight - Borrowing - Financial corporations",,_Z,0
2022-10-27,746,EST.B.EU000A2X2A25.NT,B,EU000A2X2A25,NT,A,F,,,,,P1D,,,,"ESA 2010 Sectors: S.121, S.122, S.123, S.124, S.125, S.126, S.127, S.128, S.129",,0,,,,,S,"Euro short-term rate, Number of transactions","Euro short-term rate, Number of transactions - Unsecured - Overnight - Borrowing - Financial corporations",,_Z,0
2022-10-28,703,EST.B.EU000A2X2A25.NT,B,EU000A2X2A25,NT,A,F,,,,,P1D,,,,"ESA 2010 Sectors: S.121, S.122, S.123, S.124, S.125, S.126, S.127, S.128, S.129",,0,,,,,S,"Euro short-term rate, Number of transactions","Euro short-term rate, Number of transactions - Unsecured - Overnight - Borrowing - Financial corporations",,_Z,0
2022-10-31,540,EST.B.EU000A2X2A25.NT,B,EU000A2X2A25,NT,A,F,,,,,P1D,,,,"ESA 2010 Sectors: S.121, S.122, S.123, S.124, S.125, S.126, S.127, S.128, S.129",,0,,,,,S,"Euro short-term rate, Number of transactions","Euro short-term rate, Number of transactions - Unsecured - Overnight - Borrowing - Financial corporations",,_Z,0
2022-11-01,606,EST.B.EU000A2X2A25.NT,B,EU000A2X2A25,NT,A,F,,,,,P1D,,,,"ESA 2010 Sectors: S.121, S.122, S.123, S.124, S.125, S.126, S.127, S.128, S.129",,0,,,,,S,"Euro short-term rate, Number of transactions","Euro short-term rate, Number of transactions - Unsecured - Overnight - Borrowing - Financial corporations",,_Z,0
2022-11-02,750,EST.B.EU000A2X2A25.NT,B,EU000A2X2A25,NT,A,F,,,,,P1D,,,,"ESA 2010 Sectors: S.121, S.122, S.123, S.124, S.125, S.126, S.127, S.128, S.129",,0,,,,,S,"Euro short-term rate, Number of transactions","Euro short-term rate, Number of transactions - Unsecured - Overnight - Borrowing - Financial corporations",,_Z,0
2022-11-03,735,EST.B.EU000A2X2A25.NT,B,EU000A2X2A25,NT,A,F,,,,,P1D,,,,"ESA 2010 Sectors: S.121, S.122, S.123, S.124, S.125, S.126, S.127, S.128, S.129",,0,,,,,S,"Euro short-term rate, Number of transactions","Euro short-term rate, Number of transactions - Unsecured - Overnight - Borrowing - Financial corporations",,_Z,0
2022-11-04,687,EST.B.EU000A2X2A25.NT,B,EU000A2X2A25,NT,A,F,,,,,P1D,,,,"ESA 2010 Sectors: S.121, S.122, S.123, S.124, S.125, S.126, S.127, S.128, S.129",,0,,,,,S,"Euro short-term rate, Number of transactions","Euro short-term rate, Number of transactions - Unsecured - Overnight - Borrowing - Financial corporations",,_Z,0
2022-11-07,754,EST.B.EU000A2X2A25.NT,B,EU000A2X2A25,NT,A,F,,,,,P1D,,,,"ESA 2010 Sectors: S.121, S.122, S.123, S.124, S.125, S.126, S.127, S.128, S.129",,0,,,,,S,"Euro short-term rate, Number of transactions","Euro short-term rate, Number of transactions - Unsecured - Overnight - Borrowing - Financial corporations",,_Z,0
2022-11-08,734,EST.B.EU000A2X2A25.NT,B,EU000A2X2A25,NT,A,F,,,,,P1D,,,,"ESA 2010 Sectors: S.121, S.122, S.123, S.124, S.125, S.126, S.127, S.128, S.129",,0,,,,,S,"Euro short-term rate, Number of transactions","Euro short-term rate, Number of transactions - Unsecured - Overnight - Borrowing - Financial corporations",,_Z,0
2022-11-09,744,EST.B.EU000A2X2A25.NT,B,EU000A2X2A25,NT,A,F,,,,,P1D,,,,"ESA 2010 Sectors: S.121, S.122, S.123, S.124, S.125, S.126, S.127, S.128, S.129",,0,,,,,S,"Euro short-term rate, Number of transactions","Euro short-term rate, Number of transactions - Unsecured - Overnight - Borrowing - Financial corporations",,_Z,0
2022-11-10,689,EST.B.EU000A2X2A25.NT,B,EU000A2X2A25,NT,A,F,,,,,P1D,,,,"ESA 2010 Sectors: S.121, S.122, S.123, S.124, S.125, S.126, S.127, S.128, S.129",,0,,,,,S,"Euro short-term rate, Number of transactions","Euro short-term rate, Number of transactions - Unsecured - Overnight - Borrowing - Financial corporations",,_Z,0
2022-11-11,678,EST.B.EU000A2X2A25.NT,B,EU000A2X2A25,NT,A,F,,,,,P1D,,,,"ESA 2010 Sectors: S.121, S.122, S.123, S.124, S.125, S.126, S.127, S.128, S.129",,0,,,,,S,"Euro short-term rate, Number of transactions","Euro short-term rate, Number of transactions - Unsecured - Overnight - Borrowing - Financial corporations",,_Z,0
2022-11-14,717,EST.B.EU000A2X2A25.NT,B,EU000A2X2A25,NT,A,F,,,,,P1D,,,,"ESA 2010 Sectors: S.121, S.122, S.123, S.124, S.125, S.126, S.127, S.128, S.129",,0,,,,,S,"Euro short-term rate, Number of transactions","Euro short-term rate, Number of transactions - Unsecured - Overnight - Borrowing - Financial corporations",,_Z,0
2022-11-15,720,EST.B.EU000A2X2A25.NT,B,EU000A2X2A25,NT,A,F,,,,,P1D,,,,"ESA 2010 Sectors: S.121, S.122, S.123, S.124, S.125, S.126, S.127, S.128, S.129",,0,,,,,S,"Euro short-term rate, Number of transactions","Euro short-term rate, Number of transactions - Unsecured - Overnight - Borrowing - Financial corporations",,_Z,0
2022-11-16,691,EST.B.EU000A2X2A25.NT,B,EU000A2X2A25,NT,A,F,,,,,P1D,,,,"ESA 2010 Sectors: S.121, S.122, S.123, S.124, S.125, S.126, S.127, S.128, S.129",,0,,,,,S,"Euro short-term rate, Number of transactions","Euro short-term rate, Number of transactions - Unsecured - Overnight - Borrowing - Financial corporations",,_Z,0
2022-11-17,677,EST.B.EU000A2X2A25.NT,B,EU000A2X2A25,NT,A,F,,,,,P1D,,,,"ESA 2010 Sectors: S.121, S.122, S.123, S.124, S.125, S.126, S.127, S.128, S.129",,0,,,,,S,"Euro short-term rate, Number of transactions","Euro short-term rate, Number of transactions - Unsecured - Overnight - Borrowing - Financial corporations",,_Z,0
2022-11-18,673,EST.B.EU000A2X2A25.NT,B,EU000A2X2A25,NT,A,F,,,,,P1D,,,,"ESA 2010 Sectors: S.121, S.122, S.123, S.124, S.125, S.126, S.127, S.128, S.129",,0,,,,,S,"Euro short-term rate, Number of transactions","Euro short-term rate, Number of transactions - Unsecured - Overnight - Borrowing - Financial corporations",,_Z,0
2022-11-21,692,EST.B.EU000A2X2A25.NT,B,EU000A2X2A25,NT,A,F,,,,,P1D,,,,"ESA 2010 Sectors: S.121, S.122, S.123, S.124, S.125, S.126, S.127, S.128, S.129",,0,,,,,S,"Euro short-term rate, Number of transactions","Euro short-term rate, Number of transactions - Unsecured - Overnight - Borrowing - Financial corporations",,_Z,0
2022-11-22,703,EST.B.EU000A2X2A25.NT,B,EU000A2X2A25,NT,A,F,,,,,P1D,,,,"ESA 2010 Sectors: S.121, S.122, S.123, S.124, S.125, S.126, S.127, S.128, S.129",,0,,,,,S,"Euro short-term rate, Number of transactions","Euro short-term rate, Number of transactions - Unsecured - Overnight - Borrowing - Financial corporations",,_Z,0
2022-11-23,697,EST.B.EU000A2X2A25.NT,B,EU000A2X2A25,NT,A,F,,,,,P1D,,,,"ESA 2010 Sectors: S.121, S.122, S.123, S.124, S.125, S.126, S.127, S.128, S.129",,0,,,,,S,"Euro short-term rate, Number of transactions","Euro short-term rate, Number of transactions - Unsecured - Overnight - Borrowing - Financial corporations",,_Z,0
2022-11-24,685,EST.B.EU000A2X2A25.NT,B,EU000A2X2A25,NT,A,F,,,,,P1D,,,,"ESA 2010 Sectors: S.121, S.122, S.123, S.124, S.125, S.126, S.127, S.128, S.129",,0,,,,,S,"Euro short-term rate, Number of transactions","Euro short-term rate, Number of transactions - Unsecured - Overnight - Borrowing - Financial corporations",,_Z,0
2022-11-25,670,EST.B.EU000A2X2A25.NT,B,EU000A2X2A25,NT,A,F,,,,,P1D,,,,"ESA 2010 Sectors: S.121, S.122, S.123, S.124, S.125, S.126, S.127, S.128, S.129",,0,,,,,S,"Euro short-term rate, Number of transactions","Euro short-term rate, Number of transactions - Unsecured - Overnight - Borrowing - Financial corporations",,_Z,0
2022-11-28,714,EST.B.EU000A2X2A25.NT,B,EU000A2X2A25,NT,A,F,,,,,P1D,,,,"ESA 2010 Sectors: S.121, S.122, S.123, S.124, S.125, S.126, S.127, S.128, S.129",,0,,,,,S,"Euro short-term rate, Number of transactions","Euro short-term rate, Number of transactions - Unsecured - Overnight - Borrowing - Financial corporations",,_Z,0
2022-11-29,685,EST.B.EU000A2X2A25.NT,B,EU000A2X2A25,NT,A,F,,,,,P1D,,,,"ESA 2010 Sectors: S.121, S.122, S.123, S.124, S.125, S.126, S.127, S.128, S.129",,0,,,,,S,"Euro short-term rate, Number of transactions","Euro short-term rate, Number of transactions - Unsecured - Overnight - Borrowing - Financial corporations",,_Z,0
2022-11-30,628,EST.B.EU000A2X2A25.NT,B,EU000A2X2A25,NT,A,F,,,,,P1D,,,,"ESA 2010 Sectors: S.121, S.122, S.123, S.124, S.125, S.126, S.127, S.128, S.129",,0,,,,,S,"Euro short-term rate, Number of transactions","Euro short-term rate, Number of transactions - Unsecured - Overnight - Borrowing - Financial corporations",,_Z,0
2022-12-01,674,EST.B.EU000A2X2A25.NT,B,EU000A2X2A25,NT,A,F,,,,,P1D,,,,"ESA 2010 Sectors: S.121, S.122, S.123, S.124, S.125, S.126, S.127, S.128, S.129",,0,,,,,S,"Euro short-term rate, Number of transactions","Euro short-term rate, Number of transactions - Unsecured - Overnight - Borrowing - Financial corporations",,_Z,0
2022-12-02,700,EST.B.EU000A2X2A25.NT,B,EU000A2X2A25,NT,A,F,,,,,P1D,,,,"ESA 2010 Sectors: S.121, S.122, S.123, S.124, S.125, S.126, S.127, S.128, S.129",,0,,,,,S,"Euro short-term rate, Number of transactions","Euro short-term rate, Number of transactions - Unsecured - Overnight - Borrowing - Financial corporations",,_Z,0
2022-12-05,729,EST.B.EU000A2X2A25.NT,B,EU000A2X2A25,NT,A,F,,,,,P1D,,,,"ESA 2010 Sectors: S.121, S.122, S.123, S.124, S.125, S.126, S.127, S.128, S.129",,0,,,,,S,"Euro short-term rate, Number of transactions","Euro short-term rate, Number of transactions - Unsecured - Overnight - Borrowing - Financial corporations",,_Z,0
2022-12-06,717,EST.B.EU000A2X2A25.NT,B,EU000A2X2A25,NT,A,F,,,,,P1D,,,,"ESA 2010 Sectors: S.121, S.122, S.123, S.124, S.125, S.126, S.127, S.128, S.129",,0,,,,,S,"Euro short-term rate, Number of transactions","Euro short-term rate, Number of transactions - Unsecured - Overnight - Borrowing - Financial corporations",,_Z,0
2022-12-07,695,EST.B.EU000A2X2A25.NT,B,EU000A2X2A25,NT,A,F,,,,,P1D,,,,"ESA 2010 Sectors: S.121, S.122, S.123, S.124, S.125, S.126, S.127, S.128, S.129",,0,,,,,S,"Euro short-term rate, Number of transactions","Euro short-term rate, Number of transactions - Unsecured - Overnight - Borrowing - Financial corporations",,_Z,0
2022-12-08,673,EST.B.EU000A2X2A25.NT,B,EU000A2X2A25,NT,A,F,,,,,P1D,,,,"ESA 2010 Sectors: S.121, S.122, S.123, S.124, S.125, S.126, S.127, S.128, S.129",,0,,,,,S,"Euro short-term rate, Number of transactions","Euro short-term rate, Number of transactions - Unsecured - Overnight - Borrowing - Financial corporations",,_Z,0
2022-12-09,672,EST.B.EU000A2X2A25.NT,B,EU000A2X2A25,NT,A,F,,,,,P1D,,,,"ESA 2010 Sectors: S.121, S.122, S.123, S.124, S.125, S.126, S.127, S.128, S.129",,0,,,,,S,"Euro short-term rate, Number of transactions","Euro short-term rate, Number of transactions - Unsecured - Overnight - Borrowing - Financial corporations",,_Z,0
2022-12-12,681,EST.B.EU000A2X2A25.NT,B,EU000A2X2A25,NT,A,F,,,,,P1D,,,,"ESA 2010 Sectors: S.121, S.122, S.123, S.124, S.125, S.126, S.127, S.128, S.129",,0,,,,,S,"Euro short-term rate, Number of transactions","Euro short-term rate, Number of transactions - Unsecured - Overnight - Borrowing - Financial corporations",,_Z,0
2022-12-13,712,EST.B.EU000A2X2A25.NT,B,EU000A2X2A25,NT,A,F,,,,,P1D,,,,"ESA 2010 Sectors: S.121, S.122, S.123, S.124, S.125, S.126, S.127, S.128, S.129",,0,,,,,S,"Euro short-term rate, Number of transactions","Euro short-term rate, Number of transactions - Unsecured - Overnight - Borrowing - Financial corporations",,_Z,0
2022-12-14,723,EST.B.EU000A2X2A25.NT,B,EU000A2X2A25,NT,A,F,,,,,P1D,,,,"ESA 2010 Sectors: S.121, S.122, S.123, S.124, S.125, S.126, S.127, S.128, S.129",,0,,,,,S,"Euro short-term rate, Number of transactions","Euro short-term rate, Number of transactions - Unsecured - Overnight - Borrowing - Financial corporations",,_Z,0
2022-12-15,676,EST.B.EU000A2X2A25.NT,B,EU000A2X2A25,NT,A,F,,,,,P1D,,,,"ESA 2010 Sectors: S.121, S.122, S.123, S.124, S.125, S.126, S.127, S.128, S.129",,0,,,,,S,"Euro short-term rate, Number of transactions","Euro short-term rate, Number of transactions - Unsecured - Overnight - Borrowing - Financial corporations",,_Z,0
2022-12-16,573,EST.B.EU000A2X2A25.NT,B,EU000A2X2A25,NT,A,F,,,,,P1D,,,,"ESA 2010 Sectors: S.121, S.122, S.123, S.124, S.125, S.126, S.127, S.128, S.129",,0,,,,,S,"Euro short-term rate, Number of transactions","Euro short-term rate, Number of transactions - Unsecured - Overnight - Borrowing - Financial corporations",,_Z,0
2022-12-19,711,EST.B.EU000A2X2A25.NT,B,EU000A2X2A25,NT,A,F,,,,,P1D,,,,"ESA 2010 Sectors: S.121, S.122, S.123, S.124, S.125, S.126, S.127, S.128, S.129",,0,,,,,S,"Euro short-term rate, Number of transactions","Euro short-term rate, Number of transactions - Unsecured - Overnight - Borrowing - Financial corporations",,_Z,0
2022-12-20,696,EST.B.EU000A2X2A25.NT,B,EU000A2X2A25,NT,A,F,,,,,P1D,,,,"ESA 2010 Sectors: S.121, S.122, S.123, S.124, S.125, S.126, S.127, S.128, S.129",,0,,,,,S,"Euro short-term rate, Number of transactions","Euro short-term rate, Number of transactions - Unsecured - Overnight - Borrowing - Financial corporations",,_Z,0
2022-12-21,695,EST.B.EU000A2X2A25.NT,B,EU000A2X2A25,NT,A,F,,,,,P1D,,,,"ESA 2010 Sectors: S.121, S.122, S.123, S.124, S.125, S.126, S.127, S.128, S.129",,0,,,,,S,"Euro short-term rate, Number of transactions","Euro short-term rate, Number of transactions - Unsecured - Overnight - Borrowing - Financial corporations",,_Z,0
2022-12-22,656,EST.B.EU000A2X2A25.NT,B,EU000A2X2A25,NT,A,F,,,,,P1D,,,,"ESA 2010 Sectors: S.121, S.122, S.123, S.124, S.125, S.126, S.127, S.128, S.129",,0,,,,,S,"Euro short-term rate, Number of transactions","Euro short-term rate, Number of transactions - Unsecured - Overnight - Borrowing - Financial corporations",,_Z,0
2022-12-23,490,EST.B.EU000A2X2A25.NT,B,EU000A2X2A25,NT,A,F,,,,,P1D,,,,"ESA 2010 Sectors: S.121, S.122, S.123, S.124, S.125, S.126, S.127, S.128, S.129",,0,,,,,S,"Euro short-term rate, Number of transactions","Euro short-term rate, Number of transactions - Unsecured - Overnight - Borrowing - Financial corporations",,_Z,0
2022-12-27,461,EST.B.EU000A2X2A25.NT,B,EU000A2X2A25,NT,A,F,,,,,P1D,,,,"ESA 2010 Sectors: S.121, S.122, S.123, S.124, S.125, S.126, S.127, S.128, S.129",,0,,,,,S,"Euro short-term rate, Number of transactions","Euro short-term rate, Number of transactions - Unsecured - Overnight - Borrowing - Financial corporations",,_Z,0
2022-12-28,611,EST.B.EU000A2X2A25.NT,B,EU000A2X2A25,NT,A,F,,,,,P1D,,,,"ESA 2010 Sectors: S.121, S.122, S.123, S.124, S.125, S.126, S.127, S.128, S.129",,0,,,,,S,"Euro short-term rate, Number of transactions","Euro short-term rate, Number of transactions - Unsecured - Overnight - Borrowing - Financial corporations",,_Z,0
2022-12-29,611,EST.B.EU000A2X2A25.NT,B,EU000A2X2A25,NT,A,F,,,,,P1D,,,,"ESA 2010 Sectors: S.121, S.122, S.123, S.124, S.125, S.126, S.127, S.128, S.129",,0,,,,,S,"Euro short-term rate, Number of transactions","Euro short-term rate, Number of transactions - Unsecured - Overnight - Borrowing - Financial corporations",,_Z,0
2022-12-30,261,EST.B.EU000A2X2A25.NT,B,EU000A2X2A25,NT,A,F,,,,,P1D,,,,"ESA 2010 Sectors: S.121, S.122, S.123, S.124, S.125, S.126, S.127, S.128, S.129",,0,,,,,S,"Euro short-term rate, Number of transactions","Euro short-term rate, Number of transactions - Unsecured - Overnight - Borrowing - Financial corporations",,_Z,0
2023-01-02,437,EST.B.EU000A2X2A25.NT,B,EU000A2X2A25,NT,A,F,,,,,P1D,,,,"ESA 2010 Sectors: S.121, S.122, S.123, S.124, S.125, S.126, S.127, S.128, S.129",,0,,,,,S,"Euro short-term rate, Number of transactions","Euro short-term rate, Number of transactions - Unsecured - Overnight - Borrowing - Financial corporations",,_Z,0
2023-01-03,661,EST.B.EU000A2X2A25.NT,B,EU000A2X2A25,NT,A,F,,,,,P1D,,,,"ESA 2010 Sectors: S.121, S.122, S.123, S.124, S.125, S.126, S.127, S.128, S.129",,0,,,,,S,"Euro short-term rate, Number of transactions","Euro short-term rate, Number of transactions - Unsecured - Overnight - Borrowing - Financial corporations",,_Z,0
2023-01-04,695,EST.B.EU000A2X2A25.NT,B,EU000A2X2A25,NT,A,F,,,,,P1D,,,,"ESA 2010 Sectors: S.121, S.122, S.123, S.124, S.125, S.126, S.127, S.128, S.129",,0,,,,,S,"Euro short-term rate, Number of transactions","Euro short-term rate, Number of transactions - Unsecured - Overnight - Borrowing - Financial corporations",,_Z,0
2023-01-05,613,EST.B.EU000A2X2A25.NT,B,EU000A2X2A25,NT,A,F,,,,,P1D,,,,"ESA 2010 Sectors: S.121, S.122, S.123, S.124, S.125, S.126, S.127, S.128, S.129",,0,,,,,S,"Euro short-term rate, Number of transactions","Euro short-term rate, Number of transactions - Unsecured - Overnight - Borrowing - Financial corporations",,_Z,0
2023-01-06,612,EST.B.EU000A2X2A25.NT,B,EU000A2X2A25,NT,A,F,,,,,P1D,,,,"ESA 2010 Sectors: S.121, S.122, S.123, S.124, S.125, S.126, S.127, S.128, S.129",,0,,,,,S,"Euro short-term rate, Number of transactions","Euro short-term rate, Number of transactions - Unsecured - Overnight - Borrowing - Financial corporations",,_Z,0
2023-01-09,693,EST.B.EU000A2X2A25.NT,B,EU000A2X2A25,NT,A,F,,,,,P1D,,,,"ESA 2010 Sectors: S.121, S.122, S.123, S.124, S.125, S.126, S.127, S.128, S.129",,0,,,,,S,"Euro short-term rate, Number of transactions","Euro short-term rate, Number of transactions - Unsecured - Overnight - Borrowing - Financial corporations",,_Z,0
2023-01-10,700,EST.B.EU000A2X2A25.NT,B,EU000A2X2A25,NT,A,F,,,,,P1D,,,,"ESA 2010 Sectors: S.121, S.122, S.123, S.124, S.125, S.126, S.127, S.128, S.129",,0,,,,,S,"Euro short-term rate, Number of transactions","Euro short-term rate, Number of transactions - Unsecured - Overnight - Borrowing - Financial corporations",,_Z,0
2023-01-11,699,EST.B.EU000A2X2A25.NT,B,EU000A2X2A25,NT,A,F,,,,,P1D,,,,"ESA 2010 Sectors: S.121, S.122, S.123, S.124, S.125, S.126, S.127, S.128, S.129",,0,,,,,S,"Euro short-term rate, Number of transactions","Euro short-term rate, Number of transactions - Unsecured - Overnight - Borrowing - Financial corporations",,_Z,0
2023-01-12,682,EST.B.EU000A2X2A25.NT,B,EU000A2X2A25,NT,A,F,,,,,P1D,,,,"ESA 2010 Sectors: S.121, S.122, S.123, S.124, S.125, S.126, S.127, S.128, S.129",,0,,,,,S,"Euro short-term rate, Number of transactions","Euro short-term rate, Number of transactions - Unsecured - Overnight - Borrowing - Financial corporations",,_Z,0
2023-01-13,705,EST.B.EU000A2X2A25.NT,B,EU000A2X2A25,NT,A,F,,,,,P1D,,,,"ESA 2010 Sectors: S.121, S.122, S.123, S.124, S.125, S.126, S.127, S.128, S.129",,0,,,,,S,"Euro short-term rate, Number of transactions","Euro short-term rate, Number of transactions - Unsecured - Overnight - Borrowing - Financial corporations",,_Z,0
2023-01-16,737,EST.B.EU000A2X2A25.NT,B,EU000A2X2A25,NT,A,F,,,,,P1D,,,,"ESA 2010 Sectors: S.121, S.122, S.123, S.124, S.125, S.126, S.127, S.128, S.129",,0,,,,,S,"Euro short-term rate, Number of transactions","Euro short-term rate, Number of transactions - Unsecured - Overnight - Borrowing - Financial corporations",,_Z,0
2023-01-17,698,EST.B.EU000A2X2A25.NT,B,EU000A2X2A25,NT,A,F,,,,,P1D,,,,"ESA 2010 Sectors: S.121, S.122, S.123, S.124, S.125, S.126, S.127, S.128, S.129",,0,,,,,S,"Euro short-term rate, Number of transactions","Euro short-term rate, Number of transactions - Unsecured - Overnight - Borrowing - Financial corporations",,_Z,0
2023-01-18,682,EST.B.EU000A2X2A25.NT,B,EU000A2X2A25,NT,A,F,,,,,P1D,,,,"ESA 2010 Sectors: S.121, S.122, S.123, S.124, S.125, S.126, S.127, S.128, S.129",,0,,,,,S,"Euro short-term rate, Number of transactions","Euro short-term rate, Number of transactions - Unsecured - Overnight - Borrowing - Financial corporations",,_Z,0
2023-01-19,668,EST.B.EU000A2X2A25.NT,B,EU000A2X2A25,NT,A,F,,,,,P1D,,,,"ESA 2010 Sectors: S.121, S.122, S.123, S.124, S.125, S.126, S.127, S.128, S.129",,0,,,,,S,"Euro short-term rate, Number of transactions","Euro short-term rate, Number of transactions - Unsecured - Overnight - Borrowing - Financial corporations",,_Z,0
2023-01-20,684,EST.B.EU000A2X2A25.NT,B,EU000A2X2A25,NT,A,F,,,,,P1D,,,,"ESA 2010 Sectors: S.121, S.122, S.123, S.124, S.125, S.126, S.127, S.128, S.129",,0,,,,,S,"Euro short-term rate, Number of transactions","Euro short-term rate, Number of transactions - Unsecured - Overnight - Borrowing - Financial corporations",,_Z,0
2023-01-23,686,EST.B.EU000A2X2A25.NT,B,EU000A2X2A25,NT,A,F,,,,,P1D,,,,"ESA 2010 Sectors: S.121, S.122, S.123, S.124, S.125, S.126, S.127, S.128, S.129",,0,,,,,S,"Euro short-term rate, Number of transactions","Euro short-term rate, Number of transactions - Unsecured - Overnight - Borrowing - Financial corporations",,_Z,0
2023-01-24,665,EST.B.EU000A2X2A25.NT,B,EU000A2X2A25,NT,A,F,,,,,P1D,,,,"ESA 2010 Sectors: S.121, S.122, S.123, S.124, S.125, S.126, S.127, S.128, S.129",,0,,,,,S,"Euro short-term rate, Number of transactions","Euro short-term rate, Number of transactions - Unsecured - Overnight - Borrowing - Financial corporations",,_Z,0
2023-01-25,650,EST.B.EU000A2X2A25.NT,B,EU000A2X2A25,NT,A,F,,,,,P1D,,,,"ESA 2010 Sectors: S.121, S.122, S.123, S.124, S.125, S.126, S.127, S.128, S.129",,0,,,,,S,"Euro short-term rate, Number of transactions","Euro short-term rate, Number of transactions - Unsecured - Overnight - Borrowing - Financial corporations",,_Z,0
2023-01-26,652,EST.B.EU000A2X2A25.NT,B,EU000A2X2A25,NT,A,F,,,,,P1D,,,,"ESA 2010 Sectors: S.121, S.122, S.123, S.124, S.125, S.126, S.127, S.128, S.129",,0,,,,,S,"Euro short-term rate, Number of transactions","Euro short-term rate, Number of transactions - Unsecured - Overnight - Borrowing - Financial corporations",,_Z,0
2023-01-27,654,EST.B.EU000A2X2A25.NT,B,EU000A2X2A25,NT,A,F,,,,,P1D,,,,"ESA 2010 Sectors: S.121, S.122, S.123, S.124, S.125, S.126, S.127, S.128, S.129",,0,,,,,S,"Euro short-term rate, Number of transactions","Euro short-term rate, Number of transactions - Unsecured - Overnight - Borrowing - Financial corporations",,_Z,0
2023-01-30,675,EST.B.EU000A2X2A25.NT,B,EU000A2X2A25,NT,A,F,,,,,P1D,,,,"ESA 2010 Sectors: S.121, S.122, S.123, S.124, S.125, S.126, S.127, S.128, S.129",,0,,,,,S,"Euro short-term rate, Number of transactions","Euro short-term rate, Number of transactions - Unsecured - Overnight - Borrowing - Financial corporations",,_Z,0
2023-01-31,639,EST.B.EU000A2X2A25.NT,B,EU000A2X2A25,NT,A,F,,,,,P1D,,,,"ESA 2010 Sectors: S.121, S.122, S.123, S.124, S.125, S.126, S.127, S.128, S.129",,0,,,,,S,"Euro short-term rate, Number of transactions","Euro short-term rate, Number of transactions - Unsecured - Overnight - Borrowing - Financial corporations",,_Z,0
2023-02-01,692,EST.B.EU000A2X2A25.NT,B,EU000A2X2A25,NT,A,F,,,,,P1D,,,,"ESA 2010 Sectors: S.121, S.122, S.123, S.124, S.125, S.126, S.127, S.128, S.129",,0,,,,,S,"Euro short-term rate, Number of transactions","Euro short-term rate, Number of transactions - Unsecured - Overnight - Borrowing - Financial corporations",,_Z,0
2023-02-02,694,EST.B.EU000A2X2A25.NT,B,EU000A2X2A25,NT,A,F,,,,,P1D,,,,"ESA 2010 Sectors: S.121, S.122, S.123, S.124, S.125, S.126, S.127, S.128, S.129",,0,,,,,S,"Euro short-term rate, Number of transactions","Euro short-term rate, Number of transactions - Unsecured - Overnight - Borrowing - Financial corporations",,_Z,0
2023-02-03,659,EST.B.EU000A2X2A25.NT,B,EU000A2X2A25,NT,A,F,,,,,P1D,,,,"ESA 2010 Sectors: S.121, S.122, S.123, S.124, S.125, S.126, S.127, S.128, S.129",,0,,,,,S,"Euro short-term rate, Number of transactions","Euro short-term rate, Number of transactions - Unsecured - Overnight - Borrowing - Financial corporations",,_Z,0
2023-02-06,677,EST.B.EU000A2X2A25.NT,B,EU000A2X2A25,NT,A,F,,,,,P1D,,,,"ESA 2010 Sectors: S.121, S.122, S.123, S.124, S.125, S.126, S.127, S.128, S.129",,0,,,,,S,"Euro short-term rate, Number of transactions","Euro short-term rate, Number of transactions - Unsecured - Overnight - Borrowing - Financial corporations",,_Z,0
2023-02-07,715,EST.B.EU000A2X2A25.NT,B,EU000A2X2A25,NT,A,F,,,,,P1D,,,,"ESA 2010 Sectors: S.121, S.122, S.123, S.124, S.125, S.126, S.127, S.128, S.129",,0,,,,,S,"Euro short-term rate, Number of transactions","Euro short-term rate, Number of transactions - Unsecured - Overnight - Borrowing - Financial corporations",,_Z,0
2023-02-08,715,EST.B.EU000A2X2A25.NT,B,EU000A2X2A25,NT,A,F,,,,,P1D,,,,"ESA 2010 Sectors: S.121, S.122, S.123, S.124, S.125, S.126, S.127, S.128, S.129",,0,,,,,S,"Euro short-term rate, Number of transactions","Euro short-term rate, Number of transactions - Unsecured - Overnight - Borrowing - Financial corporations",,_Z,0
2023-02-09,680,EST.B.EU000A2X2A25.NT,B,EU000A2X2A25,NT,A,F,,,,,P1D,,,,"ESA 2010 Sectors: S.121, S.122, S.123, S.124, S.125, S.126, S.127, S.128, S.129",,0,,,,,S,"Euro short-term rate, Number of transactions","Euro short-term rate, Number of transactions - Unsecured - Overnight - Borrowing - Financial corporations",,_Z,0
2023-02-10,671,EST.B.EU000A2X2A25.NT,B,EU000A2X2A25,NT,A,F,,,,,P1D,,,,"ESA 2010 Sectors: S.121, S.122, S.123, S.124, S.125, S.126, S.127, S.128, S.129",,0,,,,,S,"Euro short-term rate, Number of transactions","Euro short-term rate, Number of transactions - Unsecured - Overnight - Borrowing - Financial corporations",,_Z,0
2023-02-13,698,EST.B.EU000A2X2A25.NT,B,EU000A2X2A25,NT,A,F,,,,,P1D,,,,"ESA 2010 Sectors: S.121, S.122, S.123, S.124, S.125, S.126, S.127, S.128, S.129",,0,,,,,S,"Euro short-term rate, Number of transactions","Euro short-term rate, Number of transactions - Unsecured - Overnight - Borrowing - Financial corporations",,_Z,0
2023-02-14,706,EST.B.EU000A2X2A25.NT,B,EU000A2X2A25,NT,A,F,,,,,P1D,,,,"ESA 2010 Sectors: S.121, S.122, S.123, S.124, S.125, S.126, S.127, S.128, S.129",,0,,,,,S,"Euro short-term rate, Number of transactions","Euro short-term rate, Number of transactions - Unsecured - Overnight - Borrowing - Financial corporations",,_Z,0
2023-02-15,713,EST.B.EU000A2X2A25.NT,B,EU000A2X2A25,NT,A,F,,,,,P1D,,,,"ESA 2010 Sectors: S.121, S.122, S.123, S.124, S.125, S.126, S.127, S.128, S.129",,0,,,,,S,"Euro short-term rate, Number of transactions","Euro short-term rate, Number of transactions - Unsecured - Overnight - Borrowing - Financial corporations",,_Z,0
2023-02-16,668,EST.B.EU000A2X2A25.NT,B,EU000A2X2A25,NT,A,F,,,,,P1D,,,,"ESA 2010 Sectors: S.121, S.122, S.123, S.124, S.125, S.126, S.127, S.128, S.129",,0,,,,,S,"Euro short-term rate, Number of transactions","Euro short-term rate, Number of transactions - Unsecured - Overnight - Borrowing - Financial corporations",,_Z,0
2023-02-17,691,EST.B.EU000A2X2A25.NT,B,EU000A2X2A25,NT,A,F,,,,,P1D,,,,"ESA 2010 Sectors: S.121, S.122, S.123, S.124, S.125, S.126, S.127, S.128, S.129",,0,,,,,S,"Euro short-term rate, Number of transactions","Euro short-term rate, Number of transactions - Unsecured - Overnight - Borrowing - Financial corporations",,_Z,0
2023-02-20,680,EST.B.EU000A2X2A25.NT,B,EU000A2X2A25,NT,A,F,,,,,P1D,,,,"ESA 2010 Sectors: S.121, S.122, S.123, S.124, S.125, S.126, S.127, S.128, S.129",,0,,,,,S,"Euro short-term rate, Number of transactions","Euro short-term rate, Number of transactions - Unsecured - Overnight - Borrowing - Financial corporations",,_Z,0
2023-02-21,699,EST.B.EU000A2X2A25.NT,B,EU000A2X2A25,NT,A,F,,,,,P1D,,,,"ESA 2010 Sectors: S.121, S.122, S.123, S.124, S.125, S.126, S.127, S.128, S.129",,0,,,,,S,"Euro short-term rate, Number of transactions","Euro short-term rate, Number of transactions - Unsecured - Overnight - Borrowing - Financial corporations",,_Z,0
2023-02-22,710,EST.B.EU000A2X2A25.NT,B,EU000A2X2A25,NT,A,F,,,,,P1D,,,,"ESA 2010 Sectors: S.121, S.122, S.123, S.124, S.125, S.126, S.127, S.128, S.129",,0,,,,,S,"Euro short-term rate, Number of transactions","Euro short-term rate, Number of transactions - Unsecured - Overnight - Borrowing - Financial corporations",,_Z,0
2023-02-23,701,EST.B.EU000A2X2A25.NT,B,EU000A2X2A25,NT,A,F,,,,,P1D,,,,"ESA 2010 Sectors: S.121, S.122, S.123, S.124, S.125, S.126, S.127, S.128, S.129",,0,,,,,S,"Euro short-term rate, Number of transactions","Euro short-term rate, Number of transactions - Unsecured - Overnight - Borrowing - Financial corporations",,_Z,0
2023-02-24,690,EST.B.EU000A2X2A25.NT,B,EU000A2X2A25,NT,A,F,,,,,P1D,,,,"ESA 2010 Sectors: S.121, S.122, S.123, S.124, S.125, S.126, S.127, S.128, S.129",,0,,,,,S,"Euro short-term rate, Number of transactions","Euro short-term rate, Number of transactions - Unsecured - Overnight - Borrowing - Financial corporations",,_Z,0
2023-02-27,685,EST.B.EU000A2X2A25.NT,B,EU000A2X2A25,NT,A,F,,,,,P1D,,,,"ESA 2010 Sectors: S.121, S.122, S.123, S.124, S.125, S.126, S.127, S.128, S.129",,0,,,,,S,"Euro short-term rate, Number of transactions","Euro short-term rate, Number of transactions - Unsecured - Overnight - Borrowing - Financial corporations",,_Z,0
2023-02-28,656,EST.B.EU000A2X2A25.NT,B,EU000A2X2A25,NT,A,F,,,,,P1D,,,,"ESA 2010 Sectors: S.121, S.122, S.123, S.124, S.125, S.126, S.127, S.128, S.129",,0,,,,,S,"Euro short-term rate, Number of transactions","Euro short-term rate, Number of transactions - Unsecured - Overnight - Borrowing - Financial corporations",,_Z,0
2023-03-01,687,EST.B.EU000A2X2A25.NT,B,EU000A2X2A25,NT,A,F,,,,,P1D,,,,"ESA 2010 Sectors: S.121, S.122, S.123, S.124, S.125, S.126, S.127, S.128, S.129",,0,,,,,S,"Euro short-term rate, Number of transactions","Euro short-term rate, Number of transactions - Unsecured - Overnight - Borrowing - Financial corporations",,_Z,0
2023-03-02,663,EST.B.EU000A2X2A25.NT,B,EU000A2X2A25,NT,A,F,,,,,P1D,,,,"ESA 2010 Sectors: S.121, S.122, S.123, S.124, S.125, S.126, S.127, S.128, S.129",,0,,,,,S,"Euro short-term rate, Number of transactions","Euro short-term rate, Number of transactions - Unsecured - Overnight - Borrowing - Financial corporations",,_Z,0
2023-03-03,669,EST.B.EU000A2X2A25.NT,B,EU000A2X2A25,NT,A,F,,,,,P1D,,,,"ESA 2010 Sectors: S.121, S.122, S.123, S.124, S.125, S.126, S.127, S.128, S.129",,0,,,,,S,"Euro short-term rate, Number of transactions","Euro short-term rate, Number of transactions - Unsecured - Overnight - Borrowing - Financial corporations",,_Z,0
2023-03-06,703,EST.B.EU000A2X2A25.NT,B,EU000A2X2A25,NT,A,F,,,,,P1D,,,,"ESA 2010 Sectors: S.121, S.122, S.123, S.124, S.125, S.126, S.127, S.128, S.129",,0,,,,,S,"Euro short-term rate, Number of transactions","Euro short-term rate, Number of transactions - Unsecured - Overnight - Borrowing - Financial corporations",,_Z,0
2023-03-07,683,EST.B.EU000A2X2A25.NT,B,EU000A2X2A25,NT,A,F,,,,,P1D,,,,"ESA 2010 Sectors: S.121, S.122, S.123, S.124, S.125, S.126, S.127, S.128, S.129",,0,,,,,S,"Euro short-term rate, Number of transactions","Euro short-term rate, Number of transactions - Unsecured - Overnight - Borrowing - Financial corporations",,_Z,0
2023-03-08,666,EST.B.EU000A2X2A25.NT,B,EU000A2X2A25,NT,A,F,,,,,P1D,,,,"ESA 2010 Sectors: S.121, S.122, S.123, S.124, S.125, S.126, S.127, S.128, S.129",,0,,,,,S,"Euro short-term rate, Number of transactions","Euro short-term rate, Number of transactions - Unsecured - Overnight - Borrowing - Financial corporations",,_Z,0
2023-03-09,701,EST.B.EU000A2X2A25.NT,B,EU000A2X2A25,NT,A,F,,,,,P1D,,,,"ESA 2010 Sectors: S.121, S.122, S.123, S.124, S.125, S.126, S.127, S.128, S.129",,0,,,,,S,"Euro short-term rate, Number of transactions","Euro short-term rate, Number of transactions - Unsecured - Overnight - Borrowing - Financial corporations",,_Z,0
2023-03-10,682,EST.B.EU000A2X2A25.NT,B,EU000A2X2A25,NT,A,F,,,,,P1D,,,,"ESA 2010 Sectors: S.121, S.122, S.123, S.124, S.125, S.126, S.127, S.128, S.129",,0,,,,,S,"Euro short-term rate, Number of transactions","Euro short-term rate, Number of transactions - Unsecured - Overnight - Borrowing - Financial corporations",,_Z,0
2023-03-13,696,EST.B.EU000A2X2A25.NT,B,EU000A2X2A25,NT,A,F,,,,,P1D,,,,"ESA 2010 Sectors: S.121, S.122, S.123, S.124, S.125, S.126, S.127, S.128, S.129",,0,,,,,S,"Euro short-term rate, Number of transactions","Euro short-term rate, Number of transactions - Unsecured - Overnight - Borrowing - Financial corporations",,_Z,0
2023-03-14,695,EST.B.EU000A2X2A25.NT,B,EU000A2X2A25,NT,A,F,,,,,P1D,,,,"ESA 2010 Sectors: S.121, S.122, S.123, S.124, S.125, S.126, S.127, S.128, S.129",,0,,,,,S,"Euro short-term rate, Number of transactions","Euro short-term rate, Number of transactions - Unsecured - Overnight - Borrowing - Financial corporations",,_Z,0
2023-03-15,666,EST.B.EU000A2X2A25.NT,B,EU000A2X2A25,NT,A,F,,,,,P1D,,,,"ESA 2010 Sectors: S.121, S.122, S.123, S.124, S.125, S.126, S.127, S.128, S.129",,0,,,,,S,"Euro short-term rate, Number of transactions","Euro short-term rate, Number of transactions - Unsecured - Overnight - Borrowing - Financial corporations",,_Z,0
2023-03-16,710,EST.B.EU000A2X2A25.NT,B,EU000A2X2A25,NT,A,F,,,,,P1D,,,,"ESA 2010 Sectors: S.121, S.122, S.123, S.124, S.125, S.126, S.127, S.128, S.129",,0,,,,,S,"Euro short-term rate, Number of transactions","Euro short-term rate, Number of transactions - Unsecured - Overnight - Borrowing - Financial corporations",,_Z,0
2023-03-17,674,EST.B.EU000A2X2A25.NT,B,EU000A2X2A25,NT,A,F,,,,,P1D,,,,"ESA 2010 Sectors: S.121, S.122, S.123, S.124, S.125, S.126, S.127, S.128, S.129",,0,,,,,S,"Euro short-term rate, Number of transactions","Euro short-term rate, Number of transactions - Unsecured - Overnight - Borrowing - Financial corporations",,_Z,0
2023-03-20,709,EST.B.EU000A2X2A25.NT,B,EU000A2X2A25,NT,A,F,,,,,P1D,,,,"ESA 2010 Sectors: S.121, S.122, S.123, S.124, S.125, S.126, S.127, S.128, S.129",,0,,,,,S,"Euro short-term rate, Number of transactions","Euro short-term rate, Number of transactions - Unsecured - Overnight - Borrowing - Financial corporations",,_Z,0
2023-03-21,731,EST.B.EU000A2X2A25.NT,B,EU000A2X2A25,NT,A,F,,,,,P1D,,,,"ESA 2010 Sectors: S.121, S.122, S.123, S.124, S.125, S.126, S.127, S.128, S.129",,0,,,,,S,"Euro short-term rate, Number of transactions","Euro short-term rate, Number of transactions - Unsecured - Overnight - Borrowing - Financial corporations",,_Z,0
2023-03-22,742,EST.B.EU000A2X2A25.NT,B,EU000A2X2A25,NT,A,F,,,,,P1D,,,,"ESA 2010 Sectors: S.121, S.122, S.123, S.124, S.125, S.126, S.127, S.128, S.129",,0,,,,,S,"Euro short-term rate, Number of transactions","Euro short-term rate, Number of transactions - Unsecured - Overnight - Borrowing - Financial corporations",,_Z,0
2023-03-23,750,EST.B.EU000A2X2A25.NT,B,EU000A2X2A25,NT,A,F,,,,,P1D,,,,"ESA 2010 Sectors: S.121, S.122, S.123, S.124, S.125, S.126, S.127, S.128, S.129",,0,,,,,S,"Euro short-term rate, Number of transactions","Euro short-term rate, Number of transactions - Unsecured - Overnight - Borrowing - Financial corporations",,_Z,0
2023-03-24,710,EST.B.EU000A2X2A25.NT,B,EU000A2X2A25,NT,A,F,,,,,P1D,,,,"ESA 2010 Sectors: S.121, S.122, S.123, S.124, S.125, S.126, S.127, S.128, S.129",,0,,,,,S,"Euro short-term rate, Number of transactions","Euro short-term rate, Number of transactions - Unsecured - Overnight - Borrowing - Financial corporations",,_Z,0
2023-03-27,665,EST.B.EU000A2X2A25.NT,B,EU000A2X2A25,NT,A,F,,,,,P1D,,,,"ESA 2010 Sectors: S.121, S.122, S.123, S.124, S.125, S.126, S.127, S.128, S.129",,0,,,,,S,"Euro short-term rate, Number of transactions","Euro short-term rate, Number of transactions - Unsecured - Overnight - Borrowing - Financial corporations",,_Z,0
2023-03-28,740,EST.B.EU000A2X2A25.NT,B,EU000A2X2A25,NT,A,F,,,,,P1D,,,,"ESA 2010 Sectors: S.121, S.122, S.123, S.124, S.125, S.126, S.127, S.128, S.129",,0,,,,,S,"Euro short-term rate, Number of transactions","Euro short-term rate, Number of transactions - Unsecured - Overnight - Borrowing - Financial corporations",,_Z,0
2023-03-29,730,EST.B.EU000A2X2A25.NT,B,EU000A2X2A25,NT,A,F,,,,,P1D,,,,"ESA 2010 Sectors: S.121, S.122, S.123, S.124, S.125, S.126, S.127, S.128, S.129",,0,,,,,S,"Euro short-term rate, Number of transactions","Euro short-term rate, Number of transactions - Unsecured - Overnight - Borrowing - Financial corporations",,_Z,0
2023-03-30,698,EST.B.EU000A2X2A25.NT,B,EU000A2X2A25,NT,A,F,,,,,P1D,,,,"ESA 2010 Sectors: S.121, S.122, S.123, S.124, S.125, S.126, S.127, S.128, S.129",,0,,,,,S,"Euro short-term rate, Number of transactions","Euro short-term rate, Number of transactions - Unsecured - Overnight - Borrowing - Financial corporations",,_Z,0
2023-03-31,651,EST.B.EU000A2X2A25.NT,B,EU000A2X2A25,NT,A,F,,,,,P1D,,,,"ESA 2010 Sectors: S.121, S.122, S.123, S.124, S.125, S.126, S.127, S.128, S.129",,0,,,,,S,"Euro short-term rate, Number of transactions","Euro short-term rate, Number of transactions - Unsecured - Overnight - Borrowing - Financial corporations",,_Z,0
2023-04-03,701,EST.B.EU000A2X2A25.NT,B,EU000A2X2A25,NT,A,F,,,,,P1D,,,,"ESA 2010 Sectors: S.121, S.122, S.123, S.124, S.125, S.126, S.127, S.128, S.129",,0,,,,,S,"Euro short-term rate, Number of transactions","Euro short-term rate, Number of transactions - Unsecured - Overnight - Borrowing - Financial corporations",,_Z,0
2023-04-04,673,EST.B.EU000A2X2A25.NT,B,EU000A2X2A25,NT,A,F,,,,,P1D,,,,"ESA 2010 Sectors: S.121, S.122, S.123, S.124, S.125, S.126, S.127, S.128, S.129",,0,,,,,S,"Euro short-term rate, Number of transactions","Euro short-term rate, Number of transactions - Unsecured - Overnight - Borrowing - Financial corporations",,_Z,0
2023-04-05,665,EST.B.EU000A2X2A25.NT,B,EU000A2X2A25,NT,A,F,,,,,P1D,,,,"ESA 2010 Sectors: S.121, S.122, S.123, S.124, S.125, S.126, S.127, S.128, S.129",,0,,,,,S,"Euro short-term rate, Number of transactions","Euro short-term rate, Number of transactions - Unsecured - Overnight - Borrowing - Financial corporations",,_Z,0
2023-04-06,614,EST.B.EU000A2X2A25.NT,B,EU000A2X2A25,NT,A,F,,,,,P1D,,,,"ESA 2010 Sectors: S.121, S.122, S.123, S.124, S.125, S.126, S.127, S.128, S.129",,0,,,,,S,"Euro short-term rate, Number of transactions","Euro short-term rate, Number of transactions - Unsecured - Overnight - Borrowing - Financial corporations",,_Z,0
2023-04-11,656,EST.B.EU000A2X2A25.NT,B,EU000A2X2A25,NT,A,F,,,,,P1D,,,,"ESA 2010 Sectors: S.121, S.122, S.123, S.124, S.125, S.126, S.127, S.128, S.129",,0,,,,,S,"Euro short-term rate, Number of transactions","Euro short-term rate, Number of transactions - Unsecured - Overnight - Borrowing - Financial corporations",,_Z,0
2023-04-12,712,EST.B.EU000A2X2A25.NT,B,EU000A2X2A25,NT,A,F,,,,,P1D,,,,"ESA 2010 Sectors: S.121, S.122, S.123, S.124, S.125, S.126, S.127, S.128, S.129",,0,,,,,S,"Euro short-term rate, Number of transactions","Euro short-term rate, Number of transactions - Unsecured - Overnight - Borrowing - Financial corporations",,_Z,0
2023-04-13,650,EST.B.EU000A2X2A25.NT,B,EU000A2X2A25,NT,A,F,,,,,P1D,,,,"ESA 2010 Sectors: S.121, S.122, S.123, S.124, S.125, S.126, S.127, S.128, S.129",,0,,,,,S,"Euro short-term rate, Number of transactions","Euro short-term rate, Number of transactions - Unsecured - Overnight - Borrowing - Financial corporations",,_Z,0
2023-04-14,617,EST.B.EU000A2X2A25.NT,B,EU000A2X2A25,NT,A,F,,,,,P1D,,,,"ESA 2010 Sectors: S.121, S.122, S.123, S.124, S.125, S.126, S.127, S.128, S.129",,0,,,,,S,"Euro short-term rate, Number of transactions","Euro short-term rate, Number of transactions - Unsecured - Overnight - Borrowing - Financial corporations",,_Z,0
2023-04-17,655,EST.B.EU000A2X2A25.NT,B,EU000A2X2A25,NT,A,F,,,,,P1D,,,,"ESA 2010 Sectors: S.121, S.122, S.123, S.124, S.125, S.126, S.127, S.128, S.129",,0,,,,,S,"Euro short-term rate, Number of transactions","Euro short-term rate, Number of transactions - Unsecured - Overnight - Borrowing - Financial corporations",,_Z,0
2023-04-18,739,EST.B.EU000A2X2A25.NT,B,EU000A2X2A25,NT,A,F,,,,,P1D,,,,"ESA 2010 Sectors: S.121, S.122, S.123, S.124, S.125, S.126, S.127, S.128, S.129",,0,,,,,S,"Euro short-term rate, Number of transactions","Euro short-term rate, Number of transactions - Unsecured - Overnight - Borrowing - Financial corporations",,_Z,0
2023-04-19,697,EST.B.EU000A2X2A25.NT,B,EU000A2X2A25,NT,A,F,,,,,P1D,,,,"ESA 2010 Sectors: S.121, S.122, S.123, S.124, S.125, S.126, S.127, S.128, S.129",,0,,,,,S,"Euro short-term rate, Number of transactions","Euro short-term rate, Number of transactions - Unsecured - Overnight - Borrowing - Financial corporations",,_Z,0
2023-04-20,642,EST.B.EU000A2X2A25.NT,B,EU000A2X2A25,NT,A,F,,,,,P1D,,,,"ESA 2010 Sectors: S.121, S.122, S.123, S.124, S.125, S.126, S.127, S.128, S.129",,0,,,,,S,"Euro short-term rate, Number of transactions","Euro short-term rate, Number of transactions - Unsecured - Overnight - Borrowing - Financial corporations",,_Z,0
2023-04-21,610,EST.B.EU000A2X2A25.NT,B,EU000A2X2A25,NT,A,F,,,,,P1D,,,,"ESA 2010 Sectors: S.121, S.122, S.123, S.124, S.125, S.126, S.127, S.128, S.129",,0,,,,,S,"Euro short-term rate, Number of transactions","Euro short-term rate, Number of transactions - Unsecured - Overnight - Borrowing - Financial corporations",,_Z,0
2023-04-24,647,EST.B.EU000A2X2A25.NT,B,EU000A2X2A25,NT,A,F,,,,,P1D,,,,"ESA 2010 Sectors: S.121, S.122, S.123, S.124, S.125, S.126, S.127, S.128, S.129",,0,,,,,S,"Euro short-term rate, Number of transactions","Euro short-term rate, Number of transactions - Unsecured - Overnight - Borrowing - Financial corporations",,_Z,0
2023-04-25,704,EST.B.EU000A2X2A25.NT,B,EU000A2X2A25,NT,A,F,,,,,P1D,,,,"ESA 2010 Sectors: S.121, S.122, S.123, S.124, S.125, S.126, S.127, S.128, S.129",,0,,,,,S,"Euro short-term rate, Number of transactions","Euro short-term rate, Number of transactions - Unsecured - Overnight - Borrowing - Financial corporations",,_Z,0
2023-04-26,686,EST.B.EU000A2X2A25.NT,B,EU000A2X2A25,NT,A,F,,,,,P1D,,,,"ESA 2010 Sectors: S.121, S.122, S.123, S.124, S.125, S.126, S.127, S.128, S.129",,0,,,,,S,"Euro short-term rate, Number of transactions","Euro short-term rate, Number of transactions - Unsecured - Overnight - Borrowing - Financial corporations",,_Z,0
2023-04-27,665,EST.B.EU000A2X2A25.NT,B,EU000A2X2A25,NT,A,F,,,,,P1D,,,,"ESA 2010 Sectors: S.121, S.122, S.123, S.124, S.125, S.126, S.127, S.128, S.129",,0,,,,,S,"Euro short-term rate, Number of transactions","Euro short-term rate, Number of transactions - Unsecured - Overnight - Borrowing - Financial corporations",,_Z,0
2023-04-28,606,EST.B.EU000A2X2A25.NT,B,EU000A2X2A25,NT,A,F,,,,,P1D,,,,"ESA 2010 Sectors: S.121, S.122, S.123, S.124, S.125, S.126, S.127, S.128, S.129",,0,,,,,S,"Euro short-term rate, Number of transactions","Euro short-term rate, Number of transactions - Unsecured - Overnight - Borrowing - Financial corporations",,_Z,0
2023-05-02,675,EST.B.EU000A2X2A25.NT,B,EU000A2X2A25,NT,A,F,,,,,P1D,,,,"ESA 2010 Sectors: S.121, S.122, S.123, S.124, S.125, S.126, S.127, S.128, S.129",,0,,,,,S,"Euro short-term rate, Number of transactions","Euro short-term rate, Number of transactions - Unsecured - Overnight - Borrowing - Financial corporations",,_Z,0
2023-05-03,677,EST.B.EU000A2X2A25.NT,B,EU000A2X2A25,NT,A,F,,,,,P1D,,,,"ESA 2010 Sectors: S.121, S.122, S.123, S.124, S.125, S.126, S.127, S.128, S.129",,0,,,,,S,"Euro short-term rate, Number of transactions","Euro short-term rate, Number of transactions - Unsecured - Overnight - Borrowing - Financial corporations",,_Z,0
2023-05-04,678,EST.B.EU000A2X2A25.NT,B,EU000A2X2A25,NT,A,F,,,,,P1D,,,,"ESA 2010 Sectors: S.121, S.122, S.123, S.124, S.125, S.126, S.127, S.128, S.129",,0,,,,,S,"Euro short-term rate, Number of transactions","Euro short-term rate, Number of transactions - Unsecured - Overnight - Borrowing - Financial corporations",,_Z,0
2023-05-05,541,EST.B.EU000A2X2A25.NT,B,EU000A2X2A25,NT,A,F,,,,,P1D,,,,"ESA 2010 Sectors: S.121, S.122, S.123, S.124, S.125, S.126, S.127, S.128, S.129",,0,,,,,S,"Euro short-term rate, Number of transactions","Euro short-term rate, Number of transactions - Unsecured - Overnight - Borrowing - Financial corporations",,_Z,0
2023-05-08,527,EST.B.EU000A2X2A25.NT,B,EU000A2X2A25,NT,A,F,,,,,P1D,,,,"ESA 2010 Sectors: S.121, S.122, S.123, S.124, S.125, S.126, S.127, S.128, S.129",,0,,,,,S,"Euro short-term rate, Number of transactions","Euro short-term rate, Number of transactions - Unsecured - Overnight - Borrowing - Financial corporations",,_Z,0
2023-05-09,677,EST.B.EU000A2X2A25.NT,B,EU000A2X2A25,NT,A,F,,,,,P1D,,,,"ESA 2010 Sectors: S.121, S.122, S.123, S.124, S.125, S.126, S.127, S.128, S.129",,0,,,,,S,"Euro short-term rate, Number of transactions","Euro short-term rate, Number of transactions - Unsecured - Overnight - Borrowing - Financial corporations",,_Z,0
2023-05-10,707,EST.B.EU000A2X2A25.NT,B,EU000A2X2A25,NT,A,F,,,,,P1D,,,,"ESA 2010 Sectors: S.121, S.122, S.123, S.124, S.125, S.126, S.127, S.128, S.129",,0,,,,,S,"Euro short-term rate, Number of transactions","Euro short-term rate, Number of transactions - Unsecured - Overnight - Borrowing - Financial corporations",,_Z,0
2023-05-11,707,EST.B.EU000A2X2A25.NT,B,EU000A2X2A25,NT,A,F,,,,,P1D,,,,"ESA 2010 Sectors: S.121, S.122, S.123, S.124, S.125, S.126, S.127, S.128, S.129",,0,,,,,S,"Euro short-term rate, Number of transactions","Euro short-term rate, Number of transactions - Unsecured - Overnight - Borrowing - Financial corporations",,_Z,0
2023-05-12,697,EST.B.EU000A2X2A25.NT,B,EU000A2X2A25,NT,A,F,,,,,P1D,,,,"ESA 2010 Sectors: S.121, S.122, S.123, S.124, S.125, S.126, S.127, S.128, S.129",,0,,,,,S,"Euro short-term rate, Number of transactions","Euro short-term rate, Number of transactions - Unsecured - Overnight - Borrowing - Financial corporations",,_Z,0
2023-05-15,725,EST.B.EU000A2X2A25.NT,B,EU000A2X2A25,NT,A,F,,,,,P1D,,,,"ESA 2010 Sectors: S.121, S.122, S.123, S.124, S.125, S.126, S.127, S.128, S.129",,0,,,,,S,"Euro short-term rate, Number of transactions","Euro short-term rate, Number of transactions - Unsecured - Overnight - Borrowing - Financial corporations",,_Z,0
2023-05-16,734,EST.B.EU000A2X2A25.NT,B,EU000A2X2A25,NT,A,F,,,,,P1D,,,,"ESA 2010 Sectors: S.121, S.122, S.123, S.124, S.125, S.126, S.127, S.128, S.129",,0,,,,,S,"Euro short-term rate, Number of transactions","Euro short-term rate, Number of transactions - Unsecured - Overnight - Borrowing - Financial corporations",,_Z,0
2023-05-17,557,EST.B.EU000A2X2A25.NT,B,EU000A2X2A25,NT,A,F,,,,,P1D,,,,"ESA 2010 Sectors: S.121, S.122, S.123, S.124, S.125, S.126, S.127, S.128, S.129",,0,,,,,S,"Euro short-term rate, Number of transactions","Euro short-term rate, Number of transactions - Unsecured - Overnight - Borrowing - Financial corporations",,_Z,0
2023-05-18,479,EST.B.EU000A2X2A25.NT,B,EU000A2X2A25,NT,A,F,,,,,P1D,,,,"ESA 2010 Sectors: S.121, S.122, S.123, S.124, S.125, S.126, S.127, S.128, S.129",,0,,,,,S,"Euro short-term rate, Number of transactions","Euro short-term rate, Number of transactions - Unsecured - Overnight - Borrowing - Financial corporations",,_Z,0
2023-05-19,680,EST.B.EU000A2X2A25.NT,B,EU000A2X2A25,NT,A,F,,,,,P1D,,,,"ESA 2010 Sectors: S.121, S.122, S.123, S.124, S.125, S.126, S.127, S.128, S.129",,0,,,,,S,"Euro short-term rate, Number of transactions","Euro short-term rate, Number of transactions - Unsecured - Overnight - Borrowing - Financial corporations",,_Z,0
2023-05-22,724,EST.B.EU000A2X2A25.NT,B,EU000A2X2A25,NT,A,F,,,,,P1D,,,,"ESA 2010 Sectors: S.121, S.122, S.123, S.124, S.125, S.126, S.127, S.128, S.129",,0,,,,,S,"Euro short-term rate, Number of transactions","Euro short-term rate, Number of transactions - Unsecured - Overnight - Borrowing - Financial corporations",,_Z,0
2023-05-23,684,EST.B.EU000A2X2A25.NT,B,EU000A2X2A25,NT,A,F,,,,,P1D,,,,"ESA 2010 Sectors: S.121, S.122, S.123, S.124, S.125, S.126, S.127, S.128, S.129",,0,,,,,S,"Euro short-term rate, Number of transactions","Euro short-term rate, Number of transactions - Unsecured - Overnight - Borrowing - Financial corporations",,_Z,0
2023-05-24,699,EST.B.EU000A2X2A25.NT,B,EU000A2X2A25,NT,A,F,,,,,P1D,,,,"ESA 2010 Sectors: S.121, S.122, S.123, S.124, S.125, S.126, S.127, S.128, S.129",,0,,,,,S,"Euro short-term rate, Number of transactions","Euro short-term rate, Number of transactions - Unsecured - Overnight - Borrowing - Financial corporations",,_Z,0
2023-05-25,717,EST.B.EU000A2X2A25.NT,B,EU000A2X2A25,NT,A,F,,,,,P1D,,,,"ESA 2010 Sectors: S.121, S.122, S.123, S.124, S.125, S.126, S.127, S.128, S.129",,0,,,,,S,"Euro short-term rate, Number of transactions","Euro short-term rate, Number of transactions - Unsecured - Overnight - Borrowing - Financial corporations",,_Z,0
2023-05-26,447,EST.B.EU000A2X2A25.NT,B,EU000A2X2A25,NT,A,F,,,,,P1D,,,,"ESA 2010 Sectors: S.121, S.122, S.123, S.124, S.125, S.126, S.127, S.128, S.129",,0,,,,,S,"Euro short-term rate, Number of transactions","Euro short-term rate, Number of transactions - Unsecured - Overnight - Borrowing - Financial corporations",,_Z,0
2023-05-29,294,EST.B.EU000A2X2A25.NT,B,EU000A2X2A25,NT,A,F,,,,,P1D,,,,"ESA 2010 Sectors: S.121, S.122, S.123, S.124, S.125, S.126, S.127, S.128, S.129",,0,,,,,S,"Euro short-term rate, Number of transactions","Euro short-term rate, Number of transactions - Unsecured - Overnight - Borrowing - Financial corporations",,_Z,0
2023-05-30,728,EST.B.EU000A2X2A25.NT,B,EU000A2X2A25,NT,A,F,,,,,P1D,,,,"ESA 2010 Sectors: S.121, S.122, S.123, S.124, S.125, S.126, S.127, S.128, S.129",,0,,,,,S,"Euro short-term rate, Number of transactions","Euro short-term rate, Number of transactions - Unsecured - Overnight - Borrowing - Financial corporations",,_Z,0
2023-05-31,673,EST.B.EU000A2X2A25.NT,B,EU000A2X2A25,NT,A,F,,,,,P1D,,,,"ESA 2010 Sectors: S.121, S.122, S.123, S.124, S.125, S.126, S.127, S.128, S.129",,0,,,,,S,"Euro short-term rate, Number of transactions","Euro short-term rate, Number of transactions - Unsecured - Overnight - Borrowing - Financial corporations",,_Z,0
2023-06-01,703,EST.B.EU000A2X2A25.NT,B,EU000A2X2A25,NT,A,F,,,,,P1D,,,,"ESA 2010 Sectors: S.121, S.122, S.123, S.124, S.125, S.126, S.127, S.128, S.129",,0,,,,,S,"Euro short-term rate, Number of transactions","Euro short-term rate, Number of transactions - Unsecured - Overnight - Borrowing - Financial corporations",,_Z,0
2023-06-02,651,EST.B.EU000A2X2A25.NT,B,EU000A2X2A25,NT,A,F,,,,,P1D,,,,"ESA 2010 Sectors: S.121, S.122, S.123, S.124, S.125, S.126, S.127, S.128, S.129",,0,,,,,S,"Euro short-term rate, Number of transactions","Euro short-term rate, Number of transactions - Unsecured - Overnight - Borrowing - Financial corporations",,_Z,0
2023-06-05,694,EST.B.EU000A2X2A25.NT,B,EU000A2X2A25,NT,A,F,,,,,P1D,,,,"ESA 2010 Sectors: S.121, S.122, S.123, S.124, S.125, S.126, S.127, S.128, S.129",,0,,,,,S,"Euro short-term rate, Number of transactions","Euro short-term rate, Number of transactions - Unsecured - Overnight - Borrowing - Financial corporations",,_Z,0
2023-06-06,734,EST.B.EU000A2X2A25.NT,B,EU000A2X2A25,NT,A,F,,,,,P1D,,,,"ESA 2010 Sectors: S.121, S.122, S.123, S.124, S.125, S.126, S.127, S.128, S.129",,0,,,,,S,"Euro short-term rate, Number of transactions","Euro short-term rate, Number of transactions - Unsecured - Overnight - Borrowing - Financial corporations",,_Z,0
2023-06-07,684,EST.B.EU000A2X2A25.NT,B,EU000A2X2A25,NT,A,F,,,,,P1D,,,,"ESA 2010 Sectors: S.121, S.122, S.123, S.124, S.125, S.126, S.127, S.128, S.129",,0,,,,,S,"Euro short-term rate, Number of transactions","Euro short-term rate, Number of transactions - Unsecured - Overnight - Borrowing - Financial corporations",,_Z,0
2023-06-08,655,EST.B.EU000A2X2A25.NT,B,EU000A2X2A25,NT,A,F,,,,,P1D,,,,"ESA 2010 Sectors: S.121, S.122, S.123, S.124, S.125, S.126, S.127, S.128, S.129",,0,,,,,S,"Euro short-term rate, Number of transactions","Euro short-term rate, Number of transactions - Unsecured - Overnight - Borrowing - Financial corporations",,_Z,0
2023-06-09,715,EST.B.EU000A2X2A25.NT,B,EU000A2X2A25,NT,A,F,,,,,P1D,,,,"ESA 2010 Sectors: S.121, S.122, S.123, S.124, S.125, S.126, S.127, S.128, S.129",,0,,,,,S,"Euro short-term rate, Number of transactions","Euro short-term rate, Number of transactions - Unsecured - Overnight - Borrowing - Financial corporations",,_Z,0
2023-06-12,757,EST.B.EU000A2X2A25.NT,B,EU000A2X2A25,NT,A,F,,,,,P1D,,,,"ESA 2010 Sectors: S.121, S.122, S.123, S.124, S.125, S.126, S.127, S.128, S.129",,0,,,,,S,"Euro short-term rate, Number of transactions","Euro short-term rate, Number of transactions - Unsecured - Overnight - Borrowing - Financial corporations",,_Z,0
2023-06-13,724,EST.B.EU000A2X2A25.NT,B,EU000A2X2A25,NT,A,F,,,,,P1D,,,,"ESA 2010 Sectors: S.121, S.122, S.123, S.124, S.125, S.126, S.127, S.128, S.129",,0,,,,,S,"Euro short-term rate, Number of transactions","Euro short-term rate, Number of transactions - Unsecured - Overnight - Borrowing - Financial corporations",,_Z,0
2023-06-14,715,EST.B.EU000A2X2A25.NT,B,EU000A2X2A25,NT,A,F,,,,,P1D,,,,"ESA 2010 Sectors: S.121, S.122, S.123, S.124, S.125, S.126, S.127, S.128, S.129",,0,,,,,S,"Euro short-term rate, Number of transactions","Euro short-term rate, Number of transactions - Unsecured - Overnight - Borrowing - Financial corporations",,_Z,0
2023-06-15,705,EST.B.EU000A2X2A25.NT,B,EU000A2X2A25,NT,A,F,,,,,P1D,,,,"ESA 2010 Sectors: S.121, S.122, S.123, S.124, S.125, S.126, S.127, S.128, S.129",,0,,,,,S,"Euro short-term rate, Number of transactions","Euro short-term rate, Number of transactions - Unsecured - Overnight - Borrowing - Financial corporations",,_Z,0
2023-06-16,705,EST.B.EU000A2X2A25.NT,B,EU000A2X2A25,NT,A,F,,,,,P1D,,,,"ESA 2010 Sectors: S.121, S.122, S.123, S.124, S.125, S.126, S.127, S.128, S.129",,0,,,,,S,"Euro short-term rate, Number of transactions","Euro short-term rate, Number of transactions - Unsecured - Overnight - Borrowing - Financial corporations",,_Z,0
2023-06-19,748,EST.B.EU000A2X2A25.NT,B,EU000A2X2A25,NT,A,F,,,,,P1D,,,,"ESA 2010 Sectors: S.121, S.122, S.123, S.124, S.125, S.126, S.127, S.128, S.129",,0,,,,,S,"Euro short-term rate, Number of transactions","Euro short-term rate, Number of transactions - Unsecured - Overnight - Borrowing - Financial corporations",,_Z,0
2023-06-20,759,EST.B.EU000A2X2A25.NT,B,EU000A2X2A25,NT,A,F,,,,,P1D,,,,"ESA 2010 Sectors: S.121, S.122, S.123, S.124, S.125, S.126, S.127, S.128, S.129",,0,,,,,S,"Euro short-term rate, Number of transactions","Euro short-term rate, Number of transactions - Unsecured - Overnight - Borrowing - Financial corporations",,_Z,0
2023-06-21,738,EST.B.EU000A2X2A25.NT,B,EU000A2X2A25,NT,A,F,,,,,P1D,,,,"ESA 2010 Sectors: S.121, S.122, S.123, S.124, S.125, S.126, S.127, S.128, S.129",,0,,,,,S,"Euro short-term rate, Number of transactions","Euro short-term rate, Number of transactions - Unsecured - Overnight - Borrowing - Financial corporations",,_Z,0
2023-06-22,697,EST.B.EU000A2X2A25.NT,B,EU000A2X2A25,NT,A,F,,,,,P1D,,,,"ESA 2010 Sectors: S.121, S.122, S.123, S.124, S.125, S.126, S.127, S.128, S.129",,0,,,,,S,"Euro short-term rate, Number of transactions","Euro short-term rate, Number of transactions - Unsecured - Overnight - Borrowing - Financial corporations",,_Z,0
2023-06-23,692,EST.B.EU000A2X2A25.NT,B,EU000A2X2A25,NT,A,F,,,,,P1D,,,,"ESA 2010 Sectors: S.121, S.122, S.123, S.124, S.125, S.126, S.127, S.128, S.129",,0,,,,,S,"Euro short-term rate, Number of transactions","Euro short-term rate, Number of transactions - Unsecured - Overnight - Borrowing - Financial corporations",,_Z,0
2023-06-26,704,EST.B.EU000A2X2A25.NT,B,EU000A2X2A25,NT,A,F,,,,,P1D,,,,"ESA 2010 Sectors: S.121, S.122, S.123, S.124, S.125, S.126, S.127, S.128, S.129",,0,,,,,S,"Euro short-term rate, Number of transactions","Euro short-term rate, Number of transactions - Unsecured - Overnight - Borrowing - Financial corporations",,_Z,0
2023-06-27,436,EST.B.EU000A2X2A25.NT,B,EU000A2X2A25,NT,A,F,,,,,P1D,,,,"ESA 2010 Sectors: S.121, S.122, S.123, S.124, S.125, S.126, S.127, S.128, S.129",,0,,,,,S,"Euro short-term rate, Number of transactions","Euro short-term rate, Number of transactions - Unsecured - Overnight - Borrowing - Financial corporations",,_Z,0
2023-06-28,656,EST.B.EU000A2X2A25.NT,B,EU000A2X2A25,NT,A,F,,,,,P1D,,,,"ESA 2010 Sectors: S.121, S.122, S.123, S.124, S.125, S.126, S.127, S.128, S.129",,0,,,,,S,"Euro short-term rate, Number of transactions","Euro short-term rate, Number of transactions - Unsecured - Overnight - Borrowing - Financial corporations",,_Z,0
2023-06-29,656,EST.B.EU000A2X2A25.NT,B,EU000A2X2A25,NT,A,F,,,,,P1D,,,,"ESA 2010 Sectors: S.121, S.122, S.123, S.124, S.125, S.126, S.127, S.128, S.129",,0,,,,,S,"Euro short-term rate, Number of transactions","Euro short-term rate, Number of transactions - Unsecured - Overnight - Borrowing - Financial corporations",,_Z,0
2023-06-30,593,EST.B.EU000A2X2A25.NT,B,EU000A2X2A25,NT,A,F,,,,,P1D,,,,"ESA 2010 Sectors: S.121, S.122, S.123, S.124, S.125, S.126, S.127, S.128, S.129",,0,,,,,S,"Euro short-term rate, Number of transactions","Euro short-term rate, Number of transactions - Unsecured - Overnight - Borrowing - Financial corporations",,_Z,0
2023-07-03,727,EST.B.EU000A2X2A25.NT,B,EU000A2X2A25,NT,A,F,,,,,P1D,,,,"ESA 2010 Sectors: S.121, S.122, S.123, S.124, S.125, S.126, S.127, S.128, S.129",,0,,,,,S,"Euro short-term rate, Number of transactions","Euro short-term rate, Number of transactions - Unsecured - Overnight - Borrowing - Financial corporations",,_Z,0
2023-07-04,725,EST.B.EU000A2X2A25.NT,B,EU000A2X2A25,NT,A,F,,,,,P1D,,,,"ESA 2010 Sectors: S.121, S.122, S.123, S.124, S.125, S.126, S.127, S.128, S.129",,0,,,,,S,"Euro short-term rate, Number of transactions","Euro short-term rate, Number of transactions - Unsecured - Overnight - Borrowing - Financial corporations",,_Z,0
2023-07-05,720,EST.B.EU000A2X2A25.NT,B,EU000A2X2A25,NT,A,F,,,,,P1D,,,,"ESA 2010 Sectors: S.121, S.122, S.123, S.124, S.125, S.126, S.127, S.128, S.129",,0,,,,,S,"Euro short-term rate, Number of transactions","Euro short-term rate, Number of transactions - Unsecured - Overnight - Borrowing - Financial corporations",,_Z,0
2023-07-06,683,EST.B.EU000A2X2A25.NT,B,EU000A2X2A25,NT,A,F,,,,,P1D,,,,"ESA 2010 Sectors: S.121, S.122, S.123, S.124, S.125, S.126, S.127, S.128, S.129",,0,,,,,S,"Euro short-term rate, Number of transactions","Euro short-term rate, Number of transactions - Unsecured - Overnight - Borrowing - Financial corporations",,_Z,0
2023-07-07,687,EST.B.EU000A2X2A25.NT,B,EU000A2X2A25,NT,A,F,,,,,P1D,,,,"ESA 2010 Sectors: S.121, S.122, S.123, S.124, S.125, S.126, S.127, S.128, S.129",,0,,,,,S,"Euro short-term rate, Number of transactions","Euro short-term rate, Number of transactions - Unsecured - Overnight - Borrowing - Financial corporations",,_Z,0
2023-07-10,716,EST.B.EU000A2X2A25.NT,B,EU000A2X2A25,NT,A,F,,,,,P1D,,,,"ESA 2010 Sectors: S.121, S.122, S.123, S.124, S.125, S.126, S.127, S.128, S.129",,0,,,,,S,"Euro short-term rate, Number of transactions","Euro short-term rate, Number of transactions - Unsecured - Overnight - Borrowing - Financial corporations",,_Z,0
2023-07-11,698,EST.B.EU000A2X2A25.NT,B,EU000A2X2A25,NT,A,F,,,,,P1D,,,,"ESA 2010 Sectors: S.121, S.122, S.123, S.124, S.125, S.126, S.127, S.128, S.129",,0,,,,,S,"Euro short-term rate, Number of transactions","Euro short-term rate, Number of transactions - Unsecured - Overnight - Borrowing - Financial corporations",,_Z,0
2023-07-12,721,EST.B.EU000A2X2A25.NT,B,EU000A2X2A25,NT,A,F,,,,,P1D,,,,"ESA 2010 Sectors: S.121, S.122, S.123, S.124, S.125, S.126, S.127, S.128, S.129",,0,,,,,S,"Euro short-term rate, Number of transactions","Euro short-term rate, Number of transactions - Unsecured - Overnight - Borrowing - Financial corporations",,_Z,0
2023-07-13,665,EST.B.EU000A2X2A25.NT,B,EU000A2X2A25,NT,A,F,,,,,P1D,,,,"ESA 2010 Sectors: S.121, S.122, S.123, S.124, S.125, S.126, S.127, S.128, S.129",,0,,,,,S,"Euro short-term rate, Number of transactions","Euro short-term rate, Number of transactions - Unsecured - Overnight - Borrowing - Financial corporations",,_Z,0
2023-07-14,675,EST.B.EU000A2X2A25.NT,B,EU000A2X2A25,NT,A,F,,,,,P1D,,,,"ESA 2010 Sectors: S.121, S.122, S.123, S.124, S.125, S.126, S.127, S.128, S.129",,0,,,,,S,"Euro short-term rate, Number of transactions","Euro short-term rate, Number of transactions - Unsecured - Overnight - Borrowing - Financial corporations",,_Z,0
2023-07-17,724,EST.B.EU000A2X2A25.NT,B,EU000A2X2A25,NT,A,F,,,,,P1D,,,,"ESA 2010 Sectors: S.121, S.122, S.123, S.124, S.125, S.126, S.127, S.128, S.129",,0,,,,,S,"Euro short-term rate, Number of transactions","Euro short-term rate, Number of transactions - Unsecured - Overnight - Borrowing - Financial corporations",,_Z,0
2023-07-18,720,EST.B.EU000A2X2A25.NT,B,EU000A2X2A25,NT,A,F,,,,,P1D,,,,"ESA 2010 Sectors: S.121, S.122, S.123, S.124, S.125, S.126, S.127, S.128, S.129",,0,,,,,S,"Euro short-term rate, Number of transactions","Euro short-term rate, Number of transactions - Unsecured - Overnight - Borrowing - Financial corporations",,_Z,0
2023-07-19,712,EST.B.EU000A2X2A25.NT,B,EU000A2X2A25,NT,A,F,,,,,P1D,,,,"ESA 2010 Sectors: S.121, S.122, S.123, S.124, S.125, S.126, S.127, S.128, S.129",,0,,,,,S,"Euro short-term rate, Number of transactions","Euro short-term rate, Number of transactions - Unsecured - Overnight - Borrowing - Financial corporations",,_Z,0
2023-07-20,695,EST.B.EU000A2X2A25.NT,B,EU000A2X2A25,NT,A,F,,,,,P1D,,,,"ESA 2010 Sectors: S.121, S.122, S.123, S.124, S.125, S.126, S.127, S.128, S.129",,0,,,,,S,"Euro short-term rate, Number of transactions","Euro short-term rate, Number of transactions - Unsecured - Overnight - Borrowing - Financial corporations",,_Z,0
2023-07-21,691,EST.B.EU000A2X2A25.NT,B,EU000A2X2A25,NT,A,F,,,,,P1D,,,,"ESA 2010 Sectors: S.121, S.122, S.123, S.124, S.125, S.126, S.127, S.128, S.129",,0,,,,,S,"Euro short-term rate, Number of transactions","Euro short-term rate, Number of transactions - Unsecured - Overnight - Borrowing - Financial corporations",,_Z,0
2023-07-24,723,EST.B.EU000A2X2A25.NT,B,EU000A2X2A25,NT,A,F,,,,,P1D,,,,"ESA 2010 Sectors: S.121, S.122, S.123, S.124, S.125, S.126, S.127, S.128, S.129",,0,,,,,S,"Euro short-term rate, Number of transactions","Euro short-term rate, Number of transactions - Unsecured - Overnight - Borrowing - Financial corporations",,_Z,0
2023-07-25,723,EST.B.EU000A2X2A25.NT,B,EU000A2X2A25,NT,A,F,,,,,P1D,,,,"ESA 2010 Sectors: S.121, S.122, S.123, S.124, S.125, S.126, S.127, S.128, S.129",,0,,,,,S,"Euro short-term rate, Number of transactions","Euro short-term rate, Number of transactions - Unsecured - Overnight - Borrowing - Financial corporations",,_Z,0
2023-07-26,731,EST.B.EU000A2X2A25.NT,B,EU000A2X2A25,NT,A,F,,,,,P1D,,,,"ESA 2010 Sectors: S.121, S.122, S.123, S.124, S.125, S.126, S.127, S.128, S.129",,0,,,,,S,"Euro short-term rate, Number of transactions","Euro short-term rate, Number of transactions - Unsecured - Overnight - Borrowing - Financial corporations",,_Z,0
2023-07-27,702,EST.B.EU000A2X2A25.NT,B,EU000A2X2A25,NT,A,F,,,,,P1D,,,,"ESA 2010 Sectors: S.121, S.122, S.123, S.124, S.125, S.126, S.127, S.128, S.129",,0,,,,,S,"Euro short-term rate, Number of transactions","Euro short-term rate, Number of transactions - Unsecured - Overnight - Borrowing - Financial corporations",,_Z,0
2023-07-28,700,EST.B.EU000A2X2A25.NT,B,EU000A2X2A25,NT,A,F,,,,,P1D,,,,"ESA 2010 Sectors: S.121, S.122, S.123, S.124, S.125, S.126, S.127, S.128, S.129",,0,,,,,S,"Euro short-term rate, Number of transactions","Euro short-term rate, Number of transactions - Unsecured - Overnight - Borrowing - Financial corporations",,_Z,0
2023-07-31,634,EST.B.EU000A2X2A25.NT,B,EU000A2X2A25,NT,A,F,,,,,P1D,,,,"ESA 2010 Sectors: S.121, S.122, S.123, S.124, S.125, S.126, S.127, S.128, S.129",,0,,,,,S,"Euro short-term rate, Number of transactions","Euro short-term rate, Number of transactions - Unsecured - Overnight - Borrowing - Financial corporations",,_Z,0
2023-08-01,724,EST.B.EU000A2X2A25.NT,B,EU000A2X2A25,NT,A,F,,,,,P1D,,,,"ESA 2010 Sectors: S.121, S.122, S.123, S.124, S.125, S.126, S.127, S.128, S.129",,0,,,,,S,"Euro short-term rate, Number of transactions","Euro short-term rate, Number of transactions - Unsecured - Overnight - Borrowing - Financial corporations",,_Z,0
2023-08-02,722,EST.B.EU000A2X2A25.NT,B,EU000A2X2A25,NT,A,F,,,,,P1D,,,,"ESA 2010 Sectors: S.121, S.122, S.123, S.124, S.125, S.126, S.127, S.128, S.129",,0,,,,,S,"Euro short-term rate, Number of transactions","Euro short-term rate, Number of transactions - Unsecured - Overnight - Borrowing - Financial corporations",,_Z,0
2023-08-03,686,EST.B.EU000A2X2A25.NT,B,EU000A2X2A25,NT,A,F,,,,,P1D,,,,"ESA 2010 Sectors: S.121, S.122, S.123, S.124, S.125, S.126, S.127, S.128, S.129",,0,,,,,S,"Euro short-term rate, Number of transactions","Euro short-term rate, Number of transactions - Unsecured - Overnight - Borrowing - Financial corporations",,_Z,0
2023-08-04,682,EST.B.EU000A2X2A25.NT,B,EU000A2X2A25,NT,A,F,,,,,P1D,,,,"ESA 2010 Sectors: S.121, S.122, S.123, S.124, S.125, S.126, S.127, S.128, S.129",,0,,,,,S,"Euro short-term rate, Number of transactions","Euro short-term rate, Number of transactions - Unsecured - Overnight - Borrowing - Financial corporations",,_Z,0
2023-08-07,700,EST.B.EU000A2X2A25.NT,B,EU000A2X2A25,NT,A,F,,,,,P1D,,,,"ESA 2010 Sectors: S.121, S.122, S.123, S.124, S.125, S.126, S.127, S.128, S.129",,0,,,,,S,"Euro short-term rate, Number of transactions","Euro short-term rate, Number of transactions - Unsecured - Overnight - Borrowing - Financial corporations",,_Z,0
2023-08-08,719,EST.B.EU000A2X2A25.NT,B,EU000A2X2A25,NT,A,F,,,,,P1D,,,,"ESA 2010 Sectors: S.121, S.122, S.123, S.124, S.125, S.126, S.127, S.128, S.129",,0,,,,,S,"Euro short-term rate, Number of transactions","Euro short-term rate, Number of transactions - Unsecured - Overnight - Borrowing - Financial corporations",,_Z,0
2023-08-09,737,EST.B.EU000A2X2A25.NT,B,EU000A2X2A25,NT,A,F,,,,,P1D,,,,"ESA 2010 Sectors: S.121, S.122, S.123, S.124, S.125, S.126, S.127, S.128, S.129",,0,,,,,S,"Euro short-term rate, Number of transactions","Euro short-term rate, Number of transactions - Unsecured - Overnight - Borrowing - Financial corporations",,_Z,0
2023-08-10,702,EST.B.EU000A2X2A25.NT,B,EU000A2X2A25,NT,A,F,,,,,P1D,,,,"ESA 2010 Sectors: S.121, S.122, S.123, S.124, S.125, S.126, S.127, S.128, S.129",,0,,,,,S,"Euro short-term rate, Number of transactions","Euro short-term rate, Number of transactions - Unsecured - Overnight - Borrowing - Financial corporations",,_Z,0
2023-08-11,688,EST.B.EU000A2X2A25.NT,B,EU000A2X2A25,NT,A,F,,,,,P1D,,,,"ESA 2010 Sectors: S.121, S.122, S.123, S.124, S.125, S.126, S.127, S.128, S.129",,0,,,,,S,"Euro short-term rate, Number of transactions","Euro short-term rate, Number of transactions - Unsecured - Overnight - Borrowing - Financial corporations",,_Z,0
2023-08-14,579,EST.B.EU000A2X2A25.NT,B,EU000A2X2A25,NT,A,F,,,,,P1D,,,,"ESA 2010 Sectors: S.121, S.122, S.123, S.124, S.125, S.126, S.127, S.128, S.129",,0,,,,,S,"Euro short-term rate, Number of transactions","Euro short-term rate, Number of transactions - Unsecured - Overnight - Borrowing - Financial corporations",,_Z,0
2023-08-15,540,EST.B.EU000A2X2A25.NT,B,EU000A2X2A25,NT,A,F,,,,,P1D,,,,"ESA 2010 Sectors: S.121, S.122, S.123, S.124, S.125, S.126, S.127, S.128, S.129",,0,,,,,S,"Euro short-term rate, Number of transactions","Euro short-term rate, Number of transactions - Unsecured - Overnight - Borrowing - Financial corporations",,_Z,0
2023-08-16,725,EST.B.EU000A2X2A25.NT,B,EU000A2X2A25,NT,A,F,,,,,P1D,,,,"ESA 2010 Sectors: S.121, S.122, S.123, S.124, S.125, S.126, S.127, S.128, S.129",,0,,,,,S,"Euro short-term rate, Number of transactions","Euro short-term rate, Number of transactions - Unsecured - Overnight - Borrowing - Financial corporations",,_Z,0
2023-08-17,719,EST.B.EU000A2X2A25.NT,B,EU000A2X2A25,NT,A,F,,,,,P1D,,,,"ESA 2010 Sectors: S.121, S.122, S.123, S.124, S.125, S.126, S.127, S.128, S.129",,0,,,,,S,"Euro short-term rate, Number of transactions","Euro short-term rate, Number of transactions - Unsecured - Overnight - Borrowing - Financial corporations",,_Z,0
2023-08-18,723,EST.B.EU000A2X2A25.NT,B,EU000A2X2A25,NT,A,F,,,,,P1D,,,,"ESA 2010 Sectors: S.121, S.122, S.123, S.124, S.125, S.126, S.127, S.128, S.129",,0,,,,,S,"Euro short-term rate, Number of transactions","Euro short-term rate, Number of transactions - Unsecured - Overnight - Borrowing - Financial corporations",,_Z,0
2023-08-21,768,EST.B.EU000A2X2A25.NT,B,EU000A2X2A25,NT,A,F,,,,,P1D,,,,"ESA 2010 Sectors: S.121, S.122, S.123, S.124, S.125, S.126, S.127, S.128, S.129",,0,,,,,S,"Euro short-term rate, Number of transactions","Euro short-term rate, Number of transactions - Unsecured - Overnight - Borrowing - Financial corporations",,_Z,0
2023-08-22,763,EST.B.EU000A2X2A25.NT,B,EU000A2X2A25,NT,A,F,,,,,P1D,,,,"ESA 2010 Sectors: S.121, S.122, S.123, S.124, S.125, S.126, S.127, S.128, S.129",,0,,,,,S,"Euro short-term rate, Number of transactions","Euro short-term rate, Number of transactions - Unsecured - Overnight - Borrowing - Financial corporations",,_Z,0
2023-08-23,772,EST.B.EU000A2X2A25.NT,B,EU000A2X2A25,NT,A,F,,,,,P1D,,,,"ESA 2010 Sectors: S.121, S.122, S.123, S.124, S.125, S.126, S.127, S.128, S.129",,0,,,,,S,"Euro short-term rate, Number of transactions","Euro short-term rate, Number of transactions - Unsecured - Overnight - Borrowing - Financial corporations",,_Z,0
2023-08-24,765,EST.B.EU000A2X2A25.NT,B,EU000A2X2A25,NT,A,F,,,,,P1D,,,,"ESA 2010 Sectors: S.121, S.122, S.123, S.124, S.125, S.126, S.127, S.128, S.129",,0,,,,,S,"Euro short-term rate, Number of transactions","Euro short-term rate, Number of transactions - Unsecured - Overnight - Borrowing - Financial corporations",,_Z,0
2023-08-25,673,EST.B.EU000A2X2A25.NT,B,EU000A2X2A25,NT,A,F,,,,,P1D,,,,"ESA 2010 Sectors: S.121, S.122, S.123, S.124, S.125, S.126, S.127, S.128, S.129",,0,,,,,S,"Euro short-term rate, Number of transactions","Euro short-term rate, Number of transactions - Unsecured - Overnight - Borrowing - Financial corporations",,_Z,0
2023-08-28,671,EST.B.EU000A2X2A25.NT,B,EU000A2X2A25,NT,A,F,,,,,P1D,,,,"ESA 2010 Sectors: S.121, S.122, S.123, S.124, S.125, S.126, S.127, S.128, S.129",,0,,,,,S,"Euro short-term rate, Number of transactions","Euro short-term rate, Number of transactions - Unsecured - Overnight - Borrowing - Financial corporations",,_Z,0
2023-08-29,758,EST.B.EU000A2X2A25.NT,B,EU000A2X2A25,NT,A,F,,,,,P1D,,,,"ESA 2010 Sectors: S.121, S.122, S.123, S.124, S.125, S.126, S.127, S.128, S.129",,0,,,,,S,"Euro short-term rate, Number of transactions","Euro short-term rate, Number of transactions - Unsecured - Overnight - Borrowing - Financial corporations",,_Z,0
2023-08-30,740,EST.B.EU000A2X2A25.NT,B,EU000A2X2A25,NT,A,F,,,,,P1D,,,,"ESA 2010 Sectors: S.121, S.122, S.123, S.124, S.125, S.126, S.127, S.128, S.129",,0,,,,,S,"Euro short-term rate, Number of transactions","Euro short-term rate, Number of transactions - Unsecured - Overnight - Borrowing - Financial corporations",,_Z,0
2023-08-31,656,EST.B.EU000A2X2A25.NT,B,EU000A2X2A25,NT,A,F,,,,,P1D,,,,"ESA 2010 Sectors: S.121, S.122, S.123, S.124, S.125, S.126, S.127, S.128, S.129",,0,,,,,S,"Euro short-term rate, Number of transactions","Euro short-term rate, Number of transactions - Unsecured - Overnight - Borrowing - Financial corporations",,_Z,0
2023-09-01,710,EST.B.EU000A2X2A25.NT,B,EU000A2X2A25,NT,A,F,,,,,P1D,,,,"ESA 2010 Sectors: S.121, S.122, S.123, S.124, S.125, S.126, S.127, S.128, S.129",,0,,,,,S,"Euro short-term rate, Number of transactions","Euro short-term rate, Number of transactions - Unsecured - Overnight - Borrowing - Financial corporations",,_Z,0
2023-09-04,731,EST.B.EU000A2X2A25.NT,B,EU000A2X2A25,NT,A,F,,,,,P1D,,,,"ESA 2010 Sectors: S.121, S.122, S.123, S.124, S.125, S.126, S.127, S.128, S.129",,0,,,,,S,"Euro short-term rate, Number of transactions","Euro short-term rate, Number of transactions - Unsecured - Overnight - Borrowing - Financial corporations",,_Z,0
2023-09-05,691,EST.B.EU000A2X2A25.NT,B,EU000A2X2A25,NT,A,F,,,,,P1D,,,,"ESA 2010 Sectors: S.121, S.122, S.123, S.124, S.125, S.126, S.127, S.128, S.129",,0,,,,,S,"Euro short-term rate, Number of transactions","Euro short-term rate, Number of transactions - Unsecured - Overnight - Borrowing - Financial corporations",,_Z,0
2023-09-06,687,EST.B.EU000A2X2A25.NT,B,EU000A2X2A25,NT,A,F,,,,,P1D,,,,"ESA 2010 Sectors: S.121, S.122, S.123, S.124, S.125, S.126, S.127, S.128, S.129",,0,,,,,S,"Euro short-term rate, Number of transactions","Euro short-term rate, Number of transactions - Unsecured - Overnight - Borrowing - Financial corporations",,_Z,0
2023-09-07,691,EST.B.EU000A2X2A25.NT,B,EU000A2X2A25,NT,A,F,,,,,P1D,,,,"ESA 2010 Sectors: S.121, S.122, S.123, S.124, S.125, S.126, S.127, S.128, S.129",,0,,,,,S,"Euro short-term rate, Number of transactions","Euro short-term rate, Number of transactions - Unsecured - Overnight - Borrowing - Financial corporations",,_Z,0
2023-09-08,682,EST.B.EU000A2X2A25.NT,B,EU000A2X2A25,NT,A,F,,,,,P1D,,,,"ESA 2010 Sectors: S.121, S.122, S.123, S.124, S.125, S.126, S.127, S.128, S.129",,0,,,,,S,"Euro short-term rate, Number of transactions","Euro short-term rate, Number of transactions - Unsecured - Overnight - Borrowing - Financial corporations",,_Z,0
2023-09-11,723,EST.B.EU000A2X2A25.NT,B,EU000A2X2A25,NT,A,F,,,,,P1D,,,,"ESA 2010 Sectors: S.121, S.122, S.123, S.124, S.125, S.126, S.127, S.128, S.129",,0,,,,,S,"Euro short-term rate, Number of transactions","Euro short-term rate, Number of transactions - Unsecured - Overnight - Borrowing - Financial corporations",,_Z,0
2023-09-12,718,EST.B.EU000A2X2A25.NT,B,EU000A2X2A25,NT,A,F,,,,,P1D,,,,"ESA 2010 Sectors: S.121, S.122, S.123, S.124, S.125, S.126, S.127, S.128, S.129",,0,,,,,S,"Euro short-term rate, Number of transactions","Euro short-term rate, Number of transactions - Unsecured - Overnight - Borrowing - Financial corporations",,_Z,0
2023-09-13,713,EST.B.EU000A2X2A25.NT,B,EU000A2X2A25,NT,A,F,,,,,P1D,,,,"ESA 2010 Sectors: S.121, S.122, S.123, S.124, S.125, S.126, S.127, S.128, S.129",,0,,,,,S,"Euro short-term rate, Number of transactions","Euro short-term rate, Number of transactions - Unsecured - Overnight - Borrowing - Financial corporations",,_Z,0
2023-09-14,711,EST.B.EU000A2X2A25.NT,B,EU000A2X2A25,NT,A,F,,,,,P1D,,,,"ESA 2010 Sectors: S.121, S.122, S.123, S.124, S.125, S.126, S.127, S.128, S.129",,0,,,,,S,"Euro short-term rate, Number of transactions","Euro short-term rate, Number of transactions - Unsecured - Overnight - Borrowing - Financial corporations",,_Z,0
2023-09-15,709,EST.B.EU000A2X2A25.NT,B,EU000A2X2A25,NT,A,F,,,,,P1D,,,,"ESA 2010 Sectors: S.121, S.122, S.123, S.124, S.125, S.126, S.127, S.128, S.129",,0,,,,,S,"Euro short-term rate, Number of transactions","Euro short-term rate, Number of transactions - Unsecured - Overnight - Borrowing - Financial corporations",,_Z,0
2023-09-18,735,EST.B.EU000A2X2A25.NT,B,EU000A2X2A25,NT,A,F,,,,,P1D,,,,"ESA 2010 Sectors: S.121, S.122, S.123, S.124, S.125, S.126, S.127, S.128, S.129",,0,,,,,S,"Euro short-term rate, Number of transactions","Euro short-term rate, Number of transactions - Unsecured - Overnight - Borrowing - Financial corporations",,_Z,0
2023-09-19,753,EST.B.EU000A2X2A25.NT,B,EU000A2X2A25,NT,A,F,,,,,P1D,,,,"ESA 2010 Sectors: S.121, S.122, S.123, S.124, S.125, S.126, S.127, S.128, S.129",,0,,,,,S,"Euro short-term rate, Number of transactions","Euro short-term rate, Number of transactions - Unsecured - Overnight - Borrowing - Financial corporations",,_Z,0
2023-09-20,753,EST.B.EU000A2X2A25.NT,B,EU000A2X2A25,NT,A,F,,,,,P1D,,,,"ESA 2010 Sectors: S.121, S.122, S.123, S.124, S.125, S.126, S.127, S.128, S.129",,0,,,,,S,"Euro short-term rate, Number of transactions","Euro short-term rate, Number of transactions - Unsecured - Overnight - Borrowing - Financial corporations",,_Z,0
2023-09-21,687,EST.B.EU000A2X2A25.NT,B,EU000A2X2A25,NT,A,F,,,,,P1D,,,,"ESA 2010 Sectors: S.121, S.122, S.123, S.124, S.125, S.126, S.127, S.128, S.129",,0,,,,,S,"Euro short-term rate, Number of transactions","Euro short-term rate, Number of transactions - Unsecured - Overnight - Borrowing - Financial corporations",,_Z,0
2023-09-22,700,EST.B.EU000A2X2A25.NT,B,EU000A2X2A25,NT,A,F,,,,,P1D,,,,"ESA 2010 Sectors: S.121, S.122, S.123, S.124, S.125, S.126, S.127, S.128, S.129",,0,,,,,S,"Euro short-term rate, Number of transactions","Euro short-term rate, Number of transactions - Unsecured - Overnight - Borrowing - Financial corporations",,_Z,0
2023-09-25,734,EST.B.EU000A2X2A25.NT,B,EU000A2X2A25,NT,A,F,,,,,P1D,,,,"ESA 2010 Sectors: S.121, S.122, S.123, S.124, S.125, S.126, S.127, S.128, S.129",,0,,,,,S,"Euro short-term rate, Number of transactions","Euro short-term rate, Number of transactions - Unsecured - Overnight - Borrowing - Financial corporations",,_Z,0
2023-09-26,717,EST.B.EU000A2X2A25.NT,B,EU000A2X2A25,NT,A,F,,,,,P1D,,,,"ESA 2010 Sectors: S.121, S.122, S.123, S.124, S.125, S.126, S.127, S.128, S.129",,0,,,,,S,"Euro short-term rate, Number of transactions","Euro short-term rate, Number of transactions - Unsecured - Overnight - Borrowing - Financial corporations",,_Z,0
2023-09-27,706,EST.B.EU000A2X2A25.NT,B,EU000A2X2A25,NT,A,F,,,,,P1D,,,,"ESA 2010 Sectors: S.121, S.122, S.123, S.124, S.125, S.126, S.127, S.128, S.129",,0,,,,,S,"Euro short-term rate, Number of transactions","Euro short-term rate, Number of transactions - Unsecured - Overnight - Borrowing - Financial corporations",,_Z,0
2023-09-28,702,EST.B.EU000A2X2A25.NT,B,EU000A2X2A25,NT,A,F,,,,,P1D,,,,"ESA 2010 Sectors: S.121, S.122, S.123, S.124, S.125, S.126, S.127, S.128, S.129",,0,,,,,S,"Euro short-term rate, Number of transactions","Euro short-term rate, Number of transactions - Unsecured - Overnight - Borrowing - Financial corporations",,_Z,0
2023-09-29,627,EST.B.EU000A2X2A25.NT,B,EU000A2X2A25,NT,A,F,,,,,P1D,,,,"ESA 2010 Sectors: S.121, S.122, S.123, S.124, S.125, S.126, S.127, S.128, S.129",,0,,,,,S,"Euro short-term rate, Number of transactions","Euro short-term rate, Number of transactions - Unsecured - Overnight - Borrowing - Financial corporations",,_Z,0
2023-10-02,667,EST.B.EU000A2X2A25.NT,B,EU000A2X2A25,NT,A,F,,,,,P1D,,,,"ESA 2010 Sectors: S.121, S.122, S.123, S.124, S.125, S.126, S.127, S.128, S.129",,0,,,,,S,"Euro short-term rate, Number of transactions","Euro short-term rate, Number of transactions - Unsecured - Overnight - Borrowing - Financial corporations",,_Z,0
2023-10-03,607,EST.B.EU000A2X2A25.NT,B,EU000A2X2A25,NT,A,F,,,,,P1D,,,,"ESA 2010 Sectors: S.121, S.122, S.123, S.124, S.125, S.126, S.127, S.128, S.129",,0,,,,,S,"Euro short-term rate, Number of transactions","Euro short-term rate, Number of transactions - Unsecured - Overnight - Borrowing - Financial corporations",,_Z,0
2023-10-04,693,EST.B.EU000A2X2A25.NT,B,EU000A2X2A25,NT,A,F,,,,,P1D,,,,"ESA 2010 Sectors: S.121, S.122, S.123, S.124, S.125, S.126, S.127, S.128, S.129",,0,,,,,S,"Euro short-term rate, Number of transactions","Euro short-term rate, Number of transactions - Unsecured - Overnight - Borrowing - Financial corporations",,_Z,0
2023-10-05,695,EST.B.EU000A2X2A25.NT,B,EU000A2X2A25,NT,A,F,,,,,P1D,,,,"ESA 2010 Sectors: S.121, S.122, S.123, S.124, S.125, S.126, S.127, S.128, S.129",,0,,,,,S,"Euro short-term rate, Number of transactions","Euro short-term rate, Number of transactions - Unsecured - Overnight - Borrowing - Financial corporations",,_Z,0
2023-10-06,719,EST.B.EU000A2X2A25.NT,B,EU000A2X2A25,NT,A,F,,,,,P1D,,,,"ESA 2010 Sectors: S.121, S.122, S.123, S.124, S.125, S.126, S.127, S.128, S.129",,0,,,,,S,"Euro short-term rate, Number of transactions","Euro short-term rate, Number of transactions - Unsecured - Overnight - Borrowing - Financial corporations",,_Z,0
2023-10-09,738,EST.B.EU000A2X2A25.NT,B,EU000A2X2A25,NT,A,F,,,,,P1D,,,,"ESA 2010 Sectors: S.121, S.122, S.123, S.124, S.125, S.126, S.127, S.128, S.129",,0,,,,,S,"Euro short-term rate, Number of transactions","Euro short-term rate, Number of transactions - Unsecured - Overnight - Borrowing - Financial corporations",,_Z,0
2023-10-10,725,EST.B.EU000A2X2A25.NT,B,EU000A2X2A25,NT,A,F,,,,,P1D,,,,"ESA 2010 Sectors: S.121, S.122, S.123, S.124, S.125, S.126, S.127, S.128, S.129",,0,,,,,S,"Euro short-term rate, Number of transactions","Euro short-term rate, Number of transactions - Unsecured - Overnight - Borrowing - Financial corporations",,_Z,0
2023-10-11,722,EST.B.EU000A2X2A25.NT,B,EU000A2X2A25,NT,A,F,,,,,P1D,,,,"ESA 2010 Sectors: S.121, S.122, S.123, S.124, S.125, S.126, S.127, S.128, S.129",,0,,,,,S,"Euro short-term rate, Number of transactions","Euro short-term rate, Number of transactions - Unsecured - Overnight - Borrowing - Financial corporations",,_Z,0
2023-10-12,705,EST.B.EU000A2X2A25.NT,B,EU000A2X2A25,NT,A,F,,,,,P1D,,,,"ESA 2010 Sectors: S.121, S.122, S.123, S.124, S.125, S.126, S.127, S.128, S.129",,0,,,,,S,"Euro short-term rate, Number of transactions","Euro short-term rate, Number of transactions - Unsecured - Overnight - Borrowing - Financial corporations",,_Z,0
2023-10-13,730,EST.B.EU000A2X2A25.NT,B,EU000A2X2A25,NT,A,F,,,,,P1D,,,,"ESA 2010 Sectors: S.121, S.122, S.123, S.124, S.125, S.126, S.127, S.128, S.129",,0,,,,,S,"Euro short-term rate, Number of transactions","Euro short-term rate, Number of transactions - Unsecured - Overnight - Borrowing - Financial corporations",,_Z,0
2023-10-16,717,EST.B.EU000A2X2A25.NT,B,EU000A2X2A25,NT,A,F,,,,,P1D,,,,"ESA 2010 Sectors: S.121, S.122, S.123, S.124, S.125, S.126, S.127, S.128, S.129",,0,,,,,S,"Euro short-term rate, Number of transactions","Euro short-term rate, Number of transactions - Unsecured - Overnight - Borrowing - Financial corporations",,_Z,0
2023-10-17,739,EST.B.EU000A2X2A25.NT,B,EU000A2X2A25,NT,A,F,,,,,P1D,,,,"ESA 2010 Sectors: S.121, S.122, S.123, S.124, S.125, S.126, S.127, S.128, S.129",,0,,,,,S,"Euro short-term rate, Number of transactions","Euro short-term rate, Number of transactions - Unsecured - Overnight - Borrowing - Financial corporations",,_Z,0
2023-10-18,743,EST.B.EU000A2X2A25.NT,B,EU000A2X2A25,NT,A,F,,,,,P1D,,,,"ESA 2010 Sectors: S.121, S.122, S.123, S.124, S.125, S.126, S.127, S.128, S.129",,0,,,,,S,"Euro short-term rate, Number of transactions","Euro short-term rate, Number of transactions - Unsecured - Overnight - Borrowing - Financial corporations",,_Z,0
2023-10-19,707,EST.B.EU000A2X2A25.NT,B,EU000A2X2A25,NT,A,F,,,,,P1D,,,,"ESA 2010 Sectors: S.121, S.122, S.123, S.124, S.125, S.126, S.127, S.128, S.129",,0,,,,,S,"Euro short-term rate, Number of transactions","Euro short-term rate, Number of transactions - Unsecured - Overnight - Borrowing - Financial corporations",,_Z,0
2023-10-20,704,EST.B.EU000A2X2A25.NT,B,EU000A2X2A25,NT,A,F,,,,,P1D,,,,"ESA 2010 Sectors: S.121, S.122, S.123, S.124, S.125, S.126, S.127, S.128, S.129",,0,,,,,S,"Euro short-term rate, Number of transactions","Euro short-term rate, Number of transactions - Unsecured - Overnight - Borrowing - Financial corporations",,_Z,0
2023-10-23,705,EST.B.EU000A2X2A25.NT,B,EU000A2X2A25,NT,A,F,,,,,P1D,,,,"ESA 2010 Sectors: S.121, S.122, S.123, S.124, S.125, S.126, S.127, S.128, S.129",,0,,,,,S,"Euro short-term rate, Number of transactions","Euro short-term rate, Number of transactions - Unsecured - Overnight - Borrowing - Financial corporations",,_Z,0
2023-10-24,735,EST.B.EU000A2X2A25.NT,B,EU000A2X2A25,NT,A,F,,,,,P1D,,,,"ESA 2010 Sectors: S.121, S.122, S.123, S.124, S.125, S.126, S.127, S.128, S.129",,0,,,,,S,"Euro short-term rate, Number of transactions","Euro short-term rate, Number of transactions - Unsecured - Overnight - Borrowing - Financial corporations",,_Z,0
2023-10-25,742,EST.B.EU000A2X2A25.NT,B,EU000A2X2A25,NT,A,F,,,,,P1D,,,,"ESA 2010 Sectors: S.121, S.122, S.123, S.124, S.125, S.126, S.127, S.128, S.129",,0,,,,,S,"Euro short-term rate, Number of transactions","Euro short-term rate, Number of transactions - Unsecured - Overnight - Borrowing - Financial corporations",,_Z,0
2023-10-26,740,EST.B.EU000A2X2A25.NT,B,EU000A2X2A25,NT,A,F,,,,,P1D,,,,"ESA 2010 Sectors: S.121, S.122, S.123, S.124, S.125, S.126, S.127, S.128, S.129",,0,,,,,S,"Euro short-term rate, Number of transactions","Euro short-term rate, Number of transactions - Unsecured - Overnight - Borrowing - Financial corporations",,_Z,0
2023-10-27,717,EST.B.EU000A2X2A25.NT,B,EU000A2X2A25,NT,A,F,,,,,P1D,,,,"ESA 2010 Sectors: S.121, S.122, S.123, S.124, S.125, S.126, S.127, S.128, S.129",,0,,,,,S,"Euro short-term rate, Number of transactions","Euro short-term rate, Number of transactions - Unsecured - Overnight - Borrowing - Financial corporations",,_Z,0
2023-10-30,747,EST.B.EU000A2X2A25.NT,B,EU000A2X2A25,NT,A,F,,,,,P1D,,,,"ESA 2010 Sectors: S.121, S.122, S.123, S.124, S.125, S.126, S.127, S.128, S.129",,0,,,,,S,"Euro short-term rate, Number of transactions","Euro short-term rate, Number of transactions - Unsecured - Overnight - Borrowing - Financial corporations",,_Z,0
2023-10-31,556,EST.B.EU000A2X2A25.NT,B,EU000A2X2A25,NT,A,F,,,,,P1D,,,,"ESA 2010 Sectors: S.121, S.122, S.123, S.124, S.125, S.126, S.127, S.128, S.129",,0,,,,,S,"Euro short-term rate, Number of transactions","Euro short-term rate, Number of transactions - Unsecured - Overnight - Borrowing - Financial corporations",,_Z,0
2023-11-01,636,EST.B.EU000A2X2A25.NT,B,EU000A2X2A25,NT,A,F,,,,,P1D,,,,"ESA 2010 Sectors: S.121, S.122, S.123, S.124, S.125, S.126, S.127, S.128, S.129",,0,,,,,S,"Euro short-term rate, Number of transactions","Euro short-term rate, Number of transactions - Unsecured - Overnight - Borrowing - Financial corporations",,_Z,0
2023-11-02,729,EST.B.EU000A2X2A25.NT,B,EU000A2X2A25,NT,A,F,,,,,P1D,,,,"ESA 2010 Sectors: S.121, S.122, S.123, S.124, S.125, S.126, S.127, S.128, S.129",,0,,,,,S,"Euro short-term rate, Number of transactions","Euro short-term rate, Number of transactions - Unsecured - Overnight - Borrowing - Financial corporations",,_Z,0
2023-11-03,720,EST.B.EU000A2X2A25.NT,B,EU000A2X2A25,NT,A,F,,,,,P1D,,,,"ESA 2010 Sectors: S.121, S.122, S.123, S.124, S.125, S.126, S.127, S.128, S.129",,0,,,,,S,"Euro short-term rate, Number of transactions","Euro short-term rate, Number of transactions - Unsecured - Overnight - Borrowing - Financial corporations",,_Z,0
2023-11-06,755,EST.B.EU000A2X2A25.NT,B,EU000A2X2A25,NT,A,F,,,,,P1D,,,,"ESA 2010 Sectors: S.121, S.122, S.123, S.124, S.125, S.126, S.127, S.128, S.129",,0,,,,,S,"Euro short-term rate, Number of transactions","Euro short-term rate, Number of transactions - Unsecured - Overnight - Borrowing - Financial corporations",,_Z,0
2023-11-07,754,EST.B.EU000A2X2A25.NT,B,EU000A2X2A25,NT,A,F,,,,,P1D,,,,"ESA 2010 Sectors: S.121, S.122, S.123, S.124, S.125, S.126, S.127, S.128, S.129",,0,,,,,S,"Euro short-term rate, Number of transactions","Euro short-term rate, Number of transactions - Unsecured - Overnight - Borrowing - Financial corporations",,_Z,0
2023-11-08,718,EST.B.EU000A2X2A25.NT,B,EU000A2X2A25,NT,A,F,,,,,P1D,,,,"ESA 2010 Sectors: S.121, S.122, S.123, S.124, S.125, S.126, S.127, S.128, S.129",,0,,,,,S,"Euro short-term rate, Number of transactions","Euro short-term rate, Number of transactions - Unsecured - Overnight - Borrowing - Financial corporations",,_Z,0
2023-11-09,721,EST.B.EU000A2X2A25.NT,B,EU000A2X2A25,NT,A,F,,,,,P1D,,,,"ESA 2010 Sectors: S.121, S.122, S.123, S.124, S.125, S.126, S.127, S.128, S.129",,0,,,,,S,"Euro short-term rate, Number of transactions","Euro short-term rate, Number of transactions - Unsecured - Overnight - Borrowing - Financial corporations",,_Z,0
2023-11-10,696,EST.B.EU000A2X2A25.NT,B,EU000A2X2A25,NT,A,F,,,,,P1D,,,,"ESA 2010 Sectors: S.121, S.122, S.123, S.124, S.125, S.126, S.127, S.128, S.129",,0,,,,,S,"Euro short-term rate, Number of transactions","Euro short-term rate, Number of transactions - Unsecured - Overnight - Borrowing - Financial corporations",,_Z,0
2023-11-13,725,EST.B.EU000A2X2A25.NT,B,EU000A2X2A25,NT,A,F,,,,,P1D,,,,"ESA 2010 Sectors: S.121, S.122, S.123, S.124, S.125, S.126, S.127, S.128, S.129",,0,,,,,S,"Euro short-term rate, Number of transactions","Euro short-term rate, Number of transactions - Unsecured - Overnight - Borrowing - Financial corporations",,_Z,0
2023-11-14,742,EST.B.EU000A2X2A25.NT,B,EU000A2X2A25,NT,A,F,,,,,P1D,,,,"ESA 2010 Sectors: S.121, S.122, S.123, S.124, S.125, S.126, S.127, S.128, S.129",,0,,,,,S,"Euro short-term rate, Number of transactions","Euro short-term rate, Number of transactions - Unsecured - Overnight - Borrowing - Financial corporations",,_Z,0
2023-11-15,726,EST.B.EU000A2X2A25.NT,B,EU000A2X2A25,NT,A,F,,,,,P1D,,,,"ESA 2010 Sectors: S.121, S.122, S.123, S.124, S.125, S.126, S.127, S.128, S.129",,0,,,,,S,"Euro short-term rate, Number of transactions","Euro short-term rate, Number of transactions - Unsecured - Overnight - Borrowing - Financial corporations",,_Z,0
2023-11-16,715,EST.B.EU000A2X2A25.NT,B,EU000A2X2A25,NT,A,F,,,,,P1D,,,,"ESA 2010 Sectors: S.121, S.122, S.123, S.124, S.125, S.126, S.127, S.128, S.129",,0,,,,,S,"Euro short-term rate, Number of transactions","Euro short-term rate, Number of transactions - Unsecured - Overnight - Borrowing - Financial corporations",,_Z,0
2023-11-17,703,EST.B.EU000A2X2A25.NT,B,EU000A2X2A25,NT,A,F,,,,,P1D,,,,"ESA 2010 Sectors: S.121, S.122, S.123, S.124, S.125, S.126, S.127, S.128, S.129",,0,,,,,S,"Euro short-term rate, Number of transactions","Euro short-term rate, Number of transactions - Unsecured - Overnight - Borrowing - Financial corporations",,_Z,0
2023-11-20,716,EST.B.EU000A2X2A25.NT,B,EU000A2X2A25,NT,A,F,,,,,P1D,,,,"ESA 2010 Sectors: S.121, S.122, S.123, S.124, S.125, S.126, S.127, S.128, S.129",,0,,,,,S,"Euro short-term rate, Number of transactions","Euro short-term rate, Number of transactions - Unsecured - Overnight - Borrowing - Financial corporations",,_Z,0
2023-11-21,707,EST.B.EU000A2X2A25.NT,B,EU000A2X2A25,NT,A,F,,,,,P1D,,,,"ESA 2010 Sectors: S.121, S.122, S.123, S.124, S.125, S.126, S.127, S.128, S.129",,0,,,,,S,"Euro short-term rate, Number of transactions","Euro short-term rate, Number of transactions - Unsecured - Overnight - Borrowing - Financial corporations",,_Z,0
2023-11-22,718,EST.B.EU000A2X2A25.NT,B,EU000A2X2A25,NT,A,F,,,,,P1D,,,,"ESA 2010 Sectors: S.121, S.122, S.123, S.124, S.125, S.126, S.127, S.128, S.129",,0,,,,,S,"Euro short-term rate, Number of transactions","Euro short-term rate, Number of transactions - Unsecured - Overnight - Borrowing - Financial corporations",,_Z,0
2023-11-23,718,EST.B.EU000A2X2A25.NT,B,EU000A2X2A25,NT,A,F,,,,,P1D,,,,"ESA 2010 Sectors: S.121, S.122, S.123, S.124, S.125, S.126, S.127, S.128, S.129",,0,,,,,S,"Euro short-term rate, Number of transactions","Euro short-term rate, Number of transactions - Unsecured - Overnight - Borrowing - Financial corporations",,_Z,0
2023-11-24,686,EST.B.EU000A2X2A25.NT,B,EU000A2X2A25,NT,A,F,,,,,P1D,,,,"ESA 2010 Sectors: S.121, S.122, S.123, S.124, S.125, S.126, S.127, S.128, S.129",,0,,,,,S,"Euro short-term rate, Number of transactions","Euro short-term rate, Number of transactions - Unsecured - Overnight - Borrowing - Financial corporations",,_Z,0
2023-11-27,713,EST.B.EU000A2X2A25.NT,B,EU000A2X2A25,NT,A,F,,,,,P1D,,,,"ESA 2010 Sectors: S.121, S.122, S.123, S.124, S.125, S.126, S.127, S.128, S.129",,0,,,,,S,"Euro short-term rate, Number of transactions","Euro short-term rate, Number of transactions - Unsecured - Overnight - Borrowing - Financial corporations",,_Z,0
2023-11-28,722,EST.B.EU000A2X2A25.NT,B,EU000A2X2A25,NT,A,F,,,,,P1D,,,,"ESA 2010 Sectors: S.121, S.122, S.123, S.124, S.125, S.126, S.127, S.128, S.129",,0,,,,,S,"Euro short-term rate, Number of transactions","Euro short-term rate, Number of transactions - Unsecured - Overnight - Borrowing - Financial corporations",,_Z,0
2023-11-29,732,EST.B.EU000A2X2A25.NT,B,EU000A2X2A25,NT,A,F,,,,,P1D,,,,"ESA 2010 Sectors: S.121, S.122, S.123, S.124, S.125, S.126, S.127, S.128, S.129",,0,,,,,S,"Euro short-term rate, Number of transactions","Euro short-term rate, Number of transactions - Unsecured - Overnight - Borrowing - Financial corporations",,_Z,0
2023-11-30,643,EST.B.EU000A2X2A25.NT,B,EU000A2X2A25,NT,A,F,,,,,P1D,,,,"ESA 2010 Sectors: S.121, S.122, S.123, S.124, S.125, S.126, S.127, S.128, S.129",,0,,,,,S,"Euro short-term rate, Number of transactions","Euro short-term rate, Number of transactions - Unsecured - Overnight - Borrowing - Financial corporations",,_Z,0
2023-12-01,703,EST.B.EU000A2X2A25.NT,B,EU000A2X2A25,NT,A,F,,,,,P1D,,,,"ESA 2010 Sectors: S.121, S.122, S.123, S.124, S.125, S.126, S.127, S.128, S.129",,0,,,,,S,"Euro short-term rate, Number of transactions","Euro short-term rate, Number of transactions - Unsecured - Overnight - Borrowing - Financial corporations",,_Z,0
2023-12-04,727,EST.B.EU000A2X2A25.NT,B,EU000A2X2A25,NT,A,F,,,,,P1D,,,,"ESA 2010 Sectors: S.121, S.122, S.123, S.124, S.125, S.126, S.127, S.128, S.129",,0,,,,,S,"Euro short-term rate, Number of transactions","Euro short-term rate, Number of transactions - Unsecured - Overnight - Borrowing - Financial corporations",,_Z,0
2023-12-05,721,EST.B.EU000A2X2A25.NT,B,EU000A2X2A25,NT,A,F,,,,,P1D,,,,"ESA 2010 Sectors: S.121, S.122, S.123, S.124, S.125, S.126, S.127, S.128, S.129",,0,,,,,S,"Euro short-term rate, Number of transactions","Euro short-term rate, Number of transactions - Unsecured - Overnight - Borrowing - Financial corporations",,_Z,0
2023-12-06,689,EST.B.EU000A2X2A25.NT,B,EU000A2X2A25,NT,A,F,,,,,P1D,,,,"ESA 2010 Sectors: S.121, S.122, S.123, S.124, S.125, S.126, S.127, S.128, S.129",,0,,,,,S,"Euro short-term rate, Number of transactions","Euro short-term rate, Number of transactions - Unsecured - Overnight - Borrowing - Financial corporations",,_Z,0
2023-12-07,669,EST.B.EU000A2X2A25.NT,B,EU000A2X2A25,NT,A,F,,,,,P1D,,,,"ESA 2010 Sectors: S.121, S.122, S.123, S.124, S.125, S.126, S.127, S.128, S.129",,0,,,,,S,"Euro short-term rate, Number of transactions","Euro short-term rate, Number of transactions - Unsecured - Overnight - Borrowing - Financial corporations",,_Z,0
2023-12-08,662,EST.B.EU000A2X2A25.NT,B,EU000A2X2A25,NT,A,F,,,,,P1D,,,,"ESA 2010 Sectors: S.121, S.122, S.123, S.124, S.125, S.126, S.127, S.128, S.129",,0,,,,,S,"Euro short-term rate, Number of transactions","Euro short-term rate, Number of transactions - Unsecured - Overnight - Borrowing - Financial corporations",,_Z,0
2023-12-11,618,EST.B.EU000A2X2A25.NT,B,EU000A2X2A25,NT,A,F,,,,,P1D,,,,"ESA 2010 Sectors: S.121, S.122, S.123, S.124, S.125, S.126, S.127, S.128, S.129",,0,,,,,S,"Euro short-term rate, Number of transactions","Euro short-term rate, Number of transactions - Unsecured - Overnight - Borrowing - Financial corporations",,_Z,0
2023-12-12,706,EST.B.EU000A2X2A25.NT,B,EU000A2X2A25,NT,A,F,,,,,P1D,,,,"ESA 2010 Sectors: S.121, S.122, S.123, S.124, S.125, S.126, S.127, S.128, S.129",,0,,,,,S,"Euro short-term rate, Number of transactions","Euro short-term rate, Number of transactions - Unsecured - Overnight - Borrowing - Financial corporations",,_Z,0
2023-12-13,706,EST.B.EU000A2X2A25.NT,B,EU000A2X2A25,NT,A,F,,,,,P1D,,,,"ESA 2010 Sectors: S.121, S.122, S.123, S.124, S.125, S.126, S.127, S.128, S.129",,0,,,,,S,"Euro short-term rate, Number of transactions","Euro short-term rate, Number of transactions - Unsecured - Overnight - Borrowing - Financial corporations",,_Z,0
2023-12-14,705,EST.B.EU000A2X2A25.NT,B,EU000A2X2A25,NT,A,F,,,,,P1D,,,,"ESA 2010 Sectors: S.121, S.122, S.123, S.124, S.125, S.126, S.127, S.128, S.129",,0,,,,,S,"Euro short-term rate, Number of transactions","Euro short-term rate, Number of transactions - Unsecured - Overnight - Borrowing - Financial corporations",,_Z,0
2023-12-15,703,EST.B.EU000A2X2A25.NT,B,EU000A2X2A25,NT,A,F,,,,,P1D,,,,"ESA 2010 Sectors: S.121, S.122, S.123, S.124, S.125, S.126, S.127, S.128, S.129",,0,,,,,S,"Euro short-term rate, Number of transactions","Euro short-term rate, Number of transactions - Unsecured - Overnight - Borrowing - Financial corporations",,_Z,0
2023-12-18,723,EST.B.EU000A2X2A25.NT,B,EU000A2X2A25,NT,A,F,,,,,P1D,,,,"ESA 2010 Sectors: S.121, S.122, S.123, S.124, S.125, S.126, S.127, S.128, S.129",,0,,,,,S,"Euro short-term rate, Number of transactions","Euro short-term rate, Number of transactions - Unsecured - Overnight - Borrowing - Financial corporations",,_Z,0
2023-12-19,716,EST.B.EU000A2X2A25.NT,B,EU000A2X2A25,NT,A,F,,,,,P1D,,,,"ESA 2010 Sectors: S.121, S.122, S.123, S.124, S.125, S.126, S.127, S.128, S.129",,0,,,,,S,"Euro short-term rate, Number of transactions","Euro short-term rate, Number of transactions - Unsecured - Overnight - Borrowing - Financial corporations",,_Z,0
2023-12-20,696,EST.B.EU000A2X2A25.NT,B,EU000A2X2A25,NT,A,F,,,,,P1D,,,,"ESA 2010 Sectors: S.121, S.122, S.123, S.124, S.125, S.126, S.127, S.128, S.129",,0,,,,,S,"Euro short-term rate, Number of transactions","Euro short-term rate, Number of transactions - Unsecured - Overnight - Borrowing - Financial corporations",,_Z,0
2023-12-21,667,EST.B.EU000A2X2A25.NT,B,EU000A2X2A25,NT,A,F,,,,,P1D,,,,"ESA 2010 Sectors: S.121, S.122, S.123, S.124, S.125, S.126, S.127, S.128, S.129",,0,,,,,S,"Euro short-term rate, Number of transactions","Euro short-term rate, Number of transactions - Unsecured - Overnight - Borrowing - Financial corporations",,_Z,0
2023-12-22,644,EST.B.EU000A2X2A25.NT,B,EU000A2X2A25,NT,A,F,,,,,P1D,,,,"ESA 2010 Sectors: S.121, S.122, S.123, S.124, S.125, S.126, S.127, S.128, S.129",,0,,,,,S,"Euro short-term rate, Number of transactions","Euro short-term rate, Number of transactions - Unsecured - Overnight - Borrowing - Financial corporations",,_Z,0
2023-12-27,631,EST.B.EU000A2X2A25.NT,B,EU000A2X2A25,NT,A,F,,,,,P1D,,,,"ESA 2010 Sectors: S.121, S.122, S.123, S.124, S.125, S.126, S.127, S.128, S.129",,0,,,,,S,"Euro short-term rate, Number of transactions","Euro short-term rate, Number of transactions - Unsecured - Overnight - Borrowing - Financial corporations",,_Z,0
2023-12-28,632,EST.B.EU000A2X2A25.NT,B,EU000A2X2A25,NT,A,F,,,,,P1D,,,,"ESA 2010 Sectors: S.121, S.122, S.123, S.124, S.125, S.126, S.127, S.128, S.129",,0,,,,,S,"Euro short-term rate, Number of transactions","Euro short-term rate, Number of transactions - Unsecured - Overnight - Borrowing - Financial corporations",,_Z,0
2023-12-29,517,EST.B.EU000A2X2A25.NT,B,EU000A2X2A25,NT,A,F,,,,,P1D,,,,"ESA 2010 Sectors: S.121, S.122, S.123, S.124, S.125, S.126, S.127, S.128, S.129",,0,,,,,S,"Euro short-term rate, Number of transactions","Euro short-term rate, Number of transactions - Unsecured - Overnight - Borrowing - Financial corporations",,_Z,0
2024-01-02,621,EST.B.EU000A2X2A25.NT,B,EU000A2X2A25,NT,A,F,,,,,P1D,,,,"ESA 2010 Sectors: S.121, S.122, S.123, S.124, S.125, S.126, S.127, S.128, S.129",,0,,,,,S,"Euro short-term rate, Number of transactions","Euro short-term rate, Number of transactions - Unsecured - Overnight - Borrowing - Financial corporations",,_Z,0
2024-01-03,688,EST.B.EU000A2X2A25.NT,B,EU000A2X2A25,NT,A,F,,,,,P1D,,,,"ESA 2010 Sectors: S.121, S.122, S.123, S.124, S.125, S.126, S.127, S.128, S.129",,0,,,,,S,"Euro short-term rate, Number of transactions","Euro short-term rate, Number of transactions - Unsecured - Overnight - Borrowing - Financial corporations",,_Z,0
2024-01-04,676,EST.B.EU000A2X2A25.NT,B,EU000A2X2A25,NT,A,F,,,,,P1D,,,,"ESA 2010 Sectors: S.121, S.122, S.123, S.124, S.125, S.126, S.127, S.128, S.129",,0,,,,,S,"Euro short-term rate, Number of transactions","Euro short-term rate, Number of transactions - Unsecured - Overnight - Borrowing - Financial corporations",,_Z,0
2024-01-05,661,EST.B.EU000A2X2A25.NT,B,EU000A2X2A25,NT,A,F,,,,,P1D,,,,"ESA 2010 Sectors: S.121, S.122, S.123, S.124, S.125, S.126, S.127, S.128, S.129",,0,,,,,S,"Euro short-term rate, Number of transactions","Euro short-term rate, Number of transactions - Unsecured - Overnight - Borrowing - Financial corporations",,_Z,0
2024-01-08,678,EST.B.EU000A2X2A25.NT,B,EU000A2X2A25,NT,A,F,,,,,P1D,,,,"ESA 2010 Sectors: S.121, S.122, S.123, S.124, S.125, S.126, S.127, S.128, S.129",,0,,,,,S,"Euro short-term rate, Number of transactions","Euro short-term rate, Number of transactions - Unsecured - Overnight - Borrowing - Financial corporations",,_Z,0
2024-01-09,703,EST.B.EU000A2X2A25.NT,B,EU000A2X2A25,NT,A,F,,,,,P1D,,,,"ESA 2010 Sectors: S.121, S.122, S.123, S.124, S.125, S.126, S.127, S.128, S.129",,0,,,,,S,"Euro short-term rate, Number of transactions","Euro short-term rate, Number of transactions - Unsecured - Overnight - Borrowing - Financial corporations",,_Z,0
2024-01-10,689,EST.B.EU000A2X2A25.NT,B,EU000A2X2A25,NT,A,F,,,,,P1D,,,,"ESA 2010 Sectors: S.121, S.122, S.123, S.124, S.125, S.126, S.127, S.128, S.129",,0,,,,,S,"Euro short-term rate, Number of transactions","Euro short-term rate, Number of transactions - Unsecured - Overnight - Borrowing - Financial corporations",,_Z,0
2024-01-11,678,EST.B.EU000A2X2A25.NT,B,EU000A2X2A25,NT,A,F,,,,,P1D,,,,"ESA 2010 Sectors: S.121, S.122, S.123, S.124, S.125, S.126, S.127, S.128, S.129",,0,,,,,S,"Euro short-term rate, Number of transactions","Euro short-term rate, Number of transactions - Unsecured - Overnight - Borrowing - Financial corporations",,_Z,0
2024-01-12,673,EST.B.EU000A2X2A25.NT,B,EU000A2X2A25,NT,A,F,,,,,P1D,,,,"ESA 2010 Sectors: S.121, S.122, S.123, S.124, S.125, S.126, S.127, S.128, S.129",,0,,,,,S,"Euro short-term rate, Number of transactions","Euro short-term rate, Number of transactions - Unsecured - Overnight - Borrowing - Financial corporations",,_Z,0
2024-01-15,682,EST.B.EU000A2X2A25.NT,B,EU000A2X2A25,NT,A,F,,,,,P1D,,,,"ESA 2010 Sectors: S.121, S.122, S.123, S.124, S.125, S.126, S.127, S.128, S.129",,0,,,,,S,"Euro short-term rate, Number of transactions","Euro short-term rate, Number of transactions - Unsecured - Overnight - Borrowing - Financial corporations",,_Z,0
2024-01-16,714,EST.B.EU000A2X2A25.NT,B,EU000A2X2A25,NT,A,F,,,,,P1D,,,,"ESA 2010 Sectors: S.121, S.122, S.123, S.124, S.125, S.126, S.127, S.128, S.129",,0,,,,,S,"Euro short-term rate, Number of transactions","Euro short-term rate, Number of transactions - Unsecured - Overnight - Borrowing - Financial corporations",,_Z,0
2024-01-17,700,EST.B.EU000A2X2A25.NT,B,EU000A2X2A25,NT,A,F,,,,,P1D,,,,"ESA 2010 Sectors: S.121, S.122, S.123, S.124, S.125, S.126, S.127, S.128, S.129",,0,,,,,S,"Euro short-term rate, Number of transactions","Euro short-term rate, Number of transactions - Unsecured - Overnight - Borrowing - Financial corporations",,_Z,0
2024-01-18,650,EST.B.EU000A2X2A25.NT,B,EU000A2X2A25,NT,A,F,,,,,P1D,,,,"ESA 2010 Sectors: S.121, S.122, S.123, S.124, S.125, S.126, S.127, S.128, S.129",,0,,,,,S,"Euro short-term rate, Number of transactions","Euro short-term rate, Number of transactions - Unsecured - Overnight - Borrowing - Financial corporations",,_Z,0
2024-01-19,698,EST.B.EU000A2X2A25.NT,B,EU000A2X2A25,NT,A,F,,,,,P1D,,,,"ESA 2010 Sectors: S.121, S.122, S.123, S.124, S.125, S.126, S.127, S.128, S.129",,0,,,,,S,"Euro short-term rate, Number of transactions","Euro short-term rate, Number of transactions - Unsecured - Overnight - Borrowing - Financial corporations",,_Z,0
2024-01-22,706,EST.B.EU000A2X2A25.NT,B,EU000A2X2A25,NT,A,F,,,,,P1D,,,,"ESA 2010 Sectors: S.121, S.122, S.123, S.124, S.125, S.126, S.127, S.128, S.129",,0,,,,,S,"Euro short-term rate, Number of transactions","Euro short-term rate, Number of transactions - Unsecured - Overnight - Borrowing - Financial corporations",,_Z,0
2024-01-23,713,EST.B.EU000A2X2A25.NT,B,EU000A2X2A25,NT,A,F,,,,,P1D,,,,"ESA 2010 Sectors: S.121, S.122, S.123, S.124, S.125, S.126, S.127, S.128, S.129",,0,,,,,S,"Euro short-term rate, Number of transactions","Euro short-term rate, Number of transactions - Unsecured - Overnight - Borrowing - Financial corporations",,_Z,0
2024-01-24,704,EST.B.EU000A2X2A25.NT,B,EU000A2X2A25,NT,A,F,,,,,P1D,,,,"ESA 2010 Sectors: S.121, S.122, S.123, S.124, S.125, S.126, S.127, S.128, S.129",,0,,,,,S,"Euro short-term rate, Number of transactions","Euro short-term rate, Number of transactions - Unsecured - Overnight - Borrowing - Financial corporations",,_Z,0
2024-01-25,701,EST.B.EU000A2X2A25.NT,B,EU000A2X2A25,NT,A,F,,,,,P1D,,,,"ESA 2010 Sectors: S.121, S.122, S.123, S.124, S.125, S.126, S.127, S.128, S.129",,0,,,,,S,"Euro short-term rate, Number of transactions","Euro short-term rate, Number of transactions - Unsecured - Overnight - Borrowing - Financial corporations",,_Z,0
2024-01-26,676,EST.B.EU000A2X2A25.NT,B,EU000A2X2A25,NT,A,F,,,,,P1D,,,,"ESA 2010 Sectors: S.121, S.122, S.123, S.124, S.125, S.126, S.127, S.128, S.129",,0,,,,,S,"Euro short-term rate, Number of transactions","Euro short-term rate, Number of transactions - Unsecured - Overnight - Borrowing - Financial corporations",,_Z,0
2024-01-29,699,EST.B.EU000A2X2A25.NT,B,EU000A2X2A25,NT,A,F,,,,,P1D,,,,"ESA 2010 Sectors: S.121, S.122, S.123, S.124, S.125, S.126, S.127, S.128, S.129",,0,,,,,S,"Euro short-term rate, Number of transactions","Euro short-term rate, Number of transactions - Unsecured - Overnight - Borrowing - Financial corporations",,_Z,0
2024-01-30,713,EST.B.EU000A2X2A25.NT,B,EU000A2X2A25,NT,A,F,,,,,P1D,,,,"ESA 2010 Sectors: S.121, S.122, S.123, S.124, S.125, S.126, S.127, S.128, S.129",,0,,,,,S,"Euro short-term rate, Number of transactions","Euro short-term rate, Number of transactions - Unsecured - Overnight - Borrowing - Financial corporations",,_Z,0
2024-01-31,637,EST.B.EU000A2X2A25.NT,B,EU000A2X2A25,NT,A,F,,,,,P1D,,,,"ESA 2010 Sectors: S.121, S.122, S.123, S.124, S.125, S.126, S.127, S.128, S.129",,0,,,,,S,"Euro short-term rate, Number of transactions","Euro short-term rate, Number of transactions - Unsecured - Overnight - Borrowing - Financial corporations",,_Z,0
2024-02-01,719,EST.B.EU000A2X2A25.NT,B,EU000A2X2A25,NT,A,F,,,,,P1D,,,,"ESA 2010 Sectors: S.121, S.122, S.123, S.124, S.125, S.126, S.127, S.128, S.129",,0,,,,,S,"Euro short-term rate, Number of transactions","Euro short-term rate, Number of transactions - Unsecured - Overnight - Borrowing - Financial corporations",,_Z,0
2024-02-02,684,EST.B.EU000A2X2A25.NT,B,EU000A2X2A25,NT,A,F,,,,,P1D,,,,"ESA 2010 Sectors: S.121, S.122, S.123, S.124, S.125, S.126, S.127, S.128, S.129",,0,,,,,S,"Euro short-term rate, Number of transactions","Euro short-term rate, Number of transactions - Unsecured - Overnight - Borrowing - Financial corporations",,_Z,0
2024-02-05,701,EST.B.EU000A2X2A25.NT,B,EU000A2X2A25,NT,A,F,,,,,P1D,,,,"ESA 2010 Sectors: S.121, S.122, S.123, S.124, S.125, S.126, S.127, S.128, S.129",,0,,,,,S,"Euro short-term rate, Number of transactions","Euro short-term rate, Number of transactions - Unsecured - Overnight - Borrowing - Financial corporations",,_Z,0
2024-02-06,652,EST.B.EU000A2X2A25.NT,B,EU000A2X2A25,NT,A,F,,,,,P1D,,,,"ESA 2010 Sectors: S.121, S.122, S.123, S.124, S.125, S.126, S.127, S.128, S.129",,0,,,,,S,"Euro short-term rate, Number of transactions","Euro short-term rate, Number of transactions - Unsecured - Overnight - Borrowing - Financial corporations",,_Z,0
2024-02-07,702,EST.B.EU000A2X2A25.NT,B,EU000A2X2A25,NT,A,F,,,,,P1D,,,,"ESA 2010 Sectors: S.121, S.122, S.123, S.124, S.125, S.126, S.127, S.128, S.129",,0,,,,,S,"Euro short-term rate, Number of transactions","Euro short-term rate, Number of transactions - Unsecured - Overnight - Borrowing - Financial corporations",,_Z,0
2024-02-08,685,EST.B.EU000A2X2A25.NT,B,EU000A2X2A25,NT,A,F,,,,,P1D,,,,"ESA 2010 Sectors: S.121, S.122, S.123, S.124, S.125, S.126, S.127, S.128, S.129",,0,,,,,S,"Euro short-term rate, Number of transactions","Euro short-term rate, Number of transactions - Unsecured - Overnight - Borrowing - Financial corporations",,_Z,0
2024-02-09,655,EST.B.EU000A2X2A25.NT,B,EU000A2X2A25,NT,A,F,,,,,P1D,,,,"ESA 2010 Sectors: S.121, S.122, S.123, S.124, S.125, S.126, S.127, S.128, S.129",,0,,,,,S,"Euro short-term rate, Number of transactions","Euro short-term rate, Number of transactions - Unsecured - Overnight - Borrowing - Financial corporations",,_Z,0
2024-02-12,684,EST.B.EU000A2X2A25.NT,B,EU000A2X2A25,NT,A,F,,,,,P1D,,,,"ESA 2010 Sectors: S.121, S.122, S.123, S.124, S.125, S.126, S.127, S.128, S.129",,0,,,,,S,"Euro short-term rate, Number of transactions","Euro short-term rate, Number of transactions - Unsecured - Overnight - Borrowing - Financial corporations",,_Z,0
2024-02-13,706,EST.B.EU000A2X2A25.NT,B,EU000A2X2A25,NT,A,F,,,,,P1D,,,,"ESA 2010 Sectors: S.121, S.122, S.123, S.124, S.125, S.126, S.127, S.128, S.129",,0,,,,,S,"Euro short-term rate, Number of transactions","Euro short-term rate, Number of transactions - Unsecured - Overnight - Borrowing - Financial corporations",,_Z,0
2024-02-14,676,EST.B.EU000A2X2A25.NT,B,EU000A2X2A25,NT,A,F,,,,,P1D,,,,"ESA 2010 Sectors: S.121, S.122, S.123, S.124, S.125, S.126, S.127, S.128, S.129",,0,,,,,S,"Euro short-term rate, Number of transactions","Euro short-term rate, Number of transactions - Unsecured - Overnight - Borrowing - Financial corporations",,_Z,0
2024-02-15,675,EST.B.EU000A2X2A25.NT,B,EU000A2X2A25,NT,A,F,,,,,P1D,,,,"ESA 2010 Sectors: S.121, S.122, S.123, S.124, S.125, S.126, S.127, S.128, S.129",,0,,,,,S,"Euro short-term rate, Number of transactions","Euro short-term rate, Number of transactions - Unsecured - Overnight - Borrowing - Financial corporations",,_Z,0
2024-02-16,677,EST.B.EU000A2X2A25.NT,B,EU000A2X2A25,NT,A,F,,,,,P1D,,,,"ESA 2010 Sectors: S.121, S.122, S.123, S.124, S.125, S.126, S.127, S.128, S.129",,0,,,,,S,"Euro short-term rate, Number of transactions","Euro short-term rate, Number of transactions - Unsecured - Overnight - Borrowing - Financial corporations",,_Z,0
2024-02-19,706,EST.B.EU000A2X2A25.NT,B,EU000A2X2A25,NT,A,F,,,,,P1D,,,,"ESA 2010 Sectors: S.121, S.122, S.123, S.124, S.125, S.126, S.127, S.128, S.129",,0,,,,,S,"Euro short-term rate, Number of transactions","Euro short-term rate, Number of transactions - Unsecured - Overnight - Borrowing - Financial corporations",,_Z,0
2024-02-20,721,EST.B.EU000A2X2A25.NT,B,EU000A2X2A25,NT,A,F,,,,,P1D,,,,"ESA 2010 Sectors: S.121, S.122, S.123, S.124, S.125, S.126, S.127, S.128, S.129",,0,,,,,S,"Euro short-term rate, Number of transactions","Euro short-term rate, Number of transactions - Unsecured - Overnight - Borrowing - Financial corporations",,_Z,0
2024-02-21,745,EST.B.EU000A2X2A25.NT,B,EU000A2X2A25,NT,A,F,,,,,P1D,,,,"ESA 2010 Sectors: S.121, S.122, S.123, S.124, S.125, S.126, S.127, S.128, S.129",,0,,,,,S,"Euro short-term rate, Number of transactions","Euro short-term rate, Number of transactions - Unsecured - Overnight - Borrowing - Financial corporations",,_Z,0
2024-02-22,708,EST.B.EU000A2X2A25.NT,B,EU000A2X2A25,NT,A,F,,,,,P1D,,,,"ESA 2010 Sectors: S.121, S.122, S.123, S.124, S.125, S.126, S.127, S.128, S.129",,0,,,,,S,"Euro short-term rate, Number of transactions","Euro short-term rate, Number of transactions - Unsecured - Overnight - Borrowing - Financial corporations",,_Z,0
2024-02-23,680,EST.B.EU000A2X2A25.NT,B,EU000A2X2A25,NT,A,F,,,,,P1D,,,,"ESA 2010 Sectors: S.121, S.122, S.123, S.124, S.125, S.126, S.127, S.128, S.129",,0,,,,,S,"Euro short-term rate, Number of transactions","Euro short-term rate, Number of transactions - Unsecured - Overnight - Borrowing - Financial corporations",,_Z,0
2024-02-26,736,EST.B.EU000A2X2A25.NT,B,EU000A2X2A25,NT,A,F,,,,,P1D,,,,"ESA 2010 Sectors: S.121, S.122, S.123, S.124, S.125, S.126, S.127, S.128, S.129",,0,,,,,S,"Euro short-term rate, Number of transactions","Euro short-term rate, Number of transactions - Unsecured - Overnight - Borrowing - Financial corporations",,_Z,0
2024-02-27,721,EST.B.EU000A2X2A25.NT,B,EU000A2X2A25,NT,A,F,,,,,P1D,,,,"ESA 2010 Sectors: S.121, S.122, S.123, S.124, S.125, S.126, S.127, S.128, S.129",,0,,,,,S,"Euro short-term rate, Number of transactions","Euro short-term rate, Number of transactions - Unsecured - Overnight - Borrowing - Financial corporations",,_Z,0
2024-02-28,700,EST.B.EU000A2X2A25.NT,B,EU000A2X2A25,NT,A,F,,,,,P1D,,,,"ESA 2010 Sectors: S.121, S.122, S.123, S.124, S.125, S.126, S.127, S.128, S.129",,0,,,,,S,"Euro short-term rate, Number of transactions","Euro short-term rate, Number of transactions - Unsecured - Overnight - Borrowing - Financial corporations",,_Z,0
2024-02-29,601,EST.B.EU000A2X2A25.NT,B,EU000A2X2A25,NT,A,F,,,,,P1D,,,,"ESA 2010 Sectors: S.121, S.122, S.123, S.124, S.125, S.126, S.127, S.128, S.129",,0,,,,,S,"Euro short-term rate, Number of transactions","Euro short-term rate, Number of transactions - Unsecured - Overnight - Borrowing - Financial corporations",,_Z,0
2024-03-01,653,EST.B.EU000A2X2A25.NT,B,EU000A2X2A25,NT,A,F,,,,,P1D,,,,"ESA 2010 Sectors: S.121, S.122, S.123, S.124, S.125, S.126, S.127, S.128, S.129",,0,,,,,S,"Euro short-term rate, Number of transactions","Euro short-term rate, Number of transactions - Unsecured - Overnight - Borrowing - Financial corporations",,_Z,0
2024-03-04,679,EST.B.EU000A2X2A25.NT,B,EU000A2X2A25,NT,A,F,,,,,P1D,,,,"ESA 2010 Sectors: S.121, S.122, S.123, S.124, S.125, S.126, S.127, S.128, S.129",,0,,,,,S,"Euro short-term rate, Number of transactions","Euro short-term rate, Number of transactions - Unsecured - Overnight - Borrowing - Financial corporations",,_Z,0
2024-03-05,709,EST.B.EU000A2X2A25.NT,B,EU000A2X2A25,NT,A,F,,,,,P1D,,,,"ESA 2010 Sectors: S.121, S.122, S.123, S.124, S.125, S.126, S.127, S.128, S.129",,0,,,,,S,"Euro short-term rate, Number of transactions","Euro short-term rate, Number of transactions - Unsecured - Overnight - Borrowing - Financial corporations",,_Z,0
2024-03-06,716,EST.B.EU000A2X2A25.NT,B,EU000A2X2A25,NT,A,F,,,,,P1D,,,,"ESA 2010 Sectors: S.121, S.122, S.123, S.124, S.125, S.126, S.127, S.128, S.129",,0,,,,,S,"Euro short-term rate, Number of transactions","Euro short-term rate, Number of transactions - Unsecured - Overnight - Borrowing - Financial corporations",,_Z,0
2024-03-07,687,EST.B.EU000A2X2A25.NT,B,EU000A2X2A25,NT,A,F,,,,,P1D,,,,"ESA 2010 Sectors: S.121, S.122, S.123, S.124, S.125, S.126, S.127, S.128, S.129",,0,,,,,S,"Euro short-term rate, Number of transactions","Euro short-term rate, Number of transactions - Unsecured - Overnight - Borrowing - Financial corporations",,_Z,0
2024-03-08,684,EST.B.EU000A2X2A25.NT,B,EU000A2X2A25,NT,A,F,,,,,P1D,,,,"ESA 2010 Sectors: S.121, S.122, S.123, S.124, S.125, S.126, S.127, S.128, S.129",,0,,,,,S,"Euro short-term rate, Number of transactions","Euro short-term rate, Number of transactions - Unsecured - Overnight - Borrowing - Financial corporations",,_Z,0
2024-03-11,753,EST.B.EU000A2X2A25.NT,B,EU000A2X2A25,NT,A,F,,,,,P1D,,,,"ESA 2010 Sectors: S.121, S.122, S.123, S.124, S.125, S.126, S.127, S.128, S.129",,0,,,,,S,"Euro short-term rate, Number of transactions","Euro short-term rate, Number of transactions - Unsecured - Overnight - Borrowing - Financial corporations",,_Z,0
2024-03-12,760,EST.B.EU000A2X2A25.NT,B,EU000A2X2A25,NT,A,F,,,,,P1D,,,,"ESA 2010 Sectors: S.121, S.122, S.123, S.124, S.125, S.126, S.127, S.128, S.129",,0,,,,,S,"Euro short-term rate, Number of transactions","Euro short-term rate, Number of transactions - Unsecured - Overnight - Borrowing - Financial corporations",,_Z,0
2024-03-13,753,EST.B.EU000A2X2A25.NT,B,EU000A2X2A25,NT,A,F,,,,,P1D,,,,"ESA 2010 Sectors: S.121, S.122, S.123, S.124, S.125, S.126, S.127, S.128, S.129",,0,,,,,S,"Euro short-term rate, Number of transactions","Euro short-term rate, Number of transactions - Unsecured - Overnight - Borrowing - Financial corporations",,_Z,0
2024-03-14,699,EST.B.EU000A2X2A25.NT,B,EU000A2X2A25,NT,A,F,,,,,P1D,,,,"ESA 2010 Sectors: S.121, S.122, S.123, S.124, S.125, S.126, S.127, S.128, S.129",,0,,,,,S,"Euro short-term rate, Number of transactions","Euro short-term rate, Number of transactions - Unsecured - Overnight - Borrowing - Financial corporations",,_Z,0
2024-03-15,676,EST.B.EU000A2X2A25.NT,B,EU000A2X2A25,NT,A,F,,,,,P1D,,,,"ESA 2010 Sectors: S.121, S.122, S.123, S.124, S.125, S.126, S.127, S.128, S.129",,0,,,,,S,"Euro short-term rate, Number of transactions","Euro short-term rate, Number of transactions - Unsecured - Overnight - Borrowing - Financial corporations",,_Z,0
2024-03-18,690,EST.B.EU000A2X2A25.NT,B,EU000A2X2A25,NT,A,F,,,,,P1D,,,,"ESA 2010 Sectors: S.121, S.122, S.123, S.124, S.125, S.126, S.127, S.128, S.129",,0,,,,,S,"Euro short-term rate, Number of transactions","Euro short-term rate, Number of transactions - Unsecured - Overnight - Borrowing - Financial corporations",,_Z,0
2024-03-19,713,EST.B.EU000A2X2A25.NT,B,EU000A2X2A25,NT,A,F,,,,,P1D,,,,"ESA 2010 Sectors: S.121, S.122, S.123, S.124, S.125, S.126, S.127, S.128, S.129",,0,,,,,S,"Euro short-term rate, Number of transactions","Euro short-term rate, Number of transactions - Unsecured - Overnight - Borrowing - Financial corporations",,_Z,0
2024-03-20,705,EST.B.EU000A2X2A25.NT,B,EU000A2X2A25,NT,A,F,,,,,P1D,,,,"ESA 2010 Sectors: S.121, S.122, S.123, S.124, S.125, S.126, S.127, S.128, S.129",,0,,,,,S,"Euro short-term rate, Number of transactions","Euro short-term rate, Number of transactions - Unsecured - Overnight - Borrowing - Financial corporations",,_Z,0
2024-03-21,691,EST.B.EU000A2X2A25.NT,B,EU000A2X2A25,NT,A,F,,,,,P1D,,,,"ESA 2010 Sectors: S.121, S.122, S.123, S.124, S.125, S.126, S.127, S.128, S.129",,0,,,,,S,"Euro short-term rate, Number of transactions","Euro short-term rate, Number of transactions - Unsecured - Overnight - Borrowing - Financial corporations",,_Z,0
2024-03-22,683,EST.B.EU000A2X2A25.NT,B,EU000A2X2A25,NT,A,F,,,,,P1D,,,,"ESA 2010 Sectors: S.121, S.122, S.123, S.124, S.125, S.126, S.127, S.128, S.129",,0,,,,,S,"Euro short-term rate, Number of transactions","Euro short-term rate, Number of transactions - Unsecured - Overnight - Borrowing - Financial corporations",,_Z,0
2024-03-25,680,EST.B.EU000A2X2A25.NT,B,EU000A2X2A25,NT,A,F,,,,,P1D,,,,"ESA 2010 Sectors: S.121, S.122, S.123, S.124, S.125, S.126, S.127, S.128, S.129",,0,,,,,S,"Euro short-term rate, Number of transactions","Euro short-term rate, Number of transactions - Unsecured - Overnight - Borrowing - Financial corporations",,_Z,0
2024-03-26,704,EST.B.EU000A2X2A25.NT,B,EU000A2X2A25,NT,A,F,,,,,P1D,,,,"ESA 2010 Sectors: S.121, S.122, S.123, S.124, S.125, S.126, S.127, S.128, S.129",,0,,,,,S,"Euro short-term rate, Number of transactions","Euro short-term rate, Number of transactions - Unsecured - Overnight - Borrowing - Financial corporations",,_Z,0
2024-03-27,717,EST.B.EU000A2X2A25.NT,B,EU000A2X2A25,NT,A,F,,,,,P1D,,,,"ESA 2010 Sectors: S.121, S.122, S.123, S.124, S.125, S.126, S.127, S.128, S.129",,0,,,,,S,"Euro short-term rate, Number of transactions","Euro short-term rate, Number of transactions - Unsecured - Overnight - Borrowing - Financial corporations",,_Z,0
2024-03-28,650,EST.B.EU000A2X2A25.NT,B,EU000A2X2A25,NT,A,F,,,,,P1D,,,,"ESA 2010 Sectors: S.121, S.122, S.123, S.124, S.125, S.126, S.127, S.128, S.129",,0,,,,,S,"Euro short-term rate, Number of transactions","Euro short-term rate, Number of transactions - Unsecured - Overnight - Borrowing - Financial corporations",,_Z,0
2024-04-02,710,EST.B.EU000A2X2A25.NT,B,EU000A2X2A25,NT,A,F,,,,,P1D,,,,"ESA 2010 Sectors: S.121, S.122, S.123, S.124, S.125, S.126, S.127, S.128, S.129",,0,,,,,S,"Euro short-term rate, Number of transactions","Euro short-term rate, Number of transactions - Unsecured - Overnight - Borrowing - Financial corporations",,_Z,0
2024-04-03,717,EST.B.EU000A2X2A25.NT,B,EU000A2X2A25,NT,A,F,,,,,P1D,,,,"ESA 2010 Sectors: S.121, S.122, S.123, S.124, S.125, S.126, S.127, S.128, S.129",,0,,,,,S,"Euro short-term rate, Number of transactions","Euro short-term rate, Number of transactions - Unsecured - Overnight - Borrowing - Financial corporations",,_Z,0
2024-04-04,704,EST.B.EU000A2X2A25.NT,B,EU000A2X2A25,NT,A,F,,,,,P1D,,,,"ESA 2010 Sectors: S.121, S.122, S.123, S.124, S.125, S.126, S.127, S.128, S.129",,0,,,,,S,"Euro short-term rate, Number of transactions","Euro short-term rate, Number of transactions - Unsecured - Overnight - Borrowing - Financial corporations",,_Z,0
2024-04-05,702,EST.B.EU000A2X2A25.NT,B,EU000A2X2A25,NT,A,F,,,,,P1D,,,,"ESA 2010 Sectors: S.121, S.122, S.123, S.124, S.125, S.126, S.127, S.128, S.129",,0,,,,,S,"Euro short-term rate, Number of transactions","Euro short-term rate, Number of transactions - Unsecured - Overnight - Borrowing - Financial corporations",,_Z,0
2024-04-08,660,EST.B.EU000A2X2A25.NT,B,EU000A2X2A25,NT,A,F,,,,,P1D,,,,"ESA 2010 Sectors: S.121, S.122, S.123, S.124, S.125, S.126, S.127, S.128, S.129",,0,,,,,S,"Euro short-term rate, Number of transactions","Euro short-term rate, Number of transactions - Unsecured - Overnight - Borrowing - Financial corporations",,_Z,0
2024-04-09,606,EST.B.EU000A2X2A25.NT,B,EU000A2X2A25,NT,A,F,,,,,P1D,,,,"ESA 2010 Sectors: S.121, S.122, S.123, S.124, S.125, S.126, S.127, S.128, S.129",,0,,,,,S,"Euro short-term rate, Number of transactions","Euro short-term rate, Number of transactions - Unsecured - Overnight - Borrowing - Financial corporations",,_Z,0
2024-04-10,623,EST.B.EU000A2X2A25.NT,B,EU000A2X2A25,NT,A,F,,,,,P1D,,,,"ESA 2010 Sectors: S.121, S.122, S.123, S.124, S.125, S.126, S.127, S.128, S.129",,0,,,,,S,"Euro short-term rate, Number of transactions","Euro short-term rate, Number of transactions - Unsecured - Overnight - Borrowing - Financial corporations",,_Z,0
2024-04-11,664,EST.B.EU000A2X2A25.NT,B,EU000A2X2A25,NT,A,F,,,,,P1D,,,,"ESA 2010 Sectors: S.121, S.122, S.123, S.124, S.125, S.126, S.127, S.128, S.129",,0,,,,,S,"Euro short-term rate, Number of transactions","Euro short-term rate, Number of transactions - Unsecured - Overnight - Borrowing - Financial corporations",,_Z,0
2024-04-12,662,EST.B.EU000A2X2A25.NT,B,EU000A2X2A25,NT,A,F,,,,,P1D,,,,"ESA 2010 Sectors: S.121, S.122, S.123, S.124, S.125, S.126, S.127, S.128, S.129",,0,,,,,S,"Euro short-term rate, Number of transactions","Euro short-term rate, Number of transactions - Unsecured - Overnight - Borrowing - Financial corporations",,_Z,0
2024-04-15,710,EST.B.EU000A2X2A25.NT,B,EU000A2X2A25,NT,A,F,,,,,P1D,,,,"ESA 2010 Sectors: S.121, S.122, S.123, S.124, S.125, S.126, S.127, S.128, S.129",,0,,,,,S,"Euro short-term rate, Number of transactions","Euro short-term rate, Number of transactions - Unsecured - Overnight - Borrowing - Financial corporations",,_Z,0
2024-04-16,731,EST.B.EU000A2X2A25.NT,B,EU000A2X2A25,NT,A,F,,,,,P1D,,,,"ESA 2010 Sectors: S.121, S.122, S.123, S.124, S.125, S.126, S.127, S.128, S.129",,0,,,,,S,"Euro short-term rate, Number of transactions","Euro short-term rate, Number of transactions - Unsecured - Overnight - Borrowing - Financial corporations",,_Z,0
2024-04-17,754,EST.B.EU000A2X2A25.NT,B,EU000A2X2A25,NT,A,F,,,,,P1D,,,,"ESA 2010 Sectors: S.121, S.122, S.123, S.124, S.125, S.126, S.127, S.128, S.129",,0,,,,,S,"Euro short-term rate, Number of transactions","Euro short-term rate, Number of transactions - Unsecured - Overnight - Borrowing - Financial corporations",,_Z,0
2024-04-18,723,EST.B.EU000A2X2A25.NT,B,EU000A2X2A25,NT,A,F,,,,,P1D,,,,"ESA 2010 Sectors: S.121, S.122, S.123, S.124, S.125, S.126, S.127, S.128, S.129",,0,,,,,S,"Euro short-term rate, Number of transactions","Euro short-term rate, Number of transactions - Unsecured - Overnight - Borrowing - Financial corporations",,_Z,0
2024-04-19,718,EST.B.EU000A2X2A25.NT,B,EU000A2X2A25,NT,A,F,,,,,P1D,,,,"ESA 2010 Sectors: S.121, S.122, S.123, S.124, S.125, S.126, S.127, S.128, S.129",,0,,,,,S,"Euro short-term rate, Number of transactions","Euro short-term rate, Number of transactions - Unsecured - Overnight - Borrowing - Financial corporations",,_Z,0
2024-04-22,738,EST.B.EU000A2X2A25.NT,B,EU000A2X2A25,NT,A,F,,,,,P1D,,,,"ESA 2010 Sectors: S.121, S.122, S.123, S.124, S.125, S.126, S.127, S.128, S.129",,0,,,,,S,"Euro short-term rate, Number of transactions","Euro short-term rate, Number of transactions - Unsecured - Overnight - Borrowing - Financial corporations",,_Z,0
2024-04-23,724,EST.B.EU000A2X2A25.NT,B,EU000A2X2A25,NT,A,F,,,,,P1D,,,,"ESA 2010 Sectors: S.121, S.122, S.123, S.124, S.125, S.126, S.127, S.128, S.129",,0,,,,,S,"Euro short-term rate, Number of transactions","Euro short-term rate, Number of transactions - Unsecured - Overnight - Borrowing - Financial corporations",,_Z,0
2024-04-24,692,EST.B.EU000A2X2A25.NT,B,EU000A2X2A25,NT,A,F,,,,,P1D,,,,"ESA 2010 Sectors: S.121, S.122, S.123, S.124, S.125, S.126, S.127, S.128, S.129",,0,,,,,S,"Euro short-term rate, Number of transactions","Euro short-term rate, Number of transactions - Unsecured - Overnight - Borrowing - Financial corporations",,_Z,0
2024-04-25,709,EST.B.EU000A2X2A25.NT,B,EU000A2X2A25,NT,A,F,,,,,P1D,,,,"ESA 2010 Sectors: S.121, S.122, S.123, S.124, S.125, S.126, S.127, S.128, S.129",,0,,,,,S,"Euro short-term rate, Number of transactions","Euro short-term rate, Number of transactions - Unsecured - Overnight - Borrowing - Financial corporations",,_Z,0
2024-04-26,713,EST.B.EU000A2X2A25.NT,B,EU000A2X2A25,NT,A,F,,,,,P1D,,,,"ESA 2010 Sectors: S.121, S.122, S.123, S.124, S.125, S.126, S.127, S.128, S.129",,0,,,,,S,"Euro short-term rate, Number of transactions","Euro short-term rate, Number of transactions - Unsecured - Overnight - Borrowing - Financial corporations",,_Z,0
2024-04-29,746,EST.B.EU000A2X2A25.NT,B,EU000A2X2A25,NT,A,F,,,,,P1D,,,,"ESA 2010 Sectors: S.121, S.122, S.123, S.124, S.125, S.126, S.127, S.128, S.129",,0,,,,,S,"Euro short-term rate, Number of transactions","Euro short-term rate, Number of transactions - Unsecured - Overnight - Borrowing - Financial corporations",,_Z,0
2024-04-30,619,EST.B.EU000A2X2A25.NT,B,EU000A2X2A25,NT,A,F,,,,,P1D,,,,"ESA 2010 Sectors: S.121, S.122, S.123, S.124, S.125, S.126, S.127, S.128, S.129",,0,,,,,S,"Euro short-term rate, Number of transactions","Euro short-term rate, Number of transactions - Unsecured - Overnight - Borrowing - Financial corporations",,_Z,0
2024-05-02,601,EST.B.EU000A2X2A25.NT,B,EU000A2X2A25,NT,A,F,,,,,P1D,,,,"ESA 2010 Sectors: S.121, S.122, S.123, S.124, S.125, S.126, S.127, S.128, S.129",,0,,,,,S,"Euro short-term rate, Number of transactions","Euro short-term rate, Number of transactions - Unsecured - Overnight - Borrowing - Financial corporations",,_Z,0
2024-05-03,498,EST.B.EU000A2X2A25.NT,B,EU000A2X2A25,NT,A,F,,,,,P1D,,,,"ESA 2010 Sectors: S.121, S.122, S.123, S.124, S.125, S.126, S.127, S.128, S.129",,0,,,,,S,"Euro short-term rate, Number of transactions","Euro short-term rate, Number of transactions - Unsecured - Overnight - Borrowing - Financial corporations",,_Z,0
2024-05-06,532,EST.B.EU000A2X2A25.NT,B,EU000A2X2A25,NT,A,F,,,,,P1D,,,,"ESA 2010 Sectors: S.121, S.122, S.123, S.124, S.125, S.126, S.127, S.128, S.129",,0,,,,,S,"Euro short-term rate, Number of transactions","Euro short-term rate, Number of transactions - Unsecured - Overnight - Borrowing - Financial corporations",,_Z,0
2024-05-07,665,EST.B.EU000A2X2A25.NT,B,EU000A2X2A25,NT,A,F,,,,,P1D,,,,"ESA 2010 Sectors: S.121, S.122, S.123, S.124, S.125, S.126, S.127, S.128, S.129",,0,,,,,S,"Euro short-term rate, Number of transactions","Euro short-term rate, Number of transactions - Unsecured - Overnight - Borrowing - Financial corporations",,_Z,0
2024-05-08,539,EST.B.EU000A2X2A25.NT,B,EU000A2X2A25,NT,A,F,,,,,P1D,,,,"ESA 2010 Sectors: S.121, S.122, S.123, S.124, S.125, S.126, S.127, S.128, S.129",,0,,,,,S,"Euro short-term rate, Number of transactions","Euro short-term rate, Number of transactions - Unsecured - Overnight - Borrowing - Financial corporations",,_Z,0
2024-05-09,394,EST.B.EU000A2X2A25.NT,B,EU000A2X2A25,NT,A,F,,,,,P1D,,,,"ESA 2010 Sectors: S.121, S.122, S.123, S.124, S.125, S.126, S.127, S.128, S.129",,0,,,,,S,"Euro short-term rate, Number of transactions","Euro short-term rate, Number of transactions - Unsecured - Overnight - Borrowing - Financial corporations",,_Z,0
2024-05-10,704,EST.B.EU000A2X2A25.NT,B,EU000A2X2A25,NT,A,F,,,,,P1D,,,,"ESA 2010 Sectors: S.121, S.122, S.123, S.124, S.125, S.126, S.127, S.128, S.129",,0,,,,,S,"Euro short-term rate, Number of transactions","Euro short-term rate, Number of transactions - Unsecured - Overnight - Borrowing - Financial corporations",,_Z,0
2024-05-13,724,EST.B.EU000A2X2A25.NT,B,EU000A2X2A25,NT,A,F,,,,,P1D,,,,"ESA 2010 Sectors: S.121, S.122, S.123, S.124, S.125, S.126, S.127, S.128, S.129",,0,,,,,S,"Euro short-term rate, Number of transactions","Euro short-term rate, Number of transactions - Unsecured - Overnight - Borrowing - Financial corporations",,_Z,0
2024-05-14,721,EST.B.EU000A2X2A25.NT,B,EU000A2X2A25,NT,A,F,,,,,P1D,,,,"ESA 2010 Sectors: S.121, S.122, S.123, S.124, S.125, S.126, S.127, S.128, S.129",,0,,,,,S,"Euro short-term rate, Number of transactions","Euro short-term rate, Number of transactions - Unsecured - Overnight - Borrowing - Financial corporations",,_Z,0
2024-05-15,722,EST.B.EU000A2X2A25.NT,B,EU000A2X2A25,NT,A,F,,,,,P1D,,,,"ESA 2010 Sectors: S.121, S.122, S.123, S.124, S.125, S.126, S.127, S.128, S.129",,0,,,,,S,"Euro short-term rate, Number of transactions","Euro short-term rate, Number of transactions - Unsecured - Overnight - Borrowing - Financial corporations",,_Z,0
2024-05-16,708,EST.B.EU000A2X2A25.NT,B,EU000A2X2A25,NT,A,F,,,,,P1D,,,,"ESA 2010 Sectors: S.121, S.122, S.123, S.124, S.125, S.126, S.127, S.128, S.129",,0,,,,,S,"Euro short-term rate, Number of transactions","Euro short-term rate, Number of transactions - Unsecured - Overnight - Borrowing - Financial corporations",,_Z,0
2024-05-17,583,EST.B.EU000A2X2A25.NT,B,EU000A2X2A25,NT,A,F,,,,,P1D,,,,"ESA 2010 Sectors: S.121, S.122, S.123, S.124, S.125, S.126, S.127, S.128, S.129",,0,,,,,S,"Euro short-term rate, Number of transactions","Euro short-term rate, Number of transactions - Unsecured - Overnight - Borrowing - Financial corporations",,_Z,0
2024-05-20,436,EST.B.EU000A2X2A25.NT,B,EU000A2X2A25,NT,A,F,,,,,P1D,,,,"ESA 2010 Sectors: S.121, S.122, S.123, S.124, S.125, S.126, S.127, S.128, S.129",,0,,,,,S,"Euro short-term rate, Number of transactions","Euro short-term rate, Number of transactions - Unsecured - Overnight - Borrowing - Financial corporations",,_Z,0
2024-05-21,721,EST.B.EU000A2X2A25.NT,B,EU000A2X2A25,NT,A,F,,,,,P1D,,,,"ESA 2010 Sectors: S.121, S.122, S.123, S.124, S.125, S.126, S.127, S.128, S.129",,0,,,,,S,"Euro short-term rate, Number of transactions","Euro short-term rate, Number of transactions - Unsecured - Overnight - Borrowing - Financial corporations",,_Z,0
2024-05-22,629,EST.B.EU000A2X2A25.NT,B,EU000A2X2A25,NT,A,F,,,,,P1D,,,,"ESA 2010 Sectors: S.121, S.122, S.123, S.124, S.125, S.126, S.127, S.128, S.129",,0,,,,,S,"Euro short-term rate, Number of transactions","Euro short-term rate, Number of transactions - Unsecured - Overnight - Borrowing - Financial corporations",,_Z,0
2024-05-23,697,EST.B.EU000A2X2A25.NT,B,EU000A2X2A25,NT,A,F,,,,,P1D,,,,"ESA 2010 Sectors: S.121, S.122, S.123, S.124, S.125, S.126, S.127, S.128, S.129",,0,,,,,S,"Euro short-term rate, Number of transactions","Euro short-term rate, Number of transactions - Unsecured - Overnight - Borrowing - Financial corporations",,_Z,0
2024-05-24,619,EST.B.EU000A2X2A25.NT,B,EU000A2X2A25,NT,A,F,,,,,P1D,,,,"ESA 2010 Sectors: S.121, S.122, S.123, S.124, S.125, S.126, S.127, S.128, S.129",,0,,,,,S,"Euro short-term rate, Number of transactions","Euro short-term rate, Number of transactions - Unsecured - Overnight - Borrowing - Financial corporations",,_Z,0
2024-05-27,635,EST.B.EU000A2X2A25.NT,B,EU000A2X2A25,NT,A,F,,,,,P1D,,,,"ESA 2010 Sectors: S.121, S.122, S.123, S.124, S.125, S.126, S.127, S.128, S.129",,0,,,,,S,"Euro short-term rate, Number of transactions","Euro short-term rate, Number of transactions - Unsecured - Overnight - Borrowing - Financial corporations",,_Z,0
2024-05-28,734,EST.B.EU000A2X2A25.NT,B,EU000A2X2A25,NT,A,F,,,,,P1D,,,,"ESA 2010 Sectors: S.121, S.122, S.123, S.124, S.125, S.126, S.127, S.128, S.129",,0,,,,,S,"Euro short-term rate, Number of transactions","Euro short-term rate, Number of transactions - Unsecured - Overnight - Borrowing - Financial corporations",,_Z,0
2024-05-29,683,EST.B.EU000A2X2A25.NT,B,EU000A2X2A25,NT,A,F,,,,,P1D,,,,"ESA 2010 Sectors: S.121, S.122, S.123, S.124, S.125, S.126, S.127, S.128, S.129",,0,,,,,S,"Euro short-term rate, Number of transactions","Euro short-term rate, Number of transactions - Unsecured - Overnight - Borrowing - Financial corporations",,_Z,0
2024-05-30,631,EST.B.EU000A2X2A25.NT,B,EU000A2X2A25,NT,A,F,,,,,P1D,,,,"ESA 2010 Sectors: S.121, S.122, S.123, S.124, S.125, S.126, S.127, S.128, S.129",,0,,,,,S,"Euro short-term rate, Number of transactions","Euro short-term rate, Number of transactions - Unsecured - Overnight - Borrowing - Financial corporations",,_Z,0
2024-05-31,606,EST.B.EU000A2X2A25.NT,B,EU000A2X2A25,NT,A,F,,,,,P1D,,,,"ESA 2010 Sectors: S.121, S.122, S.123, S.124, S.125, S.126, S.127, S.128, S.129",,0,,,,,S,"Euro short-term rate, Number of transactions","Euro short-term rate, Number of transactions - Unsecured - Overnight - Borrowing - Financial corporations",,_Z,0
2024-06-03,708,EST.B.EU000A2X2A25.NT,B,EU000A2X2A25,NT,A,F,,,,,P1D,,,,"ESA 2010 Sectors: S.121, S.122, S.123, S.124, S.125, S.126, S.127, S.128, S.129",,0,,,,,S,"Euro short-term rate, Number of transactions","Euro short-term rate, Number of transactions - Unsecured - Overnight - Borrowing - Financial corporations",,_Z,0
2024-06-04,732,EST.B.EU000A2X2A25.NT,B,EU000A2X2A25,NT,A,F,,,,,P1D,,,,"ESA 2010 Sectors: S.121, S.122, S.123, S.124, S.125, S.126, S.127, S.128, S.129",,0,,,,,S,"Euro short-term rate, Number of transactions","Euro short-term rate, Number of transactions - Unsecured - Overnight - Borrowing - Financial corporations",,_Z,0
2024-06-05,722,EST.B.EU000A2X2A25.NT,B,EU000A2X2A25,NT,A,F,,,,,P1D,,,,"ESA 2010 Sectors: S.121, S.122, S.123, S.124, S.125, S.126, S.127, S.128, S.129",,0,,,,,S,"Euro short-term rate, Number of transactions","Euro short-term rate, Number of transactions - Unsecured - Overnight - Borrowing - Financial corporations",,_Z,0
2024-06-06,693,EST.B.EU000A2X2A25.NT,B,EU000A2X2A25,NT,A,F,,,,,P1D,,,,"ESA 2010 Sectors: S.121, S.122, S.123, S.124, S.125, S.126, S.127, S.128, S.129",,0,,,,,S,"Euro short-term rate, Number of transactions","Euro short-term rate, Number of transactions - Unsecured - Overnight - Borrowing - Financial corporations",,_Z,0
2024-06-07,697,EST.B.EU000A2X2A25.NT,B,EU000A2X2A25,NT,A,F,,,,,P1D,,,,"ESA 2010 Sectors: S.121, S.122, S.123, S.124, S.125, S.126, S.127, S.128, S.129",,0,,,,,S,"Euro short-term rate, Number of transactions","Euro short-term rate, Number of transactions - Unsecured - Overnight - Borrowing - Financial corporations",,_Z,0
2024-06-10,717,EST.B.EU000A2X2A25.NT,B,EU000A2X2A25,NT,A,F,,,,,P1D,,,,"ESA 2010 Sectors: S.121, S.122, S.123, S.124, S.125, S.126, S.127, S.128, S.129",,0,,,,,S,"Euro short-term rate, Number of transactions","Euro short-term rate, Number of transactions - Unsecured - Overnight - Borrowing - Financial corporations",,_Z,0
2024-06-11,726,EST.B.EU000A2X2A25.NT,B,EU000A2X2A25,NT,A,F,,,,,P1D,,,,"ESA 2010 Sectors: S.121, S.122, S.123, S.124, S.125, S.126, S.127, S.128, S.129",,0,,,,,S,"Euro short-term rate, Number of transactions","Euro short-term rate, Number of transactions - Unsecured - Overnight - Borrowing - Financial corporations",,_Z,0
2024-06-12,711,EST.B.EU000A2X2A25.NT,B,EU000A2X2A25,NT,A,F,,,,,P1D,,,,"ESA 2010 Sectors: S.121, S.122, S.123, S.124, S.125, S.126, S.127, S.128, S.129",,0,,,,,S,"Euro short-term rate, Number of transactions","Euro short-term rate, Number of transactions - Unsecured - Overnight - Borrowing - Financial corporations",,_Z,0
2024-06-13,678,EST.B.EU000A2X2A25.NT,B,EU000A2X2A25,NT,A,F,,,,,P1D,,,,"ESA 2010 Sectors: S.121, S.122, S.123, S.124, S.125, S.126, S.127, S.128, S.129",,0,,,,,S,"Euro short-term rate, Number of transactions","Euro short-term rate, Number of transactions - Unsecured - Overnight - Borrowing - Financial corporations",,_Z,0
2024-06-14,654,EST.B.EU000A2X2A25.NT,B,EU000A2X2A25,NT,A,F,,,,,P1D,,,,"ESA 2010 Sectors: S.121, S.122, S.123, S.124, S.125, S.126, S.127, S.128, S.129",,0,,,,,S,"Euro short-term rate, Number of transactions","Euro short-term rate, Number of transactions - Unsecured - Overnight - Borrowing - Financial corporations",,_Z,0
2024-06-17,650,EST.B.EU000A2X2A25.NT,B,EU000A2X2A25,NT,A,F,,,,,P1D,,,,"ESA 2010 Sectors: S.121, S.122, S.123, S.124, S.125, S.126, S.127, S.128, S.129",,0,,,,,S,"Euro short-term rate, Number of transactions","Euro short-term rate, Number of transactions - Unsecured - Overnight - Borrowing - Financial corporations",,_Z,0
2024-06-18,692,EST.B.EU000A2X2A25.NT,B,EU000A2X2A25,NT,A,F,,,,,P1D,,,,"ESA 2010 Sectors: S.121, S.122, S.123, S.124, S.125, S.126, S.127, S.128, S.129",,0,,,,,S,"Euro short-term rate, Number of transactions","Euro short-term rate, Number of transactions - Unsecured - Overnight - Borrowing - Financial corporations",,_Z,0
2024-06-19,741,EST.B.EU000A2X2A25.NT,B,EU000A2X2A25,NT,A,F,,,,,P1D,,,,"ESA 2010 Sectors: S.121, S.122, S.123, S.124, S.125, S.126, S.127, S.128, S.129",,0,,,,,S,"Euro short-term rate, Number of transactions","Euro short-term rate, Number of transactions - Unsecured - Overnight - Borrowing - Financial corporations",,_Z,0
2024-06-20,696,EST.B.EU000A2X2A25.NT,B,EU000A2X2A25,NT,A,F,,,,,P1D,,,,"ESA 2010 Sectors: S.121, S.122, S.123, S.124, S.125, S.126, S.127, S.128, S.129",,0,,,,,S,"Euro short-term rate, Number of transactions","Euro short-term rate, Number of transactions - Unsecured - Overnight - Borrowing - Financial corporations",,_Z,0
2024-06-21,680,EST.B.EU000A2X2A25.NT,B,EU000A2X2A25,NT,A,F,,,,,P1D,,,,"ESA 2010 Sectors: S.121, S.122, S.123, S.124, S.125, S.126, S.127, S.128, S.129",,0,,,,,S,"Euro short-term rate, Number of transactions","Euro short-term rate, Number of transactions - Unsecured - Overnight - Borrowing - Financial corporations",,_Z,0
2024-06-24,708,EST.B.EU000A2X2A25.NT,B,EU000A2X2A25,NT,A,F,,,,,P1D,,,,"ESA 2010 Sectors: S.121, S.122, S.123, S.124, S.125, S.126, S.127, S.128, S.129",,0,,,,,S,"Euro short-term rate, Number of transactions","Euro short-term rate, Number of transactions - Unsecured - Overnight - Borrowing - Financial corporations",,_Z,0
2024-06-25,712,EST.B.EU000A2X2A25.NT,B,EU000A2X2A25,NT,A,F,,,,,P1D,,,,"ESA 2010 Sectors: S.121, S.122, S.123, S.124, S.125, S.126, S.127, S.128, S.129",,0,,,,,S,"Euro short-term rate, Number of transactions","Euro short-term rate, Number of transactions - Unsecured - Overnight - Borrowing - Financial corporations",,_Z,0
2024-06-26,715,EST.B.EU000A2X2A25.NT,B,EU000A2X2A25,NT,A,F,,,,,P1D,,,,"ESA 2010 Sectors: S.121, S.122, S.123, S.124, S.125, S.126, S.127, S.128, S.129",,0,,,,,S,"Euro short-term rate, Number of transactions","Euro short-term rate, Number of transactions - Unsecured - Overnight - Borrowing - Financial corporations",,_Z,0
2024-06-27,686,EST.B.EU000A2X2A25.NT,B,EU000A2X2A25,NT,A,F,,,,,P1D,,,,"ESA 2010 Sectors: S.121, S.122, S.123, S.124, S.125, S.126, S.127, S.128, S.129",,0,,,,,S,"Euro short-term rate, Number of transactions","Euro short-term rate, Number of transactions - Unsecured - Overnight - Borrowing - Financial corporations",,_Z,0
2024-06-28,597,EST.B.EU000A2X2A25.NT,B,EU000A2X2A25,NT,A,F,,,,,P1D,,,,"ESA 2010 Sectors: S.121, S.122, S.123, S.124, S.125, S.126, S.127, S.128, S.129",,0,,,,,S,"Euro short-term rate, Number of transactions","Euro short-term rate, Number of transactions - Unsecured - Overnight - Borrowing - Financial corporations",,_Z,0
2024-07-01,746,EST.B.EU000A2X2A25.NT,B,EU000A2X2A25,NT,A,F,,,,,P1D,,,,"ESA 2010 Sectors: S.121, S.122, S.123, S.124, S.125, S.126, S.127, S.128, S.129",,0,,,,,S,"Euro short-term rate, Number of transactions","Euro short-term rate, Number of transactions - Unsecured - Overnight - Borrowing - Financial corporations",,_Z,0
2024-07-02,742,EST.B.EU000A2X2A25.NT,B,EU000A2X2A25,NT,A,F,,,,,P1D,,,,"ESA 2010 Sectors: S.121, S.122, S.123, S.124, S.125, S.126, S.127, S.128, S.129",,0,,,,,S,"Euro short-term rate, Number of transactions","Euro short-term rate, Number of transactions - Unsecured - Overnight - Borrowing - Financial corporations",,_Z,0
2024-07-03,722,EST.B.EU000A2X2A25.NT,B,EU000A2X2A25,NT,A,F,,,,,P1D,,,,"ESA 2010 Sectors: S.121, S.122, S.123, S.124, S.125, S.126, S.127, S.128, S.129",,0,,,,,S,"Euro short-term rate, Number of transactions","Euro short-term rate, Number of transactions - Unsecured - Overnight - Borrowing - Financial corporations",,_Z,0
2024-07-04,702,EST.B.EU000A2X2A25.NT,B,EU000A2X2A25,NT,A,F,,,,,P1D,,,,"ESA 2010 Sectors: S.121, S.122, S.123, S.124, S.125, S.126, S.127, S.128, S.129",,0,,,,,S,"Euro short-term rate, Number of transactions","Euro short-term rate, Number of transactions - Unsecured - Overnight - Borrowing - Financial corporations",,_Z,0
2024-07-05,694,EST.B.EU000A2X2A25.NT,B,EU000A2X2A25,NT,A,F,,,,,P1D,,,,"ESA 2010 Sectors: S.121, S.122, S.123, S.124, S.125, S.126, S.127, S.128, S.129",,0,,,,,S,"Euro short-term rate, Number of transactions","Euro short-term rate, Number of transactions - Unsecured - Overnight - Borrowing - Financial corporations",,_Z,0
2024-07-08,722,EST.B.EU000A2X2A25.NT,B,EU000A2X2A25,NT,A,F,,,,,P1D,,,,"ESA 2010 Sectors: S.121, S.122, S.123, S.124, S.125, S.126, S.127, S.128, S.129",,0,,,,,S,"Euro short-term rate, Number of transactions","Euro short-term rate, Number of transactions - Unsecured - Overnight - Borrowing - Financial corporations",,_Z,0
2024-07-09,738,EST.B.EU000A2X2A25.NT,B,EU000A2X2A25,NT,A,F,,,,,P1D,,,,"ESA 2010 Sectors: S.121, S.122, S.123, S.124, S.125, S.126, S.127, S.128, S.129",,0,,,,,S,"Euro short-term rate, Number of transactions","Euro short-term rate, Number of transactions - Unsecured - Overnight - Borrowing - Financial corporations",,_Z,0
2024-07-10,740,EST.B.EU000A2X2A25.NT,B,EU000A2X2A25,NT,A,F,,,,,P1D,,,,"ESA 2010 Sectors: S.121, S.122, S.123, S.124, S.125, S.126, S.127, S.128, S.129",,0,,,,,S,"Euro short-term rate, Number of transactions","Euro short-term rate, Number of transactions - Unsecured - Overnight - Borrowing - Financial corporations",,_Z,0
2024-07-11,703,EST.B.EU000A2X2A25.NT,B,EU000A2X2A25,NT,A,F,,,,,P1D,,,,"ESA 2010 Sectors: S.121, S.122, S.123, S.124, S.125, S.126, S.127, S.128, S.129",,0,,,,,S,"Euro short-term rate, Number of transactions","Euro short-term rate, Number of transactions - Unsecured - Overnight - Borrowing - Financial corporations",,_Z,0
2024-07-12,717,EST.B.EU000A2X2A25.NT,B,EU000A2X2A25,NT,A,F,,,,,P1D,,,,"ESA 2010 Sectors: S.121, S.122, S.123, S.124, S.125, S.126, S.127, S.128, S.129",,0,,,,,S,"Euro short-term rate, Number of transactions","Euro short-term rate, Number of transactions - Unsecured - Overnight - Borrowing - Financial corporations",,_Z,0
2024-07-15,726,EST.B.EU000A2X2A25.NT,B,EU000A2X2A25,NT,A,F,,,,,P1D,,,,"ESA 2010 Sectors: S.121, S.122, S.123, S.124, S.125, S.126, S.127, S.128, S.129",,0,,,,,S,"Euro short-term rate, Number of transactions","Euro short-term rate, Number of transactions - Unsecured - Overnight - Borrowing - Financial corporations",,_Z,0
2024-07-16,746,EST.B.EU000A2X2A25.NT,B,EU000A2X2A25,NT,A,F,,,,,P1D,,,,"ESA 2010 Sectors: S.121, S.122, S.123, S.124, S.125, S.126, S.127, S.128, S.129",,0,,,,,S,"Euro short-term rate, Number of transactions","Euro short-term rate, Number of transactions - Unsecured - Overnight - Borrowing - Financial corporations",,_Z,0
2024-07-17,722,EST.B.EU000A2X2A25.NT,B,EU000A2X2A25,NT,A,F,,,,,P1D,,,,"ESA 2010 Sectors: S.121, S.122, S.123, S.124, S.125, S.126, S.127, S.128, S.129",,0,,,,,S,"Euro short-term rate, Number of transactions","Euro short-term rate, Number of transactions - Unsecured - Overnight - Borrowing - Financial corporations",,_Z,0
2024-07-18,676,EST.B.EU000A2X2A25.NT,B,EU000A2X2A25,NT,A,F,,,,,P1D,,,,"ESA 2010 Sectors: S.121, S.122, S.123, S.124, S.125, S.126, S.127, S.128, S.129",,0,,,,,S,"Euro short-term rate, Number of transactions","Euro short-term rate, Number of transactions - Unsecured - Overnight - Borrowing - Financial corporations",,_Z,0
2024-07-19,664,EST.B.EU000A2X2A25.NT,B,EU000A2X2A25,NT,A,F,,,,,P1D,,,,"ESA 2010 Sectors: S.121, S.122, S.123, S.124, S.125, S.126, S.127, S.128, S.129",,0,,,,,S,"Euro short-term rate, Number of transactions","Euro short-term rate, Number of transactions - Unsecured - Overnight - Borrowing - Financial corporations",,_Z,0
2024-07-22,722,EST.B.EU000A2X2A25.NT,B,EU000A2X2A25,NT,A,F,,,,,P1D,,,,"ESA 2010 Sectors: S.121, S.122, S.123, S.124, S.125, S.126, S.127, S.128, S.129",,0,,,,,S,"Euro short-term rate, Number of transactions","Euro short-term rate, Number of transactions - Unsecured - Overnight - Borrowing - Financial corporations",,_Z,0
2024-07-23,746,EST.B.EU000A2X2A25.NT,B,EU000A2X2A25,NT,A,F,,,,,P1D,,,,"ESA 2010 Sectors: S.121, S.122, S.123, S.124, S.125, S.126, S.127, S.128, S.129",,0,,,,,S,"Euro short-term rate, Number of transactions","Euro short-term rate, Number of transactions - Unsecured - Overnight - Borrowing - Financial corporations",,_Z,0
2024-07-24,739,EST.B.EU000A2X2A25.NT,B,EU000A2X2A25,NT,A,F,,,,,P1D,,,,"ESA 2010 Sectors: S.121, S.122, S.123, S.124, S.125, S.126, S.127, S.128, S.129",,0,,,,,S,"Euro short-term rate, Number of transactions","Euro short-term rate, Number of transactions - Unsecured - Overnight - Borrowing - Financial corporations",,_Z,0
2024-07-25,712,EST.B.EU000A2X2A25.NT,B,EU000A2X2A25,NT,A,F,,,,,P1D,,,,"ESA 2010 Sectors: S.121, S.122, S.123, S.124, S.125, S.126, S.127, S.128, S.129",,0,,,,,S,"Euro short-term rate, Number of transactions","Euro short-term rate, Number of transactions - Unsecured - Overnight - Borrowing - Financial corporations",,_Z,0
2024-07-26,722,EST.B.EU000A2X2A25.NT,B,EU000A2X2A25,NT,A,F,,,,,P1D,,,,"ESA 2010 Sectors: S.121, S.122, S.123, S.124, S.125, S.126, S.127, S.128, S.129",,0,,,,,S,"Euro short-term rate, Number of transactions","Euro short-term rate, Number of transactions - Unsecured - Overnight - Borrowing - Financial corporations",,_Z,0
2024-07-29,692,EST.B.EU000A2X2A25.NT,B,EU000A2X2A25,NT,A,F,,,,,P1D,,,,"ESA 2010 Sectors: S.121, S.122, S.123, S.124, S.125, S.126, S.127, S.128, S.129",,0,,,,,S,"Euro short-term rate, Number of transactions","Euro short-term rate, Number of transactions - Unsecured - Overnight - Borrowing - Financial corporations",,_Z,0
2024-07-30,713,EST.B.EU000A2X2A25.NT,B,EU000A2X2A25,NT,A,F,,,,,P1D,,,,"ESA 2010 Sectors: S.121, S.122, S.123, S.124, S.125, S.126, S.127, S.128, S.129",,0,,,,,S,"Euro short-term rate, Number of transactions","Euro short-term rate, Number of transactions - Unsecured - Overnight - Borrowing - Financial corporations",,_Z,0
2024-07-31,644,EST.B.EU000A2X2A25.NT,B,EU000A2X2A25,NT,A,F,,,,,P1D,,,,"ESA 2010 Sectors: S.121, S.122, S.123, S.124, S.125, S.126, S.127, S.128, S.129",,0,,,,,S,"Euro short-term rate, Number of transactions","Euro short-term rate, Number of transactions - Unsecured - Overnight - Borrowing - Financial corporations",,_Z,0
2024-08-01,691,EST.B.EU000A2X2A25.NT,B,EU000A2X2A25,NT,A,F,,,,,P1D,,,,"ESA 2010 Sectors: S.121, S.122, S.123, S.124, S.125, S.126, S.127, S.128, S.129",,0,,,,,S,"Euro short-term rate, Number of transactions","Euro short-term rate, Number of transactions - Unsecured - Overnight - Borrowing - Financial corporations",,_Z,0
2024-08-02,684,EST.B.EU000A2X2A25.NT,B,EU000A2X2A25,NT,A,F,,,,,P1D,,,,"ESA 2010 Sectors: S.121, S.122, S.123, S.124, S.125, S.126, S.127, S.128, S.129",,0,,,,,S,"Euro short-term rate, Number of transactions","Euro short-term rate, Number of transactions - Unsecured - Overnight - Borrowing - Financial corporations",,_Z,0
2024-08-05,702,EST.B.EU000A2X2A25.NT,B,EU000A2X2A25,NT,A,F,,,,,P1D,,,,"ESA 2010 Sectors: S.121, S.122, S.123, S.124, S.125, S.126, S.127, S.128, S.129",,0,,,,,S,"Euro short-term rate, Number of transactions","Euro short-term rate, Number of transactions - Unsecured - Overnight - Borrowing - Financial corporations",,_Z,0
2024-08-06,734,EST.B.EU000A2X2A25.NT,B,EU000A2X2A25,NT,A,F,,,,,P1D,,,,"ESA 2010 Sectors: S.121, S.122, S.123, S.124, S.125, S.126, S.127, S.128, S.129",,0,,,,,S,"Euro short-term rate, Number of transactions","Euro short-term rate, Number of transactions - Unsecured - Overnight - Borrowing - Financial corporations",,_Z,0
2024-08-07,783,EST.B.EU000A2X2A25.NT,B,EU000A2X2A25,NT,A,F,,,,,P1D,,,,"ESA 2010 Sectors: S.121, S.122, S.123, S.124, S.125, S.126, S.127, S.128, S.129",,0,,,,,S,"Euro short-term rate, Number of transactions","Euro short-term rate, Number of transactions - Unsecured - Overnight - Borrowing - Financial corporations",,_Z,0
2024-08-08,760,EST.B.EU000A2X2A25.NT,B,EU000A2X2A25,NT,A,F,,,,,P1D,,,,"ESA 2010 Sectors: S.121, S.122, S.123, S.124, S.125, S.126, S.127, S.128, S.129",,0,,,,,S,"Euro short-term rate, Number of transactions","Euro short-term rate, Number of transactions - Unsecured - Overnight - Borrowing - Financial corporations",,_Z,0
2024-08-09,752,EST.B.EU000A2X2A25.NT,B,EU000A2X2A25,NT,A,F,,,,,P1D,,,,"ESA 2010 Sectors: S.121, S.122, S.123, S.124, S.125, S.126, S.127, S.128, S.129",,0,,,,,S,"Euro short-term rate, Number of transactions","Euro short-term rate, Number of transactions - Unsecured - Overnight - Borrowing - Financial corporations",,_Z,0
2024-08-12,757,EST.B.EU000A2X2A25.NT,B,EU000A2X2A25,NT,A,F,,,,,P1D,,,,"ESA 2010 Sectors: S.121, S.122, S.123, S.124, S.125, S.126, S.127, S.128, S.129",,0,,,,,S,"Euro short-term rate, Number of transactions","Euro short-term rate, Number of transactions - Unsecured - Overnight - Borrowing - Financial corporations",,_Z,0
2024-08-13,765,EST.B.EU000A2X2A25.NT,B,EU000A2X2A25,NT,A,F,,,,,P1D,,,,"ESA 2010 Sectors: S.121, S.122, S.123, S.124, S.125, S.126, S.127, S.128, S.129",,0,,,,,S,"Euro short-term rate, Number of transactions","Euro short-term rate, Number of transactions - Unsecured - Overnight - Borrowing - Financial corporations",,_Z,0
2024-08-14,672,EST.B.EU000A2X2A25.NT,B,EU000A2X2A25,NT,A,F,,,,,P1D,,,,"ESA 2010 Sectors: S.121, S.122, S.123, S.124, S.125, S.126, S.127, S.128, S.129",,0,,,,,S,"Euro short-term rate, Number of transactions","Euro short-term rate, Number of transactions - Unsecured - Overnight - Borrowing - Financial corporations",,_Z,0
2024-08-15,644,EST.B.EU000A2X2A25.NT,B,EU000A2X2A25,NT,A,F,,,,,P1D,,,,"ESA 2010 Sectors: S.121, S.122, S.123, S.124, S.125, S.126, S.127, S.128, S.129",,0,,,,,S,"Euro short-term rate, Number of transactions","Euro short-term rate, Number of transactions - Unsecured - Overnight - Borrowing - Financial corporations",,_Z,0
2024-08-16,738,EST.B.EU000A2X2A25.NT,B,EU000A2X2A25,NT,A,F,,,,,P1D,,,,"ESA 2010 Sectors: S.121, S.122, S.123, S.124, S.125, S.126, S.127, S.128, S.129",,0,,,,,S,"Euro short-term rate, Number of transactions","Euro short-term rate, Number of transactions - Unsecured - Overnight - Borrowing - Financial corporations",,_Z,0
2024-08-19,758,EST.B.EU000A2X2A25.NT,B,EU000A2X2A25,NT,A,F,,,,,P1D,,,,"ESA 2010 Sectors: S.121, S.122, S.123, S.124, S.125, S.126, S.127, S.128, S.129",,0,,,,,S,"Euro short-term rate, Number of transactions","Euro short-term rate, Number of transactions - Unsecured - Overnight - Borrowing - Financial corporations",,_Z,0
2024-08-20,768,EST.B.EU000A2X2A25.NT,B,EU000A2X2A25,NT,A,F,,,,,P1D,,,,"ESA 2010 Sectors: S.121, S.122, S.123, S.124, S.125, S.126, S.127, S.128, S.129",,0,,,,,S,"Euro short-term rate, Number of transactions","Euro short-term rate, Number of transactions - Unsecured - Overnight - Borrowing - Financial corporations",,_Z,0
2024-08-21,756,EST.B.EU000A2X2A25.NT,B,EU000A2X2A25,NT,A,F,,,,,P1D,,,,"ESA 2010 Sectors: S.121, S.122, S.123, S.124, S.125, S.126, S.127, S.128, S.129",,0,,,,,S,"Euro short-term rate, Number of transactions","Euro short-term rate, Number of transactions - Unsecured - Overnight - Borrowing - Financial corporations",,_Z,0
2024-08-22,737,EST.B.EU000A2X2A25.NT,B,EU000A2X2A25,NT,A,F,,,,,P1D,,,,"ESA 2010 Sectors: S.121, S.122, S.123, S.124, S.125, S.126, S.127, S.128, S.129",,0,,,,,S,"Euro short-term rate, Number of transactions","Euro short-term rate, Number of transactions - Unsecured - Overnight - Borrowing - Financial corporations",,_Z,0
2024-08-23,674,EST.B.EU000A2X2A25.NT,B,EU000A2X2A25,NT,A,F,,,,,P1D,,,,"ESA 2010 Sectors: S.121, S.122, S.123, S.124, S.125, S.126, S.127, S.128, S.129",,0,,,,,S,"Euro short-term rate, Number of transactions","Euro short-term rate, Number of transactions - Unsecured - Overnight - Borrowing - Financial corporations",,_Z,0
2024-08-26,639,EST.B.EU000A2X2A25.NT,B,EU000A2X2A25,NT,A,F,,,,,P1D,,,,"ESA 2010 Sectors: S.121, S.122, S.123, S.124, S.125, S.126, S.127, S.128, S.129",,0,,,,,S,"Euro short-term rate, Number of transactions","Euro short-term rate, Number of transactions - Unsecured - Overnight - Borrowing - Financial corporations",,_Z,0
2024-08-27,722,EST.B.EU000A2X2A25.NT,B,EU000A2X2A25,NT,A,F,,,,,P1D,,,,"ESA 2010 Sectors: S.121, S.122, S.123, S.124, S.125, S.126, S.127, S.128, S.129",,0,,,,,S,"Euro short-term rate, Number of transactions","Euro short-term rate, Number of transactions - Unsecured - Overnight - Borrowing - Financial corporations",,_Z,0
2024-08-28,732,EST.B.EU000A2X2A25.NT,B,EU000A2X2A25,NT,A,F,,,,,P1D,,,,"ESA 2010 Sectors: S.121, S.122, S.123, S.124, S.125, S.126, S.127, S.128, S.129",,0,,,,,S,"Euro short-term rate, Number of transactions","Euro short-term rate, Number of transactions - Unsecured - Overnight - Borrowing - Financial corporations",,_Z,0
2024-08-29,716,EST.B.EU000A2X2A25.NT,B,EU000A2X2A25,NT,A,F,,,,,P1D,,,,"ESA 2010 Sectors: S.121, S.122, S.123, S.124, S.125, S.126, S.127, S.128, S.129",,0,,,,,S,"Euro short-term rate, Number of transactions","Euro short-term rate, Number of transactions - Unsecured - Overnight - Borrowing - Financial corporations",,_Z,0
2024-08-30,649,EST.B.EU000A2X2A25.NT,B,EU000A2X2A25,NT,A,F,,,,,P1D,,,,"ESA 2010 Sectors: S.121, S.122, S.123, S.124, S.125, S.126, S.127, S.128, S.129",,0,,,,,S,"Euro short-term rate, Number of transactions","Euro short-term rate, Number of transactions - Unsecured - Overnight - Borrowing - Financial corporations",,_Z,0
2024-09-02,753,EST.B.EU000A2X2A25.NT,B,EU000A2X2A25,NT,A,F,,,,,P1D,,,,"ESA 2010 Sectors: S.121, S.122, S.123, S.124, S.125, S.126, S.127, S.128, S.129",,0,,,,,S,"Euro short-term rate, Number of transactions","Euro short-term rate, Number of transactions - Unsecured - Overnight - Borrowing - Financial corporations",,_Z,0
2024-09-03,736,EST.B.EU000A2X2A25.NT,B,EU000A2X2A25,NT,A,F,,,,,P1D,,,,"ESA 2010 Sectors: S.121, S.122, S.123, S.124, S.125, S.126, S.127, S.128, S.129",,0,,,,,S,"Euro short-term rate, Number of transactions","Euro short-term rate, Number of transactions - Unsecured - Overnight - Borrowing - Financial corporations",,_Z,0
2024-09-04,742,EST.B.EU000A2X2A25.NT,B,EU000A2X2A25,NT,A,F,,,,,P1D,,,,"ESA 2010 Sectors: S.121, S.122, S.123, S.124, S.125, S.126, S.127, S.128, S.129",,0,,,,,S,"Euro short-term rate, Number of transactions","Euro short-term rate, Number of transactions - Unsecured - Overnight - Borrowing - Financial corporations",,_Z,0
2024-09-05,702,EST.B.EU000A2X2A25.NT,B,EU000A2X2A25,NT,A,F,,,,,P1D,,,,"ESA 2010 Sectors: S.121, S.122, S.123, S.124, S.125, S.126, S.127, S.128, S.129",,0,,,,,S,"Euro short-term rate, Number of transactions","Euro short-term rate, Number of transactions - Unsecured - Overnight - Borrowing - Financial corporations",,_Z,0
2024-09-06,691,EST.B.EU000A2X2A25.NT,B,EU000A2X2A25,NT,A,F,,,,,P1D,,,,"ESA 2010 Sectors: S.121, S.122, S.123, S.124, S.125, S.126, S.127, S.128, S.129",,0,,,,,S,"Euro short-term rate, Number of transactions","Euro short-term rate, Number of transactions - Unsecured - Overnight - Borrowing - Financial corporations",,_Z,0
2024-09-09,733,EST.B.EU000A2X2A25.NT,B,EU000A2X2A25,NT,A,F,,,,,P1D,,,,"ESA 2010 Sectors: S.121, S.122, S.123, S.124, S.125, S.126, S.127, S.128, S.129",,0,,,,,S,"Euro short-term rate, Number of transactions","Euro short-term rate, Number of transactions - Unsecured - Overnight - Borrowing - Financial corporations",,_Z,0
2024-09-10,738,EST.B.EU000A2X2A25.NT,B,EU000A2X2A25,NT,A,F,,,,,P1D,,,,"ESA 2010 Sectors: S.121, S.122, S.123, S.124, S.125, S.126, S.127, S.128, S.129",,0,,,,,S,"Euro short-term rate, Number of transactions","Euro short-term rate, Number of transactions - Unsecured - Overnight - Borrowing - Financial corporations",,_Z,0
2024-09-11,751,EST.B.EU000A2X2A25.NT,B,EU000A2X2A25,NT,A,F,,,,,P1D,,,,"ESA 2010 Sectors: S.121, S.122, S.123, S.124, S.125, S.126, S.127, S.128, S.129",,0,,,,,S,"Euro short-term rate, Number of transactions","Euro short-term rate, Number of transactions - Unsecured - Overnight - Borrowing - Financial corporations",,_Z,0
2024-09-12,728,EST.B.EU000A2X2A25.NT,B,EU000A2X2A25,NT,A,F,,,,,P1D,,,,"ESA 2010 Sectors: S.121, S.122, S.123, S.124, S.125, S.126, S.127, S.128, S.129",,0,,,,,S,"Euro short-term rate, Number of transactions","Euro short-term rate, Number of transactions - Unsecured - Overnight - Borrowing - Financial corporations",,_Z,0
2024-09-13,713,EST.B.EU000A2X2A25.NT,B,EU000A2X2A25,NT,A,F,,,,,P1D,,,,"ESA 2010 Sectors: S.121, S.122, S.123, S.124, S.125, S.126, S.127, S.128, S.129",,0,,,,,S,"Euro short-term rate, Number of transactions","Euro short-term rate, Number of transactions - Unsecured - Overnight - Borrowing - Financial corporations",,_Z,0
2024-09-16,719,EST.B.EU000A2X2A25.NT,B,EU000A2X2A25,NT,A,F,,,,,P1D,,,,"ESA 2010 Sectors: S.121, S.122, S.123, S.124, S.125, S.126, S.127, S.128, S.129",,0,,,,,S,"Euro short-term rate, Number of transactions","Euro short-term rate, Number of transactions - Unsecured - Overnight - Borrowing - Financial corporations",,_Z,0
2024-09-17,774,EST.B.EU000A2X2A25.NT,B,EU000A2X2A25,NT,A,F,,,,,P1D,,,,"ESA 2010 Sectors: S.121, S.122, S.123, S.124, S.125, S.126, S.127, S.128, S.129",,0,,,,,S,"Euro short-term rate, Number of transactions","Euro short-term rate, Number of transactions - Unsecured - Overnight - Borrowing - Financial corporations",,_Z,0
2024-09-18,771,EST.B.EU000A2X2A25.NT,B,EU000A2X2A25,NT,A,F,,,,,P1D,,,,"ESA 2010 Sectors: S.121, S.122, S.123, S.124, S.125, S.126, S.127, S.128, S.129",,0,,,,,S,"Euro short-term rate, Number of transactions","Euro short-term rate, Number of transactions - Unsecured - Overnight - Borrowing - Financial corporations",,_Z,0
2024-09-19,740,EST.B.EU000A2X2A25.NT,B,EU000A2X2A25,NT,A,F,,,,,P1D,,,,"ESA 2010 Sectors: S.121, S.122, S.123, S.124, S.125, S.126, S.127, S.128, S.129",,0,,,,,S,"Euro short-term rate, Number of transactions","Euro short-term rate, Number of transactions - Unsecured - Overnight - Borrowing - Financial corporations",,_Z,0
2024-09-20,708,EST.B.EU000A2X2A25.NT,B,EU000A2X2A25,NT,A,F,,,,,P1D,,,,"ESA 2010 Sectors: S.121, S.122, S.123, S.124, S.125, S.126, S.127, S.128, S.129",,0,,,,,S,"Euro short-term rate, Number of transactions","Euro short-term rate, Number of transactions - Unsecured - Overnight - Borrowing - Financial corporations",,_Z,0
2024-09-23,682,EST.B.EU000A2X2A25.NT,B,EU000A2X2A25,NT,A,F,,,,,P1D,,,,"ESA 2010 Sectors: S.121, S.122, S.123, S.124, S.125, S.126, S.127, S.128, S.129",,0,,,,,S,"Euro short-term rate, Number of transactions","Euro short-term rate, Number of transactions - Unsecured - Overnight - Borrowing - Financial corporations",,_Z,0
2024-09-24,721,EST.B.EU000A2X2A25.NT,B,EU000A2X2A25,NT,A,F,,,,,P1D,,,,"ESA 2010 Sectors: S.121, S.122, S.123, S.124, S.125, S.126, S.127, S.128, S.129",,0,,,,,S,"Euro short-term rate, Number of transactions","Euro short-term rate, Number of transactions - Unsecured - Overnight - Borrowing - Financial corporations",,_Z,0
2024-09-25,712,EST.B.EU000A2X2A25.NT,B,EU000A2X2A25,NT,A,F,,,,,P1D,,,,"ESA 2010 Sectors: S.121, S.122, S.123, S.124, S.125, S.126, S.127, S.128, S.129",,0,,,,,S,"Euro short-term rate, Number of transactions","Euro short-term rate, Number of transactions - Unsecured - Overnight - Borrowing - Financial corporations",,_Z,0
2024-09-26,680,EST.B.EU000A2X2A25.NT,B,EU000A2X2A25,NT,A,F,,,,,P1D,,,,"ESA 2010 Sectors: S.121, S.122, S.123, S.124, S.125, S.126, S.127, S.128, S.129",,0,,,,,S,"Euro short-term rate, Number of transactions","Euro short-term rate, Number of transactions - Unsecured - Overnight - Borrowing - Financial corporations",,_Z,0
2024-09-27,698,EST.B.EU000A2X2A25.NT,B,EU000A2X2A25,NT,A,F,,,,,P1D,,,,"ESA 2010 Sectors: S.121, S.122, S.123, S.124, S.125, S.126, S.127, S.128, S.129",,0,,,,,S,"Euro short-term rate, Number of transactions","Euro short-term rate, Number of transactions - Unsecured - Overnight - Borrowing - Financial corporations",,_Z,0
2024-09-30,623,EST.B.EU000A2X2A25.NT,B,EU000A2X2A25,NT,A,F,,,,,P1D,,,,"ESA 2010 Sectors: S.121, S.122, S.123, S.124, S.125, S.126, S.127, S.128, S.129",,0,,,,,S,"Euro short-term rate, Number of transactions","Euro short-term rate, Number of transactions - Unsecured - Overnight - Borrowing - Financial corporations",,_Z,0
2024-10-01,715,EST.B.EU000A2X2A25.NT,B,EU000A2X2A25,NT,A,F,,,,,P1D,,,,"ESA 2010 Sectors: S.121, S.122, S.123, S.124, S.125, S.126, S.127, S.128, S.129",,0,,,,,S,"Euro short-term rate, Number of transactions","Euro short-term rate, Number of transactions - Unsecured - Overnight - Borrowing - Financial corporations",,_Z,0
2024-10-02,656,EST.B.EU000A2X2A25.NT,B,EU000A2X2A25,NT,A,F,,,,,P1D,,,,"ESA 2010 Sectors: S.121, S.122, S.123, S.124, S.125, S.126, S.127, S.128, S.129",,0,,,,,S,"Euro short-term rate, Number of transactions","Euro short-term rate, Number of transactions - Unsecured - Overnight - Borrowing - Financial corporations",,_Z,0
2024-10-03,497,EST.B.EU000A2X2A25.NT,B,EU000A2X2A25,NT,A,F,,,,,P1D,,,,"ESA 2010 Sectors: S.121, S.122, S.123, S.124, S.125, S.126, S.127, S.128, S.129",,0,,,,,S,"Euro short-term rate, Number of transactions","Euro short-term rate, Number of transactions - Unsecured - Overnight - Borrowing - Financial corporations",,_Z,0
2024-10-04,700,EST.B.EU000A2X2A25.NT,B,EU000A2X2A25,NT,A,F,,,,,P1D,,,,"ESA 2010 Sectors: S.121, S.122, S.123, S.124, S.125, S.126, S.127, S.128, S.129",,0,,,,,S,"Euro short-term rate, Number of transactions","Euro short-term rate, Number of transactions - Unsecured - Overnight - Borrowing - Financial corporations",,_Z,0
2024-10-07,715,EST.B.EU000A2X2A25.NT,B,EU000A2X2A25,NT,A,F,,,,,P1D,,,,"ESA 2010 Sectors: S.121, S.122, S.123, S.124, S.125, S.126, S.127, S.128, S.129",,0,,,,,S,"Euro short-term rate, Number of transactions","Euro short-term rate, Number of transactions - Unsecured - Overnight - Borrowing - Financial corporations",,_Z,0
2024-10-08,721,EST.B.EU000A2X2A25.NT,B,EU000A2X2A25,NT,A,F,,,,,P1D,,,,"ESA 2010 Sectors: S.121, S.122, S.123, S.124, S.125, S.126, S.127, S.128, S.129",,0,,,,,S,"Euro short-term rate, Number of transactions","Euro short-term rate, Number of transactions - Unsecured - Overnight - Borrowing - Financial corporations",,_Z,0
2024-10-09,727,EST.B.EU000A2X2A25.NT,B,EU000A2X2A25,NT,A,F,,,,,P1D,,,,"ESA 2010 Sectors: S.121, S.122, S.123, S.124, S.125, S.126, S.127, S.128, S.129",,0,,,,,S,"Euro short-term rate, Number of transactions","Euro short-term rate, Number of transactions - Unsecured - Overnight - Borrowing - Financial corporations",,_Z,0
2024-10-10,689,EST.B.EU000A2X2A25.NT,B,EU000A2X2A25,NT,A,F,,,,,P1D,,,,"ESA 2010 Sectors: S.121, S.122, S.123, S.124, S.125, S.126, S.127, S.128, S.129",,0,,,,,S,"Euro short-term rate, Number of transactions","Euro short-term rate, Number of transactions - Unsecured - Overnight - Borrowing - Financial corporations",,_Z,0
2024-10-11,706,EST.B.EU000A2X2A25.NT,B,EU000A2X2A25,NT,A,F,,,,,P1D,,,,"ESA 2010 Sectors: S.121, S.122, S.123, S.124, S.125, S.126, S.127, S.128, S.129",,0,,,,,S,"Euro short-term rate, Number of transactions","Euro short-term rate, Number of transactions - Unsecured - Overnight - Borrowing - Financial corporations",,_Z,0
2024-10-14,718,EST.B.EU000A2X2A25.NT,B,EU000A2X2A25,NT,A,F,,,,,P1D,,,,"ESA 2010 Sectors: S.121, S.122, S.123, S.124, S.125, S.126, S.127, S.128, S.129",,0,,,,,S,"Euro short-term rate, Number of transactions","Euro short-term rate, Number of transactions - Unsecured - Overnight - Borrowing - Financial corporations",,_Z,0
2024-10-15,717,EST.B.EU000A2X2A25.NT,B,EU000A2X2A25,NT,A,F,,,,,P1D,,,,"ESA 2010 Sectors: S.121, S.122, S.123, S.124, S.125, S.126, S.127, S.128, S.129",,0,,,,,S,"Euro short-term rate, Number of transactions","Euro short-term rate, Number of transactions - Unsecured - Overnight - Borrowing - Financial corporations",,_Z,0
2024-10-16,716,EST.B.EU000A2X2A25.NT,B,EU000A2X2A25,NT,A,F,,,,,P1D,,,,"ESA 2010 Sectors: S.121, S.122, S.123, S.124, S.125, S.126, S.127, S.128, S.129",,0,,,,,S,"Euro short-term rate, Number of transactions","Euro short-term rate, Number of transactions - Unsecured - Overnight - Borrowing - Financial corporations",,_Z,0
2024-10-17,690,EST.B.EU000A2X2A25.NT,B,EU000A2X2A25,NT,A,F,,,,,P1D,,,,"ESA 2010 Sectors: S.121, S.122, S.123, S.124, S.125, S.126, S.127, S.128, S.129",,0,,,,,S,"Euro short-term rate, Number of transactions","Euro short-term rate, Number of transactions - Unsecured - Overnight - Borrowing - Financial corporations",,_Z,0
2024-10-18,713,EST.B.EU000A2X2A25.NT,B,EU000A2X2A25,NT,A,F,,,,,P1D,,,,"ESA 2010 Sectors: S.121, S.122, S.123, S.124, S.125, S.126, S.127, S.128, S.129",,0,,,,,S,"Euro short-term rate, Number of transactions","Euro short-term rate, Number of transactions - Unsecured - Overnight - Borrowing - Financial corporations",,_Z,0
2024-10-21,706,EST.B.EU000A2X2A25.NT,B,EU000A2X2A25,NT,A,F,,,,,P1D,,,,"ESA 2010 Sectors: S.121, S.122, S.123, S.124, S.125, S.126, S.127, S.128, S.129",,0,,,,,S,"Euro short-term rate, Number of transactions","Euro short-term rate, Number of transactions - Unsecured - Overnight - Borrowing - Financial corporations",,_Z,0
2024-10-22,707,EST.B.EU000A2X2A25.NT,B,EU000A2X2A25,NT,A,F,,,,,P1D,,,,"ESA 2010 Sectors: S.121, S.122, S.123, S.124, S.125, S.126, S.127, S.128, S.129",,0,,,,,S,"Euro short-term rate, Number of transactions","Euro short-term rate, Number of transactions - Unsecured - Overnight - Borrowing - Financial corporations",,_Z,0
2024-10-23,686,EST.B.EU000A2X2A25.NT,B,EU000A2X2A25,NT,A,F,,,,,P1D,,,,"ESA 2010 Sectors: S.121, S.122, S.123, S.124, S.125, S.126, S.127, S.128, S.129",,0,,,,,S,"Euro short-term rate, Number of transactions","Euro short-term rate, Number of transactions - Unsecured - Overnight - Borrowing - Financial corporations",,_Z,0
2024-10-24,680,EST.B.EU000A2X2A25.NT,B,EU000A2X2A25,NT,A,F,,,,,P1D,,,,"ESA 2010 Sectors: S.121, S.122, S.123, S.124, S.125, S.126, S.127, S.128, S.129",,0,,,,,S,"Euro short-term rate, Number of transactions","Euro short-term rate, Number of transactions - Unsecured - Overnight - Borrowing - Financial corporations",,_Z,0
2024-10-25,668,EST.B.EU000A2X2A25.NT,B,EU000A2X2A25,NT,A,F,,,,,P1D,,,,"ESA 2010 Sectors: S.121, S.122, S.123, S.124, S.125, S.126, S.127, S.128, S.129",,0,,,,,S,"Euro short-term rate, Number of transactions","Euro short-term rate, Number of transactions - Unsecured - Overnight - Borrowing - Financial corporations",,_Z,0
2024-10-28,685,EST.B.EU000A2X2A25.NT,B,EU000A2X2A25,NT,A,F,,,,,P1D,,,,"ESA 2010 Sectors: S.121, S.122, S.123, S.124, S.125, S.126, S.127, S.128, S.129",,0,,,,,S,"Euro short-term rate, Number of transactions","Euro short-term rate, Number of transactions - Unsecured - Overnight - Borrowing - Financial corporations",,_Z,0
2024-10-29,717,EST.B.EU000A2X2A25.NT,B,EU000A2X2A25,NT,A,F,,,,,P1D,,,,"ESA 2010 Sectors: S.121, S.122, S.123, S.124, S.125, S.126, S.127, S.128, S.129",,0,,,,,S,"Euro short-term rate, Number of transactions","Euro short-term rate, Number of transactions - Unsecured - Overnight - Borrowing - Financial corporations",,_Z,0
2024-10-30,710,EST.B.EU000A2X2A25.NT,B,EU000A2X2A25,NT,A,F,,,,,P1D,,,,"ESA 2010 Sectors: S.121, S.122, S.123, S.124, S.125, S.126, S.127, S.128, S.129",,0,,,,,S,"Euro short-term rate, Number of transactions","Euro short-term rate, Number of transactions - Unsecured - Overnight - Borrowing - Financial corporations",,_Z,0
2024-10-31,543,EST.B.EU000A2X2A25.NT,B,EU000A2X2A25,NT,A,F,,,,,P1D,,,,"ESA 2010 Sectors: S.121, S.122, S.123, S.124, S.125, S.126, S.127, S.128, S.129",,0,,,,,S,"Euro short-term rate, Number of transactions","Euro short-term rate, Number of transactions - Unsecured - Overnight - Borrowing - Financial corporations",,_Z,0
2024-11-01,630,EST.B.EU000A2X2A25.NT,B,EU000A2X2A25,NT,A,F,,,,,P1D,,,,"ESA 2010 Sectors: S.121, S.122, S.123, S.124, S.125, S.126, S.127, S.128, S.129",,0,,,,,S,"Euro short-term rate, Number of transactions","Euro short-term rate, Number of transactions - Unsecured - Overnight - Borrowing - Financial corporations",,_Z,0
2024-11-04,730,EST.B.EU000A2X2A25.NT,B,EU000A2X2A25,NT,A,F,,,,,P1D,,,,"ESA 2010 Sectors: S.121, S.122, S.123, S.124, S.125, S.126, S.127, S.128, S.129",,0,,,,,S,"Euro short-term rate, Number of transactions","Euro short-term rate, Number of transactions - Unsecured - Overnight - Borrowing - Financial corporations",,_Z,0
2024-11-05,748,EST.B.EU000A2X2A25.NT,B,EU000A2X2A25,NT,A,F,,,,,P1D,,,,"ESA 2010 Sectors: S.121, S.122, S.123, S.124, S.125, S.126, S.127, S.128, S.129",,0,,,,,S,"Euro short-term rate, Number of transactions","Euro short-term rate, Number of transactions - Unsecured - Overnight - Borrowing - Financial corporations",,_Z,0
2024-11-06,703,EST.B.EU000A2X2A25.NT,B,EU000A2X2A25,NT,A,F,,,,,P1D,,,,"ESA 2010 Sectors: S.121, S.122, S.123, S.124, S.125, S.126, S.127, S.128, S.129",,0,,,,,S,"Euro short-term rate, Number of transactions","Euro short-term rate, Number of transactions - Unsecured - Overnight - Borrowing - Financial corporations",,_Z,0
2024-11-07,682,EST.B.EU000A2X2A25.NT,B,EU000A2X2A25,NT,A,F,,,,,P1D,,,,"ESA 2010 Sectors: S.121, S.122, S.123, S.124, S.125, S.126, S.127, S.128, S.129",,0,,,,,S,"Euro short-term rate, Number of transactions","Euro short-term rate, Number of transactions - Unsecured - Overnight - Borrowing - Financial corporations",,_Z,0
2024-11-08,638,EST.B.EU000A2X2A25.NT,B,EU000A2X2A25,NT,A,F,,,,,P1D,,,,"ESA 2010 Sectors: S.121, S.122, S.123, S.124, S.125, S.126, S.127, S.128, S.129",,0,,,,,S,"Euro short-term rate, Number of transactions","Euro short-term rate, Number of transactions - Unsecured - Overnight - Borrowing - Financial corporations",,_Z,0
2024-11-11,675,EST.B.EU000A2X2A25.NT,B,EU000A2X2A25,NT,A,F,,,,,P1D,,,,"ESA 2010 Sectors: S.121, S.122, S.123, S.124, S.125, S.126, S.127, S.128, S.129",,0,,,,,S,"Euro short-term rate, Number of transactions","Euro short-term rate, Number of transactions - Unsecured - Overnight - Borrowing - Financial corporations",,_Z,0
2024-11-12,715,EST.B.EU000A2X2A25.NT,B,EU000A2X2A25,NT,A,F,,,,,P1D,,,,"ESA 2010 Sectors: S.121, S.122, S.123, S.124, S.125, S.126, S.127, S.128, S.129",,0,,,,,S,"Euro short-term rate, Number of transactions","Euro short-term rate, Number of transactions - Unsecured - Overnight - Borrowing - Financial corporations",,_Z,0
2024-11-13,710,EST.B.EU000A2X2A25.NT,B,EU000A2X2A25,NT,A,F,,,,,P1D,,,,"ESA 2010 Sectors: S.121, S.122, S.123, S.124, S.125, S.126, S.127, S.128, S.129",,0,,,,,S,"Euro short-term rate, Number of transactions","Euro short-term rate, Number of transactions - Unsecured - Overnight - Borrowing - Financial corporations",,_Z,0
2024-11-14,702,EST.B.EU000A2X2A25.NT,B,EU000A2X2A25,NT,A,F,,,,,P1D,,,,"ESA 2010 Sectors: S.121, S.122, S.123, S.124, S.125, S.126, S.127, S.128, S.129",,0,,,,,S,"Euro short-term rate, Number of transactions","Euro short-term rate, Number of transactions - Unsecured - Overnight - Borrowing - Financial corporations",,_Z,0
2024-11-15,728,EST.B.EU000A2X2A25.NT,B,EU000A2X2A25,NT,A,F,,,,,P1D,,,,"ESA 2010 Sectors: S.121, S.122, S.123, S.124, S.125, S.126, S.127, S.128, S.129",,0,,,,,S,"Euro short-term rate, Number of transactions","Euro short-term rate, Number of transactions - Unsecured - Overnight - Borrowing - Financial corporations",,_Z,0
2024-11-18,693,EST.B.EU000A2X2A25.NT,B,EU000A2X2A25,NT,A,F,,,,,P1D,,,,"ESA 2010 Sectors: S.121, S.122, S.123, S.124, S.125, S.126, S.127, S.128, S.129",,0,,,,,S,"Euro short-term rate, Number of transactions","Euro short-term rate, Number of transactions - Unsecured - Overnight - Borrowing - Financial corporations",,_Z,0
2024-11-19,728,EST.B.EU000A2X2A25.NT,B,EU000A2X2A25,NT,A,F,,,,,P1D,,,,"ESA 2010 Sectors: S.121, S.122, S.123, S.124, S.125, S.126, S.127, S.128, S.129",,0,,,,,S,"Euro short-term rate, Number of transactions","Euro short-term rate, Number of transactions - Unsecured - Overnight - Borrowing - Financial corporations",,_Z,0
2024-11-20,734,EST.B.EU000A2X2A25.NT,B,EU000A2X2A25,NT,A,F,,,,,P1D,,,,"ESA 2010 Sectors: S.121, S.122, S.123, S.124, S.125, S.126, S.127, S.128, S.129",,0,,,,,S,"Euro short-term rate, Number of transactions","Euro short-term rate, Number of transactions - Unsecured - Overnight - Borrowing - Financial corporations",,_Z,0
2024-11-21,697,EST.B.EU000A2X2A25.NT,B,EU000A2X2A25,NT,A,F,,,,,P1D,,,,"ESA 2010 Sectors: S.121, S.122, S.123, S.124, S.125, S.126, S.127, S.128, S.129",,0,,,,,S,"Euro short-term rate, Number of transactions","Euro short-term rate, Number of transactions - Unsecured - Overnight - Borrowing - Financial corporations",,_Z,0
2024-11-22,708,EST.B.EU000A2X2A25.NT,B,EU000A2X2A25,NT,A,F,,,,,P1D,,,,"ESA 2010 Sectors: S.121, S.122, S.123, S.124, S.125, S.126, S.127, S.128, S.129",,0,,,,,S,"Euro short-term rate, Number of transactions","Euro short-term rate, Number of transactions - Unsecured - Overnight - Borrowing - Financial corporations",,_Z,0
2024-11-25,701,EST.B.EU000A2X2A25.NT,B,EU000A2X2A25,NT,A,F,,,,,P1D,,,,"ESA 2010 Sectors: S.121, S.122, S.123, S.124, S.125, S.126, S.127, S.128, S.129",,0,,,,,S,"Euro short-term rate, Number of transactions","Euro short-term rate, Number of transactions - Unsecured - Overnight - Borrowing - Financial corporations",,_Z,0
2024-11-26,700,EST.B.EU000A2X2A25.NT,B,EU000A2X2A25,NT,A,F,,,,,P1D,,,,"ESA 2010 Sectors: S.121, S.122, S.123, S.124, S.125, S.126, S.127, S.128, S.129",,0,,,,,S,"Euro short-term rate, Number of transactions","Euro short-term rate, Number of transactions - Unsecured - Overnight - Borrowing - Financial corporations",,_Z,0
2024-11-27,676,EST.B.EU000A2X2A25.NT,B,EU000A2X2A25,NT,A,F,,,,,P1D,,,,"ESA 2010 Sectors: S.121, S.122, S.123, S.124, S.125, S.126, S.127, S.128, S.129",,0,,,,,S,"Euro short-term rate, Number of transactions","Euro short-term rate, Number of transactions - Unsecured - Overnight - Borrowing - Financial corporations",,_Z,0
2024-11-28,662,EST.B.EU000A2X2A25.NT,B,EU000A2X2A25,NT,A,F,,,,,P1D,,,,"ESA 2010 Sectors: S.121, S.122, S.123, S.124, S.125, S.126, S.127, S.128, S.129",,0,,,,,S,"Euro short-term rate, Number of transactions","Euro short-term rate, Number of transactions - Unsecured - Overnight - Borrowing - Financial corporations",,_Z,0
2024-11-29,646,EST.B.EU000A2X2A25.NT,B,EU000A2X2A25,NT,A,F,,,,,P1D,,,,"ESA 2010 Sectors: S.121, S.122, S.123, S.124, S.125, S.126, S.127, S.128, S.129",,0,,,,,S,"Euro short-term rate, Number of transactions","Euro short-term rate, Number of transactions - Unsecured - Overnight - Borrowing - Financial corporations",,_Z,0
2024-12-02,719,EST.B.EU000A2X2A25.NT,B,EU000A2X2A25,NT,A,F,,,,,P1D,,,,"ESA 2010 Sectors: S.121, S.122, S.123, S.124, S.125, S.126, S.127, S.128, S.129",,0,,,,,S,"Euro short-term rate, Number of transactions","Euro short-term rate, Number of transactions - Unsecured - Overnight - Borrowing - Financial corporations",,_Z,0
2024-12-03,727,EST.B.EU000A2X2A25.NT,B,EU000A2X2A25,NT,A,F,,,,,P1D,,,,"ESA 2010 Sectors: S.121, S.122, S.123, S.124, S.125, S.126, S.127, S.128, S.129",,0,,,,,S,"Euro short-term rate, Number of transactions","Euro short-term rate, Number of transactions - Unsecured - Overnight - Borrowing - Financial corporations",,_Z,0
2024-12-04,727,EST.B.EU000A2X2A25.NT,B,EU000A2X2A25,NT,A,F,,,,,P1D,,,,"ESA 2010 Sectors: S.121, S.122, S.123, S.124, S.125, S.126, S.127, S.128, S.129",,0,,,,,S,"Euro short-term rate, Number of transactions","Euro short-term rate, Number of transactions - Unsecured - Overnight - Borrowing - Financial corporations",,_Z,0
2024-12-05,704,EST.B.EU000A2X2A25.NT,B,EU000A2X2A25,NT,A,F,,,,,P1D,,,,"ESA 2010 Sectors: S.121, S.122, S.123, S.124, S.125, S.126, S.127, S.128, S.129",,0,,,,,S,"Euro short-term rate, Number of transactions","Euro short-term rate, Number of transactions - Unsecured - Overnight - Borrowing - Financial corporations",,_Z,0
2024-12-06,704,EST.B.EU000A2X2A25.NT,B,EU000A2X2A25,NT,A,F,,,,,P1D,,,,"ESA 2010 Sectors: S.121, S.122, S.123, S.124, S.125, S.126, S.127, S.128, S.129",,0,,,,,S,"Euro short-term rate, Number of transactions","Euro short-term rate, Number of transactions - Unsecured - Overnight - Borrowing - Financial corporations",,_Z,0
2024-12-09,721,EST.B.EU000A2X2A25.NT,B,EU000A2X2A25,NT,A,F,,,,,P1D,,,,"ESA 2010 Sectors: S.121, S.122, S.123, S.124, S.125, S.126, S.127, S.128, S.129",,0,,,,,S,"Euro short-term rate, Number of transactions","Euro short-term rate, Number of transactions - Unsecured - Overnight - Borrowing - Financial corporations",,_Z,0
2024-12-10,734,EST.B.EU000A2X2A25.NT,B,EU000A2X2A25,NT,A,F,,,,,P1D,,,,"ESA 2010 Sectors: S.121, S.122, S.123, S.124, S.125, S.126, S.127, S.128, S.129",,0,,,,,S,"Euro short-term rate, Number of transactions","Euro short-term rate, Number of transactions - Unsecured - Overnight - Borrowing - Financial corporations",,_Z,0
2024-12-11,665,EST.B.EU000A2X2A25.NT,B,EU000A2X2A25,NT,A,F,,,,,P1D,,,,"ESA 2010 Sectors: S.121, S.122, S.123, S.124, S.125, S.126, S.127, S.128, S.129",,0,,,,,S,"Euro short-term rate, Number of transactions","Euro short-term rate, Number of transactions - Unsecured - Overnight - Borrowing - Financial corporations",,_Z,0
2024-12-12,691,EST.B.EU000A2X2A25.NT,B,EU000A2X2A25,NT,A,F,,,,,P1D,,,,"ESA 2010 Sectors: S.121, S.122, S.123, S.124, S.125, S.126, S.127, S.128, S.129",,0,,,,,S,"Euro short-term rate, Number of transactions","Euro short-term rate, Number of transactions - Unsecured - Overnight - Borrowing - Financial corporations",,_Z,0
2024-12-13,703,EST.B.EU000A2X2A25.NT,B,EU000A2X2A25,NT,A,F,,,,,P1D,,,,"ESA 2010 Sectors: S.121, S.122, S.123, S.124, S.125, S.126, S.127, S.128, S.129",,0,,,,,S,"Euro short-term rate, Number of transactions","Euro short-term rate, Number of transactions - Unsecured - Overnight - Borrowing - Financial corporations",,_Z,0
2024-12-16,700,EST.B.EU000A2X2A25.NT,B,EU000A2X2A25,NT,A,F,,,,,P1D,,,,"ESA 2010 Sectors: S.121, S.122, S.123, S.124, S.125, S.126, S.127, S.128, S.129",,0,,,,,S,"Euro short-term rate, Number of transactions","Euro short-term rate, Number of transactions - Unsecured - Overnight - Borrowing - Financial corporations",,_Z,0
2024-12-17,724,EST.B.EU000A2X2A25.NT,B,EU000A2X2A25,NT,A,F,,,,,P1D,,,,"ESA 2010 Sectors: S.121, S.122, S.123, S.124, S.125, S.126, S.127, S.128, S.129",,0,,,,,S,"Euro short-term rate, Number of transactions","Euro short-term rate, Number of transactions - Unsecured - Overnight - Borrowing - Financial corporations",,_Z,0
2024-12-18,731,EST.B.EU000A2X2A25.NT,B,EU000A2X2A25,NT,A,F,,,,,P1D,,,,"ESA 2010 Sectors: S.121, S.122, S.123, S.124, S.125, S.126, S.127, S.128, S.129",,0,,,,,S,"Euro short-term rate, Number of transactions","Euro short-term rate, Number of transactions - Unsecured - Overnight - Borrowing - Financial corporations",,_Z,0
2024-12-19,706,EST.B.EU000A2X2A25.NT,B,EU000A2X2A25,NT,A,F,,,,,P1D,,,,"ESA 2010 Sectors: S.121, S.122, S.123, S.124, S.125, S.126, S.127, S.128, S.129",,0,,,,,S,"Euro short-term rate, Number of transactions","Euro short-term rate, Number of transactions - Unsecured - Overnight - Borrowing - Financial corporations",,_Z,0
2024-12-20,708,EST.B.EU000A2X2A25.NT,B,EU000A2X2A25,NT,A,F,,,,,P1D,,,,"ESA 2010 Sectors: S.121, S.122, S.123, S.124, S.125, S.126, S.127, S.128, S.129",,0,,,,,S,"Euro short-term rate, Number of transactions","Euro short-term rate, Number of transactions - Unsecured - Overnight - Borrowing - Financial corporations",,_Z,0
2024-12-23,570,EST.B.EU000A2X2A25.NT,B,EU000A2X2A25,NT,A,F,,,,,P1D,,,,"ESA 2010 Sectors: S.121, S.122, S.123, S.124, S.125, S.126, S.127, S.128, S.129",,0,,,,,S,"Euro short-term rate, Number of transactions","Euro short-term rate, Number of transactions - Unsecured - Overnight - Borrowing - Financial corporations",,_Z,0
2024-12-24,356,EST.B.EU000A2X2A25.NT,B,EU000A2X2A25,NT,A,F,,,,,P1D,,,,"ESA 2010 Sectors: S.121, S.122, S.123, S.124, S.125, S.126, S.127, S.128, S.129",,0,,,,,S,"Euro short-term rate, Number of transactions","Euro short-term rate, Number of transactions - Unsecured - Overnight - Borrowing - Financial corporations",,_Z,0
2024-12-27,638,EST.B.EU000A2X2A25.NT,B,EU000A2X2A25,NT,A,F,,,,,P1D,,,,"ESA 2010 Sectors: S.121, S.122, S.123, S.124, S.125, S.126, S.127, S.128, S.129",,0,,,,,S,"Euro short-term rate, Number of transactions","Euro short-term rate, Number of transactions - Unsecured - Overnight - Borrowing - Financial corporations",,_Z,0
2024-12-30,515,EST.B.EU000A2X2A25.NT,B,EU000A2X2A25,NT,A,F,,,,,P1D,,,,"ESA 2010 Sectors: S.121, S.122, S.123, S.124, S.125, S.126, S.127, S.128, S.129",,0,,,,,S,"Euro short-term rate, Number of transactions","Euro short-term rate, Number of transactions - Unsecured - Overnight - Borrowing - Financial corporations",,_Z,0
2024-12-31,347,EST.B.EU000A2X2A25.NT,B,EU000A2X2A25,NT,A,F,,,,,P1D,,,,"ESA 2010 Sectors: S.121, S.122, S.123, S.124, S.125, S.126, S.127, S.128, S.129",,0,,,,,S,"Euro short-term rate, Number of transactions","Euro short-term rate, Number of transactions - Unsecured - Overnight - Borrowing - Financial corporations",,_Z,0
2025-01-02,617,EST.B.EU000A2X2A25.NT,B,EU000A2X2A25,NT,A,F,,,,,P1D,,,,"ESA 2010 Sectors: S.121, S.122, S.123, S.124, S.125, S.126, S.127, S.128, S.129",,0,,,,,S,"Euro short-term rate, Number of transactions","Euro short-term rate, Number of transactions - Unsecured - Overnight - Borrowing - Financial corporations",,_Z,0
2025-01-03,597,EST.B.EU000A2X2A25.NT,B,EU000A2X2A25,NT,A,F,,,,,P1D,,,,"ESA 2010 Sectors: S.121, S.122, S.123, S.124, S.125, S.126, S.127, S.128, S.129",,0,,,,,S,"Euro short-term rate, Number of transactions","Euro short-term rate, Number of transactions - Unsecured - Overnight - Borrowing - Financial corporations",,_Z,0
2025-01-06,574,EST.B.EU000A2X2A25.NT,B,EU000A2X2A25,NT,A,F,,,,,P1D,,,,"ESA 2010 Sectors: S.121, S.122, S.123, S.124, S.125, S.126, S.127, S.128, S.129",,0,,,,,S,"Euro short-term rate, Number of transactions","Euro short-term rate, Number of transactions - Unsecured - Overnight - Borrowing - Financial corporations",,_Z,0
2025-01-07,670,EST.B.EU000A2X2A25.NT,B,EU000A2X2A25,NT,A,F,,,,,P1D,,,,"ESA 2010 Sectors: S.121, S.122, S.123, S.124, S.125, S.126, S.127, S.128, S.129",,0,,,,,S,"Euro short-term rate, Number of transactions","Euro short-term rate, Number of transactions - Unsecured - Overnight - Borrowing - Financial corporations",,_Z,0
2025-01-08,724,EST.B.EU000A2X2A25.NT,B,EU000A2X2A25,NT,A,F,,,,,P1D,,,,"ESA 2010 Sectors: S.121, S.122, S.123, S.124, S.125, S.126, S.127, S.128, S.129",,0,,,,,S,"Euro short-term rate, Number of transactions","Euro short-term rate, Number of transactions - Unsecured - Overnight - Borrowing - Financial corporations",,_Z,0
2025-01-09,705,EST.B.EU000A2X2A25.NT,B,EU000A2X2A25,NT,A,F,,,,,P1D,,,,"ESA 2010 Sectors: S.121, S.122, S.123, S.124, S.125, S.126, S.127, S.128, S.129",,0,,,,,S,"Euro short-term rate, Number of transactions","Euro short-term rate, Number of transactions - Unsecured - Overnight - Borrowing - Financial corporations",,_Z,0
2025-01-10,737,EST.B.EU000A2X2A25.NT,B,EU000A2X2A25,NT,A,F,,,,,P1D,,,,"ESA 2010 Sectors: S.121, S.122, S.123, S.124, S.125, S.126, S.127, S.128, S.129",,0,,,,,S,"Euro short-term rate, Number of transactions","Euro short-term rate, Number of transactions - Unsecured - Overnight - Borrowing - Financial corporations",,_Z,0
2025-01-13,754,EST.B.EU000A2X2A25.NT,B,EU000A2X2A25,NT,A,F,,,,,P1D,,,,"ESA 2010 Sectors: S.121, S.122, S.123, S.124, S.125, S.126, S.127, S.128, S.129",,0,,,,,S,"Euro short-term rate, Number of transactions","Euro short-term rate, Number of transactions - Unsecured - Overnight - Borrowing - Financial corporations",,_Z,0
2025-01-14,766,EST.B.EU000A2X2A25.NT,B,EU000A2X2A25,NT,A,F,,,,,P1D,,,,"ESA 2010 Sectors: S.121, S.122, S.123, S.124, S.125, S.126, S.127, S.128, S.129",,0,,,,,S,"Euro short-term rate, Number of transactions","Euro short-term rate, Number of transactions - Unsecured - Overnight - Borrowing - Financial corporations",,_Z,0
2025-01-15,761,EST.B.EU000A2X2A25.NT,B,EU000A2X2A25,NT,A,F,,,,,P1D,,,,"ESA 2010 Sectors: S.121, S.122, S.123, S.124, S.125, S.126, S.127, S.128, S.129",,0,,,,,S,"Euro short-term rate, Number of transactions","Euro short-term rate, Number of transactions - Unsecured - Overnight - Borrowing - Financial corporations",,_Z,0
2025-01-16,742,EST.B.EU000A2X2A25.NT,B,EU000A2X2A25,NT,A,F,,,,,P1D,,,,"ESA 2010 Sectors: S.121, S.122, S.123, S.124, S.125, S.126, S.127, S.128, S.129",,0,,,,,S,"Euro short-term rate, Number of transactions","Euro short-term rate, Number of transactions - Unsecured - Overnight - Borrowing - Financial corporations",,_Z,0
2025-01-17,753,EST.B.EU000A2X2A25.NT,B,EU000A2X2A25,NT,A,F,,,,,P1D,,,,"ESA 2010 Sectors: S.121, S.122, S.123, S.124, S.125, S.126, S.127, S.128, S.129",,0,,,,,S,"Euro short-term rate, Number of transactions","Euro short-term rate, Number of transactions - Unsecured - Overnight - Borrowing - Financial corporations",,_Z,0
2025-01-20,791,EST.B.EU000A2X2A25.NT,B,EU000A2X2A25,NT,A,F,,,,,P1D,,,,"ESA 2010 Sectors: S.121, S.122, S.123, S.124, S.125, S.126, S.127, S.128, S.129",,0,,,,,S,"Euro short-term rate, Number of transactions","Euro short-term rate, Number of transactions - Unsecured - Overnight - Borrowing - Financial corporations",,_Z,0
2025-01-21,781,EST.B.EU000A2X2A25.NT,B,EU000A2X2A25,NT,A,F,,,,,P1D,,,,"ESA 2010 Sectors: S.121, S.122, S.123, S.124, S.125, S.126, S.127, S.128, S.129",,0,,,,,S,"Euro short-term rate, Number of transactions","Euro short-term rate, Number of transactions - Unsecured - Overnight - Borrowing - Financial corporations",,_Z,0
2025-01-22,794,EST.B.EU000A2X2A25.NT,B,EU000A2X2A25,NT,A,F,,,,,P1D,,,,"ESA 2010 Sectors: S.121, S.122, S.123, S.124, S.125, S.126, S.127, S.128, S.129",,0,,,,,S,"Euro short-term rate, Number of transactions","Euro short-term rate, Number of transactions - Unsecured - Overnight - Borrowing - Financial corporations",,_Z,0
2025-01-23,773,EST.B.EU000A2X2A25.NT,B,EU000A2X2A25,NT,A,F,,,,,P1D,,,,"ESA 2010 Sectors: S.121, S.122, S.123, S.124, S.125, S.126, S.127, S.128, S.129",,0,,,,,S,"Euro short-term rate, Number of transactions","Euro short-term rate, Number of transactions - Unsecured - Overnight - Borrowing - Financial corporations",,_Z,0
2025-01-24,771,EST.B.EU000A2X2A25.NT,B,EU000A2X2A25,NT,A,F,,,,,P1D,,,,"ESA 2010 Sectors: S.121, S.122, S.123, S.124, S.125, S.126, S.127, S.128, S.129",,0,,,,,S,"Euro short-term rate, Number of transactions","Euro short-term rate, Number of transactions - Unsecured - Overnight - Borrowing - Financial corporations",,_Z,0
2025-01-27,789,EST.B.EU000A2X2A25.NT,B,EU000A2X2A25,NT,A,F,,,,,P1D,,,,"ESA 2010 Sectors: S.121, S.122, S.123, S.124, S.125, S.126, S.127, S.128, S.129",,0,,,,,S,"Euro short-term rate, Number of transactions","Euro short-term rate, Number of transactions - Unsecured - Overnight - Borrowing - Financial corporations",,_Z,0
2025-01-28,792,EST.B.EU000A2X2A25.NT,B,EU000A2X2A25,NT,A,F,,,,,P1D,,,,"ESA 2010 Sectors: S.121, S.122, S.123, S.124, S.125, S.126, S.127, S.128, S.129",,0,,,,,S,"Euro short-term rate, Number of transactions","Euro short-term rate, Number of transactions - Unsecured - Overnight - Borrowing - Financial corporations",,_Z,0
2025-01-29,775,EST.B.EU000A2X2A25.NT,B,EU000A2X2A25,NT,A,F,,,,,P1D,,,,"ESA 2010 Sectors: S.121, S.122, S.123, S.124, S.125, S.126, S.127, S.128, S.129",,0,,,,,S,"Euro short-term rate, Number of transactions","Euro short-term rate, Number of transactions - Unsecured - Overnight - Borrowing - Financial corporations",,_Z,0
2025-01-30,752,EST.B.EU000A2X2A25.NT,B,EU000A2X2A25,NT,A,F,,,,,P1D,,,,"ESA 2010 Sectors: S.121, S.122, S.123, S.124, S.125, S.126, S.127, S.128, S.129",,0,,,,,S,"Euro short-term rate, Number of transactions","Euro short-term rate, Number of transactions - Unsecured - Overnight - Borrowing - Financial corporations",,_Z,0
2025-01-31,619,EST.B.EU000A2X2A25.NT,B,EU000A2X2A25,NT,A,F,,,,,P1D,,,,"ESA 2010 Sectors: S.121, S.122, S.123, S.124, S.125, S.126, S.127, S.128, S.129",,0,,,,,S,"Euro short-term rate, Number of transactions","Euro short-term rate, Number of transactions - Unsecured - Overnight - Borrowing - Financial corporations",,_Z,0
2025-02-03,750,EST.B.EU000A2X2A25.NT,B,EU000A2X2A25,NT,A,F,,,,,P1D,,,,"ESA 2010 Sectors: S.121, S.122, S.123, S.124, S.125, S.126, S.127, S.128, S.129",,0,,,,,S,"Euro short-term rate, Number of transactions","Euro short-term rate, Number of transactions - Unsecured - Overnight - Borrowing - Financial corporations",,_Z,0
2025-02-04,784,EST.B.EU000A2X2A25.NT,B,EU000A2X2A25,NT,A,F,,,,,P1D,,,,"ESA 2010 Sectors: S.121, S.122, S.123, S.124, S.125, S.126, S.127, S.128, S.129",,0,,,,,S,"Euro short-term rate, Number of transactions","Euro short-term rate, Number of transactions - Unsecured - Overnight - Borrowing - Financial corporations",,_Z,0
2025-02-05,789,EST.B.EU000A2X2A25.NT,B,EU000A2X2A25,NT,A,F,,,,,P1D,,,,"ESA 2010 Sectors: S.121, S.122, S.123, S.124, S.125, S.126, S.127, S.128, S.129",,0,,,,,S,"Euro short-term rate, Number of transactions","Euro short-term rate, Number of transactions - Unsecured - Overnight - Borrowing - Financial corporations",,_Z,0
2025-02-06,758,EST.B.EU000A2X2A25.NT,B,EU000A2X2A25,NT,A,F,,,,,P1D,,,,"ESA 2010 Sectors: S.121, S.122, S.123, S.124, S.125, S.126, S.127, S.128, S.129",,0,,,,,S,"Euro short-term rate, Number of transactions","Euro short-term rate, Number of transactions - Unsecured - Overnight - Borrowing - Financial corporations",,_Z,0
2025-02-07,746,EST.B.EU000A2X2A25.NT,B,EU000A2X2A25,NT,A,F,,,,,P1D,,,,"ESA 2010 Sectors: S.121, S.122, S.123, S.124, S.125, S.126, S.127, S.128, S.129",,0,,,,,S,"Euro short-term rate, Number of transactions","Euro short-term rate, Number of transactions - Unsecured - Overnight - Borrowing - Financial corporations",,_Z,0
2025-02-10,658,EST.B.EU000A2X2A25.NT,B,EU000A2X2A25,NT,A,F,,,,,P1D,,,,"ESA 2010 Sectors: S.121, S.122, S.123, S.124, S.125, S.126, S.127, S.128, S.129",,0,,,,,S,"Euro short-term rate, Number of transactions","Euro short-term rate, Number of transactions - Unsecured - Overnight - Borrowing - Financial corporations",,_Z,0
2025-02-11,738,EST.B.EU000A2X2A25.NT,B,EU000A2X2A25,NT,A,F,,,,,P1D,,,,"ESA 2010 Sectors: S.121, S.122, S.123, S.124, S.125, S.126, S.127, S.128, S.129",,0,,,,,S,"Euro short-term rate, Number of transactions","Euro short-term rate, Number of transactions - Unsecured - Overnight - Borrowing - Financial corporations",,_Z,0
2025-02-12,744,EST.B.EU000A2X2A25.NT,B,EU000A2X2A25,NT,A,F,,,,,P1D,,,,"ESA 2010 Sectors: S.121, S.122, S.123, S.124, S.125, S.126, S.127, S.128, S.129",,0,,,,,S,"Euro short-term rate, Number of transactions","Euro short-term rate, Number of transactions - Unsecured - Overnight - Borrowing - Financial corporations",,_Z,0
2025-02-13,713,EST.B.EU000A2X2A25.NT,B,EU000A2X2A25,NT,A,F,,,,,P1D,,,,"ESA 2010 Sectors: S.121, S.122, S.123, S.124, S.125, S.126, S.127, S.128, S.129",,0,,,,,S,"Euro short-term rate, Number of transactions","Euro short-term rate, Number of transactions - Unsecured - Overnight - Borrowing - Financial corporations",,_Z,0
2025-02-14,724,EST.B.EU000A2X2A25.NT,B,EU000A2X2A25,NT,A,F,,,,,P1D,,,,"ESA 2010 Sectors: S.121, S.122, S.123, S.124, S.125, S.126, S.127, S.128, S.129",,0,,,,,S,"Euro short-term rate, Number of transactions","Euro short-term rate, Number of transactions - Unsecured - Overnight - Borrowing - Financial corporations",,_Z,0
2025-02-17,747,EST.B.EU000A2X2A25.NT,B,EU000A2X2A25,NT,A,F,,,,,P1D,,,,"ESA 2010 Sectors: S.121, S.122, S.123, S.124, S.125, S.126, S.127, S.128, S.129",,0,,,,,S,"Euro short-term rate, Number of transactions","Euro short-term rate, Number of transactions - Unsecured - Overnight - Borrowing - Financial corporations",,_Z,0
2025-02-18,751,EST.B.EU000A2X2A25.NT,B,EU000A2X2A25,NT,A,F,,,,,P1D,,,,"ESA 2010 Sectors: S.121, S.122, S.123, S.124, S.125, S.126, S.127, S.128, S.129",,0,,,,,S,"Euro short-term rate, Number of transactions","Euro short-term rate, Number of transactions - Unsecured - Overnight - Borrowing - Financial corporations",,_Z,0
2025-02-19,754,EST.B.EU000A2X2A25.NT,B,EU000A2X2A25,NT,A,F,,,,,P1D,,,,"ESA 2010 Sectors: S.121, S.122, S.123, S.124, S.125, S.126, S.127, S.128, S.129",,0,,,,,S,"Euro short-term rate, Number of transactions","Euro short-term rate, Number of transactions - Unsecured - Overnight - Borrowing - Financial corporations",,_Z,0
2025-02-20,723,EST.B.EU000A2X2A25.NT,B,EU000A2X2A25,NT,A,F,,,,,P1D,,,,"ESA 2010 Sectors: S.121, S.122, S.123, S.124, S.125, S.126, S.127, S.128, S.129",,0,,,,,S,"Euro short-term rate, Number of transactions","Euro short-term rate, Number of transactions - Unsecured - Overnight - Borrowing - Financial corporations",,_Z,0
2025-02-21,758,EST.B.EU000A2X2A25.NT,B,EU000A2X2A25,NT,A,F,,,,,P1D,,,,"ESA 2010 Sectors: S.121, S.122, S.123, S.124, S.125, S.126, S.127, S.128, S.129",,0,,,,,S,"Euro short-term rate, Number of transactions","Euro short-term rate, Number of transactions - Unsecured - Overnight - Borrowing - Financial corporations",,_Z,0
2025-02-24,746,EST.B.EU000A2X2A25.NT,B,EU000A2X2A25,NT,A,F,,,,,P1D,,,,"ESA 2010 Sectors: S.121, S.122, S.123, S.124, S.125, S.126, S.127, S.128, S.129",,0,,,,,S,"Euro short-term rate, Number of transactions","Euro short-term rate, Number of transactions - Unsecured - Overnight - Borrowing - Financial corporations",,_Z,0
2025-02-25,763,EST.B.EU000A2X2A25.NT,B,EU000A2X2A25,NT,A,F,,,,,P1D,,,,"ESA 2010 Sectors: S.121, S.122, S.123, S.124, S.125, S.126, S.127, S.128, S.129",,0,,,,,S,"Euro short-term rate, Number of transactions","Euro short-term rate, Number of transactions - Unsecured - Overnight - Borrowing - Financial corporations",,_Z,0
2025-02-26,765,EST.B.EU000A2X2A25.NT,B,EU000A2X2A25,NT,A,F,,,,,P1D,,,,"ESA 2010 Sectors: S.121, S.122, S.123, S.124, S.125, S.126, S.127, S.128, S.129",,0,,,,,S,"Euro short-term rate, Number of transactions","Euro short-term rate, Number of transactions - Unsecured - Overnight - Borrowing - Financial corporations",,_Z,0
2025-02-27,706,EST.B.EU000A2X2A25.NT,B,EU000A2X2A25,NT,A,F,,,,,P1D,,,,"ESA 2010 Sectors: S.121, S.122, S.123, S.124, S.125, S.126, S.127, S.128, S.129",,0,,,,,S,"Euro short-term rate, Number of transactions","Euro short-term rate, Number of transactions - Unsecured - Overnight - Borrowing - Financial corporations",,_Z,0
2025-02-28,595,EST.B.EU000A2X2A25.NT,B,EU000A2X2A25,NT,A,F,,,,,P1D,,,,"ESA 2010 Sectors: S.121, S.122, S.123, S.124, S.125, S.126, S.127, S.128, S.129",,0,,,,,S,"Euro short-term rate, Number of transactions","Euro short-term rate, Number of transactions - Unsecured - Overnight - Borrowing - Financial corporations",,_Z,0
2025-03-03,689,EST.B.EU000A2X2A25.NT,B,EU000A2X2A25,NT,A,F,,,,,P1D,,,,"ESA 2010 Sectors: S.121, S.122, S.123, S.124, S.125, S.126, S.127, S.128, S.129",,0,,,,,S,"Euro short-term rate, Number of transactions","Euro short-term rate, Number of transactions - Unsecured - Overnight - Borrowing - Financial corporations",,_Z,0
2025-03-04,746,EST.B.EU000A2X2A25.NT,B,EU000A2X2A25,NT,A,F,,,,,P1D,,,,"ESA 2010 Sectors: S.121, S.122, S.123, S.124, S.125, S.126, S.127, S.128, S.129",,0,,,,,S,"Euro short-term rate, Number of transactions","Euro short-term rate, Number of transactions - Unsecured - Overnight - Borrowing - Financial corporations",,_Z,0
2025-03-05,757,EST.B.EU000A2X2A25.NT,B,EU000A2X2A25,NT,A,F,,,,,P1D,,,,"ESA 2010 Sectors: S.121, S.122, S.123, S.124, S.125, S.126, S.127, S.128, S.129",,0,,,,,S,"Euro short-term rate, Number of transactions","Euro short-term rate, Number of transactions - Unsecured - Overnight - Borrowing - Financial corporations",,_Z,0
2025-03-06,727,EST.B.EU000A2X2A25.NT,B,EU000A2X2A25,NT,A,F,,,,,P1D,,,,"ESA 2010 Sectors: S.121, S.122, S.123, S.124, S.125, S.126, S.127, S.128, S.129",,0,,,,,S,"Euro short-term rate, Number of transactions","Euro short-term rate, Number of transactions - Unsecured - Overnight - Borrowing - Financial corporations",,_Z,0
2025-03-07,719,EST.B.EU000A2X2A25.NT,B,EU000A2X2A25,NT,A,F,,,,,P1D,,,,"ESA 2010 Sectors: S.121, S.122, S.123, S.124, S.125, S.126, S.127, S.128, S.129",,0,,,,,S,"Euro short-term rate, Number of transactions","Euro short-term rate, Number of transactions - Unsecured - Overnight - Borrowing - Financial corporations",,_Z,0
2025-03-10,742,EST.B.EU000A2X2A25.NT,B,EU000A2X2A25,NT,A,F,,,,,P1D,,,,"ESA 2010 Sectors: S.121, S.122, S.123, S.124, S.125, S.126, S.127, S.128, S.129",,0,,,,,S,"Euro short-term rate, Number of transactions","Euro short-term rate, Number of transactions - Unsecured - Overnight - Borrowing - Financial corporations",,_Z,0
2025-03-11,786,EST.B.EU000A2X2A25.NT,B,EU000A2X2A25,NT,A,F,,,,,P1D,,,,"ESA 2010 Sectors: S.121, S.122, S.123, S.124, S.125, S.126, S.127, S.128, S.129",,0,,,,,S,"Euro short-term rate, Number of transactions","Euro short-term rate, Number of transactions - Unsecured - Overnight - Borrowing - Financial corporations",,_Z,0
2025-03-12,701,EST.B.EU000A2X2A25.NT,B,EU000A2X2A25,NT,A,F,,,,,P1D,,,,"ESA 2010 Sectors: S.121, S.122, S.123, S.124, S.125, S.126, S.127, S.128, S.129",,0,,,,,S,"Euro short-term rate, Number of transactions","Euro short-term rate, Number of transactions - Unsecured - Overnight - Borrowing - Financial corporations",,_Z,0
2025-03-13,766,EST.B.EU000A2X2A25.NT,B,EU000A2X2A25,NT,A,F,,,,,P1D,,,,"ESA 2010 Sectors: S.121, S.122, S.123, S.124, S.125, S.126, S.127, S.128, S.129",,0,,,,,S,"Euro short-term rate, Number of transactions","Euro short-term rate, Number of transactions - Unsecured - Overnight - Borrowing - Financial corporations",,_Z,0
2025-03-14,759,EST.B.EU000A2X2A25.NT,B,EU000A2X2A25,NT,A,F,,,,,P1D,,,,"ESA 2010 Sectors: S.121, S.122, S.123, S.124, S.125, S.126, S.127, S.128, S.129",,0,,,,,S,"Euro short-term rate, Number of transactions","Euro short-term rate, Number of transactions - Unsecured - Overnight - Borrowing - Financial corporations",,_Z,0
2025-03-17,766,EST.B.EU000A2X2A25.NT,B,EU000A2X2A25,NT,A,F,,,,,P1D,,,,"ESA 2010 Sectors: S.121, S.122, S.123, S.124, S.125, S.126, S.127, S.128, S.129",,0,,,,,S,"Euro short-term rate, Number of transactions","Euro short-term rate, Number of transactions - Unsecured - Overnight - Borrowing - Financial corporations",,_Z,0
2025-03-18,816,EST.B.EU000A2X2A25.NT,B,EU000A2X2A25,NT,A,F,,,,,P1D,,,,"ESA 2010 Sectors: S.121, S.122, S.123, S.124, S.125, S.126, S.127, S.128, S.129",,0,,,,,S,"Euro short-term rate, Number of transactions","Euro short-term rate, Number of transactions - Unsecured - Overnight - Borrowing - Financial corporations",,_Z,0
2025-03-19,799,EST.B.EU000A2X2A25.NT,B,EU000A2X2A25,NT,A,F,,,,,P1D,,,,"ESA 2010 Sectors: S.121, S.122, S.123, S.124, S.125, S.126, S.127, S.128, S.129",,0,,,,,S,"Euro short-term rate, Number of transactions","Euro short-term rate, Number of transactions - Unsecured - Overnight - Borrowing - Financial corporations",,_Z,0
2025-03-20,747,EST.B.EU000A2X2A25.NT,B,EU000A2X2A25,NT,A,F,,,,,P1D,,,,"ESA 2010 Sectors: S.121, S.122, S.123, S.124, S.125, S.126, S.127, S.128, S.129",,0,,,,,S,"Euro short-term rate, Number of transactions","Euro short-term rate, Number of transactions - Unsecured - Overnight - Borrowing - Financial corporations",,_Z,0
2025-03-21,740,EST.B.EU000A2X2A25.NT,B,EU000A2X2A25,NT,A,F,,,,,P1D,,,,"ESA 2010 Sectors: S.121, S.122, S.123, S.124, S.125, S.126, S.127, S.128, S.129",,0,,,,,S,"Euro short-term rate, Number of transactions","Euro short-term rate, Number of transactions - Unsecured - Overnight - Borrowing - Financial corporations",,_Z,0
2025-03-24,742,EST.B.EU000A2X2A25.NT,B,EU000A2X2A25,NT,A,F,,,,,P1D,,,,"ESA 2010 Sectors: S.121, S.122, S.123, S.124, S.125, S.126, S.127, S.128, S.129",,0,,,,,S,"Euro short-term rate, Number of transactions","Euro short-term rate, Number of transactions - Unsecured - Overnight - Borrowing - Financial corporations",,_Z,0
2025-03-25,742,EST.B.EU000A2X2A25.NT,B,EU000A2X2A25,NT,A,F,,,,,P1D,,,,"ESA 2010 Sectors: S.121, S.122, S.123, S.124, S.125, S.126, S.127, S.128, S.129",,0,,,,,S,"Euro short-term rate, Number of transactions","Euro short-term rate, Number of transactions - Unsecured - Overnight - Borrowing - Financial corporations",,_Z,0
2025-03-26,767,EST.B.EU000A2X2A25.NT,B,EU000A2X2A25,NT,A,F,,,,,P1D,,,,"ESA 2010 Sectors: S.121, S.122, S.123, S.124, S.125, S.126, S.127, S.128, S.129",,0,,,,,S,"Euro short-term rate, Number of transactions","Euro short-term rate, Number of transactions - Unsecured - Overnight - Borrowing - Financial corporations",,_Z,0
2025-03-27,730,EST.B.EU000A2X2A25.NT,B,EU000A2X2A25,NT,A,F,,,,,P1D,,,,"ESA 2010 Sectors: S.121, S.122, S.123, S.124, S.125, S.126, S.127, S.128, S.129",,0,,,,,S,"Euro short-term rate, Number of transactions","Euro short-term rate, Number of transactions - Unsecured - Overnight - Borrowing - Financial corporations",,_Z,0
2025-03-28,695,EST.B.EU000A2X2A25.NT,B,EU000A2X2A25,NT,A,F,,,,,P1D,,,,"ESA 2010 Sectors: S.121, S.122, S.123, S.124, S.125, S.126, S.127, S.128, S.129",,0,,,,,S,"Euro short-term rate, Number of transactions","Euro short-term rate, Number of transactions - Unsecured - Overnight - Borrowing - Financial corporations",,_Z,0
2025-03-31,662,EST.B.EU000A2X2A25.NT,B,EU000A2X2A25,NT,A,F,,,,,P1D,,,,"ESA 2010 Sectors: S.121, S.122, S.123, S.124, S.125, S.126, S.127, S.128, S.129",,0,,,,,S,"Euro short-term rate, Number of transactions","Euro short-term rate, Number of transactions - Unsecured - Overnight - Borrowing - Financial corporations",,_Z,0
2025-04-01,746,EST.B.EU000A2X2A25.NT,B,EU000A2X2A25,NT,A,F,,,,,P1D,,,,"ESA 2010 Sectors: S.121, S.122, S.123, S.124, S.125, S.126, S.127, S.128, S.129",,0,,,,,S,"Euro short-term rate, Number of transactions","Euro short-term rate, Number of transactions - Unsecured - Overnight - Borrowing - Financial corporations",,_Z,0
2025-04-02,771,EST.B.EU000A2X2A25.NT,B,EU000A2X2A25,NT,A,F,,,,,P1D,,,,"ESA 2010 Sectors: S.121, S.122, S.123, S.124, S.125, S.126, S.127, S.128, S.129",,0,,,,,S,"Euro short-term rate, Number of transactions","Euro short-term rate, Number of transactions - Unsecured - Overnight - Borrowing - Financial corporations",,_Z,0
2025-04-03,739,EST.B.EU000A2X2A25.NT,B,EU000A2X2A25,NT,A,F,,,,,P1D,,,,"ESA 2010 Sectors: S.121, S.122, S.123, S.124, S.125, S.126, S.127, S.128, S.129",,0,,,,,S,"Euro short-term rate, Number of transactions","Euro short-term rate, Number of transactions - Unsecured - Overnight - Borrowing - Financial corporations",,_Z,0
2025-04-04,783,EST.B.EU000A2X2A25.NT,B,EU000A2X2A25,NT,A,F,,,,,P1D,,,,"ESA 2010 Sectors: S.121, S.122, S.123, S.124, S.125, S.126, S.127, S.128, S.129",,0,,,,,S,"Euro short-term rate, Number of transactions","Euro short-term rate, Number of transactions - Unsecured - Overnight - Borrowing - Financial corporations",,_Z,0
2025-04-07,806,EST.B.EU000A2X2A25.NT,B,EU000A2X2A25,NT,A,F,,,,,P1D,,,,"ESA 2010 Sectors: S.121, S.122, S.123, S.124, S.125, S.126, S.127, S.128, S.129",,0,,,,,S,"Euro short-term rate, Number of transactions","Euro short-term rate, Number of transactions - Unsecured - Overnight - Borrowing - Financial corporations",,_Z,0
2025-04-08,797,EST.B.EU000A2X2A25.NT,B,EU000A2X2A25,NT,A,F,,,,,P1D,,,,"ESA 2010 Sectors: S.121, S.122, S.123, S.124, S.125, S.126, S.127, S.128, S.129",,0,,,,,S,"Euro short-term rate, Number of transactions","Euro short-term rate, Number of transactions - Unsecured - Overnight - Borrowing - Financial corporations",,_Z,0
2025-04-09,735,EST.B.EU000A2X2A25.NT,B,EU000A2X2A25,NT,A,F,,,,,P1D,,,,"ESA 2010 Sectors: S.121, S.122, S.123, S.124, S.125, S.126, S.127, S.128, S.129",,0,,,,,S,"Euro short-term rate, Number of transactions","Euro short-term rate, Number of transactions - Unsecured - Overnight - Borrowing - Financial corporations",,_Z,0
2025-04-10,821,EST.B.EU000A2X2A25.NT,B,EU000A2X2A25,NT,A,F,,,,,P1D,,,,"ESA 2010 Sectors: S.121, S.122, S.123, S.124, S.125, S.126, S.127, S.128, S.129",,0,,,,,S,"Euro short-term rate, Number of transactions","Euro short-term rate, Number of transactions - Unsecured - Overnight - Borrowing - Financial corporations",,_Z,0
2025-04-11,829,EST.B.EU000A2X2A25.NT,B,EU000A2X2A25,NT,A,F,,,,,P1D,,,,"ESA 2010 Sectors: S.121, S.122, S.123, S.124, S.125, S.126, S.127, S.128, S.129",,0,,,,,S,"Euro short-term rate, Number of transactions","Euro short-term rate, Number of transactions - Unsecured - Overnight - Borrowing - Financial corporations",,_Z,0
2025-04-14,870,EST.B.EU000A2X2A25.NT,B,EU000A2X2A25,NT,A,F,,,,,P1D,,,,"ESA 2010 Sectors: S.121, S.122, S.123, S.124, S.125, S.126, S.127, S.128, S.129",,0,,,,,S,"Euro short-term rate, Number of transactions","Euro short-term rate, Number of transactions - Unsecured - Overnight - Borrowing - Financial corporations",,_Z,0
2025-04-15,855,EST.B.EU000A2X2A25.NT,B,EU000A2X2A25,NT,A,F,,,,,P1D,,,,"ESA 2010 Sectors: S.121, S.122, S.123, S.124, S.125, S.126, S.127, S.128, S.129",,0,,,,,S,"Euro short-term rate, Number of transactions","Euro short-term rate, Number of transactions - Unsecured - Overnight - Borrowing - Financial corporations",,_Z,0
2025-04-16,847,EST.B.EU000A2X2A25.NT,B,EU000A2X2A25,NT,A,F,,,,,P1D,,,,"ESA 2010 Sectors: S.121, S.122, S.123, S.124, S.125, S.126, S.127, S.128, S.129",,0,,,,,S,"Euro short-term rate, Number of transactions","Euro short-term rate, Number of transactions - Unsecured - Overnight - Borrowing - Financial corporations",,_Z,0
2025-04-17,840,EST.B.EU000A2X2A25.NT,B,EU000A2X2A25,NT,A,F,,,,,P1D,,,,"ESA 2010 Sectors: S.121, S.122, S.123, S.124, S.125, S.126, S.127, S.128, S.129",,0,,,,,S,"Euro short-term rate, Number of transactions","Euro short-term rate, Number of transactions - Unsecured - Overnight - Borrowing - Financial corporations",,_Z,0
2025-04-22,885,EST.B.EU000A2X2A25.NT,B,EU000A2X2A25,NT,A,F,,,,,P1D,,,,"ESA 2010 Sectors: S.121, S.122, S.123, S.124, S.125, S.126, S.127, S.128, S.129",,0,,,,,S,"Euro short-term rate, Number of transactions","Euro short-term rate, Number of transactions - Unsecured - Overnight - Borrowing - Financial corporations",,_Z,0
2025-04-23,807,EST.B.EU000A2X2A25.NT,B,EU000A2X2A25,NT,A,F,,,,,P1D,,,,"ESA 2010 Sectors: S.121, S.122, S.123, S.124, S.125, S.126, S.127, S.128, S.129",,0,,,,,S,"Euro short-term rate, Number of transactions","Euro short-term rate, Number of transactions - Unsecured - Overnight - Borrowing - Financial corporations",,_Z,0
2025-04-24,796,EST.B.EU000A2X2A25.NT,B,EU000A2X2A25,NT,A,F,,,,,P1D,,,,"ESA 2010 Sectors: S.121, S.122, S.123, S.124, S.125, S.126, S.127, S.128, S.129",,0,,,,,S,"Euro short-term rate, Number of transactions","Euro short-term rate, Number of transactions - Unsecured - Overnight - Borrowing - Financial corporations",,_Z,0
2025-04-25,790,EST.B.EU000A2X2A25.NT,B,EU000A2X2A25,NT,A,F,,,,,P1D,,,,"ESA 2010 Sectors: S.121, S.122, S.123, S.124, S.125, S.126, S.127, S.128, S.129",,0,,,,,S,"Euro short-term rate, Number of transactions","Euro short-term rate, Number of transactions - Unsecured - Overnight - Borrowing - Financial corporations",,_Z,0
2025-04-28,828,EST.B.EU000A2X2A25.NT,B,EU000A2X2A25,NT,A,F,,,,,P1D,,,,"ESA 2010 Sectors: S.121, S.122, S.123, S.124, S.125, S.126, S.127, S.128, S.129",,0,,,,,S,"Euro short-term rate, Number of transactions","Euro short-term rate, Number of transactions - Unsecured - Overnight - Borrowing - Financial corporations",,_Z,0
2025-04-29,812,EST.B.EU000A2X2A25.NT,B,EU000A2X2A25,NT,A,F,,,,,P1D,,,,"ESA 2010 Sectors: S.121, S.122, S.123, S.124, S.125, S.126, S.127, S.128, S.129",,0,,,,,S,"Euro short-term rate, Number of transactions","Euro short-term rate, Number of transactions - Unsecured - Overnight - Borrowing - Financial corporations",,_Z,0
2025-04-30,683,EST.B.EU000A2X2A25.NT,B,EU000A2X2A25,NT,A,F,,,,,P1D,,,,"ESA 2010 Sectors: S.121, S.122, S.123, S.124, S.125, S.126, S.127, S.128, S.129",,0,,,,,S,"Euro short-term rate, Number of transactions","Euro short-term rate, Number of transactions - Unsecured - Overnight - Borrowing - Financial corporations",,_Z,0
2025-05-02,651,EST.B.EU000A2X2A25.NT,B,EU000A2X2A25,NT,A,F,,,,,P1D,,,,"ESA 2010 Sectors: S.121, S.122, S.123, S.124, S.125, S.126, S.127, S.128, S.129",,0,,,,,S,"Euro short-term rate, Number of transactions","Euro short-term rate, Number of transactions - Unsecured - Overnight - Borrowing - Financial corporations",,_Z,0
2025-05-05,678,EST.B.EU000A2X2A25.NT,B,EU000A2X2A25,NT,A,F,,,,,P1D,,,,"ESA 2010 Sectors: S.121, S.122, S.123, S.124, S.125, S.126, S.127, S.128, S.129",,0,,,,,S,"Euro short-term rate, Number of transactions","Euro short-term rate, Number of transactions - Unsecured - Overnight - Borrowing - Financial corporations",,_Z,0
2025-05-06,792,EST.B.EU000A2X2A25.NT,B,EU000A2X2A25,NT,A,F,,,,,P1D,,,,"ESA 2010 Sectors: S.121, S.122, S.123, S.124, S.125, S.126, S.127, S.128, S.129",,0,,,,,S,"Euro short-term rate, Number of transactions","Euro short-term rate, Number of transactions - Unsecured - Overnight - Borrowing - Financial corporations",,_Z,0
2025-05-07,772,EST.B.EU000A2X2A25.NT,B,EU000A2X2A25,NT,A,F,,,,,P1D,,,,"ESA 2010 Sectors: S.121, S.122, S.123, S.124, S.125, S.126, S.127, S.128, S.129",,0,,,,,S,"Euro short-term rate, Number of transactions","Euro short-term rate, Number of transactions - Unsecured - Overnight - Borrowing - Financial corporations",,_Z,0
2025-05-08,742,EST.B.EU000A2X2A25.NT,B,EU000A2X2A25,NT,A,F,,,,,P1D,,,,"ESA 2010 Sectors: S.121, S.122, S.123, S.124, S.125, S.126, S.127, S.128, S.129",,0,,,,,S,"Euro short-term rate, Number of transactions","Euro short-term rate, Number of transactions - Unsecured - Overnight - Borrowing - Financial corporations",,_Z,0
2025-05-09,762,EST.B.EU000A2X2A25.NT,B,EU000A2X2A25,NT,A,F,,,,,P1D,,,,"ESA 2010 Sectors: S.121, S.122, S.123, S.124, S.125, S.126, S.127, S.128, S.129",,0,,,,,S,"Euro short-term rate, Number of transactions","Euro short-term rate, Number of transactions - Unsecured - Overnight - Borrowing - Financial corporations",,_Z,0
2025-05-12,829,EST.B.EU000A2X2A25.NT,B,EU000A2X2A25,NT,A,F,,,,,P1D,,,,"ESA 2010 Sectors: S.121, S.122, S.123, S.124, S.125, S.126, S.127, S.128, S.129",,0,,,,,S,"Euro short-term rate, Number of transactions","Euro short-term rate, Number of transactions - Unsecured - Overnight - Borrowing - Financial corporations",,_Z,0
2025-05-13,816,EST.B.EU000A2X2A25.NT,B,EU000A2X2A25,NT,A,F,,,,,P1D,,,,"ESA 2010 Sectors: S.121, S.122, S.123, S.124, S.125, S.126, S.127, S.128, S.129",,0,,,,,S,"Euro short-term rate, Number of transactions","Euro short-term rate, Number of transactions - Unsecured - Overnight - Borrowing - Financial corporations",,_Z,0
2025-05-14,814,EST.B.EU000A2X2A25.NT,B,EU000A2X2A25,NT,A,F,,,,,P1D,,,,"ESA 2010 Sectors: S.121, S.122, S.123, S.124, S.125, S.126, S.127, S.128, S.129",,0,,,,,S,"Euro short-term rate, Number of transactions","Euro short-term rate, Number of transactions - Unsecured - Overnight - Borrowing - Financial corporations",,_Z,0
2025-05-15,786,EST.B.EU000A2X2A25.NT,B,EU000A2X2A25,NT,A,F,,,,,P1D,,,,"ESA 2010 Sectors: S.121, S.122, S.123, S.124, S.125, S.126, S.127, S.128, S.129",,0,,,,,S,"Euro short-term rate, Number of transactions","Euro short-term rate, Number of transactions - Unsecured - Overnight - Borrowing - Financial corporations",,_Z,0
2025-05-16,808,EST.B.EU000A2X2A25.NT,B,EU000A2X2A25,NT,A,F,,,,,P1D,,,,"ESA 2010 Sectors: S.121, S.122, S.123, S.124, S.125, S.126, S.127, S.128, S.129",,0,,,,,S,"Euro short-term rate, Number of transactions","Euro short-term rate, Number of transactions - Unsecured - Overnight - Borrowing - Financial corporations",,_Z,0
2025-05-19,799,EST.B.EU000A2X2A25.NT,B,EU000A2X2A25,NT,A,F,,,,,P1D,,,,"ESA 2010 Sectors: S.121, S.122, S.123, S.124, S.125, S.126, S.127, S.128, S.129",,0,,,,,S,"Euro short-term rate, Number of transactions","Euro short-term rate, Number of transactions - Unsecured - Overnight - Borrowing - Financial corporations",,_Z,0
2025-05-20,800,EST.B.EU000A2X2A25.NT,B,EU000A2X2A25,NT,A,F,,,,,P1D,,,,"ESA 2010 Sectors: S.121, S.122, S.123, S.124, S.125, S.126, S.127, S.128, S.129",,0,,,,,S,"Euro short-term rate, Number of transactions","Euro short-term rate, Number of transactions - Unsecured - Overnight - Borrowing - Financial corporations",,_Z,0
2025-05-21,773,EST.B.EU000A2X2A25.NT,B,EU000A2X2A25,NT,A,F,,,,,P1D,,,,"ESA 2010 Sectors: S.121, S.122, S.123, S.124, S.125, S.126, S.127, S.128, S.129",,0,,,,,S,"Euro short-term rate, Number of transactions","Euro short-term rate, Number of transactions - Unsecured - Overnight - Borrowing - Financial corporations",,_Z,0
2025-05-22,772,EST.B.EU000A2X2A25.NT,B,EU000A2X2A25,NT,A,F,,,,,P1D,,,,"ESA 2010 Sectors: S.121, S.122, S.123, S.124, S.125, S.126, S.127, S.128, S.129",,0,,,,,S,"Euro short-term rate, Number of transactions","Euro short-term rate, Number of transactions - Unsecured - Overnight - Borrowing - Financial corporations",,_Z,0
2025-05-23,676,EST.B.EU000A2X2A25.NT,B,EU000A2X2A25,NT,A,F,,,,,P1D,,,,"ESA 2010 Sectors: S.121, S.122, S.123, S.124, S.125, S.126, S.127, S.128, S.129",,0,,,,,S,"Euro short-term rate, Number of transactions","Euro short-term rate, Number of transactions - Unsecured - Overnight - Borrowing - Financial corporations",,_Z,0
2025-05-26,724,EST.B.EU000A2X2A25.NT,B,EU000A2X2A25,NT,A,F,,,,,P1D,,,,"ESA 2010 Sectors: S.121, S.122, S.123, S.124, S.125, S.126, S.127, S.128, S.129",,0,,,,,S,"Euro short-term rate, Number of transactions","Euro short-term rate, Number of transactions - Unsecured - Overnight - Borrowing - Financial corporations",,_Z,0
2025-05-27,774,EST.B.EU000A2X2A25.NT,B,EU000A2X2A25,NT,A,F,,,,,P1D,,,,"ESA 2010 Sectors: S.121, S.122, S.123, S.124, S.125, S.126, S.127, S.128, S.129",,0,,,,,S,"Euro short-term rate, Number of transactions","Euro short-term rate, Number of transactions - Unsecured - Overnight - Borrowing - Financial corporations",,_Z,0
2025-05-28,624,EST.B.EU000A2X2A25.NT,B,EU000A2X2A25,NT,A,F,,,,,P1D,,,,"ESA 2010 Sectors: S.121, S.122, S.123, S.124, S.125, S.126, S.127, S.128, S.129",,0,,,,,S,"Euro short-term rate, Number of transactions","Euro short-term rate, Number of transactions - Unsecured - Overnight - Borrowing - Financial corporations",,_Z,0
2025-05-29,447,EST.B.EU000A2X2A25.NT,B,EU000A2X2A25,NT,A,F,,,,,P1D,,,,"ESA 2010 Sectors: S.121, S.122, S.123, S.124, S.125, S.126, S.127, S.128, S.129",,0,,,,,S,"Euro short-term rate, Number of transactions","Euro short-term rate, Number of transactions - Unsecured - Overnight - Borrowing - Financial corporations",,_Z,0
2025-05-30,651,EST.B.EU000A2X2A25.NT,B,EU000A2X2A25,NT,A,F,,,,,P1D,,,,"ESA 2010 Sectors: S.121, S.122, S.123, S.124, S.125, S.126, S.127, S.128, S.129",,0,,,,,S,"Euro short-term rate, Number of transactions","Euro short-term rate, Number of transactions - Unsecured - Overnight - Borrowing - Financial corporations",,_Z,0
2025-06-02,762,EST.B.EU000A2X2A25.NT,B,EU000A2X2A25,NT,A,F,,,,,P1D,,,,"ESA 2010 Sectors: S.121, S.122, S.123, S.124, S.125, S.126, S.127, S.128, S.129",,0,,,,,S,"Euro short-term rate, Number of transactions","Euro short-term rate, Number of transactions - Unsecured - Overnight - Borrowing - Financial corporations",,_Z,0
2025-06-03,783,EST.B.EU000A2X2A25.NT,B,EU000A2X2A25,NT,A,F,,,,,P1D,,,,"ESA 2010 Sectors: S.121, S.122, S.123, S.124, S.125, S.126, S.127, S.128, S.129",,0,,,,,S,"Euro short-term rate, Number of transactions","Euro short-term rate, Number of transactions - Unsecured - Overnight - Borrowing - Financial corporations",,_Z,0
2025-06-04,709,EST.B.EU000A2X2A25.NT,B,EU000A2X2A25,NT,A,F,,,,,P1D,,,,"ESA 2010 Sectors: S.121, S.122, S.123, S.124, S.125, S.126, S.127, S.128, S.129",,0,,,,,S,"Euro short-term rate, Number of transactions","Euro short-term rate, Number of transactions - Unsecured - Overnight - Borrowing - Financial corporations",,_Z,0
2025-06-05,657,EST.B.EU000A2X2A25.NT,B,EU000A2X2A25,NT,A,F,,,,,P1D,,,,"ESA 2010 Sectors: S.121, S.122, S.123, S.124, S.125, S.126, S.127, S.128, S.129",,0,,,,,S,"Euro short-term rate, Number of transactions","Euro short-term rate, Number of transactions - Unsecured - Overnight - Borrowing - Financial corporations",,_Z,0
2025-06-06,494,EST.B.EU000A2X2A25.NT,B,EU000A2X2A25,NT,A,F,,,,,P1D,,,,"ESA 2010 Sectors: S.121, S.122, S.123, S.124, S.125, S.126, S.127, S.128, S.129",,0,,,,,S,"Euro short-term rate, Number of transactions","Euro short-term rate, Number of transactions - Unsecured - Overnight - Borrowing - Financial corporations",,_Z,0
2025-06-09,367,EST.B.EU000A2X2A25.NT,B,EU000A2X2A25,NT,A,F,,,,,P1D,,,,"ESA 2010 Sectors: S.121, S.122, S.123, S.124, S.125, S.126, S.127, S.128, S.129",,0,,,,,S,"Euro short-term rate, Number of transactions","Euro short-term rate, Number of transactions - Unsecured - Overnight - Borrowing - Financial corporations",,_Z,0
2025-06-10,750,EST.B.EU000A2X2A25.NT,B,EU000A2X2A25,NT,A,F,,,,,P1D,,,,"ESA 2010 Sectors: S.121, S.122, S.123, S.124, S.125, S.126, S.127, S.128, S.129",,0,,,,,S,"Euro short-term rate, Number of transactions","Euro short-term rate, Number of transactions - Unsecured - Overnight - Borrowing - Financial corporations",,_Z,0
2025-06-11,759,EST.B.EU000A2X2A25.NT,B,EU000A2X2A25,NT,A,F,,,,,P1D,,,,"ESA 2010 Sectors: S.121, S.122, S.123, S.124, S.125, S.126, S.127, S.128, S.129",,0,,,,,S,"Euro short-term rate, Number of transactions","Euro short-term rate, Number of transactions - Unsecured - Overnight - Borrowing - Financial corporations",,_Z,0
2025-06-12,735,EST.B.EU000A2X2A25.NT,B,EU000A2X2A25,NT,A,F,,,,,P1D,,,,"ESA 2010 Sectors: S.121, S.122, S.123, S.124, S.125, S.126, S.127, S.128, S.129",,0,,,,,S,"Euro short-term rate, Number of transactions","Euro short-term rate, Number of transactions - Unsecured - Overnight - Borrowing - Financial corporations",,_Z,0
2025-06-13,584,EST.B.EU000A2X2A25.NT,B,EU000A2X2A25,NT,A,F,,,,,P1D,,,,"ESA 2010 Sectors: S.121, S.122, S.123, S.124, S.125, S.126, S.127, S.128, S.129",,0,,,,,S,"Euro short-term rate, Number of transactions","Euro short-term rate, Number of transactions - Unsecured - Overnight - Borrowing - Financial corporations",,_Z,0
2025-06-16,730,EST.B.EU000A2X2A25.NT,B,EU000A2X2A25,NT,A,F,,,,,P1D,,,,"ESA 2010 Sectors: S.121, S.122, S.123, S.124, S.125, S.126, S.127, S.128, S.129",,0,,,,,S,"Euro short-term rate, Number of transactions","Euro short-term rate, Number of transactions - Unsecured - Overnight - Borrowing - Financial corporations",,_Z,0
2025-06-17,754,EST.B.EU000A2X2A25.NT,B,EU000A2X2A25,NT,A,F,,,,,P1D,,,,"ESA 2010 Sectors: S.121, S.122, S.123, S.124, S.125, S.126, S.127, S.128, S.129",,0,,,,,S,"Euro short-term rate, Number of transactions","Euro short-term rate, Number of transactions - Unsecured - Overnight - Borrowing - Financial corporations",,_Z,0
2025-06-18,695,EST.B.EU000A2X2A25.NT,B,EU000A2X2A25,NT,A,F,,,,,P1D,,,,"ESA 2010 Sectors: S.121, S.122, S.123, S.124, S.125, S.126, S.127, S.128, S.129",,0,,,,,S,"Euro short-term rate, Number of transactions","Euro short-term rate, Number of transactions - Unsecured - Overnight - Borrowing - Financial corporations",,_Z,0
2025-06-19,531,EST.B.EU000A2X2A25.NT,B,EU000A2X2A25,NT,A,F,,,,,P1D,,,,"ESA 2010 Sectors: S.121, S.122, S.123, S.124, S.125, S.126, S.127, S.128, S.129",,0,,,,,S,"Euro short-term rate, Number of transactions","Euro short-term rate, Number of transactions - Unsecured - Overnight - Borrowing - Financial corporations",,_Z,0
2025-06-20,742,EST.B.EU000A2X2A25.NT,B,EU000A2X2A25,NT,A,F,,,,,P1D,,,,"ESA 2010 Sectors: S.121, S.122, S.123, S.124, S.125, S.126, S.127, S.128, S.129",,0,,,,,S,"Euro short-term rate, Number of transactions","Euro short-term rate, Number of transactions - Unsecured - Overnight - Borrowing - Financial corporations",,_Z,0
2025-06-23,749,EST.B.EU000A2X2A25.NT,B,EU000A2X2A25,NT,A,F,,,,,P1D,,,,"ESA 2010 Sectors: S.121, S.122, S.123, S.124, S.125, S.126, S.127, S.128, S.129",,0,,,,,S,"Euro short-term rate, Number of transactions","Euro short-term rate, Number of transactions - Unsecured - Overnight - Borrowing - Financial corporations",,_Z,0
2025-06-24,757,EST.B.EU000A2X2A25.NT,B,EU000A2X2A25,NT,A,F,,,,,P1D,,,,"ESA 2010 Sectors: S.121, S.122, S.123, S.124, S.125, S.126, S.127, S.128, S.129",,0,,,,,S,"Euro short-term rate, Number of transactions","Euro short-term rate, Number of transactions - Unsecured - Overnight - Borrowing - Financial corporations",,_Z,0
2025-06-25,723,EST.B.EU000A2X2A25.NT,B,EU000A2X2A25,NT,A,F,,,,,P1D,,,,"ESA 2010 Sectors: S.121, S.122, S.123, S.124, S.125, S.126, S.127, S.128, S.129",,0,,,,,S,"Euro short-term rate, Number of transactions","Euro short-term rate, Number of transactions - Unsecured - Overnight - Borrowing - Financial corporations",,_Z,0
2025-06-26,691,EST.B.EU000A2X2A25.NT,B,EU000A2X2A25,NT,A,F,,,,,P1D,,,,"ESA 2010 Sectors: S.121, S.122, S.123, S.124, S.125, S.126, S.127, S.128, S.129",,0,,,,,S,"Euro short-term rate, Number of transactions","Euro short-term rate, Number of transactions - Unsecured - Overnight - Borrowing - Financial corporations",,_Z,0
2025-06-27,710,EST.B.EU000A2X2A25.NT,B,EU000A2X2A25,NT,A,F,,,,,P1D,,,,"ESA 2010 Sectors: S.121, S.122, S.123, S.124, S.125, S.126, S.127, S.128, S.129",,0,,,,,S,"Euro short-term rate, Number of transactions","Euro short-term rate, Number of transactions - Unsecured - Overnight - Borrowing - Financial corporations",,_Z,0
2025-06-30,682,EST.B.EU000A2X2A25.NT,B,EU000A2X2A25,NT,A,F,,,,,P1D,,,,"ESA 2010 Sectors: S.121, S.122, S.123, S.124, S.125, S.126, S.127, S.128, S.129",,0,,,,,S,"Euro short-term rate, Number of transactions","Euro short-term rate, Number of transactions - Unsecured - Overnight - Borrowing - Financial corporations",,_Z,0
2025-07-01,915,EST.B.EU000A2X2A25.NT,B,EU000A2X2A25,NT,A,F,,,,,P1D,,,,"ESA 2010 Sectors: S.121, S.122, S.123, S.124, S.125, S.126, S.127, S.128, S.129",,0,,,,,S,"Euro short-term rate, Number of transactions","Euro short-term rate, Number of transactions - Unsecured - Overnight - Borrowing - Financial corporations",,_Z,0
2025-07-02,893,EST.B.EU000A2X2A25.NT,B,EU000A2X2A25,NT,A,F,,,,,P1D,,,,"ESA 2010 Sectors: S.121, S.122, S.123, S.124, S.125, S.126, S.127, S.128, S.129",,0,,,,,S,"Euro short-term rate, Number of transactions","Euro short-term rate, Number of transactions - Unsecured - Overnight - Borrowing - Financial corporations",,_Z,0
2025-07-03,894,EST.B.EU000A2X2A25.NT,B,EU000A2X2A25,NT,A,F,,,,,P1D,,,,"ESA 2010 Sectors: S.121, S.122, S.123, S.124, S.125, S.126, S.127, S.128, S.129",,0,,,,,S,"Euro short-term rate, Number of transactions","Euro short-term rate, Number of transactions - Unsecured - Overnight - Borrowing - Financial corporations",,_Z,0
2025-07-04,942,EST.B.EU000A2X2A25.NT,B,EU000A2X2A25,NT,A,F,,,,,P1D,,,,"ESA 2010 Sectors: S.121, S.122, S.123, S.124, S.125, S.126, S.127, S.128, S.129",,0,,,,,S,"Euro short-term rate, Number of transactions","Euro short-term rate, Number of transactions - Unsecured - Overnight - Borrowing - Financial corporations",,_Z,0
2025-07-07,938,EST.B.EU000A2X2A25.NT,B,EU000A2X2A25,NT,A,F,,,,,P1D,,,,"ESA 2010 Sectors: S.121, S.122, S.123, S.124, S.125, S.126, S.127, S.128, S.129",,0,,,,,S,"Euro short-term rate, Number of transactions","Euro short-term rate, Number of transactions - Unsecured - Overnight - Borrowing - Financial corporations",,_Z,0
2025-07-08,930,EST.B.EU000A2X2A25.NT,B,EU000A2X2A25,NT,A,F,,,,,P1D,,,,"ESA 2010 Sectors: S.121, S.122, S.123, S.124, S.125, S.126, S.127, S.128, S.129",,0,,,,,S,"Euro short-term rate, Number of transactions","Euro short-term rate, Number of transactions - Unsecured - Overnight - Borrowing - Financial corporations",,_Z,0
2025-07-09,916,EST.B.EU000A2X2A25.NT,B,EU000A2X2A25,NT,A,F,,,,,P1D,,,,"ESA 2010 Sectors: S.121, S.122, S.123, S.124, S.125, S.126, S.127, S.128, S.129",,0,,,,,S,"Euro short-term rate, Number of transactions","Euro short-term rate, Number of transactions - Unsecured - Overnight - Borrowing - Financial corporations",,_Z,0
2025-07-10,901,EST.B.EU000A2X2A25.NT,B,EU000A2X2A25,NT,A,F,,,,,P1D,,,,"ESA 2010 Sectors: S.121, S.122, S.123, S.124, S.125, S.126, S.127, S.128, S.129",,0,,,,,S,"Euro short-term rate, Number of transactions","Euro short-term rate, Number of transactions - Unsecured - Overnight - Borrowing - Financial corporations",,_Z,0
2025-07-11,892,EST.B.EU000A2X2A25.NT,B,EU000A2X2A25,NT,A,F,,,,,P1D,,,,"ESA 2010 Sectors: S.121, S.122, S.123, S.124, S.125, S.126, S.127, S.128, S.129",,0,,,,,S,"Euro short-term rate, Number of transactions","Euro short-term rate, Number of transactions - Unsecured - Overnight - Borrowing - Financial corporations",,_Z,0
2025-07-14,903,EST.B.EU000A2X2A25.NT,B,EU000A2X2A25,NT,A,F,,,,,P1D,,,,"ESA 2010 Sectors: S.121, S.122, S.123, S.124, S.125, S.126, S.127, S.128, S.129",,0,,,,,S,"Euro short-term rate, Number of transactions","Euro short-term rate, Number of transactions - Unsecured - Overnight - Borrowing - Financial corporations",,_Z,0
2025-07-15,906,EST.B.EU000A2X2A25.NT,B,EU000A2X2A25,NT,A,F,,,,,P1D,,,,"ESA 2010 Sectors: S.121, S.122, S.123, S.124, S.125, S.126, S.127, S.128, S.129",,0,,,,,S,"Euro short-term rate, Number of transactions","Euro short-term rate, Number of transactions - Unsecured - Overnight - Borrowing - Financial corporations",,_Z,0
2025-07-16,911,EST.B.EU000A2X2A25.NT,B,EU000A2X2A25,NT,A,F,,,,,P1D,,,,"ESA 2010 Sectors: S.121, S.122, S.123, S.124, S.125, S.126, S.127, S.128, S.129",,0,,,,,S,"Euro short-term rate, Number of transactions","Euro short-term rate, Number of transactions - Unsecured - Overnight - Borrowing - Financial corporations",,_Z,0
2025-07-17,892,EST.B.EU000A2X2A25.NT,B,EU000A2X2A25,NT,A,F,,,,,P1D,,,,"ESA 2010 Sectors: S.121, S.122, S.123, S.124, S.125, S.126, S.127, S.128, S.129",,0,,,,,S,"Euro short-term rate, Number of transactions","Euro short-term rate, Number of transactions - Unsecured - Overnight - Borrowing - Financial corporations",,_Z,0
2025-07-18,900,EST.B.EU000A2X2A25.NT,B,EU000A2X2A25,NT,A,F,,,,,P1D,,,,"ESA 2010 Sectors: S.121, S.122, S.123, S.124, S.125, S.126, S.127, S.128, S.129",,0,,,,,S,"Euro short-term rate, Number of transactions","Euro short-term rate, Number of transactions - Unsecured - Overnight - Borrowing - Financial corporations",,_Z,0
2025-07-21,936,EST.B.EU000A2X2A25.NT,B,EU000A2X2A25,NT,A,F,,,,,P1D,,,,"ESA 2010 Sectors: S.121, S.122, S.123, S.124, S.125, S.126, S.127, S.128, S.129",,0,,,,,S,"Euro short-term rate, Number of transactions","Euro short-term rate, Number of transactions - Unsecured - Overnight - Borrowing - Financial corporations",,_Z,0
2025-07-22,940,EST.B.EU000A2X2A25.NT,B,EU000A2X2A25,NT,A,F,,,,,P1D,,,,"ESA 2010 Sectors: S.121, S.122, S.123, S.124, S.125, S.126, S.127, S.128, S.129",,0,,,,,S,"Euro short-term rate, Number of transactions","Euro short-term rate, Number of transactions - Unsecured - Overnight - Borrowing - Financial corporations",,_Z,0
2025-07-23,931,EST.B.EU000A2X2A25.NT,B,EU000A2X2A25,NT,A,F,,,,,P1D,,,,"ESA 2010 Sectors: S.121, S.122, S.123, S.124, S.125, S.126, S.127, S.128, S.129",,0,,,,,S,"Euro short-term rate, Number of transactions","Euro short-term rate, Number of transactions - Unsecured - Overnight - Borrowing - Financial corporations",,_Z,0
2025-07-24,909,EST.B.EU000A2X2A25.NT,B,EU000A2X2A25,NT,A,F,,,,,P1D,,,,"ESA 2010 Sectors: S.121, S.122, S.123, S.124, S.125, S.126, S.127, S.128, S.129",,0,,,,,S,"Euro short-term rate, Number of transactions","Euro short-term rate, Number of transactions - Unsecured - Overnight - Borrowing - Financial corporations",,_Z,0
2025-07-25,906,EST.B.EU000A2X2A25.NT,B,EU000A2X2A25,NT,A,F,,,,,P1D,,,,"ESA 2010 Sectors: S.121, S.122, S.123, S.124, S.125, S.126, S.127, S.128, S.129",,0,,,,,S,"Euro short-term rate, Number of transactions","Euro short-term rate, Number of transactions - Unsecured - Overnight - Borrowing - Financial corporations",,_Z,0
2025-07-28,930,EST.B.EU000A2X2A25.NT,B,EU000A2X2A25,NT,A,F,,,,,P1D,,,,"ESA 2010 Sectors: S.121, S.122, S.123, S.124, S.125, S.126, S.127, S.128, S.129",,0,,,,,S,"Euro short-term rate, Number of transactions","Euro short-term rate, Number of transactions - Unsecured - Overnight - Borrowing - Financial corporations",,_Z,0
2025-07-29,906,EST.B.EU000A2X2A25.NT,B,EU000A2X2A25,NT,A,F,,,,,P1D,,,,"ESA 2010 Sectors: S.121, S.122, S.123, S.124, S.125, S.126, S.127, S.128, S.129",,0,,,,,S,"Euro short-term rate, Number of transactions","Euro short-term rate, Number of transactions - Unsecured - Overnight - Borrowing - Financial corporations",,_Z,0
2025-07-30,936,EST.B.EU000A2X2A25.NT,B,EU000A2X2A25,NT,A,F,,,,,P1D,,,,"ESA 2010 Sectors: S.121, S.122, S.123, S.124, S.125, S.126, S.127, S.128, S.129",,0,,,,,S,"Euro short-term rate, Number of transactions","Euro short-term rate, Number of transactions - Unsecured - Overnight - Borrowing - Financial corporations",,_Z,0
2025-07-31,807,EST.B.EU000A2X2A25.NT,B,EU000A2X2A25,NT,A,F,,,,,P1D,,,,"ESA 2010 Sectors: S.121, S.122, S.123, S.124, S.125, S.126, S.127, S.128, S.129",,0,,,,,S,"Euro short-term rate, Number of transactions","Euro short-term rate, Number of transactions - Unsecured - Overnight - Borrowing - Financial corporations",,_Z,0
2025-08-01,888,EST.B.EU000A2X2A25.NT,B,EU000A2X2A25,NT,A,F,,,,,P1D,,,,"ESA 2010 Sectors: S.121, S.122, S.123, S.124, S.125, S.126, S.127, S.128, S.129",,0,,,,,S,"Euro short-term rate, Number of transactions","Euro short-term rate, Number of transactions - Unsecured - Overnight - Borrowing - Financial corporations",,_Z,0
2025-08-04,897,EST.B.EU000A2X2A25.NT,B,EU000A2X2A25,NT,A,F,,,,,P1D,,,,"ESA 2010 Sectors: S.121, S.122, S.123, S.124, S.125, S.126, S.127, S.128, S.129",,0,,,,,S,"Euro short-term rate, Number of transactions","Euro short-term rate, Number of transactions - Unsecured - Overnight - Borrowing - Financial corporations",,_Z,0
2025-08-05,953,EST.B.EU000A2X2A25.NT,B,EU000A2X2A25,NT,A,F,,,,,P1D,,,,"ESA 2010 Sectors: S.121, S.122, S.123, S.124, S.125, S.126, S.127, S.128, S.129",,0,,,,,S,"Euro short-term rate, Number of transactions","Euro short-term rate, Number of transactions - Unsecured - Overnight - Borrowing - Financial corporations",,_Z,0
2025-08-06,945,EST.B.EU000A2X2A25.NT,B,EU000A2X2A25,NT,A,F,,,,,P1D,,,,"ESA 2010 Sectors: S.121, S.122, S.123, S.124, S.125, S.126, S.127, S.128, S.129",,0,,,,,S,"Euro short-term rate, Number of transactions","Euro short-term rate, Number of transactions - Unsecured - Overnight - Borrowing - Financial corporations",,_Z,0
2025-08-07,910,EST.B.EU000A2X2A25.NT,B,EU000A2X2A25,NT,A,F,,,,,P1D,,,,"ESA 2010 Sectors: S.121, S.122, S.123, S.124, S.125, S.126, S.127, S.128, S.129",,0,,,,,S,"Euro short-term rate, Number of transactions","Euro short-term rate, Number of transactions - Unsecured - Overnight - Borrowing - Financial corporations",,_Z,0
2025-08-08,913,EST.B.EU000A2X2A25.NT,B,EU000A2X2A25,NT,A,F,,,,,P1D,,,,"ESA 2010 Sectors: S.121, S.122, S.123, S.124, S.125, S.126, S.127, S.128, S.129",,0,,,,,S,"Euro short-term rate, Number of transactions","Euro short-term rate, Number of transactions - Unsecured - Overnight - Borrowing - Financial corporations",,_Z,0
2025-08-11,828,EST.B.EU000A2X2A25.NT,B,EU000A2X2A25,NT,A,F,,,,,P1D,,,,"ESA 2010 Sectors: S.121, S.122, S.123, S.124, S.125, S.126, S.127, S.128, S.129",,0,,,,,S,"Euro short-term rate, Number of transactions","Euro short-term rate, Number of transactions - Unsecured - Overnight - Borrowing - Financial corporations",,_Z,0
2025-08-12,922,EST.B.EU000A2X2A25.NT,B,EU000A2X2A25,NT,A,F,,,,,P1D,,,,"ESA 2010 Sectors: S.121, S.122, S.123, S.124, S.125, S.126, S.127, S.128, S.129",,0,,,,,S,"Euro short-term rate, Number of transactions","Euro short-term rate, Number of transactions - Unsecured - Overnight - Borrowing - Financial corporations",,_Z,0
2025-08-13,910,EST.B.EU000A2X2A25.NT,B,EU000A2X2A25,NT,A,F,,,,,P1D,,,,"ESA 2010 Sectors: S.121, S.122, S.123, S.124, S.125, S.126, S.127, S.128, S.129",,0,,,,,S,"Euro short-term rate, Number of transactions","Euro short-term rate, Number of transactions - Unsecured - Overnight - Borrowing - Financial corporations",,_Z,0
2025-08-14,703,EST.B.EU000A2X2A25.NT,B,EU000A2X2A25,NT,A,F,,,,,P1D,,,,"ESA 2010 Sectors: S.121, S.122, S.123, S.124, S.125, S.126, S.127, S.128, S.129",,0,,,,,S,"Euro short-term rate, Number of transactions","Euro short-term rate, Number of transactions - Unsecured - Overnight - Borrowing - Financial corporations",,_Z,0
2025-08-15,695,EST.B.EU000A2X2A25.NT,B,EU000A2X2A25,NT,A,F,,,,,P1D,,,,"ESA 2010 Sectors: S.121, S.122, S.123, S.124, S.125, S.126, S.127, S.128, S.129",,0,,,,,S,"Euro short-term rate, Number of transactions","Euro short-term rate, Number of transactions - Unsecured - Overnight - Borrowing - Financial corporations",,_Z,0
2025-08-18,936,EST.B.EU000A2X2A25.NT,B,EU000A2X2A25,NT,A,F,,,,,P1D,,,,"ESA 2010 Sectors: S.121, S.122, S.123, S.124, S.125, S.126, S.127, S.128, S.129",,0,,,,,S,"Euro short-term rate, Number of transactions","Euro short-term rate, Number of transactions - Unsecured - Overnight - Borrowing - Financial corporations",,_Z,0
2025-08-19,918,EST.B.EU000A2X2A25.NT,B,EU000A2X2A25,NT,A,F,,,,,P1D,,,,"ESA 2010 Sectors: S.121, S.122, S.123, S.124, S.125, S.126, S.127, S.128, S.129",,0,,,,,S,"Euro short-term rate, Number of transactions","Euro short-term rate, Number of transactions - Unsecured - Overnight - Borrowing - Financial corporations",,_Z,0
2025-08-20,929,EST.B.EU000A2X2A25.NT,B,EU000A2X2A25,NT,A,F,,,,,P1D,,,,"ESA 2010 Sectors: S.121, S.122, S.123, S.124, S.125, S.126, S.127, S.128, S.129",,0,,,,,S,"Euro short-term rate, Number of transactions","Euro short-term rate, Number of transactions - Unsecured - Overnight - Borrowing - Financial corporations",,_Z,0
2025-08-21,898,EST.B.EU000A2X2A25.NT,B,EU000A2X2A25,NT,A,F,,,,,P1D,,,,"ESA 2010 Sectors: S.121, S.122, S.123, S.124, S.125, S.126, S.127, S.128, S.129",,0,,,,,S,"Euro short-term rate, Number of transactions","Euro short-term rate, Number of transactions - Unsecured - Overnight - Borrowing - Financial corporations",,_Z,0
2025-08-22,821,EST.B.EU000A2X2A25.NT,B,EU000A2X2A25,NT,A,F,,,,,P1D,,,,"ESA 2010 Sectors: S.121, S.122, S.123, S.124, S.125, S.126, S.127, S.128, S.129",,0,,,,,S,"Euro short-term rate, Number of transactions","Euro short-term rate, Number of transactions - Unsecured - Overnight - Borrowing - Financial corporations",,_Z,0
2025-08-25,850,EST.B.EU000A2X2A25.NT,B,EU000A2X2A25,NT,A,F,,,,,P1D,,,,"ESA 2010 Sectors: S.121, S.122, S.123, S.124, S.125, S.126, S.127, S.128, S.129",,0,,,,,S,"Euro short-term rate, Number of transactions","Euro short-term rate, Number of transactions - Unsecured - Overnight - Borrowing - Financial corporations",,_Z,0
2025-08-26,924,EST.B.EU000A2X2A25.NT,B,EU000A2X2A25,NT,A,F,,,,,P1D,,,,"ESA 2010 Sectors: S.121, S.122, S.123, S.124, S.125, S.126, S.127, S.128, S.129",,0,,,,,S,"Euro short-term rate, Number of transactions","Euro short-term rate, Number of transactions - Unsecured - Overnight - Borrowing - Financial corporations",,_Z,0
2025-08-27,919,EST.B.EU000A2X2A25.NT,B,EU000A2X2A25,NT,A,F,,,,,P1D,,,,"ESA 2010 Sectors: S.121, S.122, S.123, S.124, S.125, S.126, S.127, S.128, S.129",,0,,,,,S,"Euro short-term rate, Number of transactions","Euro short-term rate, Number of transactions - Unsecured - Overnight - Borrowing - Financial corporations",,_Z,0
2025-08-28,893,EST.B.EU000A2X2A25.NT,B,EU000A2X2A25,NT,A,F,,,,,P1D,,,,"ESA 2010 Sectors: S.121, S.122, S.123, S.124, S.125, S.126, S.127, S.128, S.129",,0,,,,,S,"Euro short-term rate, Number of transactions","Euro short-term rate, Number of transactions - Unsecured - Overnight - Borrowing - Financial corporations",,_Z,0
2025-08-29,849,EST.B.EU000A2X2A25.NT,B,EU000A2X2A25,NT,A,F,,,,,P1D,,,,"ESA 2010 Sectors: S.121, S.122, S.123, S.124, S.125, S.126, S.127, S.128, S.129",,0,,,,,S,"Euro short-term rate, Number of transactions","Euro short-term rate, Number of transactions - Unsecured - Overnight - Borrowing - Financial corporations",,_Z,0
2025-09-01,913,EST.B.EU000A2X2A25.NT,B,EU000A2X2A25,NT,A,F,,,,,P1D,,,,"ESA 2010 Sectors: S.121, S.122, S.123, S.124, S.125, S.126, S.127, S.128, S.129",,0,,,,,S,"Euro short-term rate, Number of transactions","Euro short-term rate, Number of transactions - Unsecured - Overnight - Borrowing - Financial corporations",,_Z,0
2025-09-02,886,EST.B.EU000A2X2A25.NT,B,EU000A2X2A25,NT,A,F,,,,,P1D,,,,"ESA 2010 Sectors: S.121, S.122, S.123, S.124, S.125, S.126, S.127, S.128, S.129",,0,,,,,S,"Euro short-term rate, Number of transactions","Euro short-term rate, Number of transactions - Unsecured - Overnight - Borrowing - Financial corporations",,_Z,0
2025-09-03,901,EST.B.EU000A2X2A25.NT,B,EU000A2X2A25,NT,A,F,,,,,P1D,,,,"ESA 2010 Sectors: S.121, S.122, S.123, S.124, S.125, S.126, S.127, S.128, S.129",,0,,,,,S,"Euro short-term rate, Number of transactions","Euro short-term rate, Number of transactions - Unsecured - Overnight - Borrowing - Financial corporations",,_Z,0
2025-09-04,879,EST.B.EU000A2X2A25.NT,B,EU000A2X2A25,NT,A,F,,,,,P1D,,,,"ESA 2010 Sectors: S.121, S.122, S.123, S.124, S.125, S.126, S.127, S.128, S.129",,0,,,,,S,"Euro short-term rate, Number of transactions","Euro short-term rate, Number of transactions - Unsecured - Overnight - Borrowing - Financial corporations",,_Z,0
2025-09-05,848,EST.B.EU000A2X2A25.NT,B,EU000A2X2A25,NT,A,F,,,,,P1D,,,,"ESA 2010 Sectors: S.121, S.122, S.123, S.124, S.125, S.126, S.127, S.128, S.129",,0,,,,,S,"Euro short-term rate, Number of transactions","Euro short-term rate, Number of transactions - Unsecured - Overnight - Borrowing - Financial corporations",,_Z,0
2025-09-08,872,EST.B.EU000A2X2A25.NT,B,EU000A2X2A25,NT,A,F,,,,,P1D,,,,"ESA 2010 Sectors: S.121, S.122, S.123, S.124, S.125, S.126, S.127, S.128, S.129",,0,,,,,S,"Euro short-term rate, Number of transactions","Euro short-term rate, Number of transactions - Unsecured - Overnight - Borrowing - Financial corporations",,_Z,0
2025-09-09,934,EST.B.EU000A2X2A25.NT,B,EU000A2X2A25,NT,A,F,,,,,P1D,,,,"ESA 2010 Sectors: S.121, S.122, S.123, S.124, S.125, S.126, S.127, S.128, S.129",,0,,,,,S,"Euro short-term rate, Number of transactions","Euro short-term rate, Number of transactions - Unsecured - Overnight - Borrowing - Financial corporations",,_Z,0
2025-09-10,903,EST.B.EU000A2X2A25.NT,B,EU000A2X2A25,NT,A,F,,,,,P1D,,,,"ESA 2010 Sectors: S.121, S.122, S.123, S.124, S.125, S.126, S.127, S.128, S.129",,0,,,,,S,"Euro short-term rate, Number of transactions","Euro short-term rate, Number of transactions - Unsecured - Overnight - Borrowing - Financial corporations",,_Z,0
2025-09-11,893,EST.B.EU000A2X2A25.NT,B,EU000A2X2A25,NT,A,F,,,,,P1D,,,,"ESA 2010 Sectors: S.121, S.122, S.123, S.124, S.125, S.126, S.127, S.128, S.129",,0,,,,,S,"Euro short-term rate, Number of transactions","Euro short-term rate, Number of transactions - Unsecured - Overnight - Borrowing - Financial corporations",,_Z,0
2025-09-12,912,EST.B.EU000A2X2A25.NT,B,EU000A2X2A25,NT,A,F,,,,,P1D,,,,"ESA 2010 Sectors: S.121, S.122, S.123, S.124, S.125, S.126, S.127, S.128, S.129",,0,,,,,S,"Euro short-term rate, Number of transactions","Euro short-term rate, Number of transactions - Unsecured - Overnight - Borrowing - Financial corporations",,_Z,0
2025-09-15,913,EST.B.EU000A2X2A25.NT,B,EU000A2X2A25,NT,A,F,,,,,P1D,,,,"ESA 2010 Sectors: S.121, S.122, S.123, S.124, S.125, S.126, S.127, S.128, S.129",,0,,,,,S,"Euro short-term rate, Number of transactions","Euro short-term rate, Number of transactions - Unsecured - Overnight - Borrowing - Financial corporations",,_Z,0
2025-09-16,930,EST.B.EU000A2X2A25.NT,B,EU000A2X2A25,NT,A,F,,,,,P1D,,,,"ESA 2010 Sectors: S.121, S.122, S.123, S.124, S.125, S.126, S.127, S.128, S.129",,0,,,,,S,"Euro short-term rate, Number of transactions","Euro short-term rate, Number of transactions - Unsecured - Overnight - Borrowing - Financial corporations",,_Z,0
2025-09-17,905,EST.B.EU000A2X2A25.NT,B,EU000A2X2A25,NT,A,F,,,,,P1D,,,,"ESA 2010 Sectors: S.121, S.122, S.123, S.124, S.125, S.126, S.127, S.128, S.129",,0,,,,,S,"Euro short-term rate, Number of transactions","Euro short-term rate, Number of transactions - Unsecured - Overnight - Borrowing - Financial corporations",,_Z,0
2025-09-18,918,EST.B.EU000A2X2A25.NT,B,EU000A2X2A25,NT,A,F,,,,,P1D,,,,"ESA 2010 Sectors: S.121, S.122, S.123, S.124, S.125, S.126, S.127, S.128, S.129",,0,,,,,S,"Euro short-term rate, Number of transactions","Euro short-term rate, Number of transactions - Unsecured - Overnight - Borrowing - Financial corporations",,_Z,0
2025-09-19,908,EST.B.EU000A2X2A25.NT,B,EU000A2X2A25,NT,A,F,,,,,P1D,,,,"ESA 2010 Sectors: S.121, S.122, S.123, S.124, S.125, S.126, S.127, S.128, S.129",,0,,,,,S,"Euro short-term rate, Number of transactions","Euro short-term rate, Number of transactions - Unsecured - Overnight - Borrowing - Financial corporations",,_Z,0
2025-09-22,909,EST.B.EU000A2X2A25.NT,B,EU000A2X2A25,NT,A,F,,,,,P1D,,,,"ESA 2010 Sectors: S.121, S.122, S.123, S.124, S.125, S.126, S.127, S.128, S.129",,0,,,,,S,"Euro short-term rate, Number of transactions","Euro short-term rate, Number of transactions - Unsecured - Overnight - Borrowing - Financial corporations",,_Z,0
2025-09-23,918,EST.B.EU000A2X2A25.NT,B,EU000A2X2A25,NT,A,F,,,,,P1D,,,,"ESA 2010 Sectors: S.121, S.122, S.123, S.124, S.125, S.126, S.127, S.128, S.129",,0,,,,,S,"Euro short-term rate, Number of transactions","Euro short-term rate, Number of transactions - Unsecured - Overnight - Borrowing - Financial corporations",,_Z,0
2025-09-24,903,EST.B.EU000A2X2A25.NT,B,EU000A2X2A25,NT,A,F,,,,,P1D,,,,"ESA 2010 Sectors: S.121, S.122, S.123, S.124, S.125, S.126, S.127, S.128, S.129",,0,,,,,S,"Euro short-term rate, Number of transactions","Euro short-term rate, Number of transactions - Unsecured - Overnight - Borrowing - Financial corporations",,_Z,0
2025-09-25,906,EST.B.EU000A2X2A25.NT,B,EU000A2X2A25,NT,A,F,,,,,P1D,,,,"ESA 2010 Sectors: S.121, S.122, S.123, S.124, S.125, S.126, S.127, S.128, S.129",,0,,,,,S,"Euro short-term rate, Number of transactions","Euro short-term rate, Number of transactions - Unsecured - Overnight - Borrowing - Financial corporations",,_Z,0
2025-09-26,894,EST.B.EU000A2X2A25.NT,B,EU000A2X2A25,NT,A,F,,,,,P1D,,,,"ESA 2010 Sectors: S.121, S.122, S.123, S.124, S.125, S.126, S.127, S.128, S.129",,0,,,,,S,"Euro short-term rate, Number of transactions","Euro short-term rate, Number of transactions - Unsecured - Overnight - Borrowing - Financial corporations",,_Z,0
2025-09-29,909,EST.B.EU000A2X2A25.NT,B,EU000A2X2A25,NT,A,F,,,,,P1D,,,,"ESA 2010 Sectors: S.121, S.122, S.123, S.124, S.125, S.126, S.127, S.128, S.129",,0,,,,,S,"Euro short-term rate, Number of transactions","Euro short-term rate, Number of transactions - Unsecured - Overnight - Borrowing - Financial corporations",,_Z,0
2025-09-30,812,EST.B.EU000A2X2A25.NT,B,EU000A2X2A25,NT,A,F,,,,,P1D,,,,"ESA 2010 Sectors: S.121, S.122, S.123, S.124, S.125, S.126, S.127, S.128, S.129",,0,,,,,S,"Euro short-term rate, Number of transactions","Euro short-term rate, Number of transactions - Unsecured - Overnight - Borrowing - Financial corporations",,_Z,0
2025-10-01,899,EST.B.EU000A2X2A25.NT,B,EU000A2X2A25,NT,A,F,,,,,P1D,,,,"ESA 2010 Sectors: S.121, S.122, S.123, S.124, S.125, S.126, S.127, S.128, S.129",,0,,,,,S,"Euro short-term rate, Number of transactions","Euro short-term rate, Number of transactions - Unsecured - Overnight - Borrowing - Financial corporations",,_Z,0
2025-10-02,747,EST.B.EU000A2X2A25.NT,B,EU000A2X2A25,NT,A,F,,,,,P1D,,,,"ESA 2010 Sectors: S.121, S.122, S.123, S.124, S.125, S.126, S.127, S.128, S.129",,0,,,,,S,"Euro short-term rate, Number of transactions","Euro short-term rate, Number of transactions - Unsecured - Overnight - Borrowing - Financial corporations",,_Z,0
2025-10-03,658,EST.B.EU000A2X2A25.NT,B,EU000A2X2A25,NT,A,F,,,,,P1D,,,,"ESA 2010 Sectors: S.121, S.122, S.123, S.124, S.125, S.126, S.127, S.128, S.129",,0,,,,,S,"Euro short-term rate, Number of transactions","Euro short-term rate, Number of transactions - Unsecured - Overnight - Borrowing - Financial corporations",,_Z,0
2025-10-06,906,EST.B.EU000A2X2A25.NT,B,EU000A2X2A25,NT,A,F,,,,,P1D,,,,"ESA 2010 Sectors: S.121, S.122, S.123, S.124, S.125, S.126, S.127, S.128, S.129",,0,,,,,S,"Euro short-term rate, Number of transactions","Euro short-term rate, Number of transactions - Unsecured - Overnight - Borrowing - Financial corporations",,_Z,0
2025-10-07,879,EST.B.EU000A2X2A25.NT,B,EU000A2X2A25,NT,A,F,,,,,P1D,,,,"ESA 2010 Sectors: S.121, S.122, S.123, S.124, S.125, S.126, S.127, S.128, S.129",,0,,,,,S,"Euro short-term rate, Number of transactions","Euro short-term rate, Number of transactions - Unsecured - Overnight - Borrowing - Financial corporations",,_Z,0
2025-10-08,885,EST.B.EU000A2X2A25.NT,B,EU000A2X2A25,NT,A,F,,,,,P1D,,,,"ESA 2010 Sectors: S.121, S.122, S.123, S.124, S.125, S.126, S.127, S.128, S.129",,0,,,,,S,"Euro short-term rate, Number of transactions","Euro short-term rate, Number of transactions - Unsecured - Overnight - Borrowing - Financial corporations",,_Z,0
2025-10-09,860,EST.B.EU000A2X2A25.NT,B,EU000A2X2A25,NT,A,F,,,,,P1D,,,,"ESA 2010 Sectors: S.121, S.122, S.123, S.124, S.125, S.126, S.127, S.128, S.129",,0,,,,,S,"Euro short-term rate, Number of transactions","Euro short-term rate, Number of transactions - Unsecured - Overnight - Borrowing - Financial corporations",,_Z,0
2025-10-10,890,EST.B.EU000A2X2A25.NT,B,EU000A2X2A25,NT,A,F,,,,,P1D,,,,"ESA 2010 Sectors: S.121, S.122, S.123, S.124, S.125, S.126, S.127, S.128, S.129",,0,,,,,S,"Euro short-term rate, Number of transactions","Euro short-term rate, Number of transactions - Unsecured - Overnight - Borrowing - Financial corporations",,_Z,0
2025-10-13,930,EST.B.EU000A2X2A25.NT,B,EU000A2X2A25,NT,A,F,,,,,P1D,,,,"ESA 2010 Sectors: S.121, S.122, S.123, S.124, S.125, S.126, S.127, S.128, S.129",,0,,,,,S,"Euro short-term rate, Number of transactions","Euro short-term rate, Number of transactions - Unsecured - Overnight - Borrowing - Financial corporations",,_Z,0
2025-10-14,907,EST.B.EU000A2X2A25.NT,B,EU000A2X2A25,NT,A,F,,,,,P1D,,,,"ESA 2010 Sectors: S.121, S.122, S.123, S.124, S.125, S.126, S.127, S.128, S.129",,0,,,,,S,"Euro short-term rate, Number of transactions","Euro short-term rate, Number of transactions - Unsecured - Overnight - Borrowing - Financial corporations",,_Z,0
2025-10-15,926,EST.B.EU000A2X2A25.NT,B,EU000A2X2A25,NT,A,F,,,,,P1D,,,,"ESA 2010 Sectors: S.121, S.122, S.123, S.124, S.125, S.126, S.127, S.128, S.129",,0,,,,,S,"Euro short-term rate, Number of transactions","Euro short-term rate, Number of transactions - Unsecured - Overnight - Borrowing - Financial corporations",,_Z,0
2025-10-16,892,EST.B.EU000A2X2A25.NT,B,EU000A2X2A25,NT,A,F,,,,,P1D,,,,"ESA 2010 Sectors: S.121, S.122, S.123, S.124, S.125, S.126, S.127, S.128, S.129",,0,,,,,S,"Euro short-term rate, Number of transactions","Euro short-term rate, Number of transactions - Unsecured - Overnight - Borrowing - Financial corporations",,_Z,0
2025-10-17,886,EST.B.EU000A2X2A25.NT,B,EU000A2X2A25,NT,A,F,,,,,P1D,,,,"ESA 2010 Sectors: S.121, S.122, S.123, S.124, S.125, S.126, S.127, S.128, S.129",,0,,,,,S,"Euro short-term rate, Number of transactions","Euro short-term rate, Number of transactions - Unsecured - Overnight - Borrowing - Financial corporations",,_Z,0
2025-10-20,901,EST.B.EU000A2X2A25.NT,B,EU000A2X2A25,NT,A,F,,,,,P1D,,,,"ESA 2010 Sectors: S.121, S.122, S.123, S.124, S.125, S.126, S.127, S.128, S.129",,0,,,,,S,"Euro short-term rate, Number of transactions","Euro short-term rate, Number of transactions - Unsecured - Overnight - Borrowing - Financial corporations",,_Z,0
2025-10-21,929,EST.B.EU000A2X2A25.NT,B,EU000A2X2A25,NT,A,F,,,,,P1D,,,,"ESA 2010 Sectors: S.121, S.122, S.123, S.124, S.125, S.126, S.127, S.128, S.129",,0,,,,,S,"Euro short-term rate, Number of transactions","Euro short-term rate, Number of transactions - Unsecured - Overnight - Borrowing - Financial corporations",,_Z,0
2025-10-22,886,EST.B.EU000A2X2A25.NT,B,EU000A2X2A25,NT,A,F,,,,,P1D,,,,"ESA 2010 Sectors: S.121, S.122, S.123, S.124, S.125, S.126, S.127, S.128, S.129",,0,,,,,S,"Euro short-term rate, Number of transactions","Euro short-term rate, Number of transactions - Unsecured - Overnight - Borrowing - Financial corporations",,_Z,0
2025-10-23,858,EST.B.EU000A2X2A25.NT,B,EU000A2X2A25,NT,A,F,,,,,P1D,,,,"ESA 2010 Sectors: S.121, S.122, S.123, S.124, S.125, S.126, S.127, S.128, S.129",,0,,,,,S,"Euro short-term rate, Number of transactions","Euro short-term rate, Number of transactions - Unsecured - Overnight - Borrowing - Financial corporations",,_Z,0
2025-10-24,838,EST.B.EU000A2X2A25.NT,B,EU000A2X2A25,NT,A,F,,,,,P1D,,,,"ESA 2010 Sectors: S.121, S.122, S.123, S.124, S.125, S.126, S.127, S.128, S.129",,0,,,,,S,"Euro short-term rate, Number of transactions","Euro short-term rate, Number of transactions - Unsecured - Overnight - Borrowing - Financial corporations",,_Z,0
2025-10-27,862,EST.B.EU000A2X2A25.NT,B,EU000A2X2A25,NT,A,F,,,,,P1D,,,,"ESA 2010 Sectors: S.121, S.122, S.123, S.124, S.125, S.126, S.127, S.128, S.129",,0,,,,,S,"Euro short-term rate, Number of transactions","Euro short-term rate, Number of transactions - Unsecured - Overnight - Borrowing - Financial corporations",,_Z,0
2025-10-28,887,EST.B.EU000A2X2A25.NT,B,EU000A2X2A25,NT,A,F,,,,,P1D,,,,"ESA 2010 Sectors: S.121, S.122, S.123, S.124, S.125, S.126, S.127, S.128, S.129",,0,,,,,S,"Euro short-term rate, Number of transactions","Euro short-term rate, Number of transactions - Unsecured - Overnight - Borrowing - Financial corporations",,_Z,0
2025-10-29,918,EST.B.EU000A2X2A25.NT,B,EU000A2X2A25,NT,A,F,,,,,P1D,,,,"ESA 2010 Sectors: S.121, S.122, S.123, S.124, S.125, S.126, S.127, S.128, S.129",,0,,,,,S,"Euro short-term rate, Number of transactions","Euro short-term rate, Number of transactions - Unsecured - Overnight - Borrowing - Financial corporations",,_Z,0
2025-10-30,859,EST.B.EU000A2X2A25.NT,B,EU000A2X2A25,NT,A,F,,,,,P1D,,,,"ESA 2010 Sectors: S.121, S.122, S.123, S.124, S.125, S.126, S.127, S.128, S.129",,0,,,,,S,"Euro short-term rate, Number of transactions","Euro short-term rate, Number of transactions - Unsecured - Overnight - Borrowing - Financial corporations",,_Z,0
2025-10-31,781,EST.B.EU000A2X2A25.NT,B,EU000A2X2A25,NT,A,F,,,,,P1D,,,,"ESA 2010 Sectors: S.121, S.122, S.123, S.124, S.125, S.126, S.127, S.128, S.129",,0,,,,,S,"Euro short-term rate, Number of transactions","Euro short-term rate, Number of transactions - Unsecured - Overnight - Borrowing - Financial corporations",,_Z,0
2025-11-03,893,EST.B.EU000A2X2A25.NT,B,EU000A2X2A25,NT,A,F,,,,,P1D,,,,"ESA 2010 Sectors: S.121, S.122, S.123, S.124, S.125, S.126, S.127, S.128, S.129",,0,,,,,S,"Euro short-term rate, Number of transactions","Euro short-term rate, Number of transactions - Unsecured - Overnight - Borrowing - Financial corporations",,_Z,0
2025-11-04,894,EST.B.EU000A2X2A25.NT,B,EU000A2X2A25,NT,A,F,,,,,P1D,,,,"ESA 2010 Sectors: S.121, S.122, S.123, S.124, S.125, S.126, S.127, S.128, S.129",,0,,,,,S,"Euro short-term rate, Number of transactions","Euro short-term rate, Number of transactions - Unsecured - Overnight - Borrowing - Financial corporations",,_Z,0
2025-11-05,906,EST.B.EU000A2X2A25.NT,B,EU000A2X2A25,NT,A,F,,,,,P1D,,,,"ESA 2010 Sectors: S.121, S.122, S.123, S.124, S.125, S.126, S.127, S.128, S.129",,0,,,,,S,"Euro short-term rate, Number of transactions","Euro short-term rate, Number of transactions - Unsecured - Overnight - Borrowing - Financial corporations",,_Z,0
2025-11-06,868,EST.B.EU000A2X2A25.NT,B,EU000A2X2A25,NT,A,F,,,,,P1D,,,,"ESA 2010 Sectors: S.121, S.122, S.123, S.124, S.125, S.126, S.127, S.128, S.129",,0,,,,,S,"Euro short-term rate, Number of transactions","Euro short-term rate, Number of transactions - Unsecured - Overnight - Borrowing - Financial corporations",,_Z,0
2025-11-07,874,EST.B.EU000A2X2A25.NT,B,EU000A2X2A25,NT,A,F,,,,,P1D,,,,"ESA 2010 Sectors: S.121, S.122, S.123, S.124, S.125, S.126, S.127, S.128, S.129",,0,,,,,S,"Euro short-term rate, Number of transactions","Euro short-term rate, Number of transactions - Unsecured - Overnight - Borrowing - Financial corporations",,_Z,0
2025-11-10,826,EST.B.EU000A2X2A25.NT,B,EU000A2X2A25,NT,A,F,,,,,P1D,,,,"ESA 2010 Sectors: S.121, S.122, S.123, S.124, S.125, S.126, S.127, S.128, S.129",,0,,,,,S,"Euro short-term rate, Number of transactions","Euro short-term rate, Number of transactions - Unsecured - Overnight - Borrowing - Financial corporations",,_Z,0
2025-11-11,848,EST.B.EU000A2X2A25.NT,B,EU000A2X2A25,NT,A,F,,,,,P1D,,,,"ESA 2010 Sectors: S.121, S.122, S.123, S.124, S.125, S.126, S.127, S.128, S.129",,0,,,,,S,"Euro short-term rate, Number of transactions","Euro short-term rate, Number of transactions - Unsecured - Overnight - Borrowing - Financial corporations",,_Z,0
2025-11-12,892,EST.B.EU000A2X2A25.NT,B,EU000A2X2A25,NT,A,F,,,,,P1D,,,,"ESA 2010 Sectors: S.121, S.122, S.123, S.124, S.125, S.126, S.127, S.128, S.129",,0,,,,,S,"Euro short-term rate, Number of transactions","Euro short-term rate, Number of transactions - Unsecured - Overnight - Borrowing - Financial corporations",,_Z,0
2025-11-13,862,EST.B.EU000A2X2A25.NT,B,EU000A2X2A25,NT,A,F,,,,,P1D,,,,"ESA 2010 Sectors: S.121, S.122, S.123, S.124, S.125, S.126, S.127, S.128, S.129",,0,,,,,S,"Euro short-term rate, Number of transactions","Euro short-term rate, Number of transactions - Unsecured - Overnight - Borrowing - Financial corporations",,_Z,0
2025-11-14,880,EST.B.EU000A2X2A25.NT,B,EU000A2X2A25,NT,A,F,,,,,P1D,,,,"ESA 2010 Sectors: S.121, S.122, S.123, S.124, S.125, S.126, S.127, S.128, S.129",,0,,,,,S,"Euro short-term rate, Number of transactions","Euro short-term rate, Number of transactions - Unsecured - Overnight - Borrowing - Financial corporations",,_Z,0
2025-11-17,879,EST.B.EU000A2X2A25.NT,B,EU000A2X2A25,NT,A,F,,,,,P1D,,,,"ESA 2010 Sectors: S.121, S.122, S.123, S.124, S.125, S.126, S.127, S.128, S.129",,0,,,,,S,"Euro short-term rate, Number of transactions","Euro short-term rate, Number of transactions - Unsecured - Overnight - Borrowing - Financial corporations",,_Z,0
2025-11-18,920,EST.B.EU000A2X2A25.NT,B,EU000A2X2A25,NT,A,F,,,,,P1D,,,,"ESA 2010 Sectors: S.121, S.122, S.123, S.124, S.125, S.126, S.127, S.128, S.129",,0,,,,,S,"Euro short-term rate, Number of transactions","Euro short-term rate, Number of transactions - Unsecured - Overnight - Borrowing - Financial corporations",,_Z,0
2025-11-19,915,EST.B.EU000A2X2A25.NT,B,EU000A2X2A25,NT,A,F,,,,,P1D,,,,"ESA 2010 Sectors: S.121, S.122, S.123, S.124, S.125, S.126, S.127, S.128, S.129",,0,,,,,S,"Euro short-term rate, Number of transactions","Euro short-term rate, Number of transactions - Unsecured - Overnight - Borrowing - Financial corporations",,_Z,0
2025-11-20,788,EST.B.EU000A2X2A25.NT,B,EU000A2X2A25,NT,A,F,,,,,P1D,,,,"ESA 2010 Sectors: S.121, S.122, S.123, S.124, S.125, S.126, S.127, S.128, S.129",,0,,,,,S,"Euro short-term rate, Number of transactions","Euro short-term rate, Number of transactions - Unsecured - Overnight - Borrowing - Financial corporations",,_Z,0
2025-11-21,864,EST.B.EU000A2X2A25.NT,B,EU000A2X2A25,NT,A,F,,,,,P1D,,,,"ESA 2010 Sectors: S.121, S.122, S.123, S.124, S.125, S.126, S.127, S.128, S.129",,0,,,,,S,"Euro short-term rate, Number of transactions","Euro short-term rate, Number of transactions - Unsecured - Overnight - Borrowing - Financial corporations",,_Z,0
2025-11-24,865,EST.B.EU000A2X2A25.NT,B,EU000A2X2A25,NT,A,F,,,,,P1D,,,,"ESA 2010 Sectors: S.121, S.122, S.123, S.124, S.125, S.126, S.127, S.128, S.129",,0,,,,,S,"Euro short-term rate, Number of transactions","Euro short-term rate, Number of transactions - Unsecured - Overnight - Borrowing - Financial corporations",,_Z,0
2025-11-25,839,EST.B.EU000A2X2A25.NT,B,EU000A2X2A25,NT,A,F,,,,,P1D,,,,"ESA 2010 Sectors: S.121, S.122, S.123, S.124, S.125, S.126, S.127, S.128, S.129",,0,,,,,S,"Euro short-term rate, Number of transactions","Euro short-term rate, Number of transactions - Unsecured - Overnight - Borrowing - Financial corporations",,_Z,0
2025-11-26,899,EST.B.EU000A2X2A25.NT,B,EU000A2X2A25,NT,A,F,,,,,P1D,,,,"ESA 2010 Sectors: S.121, S.122, S.123, S.124, S.125, S.126, S.127, S.128, S.129",,0,,,,,S,"Euro short-term rate, Number of transactions","Euro short-term rate, Number of transactions - Unsecured - Overnight - Borrowing - Financial corporations",,_Z,0
2025-11-27,813,EST.B.EU000A2X2A25.NT,B,EU000A2X2A25,NT,A,F,,,,,P1D,,,,"ESA 2010 Sectors: S.121, S.122, S.123, S.124, S.125, S.126, S.127, S.128, S.129",,0,,,,,S,"Euro short-term rate, Number of transactions","Euro short-term rate, Number of transactions - Unsecured - Overnight - Borrowing - Financial corporations",,_Z,0
2025-11-28,775,EST.B.EU000A2X2A25.NT,B,EU000A2X2A25,NT,A,F,,,,,P1D,,,,"ESA 2010 Sectors: S.121, S.122, S.123, S.124, S.125, S.126, S.127, S.128, S.129",,0,,,,,S,"Euro short-term rate, Number of transactions","Euro short-term rate, Number of transactions - Unsecured - Overnight - Borrowing - Financial corporations",,_Z,0
2025-12-01,875,EST.B.EU000A2X2A25.NT,B,EU000A2X2A25,NT,A,F,,,,,P1D,,,,"ESA 2010 Sectors: S.121, S.122, S.123, S.124, S.125, S.126, S.127, S.128, S.129",,0,,,,,S,"Euro short-term rate, Number of transactions","Euro short-term rate, Number of transactions - Unsecured - Overnight - Borrowing - Financial corporations",,_Z,0
2025-12-02,910,EST.B.EU000A2X2A25.NT,B,EU000A2X2A25,NT,A,F,,,,,P1D,,,,"ESA 2010 Sectors: S.121, S.122, S.123, S.124, S.125, S.126, S.127, S.128, S.129",,0,,,,,S,"Euro short-term rate, Number of transactions","Euro short-term rate, Number of transactions - Unsecured - Overnight - Borrowing - Financial corporations",,_Z,0
2025-12-03,874,EST.B.EU000A2X2A25.NT,B,EU000A2X2A25,NT,A,F,,,,,P1D,,,,"ESA 2010 Sectors: S.121, S.122, S.123, S.124, S.125, S.126, S.127, S.128, S.129",,0,,,,,S,"Euro short-term rate, Number of transactions","Euro short-term rate, Number of transactions - Unsecured - Overnight - Borrowing - Financial corporations",,_Z,0
2025-12-04,857,EST.B.EU000A2X2A25.NT,B,EU000A2X2A25,NT,A,F,,,,,P1D,,,,"ESA 2010 Sectors: S.121, S.122, S.123, S.124, S.125, S.126, S.127, S.128, S.129",,0,,,,,S,"Euro short-term rate, Number of transactions","Euro short-term rate, Number of transactions - Unsecured - Overnight - Borrowing - Financial corporations",,_Z,0
2025-12-05,802,EST.B.EU000A2X2A25.NT,B,EU000A2X2A25,NT,A,F,,,,,P1D,,,,"ESA 2010 Sectors: S.121, S.122, S.123, S.124, S.125, S.126, S.127, S.128, S.129",,0,,,,,S,"Euro short-term rate, Number of transactions","Euro short-term rate, Number of transactions - Unsecured - Overnight - Borrowing - Financial corporations",,_Z,0
2025-12-08,829,EST.B.EU000A2X2A25.NT,B,EU000A2X2A25,NT,A,F,,,,,P1D,,,,"ESA 2010 Sectors: S.121, S.122, S.123, S.124, S.125, S.126, S.127, S.128, S.129",,0,,,,,S,"Euro short-term rate, Number of transactions","Euro short-term rate, Number of transactions - Unsecured - Overnight - Borrowing - Financial corporations",,_Z,0
2025-12-09,869,EST.B.EU000A2X2A25.NT,B,EU000A2X2A25,NT,A,F,,,,,P1D,,,,"ESA 2010 Sectors: S.121, S.122, S.123, S.124, S.125, S.126, S.127, S.128, S.129",,0,,,,,S,"Euro short-term rate, Number of transactions","Euro short-term rate, Number of transactions - Unsecured - Overnight - Borrowing - Financial corporations",,_Z,0
2025-12-10,878,EST.B.EU000A2X2A25.NT,B,EU000A2X2A25,NT,A,F,,,,,P1D,,,,"ESA 2010 Sectors: S.121, S.122, S.123, S.124, S.125, S.126, S.127, S.128, S.129",,0,,,,,S,"Euro short-term rate, Number of transactions","Euro short-term rate, Number of transactions - Unsecured - Overnight - Borrowing - Financial corporations",,_Z,0
2025-12-11,859,EST.B.EU000A2X2A25.NT,B,EU000A2X2A25,NT,A,F,,,,,P1D,,,,"ESA 2010 Sectors: S.121, S.122, S.123, S.124, S.125, S.126, S.127, S.128, S.129",,0,,,,,S,"Euro short-term rate, Number of transactions","Euro short-term rate, Number of transactions - Unsecured - Overnight - Borrowing - Financial corporations",,_Z,0
2025-12-12,872,EST.B.EU000A2X2A25.NT,B,EU000A2X2A25,NT,A,F,,,,,P1D,,,,"ESA 2010 Sectors: S.121, S.122, S.123, S.124, S.125, S.126, S.127, S.128, S.129",,0,,,,,S,"Euro short-term rate, Number of transactions","Euro short-term rate, Number of transactions - Unsecured - Overnight - Borrowing - Financial corporations",,_Z,0
2025-12-15,856,EST.B.EU000A2X2A25.NT,B,EU000A2X2A25,NT,A,F,,,,,P1D,,,,"ESA 2010 Sectors: S.121, S.122, S.123, S.124, S.125, S.126, S.127, S.128, S.129",,0,,,,,S,"Euro short-term rate, Number of transactions","Euro short-term rate, Number of transactions - Unsecured - Overnight - Borrowing - Financial corporations",,_Z,0
2025-12-16,863,EST.B.EU000A2X2A25.NT,B,EU000A2X2A25,NT,A,F,,,,,P1D,,,,"ESA 2010 Sectors: S.121, S.122, S.123, S.124, S.125, S.126, S.127, S.128, S.129",,0,,,,,S,"Euro short-term rate, Number of transactions","Euro short-term rate, Number of transactions - Unsecured - Overnight - Borrowing - Financial corporations",,_Z,0
2025-12-17,879,EST.B.EU000A2X2A25.NT,B,EU000A2X2A25,NT,A,F,,,,,P1D,,,,"ESA 2010 Sectors: S.121, S.122, S.123, S.124, S.125, S.126, S.127, S.128, S.129",,0,,,,,S,"Euro short-term rate, Number of transactions","Euro short-term rate, Number of transactions - Unsecured - Overnight - Borrowing - Financial corporations",,_Z,0
2025-12-18,849,EST.B.EU000A2X2A25.NT,B,EU000A2X2A25,NT,A,F,,,,,P1D,,,,"ESA 2010 Sectors: S.121, S.122, S.123, S.124, S.125, S.126, S.127, S.128, S.129",,0,,,,,S,"Euro short-term rate, Number of transactions","Euro short-term rate, Number of transactions - Unsecured - Overnight - Borrowing - Financial corporations",,_Z,0
2025-12-19,881,EST.B.EU000A2X2A25.NT,B,EU000A2X2A25,NT,A,F,,,,,P1D,,,,"ESA 2010 Sectors: S.121, S.122, S.123, S.124, S.125, S.126, S.127, S.128, S.129",,0,,,,,S,"Euro short-term rate, Number of transactions","Euro short-term rate, Number of transactions - Unsecured - Overnight - Borrowing - Financial corporations",,_Z,0
2025-12-22,890,EST.B.EU000A2X2A25.NT,B,EU000A2X2A25,NT,A,F,,,,,P1D,,,,"ESA 2010 Sectors: S.121, S.122, S.123, S.124, S.125, S.126, S.127, S.128, S.129",,0,,,,,S,"Euro short-term rate, Number of transactions","Euro short-term rate, Number of transactions - Unsecured - Overnight - Borrowing - Financial corporations",,_Z,0
2025-12-23,589,EST.B.EU000A2X2A25.NT,B,EU000A2X2A25,NT,A,F,,,,,P1D,,,,"ESA 2010 Sectors: S.121, S.122, S.123, S.124, S.125, S.126, S.127, S.128, S.129",,0,,,,,S,"Euro short-term rate, Number of transactions","Euro short-term rate, Number of transactions - Unsecured - Overnight - Borrowing - Financial corporations",,_Z,0
2025-12-24,475,EST.B.EU000A2X2A25.NT,B,EU000A2X2A25,NT,A,F,,,,,P1D,,,,"ESA 2010 Sectors: S.121, S.122, S.123, S.124, S.125, S.126, S.127, S.128, S.129",,0,,,,,S,"Euro short-term rate, Number of transactions","Euro short-term rate, Number of transactions - Unsecured - Overnight - Borrowing - Financial corporations",,_Z,0
2025-12-29,808,EST.B.EU000A2X2A25.NT,B,EU000A2X2A25,NT,A,F,,,,,P1D,,,,"ESA 2010 Sectors: S.121, S.122, S.123, S.124, S.125, S.126, S.127, S.128, S.129",,0,,,,,S,"Euro short-term rate, Number of transactions","Euro short-term rate, Number of transactions - Unsecured - Overnight - Borrowing - Financial corporations",,_Z,0
2025-12-30,660,EST.B.EU000A2X2A25.NT,B,EU000A2X2A25,NT,A,F,,,,,P1D,,,,"ESA 2010 Sectors: S.121, S.122, S.123, S.124, S.125, S.126, S.127, S.128, S.129",,0,,,,,S,"Euro short-term rate, Number of transactions","Euro short-term rate, Number of transactions - Unsecured - Overnight - Borrowing - Financial corporations",,_Z,0
2025-12-31,416,EST.B.EU000A2X2A25.NT,B,EU000A2X2A25,NT,A,F,,,,,P1D,,,,"ESA 2010 Sectors: S.121, S.122, S.123, S.124, S.125, S.126, S.127, S.128, S.129",,0,,,,,S,"Euro short-term rate, Number of transactions","Euro short-term rate, Number of transactions - Unsecured - Overnight - Borrowing - Financial corporations",,_Z,0
2026-01-02,668,EST.B.EU000A2X2A25.NT,B,EU000A2X2A25,NT,A,F,,,,,P1D,,,,"ESA 2010 Sectors: S.121, S.122, S.123, S.124, S.125, S.126, S.127, S.128, S.129",,0,,,,,S,"Euro short-term rate, Number of transactions","Euro short-term rate, Number of transactions - Unsecured - Overnight - Borrowing - Financial corporations",,_Z,0
2026-01-05,669,EST.B.EU000A2X2A25.NT,B,EU000A2X2A25,NT,A,F,,,,,P1D,,,,"ESA 2010 Sectors: S.121, S.122, S.123, S.124, S.125, S.126, S.127, S.128, S.129",,0,,,,,S,"Euro short-term rate, Number of transactions","Euro short-term rate, Number of transactions - Unsecured - Overnight - Borrowing - Financial corporations",,_Z,0
2026-01-06,647,EST.B.EU000A2X2A25.NT,B,EU000A2X2A25,NT,A,F,,,,,P1D,,,,"ESA 2010 Sectors: S.121, S.122, S.123, S.124, S.125, S.126, S.127, S.128, S.129",,0,,,,,S,"Euro short-term rate, Number of transactions","Euro short-term rate, Number of transactions - Unsecured - Overnight - Borrowing - Financial corporations",,_Z,0
2026-01-07,782,EST.B.EU000A2X2A25.NT,B,EU000A2X2A25,NT,A,F,,,,,P1D,,,,"ESA 2010 Sectors: S.121, S.122, S.123, S.124, S.125, S.126, S.127, S.128, S.129",,0,,,,,S,"Euro short-term rate, Number of transactions","Euro short-term rate, Number of transactions - Unsecured - Overnight - Borrowing - Financial corporations",,_Z,0
2026-01-08,783,EST.B.EU000A2X2A25.NT,B,EU000A2X2A25,NT,A,F,,,,,P1D,,,,"ESA 2010 Sectors: S.121, S.122, S.123, S.124, S.125, S.126, S.127, S.128, S.129",,0,,,,,S,"Euro short-term rate, Number of transactions","Euro short-term rate, Number of transactions - Unsecured - Overnight - Borrowing - Financial corporations",,_Z,0
2026-01-09,826,EST.B.EU000A2X2A25.NT,B,EU000A2X2A25,NT,A,F,,,,,P1D,,,,"ESA 2010 Sectors: S.121, S.122, S.123, S.124, S.125, S.126, S.127, S.128, S.129",,0,,,,,S,"Euro short-term rate, Number of transactions","Euro short-term rate, Number of transactions - Unsecured - Overnight - Borrowing - Financial corporations",,_Z,0
2026-01-12,861,EST.B.EU000A2X2A25.NT,B,EU000A2X2A25,NT,A,F,,,,,P1D,,,,"ESA 2010 Sectors: S.121, S.122, S.123, S.124, S.125, S.126, S.127, S.128, S.129",,0,,,,,S,"Euro short-term rate, Number of transactions","Euro short-term rate, Number of transactions - Unsecured - Overnight - Borrowing - Financial corporations",,_Z,0
2026-01-13,884,EST.B.EU000A2X2A25.NT,B,EU000A2X2A25,NT,A,F,,,,,P1D,,,,"ESA 2010 Sectors: S.121, S.122, S.123, S.124, S.125, S.126, S.127, S.128, S.129",,0,,,,,S,"Euro short-term rate, Number of transactions","Euro short-term rate, Number of transactions - Unsecured - Overnight - Borrowing - Financial corporations",,_Z,0
2026-01-14,890,EST.B.EU000A2X2A25.NT,B,EU000A2X2A25,NT,A,F,,,,,P1D,,,,"ESA 2010 Sectors: S.121, S.122, S.123, S.124, S.125, S.126, S.127, S.128, S.129",,0,,,,,S,"Euro short-term rate, Number of transactions","Euro short-term rate, Number of transactions - Unsecured - Overnight - Borrowing - Financial corporations",,_Z,0
2026-01-15,839,EST.B.EU000A2X2A25.NT,B,EU000A2X2A25,NT,A,F,,,,,P1D,,,,"ESA 2010 Sectors: S.121, S.122, S.123, S.124, S.125, S.126, S.127, S.128, S.129",,0,,,,,S,"Euro short-term rate, Number of transactions","Euro short-term rate, Number of transactions - Unsecured - Overnight - Borrowing - Financial corporations",,_Z,0
2026-01-16,850,EST.B.EU000A2X2A25.NT,B,EU000A2X2A25,NT,A,F,,,,,P1D,,,,"ESA 2010 Sectors: S.121, S.122, S.123, S.124, S.125, S.126, S.127, S.128, S.129",,0,,,,,S,"Euro short-term rate, Number of transactions","Euro short-term rate, Number of transactions - Unsecured - Overnight - Borrowing - Financial corporations",,_Z,0
2026-01-19,888,EST.B.EU000A2X2A25.NT,B,EU000A2X2A25,NT,A,F,,,,,P1D,,,,"ESA 2010 Sectors: S.121, S.122, S.123, S.124, S.125, S.126, S.127, S.128, S.129",,0,,,,,S,"Euro short-term rate, Number of transactions","Euro short-term rate, Number of transactions - Unsecured - Overnight - Borrowing - Financial corporations",,_Z,0
2026-01-20,870,EST.B.EU000A2X2A25.NT,B,EU000A2X2A25,NT,A,F,,,,,P1D,,,,"ESA 2010 Sectors: S.121, S.122, S.123, S.124, S.125, S.126, S.127, S.128, S.129",,0,,,,,S,"Euro short-term rate, Number of transactions","Euro short-term rate, Number of transactions - Unsecured - Overnight - Borrowing - Financial corporations",,_Z,0
2026-01-21,863,EST.B.EU000A2X2A25.NT,B,EU000A2X2A25,NT,A,F,,,,,P1D,,,,"ESA 2010 Sectors: S.121, S.122, S.123, S.124, S.125, S.126, S.127, S.128, S.129",,0,,,,,S,"Euro short-term rate, Number of transactions","Euro short-term rate, Number of transactions - Unsecured - Overnight - Borrowing - Financial corporations",,_Z,0
2026-01-22,819,EST.B.EU000A2X2A25.NT,B,EU000A2X2A25,NT,A,F,,,,,P1D,,,,"ESA 2010 Sectors: S.121, S.122, S.123, S.124, S.125, S.126, S.127, S.128, S.129",,0,,,,,S,"Euro short-term rate, Number of transactions","Euro short-term rate, Number of transactions - Unsecured - Overnight - Borrowing - Financial corporations",,_Z,0
2026-01-23,826,EST.B.EU000A2X2A25.NT,B,EU000A2X2A25,NT,A,F,,,,,P1D,,,,"ESA 2010 Sectors: S.121, S.122, S.123, S.124, S.125, S.126, S.127, S.128, S.129",,0,,,,,S,"Euro short-term rate, Number of transactions","Euro short-term rate, Number of transactions - Unsecured - Overnight - Borrowing - Financial corporations",,_Z,0
2026-01-26,833,EST.B.EU000A2X2A25.NT,B,EU000A2X2A25,NT,A,F,,,,,P1D,,,,"ESA 2010 Sectors: S.121, S.122, S.123, S.124, S.125, S.126, S.127, S.128, S.129",,0,,,,,S,"Euro short-term rate, Number of transactions","Euro short-term rate, Number of transactions - Unsecured - Overnight - Borrowing - Financial corporations",,_Z,0
2026-01-27,834,EST.B.EU000A2X2A25.NT,B,EU000A2X2A25,NT,A,F,,,,,P1D,,,,"ESA 2010 Sectors: S.121, S.122, S.123, S.124, S.125, S.126, S.127, S.128, S.129",,0,,,,,S,"Euro short-term rate, Number of transactions","Euro short-term rate, Number of transactions - Unsecured - Overnight - Borrowing - Financial corporations",,_Z,0
2026-01-28,829,EST.B.EU000A2X2A25.NT,B,EU000A2X2A25,NT,A,F,,,,,P1D,,,,"ESA 2010 Sectors: S.121, S.122, S.123, S.124, S.125, S.126, S.127, S.128, S.129",,0,,,,,S,"Euro short-term rate, Number of transactions","Euro short-term rate, Number of transactions - Unsecured - Overnight - Borrowing - Financial corporations",,_Z,0
2026-01-29,825,EST.B.EU000A2X2A25.NT,B,EU000A2X2A25,NT,A,F,,,,,P1D,,,,"ESA 2010 Sectors: S.121, S.122, S.123, S.124, S.125, S.126, S.127, S.128, S.129",,0,,,,,S,"Euro short-term rate, Number of transactions","Euro short-term rate, Number of transactions - Unsecured - Overnight - Borrowing - Financial corporations",,_Z,0
2026-01-30,745,EST.B.EU000A2X2A25.NT,B,EU000A2X2A25,NT,A,F,,,,,P1D,,,,"ESA 2010 Sectors: S.121, S.122, S.123, S.124, S.125, S.126, S.127, S.128, S.129",,0,,,,,S,"Euro short-term rate, Number of transactions","Euro short-term rate, Number of transactions - Unsecured - Overnight - Borrowing - Financial corporations",,_Z,0
2026-02-02,809,EST.B.EU000A2X2A25.NT,B,EU000A2X2A25,NT,A,F,,,,,P1D,,,,"ESA 2010 Sectors: S.121, S.122, S.123, S.124, S.125, S.126, S.127, S.128, S.129",,0,,,,,S,"Euro short-term rate, Number of transactions","Euro short-term rate, Number of transactions - Unsecured - Overnight - Borrowing - Financial corporations",,_Z,0
2026-02-03,857,EST.B.EU000A2X2A25.NT,B,EU000A2X2A25,NT,A,F,,,,,P1D,,,,"ESA 2010 Sectors: S.121, S.122, S.123, S.124, S.125, S.126, S.127, S.128, S.129",,0,,,,,S,"Euro short-term rate, Number of transactions","Euro short-term rate, Number of transactions - Unsecured - Overnight - Borrowing - Financial corporations",,_Z,0
2026-02-04,834,EST.B.EU000A2X2A25.NT,B,EU000A2X2A25,NT,A,F,,,,,P1D,,,,"ESA 2010 Sectors: S.121, S.122, S.123, S.124, S.125, S.126, S.127, S.128, S.129",,0,,,,,S,"Euro short-term rate, Number of transactions","Euro short-term rate, Number of transactions - Unsecured - Overnight - Borrowing - Financial corporations",,_Z,0
2026-02-05,844,EST.B.EU000A2X2A25.NT,B,EU000A2X2A25,NT,A,F,,,,,P1D,,,,"ESA 2010 Sectors: S.121, S.122, S.123, S.124, S.125, S.126, S.127, S.128, S.129",,0,,,,,S,"Euro short-term rate, Number of transactions","Euro short-term rate, Number of transactions - Unsecured - Overnight - Borrowing - Financial corporations",,_Z,0
2026-02-06,867,EST.B.EU000A2X2A25.NT,B,EU000A2X2A25,NT,A,F,,,,,P1D,,,,"ESA 2010 Sectors: S.121, S.122, S.123, S.124, S.125, S.126, S.127, S.128, S.129",,0,,,,,S,"Euro short-term rate, Number of transactions","Euro short-term rate, Number of transactions - Unsecured - Overnight - Borrowing - Financial corporations",,_Z,0
2026-02-09,873,EST.B.EU000A2X2A25.NT,B,EU000A2X2A25,NT,A,F,,,,,P1D,,,,"ESA 2010 Sectors: S.121, S.122, S.123, S.124, S.125, S.126, S.127, S.128, S.129",,0,,,,,S,"Euro short-term rate, Number of transactions","Euro short-term rate, Number of transactions - Unsecured - Overnight - Borrowing - Financial corporations",,_Z,0
2026-02-10,860,EST.B.EU000A2X2A25.NT,B,EU000A2X2A25,NT,A,F,,,,,P1D,,,,"ESA 2010 Sectors: S.121, S.122, S.123, S.124, S.125, S.126, S.127, S.128, S.129",,0,,,,,S,"Euro short-term rate, Number of transactions","Euro short-term rate, Number of transactions - Unsecured - Overnight - Borrowing - Financial corporations",,_Z,0
2026-02-11,834,EST.B.EU000A2X2A25.NT,B,EU000A2X2A25,NT,A,F,,,,,P1D,,,,"ESA 2010 Sectors: S.121, S.122, S.123, S.124, S.125, S.126, S.127, S.128, S.129",,0,,,,,S,"Euro short-term rate, Number of transactions","Euro short-term rate, Number of transactions - Unsecured - Overnight - Borrowing - Financial corporations",,_Z,0
2026-02-12,819,EST.B.EU000A2X2A25.NT,B,EU000A2X2A25,NT,A,F,,,,,P1D,,,,"ESA 2010 Sectors: S.121, S.122, S.123, S.124, S.125, S.126, S.127, S.128, S.129",,0,,,,,S,"Euro short-term rate, Number of transactions","Euro short-term rate, Number of transactions - Unsecured - Overnight - Borrowing - Financial corporations",,_Z,0
2026-02-13,843,EST.B.EU000A2X2A25.NT,B,EU000A2X2A25,NT,A,F,,,,,P1D,,,,"ESA 2010 Sectors: S.121, S.122, S.123, S.124, S.125, S.126, S.127, S.128, S.129",,0,,,,,S,"Euro short-term rate, Number of transactions","Euro short-term rate, Number of transactions - Unsecured - Overnight - Borrowing - Financial corporations",,_Z,0
2026-02-16,834,EST.B.EU000A2X2A25.NT,B,EU000A2X2A25,NT,A,F,,,,,P1D,,,,"ESA 2010 Sectors: S.121, S.122, S.123, S.124, S.125, S.126, S.127, S.128, S.129",,0,,,,,S,"Euro short-term rate, Number of transactions","Euro short-term rate, Number of transactions - Unsecured - Overnight - Borrowing - Financial corporations",,_Z,0
2026-02-17,837,EST.B.EU000A2X2A25.NT,B,EU000A2X2A25,NT,A,F,,,,,P1D,,,,"ESA 2010 Sectors: S.121, S.122, S.123, S.124, S.125, S.126, S.127, S.128, S.129",,0,,,,,S,"Euro short-term rate, Number of transactions","Euro short-term rate, Number of transactions - Unsecured - Overnight - Borrowing - Financial corporations",,_Z,0
2026-02-18,856,EST.B.EU000A2X2A25.NT,B,EU000A2X2A25,NT,A,F,,,,,P1D,,,,"ESA 2010 Sectors: S.121, S.122, S.123, S.124, S.125, S.126, S.127, S.128, S.129",,0,,,,,S,"Euro short-term rate, Number of transactions","Euro short-term rate, Number of transactions - Unsecured - Overnight - Borrowing - Financial corporations",,_Z,0
2026-02-19,851,EST.B.EU000A2X2A25.NT,B,EU000A2X2A25,NT,A,F,,,,,P1D,,,,"ESA 2010 Sectors: S.121, S.122, S.123, S.124, S.125, S.126, S.127, S.128, S.129",,0,,,,,S,"Euro short-term rate, Number of transactions","Euro short-term rate, Number of transactions - Unsecured - Overnight - Borrowing - Financial corporations",,_Z,0
2026-02-20,815,EST.B.EU000A2X2A25.NT,B,EU000A2X2A25,NT,A,F,,,,,P1D,,,,"ESA 2010 Sectors: S.121, S.122, S.123, S.124, S.125, S.126, S.127, S.128, S.129",,0,,,,,S,"Euro short-term rate, Number of transactions","Euro short-term rate, Number of transactions - Unsecured - Overnight - Borrowing - Financial corporations",,_Z,0
2026-02-23,850,EST.B.EU000A2X2A25.NT,B,EU000A2X2A25,NT,A,F,,,,,P1D,,,,"ESA 2010 Sectors: S.121, S.122, S.123, S.124, S.125, S.126, S.127, S.128, S.129",,0,,,,,S,"Euro short-term rate, Number of transactions","Euro short-term rate, Number of transactions - Unsecured - Overnight - Borrowing - Financial corporations",,_Z,0
2026-02-24,881,EST.B.EU000A2X2A25.NT,B,EU000A2X2A25,NT,A,F,,,,,P1D,,,,"ESA 2010 Sectors: S.121, S.122, S.123, S.124, S.125, S.126, S.127, S.128, S.129",,0,,,,,S,"Euro short-term rate, Number of transactions","Euro short-term rate, Number of transactions - Unsecured - Overnight - Borrowing - Financial corporations",,_Z,0
2026-02-25,862,EST.B.EU000A2X2A25.NT,B,EU000A2X2A25,NT,A,F,,,,,P1D,,,,"ESA 2010 Sectors: S.121, S.122, S.123, S.124, S.125, S.126, S.127, S.128, S.129",,0,,,,,S,"Euro short-term rate, Number of transactions","Euro short-term rate, Number of transactions - Unsecured - Overnight - Borrowing - Financial corporations",,_Z,0
2026-02-26,823,EST.B.EU000A2X2A25.NT,B,EU000A2X2A25,NT,A,F,,,,,P1D,,,,"ESA 2010 Sectors: S.121, S.122, S.123, S.124, S.125, S.126, S.127, S.128, S.129",,0,,,,,S,"Euro short-term rate, Number of transactions","Euro short-term rate, Number of transactions - Unsecured - Overnight - Borrowing - Financial corporations",,_Z,0
2026-02-27,766,EST.B.EU000A2X2A25.NT,B,EU000A2X2A25,NT,A,F,,,,,P1D,,,,"ESA 2010 Sectors: S.121, S.122, S.123, S.124, S.125, S.126, S.127, S.128, S.129",,0,,,,,S,"Euro short-term rate, Number of transactions","Euro short-term rate, Number of transactions - Unsecured - Overnight - Borrowing - Financial corporations",,_Z,0
2026-03-02,866,EST.B.EU000A2X2A25.NT,B,EU000A2X2A25,NT,A,F,,,,,P1D,,,,"ESA 2010 Sectors: S.121, S.122, S.123, S.124, S.125, S.126, S.127, S.128, S.129",,0,,,,,S,"Euro short-term rate, Number of transactions","Euro short-term rate, Number of transactions - Unsecured - Overnight - Borrowing - Financial corporations",,_Z,0
2026-03-03,890,EST.B.EU000A2X2A25.NT,B,EU000A2X2A25,NT,A,F,,,,,P1D,,,,"ESA 2010 Sectors: S.121, S.122, S.123, S.124, S.125, S.126, S.127, S.128, S.129",,0,,,,,S,"Euro short-term rate, Number of transactions","Euro short-term rate, Number of transactions - Unsecured - Overnight - Borrowing - Financial corporations",,_Z,0
2026-03-04,902,EST.B.EU000A2X2A25.NT,B,EU000A2X2A25,NT,A,F,,,,,P1D,,,,"ESA 2010 Sectors: S.121, S.122, S.123, S.124, S.125, S.126, S.127, S.128, S.129",,0,,,,,S,"Euro short-term rate, Number of transactions","Euro short-term rate, Number of transactions - Unsecured - Overnight - Borrowing - Financial corporations",,_Z,0
2026-03-05,882,EST.B.EU000A2X2A25.NT,B,EU000A2X2A25,NT,A,F,,,,,P1D,,,,"ESA 2010 Sectors: S.121, S.122, S.123, S.124, S.125, S.126, S.127, S.128, S.129",,0,,,,,S,"Euro short-term rate, Number of transactions","Euro short-term rate, Number of transactions - Unsecured - Overnight - Borrowing - Financial corporations",,_Z,0
2026-03-06,847,EST.B.EU000A2X2A25.NT,B,EU000A2X2A25,NT,A,F,,,,,P1D,,,,"ESA 2010 Sectors: S.121, S.122, S.123, S.124, S.125, S.126, S.127, S.128, S.129",,0,,,,,S,"Euro short-term rate, Number of transactions","Euro short-term rate, Number of transactions - Unsecured - Overnight - Borrowing - Financial corporations",,_Z,0
2026-03-09,891,EST.B.EU000A2X2A25.NT,B,EU000A2X2A25,NT,A,F,,,,,P1D,,,,"ESA 2010 Sectors: S.121, S.122, S.123, S.124, S.125, S.126, S.127, S.128, S.129",,0,,,,,S,"Euro short-term rate, Number of transactions","Euro short-term rate, Number of transactions - Unsecured - Overnight - Borrowing - Financial corporations",,_Z,0
2026-03-10,892,EST.B.EU000A2X2A25.NT,B,EU000A2X2A25,NT,A,F,,,,,P1D,,,,"ESA 2010 Sectors: S.121, S.122, S.123, S.124, S.125, S.126, S.127, S.128, S.129",,0,,,,,S,"Euro short-term rate, Number of transactions","Euro short-term rate, Number of transactions - Unsecured - Overnight - Borrowing - Financial corporations",,_Z,0
2026-03-11,904,EST.B.EU000A2X2A25.NT,B,EU000A2X2A25,NT,A,F,,,,,P1D,,,,"ESA 2010 Sectors: S.121, S.122, S.123, S.124, S.125, S.126, S.127, S.128, S.129",,0,,,,,S,"Euro short-term rate, Number of transactions","Euro short-term rate, Number of transactions - Unsecured - Overnight - Borrowing - Financial corporations",,_Z,0
2026-03-12,873,EST.B.EU000A2X2A25.NT,B,EU000A2X2A25,NT,A,F,,,,,P1D,,,,"ESA 2010 Sectors: S.121, S.122, S.123, S.124, S.125, S.126, S.127, S.128, S.129",,0,,,,,S,"Euro short-term rate, Number of transactions","Euro short-term rate, Number of transactions - Unsecured - Overnight - Borrowing - Financial corporations",,_Z,0
2026-03-13,883,EST.B.EU000A2X2A25.NT,B,EU000A2X2A25,NT,A,F,,,,,P1D,,,,"ESA 2010 Sectors: S.121, S.122, S.123, S.124, S.125, S.126, S.127, S.128, S.129",,0,,,,,S,"Euro short-term rate, Number of transactions","Euro short-term rate, Number of transactions - Unsecured - Overnight - Borrowing - Financial corporations",,_Z,0
2026-03-16,858,EST.B.EU000A2X2A25.NT,B,EU000A2X2A25,NT,A,F,,,,,P1D,,,,"ESA 2010 Sectors: S.121, S.122, S.123, S.124, S.125, S.126, S.127, S.128, S.129",,0,,,,,S,"Euro short-term rate, Number of transactions","Euro short-term rate, Number of transactions - Unsecured - Overnight - Borrowing - Financial corporations",,_Z,0
2026-03-17,880,EST.B.EU000A2X2A25.NT,B,EU000A2X2A25,NT,A,F,,,,,P1D,,,,"ESA 2010 Sectors: S.121, S.122, S.123, S.124, S.125, S.126, S.127, S.128, S.129",,0,,,,,S,"Euro short-term rate, Number of transactions","Euro short-term rate, Number of transactions - Unsecured - Overnight - Borrowing - Financial corporations",,_Z,0
2026-03-18,890,EST.B.EU000A2X2A25.NT,B,EU000A2X2A25,NT,A,F,,,,,P1D,,,,"ESA 2010 Sectors: S.121, S.122, S.123, S.124, S.125, S.126, S.127, S.128, S.129",,0,,,,,S,"Euro short-term rate, Number of transactions","Euro short-term rate, Number of transactions - Unsecured - Overnight - Borrowing - Financial corporations",,_Z,0
2026-03-19,794,EST.B.EU000A2X2A25.NT,B,EU000A2X2A25,NT,A,F,,,,,P1D,,,,"ESA 2010 Sectors: S.121, S.122, S.123, S.124, S.125, S.126, S.127, S.128, S.129",,0,,,,,S,"Euro short-term rate, Number of transactions","Euro short-term rate, Number of transactions - Unsecured - Overnight - Borrowing - Financial corporations",,_Z,0
2026-03-20,767,EST.B.EU000A2X2A25.NT,B,EU000A2X2A25,NT,A,F,,,,,P1D,,,,"ESA 2010 Sectors: S.121, S.122, S.123, S.124, S.125, S.126, S.127, S.128, S.129",,0,,,,,S,"Euro short-term rate, Number of transactions","Euro short-term rate, Number of transactions - Unsecured - Overnight - Borrowing - Financial corporations",,_Z,0
2026-03-23,855,EST.B.EU000A2X2A25.NT,B,EU000A2X2A25,NT,A,F,,,,,P1D,,,,"ESA 2010 Sectors: S.121, S.122, S.123, S.124, S.125, S.126, S.127, S.128, S.129",,0,,,,,S,"Euro short-term rate, Number of transactions","Euro short-term rate, Number of transactions - Unsecured - Overnight - Borrowing - Financial corporations",,_Z,0
2026-03-24,860,EST.B.EU000A2X2A25.NT,B,EU000A2X2A25,NT,A,F,,,,,P1D,,,,"ESA 2010 Sectors: S.121, S.122, S.123, S.124, S.125, S.126, S.127, S.128, S.129",,0,,,,,S,"Euro short-term rate, Number of transactions","Euro short-term rate, Number of transactions - Unsecured - Overnight - Borrowing - Financial corporations",,_Z,0
2026-03-25,876,EST.B.EU000A2X2A25.NT,B,EU000A2X2A25,NT,A,F,,,,,P1D,,,,"ESA 2010 Sectors: S.121, S.122, S.123, S.124, S.125, S.126, S.127, S.128, S.129",,0,,,,,S,"Euro short-term rate, Number of transactions","Euro short-term rate, Number of transactions - Unsecured - Overnight - Borrowing - Financial corporations",,_Z,0
2026-03-26,905,EST.B.EU000A2X2A25.NT,B,EU000A2X2A25,NT,A,F,,,,,P1D,,,,"ESA 2010 Sectors: S.121, S.122, S.123, S.124, S.125, S.126, S.127, S.128, S.129",,0,,,,,S,"Euro short-term rate, Number of transactions","Euro short-term rate, Number of transactions - Unsecured - Overnight - Borrowing - Financial corporations",,_Z,0
2026-03-27,898,EST.B.EU000A2X2A25.NT,B,EU000A2X2A25,NT,A,F,,,,,P1D,,,,"ESA 2010 Sectors: S.121, S.122, S.123, S.124, S.125, S.126, S.127, S.128, S.129",,0,,,,,S,"Euro short-term rate, Number of transactions","Euro short-term rate, Number of transactions - Unsecured - Overnight - Borrowing - Financial corporations",,_Z,0
2026-03-30,919,EST.B.EU000A2X2A25.NT,B,EU000A2X2A25,NT,A,F,,,,,P1D,,,,"ESA 2010 Sectors: S.121, S.122, S.123, S.124, S.125, S.126, S.127, S.128, S.129",,0,,,,,S,"Euro short-term rate, Number of transactions","Euro short-term rate, Number of transactions - Unsecured - Overnight - Borrowing - Financial corporations",,_Z,0
2026-03-31,826,EST.B.EU000A2X2A25.NT,B,EU000A2X2A25,NT,A,F,,,,,P1D,,,,"ESA 2010 Sectors: S.121, S.122, S.123, S.124, S.125, S.126, S.127, S.128, S.129",,0,,,,,S,"Euro short-term rate, Number of transactions","Euro short-term rate, Number of transactions - Unsecured - Overnight - Borrowing - Financial corporations",,_Z,0
2026-04-01,946,EST.B.EU000A2X2A25.NT,B,EU000A2X2A25,NT,A,F,,,,,P1D,,,,"ESA 2010 Sectors: S.121, S.122, S.123, S.124, S.125, S.126, S.127, S.128, S.129",,0,,,,,S,"Euro short-term rate, Number of transactions","Euro short-term rate, Number of transactions - Unsecured - Overnight - Borrowing - Financial corporations",,_Z,0
2026-04-02,941,EST.B.EU000A2X2A25.NT,B,EU000A2X2A25,NT,A,F,,,,,P1D,,,,"ESA 2010 Sectors: S.121, S.122, S.123, S.124, S.125, S.126, S.127, S.128, S.129",,0,,,,,S,"Euro short-term rate, Number of transactions","Euro short-term rate, Number of transactions - Unsecured - Overnight - Borrowing - Financial corporations",,_Z,0
2026-04-07,907,EST.B.EU000A2X2A25.NT,B,EU000A2X2A25,NT,A,F,,,,,P1D,,,,"ESA 2010 Sectors: S.121, S.122, S.123, S.124, S.125, S.126, S.127, S.128, S.129",,0,,,,,S,"Euro short-term rate, Number of transactions","Euro short-term rate, Number of transactions - Unsecured - Overnight - Borrowing - Financial corporations",,_Z,0
2026-04-08,915,EST.B.EU000A2X2A25.NT,B,EU000A2X2A25,NT,A,F,,,,,P1D,,,,"ESA 2010 Sectors: S.121, S.122, S.123, S.124, S.125, S.126, S.127, S.128, S.129",,0,,,,,S,"Euro short-term rate, Number of transactions","Euro short-term rate, Number of transactions - Unsecured - Overnight - Borrowing - Financial corporations",,_Z,0
2026-04-09,799,EST.B.EU000A2X2A25.NT,B,EU000A2X2A25,NT,A,F,,,,,P1D,,,,"ESA 2010 Sectors: S.121, S.122, S.123, S.124, S.125, S.126, S.127, S.128, S.129",,0,,,,,S,"Euro short-term rate, Number of transactions","Euro short-term rate, Number of transactions - Unsecured - Overnight - Borrowing - Financial corporations",,_Z,0
2026-04-10,787,EST.B.EU000A2X2A25.NT,B,EU000A2X2A25,NT,A,F,,,,,P1D,,,,"ESA 2010 Sectors: S.121, S.122, S.123, S.124, S.125, S.126, S.127, S.128, S.129",,0,,,,,S,"Euro short-term rate, Number of transactions","Euro short-term rate, Number of transactions - Unsecured - Overnight - Borrowing - Financial corporations",,_Z,0
2026-04-13,804,EST.B.EU000A2X2A25.NT,B,EU000A2X2A25,NT,A,F,,,,,P1D,,,,"ESA 2010 Sectors: S.121, S.122, S.123, S.124, S.125, S.126, S.127, S.128, S.129",,0,,,,,S,"Euro short-term rate, Number of transactions","Euro short-term rate, Number of transactions - Unsecured - Overnight - Borrowing - Financial corporations",,_Z,0
2026-04-14,943,EST.B.EU000A2X2A25.NT,B,EU000A2X2A25,NT,A,F,,,,,P1D,,,,"ESA 2010 Sectors: S.121, S.122, S.123, S.124, S.125, S.126, S.127, S.128, S.129",,0,,,,,S,"Euro short-term rate, Number of transactions","Euro short-term rate, Number of transactions - Unsecured - Overnight - Borrowing - Financial corporations",,_Z,0
2026-04-15,956,EST.B.EU000A2X2A25.NT,B,EU000A2X2A25,NT,A,F,,,,,P1D,,,,"ESA 2010 Sectors: S.121, S.122, S.123, S.124, S.125, S.126, S.127, S.128, S.129",,0,,,,,S,"Euro short-term rate, Number of transactions","Euro short-term rate, Number of transactions - Unsecured - Overnight - Borrowing - Financial corporations",,_Z,0
2026-04-16,932,EST.B.EU000A2X2A25.NT,B,EU000A2X2A25,NT,A,F,,,,,P1D,,,,"ESA 2010 Sectors: S.121, S.122, S.123, S.124, S.125, S.126, S.127, S.128, S.129",,0,,,,,S,"Euro short-term rate, Number of transactions","Euro short-term rate, Number of transactions - Unsecured - Overnight - Borrowing - Financial corporations",,_Z,0
2026-04-17,904,EST.B.EU000A2X2A25.NT,B,EU000A2X2A25,NT,A,F,,,,,P1D,,,,"ESA 2010 Sectors: S.121, S.122, S.123, S.124, S.125, S.126, S.127, S.128, S.129",,0,,,,,S,"Euro short-term rate, Number of transactions","Euro short-term rate, Number of transactions - Unsecured - Overnight - Borrowing - Financial corporations",,_Z,0
2026-04-20,911,EST.B.EU000A2X2A25.NT,B,EU000A2X2A25,NT,A,F,,,,,P1D,,,,"ESA 2010 Sectors: S.121, S.122, S.123, S.124, S.125, S.126, S.127, S.128, S.129",,0,,,,,S,"Euro short-term rate, Number of transactions","Euro short-term rate, Number of transactions - Unsecured - Overnight - Borrowing - Financial corporations",,_Z,0
2026-04-21,924,EST.B.EU000A2X2A25.NT,B,EU000A2X2A25,NT,A,F,,,,,P1D,,,,"ESA 2010 Sectors: S.121, S.122, S.123, S.124, S.125, S.126, S.127, S.128, S.129",,0,,,,,S,"Euro short-term rate, Number of transactions","Euro short-term rate, Number of transactions - Unsecured - Overnight - Borrowing - Financial corporations",,_Z,0
2026-04-22,942,EST.B.EU000A2X2A25.NT,B,EU000A2X2A25,NT,A,F,,,,,P1D,,,,"ESA 2010 Sectors: S.121, S.122, S.123, S.124, S.125, S.126, S.127, S.128, S.129",,0,,,,,S,"Euro short-term rate, Number of transactions","Euro short-term rate, Number of transactions - Unsecured - Overnight - Borrowing - Financial corporations",,_Z,0
2026-04-23,880,EST.B.EU000A2X2A25.NT,B,EU000A2X2A25,NT,A,F,,,,,P1D,,,,"ESA 2010 Sectors: S.121, S.122, S.123, S.124, S.125, S.126, S.127, S.128, S.129",,0,,,,,S,"Euro short-term rate, Number of transactions","Euro short-term rate, Number of transactions - Unsecured - Overnight - Borrowing - Financial corporations",,_Z,0
2026-04-24,822,EST.B.EU000A2X2A25.NT,B,EU000A2X2A25,NT,A,F,,,,,P1D,,,,"ESA 2010 Sectors: S.121, S.122, S.123, S.124, S.125, S.126, S.127, S.128, S.129",,0,,,,,S,"Euro short-term rate, Number of transactions","Euro short-term rate, Number of transactions - Unsecured - Overnight - Borrowing - Financial corporations",,_Z,0
2026-04-27,911,EST.B.EU000A2X2A25.NT,B,EU000A2X2A25,NT,A,F,,,,,P1D,,,,"ESA 2010 Sectors: S.121, S.122, S.123, S.124, S.125, S.126, S.127, S.128, S.129",,0,,,,,S,"Euro short-term rate, Number of transactions","Euro short-term rate, Number of transactions - Unsecured - Overnight - Borrowing - Financial corporations",,_Z,0
2026-04-28,921,EST.B.EU000A2X2A25.NT,B,EU000A2X2A25,NT,A,F,,,,,P1D,,,,"ESA 2010 Sectors: S.121, S.122, S.123, S.124, S.125, S.126, S.127, S.128, S.129",,0,,,,,S,"Euro short-term rate, Number of transactions","Euro short-term rate, Number of transactions - Unsecured - Overnight - Borrowing - Financial corporations",,_Z,0
2026-04-29,882,EST.B.EU000A2X2A25.NT,B,EU000A2X2A25,NT,A,F,,,,,P1D,,,,"ESA 2010 Sectors: S.121, S.122, S.123, S.124, S.125, S.126, S.127, S.128, S.129",,0,,,,,S,"Euro short-term rate, Number of transactions","Euro short-term rate, Number of transactions - Unsecured - Overnight - Borrowing - Financial corporations",,_Z,0
2026-04-30,705,EST.B.EU000A2X2A25.NT,B,EU000A2X2A25,NT,A,F,,,,,P1D,,,,"ESA 2010 Sectors: S.121, S.122, S.123, S.124, S.125, S.126, S.127, S.128, S.129",,0,,,,,S,"Euro short-term rate, Number of transactions","Euro short-term rate, Number of transactions - Unsecured - Overnight - Borrowing - Financial corporations",,_Z,0
2026-05-04,783,EST.B.EU000A2X2A25.NT,B,EU000A2X2A25,NT,A,F,,,,,P1D,,,,"ESA 2010 Sectors: S.121, S.122, S.123, S.124, S.125, S.126, S.127, S.128, S.129",,0,,,,,S,"Euro short-term rate, Number of transactions","Euro short-term rate, Number of transactions - Unsecured - Overnight - Borrowing - Financial corporations",,_Z,0
2026-05-05,933,EST.B.EU000A2X2A25.NT,B,EU000A2X2A25,NT,A,F,,,,,P1D,,,,"ESA 2010 Sectors: S.121, S.122, S.123, S.124, S.125, S.126, S.127, S.128, S.129",,0,,,,,S,"Euro short-term rate, Number of transactions","Euro short-term rate, Number of transactions - Unsecured - Overnight - Borrowing - Financial corporations",,_Z,0
2026-05-06,894,EST.B.EU000A2X2A25.NT,B,EU000A2X2A25,NT,A,F,,,,,P1D,,,,"ESA 2010 Sectors: S.121, S.122, S.123, S.124, S.125, S.126, S.127, S.128, S.129",,0,,,,,S,"Euro short-term rate, Number of transactions","Euro short-term rate, Number of transactions - Unsecured - Overnight - Borrowing - Financial corporations",,_Z,0
2026-05-07,854,EST.B.EU000A2X2A25.NT,B,EU000A2X2A25,NT,A,F,,,,,P1D,,,,"ESA 2010 Sectors: S.121, S.122, S.123, S.124, S.125, S.126, S.127, S.128, S.129",,0,,,,,S,"Euro short-term rate, Number of transactions","Euro short-term rate, Number of transactions - Unsecured - Overnight - Borrowing - Financial corporations",,_Z,0
2026-05-08,840,EST.B.EU000A2X2A25.NT,B,EU000A2X2A25,NT,A,F,,,,,P1D,,,,"ESA 2010 Sectors: S.121, S.122, S.123, S.124, S.125, S.126, S.127, S.128, S.129",,0,,,,,S,"Euro short-term rate, Number of transactions","Euro short-term rate, Number of transactions - Unsecured - Overnight - Borrowing - Financial corporations",,_Z,0
2026-05-11,897,EST.B.EU000A2X2A25.NT,B,EU000A2X2A25,NT,A,F,,,,,P1D,,,,"ESA 2010 Sectors: S.121, S.122, S.123, S.124, S.125, S.126, S.127, S.128, S.129",,0,,,,,S,"Euro short-term rate, Number of transactions","Euro short-term rate, Number of transactions - Unsecured - Overnight - Borrowing - Financial corporations",,_Z,0
2026-05-12,926,EST.B.EU000A2X2A25.NT,B,EU000A2X2A25,NT,A,F,,,,,P1D,,,,"ESA 2010 Sectors: S.121, S.122, S.123, S.124, S.125, S.126, S.127, S.128, S.129",,0,,,,,S,"Euro short-term rate, Number of transactions","Euro short-term rate, Number of transactions - Unsecured - Overnight - Borrowing - Financial corporations",,_Z,0
2026-05-13,717,EST.B.EU000A2X2A25.NT,B,EU000A2X2A25,NT,A,F,,,,,P1D,,,,"ESA 2010 Sectors: S.121, S.122, S.123, S.124, S.125, S.126, S.127, S.128, S.129",,0,,,,,S,"Euro short-term rate, Number of transactions","Euro short-term rate, Number of transactions - Unsecured - Overnight - Borrowing - Financial corporations",,_Z,0
2026-05-14,564,EST.B.EU000A2X2A25.NT,B,EU000A2X2A25,NT,A,F,,,,,P1D,,,,"ESA 2010 Sectors: S.121, S.122, S.123, S.124, S.125, S.126, S.127, S.128, S.129",,0,,,,,S,"Euro short-term rate, Number of transactions","Euro short-term rate, Number of transactions - Unsecured - Overnight - Borrowing - Financial corporations",,_Z,0
2026-05-15,878,EST.B.EU000A2X2A25.NT,B,EU000A2X2A25,NT,A,F,,,,,P1D,,,,"ESA 2010 Sectors: S.121, S.122, S.123, S.124, S.125, S.126, S.127, S.128, S.129",,0,,,,,S,"Euro short-term rate, Number of transactions","Euro short-term rate, Number of transactions - Unsecured - Overnight - Borrowing - Financial corporations",,_Z,0
2026-05-18,928,EST.B.EU000A2X2A25.NT,B,EU000A2X2A25,NT,A,F,,,,,P1D,,,,"ESA 2010 Sectors: S.121, S.122, S.123, S.124, S.125, S.126, S.127, S.128, S.129",,0,,,,,S,"Euro short-term rate, Number of transactions","Euro short-term rate, Number of transactions - Unsecured - Overnight - Borrowing - Financial corporations",,_Z,0
2026-05-19,912,EST.B.EU000A2X2A25.NT,B,EU000A2X2A25,NT,A,F,,,,,P1D,,,,"ESA 2010 Sectors: S.121, S.122, S.123, S.124, S.125, S.126, S.127, S.128, S.129",,0,,,,,S,"Euro short-term rate, Number of transactions","Euro short-term rate, Number of transactions - Unsecured - Overnight - Borrowing - Financial corporations",,_Z,0
2026-05-20,900,EST.B.EU000A2X2A25.NT,B,EU000A2X2A25,NT,A,F,,,,,P1D,,,,"ESA 2010 Sectors: S.121, S.122, S.123, S.124, S.125, S.126, S.127, S.128, S.129",,0,,,,,S,"Euro short-term rate, Number of transactions","Euro short-term rate, Number of transactions - Unsecured - Overnight - Borrowing - Financial corporations",,_Z,0
2026-05-21,886,EST.B.EU000A2X2A25.NT,B,EU000A2X2A25,NT,A,F,,,,,P1D,,,,"ESA 2010 Sectors: S.121, S.122, S.123, S.124, S.125, S.126, S.127, S.128, S.129",,0,,,,,S,"Euro short-term rate, Number of transactions","Euro short-term rate, Number of transactions - Unsecured - Overnight - Borrowing - Financial corporations",,_Z,0
2026-05-22,570,EST.B.EU000A2X2A25.NT,B,EU000A2X2A25,NT,A,F,,,,,P1D,,,,"ESA 2010 Sectors: S.121, S.122, S.123, S.124, S.125, S.126, S.127, S.128, S.129",,0,,,,,S,"Euro short-term rate, Number of transactions","Euro short-term rate, Number of transactions - Unsecured - Overnight - Borrowing - Financial corporations",,_Z,0
2026-05-25,418,EST.B.EU000A2X2A25.NT,B,EU000A2X2A25,NT,A,F,,,,,P1D,,,,"ESA 2010 Sectors: S.121, S.122, S.123, S.124, S.125, S.126, S.127, S.128, S.129",,0,,,,,S,"Euro short-term rate, Number of transactions","Euro short-term rate, Number of transactions - Unsecured - Overnight - Borrowing - Financial corporations",,_Z,0
2026-05-26,809,EST.B.EU000A2X2A25.NT,B,EU000A2X2A25,NT,A,F,,,,,P1D,,,,"ESA 2010 Sectors: S.121, S.122, S.123, S.124, S.125, S.126, S.127, S.128, S.129",,0,,,,,S,"Euro short-term rate, Number of transactions","Euro short-term rate, Number of transactions - Unsecured - Overnight - Borrowing - Financial corporations",,_Z,0
2026-05-27,796,EST.B.EU000A2X2A25.NT,B,EU000A2X2A25,NT,A,F,,,,,P1D,,,,"ESA 2010 Sectors: S.121, S.122, S.123, S.124, S.125, S.126, S.127, S.128, S.129",,0,,,,,S,"Euro short-term rate, Number of transactions","Euro short-term rate, Number of transactions - Unsecured - Overnight - Borrowing - Financial corporations",,_Z,0
2026-05-28,827,EST.B.EU000A2X2A25.NT,B,EU000A2X2A25,NT,A,F,,,,,P1D,,,,"ESA 2010 Sectors: S.121, S.122, S.123, S.124, S.125, S.126, S.127, S.128, S.129",,0,,,,,S,"Euro short-term rate, Number of transactions","Euro short-term rate, Number of transactions - Unsecured - Overnight - Borrowing - Financial corporations",,_Z,0
2026-05-29,709,EST.B.EU000A2X2A25.NT,B,EU000A2X2A25,NT,A,F,,,,,P1D,,,,"ESA 2010 Sectors: S.121, S.122, S.123, S.124, S.125, S.126, S.127, S.128, S.129",,0,,,,,S,"Euro short-term rate, Number of transactions","Euro short-term rate, Number of transactions - Unsecured - Overnight - Borrowing - Financial corporations",,_Z,0
2026-06-01,792,EST.B.EU000A2X2A25.NT,B,EU000A2X2A25,NT,A,F,,,,,P1D,,,,"ESA 2010 Sectors: S.121, S.122, S.123, S.124, S.125, S.126, S.127, S.128, S.129",,0,,,,,S,"Euro short-term rate, Number of transactions","Euro short-term rate, Number of transactions - Unsecured - Overnight - Borrowing - Financial corporations",,_Z,0
2026-06-02,906,EST.B.EU000A2X2A25.NT,B,EU000A2X2A25,NT,A,F,,,,,P1D,,,,"ESA 2010 Sectors: S.121, S.122, S.123, S.124, S.125, S.126, S.127, S.128, S.129",,0,,,,,S,"Euro short-term rate, Number of transactions","Euro short-term rate, Number of transactions - Unsecured - Overnight - Borrowing - Financial corporations",,_Z,0
2026-06-03,778,EST.B.EU000A2X2A25.NT,B,EU000A2X2A25,NT,A,F,,,,,P1D,,,,"ESA 2010 Sectors: S.121, S.122, S.123, S.124, S.125, S.126, S.127, S.128, S.129",,0,,,,,S,"Euro short-term rate, Number of transactions","Euro short-term rate, Number of transactions - Unsecured - Overnight - Borrowing - Financial corporations",,_Z,0
2026-06-04,758,EST.B.EU000A2X2A25.NT,B,EU000A2X2A25,NT,A,F,,,,,P1D,,,,"ESA 2010 Sectors: S.121, S.122, S.123, S.124, S.125, S.126, S.127, S.128, S.129",,0,,,,,S,"Euro short-term rate, Number of transactions","Euro short-term rate, Number of transactions - Unsecured - Overnight - Borrowing - Financial corporations",,_Z,0
2026-06-05,899,EST.B.EU000A2X2A25.NT,B,EU000A2X2A25,NT,A,F,,,,,P1D,,,,"ESA 2010 Sectors: S.121, S.122, S.123, S.124, S.125, S.126, S.127, S.128, S.129",,0,,,,,S,"Euro short-term rate, Number of transactions","Euro short-term rate, Number of transactions - Unsecured - Overnight - Borrowing - Financial corporations",,_Z,0
2026-06-08,925,EST.B.EU000A2X2A25.NT,B,EU000A2X2A25,NT,A,F,,,,,P1D,,,,"ESA 2010 Sectors: S.121, S.122, S.123, S.124, S.125, S.126, S.127, S.128, S.129",,0,,,,,S,"Euro short-term rate, Number of transactions","Euro short-term rate, Number of transactions - Unsecured - Overnight - Borrowing - Financial corporations",,_Z,0
2026-06-09,925,EST.B.EU000A2X2A25.NT,B,EU000A2X2A25,NT,A,F,,,,,P1D,,,,"ESA 2010 Sectors: S.121, S.122, S.123, S.124, S.125, S.126, S.127, S.128, S.129",,0,,,,,S,"Euro short-term rate, Number of transactions","Euro short-term rate, Number of transactions - Unsecured - Overnight - Borrowing - Financial corporations",,_Z,0
2026-06-10,940,EST.B.EU000A2X2A25.NT,B,EU000A2X2A25,NT,A,F,,,,,P1D,,,,"ESA 2010 Sectors: S.121, S.122, S.123, S.124, S.125, S.126, S.127, S.128, S.129",,0,,,,,S,"Euro short-term rate, Number of transactions","Euro short-term rate, Number of transactions - Unsecured - Overnight - Borrowing - Financial corporations",,_Z,0
2026-06-11,934,EST.B.EU000A2X2A25.NT,B,EU000A2X2A25,NT,A,F,,,,,P1D,,,,"ESA 2010 Sectors: S.121, S.122, S.123, S.124, S.125, S.126, S.127, S.128, S.129",,0,,,,,S,"Euro short-term rate, Number of transactions","Euro short-term rate, Number of transactions - Unsecured - Overnight - Borrowing - Financial corporations",,_Z,0
2026-06-12,909,EST.B.EU000A2X2A25.NT,B,EU000A2X2A25,NT,A,F,,,,,P1D,,,,"ESA 2010 Sectors: S.121, S.122, S.123, S.124, S.125, S.126, S.127, S.128, S.129",,0,,,,,S,"Euro short-term rate, Number of transactions","Euro short-term rate, Number of transactions - Unsecured - Overnight - Borrowing - Financial corporations",,_Z,0
2026-06-15,903,EST.B.EU000A2X2A25.NT,B,EU000A2X2A25,NT,A,F,,,,,P1D,,,,"ESA 2010 Sectors: S.121, S.122, S.123, S.124, S.125, S.126, S.127, S.128, S.129",,0,,,,,S,"Euro short-term rate, Number of transactions","Euro short-term rate, Number of transactions - Unsecured - Overnight - Borrowing - Financial corporations",,_Z,0
2026-06-16,930,EST.B.EU000A2X2A25.NT,B,EU000A2X2A25,NT,A,F,,,,,P1D,,,,"ESA 2010 Sectors: S.121, S.122, S.123, S.124, S.125, S.126, S.127, S.128, S.129",,0,,,,,S,"Euro short-term rate, Number of transactions","Euro short-term rate, Number of transactions - Unsecured - Overnight - Borrowing - Financial corporations",,_Z,0
2026-06-17,936,EST.B.EU000A2X2A25.NT,B,EU000A2X2A25,NT,A,F,,,,,P1D,,,,"ESA 2010 Sectors: S.121, S.122, S.123, S.124, S.125, S.126, S.127, S.128, S.129",,0,,,,,S,"Euro short-term rate, Number of transactions","Euro short-term rate, Number of transactions - Unsecured - Overnight - Borrowing - Financial corporations",,_Z,0
2026-06-18,881,EST.B.EU000A2X2A25.NT,B,EU000A2X2A25,NT,A,F,,,,,P1D,,,,"ESA 2010 Sectors: S.121, S.122, S.123, S.124, S.125, S.126, S.127, S.128, S.129",,0,,,,,S,"Euro short-term rate, Number of transactions","Euro short-term rate, Number of transactions - Unsecured - Overnight - Borrowing - Financial corporations",,_Z,0
2026-06-19,906,EST.B.EU000A2X2A25.NT,B,EU000A2X2A25,NT,A,F,,,,,P1D,,,,"ESA 2010 Sectors: S.121, S.122, S.123, S.124, S.125, S.126, S.127, S.128, S.129",,0,,,,,S,"Euro short-term rate, Number of transactions","Euro short-term rate, Number of transactions - Unsecured - Overnight - Borrowing - Financial corporations",,_Z,0
2026-06-22,931,EST.B.EU000A2X2A25.NT,B,EU000A2X2A25,NT,A,F,,,,,P1D,,,,"ESA 2010 Sectors: S.121, S.122, S.123, S.124, S.125, S.126, S.127, S.128, S.129",,0,,,,,S,"Euro short-term rate, Number of transactions","Euro short-term rate, Number of transactions - Unsecured - Overnight - Borrowing - Financial corporations",,_Z,0
2026-06-23,919,EST.B.EU000A2X2A25.NT,B,EU000A2X2A25,NT,A,F,,,,,P1D,,,,"ESA 2010 Sectors: S.121, S.122, S.123, S.124, S.125, S.126, S.127, S.128, S.129",,0,,,,,S,"Euro short-term rate, Number of transactions","Euro short-term rate, Number of transactions - Unsecured - Overnight - Borrowing - Financial corporations",,_Z,0
2026-06-24,928,EST.B.EU000A2X2A25.NT,B,EU000A2X2A25,NT,A,F,,,,,P1D,,,,"ESA 2010 Sectors: S.121, S.122, S.123, S.124, S.125, S.126, S.127, S.128, S.129",,0,,,,,S,"Euro short-term rate, Number of transactions","Euro short-term rate, Number of transactions - Unsecured - Overnight - Borrowing - Financial corporations",,_Z,0
2026-06-25,897,EST.B.EU000A2X2A25.NT,B,EU000A2X2A25,NT,A,F,,,,,P1D,,,,"ESA 2010 Sectors: S.121, S.122, S.123, S.124, S.125, S.126, S.127, S.128, S.129",,0,,,,,S,"Euro short-term rate, Number of transactions","Euro short-term rate, Number of transactions - Unsecured - Overnight - Borrowing - Financial corporations",,_Z,0
2026-06-26,891,EST.B.EU000A2X2A25.NT,B,EU000A2X2A25,NT,A,F,,,,,P1D,,,,"ESA 2010 Sectors: S.121, S.122, S.123, S.124, S.125, S.126, S.127, S.128, S.129",,0,,,,,S,"Euro short-term rate, Number of transactions","Euro short-term rate, Number of transactions - Unsecured - Overnight - Borrowing - Financial corporations",,_Z,0
2026-06-29,909,EST.B.EU000A2X2A25.NT,B,EU000A2X2A25,NT,A,F,,,,,P1D,,,,"ESA 2010 Sectors: S.121, S.122, S.123, S.124, S.125, S.126, S.127, S.128, S.129",,0,,,,,S,"Euro short-term rate, Number of transactions","Euro short-term rate, Number of transactions - Unsecured - Overnight - Borrowing - Financial corporations",,_Z,0
2026-06-30,824,EST.B.EU000A2X2A25.NT,B,EU000A2X2A25,NT,A,F,,,,,P1D,,,,"ESA 2010 Sectors: S.121, S.122, S.123, S.124, S.125, S.126, S.127, S.128, S.129",,0,,,,,S,"Euro short-term rate, Number of transactions","Euro short-term rate, Number of transactions - Unsecured - Overnight - Borrowing - Financial corporations",,_Z,0
2026-07-01,904,EST.B.EU000A2X2A25.NT,B,EU000A2X2A25,NT,A,F,,,,,P1D,,,,"ESA 2010 Sectors: S.121, S.122, S.123, S.124, S.125, S.126, S.127, S.128, S.129",,0,,,,,S,"Euro short-term rate, Number of transactions","Euro short-term rate, Number of transactions - Unsecured - Overnight - Borrowing - Financial corporations",,_Z,0
2026-07-02,882,EST.B.EU000A2X2A25.NT,B,EU000A2X2A25,NT,A,F,,,,,P1D,,,,"ESA 2010 Sectors: S.121, S.122, S.123, S.124, S.125, S.126, S.127, S.128, S.129",,0,,,,,S,"Euro short-term rate, Number of transactions","Euro short-term rate, Number of transactions - Unsecured - Overnight - Borrowing - Financial corporations",,_Z,0
2026-07-03,903,EST.B.EU000A2X2A25.NT,B,EU000A2X2A25,NT,A,F,,,,,P1D,,,,"ESA 2010 Sectors: S.121, S.122, S.123, S.124, S.125, S.126, S.127, S.128, S.129",,0,,,,,S,"Euro short-term rate, Number of transactions","Euro short-term rate, Number of transactions - Unsecured - Overnight - Borrowing - Financial corporations",,_Z,0
2026-07-06,913,EST.B.EU000A2X2A25.NT,B,EU000A2X2A25,NT,A,F,,,,,P1D,,,,"ESA 2010 Sectors: S.121, S.122, S.123, S.124, S.125, S.126, S.127, S.128, S.129",,0,,,,,S,"Euro short-term rate, Number of transactions","Euro short-term rate, Number of transactions - Unsecured - Overnight - Borrowing - Financial corporations",,_Z,0
2026-07-07,927,EST.B.EU000A2X2A25.NT,B,EU000A2X2A25,NT,A,F,,,,,P1D,,,,"ESA 2010 Sectors: S.121, S.122, S.123, S.124, S.125, S.126, S.127, S.128, S.129",,0,,,,,S,"Euro short-term rate, Number of transactions","Euro short-term rate, Number of transactions - Unsecured - Overnight - Borrowing - Financial corporations",,_Z,0
2026-07-08,926,EST.B.EU000A2X2A25.NT,B,EU000A2X2A25,NT,A,F,,,,,P1D,,,,"ESA 2010 Sectors: S.121, S.122, S.123, S.124, S.125, S.126, S.127, S.128, S.129",,0,,,,,S,"Euro short-term rate, Number of transactions","Euro short-term rate, Number of transactions - Unsecured - Overnight - Borrowing - Financial corporations",,_Z,0
2026-07-09,864,EST.B.EU000A2X2A25.NT,B,EU000A2X2A25,NT,A,F,,,,,P1D,,,,"ESA 2010 Sectors: S.121, S.122, S.123, S.124, S.125, S.126, S.127, S.128, S.129",,0,,,,,S,"Euro short-term rate, Number of transactions","Euro short-term rate, Number of transactions - Unsecured - Overnight - Borrowing - Financial corporations",,_Z,0
2026-07-10,891,EST.B.EU000A2X2A25.NT,B,EU000A2X2A25,NT,A,F,,,,,P1D,,,,"ESA 2010 Sectors: S.121, S.122, S.123, S.124, S.125, S.126, S.127, S.128, S.129",,0,,,,,S,"Euro short-term rate, Number of transactions","Euro short-term rate, Number of transactions - Unsecured - Overnight - Borrowing - Financial corporations",,_Z,0
2026-07-13,877,EST.B.EU000A2X2A25.NT,B,EU000A2X2A25,NT,A,F,,,,,P1D,,,,"ESA 2010 Sectors: S.121, S.122, S.123, S.124, S.125, S.126, S.127, S.128, S.129",,0,,,,,S,"Euro short-term rate, Number of transactions","Euro short-term rate, Number of transactions - Unsecured - Overnight - Borrowing - Financial corporations",,_Z,0
2026-07-14,868,EST.B.EU000A2X2A25.NT,B,EU000A2X2A25,NT,A,F,,,,,P1D,,,,"ESA 2010 Sectors: S.121, S.122, S.123, S.124, S.125, S.126, S.127, S.128, S.129",,0,,,,,S,"Euro short-term rate, Number of transactions","Euro short-term rate, Number of transactions - Unsecured - Overnight - Borrowing - Financial corporations",,_Z,0
2026-07-15,923,EST.B.EU000A2X2A25.NT,B,EU000A2X2A25,NT,A,F,,,,,P1D,,,,"ESA 2010 Sectors: S.121, S.122, S.123, S.124, S.125, S.126, S.127, S.128, S.129",,0,,,,,S,"Euro short-term rate, Number of transactions","Euro short-term rate, Number of transactions - Unsecured - Overnight - Borrowing - Financial corporations",,_Z,0
2026-07-16,910,EST.B.EU000A2X2A25.NT,B,EU000A2X2A25,NT,A,F,,,,,P1D,,,,"ESA 2010 Sectors: S.121, S.122, S.123, S.124, S.125, S.126, S.127, S.128, S.129",,0,,,,,S,"Euro short-term rate, Number of transactions","Euro short-term rate, Number of transactions - Unsecured - Overnight - Borrowing - Financial corporations",,_Z,0
2026-07-17,887,EST.B.EU000A2X2A25.NT,B,EU000A2X2A25,NT,A,F,,,,,P1D,,,,"ESA 2010 Sectors: S.121, S.122, S.123, S.124, S.125, S.126, S.127, S.128, S.129",,0,,,,,S,"Euro short-term rate, Number of transactions","Euro short-term rate, Number of transactions - Unsecured - Overnight - Borrowing - Financial corporations",,_Z,0
2026-07-20,913,EST.B.EU000A2X2A25.NT,B,EU000A2X2A25,NT,A,F,,,,,P1D,,,,"ESA 2010 Sectors: S.121, S.122, S.123, S.124, S.125, S.126, S.127, S.128, S.129",,0,,,,,S,"Euro short-term rate, Number of transactions","Euro short-term rate, Number of transactions - Unsecured - Overnight - Borrowing - Financial corporations",,_Z,0
2026-07-21,918,EST.B.EU000A2X2A25.NT,B,EU000A2X2A25,NT,A,F,,,,,P1D,,,,"ESA 2010 Sectors: S.121, S.122, S.123, S.124, S.125, S.126, S.127, S.128, S.129",,0,,,,,S,"Euro short-term rate, Number of transactions","Euro short-term rate, Number of transactions - Unsecured - Overnight - Borrowing - Financial corporations",,_Z,0
2026-07-22,897,EST.B.EU000A2X2A25.NT,B,EU000A2X2A25,NT,A,F,,,,,P1D,,,,"ESA 2010 Sectors: S.121, S.122, S.123, S.124, S.125, S.126, S.127, S.128, S.129",,0,,,,,S,"Euro short-term rate, Number of transactions","Euro short-term rate, Number of transactions - Unsecured - Overnight - Borrowing - Financial corporations",,_Z,0
2026-07-23,887,EST.B.EU000A2X2A25.NT,B,EU000A2X2A25,NT,A,F,,,,,P1D,,,,"ESA 2010 Sectors: S.121, S.122, S.123, S.124, S.125, S.126, S.127, S.128, S.129",,0,,,,,S,"Euro short-term rate, Number of transactions","Euro short-term rate, Number of transactions - Unsecured - Overnight - Borrowing - Financial corporations",,_Z,0
2026-07-24,908,EST.B.EU000A2X2A25.NT,B,EU000A2X2A25,NT,A,F,,,,,P1D,,,,"ESA 2010 Sectors: S.121, S.122, S.123, S.124, S.125, S.126, S.127, S.128, S.129",,0,,,,,S,"Euro short-term rate, Number of transactions","Euro short-term rate, Number of transactions - Unsecured - Overnight - Borrowing - Financial corporations",,_Z,0
2026-07-27,883,EST.B.EU000A2X2A25.NT,B,EU000A2X2A25,NT,A,F,,,,,P1D,,,,"ESA 2010 Sectors: S.121, S.122, S.123, S.124, S.125, S.126, S.127, S.128, S.129",,0,,,,,S,"Euro short-term rate, Number of transactions","Euro short-term rate, Number of transactions - Unsecured - Overnight - Borrowing - Financial corporations",,_Z,0
2026-07-28,929,EST.B.EU000A2X2A25.NT,B,EU000A2X2A25,NT,A,F,,,,,P1D,,,,"ESA 2010 Sectors: S.121, S.122, S.123, S.124, S.125, S.126, S.127, S.128, S.129",,0,,,,,S,"Euro short-term rate, Number of transactions","Euro short-term rate, Number of transactions - Unsecured - Overnight - Borrowing - Financial corporations",,_Z,0
2026-07-29,936,EST.B.EU000A2X2A25.NT,B,EU000A2X2A25,NT,A,F,,,,,P1D,,,,"ESA 2010 Sectors: S.121, S.122, S.123, S.124, S.125, S.126, S.127, S.128, S.129",,0,,,,,S,"Euro short-term rate, Number of transactions","Euro short-term rate, Number of transactions - Unsecured - Overnight - Borrowing - Financial corporations",,_Z,0
2026-07-30,926,EST.B.EU000A2X2A25.NT,B,EU000A2X2A25,NT,A,F,,,,,P1D,,,,"ESA 2010 Sectors: S.121, S.122, S.123, S.124, S.125, S.126, S.127, S.128, S.129",,0,,,,,S,"Euro short-term rate, Number of transactions","Euro short-term rate, Number of transactions - Unsecured - Overnight - Borrowing - Financial corporations",,_Z,0
2026-07-31,817,EST.B.EU000A2X2A25.NT,B,EU000A2X2A25,NT,A,F,,,,,P1D,,,,"ESA 2010 Sectors: S.121, S.122, S.123, S.124, S.125, S.126, S.127, S.128, S.129",,0,,,,,S,"Euro short-term rate, Number of transactions","Euro short-term rate, Number of transactions - Unsecured - Overnight - Borrowing - Financial corporations",,_Z,0
2026-08-03,782,EST.B.EU000A2X2A25.NT,B,EU000A2X2A25,NT,A,F,,,,,P1D,,,,"ESA 2010 Sectors: S.121, S.122, S.123, S.124, S.125, S.126, S.127, S.128, S.129",,0,,,,,S,"Euro short-term rate, Number of transactions","Euro short-term rate, Number of transactions - Unsecured - Overnight - Borrowing - Financial corporations",,_Z,0
2026-08-04,882,EST.B.EU000A2X2A25.NT,B,EU000A2X2A25,NT,A,F,,,,,P1D,,,,"ESA 2010 Sectors: S.121, S.122, S.123, S.124, S.125, S.126, S.127, S.128, S.129",,0,,,,,S,"Euro short-term rate, Number of transactions","Euro short-term rate, Number of transactions - Unsecured - Overnight - Borrowing - Financial corporations",,_Z,0
2026-08-05,919,EST.B.EU000A2X2A25.NT,B,EU000A2X2A25,NT,A,F,,,,,P1D,,,,"ESA 2010 Sectors: S.121, S.122, S.123, S.124, S.125, S.126, S.127, S.128, S.129",,0,,,,,S,"Euro short-term rate, Number of transactions","Euro short-term rate, Number of transactions - Unsecured - Overnight - Borrowing - Financial corporations",,_Z,0
2026-08-06,895,EST.B.EU000A2X2A25.NT,B,EU000A2X2A25,NT,A,F,,,,,P1D,,,,"ESA 2010 Sectors: S.121, S.122, S.123, S.124, S.125, S.126, S.127, S.128, S.129",,0,,,,,S,"Euro short-term rate, Number of transactions","Euro short-term rate, Number of transactions - Unsecured - Overnight - Borrowing - Financial corporations",,_Z,0
2026-08-07,906,EST.B.EU000A2X2A25.NT,B,EU000A2X2A25,NT,A,F,,,,,P1D,,,,"ESA 2010 Sectors: S.121, S.122, S.123, S.124, S.125, S.126, S.127, S.128, S.129",,0,,,,,S,"Euro short-term rate, Number of transactions","Euro short-term rate, Number of transactions - Unsecured - Overnight - Borrowing - Financial corporations",,_Z,0
2026-08-10,891,EST.B.EU000A2X2A25.NT,B,EU000A2X2A25,NT,A,F,,,,,P1D,,,,"ESA 2010 Sectors: S.121, S.122, S.123, S.124, S.125, S.126, S.127, S.128, S.129",,0,,,,,S,"Euro short-term rate, Number of transactions","Euro short-term rate, Number of transactions - Unsecured - Overnight - Borrowing - Financial corporations",,_Z,0
2026-08-11,895,EST.B.EU000A2X2A25.NT,B,EU000A2X2A25,NT,A,F,,,,,P1D,,,,"ESA 2010 Sectors: S.121, S.122, S.123, S.124, S.125, S.126, S.127, S.128, S.129",,0,,,,,S,"Euro short-term rate, Number of transactions","Euro short-term rate, Number of transactions - Unsecured - Overnight - Borrowing - Financial corporations",,_Z,0
2026-08-12,880,EST.B.EU000A2X2A25.NT,B,EU000A2X2A25,NT,A,F,,,,,P1D,,,,"ESA 2010 Sectors: S.121, S.122, S.123, S.124, S.125, S.126, S.127, S.128, S.129",,0,,,,,S,"Euro short-term rate, Number of transactions","Euro short-term rate, Number of transactions - Unsecured - Overnight - Borrowing - Financial corporations",,_Z,0
2026-08-13,857,EST.B.EU000A2X2A25.NT,B,EU000A2X2A25,NT,A,F,,,,,P1D,,,,"ESA 2010 Sectors: S.121, S.122, S.123, S.124, S.125, S.126, S.127, S.128, S.129",,0,,,,,S,"Euro short-term rate, Number of transactions","Euro short-term rate, Number of transactions - Unsecured - Overnight - Borrowing - Financial corporations",,_Z,0
2026-08-14,861,EST.B.EU000A2X2A25.NT,B,EU000A2X2A25,NT,A,F,,,,,P1D,,,,"ESA 2010 Sectors: S.121, S.122, S.123, S.124, S.125, S.126, S.127, S.128, S.129",,0,,,,,S,"Euro short-term rate, Number of transactions","Euro short-term rate, Number of transactions - Unsecured - Overnight - Borrowing - Financial corporations",,_Z,0
2026-08-17,890,EST.B.EU000A2X2A25.NT,B,EU000A2X2A25,NT,A,F,,,,,P1D,,,,"ESA 2010 Sectors: S.121, S.122, S.123, S.124, S.125, S.126, S.127, S.128, S.129",,0,,,,,S,"Euro short-term rate, Number of transactions","Euro short-term rate, Number of transactions - Unsecured - Overnight - Borrowing - Financial corporations",,_Z,0
2026-08-18,900,EST.B.EU000A2X2A25.NT,B,EU000A2X2A25,NT,A,F,,,,,P1D,,,,"ESA 2010 Sectors: S.121, S.122, S.123, S.124, S.125, S.126, S.127, S.128, S.129",,0,,,,,S,"Euro short-term rate, Number of transactions","Euro short-term rate, Number of transactions - Unsecured - Overnight - Borrowing - Financial corporations",,_Z,0
2026-08-19,864,EST.B.EU000A2X2A25.NT,B,EU000A2X2A25,NT,A,F,,,,,P1D,,,,"ESA 2010 Sectors: S.121, S.122, S.123, S.124, S.125, S.126, S.127, S.128, S.129",,0,,,,,S,"Euro short-term rate, Number of transactions","Euro short-term rate, Number of transactions - Unsecured - Overnight - Borrowing - Financial corporations",,_Z,0
2026-08-20,884,EST.B.EU000A2X2A25.NT,B,EU000A2X2A25,NT,A,F,,,,,P1D,,,,"ESA 2010 Sectors: S.121, S.122, S.123, S.124, S.125, S.126, S.127, S.128, S.129",,0,,,,,S,"Euro short-term rate, Number of transactions","Euro short-term rate, Number of transactions - Unsecured - Overnight - Borrowing - Financial corporations",,_Z,0
