observation_date,estr_rate,daily_change_bp,rolling_change_volatility_bp,change_z_score,funding_regime,is_abnormal_move,is_month_end,is_quarter_end,deposit_facility_rate,policy_rate_changed_today,estr_policy_spread_bp,spread_z_score,transmission_regime,is_unusual_spread,total_volume_eur_mn,volume_change_pct,active_banks,active_banks_change,transaction_count,transaction_count_change,rate_dispersion_bp,dispersion_change_bp,market_quality_score,market_quality_change,quality_regime,is_market_quality_alert,alert_count,has_any_alert,overall_status,data_classification
2019-10-01,-0.549,,,,Insufficient history,False,False,False,-0.5,False,-4.900000000000004,,Normal transmission,False,35996,,32,,432,,3.999999999999993,,,,Insufficient history,False,0,False,Normal,Official ECB inputs; RepoLens derived analytics
2019-10-02,-0.551,-0.2000000000000001,,,Insufficient history,False,False,False,-0.5,False,-5.100000000000005,,Normal transmission,False,33549,-6.797977553061452,28,-4.0,397,-35.0,2.999999999999992,-1.0000000000000009,,,Insufficient history,False,0,False,Normal,Official ECB inputs; RepoLens derived analytics
2019-10-03,-0.555,-0.4000000000000003,,,Insufficient history,False,False,False,-0.5,False,-5.500000000000005,,Normal transmission,False,29200,-12.963128558228265,28,0.0,373,-24.0,2.999999999999992,0.0,,,Insufficient history,False,0,False,Normal,Official ECB inputs; RepoLens derived analytics
2019-10-04,-0.553,0.2000000000000001,,,Insufficient history,False,False,False,-0.5,False,-5.300000000000004,,Normal transmission,False,33907,16.119863013698634,30,2.0,429,56.0,2.999999999999992,0.0,,,Insufficient history,False,0,False,Normal,Official ECB inputs; RepoLens derived analytics
2019-10-07,-0.554,-0.1,,,Insufficient history,False,False,False,-0.5,False,-5.400000000000005,,Normal transmission,False,33722,-0.5456100510219164,30,0.0,416,-13.0,3.999999999999993,1.0000000000000009,,,Insufficient history,False,0,False,Normal,Official ECB inputs; RepoLens derived analytics
2019-10-08,-0.552,0.2000000000000001,,,Insufficient history,False,False,False,-0.5,False,-5.200000000000005,,Normal transmission,False,31536,-6.482415040626299,29,-1.0,425,9.0,2.999999999999992,-1.0000000000000009,,,Insufficient history,False,0,False,Normal,Official ECB inputs; RepoLens derived analytics
2019-10-09,-0.552,0.0,,,Insufficient history,False,False,False,-0.5,False,-5.200000000000005,,Normal transmission,False,31274,-0.8307965499746328,28,-1.0,422,-3.0,2.999999999999992,0.0,,,Insufficient history,False,0,False,Normal,Official ECB inputs; RepoLens derived analytics
2019-10-10,-0.552,0.0,,,Insufficient history,False,False,False,-0.5,False,-5.200000000000005,,Normal transmission,False,30526,-2.3917631259192995,30,2.0,415,-7.0,2.999999999999992,0.0,,,Insufficient history,False,0,False,Normal,Official ECB inputs; RepoLens derived analytics
2019-10-11,-0.55,0.2000000000000001,,,Insufficient history,False,False,False,-0.5,False,-5.000000000000004,,Normal transmission,False,32614,6.84007075935269,29,-1.0,436,21.0,3.999999999999993,1.0000000000000009,,,Insufficient history,False,0,False,Normal,Official ECB inputs; RepoLens derived analytics
2019-10-14,-0.549,0.1,,,Insufficient history,False,False,False,-0.5,False,-4.900000000000004,,Normal transmission,False,31781,-2.5541178634942097,31,2.0,424,-12.0,3.999999999999993,0.0,,,Insufficient history,False,0,False,Normal,Official ECB inputs; RepoLens derived analytics
2019-10-15,-0.551,-0.2000000000000001,,,Insufficient history,False,False,False,-0.5,False,-5.100000000000005,,Normal transmission,False,32332,1.7337402850759798,29,-2.0,442,18.0,2.999999999999992,-1.0000000000000009,,,Insufficient history,False,0,False,Normal,Official ECB inputs; RepoLens derived analytics
2019-10-16,-0.548,0.3000000000000002,,,Insufficient history,False,False,False,-0.5,False,-4.800000000000004,,Normal transmission,False,32703,1.147469998762829,30,1.0,451,9.0,2.0000000000000018,-0.9999999999999902,,,Insufficient history,False,0,False,Normal,Official ECB inputs; RepoLens derived analytics
2019-10-17,-0.548,0.0,,,Insufficient history,False,False,False,-0.5,False,-4.800000000000004,,Normal transmission,False,32639,-0.19570070024156339,30,0.0,440,-11.0,2.0000000000000018,0.0,,,Insufficient history,False,0,False,Normal,Official ECB inputs; RepoLens derived analytics
2019-10-18,-0.547,0.1,,,Insufficient history,False,False,False,-0.5,False,-4.700000000000005,,Normal transmission,False,31238,-4.292410919452195,29,-1.0,421,-19.0,3.0000000000000027,1.0000000000000009,,,Insufficient history,False,0,False,Normal,Official ECB inputs; RepoLens derived analytics
2019-10-21,-0.549,-0.2000000000000001,,,Insufficient history,False,False,False,-0.5,False,-4.900000000000004,,Normal transmission,False,33283,6.546513861322745,28,-1.0,440,19.0,3.0000000000000027,0.0,,,Insufficient history,False,0,False,Normal,Official ECB inputs; RepoLens derived analytics
2019-10-22,-0.548,0.1,,,Insufficient history,False,False,False,-0.5,False,-4.800000000000004,,Normal transmission,False,31588,-5.092689961842378,30,2.0,427,-13.0,3.0000000000000027,0.0,,,Insufficient history,False,0,False,Normal,Official ECB inputs; RepoLens derived analytics
2019-10-23,-0.547,0.1,,,Insufficient history,False,False,False,-0.5,False,-4.700000000000005,,Normal transmission,False,33724,6.762061542357856,29,-1.0,434,7.0,3.0000000000000027,0.0,,,Insufficient history,False,0,False,Normal,Official ECB inputs; RepoLens derived analytics
2019-10-24,-0.548,-0.1,,,Insufficient history,False,False,False,-0.5,False,-4.800000000000004,,Normal transmission,False,33784,0.17791483809750375,29,0.0,429,-5.0,3.0000000000000027,0.0,,,Insufficient history,False,0,False,Normal,Official ECB inputs; RepoLens derived analytics
2019-10-25,-0.548,0.0,,,Insufficient history,False,False,False,-0.5,False,-4.800000000000004,,Normal transmission,False,34093,0.9146341463414531,30,1.0,427,-2.0,3.0000000000000027,0.0,,,Insufficient history,False,0,False,Normal,Official ECB inputs; RepoLens derived analytics
2019-10-28,-0.548,0.0,,,Insufficient history,False,False,False,-0.5,False,-4.800000000000004,,Normal transmission,False,32366,-5.065555979233272,29,-1.0,416,-11.0,3.0000000000000027,0.0,,,Insufficient history,False,0,False,Normal,Official ECB inputs; RepoLens derived analytics
2019-10-29,-0.545,0.3000000000000002,0.1823819012257984,1.535240054622226,Mild tightening,False,False,False,-0.5,False,-4.500000000000004,,Normal transmission,False,32763,1.2265958104183294,32,3.0,430,14.0,5.000000000000004,2.0000000000000018,,,Insufficient history,False,0,False,Normal,Official ECB inputs; RepoLens derived analytics
2019-10-30,-0.545,0.0,0.1750187959830842,-0.1714101610143607,Normal,False,False,False,-0.5,False,-4.500000000000004,,Normal transmission,False,28631,-12.611787687330223,29,-3.0,422,-8.0,3.0000000000000027,-2.0000000000000018,,,Insufficient history,False,0,False,Normal,Official ECB inputs; RepoLens derived analytics
2019-10-31,-0.543,0.2000000000000001,0.1465390194130094,0.955376940290698,Normal,False,True,False,-0.5,False,-4.300000000000004,,Normal transmission,False,25342,-11.487548461457864,25,-4.0,354,-68.0,5.000000000000004,2.0000000000000018,,,Insufficient history,False,0,False,Month-end watch,Official ECB inputs; RepoLens derived analytics
2019-11-01,-0.549,-0.6000000000000005,0.2041671142136163,-3.03672803716717,Sharp easing,True,False,False,-0.5,False,-4.900000000000004,,Normal transmission,False,28931,14.162260279378103,26,1.0,374,20.0,3.0000000000000027,-2.0000000000000018,,,Insufficient history,False,1,True,Monitor,Official ECB inputs; RepoLens derived analytics
2019-11-04,-0.536,1.3000000000000012,0.3492849839314599,3.464219922598903,Sharp tightening,True,False,False,-0.5,False,-3.600000000000003,,Normal transmission,False,36811,27.237219591441697,28,2.0,463,89.0,6.000000000000005,3.0000000000000027,,,Insufficient history,False,1,True,Monitor,Official ECB inputs; RepoLens derived analytics
2019-11-05,-0.541,-0.5000000000000004,0.3720144309594797,-1.4918776096093214,Mild easing,False,False,False,-0.5,False,-4.100000000000003,,Normal transmission,False,32509,-11.686724077042188,30,2.0,463,0.0,4.000000000000004,-2.000000000000001,,,Insufficient history,False,0,False,Normal,Official ECB inputs; RepoLens derived analytics
2019-11-06,-0.539,0.2000000000000001,0.3731445324606317,0.3617901061279605,Normal,False,False,False,-0.5,False,-3.900000000000004,,Normal transmission,False,31243,-3.8943061921314137,29,-1.0,445,-18.0,4.000000000000004,0.0,,,Insufficient history,False,0,False,Normal,Official ECB inputs; RepoLens derived analytics
2019-11-07,-0.537,0.2000000000000001,0.3739898675801683,0.3342336539992093,Normal,False,False,False,-0.5,False,-3.7000000000000033,,Normal transmission,False,31578,1.072240181800721,31,2.0,463,18.0,3.0000000000000027,-1.0000000000000018,,,Insufficient history,False,0,False,Normal,Official ECB inputs; RepoLens derived analytics
2019-11-08,-0.54,-0.3000000000000002,0.3818238778340228,-0.9166529919120034,Normal,False,False,False,-0.5,False,-4.000000000000004,,Normal transmission,False,29466,-6.688200646019382,28,-3.0,421,-42.0,4.000000000000004,1.0000000000000018,,,Insufficient history,False,0,False,Normal,Official ECB inputs; RepoLens derived analytics
2019-11-11,-0.541,-0.1,0.3830624519647722,-0.3654756535962314,Normal,False,False,False,-0.5,False,-4.100000000000003,,Normal transmission,False,30968,5.097400393674056,29,1.0,429,8.0,6.000000000000005,2.000000000000001,,,Insufficient history,False,0,False,Normal,Official ECB inputs; RepoLens derived analytics
2019-11-12,-0.537,0.4000000000000003,0.3867543760171581,0.8532547282292677,Normal,False,False,False,-0.5,False,-3.7000000000000033,,Normal transmission,False,30250,-2.3185223456471227,30,1.0,444,15.0,6.000000000000005,0.0,,,Insufficient history,False,0,False,Normal,Official ECB inputs; RepoLens derived analytics
2019-11-13,-0.531,0.6000000000000005,0.401674128197421,1.2821338588849325,Mild tightening,False,False,False,-0.5,False,-3.1000000000000028,,Normal transmission,False,23482,-22.373553719008264,20,-10.0,286,-158.0,5.000000000000004,-1.0000000000000009,,,Insufficient history,False,0,False,Normal,Official ECB inputs; RepoLens derived analytics
2019-11-14,-0.536,-0.5000000000000004,0.4222745427724533,-1.3261514566407615,Mild easing,False,False,False,-0.5,False,-3.600000000000003,,Normal transmission,False,30027,27.87241291201772,31,11.0,425,139.0,4.000000000000004,-1.0,,,Insufficient history,False,0,False,Normal,Official ECB inputs; RepoLens derived analytics
2019-11-15,-0.541,-0.5000000000000004,0.4402152583500608,-1.203956450729253,Mild easing,False,False,False,-0.5,False,-4.100000000000003,,Normal transmission,False,31887,6.194425017484262,31,0.0,439,14.0,5.000000000000004,1.0,,,Insufficient history,False,0,False,Normal,Official ECB inputs; RepoLens derived analytics
2019-11-18,-0.541,0.0,0.4369752492087543,-0.0915383653248767,Normal,False,False,False,-0.5,False,-4.100000000000003,,Normal transmission,False,33869,6.2156991877567735,31,0.0,449,10.0,4.000000000000004,-1.0,,,Insufficient history,False,0,False,Normal,Official ECB inputs; RepoLens derived analytics
2019-11-19,-0.542,-0.1,0.4378175539266511,-0.2969273361336704,Normal,False,False,False,-0.5,False,-4.200000000000004,,Normal transmission,False,33067,-2.3679470902595257,32,1.0,453,4.0,4.000000000000004,0.0,,,Insufficient history,False,0,False,Normal,Official ECB inputs; RepoLens derived analytics
2019-11-20,-0.511,3.1000000000000028,0.814732762127688,3.583997275836036,Sharp tightening,True,False,False,-0.5,False,-1.100000000000001,,Normal transmission,False,39662,19.944355399643143,30,-2.0,463,10.0,8.000000000000007,4.000000000000003,,,Insufficient history,False,1,True,Monitor,Official ECB inputs; RepoLens derived analytics
2019-11-21,-0.542,-3.1000000000000028,1.0964536133899103,-2.854657927865245,Sharp easing,True,False,False,-0.5,False,-4.200000000000004,,Normal transmission,False,32215,-18.776158539660127,31,1.0,450,-13.0,5.000000000000004,-3.0000000000000027,,,Insufficient history,False,1,True,Monitor,Official ECB inputs; RepoLens derived analytics
2019-11-22,-0.536,0.6000000000000005,1.103773432128934,0.4892308369467276,Normal,False,False,False,-0.5,False,-3.600000000000003,,Normal transmission,False,31816,-1.238553468880954,30,-1.0,435,-15.0,5.000000000000004,0.0,,,Insufficient history,False,0,False,Normal,Official ECB inputs; RepoLens derived analytics
2019-11-25,-0.533,0.3000000000000002,1.104952963990586,0.2036285772630564,Normal,False,False,False,-0.5,False,-3.300000000000003,,Normal transmission,False,30528,-4.048277596178018,26,-4.0,338,-97.0,5.000000000000004,0.0,,,Insufficient history,False,0,False,Normal,Official ECB inputs; RepoLens derived analytics
2019-11-26,-0.533,0.0,1.103773432128934,-0.0543589818829697,Normal,False,False,False,-0.5,False,-3.300000000000003,,Normal transmission,False,32256,5.660377358490565,29,3.0,445,107.0,5.000000000000004,0.0,,,Insufficient history,False,0,False,Normal,Official ECB inputs; RepoLens derived analytics
2019-11-27,-0.533,0.0,1.103773432128934,-0.0543589818829697,Normal,False,False,False,-0.5,False,-3.300000000000003,,Normal transmission,False,31177,-3.3451140873015928,29,0.0,445,0.0,5.000000000000004,0.0,,,Insufficient history,False,0,False,Normal,Official ECB inputs; RepoLens derived analytics
2019-11-28,-0.531,0.2000000000000001,1.103773432128934,0.126837624393596,Normal,False,False,False,-0.5,False,-3.1000000000000028,,Normal transmission,False,31550,1.1963947782018813,28,-1.0,437,-8.0,5.000000000000004,0.0,,,Insufficient history,False,0,False,Normal,Official ECB inputs; RepoLens derived analytics
2019-11-29,-0.532,-0.1,1.0936539431504022,-0.1691577131492667,Normal,False,True,False,-0.5,False,-3.200000000000003,,Normal transmission,False,31101,-1.423137876386693,28,0.0,406,-31.0,5.000000000000004,0.0,,,Insufficient history,False,0,False,Month-end watch,Official ECB inputs; RepoLens derived analytics
2019-12-02,-0.541,-0.9000000000000008,1.0755047774490782,-0.8135714674139877,Normal,False,False,False,-0.5,False,-4.100000000000003,,Normal transmission,False,32038,3.0127648628661463,30,2.0,438,32.0,3.0000000000000027,-2.0000000000000018,,,Insufficient history,False,0,False,Normal,Official ECB inputs; RepoLens derived analytics
2019-12-03,-0.539,0.2000000000000001,1.070612220328066,0.1774685515375293,Normal,False,False,False,-0.5,False,-3.900000000000004,,Normal transmission,False,31998,-0.12485173856046083,30,0.0,455,17.0,5.000000000000004,2.0000000000000018,,,Insufficient history,False,0,False,Normal,Official ECB inputs; RepoLens derived analytics
2019-12-04,-0.54,-0.1,1.0699114572317616,-0.0887923943218615,Normal,False,False,False,-0.5,False,-4.000000000000004,,Normal transmission,False,32581,1.8219888743046475,30,0.0,452,-3.0,3.0000000000000027,-2.0000000000000018,,,Insufficient history,False,0,False,Normal,Official ECB inputs; RepoLens derived analytics
2019-12-05,-0.54,0.0,1.0688286751589833,0.0140340546138218,Normal,False,False,False,-0.5,False,-4.000000000000004,,Normal transmission,False,32804,0.6844479911604973,31,1.0,459,7.0,3.0000000000000027,0.0,,,Insufficient history,False,0,False,Normal,Official ECB inputs; RepoLens derived analytics
2019-12-06,-0.541,-0.1,1.0669558270341408,-0.089038362782155,Normal,False,False,False,-0.5,False,-4.100000000000003,,Normal transmission,False,28819,-12.147908791610785,28,-3.0,420,-39.0,3.0000000000000027,0.0,,,Insufficient history,False,0,False,Normal,Official ECB inputs; RepoLens derived analytics
2019-12-09,-0.541,0.0,1.0667214898192063,0.0,Normal,False,False,False,-0.5,False,-4.100000000000003,,Normal transmission,False,29949,3.9210243242305376,28,0.0,445,25.0,3.0000000000000027,0.0,,,Insufficient history,False,0,False,Normal,Official ECB inputs; RepoLens derived analytics
2019-12-10,-0.544,-0.3000000000000002,1.064387642088906,-0.2489694445154647,Normal,False,False,False,-0.5,False,-4.400000000000004,,Normal transmission,False,30501,1.8431333266553107,31,3.0,417,-28.0,4.000000000000004,1.0000000000000018,,,Insufficient history,False,0,False,Normal,Official ECB inputs; RepoLens derived analytics
2019-12-11,-0.544,0.0,1.0539524607275634,0.0616726108833498,Normal,False,False,False,-0.5,False,-4.400000000000004,,Normal transmission,False,32579,6.812891380610475,30,-1.0,436,19.0,4.000000000000004,0.0,,,Insufficient history,False,0,False,Normal,Official ECB inputs; RepoLens derived analytics
2019-12-12,-0.544,0.0,1.049009557931471,0.0381312064294967,Normal,False,False,False,-0.5,False,-4.400000000000004,,Normal transmission,False,31864,-2.1946652751772655,30,0.0,429,-7.0,3.0000000000000027,-1.0000000000000018,,,Insufficient history,False,0,False,Normal,Official ECB inputs; RepoLens derived analytics
2019-12-13,-0.543,0.1,1.0437281356045902,0.1053914292885105,Normal,False,False,False,-0.5,False,-4.300000000000004,,Normal transmission,False,31262,-1.8892794376098365,30,0.0,432,3.0,3.0000000000000027,0.0,,,Insufficient history,False,0,False,Normal,Official ECB inputs; RepoLens derived analytics
2019-12-16,-0.543,0.0,1.0437281356045902,0.0095810390262282,Normal,False,False,False,-0.5,False,-4.300000000000004,,Normal transmission,False,33184,6.148039152965268,30,0.0,448,16.0,4.000000000000004,1.0000000000000018,,,Insufficient history,False,0,False,Normal,Official ECB inputs; RepoLens derived analytics
2019-12-17,-0.536,0.7000000000000006,1.0553622476117916,0.6348531051931809,Normal,False,False,False,-0.5,False,-3.600000000000003,,Normal transmission,False,35867,8.085221793635489,32,2.0,452,4.0,5.000000000000004,1.0,,,Insufficient history,False,0,False,Normal,Official ECB inputs; RepoLens derived analytics
2019-12-18,-0.54,-0.4000000000000003,0.7715159376871382,-0.3305181235327982,Normal,False,False,False,-0.5,False,-4.000000000000004,,Normal transmission,False,29119,-18.81395154320127,29,-3.0,431,-21.0,4.000000000000004,-1.0,,,Insufficient history,False,0,False,Normal,Official ECB inputs; RepoLens derived analytics
2019-12-19,-0.54,0.0,0.3338767500298972,-0.0299511720989992,Normal,False,False,False,-0.5,False,-4.000000000000004,,Normal transmission,False,28808,-1.0680311823895061,32,3.0,442,11.0,4.000000000000004,0.0,,,Insufficient history,False,0,False,Normal,Official ECB inputs; RepoLens derived analytics
2019-12-20,-0.54,0.0,0.3036618618064995,0.0658627325836014,Normal,False,False,False,-0.5,False,-4.000000000000004,,Normal transmission,False,28851,0.14926409330742185,33,1.0,437,-5.0,4.000000000000004,0.0,,,Insufficient history,False,0,False,Normal,Official ECB inputs; RepoLens derived analytics
2019-12-23,-0.545,-0.5000000000000004,0.3118704184348637,-1.4108423691100969,Mild easing,False,False,False,-0.5,False,-4.500000000000004,-0.3264885032689394,Normal transmission,False,21805,-24.42203043222072,29,-4.0,346,-91.0,3.0000000000000027,-1.0000000000000018,,,Insufficient history,False,0,False,Normal,Official ECB inputs; RepoLens derived analytics
2019-12-24,-0.549,-0.4000000000000003,0.320525883674413,-0.998359309805548,Normal,False,False,False,-0.5,False,-4.900000000000004,-0.866883267300289,Normal transmission,False,21242,-2.5819766108690634,26,-3.0,297,-49.0,3.999999999999993,0.9999999999999902,27.526345878500493,,Weak market quality,True,1,True,Monitor,Official ECB inputs; RepoLens derived analytics
2019-12-27,-0.542,0.7000000000000006,0.3648720035126957,2.0418119034284263,Sharp tightening,True,False,False,-0.5,False,-4.200000000000004,0.0592044260320618,Normal transmission,False,27661,30.218435175595527,32,6.0,419,122.0,3.0000000000000027,-0.9999999999999902,49.84458180400159,22.3182359255011,Normal market quality,False,1,True,Monitor,Official ECB inputs; RepoLens derived analytics
2019-12-30,-0.541,0.1,0.3620119218740559,0.4143509949160878,Normal,False,False,False,-0.5,False,-4.100000000000003,0.1682406135603787,Normal transmission,False,27143,-1.872672716098478,26,-6.0,380,-39.0,4.000000000000004,1.0000000000000018,37.67947845128443,-12.16510335271716,Normal market quality,False,0,False,Normal,Official ECB inputs; RepoLens derived analytics
2019-12-31,-0.531,1.0000000000000009,0.4310025033508937,2.30857127804183,Sharp tightening,True,True,True,-0.5,False,-3.1000000000000028,1.5186533695009672,Normal transmission,False,17978,-33.76561175993811,20,-6.0,192,-188.0,6.999999999999995,2.9999999999999902,20.234836841753072,-17.44464160953136,Weak market quality,True,2,True,High attention,Official ECB inputs; RepoLens derived analytics
2020-01-02,-0.539,-0.8000000000000007,0.4204008112566667,-1.9267327234187297,Mild easing,False,False,False,-0.5,False,-3.900000000000004,0.3711342414983641,Normal transmission,False,26611,48.01980198019802,26,6.0,398,206.0,2.0000000000000018,-4.999999999999993,43.38799636652935,23.153159524776278,Normal market quality,False,0,False,Normal,Official ECB inputs; RepoLens derived analytics
2020-01-03,-0.537,0.2000000000000001,0.4204008112566667,0.4519496511722946,Normal,False,False,False,-0.5,False,-3.7000000000000033,0.6327284554385776,Normal transmission,False,27706,4.114839727932051,27,1.0,414,16.0,2.0000000000000018,0.0,46.53048416719122,3.1424878006618684,Normal market quality,False,0,False,Normal,Official ECB inputs; RepoLens derived analytics
2020-01-06,-0.539,-0.2000000000000001,0.4223680111491702,-0.4853587264865073,Normal,False,False,False,-0.5,False,-3.900000000000004,0.3154637435711684,Normal transmission,False,32777,18.302894679852734,28,1.0,417,3.0,2.0000000000000018,0.0,52.86138939763256,6.3309052304413385,Normal market quality,False,0,False,Normal,Official ECB inputs; RepoLens derived analytics
2020-01-07,-0.54,-0.1,0.4230217115244239,-0.2363944858518837,Normal,False,False,False,-0.5,False,-4.000000000000004,0.1398018368550657,Normal transmission,False,34235,4.448241144705123,31,3.0,453,36.0,2.0000000000000018,0.0,59.48682686553386,6.6254374679013,Normal market quality,False,0,False,Normal,Official ECB inputs; RepoLens derived analytics
2020-01-08,-0.536,0.4000000000000003,0.4314906841709518,0.8690801765987363,Normal,False,False,False,-0.5,False,-3.600000000000003,0.7230942964837801,Normal transmission,False,35150,2.672703373740326,31,0.0,437,-16.0,3.0000000000000027,1.0000000000000009,58.12966007900313,-1.3571667865307262,Normal market quality,False,0,False,Normal,Official ECB inputs; RepoLens derived analytics
2020-01-09,-0.539,-0.3000000000000002,0.4375770608824537,-0.7084466433748353,Normal,False,False,False,-0.5,False,-3.900000000000004,0.2374540636304608,Normal transmission,False,30913,-12.054054054054053,30,-1.0,441,4.0,2.0000000000000018,-1.0000000000000009,54.142702291745415,-3.9869577872577153,Normal market quality,False,0,False,Normal,Official ECB inputs; RepoLens derived analytics
2020-01-10,-0.538,0.1,0.431765043318214,0.1621252138941909,Normal,False,False,False,-0.5,False,-3.8000000000000034,0.3683267696385566,Normal transmission,False,31837,2.989033739850555,31,1.0,455,14.0,3.0000000000000027,1.0000000000000009,55.65295329912013,1.5102510073747126,Normal market quality,False,0,False,Normal,Official ECB inputs; RepoLens derived analytics
2020-01-13,-0.537,0.1,0.4319783132958124,0.1504705166888529,Normal,False,False,False,-0.5,False,-3.7000000000000033,0.5046699084326535,Normal transmission,False,31245,-1.8594716838898129,29,-2.0,465,10.0,2.0000000000000018,-1.0000000000000009,54.616513436928535,-1.0364398621915925,Normal market quality,False,0,False,Normal,Official ECB inputs; RepoLens derived analytics
2020-01-14,-0.538,-0.1,0.4329823139696662,-0.3002432104169216,Normal,False,False,False,-0.5,False,-3.8000000000000034,0.3200031808272431,Normal transmission,False,28664,-8.260521683469356,32,3.0,445,-20.0,2.0000000000000018,0.0,54.04220589286303,-0.5743075440655048,Normal market quality,False,0,False,Normal,Official ECB inputs; RepoLens derived analytics
2020-01-15,-0.538,0.0,0.4327087266340528,-0.0577755854254883,Normal,False,False,False,-0.5,False,-3.8000000000000034,0.2986253259137676,Normal transmission,False,26023,-9.21364778118895,29,-3.0,411,-34.0,2.0000000000000018,0.0,46.020947854493066,-8.021258038369965,Normal market quality,False,0,False,Normal,Official ECB inputs; RepoLens derived analytics
2020-01-16,-0.536,0.2000000000000001,0.4344082484435462,0.3798270419385069,Normal,False,False,False,-0.5,False,-3.600000000000003,0.604876703739061,Normal transmission,False,29388,12.930868846789378,30,1.0,441,30.0,2.0000000000000018,0.0,52.35812966013698,6.337181805643915,Normal market quality,False,0,False,Normal,Official ECB inputs; RepoLens derived analytics
2020-01-17,-0.537,-0.1,0.4058454463410791,-0.2340792556784302,Normal,False,False,False,-0.5,False,-3.7000000000000033,0.4117608488036031,Normal transmission,False,31817,8.265278344902672,28,-2.0,409,-32.0,2.0000000000000018,0.0,50.75788350703301,-1.6002461531039742,Normal market quality,False,0,False,Normal,Official ECB inputs; RepoLens derived analytics
2020-01-20,-0.538,-0.1,0.3959000405471858,-0.2778479129427864,Normal,False,False,False,-0.5,False,-3.8000000000000034,0.2175831012673524,Normal transmission,False,33566,5.4970613194204265,29,1.0,439,30.0,2.0000000000000018,0.0,55.3926485006379,4.63476499360489,Normal market quality,False,0,False,Normal,Official ECB inputs; RepoLens derived analytics
2020-01-21,-0.535,0.3000000000000002,0.4011496636313923,0.6855296786505392,Normal,False,False,False,-0.5,False,-3.500000000000003,0.7133898945824055,Normal transmission,False,31033,-7.5463266400524365,30,1.0,430,-9.0,2.0000000000000018,0.0,53.29097502412412,-2.101673476513774,Normal market quality,False,0,False,Normal,Official ECB inputs; RepoLens derived analytics
2020-01-22,-0.536,-0.1,0.402099751960028,-0.298433409657833,Normal,False,False,False,-0.5,False,-3.600000000000003,0.5112162351830274,Normal transmission,False,30474,-1.801308284729164,29,-1.0,422,-8.0,3.0000000000000027,1.0000000000000009,49.87927597040967,-3.4116990537144503,Normal market quality,False,0,False,Normal,Official ECB inputs; RepoLens derived analytics
2020-01-23,-0.537,-0.1,0.3844339653103127,-0.3641717762554954,Normal,False,False,False,-0.5,False,-3.7000000000000033,0.3047409621765207,Normal transmission,False,31463,3.2453895123712106,29,0.0,425,3.0,2.0000000000000018,-1.0000000000000009,52.29114937171301,2.411873401303339,Normal market quality,False,0,False,Normal,Official ECB inputs; RepoLens derived analytics
2020-01-24,-0.537,0.0,0.3704904288841171,-0.1619475034232719,Normal,False,False,False,-0.5,False,-3.7000000000000033,0.283299941078913,Normal transmission,False,33324,5.914884149636079,30,1.0,428,3.0,2.0000000000000018,0.0,55.54518170053333,3.2540323288203155,Normal market quality,False,0,False,Normal,Official ECB inputs; RepoLens derived analytics
2020-01-27,-0.538,-0.1,0.3396592719956747,-0.3532952281706834,Normal,False,False,False,-0.5,False,-3.8000000000000034,0.0756753946023174,Normal transmission,False,33033,-0.8732445084623675,29,-1.0,434,6.0,2.0000000000000018,0.0,54.387474791087286,-1.1577069094460413,Normal market quality,False,0,False,Normal,Official ECB inputs; RepoLens derived analytics
2020-01-28,-0.536,0.2000000000000001,0.3416292234510824,0.5122512595151516,Normal,False,False,False,-0.5,False,-3.600000000000003,0.4341210584097996,Normal transmission,False,37845,14.567250930887287,33,4.0,432,-2.0,5.000000000000004,3.0000000000000027,60.415119847795125,6.02764505670784,Normal market quality,False,0,False,Normal,Official ECB inputs; RepoLens derived analytics
2020-01-29,-0.54,-0.4000000000000003,0.266507628013672,-1.3320444245662966,Mild easing,False,False,False,-0.5,False,-4.000000000000004,-0.3678946071194385,Normal transmission,False,32714,-13.55793367683974,30,-3.0,437,5.0,2.0000000000000018,-3.0000000000000027,55.16783796828109,-5.247281879514034,Normal market quality,False,0,False,Normal,Official ECB inputs; RepoLens derived analytics
2020-01-30,-0.539,0.1,0.2,0.5000000000000003,Normal,False,False,False,-0.5,False,-3.900000000000004,-0.1611635807102176,Normal transmission,False,32097,-1.8860426728617763,27,-3.0,428,-9.0,3.0000000000000027,1.0000000000000009,49.30610732878421,-5.8617306394968836,Normal market quality,False,0,False,Normal,Official ECB inputs; RepoLens derived analytics
2020-01-31,-0.539,0.0,0.1943951483041964,0.051441613060999,Normal,False,True,False,-0.5,False,-3.900000000000004,-0.1681491458306919,Normal transmission,False,32163,0.2056266940835494,29,2.0,436,8.0,2.0000000000000018,-1.0000000000000009,53.35900126291651,4.0528939341323,Normal market quality,False,0,False,Month-end watch,Official ECB inputs; RepoLens derived analytics
2020-02-03,-0.537,0.2000000000000001,0.1943951483041964,0.9773906481589828,Normal,False,False,False,-0.5,False,-3.7000000000000033,0.2208627572293519,Normal transmission,False,38392,19.366974473774224,28,-1.0,456,20.0,2.0000000000000018,0.0,60.0151548070245,6.656153544107994,Normal market quality,False,0,False,Normal,Official ECB inputs; RepoLens derived analytics
2020-02-04,-0.536,0.1,0.1935812083093974,0.4132632536942195,Normal,False,False,False,-0.5,False,-3.600000000000003,0.414911614056727,Normal transmission,False,36167,-5.795478224630135,30,2.0,464,8.0,2.0000000000000018,0.0,60.23002150936618,0.2148667023416806,Normal market quality,False,0,False,Normal,Official ECB inputs; RepoLens derived analytics
2020-02-05,-0.536,0.0,0.1716790150557904,0.0,Normal,False,False,False,-0.5,False,-3.600000000000003,0.4016689538279191,Normal transmission,False,35449,-1.9852351591229556,30,0.0,436,-28.0,2.0000000000000018,0.0,57.61692895528272,-2.6130925540834653,Normal market quality,False,0,False,Normal,Official ECB inputs; RepoLens derived analytics
2020-02-06,-0.535,0.1,0.1576137851304824,0.5075698165218933,Normal,False,False,False,-0.5,False,-3.500000000000003,0.5794951807822846,Normal transmission,False,33619,-5.162345905385202,28,-2.0,427,-9.0,3.0000000000000027,1.0000000000000009,51.5721115992382,-6.044817356044518,Normal market quality,False,0,False,Normal,Official ECB inputs; RepoLens derived analytics
2020-02-07,-0.537,-0.2000000000000001,0.163755273117186,-1.2518680839871257,Mild easing,False,False,False,-0.5,False,-3.7000000000000033,0.1843848302489082,Normal transmission,False,32644,-2.900145750914662,29,1.0,423,-4.0,2.0000000000000018,-1.0000000000000009,52.653775718200585,1.0816641189623866,Normal market quality,False,0,False,Normal,Official ECB inputs; RepoLens derived analytics
2020-02-10,-0.537,0.0,0.1622214211307625,0.0,Normal,False,False,False,-0.5,False,-3.7000000000000033,0.2074463486854368,Normal transmission,False,33678,3.167503982355102,29,0.0,440,17.0,2.0000000000000018,0.0,54.76487908220021,2.111103363999625,Normal market quality,False,0,False,Normal,Official ECB inputs; RepoLens derived analytics
2020-02-11,-0.541,-0.4000000000000003,0.1843195166294831,-2.0887641582411627,Sharp easing,True,False,False,-0.5,False,-4.100000000000003,-0.5780038267289911,Normal transmission,False,32222,-4.323297107904267,29,0.0,423,-17.0,2.0000000000000018,0.0,52.13360362480532,-2.631275457394892,Normal market quality,False,1,True,Monitor,Official ECB inputs; RepoLens derived analytics
2020-02-12,-0.541,0.0,0.1843195166294831,0.0813804217496556,Normal,False,False,False,-0.5,False,-4.100000000000003,-0.5780038267289911,Normal transmission,False,31753,-1.4555272794984808,29,0.0,423,0.0,2.0000000000000018,0.0,51.6192809660542,-0.5143226587511194,Normal market quality,False,0,False,Normal,Official ECB inputs; RepoLens derived analytics
2020-02-13,-0.54,0.1,0.1794729124848356,0.6686245759238981,Normal,False,False,False,-0.5,False,-4.000000000000004,-0.3815031089164129,Normal transmission,False,31655,-0.30863225521997606,28,-1.0,426,3.0,2.0000000000000018,0.0,50.4884632206332,-1.1308177454209982,Normal market quality,False,0,False,Normal,Official ECB inputs; RepoLens derived analytics
2020-02-14,-0.538,0.2000000000000001,0.1848897253129978,1.1087690224697877,Mild tightening,False,False,False,-0.5,False,-3.8000000000000034,0.0067286891905063,Normal transmission,False,34136,7.837624387932407,29,1.0,436,10.0,2.0000000000000018,0.0,54.94815759894201,4.459694378308811,Normal market quality,False,0,False,Normal,Official ECB inputs; RepoLens derived analytics
2020-02-17,-0.541,-0.3000000000000002,0.1954078056944394,-1.4584883085256932,Mild easing,False,False,False,-0.5,False,-4.100000000000003,-0.7105948115815102,Normal transmission,False,35151,2.973400515584723,29,0.0,432,-4.0,2.0000000000000018,0.0,55.72251372215172,0.7743561232097065,Normal market quality,False,0,False,Normal,Official ECB inputs; RepoLens derived analytics
2020-02-18,-0.536,0.5000000000000004,0.2163695668842645,2.3339696394092404,Sharp tightening,True,False,False,-0.5,False,-3.600000000000003,0.704068969984926,Normal transmission,False,31880,-9.30556740917755,28,-1.0,413,-19.0,2.0000000000000018,0.0,49.75000686691882,-5.972506855232901,Normal market quality,False,1,True,Monitor,Official ECB inputs; RepoLens derived analytics
2020-02-19,-0.538,-0.2000000000000001,0.2198085291195139,-0.864388660263013,Normal,False,False,False,-0.5,False,-3.8000000000000034,0.135586019236825,Normal transmission,False,32866,3.092848180677543,29,1.0,411,-2.0,3.0000000000000027,1.0000000000000009,50.71838979149514,0.9683829245763249,Normal market quality,False,0,False,Normal,Official ECB inputs; RepoLens derived analytics
2020-02-20,-0.538,0.0,0.2187885304412267,0.0228531175282205,Normal,False,False,False,-0.5,False,-3.8000000000000034,0.1633519524135843,Normal transmission,False,32691,-0.5324651615651432,28,-1.0,440,29.0,3.0000000000000027,0.0,51.190647214655264,0.47225742316012287,Normal market quality,False,0,False,Normal,Official ECB inputs; RepoLens derived analytics
2020-02-21,-0.539,-0.1,0.2198085291195139,-0.4094472601245851,Normal,False,False,False,-0.5,False,-3.900000000000004,-0.1064640218106221,Normal transmission,False,35098,7.362882750604149,28,0.0,442,2.0,3.0000000000000027,0.0,53.90269973742306,2.7120525227677987,Normal market quality,False,0,False,Normal,Official ECB inputs; RepoLens derived analytics
2020-02-24,-0.54,-0.1,0.2198085291195139,-0.4094472601245851,Normal,False,False,False,-0.5,False,-4.000000000000004,-0.3845984658432039,Normal transmission,False,34684,-1.1795543905635641,27,-1.0,433,-9.0,3.0000000000000027,0.0,51.59206577518886,-2.3106339622342063,Normal market quality,False,0,False,Normal,Official ECB inputs; RepoLens derived analytics
2020-02-25,-0.539,0.1,0.2158825216591068,0.5326971313666277,Normal,False,False,False,-0.5,False,-3.900000000000004,-0.0328903457590693,Normal transmission,False,33258,-4.111405835543769,29,2.0,433,0.0,3.0000000000000027,0.0,52.51991238873742,0.9278466135485601,Normal market quality,False,0,False,Normal,Official ECB inputs; RepoLens derived analytics
2020-02-26,-0.539,0.0,0.1959457497423847,-0.0255172669301255,Normal,False,False,False,-0.5,False,-3.900000000000004,0.0057425375424905,Normal transmission,False,34286,3.0909856275181946,27,-2.0,414,-19.0,3.0000000000000027,0.0,49.87391489416757,-2.6459974945698477,Normal market quality,False,0,False,Normal,Official ECB inputs; RepoLens derived analytics
2020-02-27,-0.538,0.1,0.1959457497423847,0.4848280716723849,Normal,False,False,False,-0.5,False,-3.8000000000000034,0.3340939268653755,Normal transmission,False,31087,-9.330338913842384,27,0.0,425,11.0,3.0000000000000027,0.0,47.1582996315712,-2.7156152625963728,Normal market quality,False,0,False,Normal,Official ECB inputs; RepoLens derived analytics
2020-02-28,-0.54,-0.2000000000000001,0.201246117974981,-0.9689627902499096,Normal,False,True,False,-0.5,False,-4.000000000000004,-0.3510017667405733,Normal transmission,False,33073,6.388522533534924,30,3.0,434,9.0,3.0000000000000027,0.0,53.65801833740884,6.499718705837644,Normal market quality,False,0,False,Month-end watch,Official ECB inputs; RepoLens derived analytics
2020-03-02,-0.542,-0.2000000000000001,0.1996707816698066,-0.8764427050192839,Normal,False,False,False,-0.5,False,-4.200000000000004,-1.0217649223559158,Normal transmission,False,30645,-7.34133583285459,26,-4.0,330,-104.0,2.0000000000000018,-1.0000000000000009,40.237384471227685,-13.420633866181156,Normal market quality,True,1,True,Monitor,Official ECB inputs; RepoLens derived analytics
2020-03-03,-0.542,0.0,0.1976173868336168,0.1518085047104605,Normal,False,False,False,-0.5,False,-4.200000000000004,-1.00253910787404,Normal transmission,False,35167,14.756077663566657,28,2.0,356,26.0,2.0000000000000018,0.0,49.62582952417471,9.388445052947027,Normal market quality,False,0,False,Normal,Official ECB inputs; RepoLens derived analytics
2020-03-04,-0.541,0.1,0.1996707816698066,0.6260305035852027,Normal,False,False,False,-0.5,False,-4.100000000000003,-0.6626953424930081,Normal transmission,False,40672,15.65388005800894,30,2.0,492,136.0,2.0000000000000018,0.0,66.99153119084755,17.36570166667284,Strong market quality,False,0,False,Normal,Official ECB inputs; RepoLens derived analytics
2020-03-05,-0.54,0.1,0.1996707816698066,0.6260305035852027,Normal,False,False,False,-0.5,False,-4.000000000000004,-0.3294574948138326,Normal transmission,False,36928,-9.205350118017307,29,-1.0,484,-8.0,3.0000000000000027,1.0000000000000009,59.56745340188243,-7.424077788965121,Normal market quality,False,0,False,Normal,Official ECB inputs; RepoLens derived analytics
2020-03-06,-0.541,-0.1,0.196281216089247,-0.4075784814967974,Normal,False,False,False,-0.5,False,-4.100000000000003,-0.7019449868388421,Normal transmission,False,38242,3.5582755632582286,29,0.0,494,10.0,3.0000000000000027,0.0,61.44594954038621,1.8784961385037775,Normal market quality,False,0,False,Normal,Official ECB inputs; RepoLens derived analytics
2020-03-09,-0.539,0.2000000000000001,0.2023545611570261,1.037782389481407,Mild tightening,False,False,False,-0.5,False,-3.900000000000004,-0.035759151953282,Normal transmission,False,40232,5.203702735212601,29,0.0,500,6.0,3.0000000000000027,0.0,63.67148732222127,2.225537781835058,Normal market quality,False,0,False,Normal,Official ECB inputs; RepoLens derived analytics
2020-03-10,-0.541,-0.2000000000000001,0.1863782232592186,-1.0730867399773203,Mild easing,False,False,False,-0.5,False,-4.100000000000003,-0.7876094657464313,Normal transmission,False,45152,12.229071385961433,29,0.0,499,-1.0,2.0000000000000018,-1.0000000000000009,66.5454981673892,2.8740108451679305,Strong market quality,False,0,False,Normal,Official ECB inputs; RepoLens derived analytics
2020-03-11,-0.543,-0.2000000000000001,0.1916685735984466,-0.9912944852297896,Normal,False,False,False,-0.5,False,-4.300000000000004,-1.5202694338826492,Normal transmission,False,48537,7.496899362154497,31,2.0,524,25.0,2.0000000000000018,0.0,70.52624799067164,3.980749823282437,Strong market quality,False,0,False,Normal,Official ECB inputs; RepoLens derived analytics
2020-03-12,-0.54,0.3000000000000002,0.2026144900517911,1.480644350378475,Mild tightening,False,False,False,-0.5,False,-4.000000000000004,-0.4478465945365232,Normal transmission,False,48041,-1.0219008179327083,28,-3.0,515,-9.0,2.0000000000000018,0.0,65.96836356244843,-4.557884428223204,Strong market quality,False,0,False,Normal,Official ECB inputs; RepoLens derived analytics
2020-03-13,-0.541,-0.1,0.1980829172474576,-0.4291132278398986,Normal,False,False,False,-0.5,False,-4.100000000000003,-0.7931568245544921,Normal transmission,False,44382,-7.616410982285959,30,2.0,477,-38.0,2.0000000000000018,0.0,65.6519115060759,-0.31645205637252616,Strong market quality,False,0,False,Normal,Official ECB inputs; RepoLens derived analytics
2020-03-16,-0.536,0.5000000000000004,0.2173403830521681,2.185511929856065,Sharp tightening,True,False,False,-0.5,False,-3.600000000000003,1.0470224610452,Normal transmission,False,39369,-11.29511964309855,30,0.0,495,18.0,3.0000000000000027,1.0000000000000009,61.00914378524033,-4.642767720835572,Normal market quality,False,1,True,Monitor,Official ECB inputs; RepoLens derived analytics
2020-03-17,-0.531,0.5000000000000004,0.2173403830521681,2.185511929856065,Sharp tightening,True,False,False,-0.5,False,-3.1000000000000028,2.673083511204894,Unusually above policy rate,True,44130,12.093271355635139,31,1.0,496,1.0,5.000000000000004,2.0000000000000018,63.57049729623013,2.5613535109897967,Normal market quality,False,2,True,High attention,Official ECB inputs; RepoLens derived analytics
2020-03-18,-0.529,0.2000000000000001,0.2139232523470434,0.7245589168051105,Normal,False,False,False,-0.5,False,-2.9000000000000026,3.037801510395456,Unusually above policy rate,True,41457,-6.057104010876957,30,-1.0,525,29.0,5.000000000000004,0.0,61.540514332314565,-2.0299829639155647,Normal market quality,False,1,True,Monitor,Official ECB inputs; RepoLens derived analytics
2020-03-19,-0.526,0.3000000000000002,0.221002500581233,1.0859605632008873,Mild tightening,False,False,False,-0.5,False,-2.6000000000000023,3.577662110673247,Unusually above policy rate,True,40550,-2.1878090551655904,30,0.0,515,-10.0,6.000000000000005,1.0000000000000009,58.7807692388511,-2.759745093463465,Normal market quality,True,2,True,High attention,Official ECB inputs; RepoLens derived analytics
2020-03-20,-0.524,0.2000000000000001,0.2197486602557807,0.5688316818610132,Normal,False,False,False,-0.5,False,-2.400000000000002,3.843114616683713,Unusually above policy rate,True,38819,-4.268803945745992,31,1.0,524,9.0,6.000000000000005,0.0,59.13097868649061,0.35020944763950723,Normal market quality,True,2,True,High attention,Official ECB inputs; RepoLens derived analytics
2020-03-23,-0.525,-0.1,0.2197486602557807,-0.7963643546054184,Normal,False,False,False,-0.5,False,-2.500000000000002,3.200965630775829,Unusually above policy rate,True,42983,10.72670599448724,31,0.0,538,14.0,6.000000000000005,0.0,62.99602252334744,3.8650438368568345,Normal market quality,True,2,True,High attention,Official ECB inputs; RepoLens derived analytics
2020-03-24,-0.527,-0.2000000000000001,0.2280350850198276,-1.140175425099139,Mild easing,False,False,False,-0.5,False,-2.7000000000000024,2.499790070524254,Unusually above policy rate,True,44586,3.7293813833376044,29,-2.0,563,25.0,6.000000000000005,0.0,62.71416140772239,-0.28186111562504834,Normal market quality,True,2,True,High attention,Official ECB inputs; RepoLens derived analytics
2020-03-25,-0.527,0.0,0.2280350850198276,-0.2631174057921089,Normal,False,False,False,-0.5,False,-2.7000000000000024,2.405002996683876,Unusually above policy rate,True,45443,1.9221280222491366,29,0.0,544,-19.0,6.000000000000005,0.0,61.8729613373451,-0.8412000703772904,Normal market quality,True,2,True,High attention,Official ECB inputs; RepoLens derived analytics
2020-03-26,-0.529,-0.2000000000000001,0.2350251946180731,-1.0424414301544844,Mild easing,False,False,False,-0.5,False,-2.9000000000000026,1.839432669276832,Normal transmission,False,44398,-2.2995840943599632,32,3.0,556,12.0,5.000000000000004,-1.0000000000000009,66.41271397887546,4.539752641530356,Strong market quality,False,0,False,Normal,Official ECB inputs; RepoLens derived analytics
2020-03-27,-0.53,-0.1,0.2305599590927317,-0.6505899835785007,Normal,False,False,False,-0.5,False,-3.0000000000000027,1.5495804134970623,Normal transmission,False,41609,-6.281814496148474,32,0.0,448,-108.0,5.000000000000004,0.0,58.43215725364378,-7.980556725231679,Normal market quality,False,0,False,Normal,Official ECB inputs; RepoLens derived analytics
2020-03-30,-0.528,0.2000000000000001,0.2250146194080918,0.5777402390207768,Normal,False,False,False,-0.5,False,-2.8000000000000025,1.900337057362887,Normal transmission,False,51283,23.24977769232619,32,0.0,562,114.0,5.000000000000004,0.0,68.83725296097656,10.405095707332777,Strong market quality,False,0,False,Normal,Official ECB inputs; RepoLens derived analytics
2020-03-31,-0.522,0.6000000000000005,0.2533979603623311,1.973180838887005,Mild tightening,False,True,True,-0.5,False,-2.200000000000002,2.9184402055006657,Unusually above policy rate,True,49020,-4.412768363785268,31,-1.0,544,-18.0,7.000000000000006,2.0000000000000018,64.16246282372754,-4.674790137249019,Normal market quality,True,2,True,High attention,Official ECB inputs; RepoLens derived analytics
2020-04-01,-0.527,-0.5000000000000004,0.286723780520189,-1.987976019867892,Mild easing,False,False,False,-0.5,False,-2.7000000000000024,1.8204642098307224,Normal transmission,False,53453,9.04324765401876,33,2.0,594,50.0,5.000000000000004,-2.0000000000000018,71.10368783822295,6.941225014495416,Strong market quality,False,0,False,Normal,Official ECB inputs; RepoLens derived analytics
2020-04-02,-0.534,-0.7000000000000006,0.3341918768107865,-2.1843738602099947,Sharp easing,True,False,False,-0.5,False,-3.400000000000003,0.4268238697643666,Normal transmission,False,52948,-0.9447552055076414,32,-1.0,598,4.0,4.000000000000004,-1.0,70.86161826732244,-0.24206957090051162,Strong market quality,False,1,True,Monitor,Official ECB inputs; RepoLens derived analytics
2020-04-03,-0.539,-0.5000000000000004,0.3537766170012402,-1.4415876445508906,Mild easing,False,False,False,-0.5,False,-3.900000000000004,-0.5540244246691819,Normal transmission,False,45912,-13.288509481000222,29,-3.0,542,-56.0,5.000000000000004,1.0,59.93879418351708,-10.92282408380536,Normal market quality,False,0,False,Normal,Official ECB inputs; RepoLens derived analytics
2020-04-06,-0.533,0.6000000000000005,0.3757098544579876,1.517128159500375,Mild tightening,False,False,False,-0.5,False,-3.300000000000003,0.6111920994931969,Normal transmission,False,59270,29.094790033106822,33,4.0,629,87.0,3.0000000000000027,-2.0000000000000018,73.22865235421519,13.289858170698103,Strong market quality,False,0,False,Normal,Official ECB inputs; RepoLens derived analytics
2020-04-07,-0.533,0.0,0.3719083078847316,-0.1075533919301354,Normal,False,False,False,-0.5,False,-3.300000000000003,0.5937384624969814,Normal transmission,False,58379,-1.5032900286823025,32,-1.0,627,-2.0,4.000000000000004,1.0000000000000018,70.7810007478454,-2.4476516063697886,Strong market quality,False,0,False,Normal,Official ECB inputs; RepoLens derived analytics
2020-04-08,-0.535,-0.2000000000000001,0.3719083078847316,-0.6453203515808128,Normal,False,False,False,-0.5,False,-3.500000000000003,0.19266028039114,Normal transmission,False,56559,-3.1175593963582826,34,2.0,621,-6.0,3.0000000000000027,-1.0000000000000018,74.3679198338188,3.586919085973406,Strong market quality,False,0,False,Normal,Official ECB inputs; RepoLens derived analytics
2020-04-09,-0.536,-0.1,0.3679244773763112,-0.3261538912978186,Normal,False,False,False,-0.5,False,-3.600000000000003,-0.0032654284812062,Normal transmission,False,55456,-1.9501759224880177,34,0.0,622,1.0,3.0000000000000027,0.0,74.11534557342246,-0.2525742603963437,Strong market quality,False,0,False,Normal,Official ECB inputs; RepoLens derived analytics
2020-04-14,-0.534,0.2000000000000001,0.3688888008172939,0.4472892634160574,Normal,False,False,False,-0.5,False,-3.400000000000003,0.378451288981629,Normal transmission,False,58074,4.720859780727071,33,-1.0,619,-3.0,3.0000000000000027,0.0,72.39098187255468,-1.7243637008677837,Strong market quality,False,0,False,Normal,Official ECB inputs; RepoLens derived analytics
2020-04-15,-0.535,-0.1,0.3531437757001949,-0.2973293237062202,Normal,False,False,False,-0.5,False,-3.500000000000003,0.173112767975624,Normal transmission,False,57086,-1.7012776802011187,33,0.0,605,-14.0,3.0000000000000027,0.0,71.5496646386936,-0.8413172338610764,Strong market quality,False,0,False,Normal,Official ECB inputs; RepoLens derived analytics
2020-04-16,-0.534,0.1,0.3344673691896291,0.3438302524955726,Normal,False,False,False,-0.5,False,-3.400000000000003,0.3654962073920552,Normal transmission,False,55636,-2.5400273271905527,33,0.0,579,-26.0,3.0000000000000027,0.0,69.40523170787051,-2.1444329308230863,Strong market quality,False,0,False,Normal,Official ECB inputs; RepoLens derived analytics
2020-04-17,-0.538,-0.4000000000000003,0.3410124245305596,-1.041017788394942,Mild easing,False,False,False,-0.5,False,-3.8000000000000034,-0.4105878111371555,Normal transmission,False,54008,-2.9261629160974856,32,-1.0,552,-27.0,3.0000000000000027,0.0,66.00116113047379,-3.4040705773967233,Strong market quality,False,0,False,Normal,Official ECB inputs; RepoLens derived analytics
2020-04-20,-0.541,-0.3000000000000002,0.3354101966249685,-0.6708203932499373,Normal,False,False,False,-0.5,False,-4.100000000000003,-0.9763778126059874,Normal transmission,False,50826,-5.891719745222934,33,1.0,561,9.0,3.0000000000000027,0.0,65.83142873988672,-0.1697323905870718,Strong market quality,False,0,False,Normal,Official ECB inputs; RepoLens derived analytics
2020-04-21,-0.541,0.0,0.329712793679271,0.2578001267451091,Normal,False,False,False,-0.5,False,-4.100000000000003,-0.9561556183242846,Normal transmission,False,49960,-1.7038523590288457,35,2.0,587,26.0,3.0000000000000027,0.0,68.56412604269202,2.732697302805306,Strong market quality,False,0,False,Normal,Official ECB inputs; RepoLens derived analytics
2020-04-22,-0.539,0.2000000000000001,0.3357630743623593,0.8041384554056505,Normal,False,False,False,-0.5,False,-3.900000000000004,-0.5670429568173518,Normal transmission,False,48712,-2.4979983987189702,30,-5.0,581,-6.0,3.0000000000000027,0.0,61.63778368360413,-6.926342359087897,Normal market quality,False,0,False,Normal,Official ECB inputs; RepoLens derived analytics
2020-04-23,-0.539,0.0,0.3346640106136303,0.1792842914001591,Normal,False,False,False,-0.5,False,-3.900000000000004,-0.5559456985922576,Normal transmission,False,47408,-2.6769584496633247,31,1.0,571,-10.0,3.0000000000000027,0.0,61.70275125989235,0.06496757628822536,Normal market quality,False,0,False,Normal,Official ECB inputs; RepoLens derived analytics
2020-04-24,-0.539,0.0,0.3346640106136303,0.1792842914001591,Normal,False,False,False,-0.5,False,-3.900000000000004,-0.5603316625460723,Normal transmission,False,47254,-0.3248396895038863,32,1.0,565,-6.0,3.0000000000000027,0.0,62.44990500355891,0.7471537436665585,Normal market quality,False,0,False,Normal,Official ECB inputs; RepoLens derived analytics
2020-04-27,-0.539,0.0,0.3332456024900365,0.1500394892727652,Normal,False,False,False,-0.5,False,-3.900000000000004,-0.5603316625460723,Normal transmission,False,49146,4.003893850256057,31,-1.0,585,20.0,3.0000000000000027,0.0,62.70611035882847,0.25620535526955734,Normal market quality,False,0,False,Normal,Official ECB inputs; RepoLens derived analytics
2020-04-28,-0.541,-0.2000000000000001,0.3347819400272678,-0.4331177481921216,Normal,False,False,False,-0.5,False,-4.100000000000003,-0.9336109706628152,Normal transmission,False,46757,-4.861026329711471,32,1.0,572,-13.0,3.0000000000000027,0.0,62.21632458046557,-0.4897857783629007,Normal market quality,False,0,False,Normal,Official ECB inputs; RepoLens derived analytics
2020-04-29,-0.543,-0.2000000000000001,0.3306691779757496,-0.3780213225956223,Normal,False,False,False,-0.5,False,-4.300000000000004,-1.2787661742181524,Normal transmission,False,46325,-0.9239258292875974,32,0.0,547,-25.0,2.0000000000000018,-1.0000000000000009,62.16165542527284,-0.05466915519272675,Normal market quality,False,0,False,Normal,Official ECB inputs; RepoLens derived analytics
2020-04-30,-0.531,1.200000000000001,0.412278648744422,3.0198022715743305,Sharp tightening,True,True,False,-0.5,False,-3.1000000000000028,0.960011669142557,Normal transmission,False,39756,-14.180248246087423,27,-5.0,466,-81.0,5.000000000000004,3.0000000000000027,47.05257445471344,-15.109080970559404,Normal market quality,False,1,True,Monitor,Official ECB inputs; RepoLens derived analytics
2020-05-04,-0.543,-1.200000000000001,0.4774934554525332,-2.345581886433495,Sharp easing,True,False,False,-0.5,False,-4.300000000000004,-1.2453722210024871,Normal transmission,False,48133,21.07103330314921,30,3.0,550,84.0,2.0000000000000018,-3.0000000000000027,60.651115692370766,13.59854123765733,Normal market quality,False,1,True,Monitor,Official ECB inputs; RepoLens derived analytics
2020-05-05,-0.539,0.4000000000000003,0.4655217785622814,0.91295406481856,Normal,False,False,False,-0.5,False,-3.900000000000004,-0.4942571056453596,Normal transmission,False,53443,11.031932354102182,33,3.0,562,12.0,4.000000000000004,2.0000000000000027,64.43108138497956,3.7799656926087977,Normal market quality,False,0,False,Normal,Official ECB inputs; RepoLens derived analytics
2020-05-06,-0.542,-0.3000000000000002,0.456848471942054,-0.6238392322698831,Normal,False,False,False,-0.5,False,-4.200000000000004,-1.0222999330850642,Normal transmission,False,49616,-7.160900398555469,32,-1.0,554,-8.0,3.0000000000000027,-1.0000000000000018,62.31501082218705,-2.1160705627925154,Normal market quality,False,0,False,Normal,Official ECB inputs; RepoLens derived analytics
2020-05-07,-0.541,0.1,0.4345596682426455,0.3221651944050827,Normal,False,False,False,-0.5,False,-4.100000000000003,-0.822818314187043,Normal transmission,False,32961,-33.56780070944857,30,-2.0,409,-145.0,3.0000000000000027,0.0,47.71350095154729,-14.60150987063976,Normal market quality,False,0,False,Normal,Official ECB inputs; RepoLens derived analytics
2020-05-08,-0.541,0.0,0.4345596682426455,0.0920471984014521,Normal,False,False,False,-0.5,False,-4.100000000000003,-0.822818314187043,Normal transmission,False,35476,7.630229665362087,32,2.0,461,52.0,3.0000000000000027,0.0,52.97136759867039,5.257866647123102,Normal market quality,False,0,False,Normal,Official ECB inputs; RepoLens derived analytics
2020-05-11,-0.544,-0.3000000000000002,0.4370655737866732,-0.5834364802304536,Normal,False,False,False,-0.5,False,-4.400000000000004,-1.3447879337070408,Normal transmission,False,48914,37.87912955237343,31,-1.0,535,74.0,3.0000000000000027,0.0,60.108597414155525,7.137229815485135,Normal market quality,False,0,False,Normal,Official ECB inputs; RepoLens derived analytics
2020-05-12,-0.543,0.1,0.4380278770268301,0.3081995623573773,Normal,False,False,False,-0.5,False,-4.300000000000004,-1.146798966782811,Normal transmission,False,47105,-3.6983276771476503,30,-1.0,556,21.0,3.0000000000000027,0.0,58.855971802670624,-1.252625611484902,Normal market quality,False,0,False,Normal,Official ECB inputs; RepoLens derived analytics
2020-05-13,-0.542,0.1,0.4357691325026424,0.3212710344947418,Normal,False,False,False,-0.5,False,-4.200000000000004,-0.9497249818122948,Normal transmission,False,47498,0.8343063369069093,32,2.0,547,-9.0,3.0000000000000027,0.0,60.95941890505159,2.1034471023809687,Normal market quality,False,0,False,Normal,Official ECB inputs; RepoLens derived analytics
2020-05-14,-0.541,0.1,0.4366137640379294,0.2977459959065944,Normal,False,False,False,-0.5,False,-4.100000000000003,-0.7727575938969591,Normal transmission,False,45901,-3.3622468314455367,31,-1.0,540,-7.0,4.000000000000004,1.0000000000000018,57.61037211664416,-3.349046788407435,Normal market quality,False,0,False,Normal,Official ECB inputs; RepoLens derived analytics
2020-05-15,-0.543,-0.2000000000000001,0.4370655737866732,-0.3546378605322364,Normal,False,False,False,-0.5,False,-4.300000000000004,-1.094682442688964,Normal transmission,False,44086,-3.954162218688051,31,0.0,556,16.0,3.0000000000000027,-1.0000000000000018,58.553600287206585,0.9432281705624277,Normal market quality,False,0,False,Normal,Official ECB inputs; RepoLens derived analytics
2020-05-18,-0.542,0.1,0.4299326752680681,0.2791134679986318,Normal,False,False,False,-0.5,False,-4.200000000000004,-0.9018432972388496,Normal transmission,False,46151,4.684026675134967,30,-1.0,563,7.0,4.000000000000004,1.0000000000000018,57.25135076636884,-1.3022495208377478,Normal market quality,False,0,False,Normal,Official ECB inputs; RepoLens derived analytics
2020-05-19,-0.542,0.0,0.4248529157249603,0.0117687788289462,Normal,False,False,False,-0.5,False,-4.200000000000004,-0.8845438969183974,Normal transmission,False,44659,-3.2328660267383125,29,-1.0,542,-21.0,4.000000000000004,0.0,54.6443917283635,-2.6069590380053356,Normal market quality,False,0,False,Normal,Official ECB inputs; RepoLens derived analytics
2020-05-20,-0.545,-0.3000000000000002,0.4299326752680681,-0.6512647586634742,Normal,False,False,False,-0.5,False,-4.500000000000004,-1.36502122220506,Normal transmission,False,32084,-28.15781813296312,28,-1.0,439,-103.0,3.0000000000000027,-1.0000000000000018,45.72012033133052,-8.924271397032982,Normal market quality,False,0,False,Normal,Official ECB inputs; RepoLens derived analytics
2020-05-21,-0.545,0.0,0.4268612494895615,0.0702804483561669,Normal,False,False,False,-0.5,False,-4.500000000000004,-1.3330187957120505,Normal transmission,False,34454,7.38685949382869,24,-4.0,384,-55.0,3.0000000000000027,0.0,40.04690352188147,-5.673216809449052,Normal market quality,True,1,True,Monitor,Official ECB inputs; RepoLens derived analytics
2020-05-22,-0.539,0.6000000000000005,0.4495611895592134,1.334634781503914,Mild tightening,False,False,False,-0.5,False,-3.900000000000004,-0.3248533199634408,Normal transmission,False,39461,14.532420038311944,27,3.0,431,47.0,3.0000000000000027,0.0,47.48112118661154,7.43421766473007,Normal market quality,False,0,False,Normal,Official ECB inputs; RepoLens derived analytics
2020-05-25,-0.54,-0.1,0.4501169438689184,-0.2110562628090394,Normal,False,False,False,-0.5,False,-4.000000000000004,-0.4895127210448346,Normal transmission,False,41311,4.688173132966722,27,0.0,412,-19.0,2.0000000000000018,-1.0000000000000009,48.8020436687264,1.3209224821148595,Normal market quality,False,0,False,Normal,Official ECB inputs; RepoLens derived analytics
2020-05-26,-0.541,-0.1,0.4506136167260679,-0.1997276528257065,Normal,False,False,False,-0.5,False,-4.100000000000003,-0.6467423713716302,Normal transmission,False,37891,-8.278666698942171,27,0.0,471,59.0,2.0000000000000018,0.0,49.48338554902701,0.6813418803006144,Normal market quality,False,0,False,Normal,Official ECB inputs; RepoLens derived analytics
2020-05-27,-0.541,0.0,0.448388928921029,0.0,Normal,False,False,False,-0.5,False,-4.100000000000003,-0.6429316775255567,Normal transmission,False,43110,13.773719352880631,28,1.0,496,25.0,2.0000000000000018,0.0,53.7451218389396,4.261736289912591,Normal market quality,False,0,False,Normal,Official ECB inputs; RepoLens derived analytics
2020-05-28,-0.541,0.0,0.4459171506716893,-0.0224256904784597,Normal,False,False,False,-0.5,False,-4.100000000000003,-0.6470492576666967,Normal transmission,False,41930,-2.7371839480399007,28,0.0,486,-10.0,2.0000000000000018,0.0,52.8669712929083,-0.8781505460312999,Normal market quality,False,0,False,Normal,Official ECB inputs; RepoLens derived analytics
2020-05-29,-0.54,0.1,0.3486439897358729,0.4158970304058583,Normal,False,True,False,-0.5,False,-4.000000000000004,-0.4870857810438087,Normal transmission,False,29159,-30.457906033865967,28,0.0,377,-109.0,4.000000000000004,2.0000000000000027,41.124929504634366,-11.742041788273937,Normal market quality,False,0,False,Month-end watch,Official ECB inputs; RepoLens derived analytics
2020-06-01,-0.546,-0.6000000000000005,0.2580799549711189,-2.2667393911528944,Sharp easing,True,False,False,-0.5,False,-4.600000000000004,-1.4588427104361317,Normal transmission,False,30109,3.2579992455159745,25,-3.0,275,-102.0,3.0000000000000027,-1.0000000000000018,35.634701026767175,-5.490228477867191,Normal market quality,True,2,True,High attention,Official ECB inputs; RepoLens derived analytics
2020-06-02,-0.542,0.4000000000000003,0.2580799549711189,1.6080287988520534,Mild tightening,False,False,False,-0.5,False,-4.200000000000004,-0.7886938244102161,Normal transmission,False,43494,44.455146301770235,29,4.0,497,222.0,2.0000000000000018,-1.0000000000000009,55.19855531717643,19.563854290409253,Normal market quality,False,0,False,Normal,Official ECB inputs; RepoLens derived analytics
2020-06-03,-0.543,-0.1,0.2502104377476982,-0.3796804036440483,Normal,False,False,False,-0.5,False,-4.300000000000004,-0.9439438718040224,Normal transmission,False,43142,-0.8093070308548334,28,-1.0,500,3.0,3.0000000000000027,1.0000000000000009,52.77677227038784,-2.4217830467885904,Normal market quality,False,0,False,Normal,Official ECB inputs; RepoLens derived analytics
2020-06-04,-0.545,-0.2000000000000001,0.252565780905115,-0.7126856193857208,Normal,False,False,False,-0.5,False,-4.500000000000004,-1.239984927758156,Normal transmission,False,42211,-2.157989893838952,28,0.0,484,-16.0,3.0000000000000027,0.0,51.80169234661941,-0.9750799237684262,Normal market quality,False,0,False,Normal,Official ECB inputs; RepoLens derived analytics
2020-06-05,-0.544,0.1,0.2539685019840059,0.452812057800941,Normal,False,False,False,-0.5,False,-4.400000000000004,-1.0625408919539667,Normal transmission,False,39470,-6.493568027291463,27,-1.0,464,-20.0,3.0000000000000027,0.0,48.76484836111224,-3.0368439855071685,Normal market quality,False,0,False,Normal,Official ECB inputs; RepoLens derived analytics
2020-06-08,-0.547,-0.3000000000000002,0.2539685019840059,-1.1221864041153755,Mild easing,False,False,False,-0.5,False,-4.700000000000005,-1.5147732341743076,Normal transmission,False,37691,-4.507220673929568,27,0.0,441,-23.0,3.0000000000000027,0.0,47.19962002280016,-1.5652283383120817,Normal market quality,False,0,False,Normal,Official ECB inputs; RepoLens derived analytics
2020-06-09,-0.542,0.5000000000000004,0.2781044862334262,1.7799065621132182,Mild tightening,False,False,False,-0.5,False,-4.200000000000004,-0.7128730638088472,Normal transmission,False,45690,21.222573028043822,31,4.0,492,51.0,4.000000000000004,1.0000000000000018,55.85348465947378,8.653864636673617,Normal market quality,False,0,False,Normal,Official ECB inputs; RepoLens derived analytics
2020-06-10,-0.548,-0.6000000000000005,0.3079644545449327,-1.850862953785584,Mild easing,False,False,False,-0.5,False,-4.800000000000004,-1.6119101633028186,Normal transmission,False,35280,-22.783978988837816,29,-2.0,434,-58.0,3.0000000000000027,-1.0000000000000018,48.20139717328901,-7.652087486184769,Normal market quality,False,0,False,Normal,Official ECB inputs; RepoLens derived analytics
2020-06-11,-0.547,0.1,0.3079644545449327,0.422126638582677,Normal,False,False,False,-0.5,False,-4.700000000000005,-1.4044823623928917,Normal transmission,False,35940,1.8707482993197244,24,-5.0,406,-28.0,3.0000000000000027,0.0,41.70872756327799,-6.492669610011021,Normal market quality,True,1,True,Monitor,Official ECB inputs; RepoLens derived analytics
2020-06-12,-0.546,0.1,0.3065512750104399,0.3751411570416194,Normal,False,False,False,-0.5,False,-4.600000000000004,-1.2095421173763905,Normal transmission,False,43742,21.708402893711742,31,7.0,493,87.0,3.0000000000000027,0.0,56.29921778216533,14.59049021888734,Normal market quality,False,0,False,Normal,Official ECB inputs; RepoLens derived analytics
2020-06-15,-0.547,-0.1,0.305863746754903,-0.2452072231368421,Normal,False,False,False,-0.5,False,-4.700000000000005,-1.3179054093638942,Normal transmission,False,48235,10.271592519775051,30,-1.0,503,10.0,3.0000000000000027,0.0,57.42851414492896,1.1292963627636325,Normal market quality,False,0,False,Normal,Official ECB inputs; RepoLens derived analytics
2020-06-16,-0.546,0.1,0.3071087583799659,0.3907410541887959,Normal,False,False,False,-0.5,False,-4.600000000000004,-1.1375143094754845,Normal transmission,False,38279,-20.64061366227843,28,-2.0,458,-45.0,3.0000000000000027,0.0,49.19386524100339,-8.234648903925574,Normal market quality,False,0,False,Normal,Official ECB inputs; RepoLens derived analytics
2020-06-17,-0.544,0.2000000000000001,0.3034451307377021,0.6426202968752137,Normal,False,False,False,-0.5,False,-4.400000000000004,-0.8075064839089976,Normal transmission,False,40038,4.595208861255529,30,2.0,479,21.0,3.0000000000000027,0.0,53.00422677622863,3.8103615352252405,Normal market quality,False,0,False,Normal,Official ECB inputs; RepoLens derived analytics
2020-06-18,-0.544,0.0,0.3034451307377021,-0.0164774435096208,Normal,False,False,False,-0.5,False,-4.400000000000004,-0.7879842917128826,Normal transmission,False,38042,-4.985263999200762,29,-1.0,480,1.0,3.0000000000000027,0.0,51.02298767422483,-1.9812391020037978,Normal market quality,False,0,False,Normal,Official ECB inputs; RepoLens derived analytics
2020-06-19,-0.546,-0.2000000000000001,0.2719810364906464,-0.6066599426525628,Normal,False,False,False,-0.5,False,-4.600000000000004,-1.1029457840258712,Normal transmission,False,40936,7.607381315388251,30,1.0,474,-6.0,3.0000000000000027,0.0,53.20397759199427,2.1809899177694376,Normal market quality,False,0,False,Normal,Official ECB inputs; RepoLens derived analytics
2020-06-22,-0.545,0.1,0.2731396404000978,0.457641372804397,Normal,False,False,False,-0.5,False,-4.500000000000004,-0.9095340069780926,Normal transmission,False,41682,1.8223568497166331,29,-1.0,464,-10.0,3.0000000000000027,0.0,51.9993804618185,-1.2045971301757703,Normal market quality,False,0,False,Normal,Official ECB inputs; RepoLens derived analytics
2020-06-23,-0.544,0.1,0.2739093203771527,0.4198469765163655,Normal,False,False,False,-0.5,False,-4.400000000000004,-0.7055185930647613,Normal transmission,False,38346,-8.003454728659854,28,-1.0,440,-24.0,4.000000000000004,1.0000000000000018,47.26244739057898,-4.73693307123952,Normal market quality,False,0,False,Normal,Official ECB inputs; RepoLens derived analytics
2020-06-24,-0.546,-0.2000000000000001,0.2769666519922381,-0.6318450208399259,Normal,False,False,False,-0.5,False,-4.600000000000004,-1.0505031110866596,Normal transmission,False,37257,-2.839931153184161,27,-1.0,447,7.0,3.0000000000000027,-1.0000000000000018,47.14566915375792,-0.11677823682105526,Normal market quality,False,0,False,Normal,Official ECB inputs; RepoLens derived analytics
2020-06-25,-0.547,-0.1,0.2773938867766423,-0.252348747888464,Normal,False,False,False,-0.5,False,-4.700000000000005,-1.225523031753072,Normal transmission,False,32993,-11.444829159621007,28,1.0,442,-5.0,3.0000000000000027,0.0,46.27343671810861,-0.872232435649309,Normal market quality,False,0,False,Normal,Official ECB inputs; RepoLens derived analytics
2020-06-26,-0.547,0.0,0.2758241239783444,0.1268924541304732,Normal,False,False,False,-0.5,False,-4.700000000000005,-1.2895096434860085,Normal transmission,False,32608,-1.1669141939199212,28,0.0,405,-37.0,3.0000000000000027,0.0,44.7532480841123,-1.5201886339963124,Normal market quality,False,0,False,Normal,Official ECB inputs; RepoLens derived analytics
2020-06-29,-0.545,0.2000000000000001,0.2459674775249768,0.7927877374771988,Normal,False,False,False,-0.5,False,-4.500000000000004,-0.8497222911210207,Normal transmission,False,35798,9.78287536800786,27,-1.0,436,31.0,3.0000000000000027,0.0,46.15798306440277,1.4047349802904705,Normal market quality,False,0,False,Normal,Official ECB inputs; RepoLens derived analytics
2020-06-30,-0.555,-1.0000000000000009,0.3166851333489,-2.9524594038012126,Sharp easing,True,True,True,-0.5,False,-5.500000000000005,-3.018635091755022,Unusually below policy rate,True,42421,18.501033577294823,28,1.0,496,60.0,6.999999999999995,3.999999999999992,47.54293611061387,1.384953046211102,Normal market quality,True,3,True,High attention,Official ECB inputs; RepoLens derived analytics
2020-07-01,-0.548,0.7000000000000006,0.359641634496283,2.015895631815381,Sharp tightening,True,False,False,-0.5,False,-4.800000000000004,-1.3602110924514037,Normal transmission,False,42883,1.0890832370759718,30,2.0,520,24.0,3.999999999999993,-3.0000000000000018,54.65863251332541,7.115696402711535,Normal market quality,False,1,True,Monitor,Official ECB inputs; RepoLens derived analytics
2020-07-02,-0.548,0.0,0.3572924498738284,0.0419824152603756,Normal,False,False,False,-0.5,False,-4.800000000000004,-1.3321269464660586,Normal transmission,False,43047,0.3824359303220337,29,-1.0,522,2.0,3.999999999999993,0.0,53.62164248504523,-1.0369900282801794,Normal market quality,False,0,False,Normal,Official ECB inputs; RepoLens derived analytics
2020-07-03,-0.549,-0.1,0.3567027363299352,-0.2102591103495998,Normal,False,False,False,-0.5,False,-4.900000000000004,-1.5332096972544955,Normal transmission,False,36435,-15.359955397588687,25,-4.0,423,-99.0,3.999999999999993,0.0,42.34509234831316,-11.27655013673207,Normal market quality,True,1,True,Monitor,Official ECB inputs; RepoLens derived analytics
2020-07-06,-0.55,-0.1,0.3513507768897811,-0.241923472469408,Normal,False,False,False,-0.5,False,-5.000000000000004,-1.714029254148442,Normal transmission,False,42383,16.32496226156168,31,6.0,503,80.0,2.999999999999992,-1.0000000000000009,56.21049020335565,13.865397855042488,Normal market quality,False,0,False,Normal,Official ECB inputs; RepoLens derived analytics
2020-07-07,-0.55,0.0,0.3299122690400555,0.1212443541926703,Normal,False,False,False,-0.5,False,-5.000000000000004,-1.6561655262908712,Normal transmission,False,42574,0.450652384210648,31,0.0,510,7.0,3.999999999999993,1.0000000000000009,55.28980126137037,-0.9206889419852757,Normal market quality,False,0,False,Normal,Official ECB inputs; RepoLens derived analytics
2020-07-08,-0.549,0.1,0.3034451307377021,0.3460263137020382,Normal,False,False,False,-0.5,False,-4.900000000000004,-1.393018261062204,Normal transmission,False,40892,-3.9507680744116147,29,-2.0,474,-36.0,3.0000000000000027,-0.9999999999999902,52.10650160166741,-3.1832996597029606,Normal market quality,False,0,False,Normal,Official ECB inputs; RepoLens derived analytics
2020-07-09,-0.549,0.0,0.3024461674588163,0.0330637352227704,Normal,False,False,False,-0.5,False,-4.900000000000004,-1.362678032635192,Normal transmission,False,40828,-0.15650983077374336,30,1.0,465,-9.0,3.0000000000000027,0.0,52.897558787231546,0.7910571855641351,Normal market quality,False,0,False,Normal,Official ECB inputs; RepoLens derived analytics
2020-07-10,-0.549,0.0,0.3013565819319105,0.0497749208059081,Normal,False,False,False,-0.5,False,-4.900000000000004,-1.34567965820257,Normal transmission,False,43774,7.215636328010189,29,-1.0,519,54.0,2.0000000000000018,-1.0000000000000009,56.31128348029743,3.4137246930658875,Normal market quality,False,0,False,Normal,Official ECB inputs; RepoLens derived analytics
2020-07-13,-0.552,-0.3000000000000002,0.3075796858667601,-0.8940772509896087,Normal,False,False,False,-0.5,False,-5.200000000000005,-2.0169695241153973,Unusually below policy rate,True,44937,2.656828254214827,28,-1.0,506,-13.0,2.999999999999992,0.9999999999999902,53.89313355961516,-2.418149920682275,Normal market quality,False,1,True,Monitor,Official ECB inputs; RepoLens derived analytics
2020-07-14,-0.551,0.1,0.3075796858667601,0.4063987504498221,Normal,False,False,False,-0.5,False,-5.100000000000005,-1.6892133763324146,Normal transmission,False,41079,-8.585352827291537,28,0.0,469,-37.0,2.999999999999992,0.0,50.76528185150225,-3.1278517081129067,Normal market quality,False,0,False,Normal,Official ECB inputs; RepoLens derived analytics
2020-07-15,-0.551,0.0,0.3030980386815983,0.1154741883261317,Normal,False,False,False,-0.5,False,-5.100000000000005,-1.6188669677437495,Normal transmission,False,45658,11.146814674164407,29,1.0,475,6.0,2.999999999999992,0.0,54.20659540998209,3.441313558479841,Normal market quality,False,0,False,Normal,Official ECB inputs; RepoLens derived analytics
2020-07-16,-0.541,1.0000000000000009,0.3815136060207388,2.5818214198799945,Sharp tightening,True,False,False,-0.5,False,-4.100000000000003,0.8123763027505613,Normal transmission,False,52279,14.501292216040994,30,1.0,490,15.0,4.000000000000004,1.0000000000000124,57.62290567913823,3.416310269156135,Normal market quality,False,1,True,Monitor,Official ECB inputs; RepoLens derived analytics
2020-07-17,-0.551,-1.0000000000000009,0.4423323351698837,-2.2042250192392987,Sharp easing,True,False,False,-0.5,False,-5.100000000000005,-1.5653307690921388,Normal transmission,False,45118,-13.697660628550656,30,0.0,472,-18.0,2.999999999999992,-1.0000000000000124,54.947869028959936,-2.675036650178292,Normal market quality,False,1,True,Monitor,Official ECB inputs; RepoLens derived analytics
2020-07-20,-0.551,0.0,0.4414092265269929,0.0679641434684996,Normal,False,False,False,-0.5,False,-5.100000000000005,-1.51033312619959,Normal transmission,False,44329,-1.748747728179445,29,-1.0,511,39.0,2.999999999999992,0.0,54.8762142902529,-0.0716547387070321,Normal market quality,False,0,False,Normal,Official ECB inputs; RepoLens derived analytics
2020-07-21,-0.549,0.2000000000000001,0.4435206041615087,0.5073045037566419,Normal,False,False,False,-0.5,False,-4.900000000000004,-0.9961854401961092,Normal transmission,False,51379,15.903810146856468,31,2.0,509,-2.0,2.0000000000000018,-0.9999999999999902,61.54103747269079,6.664823182437885,Normal market quality,False,0,False,Normal,Official ECB inputs; RepoLens derived analytics
2020-07-22,-0.55,-0.1,0.4420050011624663,-0.1809934272001477,Normal,False,False,False,-0.5,False,-5.000000000000004,-1.1970654756884178,Normal transmission,False,45215,-11.997119445687932,31,0.0,480,-29.0,2.0000000000000018,0.0,57.63187360810109,-3.9091638645897007,Normal market quality,False,0,False,Normal,Official ECB inputs; RepoLens derived analytics
2020-07-23,-0.55,0.0,0.4416178390752279,0.0339660191975279,Normal,False,False,False,-0.5,False,-5.000000000000004,-1.1577260261364446,Normal transmission,False,44557,-1.4552692690478874,30,-1.0,465,-15.0,2.999999999999992,0.9999999999999902,54.28569903204939,-3.3461745760516948,Normal market quality,False,0,False,Normal,Official ECB inputs; RepoLens derived analytics
2020-07-24,-0.551,-0.1,0.4420050011624663,-0.1809934272001477,Normal,False,False,False,-0.5,False,-5.100000000000005,-1.444793030362723,Normal transmission,False,45542,2.2106515250128966,31,1.0,479,14.0,2.999999999999992,0.0,56.42667787483426,2.140978842784868,Normal market quality,False,0,False,Normal,Official ECB inputs; RepoLens derived analytics
2020-07-27,-0.552,-0.1,0.4392277912787159,-0.1479869928329597,Normal,False,False,False,-0.5,False,-5.200000000000005,-1.635272523306684,Normal transmission,False,44712,-1.822493522462787,29,-2.0,458,-21.0,2.999999999999992,0.0,52.85189061507549,-3.5747872597587715,Normal market quality,False,0,False,Normal,Official ECB inputs; RepoLens derived analytics
2020-07-28,-0.551,0.1,0.3764096312879307,0.2125344129114615,Normal,False,False,False,-0.5,False,-5.100000000000005,-1.3398684708108224,Normal transmission,False,45801,2.435587761674718,32,3.0,474,16.0,2.999999999999992,0.0,57.50909631288393,4.657205697808443,Normal market quality,False,0,False,Normal,Official ECB inputs; RepoLens derived analytics
2020-07-29,-0.553,-0.2000000000000001,0.34316637057663,-0.5099567294602434,Normal,False,False,False,-0.5,False,-5.300000000000004,-1.7778819362827754,Normal transmission,False,48777,6.497674723259328,30,-2.0,490,16.0,2.999999999999992,0.0,57.0214097896423,-0.487686523241635,Normal market quality,False,0,False,Normal,Official ECB inputs; RepoLens derived analytics
2020-07-30,-0.552,0.1,0.3442765106560042,0.3485570356552795,Normal,False,False,False,-0.5,False,-5.200000000000005,-1.4692225337139724,Normal transmission,False,43398,-11.027738483301553,30,0.0,463,-27.0,2.999999999999992,0.0,53.56898929522797,-3.4524204944143264,Normal market quality,False,0,False,Normal,Official ECB inputs; RepoLens derived analytics
2020-07-31,-0.55,0.2000000000000001,0.3471310991541957,0.5905549819635696,Normal,False,True,False,-0.5,False,-5.000000000000004,-0.9303065525670676,Normal transmission,False,37164,-14.364717268076866,30,0.0,446,-17.0,2.0000000000000018,-0.9999999999999902,51.43027440952073,-2.1387148857072447,Normal market quality,False,0,False,Month-end watch,Official ECB inputs; RepoLens derived analytics
2020-08-03,-0.552,-0.2000000000000001,0.3492849839314598,-0.543968417598175,Normal,False,False,False,-0.5,False,-5.200000000000005,-1.38904984052386,Normal transmission,False,43859,18.01474545258852,32,2.0,482,36.0,2.999999999999992,0.9999999999999902,56.89344512815072,5.463170718629989,Normal market quality,False,0,False,Normal,Official ECB inputs; RepoLens derived analytics
2020-08-04,-0.551,0.1,0.3501503436495456,0.299871189345715,Normal,False,False,False,-0.5,False,-5.100000000000005,-1.0987113826817958,Normal transmission,False,44663,1.8331471305775393,31,-1.0,488,6.0,2.999999999999992,0.0,56.254921821854055,-0.638523306296662,Normal market quality,False,0,False,Normal,Official ECB inputs; RepoLens derived analytics
2020-08-05,-0.552,-0.1,0.3498495917420876,-0.2429615526396351,Normal,False,False,False,-0.5,False,-5.200000000000005,-1.3044293143660122,Normal transmission,False,46956,5.134003537603826,30,-1.0,487,-1.0,2.999999999999992,0.0,56.01172447108692,-0.243197350767133,Normal market quality,False,0,False,Normal,Official ECB inputs; RepoLens derived analytics
2020-08-06,-0.553,-0.1,0.3503381824826739,-0.2283507878960823,Normal,False,False,False,-0.5,False,-5.300000000000004,-1.503188101364891,Normal transmission,False,47869,1.9443734560013581,31,1.0,506,19.0,2.999999999999992,0.0,58.32989612234641,2.3181716512594903,Normal market quality,False,0,False,Normal,Official ECB inputs; RepoLens derived analytics
2020-08-07,-0.553,0.0,0.3503381824826739,0.0570876969740205,Normal,False,False,False,-0.5,False,-5.300000000000004,-1.4473864502031837,Normal transmission,False,47336,-1.113455472226288,30,-1.0,500,-6.0,2.999999999999992,0.0,56.61861429438214,-1.711281827964271,Normal market quality,False,0,False,Normal,Official ECB inputs; RepoLens derived analytics
2020-08-10,-0.554,-0.1,0.3447348332605193,-0.2610702235941044,Normal,False,False,False,-0.5,False,-5.400000000000005,-1.6309766806860069,Normal transmission,False,13472,-71.53963157005239,15,-15.0,206,-294.0,3.999999999999993,1.0000000000000009,23.61491570451541,-33.00369858986673,Weak market quality,True,1,True,Monitor,Official ECB inputs; RepoLens derived analytics
2020-08-11,-0.552,0.2000000000000001,0.3471310991541959,0.5905549819635695,Normal,False,False,False,-0.5,False,-5.200000000000005,-1.103344878513187,Normal transmission,False,43477,222.7211995249406,29,14.0,481,275.0,2.999999999999992,-1.0000000000000009,53.09354452993353,29.47862882541812,Normal market quality,False,0,False,Normal,Official ECB inputs; RepoLens derived analytics
2020-08-12,-0.552,0.0,0.3471310991541959,0.0144037800478919,Normal,False,False,False,-0.5,False,-5.200000000000005,-1.0675292695693028,Normal transmission,False,41791,-3.877912459461319,29,0.0,482,1.0,2.999999999999992,0.0,52.389748969897006,-0.7037955600365251,Normal market quality,False,0,False,Normal,Official ECB inputs; RepoLens derived analytics
2020-08-13,-0.552,0.0,0.2543826376067941,0.2162097245214313,Normal,False,False,False,-0.5,False,-5.200000000000005,-1.033070795758298,Normal transmission,False,41257,-1.277787083343307,29,0.0,470,-12.0,2.999999999999992,0.0,51.69603122492337,-0.6937177449736396,Normal market quality,False,0,False,Normal,Official ECB inputs; RepoLens derived analytics
2020-08-14,-0.549,0.3000000000000002,0.1410487037944881,2.056027401872039,Sharp tightening,True,False,False,-0.5,False,-4.900000000000004,-0.2710472436643918,Normal transmission,False,28873,-30.016724434641397,20,-9.0,286,-184.0,2.0000000000000018,-0.9999999999999902,33.569442656667576,-18.12658856825579,Weak market quality,True,2,True,High attention,Official ECB inputs; RepoLens derived analytics
2020-08-17,-0.553,-0.4000000000000003,0.1682729612079261,-2.317662904369393,Sharp easing,True,False,False,-0.5,False,-5.300000000000004,-1.2603727468024697,Normal transmission,False,41656,44.27319641187268,30,10.0,478,192.0,3.999999999999993,1.9999999999999911,52.01743873120691,18.447996074539333,Normal market quality,False,1,True,Monitor,Official ECB inputs; RepoLens derived analytics
2020-08-18,-0.554,-0.1,0.1618153593646653,-0.4634912303410016,Normal,False,False,False,-0.5,False,-5.400000000000005,-1.4807422640999932,Normal transmission,False,41888,0.5569425772997905,29,-1.0,475,-3.0,3.999999999999993,0.0,50.93783798385286,-1.0796007473540499,Normal market quality,False,0,False,Normal,Official ECB inputs; RepoLens derived analytics
2020-08-19,-0.553,0.1,0.1631111987507134,0.7050404931163385,Normal,False,False,False,-0.5,False,-5.300000000000004,-1.1901046605027028,Normal transmission,False,41807,-0.19337280366692466,29,0.0,482,7.0,3.999999999999993,0.0,51.16363482196007,0.22579683810721463,Normal market quality,False,0,False,Normal,Official ECB inputs; RepoLens derived analytics
2020-08-20,-0.553,0.0,0.1631111987507134,0.0919618034499572,Normal,False,False,False,-0.5,False,-5.300000000000004,-1.1652365256533674,Normal transmission,False,42247,1.052455330447044,30,1.0,479,-3.0,3.999999999999993,0.0,52.30803020867745,1.1443953867173775,Normal market quality,False,0,False,Normal,Official ECB inputs; RepoLens derived analytics
2020-08-21,-0.554,-0.1,0.1631111987507134,-0.5211168862164242,Normal,False,False,False,-0.5,False,-5.400000000000005,-1.4253702819868164,Normal transmission,False,42886,1.5125334343266905,29,-1.0,484,5.0,3.999999999999993,0.0,51.70115330718925,-0.6068769014881994,Normal market quality,False,0,False,Normal,Official ECB inputs; RepoLens derived analytics
2020-08-24,-0.552,0.2000000000000001,0.1685854460847049,1.18634202800348,Mild tightening,False,False,False,-0.5,False,-5.200000000000005,-0.8270565931156694,Normal transmission,False,43318,1.0073217366972864,30,1.0,496,12.0,3.999999999999993,0.0,53.41266018140019,1.71150687421094,Normal market quality,False,0,False,Normal,Official ECB inputs; RepoLens derived analytics
2020-08-25,-0.553,-0.1,0.1682729612079261,-0.5348452856237061,Normal,False,False,False,-0.5,False,-5.300000000000004,-1.088247161944092,Normal transmission,False,43339,0.04847869246040748,29,-1.0,477,-19.0,3.999999999999993,0.0,51.61649216497644,-1.7961680164237492,Normal market quality,False,0,False,Normal,Official ECB inputs; RepoLens derived analytics
2020-08-26,-0.554,-0.1,0.1637552731171861,-0.580133990140375,Normal,False,False,False,-0.5,False,-5.400000000000005,-1.3463322241470426,Normal transmission,False,40407,-6.765269157110221,29,0.0,465,-12.0,3.999999999999993,0.0,49.86526909510363,-1.7512230698728146,Normal market quality,False,0,False,Normal,Official ECB inputs; RepoLens derived analytics
2020-08-27,-0.552,0.2000000000000001,0.1685854460847049,1.1863420280034798,Mild tightening,False,False,False,-0.5,False,-5.200000000000005,-0.7255382046448491,Normal transmission,False,39089,-3.2618110723389493,29,0.0,465,0.0,3.999999999999993,0.0,49.28508995407488,-0.5801791410287507,Normal market quality,False,0,False,Normal,Official ECB inputs; RepoLens derived analytics
2020-08-28,-0.552,0.0,0.1618966531951463,0.0617677994118028,Normal,False,False,False,-0.5,False,-5.200000000000005,-0.6997648405837852,Normal transmission,False,33504,-14.287907083834329,28,-1.0,417,-48.0,3.999999999999993,0.0,43.90598787173844,-5.379102082336438,Normal market quality,False,0,False,Normal,Official ECB inputs; RepoLens derived analytics
2020-08-31,-0.557,-0.5000000000000004,0.1915999120975516,-2.4791243106529084,Sharp easing,True,True,False,-0.5,False,-5.700000000000005,-2.1084279292587453,Unusually below policy rate,True,32370,-3.384670487106012,31,3.0,439,22.0,3.999999999999993,0.0,47.5123454833502,3.606357611611763,Normal market quality,False,2,True,High attention,Official ECB inputs; RepoLens derived analytics
2020-09-01,-0.554,0.3000000000000002,0.20332758116684,1.549224154402976,Mild tightening,False,False,False,-0.5,False,-5.400000000000005,-1.2037808276742552,Normal transmission,False,40236,24.300278035217794,28,-3.0,483,44.0,3.999999999999993,0.0,49.43526478355388,1.9229193002036808,Normal market quality,False,0,False,Normal,Official ECB inputs; RepoLens derived analytics
2020-09-02,-0.555,-0.1,0.20332758116684,-0.4180446130928666,Normal,False,False,False,-0.5,False,-5.500000000000005,-1.4533132245924878,Normal transmission,False,40105,-0.32557908340788977,28,0.0,471,-12.0,3.999999999999993,0.0,48.91928250714881,-0.5159822764050759,Normal market quality,False,0,False,Normal,Official ECB inputs; RepoLens derived analytics
2020-09-03,-0.551,0.4000000000000003,0.222190056151556,1.7552540683187954,Mild tightening,False,False,False,-0.5,False,-5.100000000000005,-0.223755725263009,Normal transmission,False,32988,-17.745916967959108,21,-7.0,359,-112.0,2.0000000000000018,-1.9999999999999911,38.093041404773935,-10.826241102374873,Normal market quality,True,1,True,Monitor,Official ECB inputs; RepoLens derived analytics
2020-09-04,-0.552,-0.1,0.2235479461111785,-0.4696978962525551,Normal,False,False,False,-0.5,False,-5.200000000000005,-0.5046961822871872,Normal transmission,False,39544,19.873893537043763,28,7.0,470,111.0,3.999999999999993,1.9999999999999911,48.72881722456999,10.635775819796052,Normal market quality,False,0,False,Normal,Official ECB inputs; RepoLens derived analytics
2020-09-07,-0.551,0.1,0.2230765740608746,0.3810350789088446,Normal,False,False,False,-0.5,False,-5.100000000000005,-0.176707403225248,Normal transmission,False,42578,7.672466113696141,28,0.0,489,19.0,2.999999999999992,-1.0000000000000009,52.14543971388106,3.4166224893110737,Normal market quality,False,0,False,Normal,Official ECB inputs; RepoLens derived analytics
2020-09-08,-0.553,-0.2000000000000001,0.2235479461111785,-0.8722960930404594,Normal,False,False,False,-0.5,False,-5.300000000000004,-0.7728935412314895,Normal transmission,False,42008,-1.3387195265160412,28,0.0,485,-4.0,3.999999999999993,1.0000000000000009,50.39953527638048,-1.7459044375005774,Normal market quality,False,0,False,Normal,Official ECB inputs; RepoLens derived analytics
2020-09-09,-0.554,-0.1,0.2245463262482354,-0.4008081606309839,Normal,False,False,False,-0.5,False,-5.400000000000005,-1.0655550455354954,Normal transmission,False,41833,-0.41658731670157767,28,0.0,501,16.0,3.999999999999993,0.0,50.937496260175074,0.5379609837945907,Normal market quality,False,0,False,Normal,Official ECB inputs; RepoLens derived analytics
2020-09-10,-0.554,0.0,0.2245463262482354,0.0445342400701093,Normal,False,False,False,-0.5,False,-5.400000000000005,-1.0456221097654168,Normal transmission,False,42113,0.66932804245452,29,1.0,494,-7.0,3.999999999999993,0.0,51.85667867994013,0.9191824197650575,Normal market quality,False,0,False,Normal,Official ECB inputs; RepoLens derived analytics
2020-09-11,-0.553,0.1,0.2142305693455192,0.560144149206174,Normal,False,False,False,-0.5,False,-5.300000000000004,-0.6842908506285157,Normal transmission,False,41575,-1.2775152565716041,28,-1.0,465,-29.0,3.999999999999993,0.0,49.42077786148013,-2.4359008184599986,Normal market quality,False,0,False,Normal,Official ECB inputs; RepoLens derived analytics
2020-09-14,-0.555,-0.2000000000000001,0.199736668746891,-0.9512524725280695,Normal,False,False,False,-0.5,False,-5.500000000000005,-1.340691800366638,Normal transmission,False,45493,9.423932651834033,29,1.0,490,25.0,3.999999999999993,0.0,53.22238414700722,3.801606285527086,Normal market quality,False,0,False,Normal,Official ECB inputs; RepoLens derived analytics
2020-09-15,-0.551,0.4000000000000003,0.2183068820189646,1.763572437292906,Mild tightening,False,False,False,-0.5,False,-5.100000000000005,0.1049293268125065,Normal transmission,False,49639,9.11348998747059,31,2.0,497,7.0,4.999999999999993,1.0,56.14852135517361,2.926137208166388,Normal market quality,False,0,False,Normal,Official ECB inputs; RepoLens derived analytics
2020-09-16,-0.556,-0.5000000000000004,0.2455391489848626,-1.975245096373208,Mild easing,False,False,False,-0.5,False,-5.600000000000005,-1.699590265641952,Normal transmission,False,44937,-9.472390660569307,29,-2.0,496,-1.0,3.999999999999993,-1.0,53.16363922765478,-2.98488212751883,Normal market quality,False,0,False,Normal,Official ECB inputs; RepoLens derived analytics
2020-09-17,-0.553,0.3000000000000002,0.2554665494634022,1.1743220418882194,Mild tightening,False,False,False,-0.5,False,-5.300000000000004,-0.5535373576136247,Normal transmission,False,43702,-2.74829205331909,30,1.0,480,-16.0,3.999999999999993,0.0,53.05086419762555,-0.11277503002922629,Normal market quality,False,0,False,Normal,Official ECB inputs; RepoLens derived analytics
2020-09-18,-0.552,0.1,0.2552604449123329,0.3525810668821399,Normal,False,False,False,-0.5,False,-5.200000000000005,-0.1437373145060259,Normal transmission,False,42867,-1.910667703995239,30,0.0,469,-11.0,3.999999999999993,0.0,52.23849535826939,-0.8123688393561608,Normal market quality,False,0,False,Normal,Official ECB inputs; RepoLens derived analytics
2020-09-21,-0.552,0.0,0.2513123449750174,0.0,Normal,False,False,False,-0.5,False,-5.200000000000005,-0.1042572070285235,Normal transmission,False,40540,-5.428418130496649,28,-2.0,463,-6.0,2.999999999999992,-1.0000000000000009,50.13674014844926,-2.1017552098201264,Normal market quality,False,0,False,Normal,Official ECB inputs; RepoLens derived analytics
2020-09-22,-0.552,0.0,0.2502104377476983,-0.0199831791391604,Normal,False,False,False,-0.5,False,-5.200000000000005,-0.1271198819791657,Normal transmission,False,40678,0.34040453872719034,28,0.0,454,-9.0,3.999999999999993,1.0000000000000009,48.50090488574422,-1.6358352627050436,Normal market quality,False,0,False,Normal,Official ECB inputs; RepoLens derived analytics
2020-09-23,-0.551,0.1,0.2497893849668262,0.3402866779598687,Normal,False,False,False,-0.5,False,-5.100000000000005,0.3244589224955442,Normal transmission,False,40080,-1.470082108264914,28,0.0,452,-2.0,2.999999999999992,-1.0000000000000009,49.504561695577095,1.0036568098328758,Normal market quality,False,0,False,Normal,Official ECB inputs; RepoLens derived analytics
2020-09-24,-0.553,-0.2000000000000001,0.2502104377476983,-0.7793439864272568,Normal,False,False,False,-0.5,False,-5.300000000000004,-0.5153826322508394,Normal transmission,False,38570,-3.7674650698602763,29,1.0,448,-4.0,3.999999999999993,1.0000000000000009,48.399758617201286,-1.1048030783758094,Normal market quality,False,0,False,Normal,Official ECB inputs; RepoLens derived analytics
2020-09-25,-0.554,-0.1,0.2511028306868471,-0.35841889855969,Normal,False,False,False,-0.5,False,-5.400000000000005,-0.9260874255739956,Normal transmission,False,35290,-8.504018667358048,25,-4.0,429,-19.0,3.999999999999993,0.0,41.82528136226439,-6.574477254936895,Normal market quality,False,0,False,Normal,Official ECB inputs; RepoLens derived analytics
2020-09-28,-0.555,-0.1,0.2245463262482354,-0.4898766407712026,Normal,False,False,False,-0.5,False,-5.500000000000005,-1.321631766535352,Normal transmission,False,39761,12.669311419665629,28,3.0,457,28.0,3.999999999999993,0.0,48.24914353865696,6.423862176392568,Normal market quality,False,0,False,Normal,Official ECB inputs; RepoLens derived analytics
2020-09-29,-0.556,-0.1,0.214966337634034,-0.4186702019979478,Normal,False,False,False,-0.5,False,-5.600000000000005,-1.6867851476793885,Normal transmission,False,40004,0.6111516309951881,28,0.0,466,9.0,3.999999999999993,0.0,48.69955701599227,0.4504134773353101,Normal market quality,False,0,False,Normal,Official ECB inputs; RepoLens derived analytics
2020-09-30,-0.57,-1.39999999999999,0.378188201547156,-3.503546632548179,Sharp easing,True,True,True,-0.5,False,-6.999999999999995,-5.4188911701652405,Unusually below policy rate,True,42802,6.994300569943013,30,2.0,515,49.0,5.999999999999995,2.0000000000000018,51.34814722743781,2.648590211445544,Normal market quality,True,3,True,High attention,Official ECB inputs; RepoLens derived analytics
2020-10-01,-0.558,1.19999999999999,0.4637093009520845,2.663306510057696,Sharp tightening,True,False,False,-0.5,False,-5.800000000000005,-1.6442001373816573,Normal transmission,False,38795,-9.36171206952946,28,-2.0,444,-71.0,4.999999999999993,-1.0000000000000018,45.911617488195965,-5.436529739241848,Normal market quality,False,1,True,Monitor,Official ECB inputs; RepoLens derived analytics
2020-10-02,-0.555,0.3000000000000002,0.469350054526691,0.6711408616275911,Normal,False,False,False,-0.5,False,-5.500000000000005,-0.7046389624846334,Normal transmission,False,44717,15.264853718262671,29,1.0,466,22.0,3.999999999999993,-1.0,51.89810416906605,5.986486680870087,Normal market quality,False,0,False,Normal,Official ECB inputs; RepoLens derived analytics
2020-10-05,-0.555,0.0,0.4685925174054942,0.0426810058998298,Normal,False,False,False,-0.5,False,-5.500000000000005,-0.686785195283837,Normal transmission,False,45491,1.7308853456180051,29,0.0,463,-3.0,3.999999999999993,0.0,52.107256246004695,0.20915207693864346,Normal market quality,False,0,False,Normal,Official ECB inputs; RepoLens derived analytics
2020-10-06,-0.556,-0.1,0.467101927341681,-0.1819731305407851,Normal,False,False,False,-0.5,False,-5.600000000000005,-0.9612255393855966,Normal transmission,False,46880,3.053351212327704,31,2.0,488,25.0,4.999999999999993,1.0,54.5329573138595,2.4257010678548028,Normal market quality,False,0,False,Normal,Official ECB inputs; RepoLens derived analytics
2020-10-07,-0.555,0.1,0.4673272267288763,0.2246819658571202,Normal,False,False,False,-0.5,False,-5.500000000000005,-0.6369140403971,Normal transmission,False,45038,-3.929180887372019,30,-1.0,479,-9.0,3.999999999999993,-1.0,53.55425782100607,-0.9786994928534298,Normal market quality,False,0,False,Normal,Official ECB inputs; RepoLens derived analytics
2020-10-08,-0.553,0.2000000000000001,0.469574275274953,0.4152697672499638,Normal,False,False,False,-0.5,False,-5.300000000000004,0.0344407908443562,Normal transmission,False,43611,-3.1684355433189704,30,0.0,490,11.0,3.999999999999993,0.0,53.30833572716921,-0.24592209383686026,Normal market quality,False,0,False,Normal,Official ECB inputs; RepoLens derived analytics
2020-10-09,-0.553,0.0,0.4690415759823401,0.0,Normal,False,False,False,-0.5,False,-5.300000000000004,0.04612863981361,Normal transmission,False,46832,7.38575130127721,30,0.0,479,-11.0,3.999999999999993,0.0,54.31219961700062,1.0038638898314147,Normal market quality,False,0,False,Normal,Official ECB inputs; RepoLens derived analytics
2020-10-12,-0.556,-0.3000000000000002,0.4718106221333852,-0.6252508658370158,Normal,False,False,False,-0.5,False,-5.600000000000005,-0.959776562605558,Normal transmission,False,49495,5.686282883498461,31,1.0,508,29.0,3.999999999999993,0.0,57.723516396721045,3.4113167797204227,Normal market quality,False,0,False,Normal,Official ECB inputs; RepoLens derived analytics
2020-10-13,-0.555,0.1,0.4629425336623127,0.259211438298155,Normal,False,False,False,-0.5,False,-5.500000000000005,-0.58956421528071,Normal transmission,False,48630,-1.7476512779068587,31,0.0,507,-1.0,3.999999999999993,0.0,57.2401974278419,-0.4833189688791464,Normal market quality,False,0,False,Normal,Official ECB inputs; RepoLens derived analytics
2020-10-14,-0.556,-0.1,0.4495611895592101,-0.2224391302506539,Normal,False,False,False,-0.5,False,-5.600000000000005,-0.9089437931691592,Normal transmission,False,49436,1.657413119473583,30,-1.0,520,13.0,3.999999999999993,0.0,56.99541874435422,-0.24477868348768084,Normal market quality,False,0,False,Normal,Official ECB inputs; RepoLens derived analytics
2020-10-15,-0.556,0.0,0.4439950213092098,0.033784162614638,Normal,False,False,False,-0.5,False,-5.600000000000005,-0.8789380266460826,Normal transmission,False,48277,-2.3444453434743884,30,0.0,515,-5.0,3.999999999999993,0.0,56.21642771233712,-0.7789910320170961,Normal market quality,False,0,False,Normal,Official ECB inputs; RepoLens derived analytics
2020-10-16,-0.553,0.3000000000000002,0.4489461343846772,0.6793688076143731,Normal,False,False,False,-0.5,False,-5.300000000000004,0.195944139043414,Normal transmission,False,45685,-5.369016301758601,28,-2.0,481,-34.0,3.999999999999993,0.0,51.488705860108105,-4.727721852229017,Normal market quality,False,0,False,Normal,Official ECB inputs; RepoLens derived analytics
2020-10-19,-0.553,0.0,0.4489461343846772,0.0111371935674487,Normal,False,False,False,-0.5,False,-5.300000000000004,0.2023430443157213,Normal transmission,False,46321,1.3921418408668007,31,3.0,486,5.0,3.999999999999993,0.0,55.19373293642889,3.705027076320782,Normal market quality,False,0,False,Normal,Official ECB inputs; RepoLens derived analytics
2020-10-20,-0.553,0.0,0.4489461343846772,0.0111371935674487,Normal,False,False,False,-0.5,False,-5.300000000000004,0.2157269673736364,Normal transmission,False,46346,0.05397120096717334,30,-1.0,484,-2.0,3.999999999999993,0.0,54.009209786295614,-1.1845231501332734,Normal market quality,False,0,False,Normal,Official ECB inputs; RepoLens derived analytics
2020-10-21,-0.552,0.1,0.4489461343846772,0.2338810649164235,Normal,False,False,False,-0.5,False,-5.200000000000005,0.5679226992996993,Normal transmission,False,44468,-4.052129633625334,29,-1.0,482,-2.0,2.999999999999992,-1.0000000000000009,53.30553007563462,-0.7036797106609924,Normal market quality,False,0,False,Normal,Official ECB inputs; RepoLens derived analytics
2020-10-22,-0.554,-0.2000000000000001,0.4489461343846772,-0.4343505491305008,Normal,False,False,False,-0.5,False,-5.400000000000005,-0.1378582890901311,Normal transmission,False,43986,-1.0839255194746822,29,0.0,474,-8.0,3.999999999999993,1.0000000000000009,51.41585000031056,-1.8896800753240584,Normal market quality,False,0,False,Normal,Official ECB inputs; RepoLens derived analytics
2020-10-23,-0.553,0.1,0.4489461343846772,0.211606677781526,Normal,False,False,False,-0.5,False,-5.300000000000004,0.243203350458368,Normal transmission,False,42148,-4.178602282544441,27,-2.0,447,-27.0,3.999999999999993,0.0,47.334187245326994,-4.081662754983569,Normal market quality,False,0,False,Normal,Official ECB inputs; RepoLens derived analytics
2020-10-26,-0.552,0.1,0.4487116058930894,0.1894312491222976,Normal,False,False,False,-0.5,False,-5.200000000000005,0.6080083761459153,Normal transmission,False,38484,-8.693176425927685,27,0.0,390,-57.0,2.0000000000000018,-1.9999999999999911,46.07634676358271,-1.2578404817442816,Normal market quality,False,0,False,Normal,Official ECB inputs; RepoLens derived analytics
2020-10-27,-0.554,-0.2000000000000001,0.4506136167260646,-0.4660311899266519,Normal,False,False,False,-0.5,False,-5.400000000000005,-0.1042051404500585,Normal transmission,False,46546,20.948965803970477,29,2.0,511,121.0,3.999999999999993,1.9999999999999911,54.020379446468304,7.944032682885592,Normal market quality,False,0,False,Normal,Official ECB inputs; RepoLens derived analytics
2020-10-28,-0.555,-0.1,0.3075796858667581,-0.5689582506297528,Normal,False,False,False,-0.5,False,-5.500000000000005,-0.4543546787523371,Normal transmission,False,45957,-1.2654148584196334,29,0.0,482,-29.0,3.999999999999993,0.0,52.52863117132825,-1.4917482751400541,Normal market quality,False,0,False,Normal,Official ECB inputs; RepoLens derived analytics
2020-10-29,-0.552,0.3000000000000002,0.1688973528196156,1.5986040958756964,Mild tightening,False,False,False,-0.5,False,-5.200000000000005,0.6428344537547517,Normal transmission,False,44572,-3.0136867071392848,30,1.0,463,-19.0,2.999999999999992,-1.0000000000000009,53.5114561631928,0.9828249918645469,Normal market quality,False,0,False,Normal,Official ECB inputs; RepoLens derived analytics
2020-10-30,-0.557,-0.5000000000000004,0.1943951483041966,-2.520639039988954,Sharp easing,True,True,False,-0.5,False,-5.700000000000005,-1.156544793190983,Normal transmission,False,38692,-13.192138562326129,31,1.0,465,2.0,3.999999999999993,1.0000000000000009,50.61822826083992,-2.8932279023528764,Normal market quality,False,1,True,Monitor,Official ECB inputs; RepoLens derived analytics
2020-11-02,-0.555,0.2000000000000001,0.2000000000000001,1.0,Mild tightening,False,False,False,-0.5,False,-5.500000000000005,-0.4232259423347664,Normal transmission,False,50126,29.5513284399876,28,-3.0,531,66.0,3.999999999999993,0.0,55.20377197904418,4.585543718204256,Normal market quality,False,0,False,Normal,Official ECB inputs; RepoLens derived analytics
2020-11-03,-0.553,0.2000000000000001,0.2033275811668401,0.9098618049668268,Normal,False,False,False,-0.5,False,-5.300000000000004,0.3092772507260347,Normal transmission,False,51485,2.711167857000363,30,2.0,529,-2.0,3.999999999999993,0.0,57.863323929301245,2.659551950257068,Normal market quality,False,0,False,Normal,Official ECB inputs; RepoLens derived analytics
2020-11-04,-0.558,-0.5000000000000004,0.2323223713087623,-2.087616432579466,Sharp easing,True,False,False,-0.5,False,-5.800000000000005,-1.4522642982677632,Normal transmission,False,48085,-6.603865203457316,30,0.0,534,5.0,3.999999999999993,0.0,56.46369437438207,-1.3996295549191728,Normal market quality,False,1,True,Monitor,Official ECB inputs; RepoLens derived analytics
2020-11-05,-0.556,0.2000000000000001,0.2323223713087623,0.925438212380588,Normal,False,False,False,-0.5,False,-5.600000000000005,-0.7110878514186,Normal transmission,False,45919,-4.50452324009566,29,-1.0,484,-50.0,3.999999999999993,0.0,52.33269075128494,-4.131003623097129,Normal market quality,False,0,False,Normal,Official ECB inputs; RepoLens derived analytics
2020-11-06,-0.558,-0.2000000000000001,0.2359192546971149,-0.7417792168963656,Normal,False,False,False,-0.5,False,-5.800000000000005,-1.3905995248142151,Normal transmission,False,45667,-0.5487924388597354,29,0.0,461,-23.0,3.999999999999993,0.0,51.24762519553104,-1.0850655557539,Normal market quality,False,0,False,Normal,Official ECB inputs; RepoLens derived analytics
2020-11-09,-0.558,0.0,0.2268781263377463,0.0440765276116275,Normal,False,False,False,-0.5,False,-5.800000000000005,-1.341186224133155,Normal transmission,False,47922,4.937920161166698,28,-1.0,510,49.0,3.999999999999993,0.0,53.10800812723485,1.8603829317038034,Normal market quality,False,0,False,Normal,Official ECB inputs; RepoLens derived analytics
2020-11-10,-0.557,0.1,0.2268781263377463,0.4848418037279034,Normal,False,False,False,-0.5,False,-5.700000000000005,-0.9580509985114942,Normal transmission,False,43935,-8.31976962564167,29,1.0,488,-22.0,3.999999999999993,0.0,51.38675662662506,-1.7212515006097888,Normal market quality,False,0,False,Normal,Official ECB inputs; RepoLens derived analytics
2020-11-11,-0.558,-0.1,0.2268781263377463,-0.3966887485046482,Normal,False,False,False,-0.5,False,-5.800000000000005,-1.267742203191668,Normal transmission,False,43087,-1.9301240468874492,29,0.0,451,-37.0,3.999999999999993,0.0,49.46779829416244,-1.9189583324626156,Normal market quality,False,0,False,Normal,Official ECB inputs; RepoLens derived analytics
2020-11-12,-0.548,1.0000000000000009,0.3201973075924809,2.998151381153413,Sharp tightening,True,False,False,-0.5,False,-4.800000000000004,2.124957747815973,Unusually above policy rate,True,43766,1.5758813563255814,28,-1.0,478,27.0,5.999999999999995,2.0000000000000018,46.95774221572466,-2.5100560784377848,Normal market quality,True,3,True,High attention,Official ECB inputs; RepoLens derived analytics
2020-11-13,-0.556,-0.8000000000000007,0.3645833959899698,-2.1531424871076603,Sharp easing,True,False,False,-0.5,False,-5.600000000000005,-0.5606825094340738,Normal transmission,False,43586,-0.41127816112964677,29,1.0,469,-9.0,3.999999999999993,-2.0000000000000018,50.42300809693901,3.46526588121435,Normal market quality,False,1,True,Monitor,Official ECB inputs; RepoLens derived analytics
2020-11-16,-0.558,-0.2000000000000001,0.366885899371855,-0.4769875329076899,Normal,False,False,False,-0.5,False,-5.800000000000005,-1.191434532097044,Normal transmission,False,45524,4.446381865736715,30,1.0,501,32.0,3.999999999999993,0.0,53.74888694085421,3.3258788439152056,Normal market quality,False,0,False,Normal,Official ECB inputs; RepoLens derived analytics
2020-11-17,-0.557,0.1,0.3679244773763113,0.3261538912978184,Normal,False,False,False,-0.5,False,-5.700000000000005,-0.831768386725302,Normal transmission,False,45611,0.1911079869958643,30,0.0,462,-39.0,3.999999999999993,0.0,52.12888285364853,-1.620004087205686,Normal market quality,False,0,False,Normal,Official ECB inputs; RepoLens derived analytics
2020-11-18,-0.557,0.0,0.366885899371855,0.06814107612967,Normal,False,False,False,-0.5,False,-5.700000000000005,-0.8106962172635507,Normal transmission,False,43786,-4.001227774001881,29,-1.0,466,4.0,3.999999999999993,0.0,50.28657702542222,-1.8423058282263085,Normal market quality,False,0,False,Normal,Official ECB inputs; RepoLens derived analytics
2020-11-19,-0.557,0.0,0.3645833959899698,0.0411428500721209,Normal,False,False,False,-0.5,False,-5.700000000000005,-0.783788472091851,Normal transmission,False,40768,-6.892614077559034,27,-2.0,453,-13.0,3.999999999999993,0.0,46.06149715352487,-4.22507987189735,Normal market quality,False,0,False,Normal,Official ECB inputs; RepoLens derived analytics
2020-11-20,-0.557,0.0,0.3636076543690874,0.0550043426195275,Normal,False,False,False,-0.5,False,-5.700000000000005,-0.7574233115239067,Normal transmission,False,40305,-1.1356946624803799,29,2.0,466,13.0,3.999999999999993,0.0,48.58983607617751,2.528338922652644,Normal market quality,False,0,False,Normal,Official ECB inputs; RepoLens derived analytics
2020-11-23,-0.557,0.0,0.3625567106275277,0.0689547297489791,Normal,False,False,False,-0.5,False,-5.700000000000005,-0.7574233115239009,Normal transmission,False,42228,4.771120208410862,29,0.0,475,9.0,3.999999999999993,0.0,49.829476001943824,1.239639925766312,Normal market quality,False,0,False,Normal,Official ECB inputs; RepoLens derived analytics
2020-11-24,-0.556,0.1,0.3611385504644709,0.3045922398994122,Normal,False,False,False,-0.5,False,-5.600000000000005,-0.4142359688366735,Normal transmission,False,41815,-0.9780240598654899,28,-1.0,461,-14.0,3.999999999999993,0.0,47.89138412362993,-1.938091878313891,Normal market quality,False,0,False,Normal,Official ECB inputs; RepoLens derived analytics
2020-11-25,-0.554,0.2000000000000001,0.3634266739913587,0.5365594051157532,Normal,False,False,False,-0.5,False,-5.400000000000005,0.2429091938071909,Normal transmission,False,43085,3.0371876121009223,30,2.0,482,21.0,4.999999999999993,1.0,50.1356452886185,2.244261164988565,Normal market quality,False,0,False,Normal,Official ECB inputs; RepoLens derived analytics
2020-11-26,-0.556,-0.2000000000000001,0.3592389616661138,-0.5010592369078745,Normal,False,False,False,-0.5,False,-5.600000000000005,-0.3966983061762815,Normal transmission,False,44917,4.252059881629333,30,0.0,478,-4.0,3.999999999999993,-1.0,52.25093688139629,2.115291592777794,Normal market quality,False,0,False,Normal,Official ECB inputs; RepoLens derived analytics
2020-11-27,-0.557,-0.1,0.3418217448658849,-0.2925501420023336,Normal,False,False,False,-0.5,False,-5.700000000000005,-0.7064147961443428,Normal transmission,False,41913,-6.687890998953627,30,0.0,467,-11.0,3.999999999999993,0.0,50.36065836219549,-1.8902785192008054,Normal market quality,False,0,False,Normal,Official ECB inputs; RepoLens derived analytics
2020-11-30,-0.56,-0.3000000000000002,0.3446966629860005,-0.7978029076863127,Normal,False,True,False,-0.5,False,-6.000000000000005,-1.650233100234125,Normal transmission,False,40942,-2.316703648032825,30,0.0,495,28.0,2.999999999999992,-1.0000000000000009,52.49490098351304,2.1342426213175543,Normal market quality,False,0,False,Month-end watch,Official ECB inputs; RepoLens derived analytics
2020-12-01,-0.557,0.3000000000000002,0.3488326397089528,0.917345350099667,Normal,False,False,False,-0.5,False,-5.700000000000005,-0.6282610897535207,Normal transmission,False,44545,8.800254017878961,28,-2.0,465,-30.0,2.999999999999992,0.0,50.66442597315912,-1.830475010353922,Normal market quality,False,0,False,Normal,Official ECB inputs; RepoLens derived analytics
2020-12-02,-0.556,0.1,0.330708967299999,0.2721426054297389,Normal,False,False,False,-0.5,False,-5.600000000000005,-0.2836941910469509,Normal transmission,False,41933,-5.8637333034010535,28,0.0,443,-22.0,2.999999999999992,0.0,48.509160841675495,-2.155265131483624,Normal market quality,False,0,False,Normal,Official ECB inputs; RepoLens derived analytics
2020-12-03,-0.556,0.0,0.3276712087636504,0.0,Normal,False,False,False,-0.5,False,-5.600000000000005,-0.2727406310408564,Normal transmission,False,42274,0.813202012734604,29,1.0,460,17.0,2.999999999999992,0.0,50.48588415737113,1.9767233156956365,Normal market quality,False,0,False,Normal,Official ECB inputs; RepoLens derived analytics
2020-12-04,-0.555,0.1,0.3248886448907496,0.2616281034647519,Normal,False,False,False,-0.5,False,-5.500000000000005,0.0726903070959895,Normal transmission,False,46260,9.428963429058058,30,1.0,456,-4.0,2.999999999999992,0.0,53.33796124030972,2.8520770829385853,Normal market quality,False,0,False,Normal,Official ECB inputs; RepoLens derived analytics
2020-12-07,-0.555,0.0,0.3248886448907496,-0.0461696653173091,Normal,False,False,False,-0.5,False,-5.500000000000005,0.0726903070959895,Normal transmission,False,45966,-0.6355382619974037,28,-2.0,455,-1.0,2.999999999999992,0.0,50.84681086344887,-2.491150376860844,Normal market quality,False,0,False,Normal,Official ECB inputs; RepoLens derived analytics
2020-12-08,-0.559,-0.4000000000000003,0.3370147583836965,-1.1572193510765465,Mild easing,False,False,False,-0.5,False,-5.900000000000006,-1.229881884030786,Normal transmission,False,23572,-48.718618109037116,19,-9.0,276,-179.0,5.999999999999995,3.0000000000000027,22.878340150195584,-27.96847071325329,Weak market quality,True,1,True,Monitor,Official ECB inputs; RepoLens derived analytics
2020-12-09,-0.556,0.3000000000000002,0.3432047110460618,0.8449767461411073,Normal,False,False,False,-0.5,False,-5.600000000000005,-0.2190200615397266,Normal transmission,False,47942,103.38537247581878,29,10.0,460,184.0,3.999999999999993,-2.0000000000000018,51.76892772444713,28.890587574251548,Normal market quality,False,0,False,Normal,Official ECB inputs; RepoLens derived analytics
2020-12-10,-0.556,0.0,0.2521486612465377,0.1586365749564307,Normal,False,False,False,-0.5,False,-5.600000000000005,-0.2032014376456706,Normal transmission,False,46985,-1.99616202911852,29,0.0,478,18.0,3.999999999999993,0.0,52.0237905359456,0.25486281149846945,Normal market quality,False,0,False,Normal,Official ECB inputs; RepoLens derived analytics
2020-12-11,-0.557,-0.1,0.1791059668699543,-0.5304122562760732,Normal,False,False,False,-0.5,False,-5.700000000000005,-0.5184150791670668,Normal transmission,False,48264,2.7221453655421834,31,2.0,478,0.0,3.999999999999993,0.0,54.79617354929478,2.7723830133491774,Normal market quality,False,0,False,Normal,Official ECB inputs; RepoLens derived analytics
2020-12-14,-0.558,-0.1,0.1747178176073459,-0.5723514714723384,Normal,False,False,False,-0.5,False,-5.800000000000005,-0.8313308158607002,Normal transmission,False,47016,-2.585778219791146,31,0.0,463,-15.0,3.999999999999993,0.0,53.5565610358187,-1.2396125134760752,Normal market quality,False,0,False,Normal,Official ECB inputs; RepoLens derived analytics
2020-12-15,-0.551,0.7000000000000006,0.2341839133312919,2.8609992482795974,Sharp tightening,True,False,False,-0.5,False,-5.100000000000005,1.5582444240928366,Normal transmission,False,49858,6.0447507231580655,29,-2.0,469,6.0,4.999999999999993,1.0,51.48463939213663,-2.0719216436820744,Normal market quality,False,1,True,Monitor,Official ECB inputs; RepoLens derived analytics
2020-12-16,-0.557,-0.6000000000000005,0.2733803981730646,-2.1947440416710786,Sharp easing,True,False,False,-0.5,False,-5.700000000000005,-0.4639291736437059,Normal transmission,False,42621,-14.51522323398452,28,-1.0,436,-33.0,3.999999999999993,-1.0,47.005911944424994,-4.478727447711634,Normal market quality,False,1,True,Monitor,Official ECB inputs; RepoLens derived analytics
2020-12-17,-0.556,0.1,0.2742933504576137,0.3463445243623589,Normal,False,False,False,-0.5,False,-5.600000000000005,-0.0993162094666272,Normal transmission,False,40024,-6.093240421388513,31,3.0,475,39.0,3.999999999999993,0.0,50.64156629756126,3.6356543531362675,Normal market quality,False,0,False,Normal,Official ECB inputs; RepoLens derived analytics
2020-12-18,-0.558,-0.2000000000000001,0.2781044862334265,-0.7011753123476306,Normal,False,False,False,-0.5,False,-5.800000000000005,-0.775390184293111,Normal transmission,False,42277,5.629122526484109,30,-1.0,448,-27.0,3.999999999999993,0.0,49.46526974914469,-1.1762965484165733,Normal market quality,False,0,False,Normal,Official ECB inputs; RepoLens derived analytics
2020-12-21,-0.557,0.1,0.2790962859697445,0.3582992860422391,Normal,False,False,False,-0.5,False,-5.700000000000005,-0.4135871452261382,Normal transmission,False,44227,4.612437022494498,32,2.0,465,17.0,2.999999999999992,-1.0000000000000009,54.71222352359498,5.24695377445029,Normal market quality,False,0,False,Normal,Official ECB inputs; RepoLens derived analytics
2020-12-22,-0.558,-0.1,0.2789076436460835,-0.3226874632170515,Normal,False,False,False,-0.5,False,-5.800000000000005,-0.7478428597568193,Normal transmission,False,43116,-2.5120401564655115,30,-2.0,449,-16.0,2.999999999999992,0.0,51.24391934299162,-3.4683041806033614,Normal market quality,False,0,False,Normal,Official ECB inputs; RepoLens derived analytics
2020-12-23,-0.559,-0.1,0.2750598021100908,-0.2726679777439156,Normal,False,False,False,-0.5,False,-5.900000000000006,-1.4898704879046207,Normal transmission,False,32315,-25.0510251414788,29,-1.0,336,-113.0,2.999999999999992,0.0,39.85317012357143,-11.390749219420186,Normal market quality,True,1,True,Monitor,Official ECB inputs; RepoLens derived analytics
2020-12-24,-0.555,0.4000000000000003,0.2874113135523634,1.374336991532643,Mild tightening,False,False,False,-0.5,False,-5.500000000000005,0.27806110669304,Normal transmission,False,22881,-29.193872814482436,25,-4.0,217,-119.0,2.999999999999992,0.0,28.555821130811903,-11.297348992759527,Weak market quality,True,1,True,Monitor,Official ECB inputs; RepoLens derived analytics
2020-12-28,-0.553,0.2000000000000001,0.2894641146743594,0.6218387388104949,Normal,False,False,False,-0.5,False,-5.300000000000004,1.1522138270274984,Normal transmission,False,27521,20.278833967046907,27,2.0,319,102.0,2.999999999999992,0.0,34.25865144788409,5.702830317072188,Weak market quality,True,1,True,Monitor,Official ECB inputs; RepoLens derived analytics
2020-12-29,-0.557,-0.4000000000000003,0.2960707596789023,-1.401691948404768,Mild easing,False,False,False,-0.5,False,-5.700000000000005,-0.6153343579754299,Normal transmission,False,38688,40.576287198866325,28,1.0,438,119.0,3.999999999999993,1.0000000000000009,44.69408438085646,10.435432932972368,Normal market quality,False,0,False,Normal,Official ECB inputs; RepoLens derived analytics
2020-12-30,-0.555,0.2000000000000001,0.2918182563460386,0.6510901763962903,Normal,False,False,False,-0.5,False,-5.500000000000005,0.2667950986522303,Normal transmission,False,36560,-5.500413564929696,26,-2.0,369,-69.0,2.999999999999992,-1.0000000000000009,39.918568619527306,-4.775515761329153,Normal market quality,False,0,False,Normal,Official ECB inputs; RepoLens derived analytics
2020-12-31,-0.583,-2.7999999999999914,0.6915086481934363,-3.853892510183776,Sharp easing,True,True,True,-0.5,False,-8.299999999999997,-6.42824077310445,Unusually below policy rate,True,19726,-46.044857768052516,20,-6.0,191,-178.0,10.999999999999998,8.000000000000007,20.0,-19.918568619527306,Weak market quality,True,3,True,High attention,Official ECB inputs; RepoLens derived analytics
2021-01-04,-0.566,1.7000000000000015,0.80426494718044,2.175899877440987,Sharp tightening,True,False,False,-0.5,False,-6.599999999999994,-2.227980590422495,Unusually below policy rate,True,46666,136.57102301530975,31,11.0,463,272.0,4.999999999999993,-6.000000000000005,52.09701738241566,32.09701738241566,Normal market quality,False,2,True,High attention,Official ECB inputs; RepoLens derived analytics
2021-01-05,-0.563,0.3000000000000002,0.8074651695274526,0.4210707939253598,Normal,False,False,False,-0.5,False,-6.2999999999999945,-1.4804867212246424,Normal transmission,False,46654,-0.025714653066477577,30,-1.0,440,-23.0,4.999999999999993,0.0,50.05798346489854,-2.0390339175171164,Normal market quality,False,0,False,Normal,Official ECB inputs; RepoLens derived analytics
2021-01-06,-0.566,-0.3000000000000002,0.8094670111284715,-0.3026682948554607,Normal,False,False,False,-0.5,False,-6.599999999999994,-2.043341523722419,Unusually below policy rate,True,44337,-4.966348008745236,30,0.0,445,5.0,4.999999999999993,0.0,49.08141985712019,-0.9765636077783526,Normal market quality,False,1,True,Monitor,Official ECB inputs; RepoLens derived analytics
2021-01-07,-0.565,0.1,0.8059646067715498,0.161297405503624,Normal,False,False,False,-0.5,False,-6.499999999999995,-1.7436352465937923,Normal transmission,False,43141,-2.697521257640345,30,0.0,471,26.0,5.999999999999995,1.0000000000000018,48.15051606626108,-0.9309037908591051,Normal market quality,True,1,True,Monitor,Official ECB inputs; RepoLens derived analytics
2021-01-08,-0.562,0.2999999999999891,0.8059646067715496,0.4094472601245721,Normal,False,False,False,-0.5,False,-6.2000000000000055,-1.075177347296805,Normal transmission,False,42240,-2.0885004983658195,31,1.0,468,-3.0,3.999999999999993,-2.0000000000000018,51.380541495738704,3.230025429477621,Normal market quality,False,0,False,Normal,Official ECB inputs; RepoLens derived analytics
2021-01-11,-0.564,-0.199999999999989,0.8068130938582059,-0.1983111097452131,Normal,False,False,False,-0.5,False,-6.399999999999995,-1.441340217325911,Normal transmission,False,45374,7.419507575757578,31,0.0,465,-3.0,4.999999999999993,1.0,51.505845231088415,0.12530373534971062,Normal market quality,False,0,False,Normal,Official ECB inputs; RepoLens derived analytics
2021-01-12,-0.563,0.1,0.8072696021319725,0.1610366594464523,Normal,False,False,False,-0.5,False,-6.2999999999999945,-1.1928172922685143,Normal transmission,False,43161,-4.877242473663335,32,1.0,494,29.0,3.999999999999993,-1.0,53.93539577522365,2.429550544135232,Normal market quality,False,0,False,Normal,Official ECB inputs; RepoLens derived analytics
2021-01-13,-0.562,0.0999999999999889,0.8075955214807637,0.1485892341007085,Normal,False,False,False,-0.5,False,-6.2000000000000055,-0.955507938643928,Normal transmission,False,44392,2.852111860244211,32,0.0,482,-12.0,3.999999999999993,0.0,54.05463208095847,0.11923630573482313,Normal market quality,False,0,False,Normal,Official ECB inputs; RepoLens derived analytics
2021-01-14,-0.564,-0.199999999999989,0.7902531240052121,-0.170831339856999,Normal,False,False,False,-0.5,False,-6.399999999999995,-1.3164581847853285,Normal transmission,False,44990,1.3470895656875204,32,0.0,471,-11.0,3.999999999999993,0.0,53.89142438230641,-0.16320769865205875,Normal market quality,False,0,False,Normal,Official ECB inputs; RepoLens derived analytics
2021-01-15,-0.566,-0.2000000000000001,0.7810081204510766,-0.1984614448188827,Normal,False,False,False,-0.5,False,-6.599999999999994,-1.6532255353550984,Normal transmission,False,49644,10.344521004667694,30,-2.0,475,4.0,4.999999999999993,1.0,52.93400513155032,-0.9574192507560895,Normal market quality,False,0,False,Normal,Official ECB inputs; RepoLens derived analytics
2021-01-18,-0.565,0.1,0.7810081204510766,0.185657480637018,Normal,False,False,False,-0.5,False,-6.499999999999995,-1.3988352882033532,Normal transmission,False,52184,5.116428974297005,31,1.0,475,0.0,3.999999999999993,-1.0,56.71001052857603,3.776005397025706,Normal market quality,False,0,False,Normal,Official ECB inputs; RepoLens derived analytics
2021-01-19,-0.564,0.1,0.7807553697339634,0.166505419033232,Normal,False,False,False,-0.5,False,-6.399999999999995,-1.1605760434964765,Normal transmission,False,49555,-5.037942664418216,30,-1.0,507,32.0,3.999999999999993,0.0,55.4489737166686,-1.2610368119074309,Normal market quality,False,0,False,Normal,Official ECB inputs; RepoLens derived analytics
2021-01-20,-0.564,0.0,0.7801990299377374,0.0448603480099079,Normal,False,False,False,-0.5,False,-6.399999999999995,-1.123050530817587,Normal transmission,False,51882,4.695792553728184,33,3.0,470,-37.0,3.999999999999993,0.0,58.45276333024285,3.0037896135742557,Normal market quality,False,0,False,Normal,Official ECB inputs; RepoLens derived analytics
2021-01-21,-0.562,0.199999999999989,0.7817658823054628,0.2814141739611342,Normal,False,False,False,-0.5,False,-6.2000000000000055,-0.7029229978721798,Normal transmission,False,48938,-5.674415018696277,31,-2.0,467,-3.0,3.999999999999993,0.0,54.50989274796773,-3.9428705822751198,Normal market quality,False,0,False,Normal,Official ECB inputs; RepoLens derived analytics
2021-01-22,-0.561,0.1,0.7819678281173228,0.1406707489038746,Normal,False,False,False,-0.5,False,-6.100000000000005,-0.4860858781484732,Normal transmission,False,46465,-5.053332788426168,32,1.0,466,-1.0,3.999999999999993,0.0,54.22335812525121,-0.2865346227165233,Normal market quality,False,0,False,Normal,Official ECB inputs; RepoLens derived analytics
2021-01-25,-0.564,-0.2999999999999891,0.7783078811721832,-0.3276338402431988,Normal,False,False,False,-0.5,False,-6.399999999999995,-1.0470758203063983,Normal transmission,False,46390,-0.1614118153448807,31,-1.0,451,-15.0,3.999999999999993,0.0,52.45561236333523,-1.7677457619159824,Normal market quality,False,0,False,Normal,Official ECB inputs; RepoLens derived analytics
2021-01-26,-0.558,0.5999999999999894,0.7899866754372612,0.7911525845091617,Normal,False,False,False,-0.5,False,-5.800000000000005,0.1530361955190742,Normal transmission,False,52859,13.944815693037294,30,-1.0,458,7.0,4.999999999999993,1.0,53.70000571552941,1.2443933521941801,Normal market quality,False,0,False,Normal,Official ECB inputs; RepoLens derived analytics
2021-01-27,-0.563,-0.4999999999999893,0.7927965160048756,-0.5928381249307855,Normal,False,False,False,-0.5,False,-6.2999999999999945,-0.8176750105099128,Normal transmission,False,43358,-17.97423333774759,31,1.0,449,-9.0,3.999999999999993,-1.0,50.67730711675274,-3.022698598776664,Normal market quality,False,0,False,Normal,Official ECB inputs; RepoLens derived analytics
2021-01-28,-0.561,0.199999999999989,0.7927965160048753,0.2901122739022919,Normal,False,False,False,-0.5,False,-6.100000000000005,-0.3964454381299867,Normal transmission,False,42151,-2.7837999907744826,32,1.0,431,-18.0,3.999999999999993,0.0,50.3813870524692,-0.29592006428354267,Normal market quality,False,0,False,Normal,Official ECB inputs; RepoLens derived analytics
2021-01-29,-0.564,-0.2999999999999891,0.4605203007125941,-0.8577254887325904,Normal,False,True,False,-0.5,False,-6.399999999999995,-0.9733553303124696,Normal transmission,False,35904,-14.820526203411543,32,0.0,431,0.0,3.999999999999993,0.0,47.012151541945485,-3.3692355105237155,Normal market quality,False,0,False,Month-end watch,Official ECB inputs; RepoLens derived analytics
2021-02-01,-0.566,-0.2000000000000001,0.2675424216239694,-0.7475450015964195,Normal,False,False,False,-0.5,False,-6.599999999999994,-1.324116106511915,Normal transmission,False,41743,16.262811942958997,29,-3.0,425,-6.0,2.999999999999992,-1.0000000000000009,48.03931336073061,1.0271618187851246,Normal market quality,False,0,False,Normal,Official ECB inputs; RepoLens derived analytics
2021-02-02,-0.564,0.2000000000000001,0.26252819397462,0.7808685112876622,Normal,False,False,False,-0.5,False,-6.399999999999995,-0.9031946553582888,Normal transmission,False,44042,5.507510241238056,31,2.0,458,33.0,3.999999999999993,1.0000000000000009,51.36116360202567,3.32185024129506,Normal market quality,False,0,False,Normal,Official ECB inputs; RepoLens derived analytics
2021-02-03,-0.558,0.5999999999999894,0.2854359546562459,1.961911212882781,Mild tightening,False,False,False,-0.5,False,-5.800000000000005,0.2748853298916492,Normal transmission,False,45048,2.284183279596741,32,1.0,471,13.0,3.999999999999993,0.0,53.48535829893144,2.124194696905768,Normal market quality,False,0,False,Normal,Official ECB inputs; RepoLens derived analytics
2021-02-04,-0.564,-0.5999999999999894,0.3186732363706478,-1.898496425022388,Mild easing,False,False,False,-0.5,False,-6.399999999999995,-0.876123109850513,Normal transmission,False,44059,-2.1954359793997513,31,-1.0,461,-10.0,3.999999999999993,0.0,51.42643351220928,-2.0589247867221587,Normal market quality,False,0,False,Normal,Official ECB inputs; RepoLens derived analytics
2021-02-05,-0.565,-0.1,0.3116593957309232,-0.272733635386327,Normal,False,False,False,-0.5,False,-6.499999999999995,-1.0397132184544084,Normal transmission,False,42517,-3.499852470550857,32,1.0,462,1.0,3.999999999999993,0.0,51.67452377126148,0.24809025905219784,Normal market quality,False,0,False,Normal,Official ECB inputs; RepoLens derived analytics
2021-02-08,-0.563,0.2000000000000001,0.3119969635479709,0.6250060826954748,Normal,False,False,False,-0.5,False,-6.2999999999999945,-0.6299487197178896,Normal transmission,False,42404,-0.2657760425241684,32,0.0,469,7.0,3.999999999999993,0.0,51.85303358079176,0.17850980953028284,Normal market quality,False,0,False,Normal,Official ECB inputs; RepoLens derived analytics
2021-02-09,-0.564,-0.1,0.3119969635479709,-0.3044901428516415,Normal,False,False,False,-0.5,False,-6.399999999999995,-0.8048987212703482,Normal transmission,False,43270,2.0422601641354676,32,0.0,462,-7.0,3.999999999999993,0.0,52.00338736100923,0.15035378021747192,Normal market quality,False,0,False,Normal,Official ECB inputs; RepoLens derived analytics
2021-02-10,-0.564,0.0,0.31102546857976,0.0321517078510084,Normal,False,False,False,-0.5,False,-6.399999999999995,-0.781668567507111,Normal transmission,False,41918,-3.1245666743702327,31,-1.0,452,-10.0,3.999999999999993,0.0,49.74014120934565,-2.26324615166358,Normal market quality,False,0,False,Normal,Official ECB inputs; RepoLens derived analytics
2021-02-11,-0.565,-0.1,0.3086046696102629,-0.3078372084258338,Normal,False,False,False,-0.5,False,-6.499999999999995,-0.9518571264165668,Normal transmission,False,43139,2.9128298105825623,30,-1.0,458,6.0,3.999999999999993,0.0,49.56960729483137,-0.17053391451428013,Normal market quality,False,0,False,Normal,Official ECB inputs; RepoLens derived analytics
2021-02-12,-0.564,0.1,0.3059067625411661,0.2942072913078823,Normal,False,False,False,-0.5,False,-6.399999999999995,-0.7274232515271123,Normal transmission,False,43242,0.23876306822132598,31,1.0,460,2.0,3.999999999999993,0.0,50.74960228969209,1.1799949948607207,Normal market quality,False,0,False,Normal,Official ECB inputs; RepoLens derived analytics
2021-02-15,-0.563,0.1,0.3059067625411661,0.2942072913078823,Normal,False,False,False,-0.5,False,-6.2999999999999945,-0.5080578368234727,Normal transmission,False,43072,-0.39313630266870625,32,1.0,458,-2.0,3.999999999999993,0.0,51.60841469227336,0.8588124025812647,Normal market quality,False,0,False,Normal,Official ECB inputs; RepoLens derived analytics
2021-02-16,-0.564,-0.1,0.3060787652325985,-0.3267132887314383,Normal,False,False,False,-0.5,False,-6.399999999999995,-0.6852913402875584,Normal transmission,False,41493,-3.665954680534922,32,0.0,463,5.0,3.999999999999993,0.0,50.87546093384511,-0.7329537584282448,Normal market quality,False,0,False,Normal,Official ECB inputs; RepoLens derived analytics
2021-02-17,-0.563,0.1,0.3068944615438867,0.3095526700680286,Normal,False,False,False,-0.5,False,-6.2999999999999945,-0.4658696198689704,Normal transmission,False,41073,-1.0122189284939576,30,-2.0,454,-9.0,3.999999999999993,0.0,48.09677361624767,-2.778687317597445,Normal market quality,False,0,False,Normal,Official ECB inputs; RepoLens derived analytics
2021-02-18,-0.562,0.0999999999999889,0.3043543641010671,0.3285643703363555,Normal,False,False,False,-0.5,False,-6.2000000000000055,-0.2464282482205627,Normal transmission,False,41352,0.6792783580454209,32,2.0,464,10.0,3.999999999999993,0.0,50.77629770073304,2.6795240844853723,Normal market quality,False,0,False,Normal,Official ECB inputs; RepoLens derived analytics
2021-02-19,-0.563,-0.0999999999999889,0.3041813863297195,-0.2958760925049944,Normal,False,False,False,-0.5,False,-6.2999999999999945,-0.4249083007758828,Normal transmission,False,41628,0.6674405107370829,31,-1.0,461,-3.0,3.999999999999993,0.0,49.70175950088614,-1.0745381998468986,Normal market quality,False,0,False,Normal,Official ECB inputs; RepoLens derived analytics
2021-02-22,-0.564,-0.1,0.2973567766700057,-0.3362963545672812,Normal,False,False,False,-0.5,False,-6.399999999999995,-0.6065824556314868,Normal transmission,False,41862,0.5621216488901792,31,0.0,459,-2.0,3.999999999999993,0.0,49.716369389932126,0.01460988904598537,Normal market quality,False,0,False,Normal,Official ECB inputs; RepoLens derived analytics
2021-02-23,-0.565,-0.1,0.2621269278723322,-0.2479714714073884,Normal,False,False,False,-0.5,False,-6.499999999999995,-0.7864082037656998,Normal transmission,False,41730,-0.3153217715350487,31,0.0,469,10.0,3.999999999999993,0.0,50.003263653686695,0.2868942637545686,Normal market quality,False,0,False,Normal,Official ECB inputs; RepoLens derived analytics
2021-02-24,-0.564,0.1,0.2394621165511485,0.438482719155171,Normal,False,False,False,-0.5,False,-6.399999999999995,-0.5644070137665651,Normal transmission,False,41110,-1.485741672657559,32,1.0,449,-20.0,3.999999999999993,0.0,49.86253572661631,-0.14072792707038673,Normal market quality,False,0,False,Normal,Official ECB inputs; RepoLens derived analytics
2021-02-25,-0.564,0.0,0.2345768867332668,0.0639449189086378,Normal,False,False,False,-0.5,False,-6.399999999999995,-0.5425856927586225,Normal transmission,False,42027,2.2306008270493782,30,-2.0,450,1.0,3.999999999999993,0.0,48.21945017285341,-1.6430855537628943,Normal market quality,False,0,False,Normal,Official ECB inputs; RepoLens derived analytics
2021-02-26,-0.566,-0.2000000000000001,0.2291862033139696,-0.8290202344323189,Normal,False,True,False,-0.5,False,-6.599999999999994,-0.9258955302447665,Normal transmission,False,39693,-5.553572703262189,31,1.0,441,-9.0,3.999999999999993,0.0,47.49869945289313,-0.7207507199602858,Normal market quality,False,0,False,Month-end watch,Official ECB inputs; RepoLens derived analytics
2021-03-01,-0.563,0.3000000000000002,0.2345768867332675,1.214953459264159,Mild tightening,False,False,False,-0.5,False,-6.2999999999999945,-0.2804757862394804,Normal transmission,False,47751,20.300808706824892,31,0.0,481,40.0,3.999999999999993,0.0,53.93604158222568,6.437342129332549,Normal market quality,False,0,False,Normal,Official ECB inputs; RepoLens derived analytics
2021-03-02,-0.565,-0.2000000000000001,0.23502519461807,-0.8296982811433762,Normal,False,False,False,-0.5,False,-6.499999999999995,-0.6750489292714409,Normal transmission,False,47310,-0.9235408682540691,31,0.0,452,-29.0,5.999999999999995,2.0000000000000018,49.48610591559468,-4.449935666630999,Normal market quality,True,1,True,Monitor,Official ECB inputs; RepoLens derived analytics
2021-03-03,-0.565,0.0,0.1871531880291461,0.1870125770689451,Normal,False,False,False,-0.5,False,-6.499999999999995,-0.6491753010000634,Normal transmission,False,49099,3.781441555696463,32,1.0,462,10.0,5.999999999999995,0.0,52.05659346441821,2.570487548823529,Normal market quality,True,1,True,Monitor,Official ECB inputs; RepoLens derived analytics
2021-03-04,-0.565,0.0,0.1316894273021102,0.0379681201629759,Normal,False,False,False,-0.5,False,-6.499999999999995,-0.6276855910460895,Normal transmission,False,46676,-4.934927391596567,32,0.0,463,1.0,4.999999999999993,-1.0000000000000018,52.1287174889222,0.07212402450399225,Normal market quality,False,0,False,Normal,Official ECB inputs; RepoLens derived analytics
2021-03-05,-0.562,0.2999999999999891,0.1460893742308366,1.9508605708014024,Mild tightening,False,False,False,-0.5,False,-6.2000000000000055,0.0439533002158833,Normal transmission,False,42671,-8.580426771788495,32,0.0,449,-14.0,3.999999999999993,-1.0,50.633962647950575,-1.4947548409716234,Normal market quality,False,0,False,Normal,Official ECB inputs; RepoLens derived analytics
2021-03-08,-0.558,0.4000000000000003,0.1650358812660529,2.2722331478659883,Sharp tightening,True,False,False,-0.5,False,-5.800000000000005,0.9383939269526138,Normal transmission,False,39690,-6.98600923343723,31,-1.0,412,-37.0,3.999999999999993,0.0,46.28894358016233,-4.345019067788243,Normal market quality,False,1,True,Monitor,Official ECB inputs; RepoLens derived analytics
2021-03-09,-0.56,-0.2000000000000001,0.1704483252453567,-1.2907137672565234,Mild easing,False,False,False,-0.5,False,-6.000000000000005,0.5109623318887843,Normal transmission,False,33966,-14.421768707482997,30,-1.0,382,-30.0,3.999999999999993,0.0,40.62713939868513,-5.661804181477201,Normal market quality,False,0,False,Normal,Official ECB inputs; RepoLens derived analytics
2021-03-10,-0.562,-0.2000000000000001,0.1774082416646021,-1.1837105087655038,Mild easing,False,False,False,-0.5,False,-6.2000000000000055,0.0789460824811244,Normal transmission,False,45218,33.12724489195078,32,2.0,463,81.0,3.999999999999993,0.0,52.83168631378551,12.20454691510038,Normal market quality,False,0,False,Normal,Official ECB inputs; RepoLens derived analytics
2021-03-11,-0.561,0.1,0.1765159900316163,0.4532167311622679,Normal,False,False,False,-0.5,False,-6.100000000000005,0.3628192535134445,Normal transmission,False,46913,3.7485072316334245,31,-1.0,465,2.0,3.999999999999993,0.0,52.83224264116345,0.0005563273779358724,Normal market quality,False,0,False,Normal,Official ECB inputs; RepoLens derived analytics
2021-03-12,-0.562,-0.1,0.1774082416646021,-0.6200388379247862,Normal,False,False,False,-0.5,False,-6.2000000000000055,0.1457103544606015,Normal transmission,False,43926,-6.367105066825829,31,0.0,454,-11.0,3.999999999999993,0.0,50.60982887665044,-2.222413764513007,Normal market quality,False,0,False,Normal,Official ECB inputs; RepoLens derived analytics
2021-03-15,-0.564,-0.199999999999989,0.1820208200931084,-1.0713060181810052,Mild easing,False,False,False,-0.5,False,-6.399999999999995,-0.3143880617285731,Normal transmission,False,46886,6.738605837089651,30,-1.0,452,-2.0,3.999999999999993,0.0,51.19701411905624,0.5871852424058019,Normal market quality,False,0,False,Normal,Official ECB inputs; RepoLens derived analytics
2021-03-16,-0.562,0.199999999999989,0.1860956177543348,1.02098051685886,Mild tightening,False,False,False,-0.5,False,-6.2000000000000055,0.200895813376974,Normal transmission,False,48940,4.3808386298682,30,0.0,455,3.0,3.999999999999993,0.0,52.50831617218776,1.31130205313152,Normal market quality,False,0,False,Normal,Official ECB inputs; RepoLens derived analytics
2021-03-17,-0.561,0.1,0.1860956177543348,0.4836223500910687,Normal,False,False,False,-0.5,False,-6.100000000000005,0.4766334142925866,Normal transmission,False,40172,-17.915815284021253,30,0.0,404,-51.0,3.999999999999993,0.0,45.20855511348008,-7.299761058707681,Normal market quality,False,0,False,Normal,Official ECB inputs; RepoLens derived analytics
2021-03-18,-0.566,-0.4999999999999893,0.2166734141999227,-2.215315625003712,Sharp easing,True,False,False,-0.5,False,-6.599999999999994,-0.7724177713407785,Normal transmission,False,43553,8.41630986756945,31,1.0,459,55.0,5.999999999999995,2.0000000000000018,47.49315757745903,2.284602463978949,Normal market quality,True,2,True,High attention,Official ECB inputs; RepoLens derived analytics
2021-03-19,-0.565,0.1,0.2174009151193609,0.5059776309571011,Normal,False,False,False,-0.5,False,-6.499999999999995,-0.4926979913604633,Normal transmission,False,40784,-6.357770991665324,32,1.0,441,-18.0,5.999999999999995,0.0,46.18692962641165,-1.3062279510473829,Normal market quality,True,1,True,Monitor,Official ECB inputs; RepoLens derived analytics
2021-03-22,-0.566,-0.1,0.2174009151193609,-0.41398169805581,Normal,False,False,False,-0.5,False,-6.599999999999994,-0.7295197360663526,Normal transmission,False,41907,2.753530796390735,30,-2.0,451,10.0,4.999999999999993,-1.0000000000000018,46.685144712187366,0.49821508577571905,Normal market quality,False,0,False,Normal,Official ECB inputs; RepoLens derived analytics
2021-03-23,-0.563,0.3000000000000002,0.2268781263377434,1.2782193007372165,Mild tightening,False,False,False,-0.5,False,-6.2999999999999945,0.1296431383505338,Normal transmission,False,41134,-1.8445605746056692,32,2.0,457,6.0,4.999999999999993,0.0,48.64061267538911,1.955467963201741,Normal market quality,False,0,False,Normal,Official ECB inputs; RepoLens derived analytics
2021-03-24,-0.564,-0.1,0.2271099895830648,-0.4403152859263611,Normal,False,False,False,-0.5,False,-6.399999999999995,-0.1287127643578186,Normal transmission,False,40413,-1.7528078961443039,32,0.0,463,6.0,3.999999999999993,-1.0,50.005442105366285,1.3648294299771777,Normal market quality,False,0,False,Normal,Official ECB inputs; RepoLens derived analytics
2021-03-25,-0.564,0.0,0.2271099895830648,0.0,Normal,False,False,False,-0.5,False,-6.399999999999995,-0.0892819041195932,Normal transmission,False,38243,-5.36955930022518,31,-1.0,448,-15.0,4.999999999999993,1.0,45.51675555825399,-4.4886865471122945,Normal market quality,False,0,False,Normal,Official ECB inputs; RepoLens derived analytics
2021-03-26,-0.568,-0.4000000000000003,0.2403944127558069,-1.622333878434034,Mild easing,False,False,False,-0.5,False,-6.799999999999995,-2.2621978081671656,Unusually below policy rate,True,40218,5.164343801480009,33,2.0,450,2.0,4.999999999999993,0.0,48.87992301956526,3.3631674613112708,Normal market quality,False,1,True,Monitor,Official ECB inputs; RepoLens derived analytics
2021-03-29,-0.57,-0.2000000000000001,0.2323223713087594,-0.7102200234548787,Normal,False,False,False,-0.5,False,-6.999999999999995,-3.006617572373707,Unusually below policy rate,True,38771,-3.5978914913720184,31,-2.0,440,-10.0,4.999999999999993,0.0,45.506061446391,-3.37386157317426,Normal market quality,False,1,True,Monitor,Official ECB inputs; RepoLens derived analytics
2021-03-30,-0.57,0.0,0.2291287847477892,0.1091089451179975,Normal,False,False,False,-0.5,False,-6.999999999999995,-2.754083384889872,Unusually below policy rate,True,40088,3.396868793685992,31,0.0,451,11.0,4.999999999999993,0.0,46.81882982998052,1.3127683835895212,Normal market quality,False,1,True,Monitor,Official ECB inputs; RepoLens derived analytics
2021-03-31,-0.574,-0.4000000000000003,0.2438183102661721,-1.4560022157993509,Mild easing,False,True,True,-0.5,False,-7.399999999999995,-3.856016827418958,Unusually below policy rate,True,45134,12.587307922570346,30,-1.0,468,17.0,5.999999999999995,1.0000000000000018,47.9409691821076,1.1221393521270784,Normal market quality,True,2,True,High attention,Official ECB inputs; RepoLens derived analytics
2021-04-01,-0.566,0.8000000000000007,0.3086046696102669,2.608515292450453,Sharp tightening,True,False,False,-0.5,False,-6.599999999999994,-0.8269294169009755,Normal transmission,False,43396,-3.8507555279833405,31,1.0,442,-26.0,5.999999999999995,0.0,46.96702667510395,-0.9739425070036489,Normal market quality,True,2,True,High attention,Official ECB inputs; RepoLens derived analytics
2021-04-06,-0.567,-0.1,0.3006571749386741,-0.2494535512591661,Normal,False,False,False,-0.5,False,-6.699999999999995,-1.1623570704007316,Normal transmission,False,51214,18.015485298184174,33,2.0,470,28.0,4.999999999999993,-1.0000000000000018,56.78558780928768,9.818561134183724,Normal market quality,False,0,False,Normal,Official ECB inputs; RepoLens derived analytics
2021-04-07,-0.567,0.0,0.2837252191822207,0.1586041597913032,Normal,False,False,False,-0.5,False,-6.699999999999995,-1.131048370782858,Normal transmission,False,53951,5.344241808880379,31,-2.0,464,-6.0,4.999999999999993,0.0,56.16319454163245,-0.6223932676552266,Normal market quality,False,0,False,Normal,Official ECB inputs; RepoLens derived analytics
2021-04-08,-0.57,-0.3000000000000002,0.2874570906193959,-0.8696950193899033,Normal,False,False,False,-0.5,False,-6.999999999999995,-2.110697575974342,Unusually below policy rate,True,53462,-0.9063780096754459,32,1.0,474,10.0,4.999999999999993,0.0,57.481434078596735,1.3182395369642848,Normal market quality,False,1,True,Monitor,Official ECB inputs; RepoLens derived analytics
2021-04-09,-0.568,0.2000000000000001,0.2903718124640947,0.7920879029139228,Normal,False,False,False,-0.5,False,-6.799999999999995,-1.350282101400059,Normal transmission,False,52686,-1.4514982604466709,32,0.0,477,3.0,4.999999999999993,0.0,57.253273618913695,-0.2281604596830391,Normal market quality,False,0,False,Normal,Official ECB inputs; RepoLens derived analytics
2021-04-12,-0.567,0.1,0.2903718124640947,0.4477018581687381,Normal,False,False,False,-0.5,False,-6.699999999999995,-0.9739848209807918,Normal transmission,False,49545,-5.961735565425352,31,-1.0,455,-22.0,4.999999999999993,0.0,53.26761603324741,-3.9856575856662886,Normal market quality,False,0,False,Normal,Official ECB inputs; RepoLens derived analytics
2021-04-13,-0.563,0.4000000000000003,0.3051746695703423,1.3271088343282302,Mild tightening,False,False,False,-0.5,False,-6.2999999999999945,0.4008317821410296,Normal transmission,False,42773,-13.668382278736502,30,-1.0,429,-26.0,3.999999999999993,-1.0,48.278289890508894,-4.989326142738513,Normal market quality,False,0,False,Normal,Official ECB inputs; RepoLens derived analytics
2021-04-14,-0.56,0.2999999999999891,0.3088177796899503,0.9066835474340456,Normal,False,False,False,-0.5,False,-6.000000000000005,1.394530779622127,Normal transmission,False,41489,-3.0018937179996708,29,-1.0,420,-9.0,3.999999999999993,0.0,45.99757524556268,-2.2807146449462152,Normal market quality,False,0,False,Normal,Official ECB inputs; RepoLens derived analytics
2021-04-15,-0.566,-0.5999999999999894,0.3349783967896856,-1.7314549402543704,Mild easing,False,False,False,-0.5,False,-6.599999999999994,-0.6491753010000147,Normal transmission,False,47286,13.972378220733205,31,2.0,461,41.0,3.999999999999993,0.0,53.92271342767179,7.925138182109109,Normal market quality,False,0,False,Normal,Official ECB inputs; RepoLens derived analytics
2021-04-16,-0.565,0.1,0.3349783967896856,0.3582320566043573,Normal,False,False,False,-0.5,False,-6.499999999999995,-0.3015759498301185,Normal transmission,False,43952,-7.050712684515503,31,0.0,444,-17.0,3.999999999999993,0.0,51.035685483364034,-2.8870279443077536,Normal market quality,False,0,False,Normal,Official ECB inputs; RepoLens derived analytics
2021-04-19,-0.567,-0.2000000000000001,0.3186732363706537,-0.6119120708749847,Normal,False,False,False,-0.5,False,-6.699999999999995,-0.952728874177792,Normal transmission,False,47050,7.048598471059342,31,0.0,460,16.0,3.999999999999993,0.0,53.84006624635847,2.804380762994434,Normal market quality,False,0,False,Normal,Official ECB inputs; RepoLens derived analytics
2021-04-20,-0.567,0.0,0.3177221560122174,0.0314740404808768,Normal,False,False,False,-0.5,False,-6.699999999999995,-0.9214190295570188,Normal transmission,False,47180,0.27630180658873016,30,-1.0,451,-9.0,4.999999999999993,1.0,50.86722087461815,-2.97284537174032,Normal market quality,False,0,False,Normal,Official ECB inputs; RepoLens derived analytics
2021-04-21,-0.565,0.2000000000000001,0.3203205631205932,0.6087651635608147,Normal,False,False,False,-0.5,False,-6.499999999999995,-0.2331104651206752,Normal transmission,False,47627,0.9474353539635549,30,0.0,455,4.0,4.999999999999993,0.0,51.39599815264605,0.5287772780279028,Normal market quality,False,0,False,Normal,Official ECB inputs; RepoLens derived analytics
2021-04-22,-0.565,0.0,0.3127130852462201,0.0319781949390647,Normal,False,False,False,-0.5,False,-6.499999999999995,-0.2014741179808133,Normal transmission,False,47511,-0.24355932559262383,31,1.0,452,-3.0,3.999999999999993,-1.0,53.85536280556187,2.4593646529158164,Normal market quality,False,0,False,Normal,Official ECB inputs; RepoLens derived analytics
2021-04-23,-0.565,0.0,0.311996963547976,0.0160257969921914,Normal,False,False,False,-0.5,False,-6.499999999999995,-0.1899894089893987,Normal transmission,False,48082,1.2018269453389685,30,-1.0,462,10.0,3.999999999999993,0.0,53.64647595605952,-0.20888684950234904,Normal market quality,False,0,False,Normal,Official ECB inputs; RepoLens derived analytics
2021-04-26,-0.567,-0.2000000000000001,0.3150187964316769,-0.5872665443953088,Normal,False,False,False,-0.5,False,-6.699999999999995,-0.8726648066400583,Normal transmission,False,47961,-0.2516534253982794,31,1.0,461,-1.0,4.999999999999993,1.0,53.1229080222177,-0.523567933841818,Normal market quality,False,0,False,Normal,Official ECB inputs; RepoLens derived analytics
2021-04-27,-0.56,0.6999999999999895,0.3393492223902105,1.9448991082144576,Mild tightening,False,False,False,-0.5,False,-6.000000000000005,1.5793222827056683,Normal transmission,False,51682,7.758387022789348,31,0.0,453,-8.0,3.999999999999993,-1.0,56.60221827272586,3.4793102505081563,Normal market quality,False,0,False,Normal,Official ECB inputs; RepoLens derived analytics
2021-04-28,-0.566,-0.5999999999999894,0.3650522673463823,-1.6983869310191089,Mild easing,False,False,False,-0.5,False,-6.599999999999994,-0.5264407609018884,Normal transmission,False,45374,-12.205410007352658,29,-2.0,457,4.0,3.999999999999993,0.0,50.53460730285276,-6.067610969873094,Normal market quality,False,0,False,Normal,Official ECB inputs; RepoLens derived analytics
2021-04-29,-0.566,0.0,0.3650522673463823,-0.0547866751941657,Normal,False,False,False,-0.5,False,-6.599999999999994,-0.5137064138604488,Normal transmission,False,43603,-3.9031163221228016,29,0.0,427,-30.0,3.999999999999993,0.0,47.90267250146841,-2.6319348013843538,Normal market quality,False,0,False,Normal,Official ECB inputs; RepoLens derived analytics
2021-04-30,-0.569,-0.3000000000000002,0.3596416344962796,-0.90367735219311,Normal,False,True,False,-0.5,False,-6.899999999999995,-1.5404165346157128,Normal transmission,False,33962,-22.110863931380862,23,-6.0,329,-98.0,4.999999999999993,1.0,28.303075148004755,-19.599597353463654,Weak market quality,True,1,True,Monitor,Official ECB inputs; RepoLens derived analytics
2021-05-03,-0.567,0.2000000000000001,0.3136793535476999,0.6535336090229052,Normal,False,False,False,-0.5,False,-6.699999999999995,-0.7991986412290755,Normal transmission,False,38184,12.431541134208812,24,1.0,334,5.0,4.999999999999993,0.0,32.65756076832948,4.354485620324727,Weak market quality,True,1,True,Monitor,Official ECB inputs; RepoLens derived analytics
2021-05-04,-0.564,0.3000000000000002,0.3199917762101128,0.890647889065948,Normal,False,False,False,-0.5,False,-6.399999999999995,0.2682372448266245,Normal transmission,False,44829,17.40257699560026,28,4.0,454,120.0,2.999999999999992,-2.000000000000001,50.76065839562863,18.10309762729915,Normal market quality,False,0,False,Normal,Official ECB inputs; RepoLens derived analytics
2021-05-05,-0.566,-0.2000000000000001,0.3235900590496982,-0.6335176074383531,Normal,False,False,False,-0.5,False,-6.599999999999994,-0.429949295692855,Normal transmission,False,47399,5.732896116353259,31,3.0,461,7.0,3.999999999999993,1.0000000000000009,54.56859849671513,3.8079401010865013,Normal market quality,False,0,False,Normal,Official ECB inputs; RepoLens derived analytics
2021-05-06,-0.565,0.1,0.3160196529531498,0.2373270120992091,Normal,False,False,False,-0.5,False,-6.499999999999995,-0.0657308097949884,Normal transmission,False,47780,0.8038144264646885,31,0.0,464,3.0,2.999999999999992,-1.0000000000000009,56.5413667737116,1.9727682769964687,Normal market quality,False,0,False,Normal,Official ECB inputs; RepoLens derived analytics
2021-05-07,-0.563,0.2000000000000001,0.3160196529531498,0.553763028231488,Normal,False,False,False,-0.5,False,-6.2999999999999945,0.6435252779511601,Normal transmission,False,46775,-2.103390539974881,31,0.0,459,-5.0,2.999999999999992,0.0,55.6533148578651,-0.8880519158465034,Normal market quality,False,0,False,Normal,Official ECB inputs; RepoLens derived analytics
2021-05-10,-0.567,-0.4000000000000003,0.3292735225182502,-1.2147955199702705,Mild easing,False,False,False,-0.5,False,-6.699999999999995,-0.7706725276440174,Normal transmission,False,47499,1.5478353821485769,32,1.0,462,3.0,4.999999999999993,2.000000000000001,54.28246578999024,-1.3708490678748575,Normal market quality,False,0,False,Normal,Official ECB inputs; RepoLens derived analytics
2021-05-11,-0.564,0.3000000000000002,0.3235900590496982,0.942550586676574,Normal,False,False,False,-0.5,False,-6.399999999999995,0.296412510632325,Normal transmission,False,45691,-3.806395924124717,30,-2.0,464,2.0,2.999999999999992,-2.000000000000001,54.13397702530386,-0.14848876468638394,Normal market quality,False,0,False,Normal,Official ECB inputs; RepoLens derived analytics
2021-05-12,-0.564,0.0,0.3155613210905593,0.0633791236862641,Normal,False,False,False,-0.5,False,-6.399999999999995,0.303214383859856,Normal transmission,False,36495,-20.126501936924125,25,-5.0,349,-115.0,2.999999999999992,0.0,36.60432852056205,-17.529648504741807,Normal market quality,True,1,True,Monitor,Official ECB inputs; RepoLens derived analytics
2021-05-13,-0.564,0.0,0.2845125101310157,-0.0351478393529869,Normal,False,False,False,-0.5,False,-6.399999999999995,0.303214383859856,Normal transmission,False,35708,-2.1564597890121884,22,-3.0,328,-21.0,3.999999999999993,1.0000000000000009,30.88901674854962,-5.715311772012431,Weak market quality,True,1,True,Monitor,Official ECB inputs; RepoLens derived analytics
2021-05-14,-0.564,0.0,0.2837252191822199,-0.0176226844212561,Normal,False,False,False,-0.5,False,-6.399999999999995,0.3100694943271472,Normal transmission,False,41322,15.721967066203657,31,9.0,454,126.0,2.999999999999992,-1.0000000000000009,51.95523220697531,21.06621545842569,Normal market quality,False,0,False,Normal,Official ECB inputs; RepoLens derived analytics
2021-05-17,-0.565,-0.1,0.2807883638314746,-0.391754125772892,Normal,False,False,False,-0.5,False,-6.499999999999995,-0.030088149713905,Normal transmission,False,43036,4.14791152412759,31,0.0,456,2.0,3.999999999999993,1.0000000000000009,51.582770971631206,-0.3724612353441046,Normal market quality,False,0,False,Normal,Official ECB inputs; RepoLens derived analytics
2021-05-18,-0.558,0.6999999999999895,0.3203205631205912,2.044826575037588,Sharp tightening,True,False,False,-0.5,False,-5.800000000000005,2.35598157999627,Unusually above policy rate,True,45226,5.088762896179944,30,-1.0,464,8.0,3.999999999999993,0.0,52.3312926591785,0.7485216875472958,Normal market quality,False,2,True,High attention,Official ECB inputs; RepoLens derived analytics
2021-05-19,-0.564,-0.5999999999999894,0.3486439897358688,-1.7352945061761562,Mild easing,False,False,False,-0.5,False,-6.399999999999995,0.2873148268288252,Normal transmission,False,45375,0.3294565073187927,31,1.0,453,-11.0,2.999999999999992,-1.0000000000000009,54.4700623465382,2.138769687359698,Normal market quality,False,0,False,Normal,Official ECB inputs; RepoLens derived analytics
2021-05-20,-0.563,0.1,0.3492849839314556,0.2576692504412439,Normal,False,False,False,-0.5,False,-6.2999999999999945,0.6185677819613788,Normal transmission,False,45516,0.31074380165290183,31,0.0,465,12.0,2.999999999999992,0.0,55.1783187815286,0.7082564349904032,Normal market quality,False,0,False,Normal,Official ECB inputs; RepoLens derived analytics
2021-05-21,-0.564,-0.1,0.3501503436495414,-0.2998711893457186,Normal,False,False,False,-0.5,False,-6.399999999999995,0.2749190142050644,Normal transmission,False,35085,-22.917215924070653,24,-7.0,343,-122.0,2.999999999999992,0.0,34.37844237801971,-20.79987640350889,Weak market quality,True,1,True,Monitor,Official ECB inputs; RepoLens derived analytics
2021-05-24,-0.566,-0.2000000000000001,0.3501503436495415,-0.5854627982464029,Normal,False,False,False,-0.5,False,-6.599999999999994,-0.4006296399071745,Normal transmission,False,35059,-0.07410574319509644,24,0.0,311,-32.0,3.999999999999993,1.0000000000000009,31.43206687963257,-2.9463754983871446,Weak market quality,True,1,True,Monitor,Official ECB inputs; RepoLens derived analytics
2021-05-25,-0.565,0.1,0.3109831608235203,0.4019510241936724,Normal,False,False,False,-0.5,False,-6.499999999999995,-0.0630411926291922,Normal transmission,False,44876,28.00136912062523,31,7.0,441,130.0,3.999999999999993,0.0,51.99903294264879,20.56696606301622,Normal market quality,False,0,False,Normal,Official ECB inputs; RepoLens derived analytics
2021-05-26,-0.565,0.0,0.2799906013460165,-0.0178577422812165,Normal,False,False,False,-0.5,False,-6.499999999999995,-0.0517523064280037,Normal transmission,False,46159,2.8589892147250273,31,0.0,450,9.0,3.999999999999993,0.0,53.23550748152853,1.2364745388797402,Normal market quality,False,0,False,Normal,Official ECB inputs; RepoLens derived analytics
2021-05-27,-0.564,0.1,0.2807883638314746,0.3205261029050935,Normal,False,False,False,-0.5,False,-6.399999999999995,0.2873148268288221,Normal transmission,False,45435,-1.5684915184471016,30,-1.0,433,-17.0,2.999999999999992,-1.0000000000000009,52.39745162609668,-0.8380558554318469,Normal market quality,False,0,False,Normal,Official ECB inputs; RepoLens derived analytics
2021-05-28,-0.566,-0.2000000000000001,0.2758241239783419,-0.7794822182300568,Normal,False,False,False,-0.5,False,-6.599999999999994,-0.3959695973600924,Normal transmission,False,38000,-16.36403653571036,31,1.0,371,-62.0,5.999999999999995,3.0000000000000027,40.43109795835158,-11.966353667745103,Normal market quality,True,1,True,Monitor,Official ECB inputs; RepoLens derived analytics
2021-05-31,-0.571,-0.5000000000000004,0.294868391695433,-1.627844874250843,Mild easing,False,True,False,-0.5,False,-7.099999999999995,-2.0093952921287084,Unusually below policy rate,True,37631,-0.9710526315789503,29,-2.0,380,9.0,4.999999999999993,-1.0000000000000018,40.219069095154666,-0.21202886319691316,Normal market quality,False,1,True,Monitor,Official ECB inputs; RepoLens derived analytics
2021-06-01,-0.564,0.7000000000000006,0.3292735225182518,2.125892159947963,Sharp tightening,True,False,False,-0.5,False,-6.399999999999995,0.3290245675476666,Normal transmission,False,49004,30.222423002311928,28,-1.0,448,68.0,2.999999999999992,-2.000000000000001,53.46947190455786,13.250402809403191,Normal market quality,False,1,True,Monitor,Official ECB inputs; RepoLens derived analytics
2021-06-02,-0.563,0.1,0.3265046142980118,0.2603332273963445,Normal,False,False,False,-0.5,False,-6.2999999999999945,0.7232577425476043,Normal transmission,False,42552,-13.166272141049706,28,0.0,395,-53.0,2.999999999999992,0.0,46.38707221807534,-7.082399686482518,Normal market quality,False,0,False,Normal,Official ECB inputs; RepoLens derived analytics
2021-06-03,-0.563,0.0,0.3258995647677182,-0.0306842999533534,Normal,False,False,False,-0.5,False,-6.2999999999999945,0.7579019659569601,Normal transmission,False,43233,1.6003948110547173,29,1.0,411,16.0,2.999999999999992,0.0,48.7829599365157,2.3958877184403633,Normal market quality,False,0,False,Normal,Official ECB inputs; RepoLens derived analytics
2021-06-04,-0.563,0.0,0.3228165521093802,0.0,Normal,False,False,False,-0.5,False,-6.2999999999999945,0.7682646411308355,Normal transmission,False,47087,8.91448661901788,31,2.0,461,50.0,2.999999999999992,0.0,56.08175156312579,7.29879162661009,Normal market quality,False,0,False,Normal,Official ECB inputs; RepoLens derived analytics
2021-06-07,-0.564,-0.1,0.3099660422827309,-0.3710083825734193,Normal,False,False,False,-0.5,False,-6.399999999999995,0.4338195187148998,Normal transmission,False,46150,-1.9899335273005248,30,-1.0,446,-15.0,2.999999999999992,0.0,53.54446904241456,-2.53728252071123,Normal market quality,False,0,False,Normal,Official ECB inputs; RepoLens derived analytics
2021-06-08,-0.563,0.1,0.3034451307376998,0.3130714266827987,Normal,False,False,False,-0.5,False,-6.2999999999999945,0.8115290110607146,Normal transmission,False,43660,-5.395449620801729,32,2.0,456,10.0,2.999999999999992,0.0,54.58219243638783,1.0377233939732662,Normal market quality,False,0,False,Normal,Official ECB inputs; RepoLens derived analytics
2021-06-09,-0.564,-0.1,0.3043543641010707,-0.3285643703363881,Normal,False,False,False,-0.5,False,-6.399999999999995,0.4426521878512994,Normal transmission,False,43666,0.013742556115436955,31,-1.0,450,-6.0,2.999999999999992,0.0,53.19954161976835,-1.3826508166194813,Normal market quality,False,0,False,Normal,Official ECB inputs; RepoLens derived analytics
2021-06-10,-0.561,0.2999999999999891,0.3116593957309274,0.91445983629528,Normal,False,False,False,-0.5,False,-6.100000000000005,1.5301619170520129,Normal transmission,False,40680,-6.838272340035722,29,-2.0,420,-30.0,2.999999999999992,0.0,47.44640114332351,-5.753140476444834,Normal market quality,False,0,False,Normal,Official ECB inputs; RepoLens derived analytics
2021-06-11,-0.566,-0.4999999999999893,0.3322966334941971,-1.4745861095476498,Mild easing,False,False,False,-0.5,False,-6.599999999999994,-0.2736409674452593,Normal transmission,False,45334,11.440511307767952,31,2.0,463,43.0,2.999999999999992,0.0,54.98586740467287,7.539466261349354,Normal market quality,False,0,False,Normal,Official ECB inputs; RepoLens derived analytics
2021-06-14,-0.565,0.1,0.3324549831021811,0.3007926037591224,Normal,False,False,False,-0.5,False,-6.499999999999995,0.0933399429493664,Normal transmission,False,45066,-0.5911677769444568,29,-2.0,453,-10.0,3.999999999999993,1.0000000000000009,50.51176597811659,-4.474101426556274,Normal market quality,False,0,False,Normal,Official ECB inputs; RepoLens derived analytics
2021-06-15,-0.561,0.3999999999999892,0.3048295468480329,1.361416582779227,Mild tightening,False,False,False,-0.5,False,-6.100000000000005,1.5301619170520129,Normal transmission,False,50091,11.150312874450808,30,1.0,456,3.0,3.999999999999993,0.0,55.11402243932818,4.602256461211589,Normal market quality,False,0,False,Normal,Official ECB inputs; RepoLens derived analytics
2021-06-16,-0.562,-0.1,0.2731878089288891,-0.4026533996201586,Normal,False,False,False,-0.5,False,-6.2000000000000055,1.1282923815421109,Normal transmission,False,43971,-12.217763670120386,29,-1.0,452,-4.0,3.999999999999993,0.0,49.70983539847128,-5.404187040856904,Normal market quality,False,0,False,Normal,Official ECB inputs; RepoLens derived analytics
2021-06-17,-0.563,-0.0999999999999889,0.2733803981730618,-0.3657906736118094,Normal,False,False,False,-0.5,False,-6.2999999999999945,0.7662734355927988,Normal transmission,False,42415,-3.5386959587000555,31,2.0,443,-9.0,3.999999999999993,0.0,50.33756550628883,0.6277301078175554,Normal market quality,False,0,False,Normal,Official ECB inputs; RepoLens derived analytics
2021-06-18,-0.563,0.0,0.2723677854047987,-0.0183575307651339,Normal,False,False,False,-0.5,False,-6.2999999999999945,0.7575382086909379,Normal transmission,False,41618,-1.8790522220912376,29,-2.0,437,-6.0,3.999999999999993,0.0,47.30253774369539,-3.035027762593444,Normal market quality,False,0,False,Normal,Official ECB inputs; RepoLens derived analytics
2021-06-21,-0.564,-0.1,0.2693071031173748,-0.4084556208384065,Normal,False,False,False,-0.5,False,-6.399999999999995,0.3968057283619177,Normal transmission,False,43721,5.0531020231630475,28,-1.0,467,30.0,3.999999999999993,0.0,49.18413681737005,1.8815990736746642,Normal market quality,False,0,False,Normal,Official ECB inputs; RepoLens derived analytics
2021-06-22,-0.564,0.0,0.268475226731294,-0.0186236922522624,Normal,False,False,False,-0.5,False,-6.399999999999995,0.3758646449521759,Normal transmission,False,41014,-6.191532673086164,30,2.0,457,-10.0,3.999999999999993,0.0,48.95049453208301,-0.2336422852870399,Normal market quality,False,0,False,Normal,Official ECB inputs; RepoLens derived analytics
2021-06-23,-0.563,0.1,0.2693071031173748,0.3341909625041508,Normal,False,False,False,-0.5,False,-6.2999999999999945,0.7144817245895894,Normal transmission,False,40523,-1.1971521919344585,31,1.0,447,-10.0,3.999999999999993,0.0,49.14486498935729,0.1943704572742746,Normal market quality,False,0,False,Normal,Official ECB inputs; RepoLens derived analytics
2021-06-24,-0.565,-0.2000000000000001,0.2723677854047987,-0.7159436998402255,Normal,False,False,False,-0.5,False,-6.499999999999995,-0.0641433193047753,Normal transmission,False,40796,0.6736914838486818,31,0.0,455,8.0,2.999999999999992,-1.0000000000000009,51.37755913996264,2.2326941506053544,Normal market quality,False,0,False,Normal,Official ECB inputs; RepoLens derived analytics
2021-06-25,-0.565,0.0,0.268475226731294,-0.0186236922522624,Normal,False,False,False,-0.5,False,-6.499999999999995,-0.1374889358585865,Normal transmission,False,40811,0.036768310618695565,30,-1.0,457,2.0,2.999999999999992,0.0,50.413363429262745,-0.9641957106998973,Normal market quality,False,0,False,Normal,Official ECB inputs; RepoLens derived analytics
2021-06-28,-0.566,-0.1,0.2425196682202968,-0.5154221136673097,Normal,False,False,False,-0.5,False,-6.599999999999994,-0.5716645227804706,Normal transmission,False,41677,2.121976917987789,31,1.0,469,12.0,3.999999999999993,1.0000000000000009,51.09680242864189,0.6834389993791419,Normal market quality,False,0,False,Normal,Official ECB inputs; RepoLens derived analytics
2021-06-29,-0.568,-0.2000000000000001,0.1880649383926472,-0.9571162043197609,Normal,False,False,False,-0.5,False,-6.799999999999995,-1.4200938936091068,Normal transmission,False,37503,-10.015116251169708,30,-1.0,409,-60.0,4.999999999999993,1.0,42.28281270653594,-8.813989722105944,Normal market quality,False,0,False,Normal,Official ECB inputs; RepoLens derived analytics
2021-06-30,-0.581,-1.3000000000000012,0.3401238164644083,-3.5575279984153045,Sharp easing,True,True,True,-0.5,False,-8.099999999999996,-5.143291062343091,Unusually below policy rate,True,34473,-8.079353651707866,28,-2.0,455,46.0,5.999999999999995,1.0000000000000018,38.89767545896926,-3.385137247566682,Normal market quality,True,3,True,High attention,Official ECB inputs; RepoLens derived analytics
2021-07-01,-0.565,1.6000000000000014,0.508765275213587,3.164524149813684,Sharp tightening,True,False,False,-0.5,False,-6.499999999999995,-0.0491444126233495,Normal transmission,False,43218,25.367679053172054,30,2.0,476,21.0,4.999999999999993,-1.0000000000000018,49.88310790567582,10.985432446706561,Normal market quality,False,1,True,Monitor,Official ECB inputs; RepoLens derived analytics
2021-07-02,-0.565,0.0,0.508765275213587,0.0196554295019483,Normal,False,False,False,-0.5,False,-6.499999999999995,-0.0661332751460314,Normal transmission,False,46025,6.49497894395854,30,0.0,494,18.0,3.999999999999993,-1.0,54.36836547707341,4.4852575713975895,Normal market quality,False,0,False,Normal,Official ECB inputs; RepoLens derived analytics
2021-07-05,-0.566,-0.1,0.508765275213587,-0.1768988655175351,Normal,False,False,False,-0.5,False,-6.599999999999994,-0.4035905236587034,Normal transmission,False,51933,12.836501901140673,30,0.0,514,20.0,4.999999999999993,1.0,57.80324057160642,3.4348750945330124,Normal market quality,False,0,False,Normal,Official ECB inputs; RepoLens derived analytics
2021-07-06,-0.565,0.1,0.508765275213587,0.2162097245214318,Normal,False,False,False,-0.5,False,-6.499999999999995,-0.0609973020461972,Normal transmission,False,46373,-10.706102093081471,29,-1.0,492,-22.0,2.999999999999992,-2.000000000000001,55.003426981153325,-2.7998135904530983,Normal market quality,False,0,False,Normal,Official ECB inputs; RepoLens derived analytics
2021-07-07,-0.565,0.0,0.5083254241547478,0.0098362186158878,Normal,False,False,False,-0.5,False,-6.499999999999995,-0.0340327101943383,Normal transmission,False,48092,3.706898410713122,29,0.0,486,-6.0,2.999999999999992,0.0,55.83847148402717,0.835044502873842,Normal market quality,False,0,False,Normal,Official ECB inputs; RepoLens derived analytics
2021-07-08,-0.566,-0.1,0.5035400992760624,-0.1489454367344881,Normal,False,False,False,-0.5,False,-6.599999999999994,-0.3743598121377582,Normal transmission,False,50011,3.9902686517508057,31,2.0,506,20.0,2.999999999999992,0.0,60.35482451805955,4.5163530340323845,Normal market quality,False,0,False,Normal,Official ECB inputs; RepoLens derived analytics
2021-07-09,-0.566,0.0,0.4909711107376352,0.0,Normal,False,False,False,-0.5,False,-6.599999999999994,-0.3682602086931833,Normal transmission,False,52139,4.255063885945098,30,-1.0,497,-9.0,2.999999999999992,0.0,60.16446817461479,-0.19035634344476193,Normal market quality,False,0,False,Normal,Official ECB inputs; RepoLens derived analytics
2021-07-12,-0.568,-0.2000000000000001,0.4923359999452662,-0.3757596438622544,Normal,False,False,False,-0.5,False,-6.799999999999995,-1.0372417218375838,Normal transmission,False,42542,-18.406567061125067,28,-2.0,449,-48.0,3.999999999999993,1.0000000000000009,47.3368007968398,-12.827667377774986,Normal market quality,False,0,False,Normal,Official ECB inputs; RepoLens derived analytics
2021-07-13,-0.566,0.2000000000000001,0.4854460780939965,0.4634912303410001,Normal,False,False,False,-0.5,False,-6.599999999999994,-0.3675410668345217,Normal transmission,False,47559,11.793051572563584,30,2.0,481,32.0,2.999999999999992,-1.0000000000000009,56.25734951479898,8.920548717959178,Normal market quality,False,0,False,Normal,Official ECB inputs; RepoLens derived analytics
2021-07-14,-0.566,0.0,0.4851478342244063,0.0412245476308741,Normal,False,False,False,-0.5,False,-6.599999999999994,-0.3614813175958212,Normal transmission,False,47230,-0.691772324901696,30,0.0,488,7.0,4.999999999999993,2.000000000000001,53.13705451193246,-3.12029500286652,Normal market quality,False,0,False,Normal,Official ECB inputs; RepoLens derived analytics
2021-07-15,-0.566,0.0,0.4847951276461782,0.0309409050227657,Normal,False,False,False,-0.5,False,-6.599999999999994,-0.3554470763211143,Normal transmission,False,49676,5.178911708659739,33,3.0,502,14.0,2.999999999999992,-2.000000000000001,62.14445812135689,9.00740360942443,Normal market quality,False,0,False,Normal,Official ECB inputs; RepoLens derived analytics
2021-07-16,-0.567,-0.1,0.4851478342244064,-0.164898190523501,Normal,False,False,False,-0.5,False,-6.699999999999995,-0.6799600860780198,Normal transmission,False,50450,1.5580964650938167,31,-2.0,493,-9.0,2.999999999999992,0.0,59.96771558464757,-2.1767425367093196,Normal market quality,False,0,False,Normal,Official ECB inputs; RepoLens derived analytics
2021-07-19,-0.566,0.1,0.485473182087658,0.2265830617604296,Normal,False,False,False,-0.5,False,-6.599999999999994,-0.3494376138771123,Normal transmission,False,50509,0.11694747274528794,33,2.0,498,5.0,2.999999999999992,0.0,62.40691450177707,2.439198917129495,Normal market quality,False,0,False,Normal,Official ECB inputs; RepoLens derived analytics
2021-07-20,-0.567,-0.1,0.4858795605583976,-0.1749404727013289,Normal,False,False,False,-0.5,False,-6.699999999999995,-0.6619921768685909,Normal transmission,False,49967,-1.0730760854501198,30,-3.0,488,-10.0,2.999999999999992,0.0,58.19761056901548,-4.2093039327615855,Normal market quality,False,0,False,Normal,Official ECB inputs; RepoLens derived analytics
2021-07-21,-0.568,-0.1,0.4854460780939966,-0.1544970767803337,Normal,False,False,False,-0.5,False,-6.799999999999995,-0.9883020837305712,Normal transmission,False,52586,5.241459363179701,30,0.0,501,13.0,2.999999999999992,0.0,60.59025385663026,2.3926432876147814,Normal market quality,False,0,False,Normal,Official ECB inputs; RepoLens derived analytics
2021-07-22,-0.563,0.5000000000000004,0.4972556263077748,0.985408659200804,Normal,False,False,False,-0.5,False,-6.2999999999999945,0.7058877593364055,Normal transmission,False,40605,-22.783630624120487,28,-2.0,409,-92.0,3.999999999999993,1.0000000000000009,43.90445715904481,-16.685796697585452,Normal market quality,False,0,False,Normal,Official ECB inputs; RepoLens derived analytics
2021-07-23,-0.567,-0.4000000000000003,0.505652262455451,-0.7712810343340649,Normal,False,False,False,-0.5,False,-6.699999999999995,-0.6797083339674008,Normal transmission,False,50208,23.64979682305135,30,2.0,509,100.0,2.999999999999992,-1.0000000000000009,59.45137513612458,15.546917977079772,Normal market quality,False,0,False,Normal,Official ECB inputs; RepoLens derived analytics
2021-07-26,-0.567,0.0,0.5052097011195091,0.009896880421972,Normal,False,False,False,-0.5,False,-6.699999999999995,-0.6797083339674008,Normal transmission,False,49755,-0.9022466539196916,30,0.0,524,15.0,2.999999999999992,0.0,59.895133773616784,0.443758637492202,Normal market quality,False,0,False,Normal,Official ECB inputs; RepoLens derived analytics
2021-07-27,-0.563,0.4000000000000003,0.5108043193157039,0.7341363136912525,Normal,False,False,False,-0.5,False,-6.2999999999999945,0.6948470426413453,Normal transmission,False,54696,9.930660235152256,32,2.0,527,3.0,3.999999999999993,1.0000000000000009,63.77181460808357,3.8766808344667822,Normal market quality,False,0,False,Normal,Official ECB inputs; RepoLens derived analytics
2021-07-28,-0.567,-0.4000000000000003,0.4193980649002874,-1.1206537162057333,Mild easing,False,False,False,-0.5,False,-6.699999999999995,-0.6756172281177556,Normal transmission,False,50519,-7.636755887084979,31,-1.0,511,-16.0,3.999999999999993,0.0,59.00189097411514,-4.769923633968425,Normal market quality,False,0,False,Normal,Official ECB inputs; RepoLens derived analytics
2021-07-29,-0.567,0.0,0.2149663376340344,0.0465189113331052,Normal,False,False,False,-0.5,False,-6.699999999999995,-0.6616562200953399,Normal transmission,False,47964,-5.057503117638906,30,-1.0,506,-5.0,3.999999999999993,0.0,55.9529235417315,-3.048967432383641,Normal market quality,False,0,False,Normal,Official ECB inputs; RepoLens derived analytics
2021-07-30,-0.571,-0.4000000000000003,0.2319255778999176,-1.5953393470023634,Mild easing,False,True,False,-0.5,False,-7.099999999999995,-1.9286174367640736,Normal transmission,False,43874,-8.527228754899507,28,-2.0,471,-35.0,4.999999999999993,1.0,47.59354635822575,-8.35937718350575,Normal market quality,False,0,False,Month-end watch,Official ECB inputs; RepoLens derived analytics
2021-08-02,-0.565,0.6000000000000005,0.2704285098641944,2.200211805696084,Sharp tightening,True,False,False,-0.5,False,-6.499999999999995,0.055590463228211,Normal transmission,False,44914,2.3704243971372607,28,0.0,426,-45.0,2.999999999999992,-2.000000000000001,49.33249631242948,1.7389499542037257,Normal market quality,False,1,True,Monitor,Official ECB inputs; RepoLens derived analytics
2021-08-03,-0.57,-0.5000000000000004,0.2917731635146878,-1.6279770019907571,Mild easing,False,False,False,-0.5,False,-6.999999999999995,-1.5478486189508716,Normal transmission,False,53388,18.867168366210983,30,2.0,511,85.0,4.999999999999993,2.000000000000001,58.15598990578536,8.823493593355884,Normal market quality,False,0,False,Normal,Official ECB inputs; RepoLens derived analytics
2021-08-04,-0.57,0.0,0.2917731635146878,0.0856830001047767,Normal,False,False,False,-0.5,False,-6.999999999999995,-1.488150473833025,Normal transmission,False,54069,1.2755675432681413,29,-1.0,503,-8.0,4.999999999999993,0.0,57.3629827712632,-0.7930071345221634,Normal market quality,False,0,False,Normal,Official ECB inputs; RepoLens derived analytics
2021-08-05,-0.566,0.4000000000000003,0.3060787652326049,1.3068531549257258,Mild tightening,False,False,False,-0.5,False,-6.599999999999994,-0.1929689784601572,Normal transmission,False,47580,-12.001331631803803,30,1.0,440,-63.0,2.999999999999992,-2.000000000000001,53.882983669645306,-3.479999101617892,Normal market quality,False,0,False,Normal,Official ECB inputs; RepoLens derived analytics
2021-08-06,-0.569,-0.3000000000000002,0.3133435981894573,-0.9095446712387604,Normal,False,False,False,-0.5,False,-6.899999999999995,-1.1206638781766889,Normal transmission,False,55680,17.02395964691046,29,-1.0,503,63.0,3.999999999999993,1.0000000000000009,60.04982384617293,6.1668401765276215,Normal market quality,False,0,False,Normal,Official ECB inputs; RepoLens derived analytics
2021-08-09,-0.568,0.1,0.3111946420862002,0.3213422934585754,Normal,False,False,False,-0.5,False,-6.799999999999995,-0.7820636191944579,Normal transmission,False,51272,-7.916666666666671,30,1.0,505,2.0,3.999999999999993,0.0,58.22047119678214,-1.8293526493907848,Normal market quality,False,0,False,Normal,Official ECB inputs; RepoLens derived analytics
2021-08-10,-0.567,0.1,0.3086046696102693,0.3402411251022303,Normal,False,False,False,-0.5,False,-6.699999999999995,-0.4388957768238756,Normal transmission,False,51988,1.3964737088469237,33,3.0,529,24.0,3.999999999999993,0.0,63.80280014213834,5.5823289453561955,Normal market quality,False,0,False,Normal,Official ECB inputs; RepoLens derived analytics
2021-08-11,-0.567,0.0,0.3086046696102693,0.0162019583382014,Normal,False,False,False,-0.5,False,-6.699999999999995,-0.4227267170864189,Normal transmission,False,50480,-2.900669385242749,31,-2.0,515,-14.0,2.999999999999992,-1.0000000000000009,61.096218897610925,-2.7065812445274133,Normal market quality,False,0,False,Normal,Official ECB inputs; RepoLens derived analytics
2021-08-12,-0.568,-0.1,0.3093286448525517,-0.2909526857523995,Normal,False,False,False,-0.5,False,-6.799999999999995,-0.7305460737075092,Normal transmission,False,51208,1.4421553090332884,32,1.0,522,7.0,3.999999999999993,1.0000000000000009,61.44320152583372,0.346982628222797,Normal market quality,False,0,False,Normal,Official ECB inputs; RepoLens derived analytics
2021-08-13,-0.569,-0.1,0.3093286448525517,-0.2909526857523995,Normal,False,False,False,-0.5,False,-6.899999999999995,-1.031006003051128,Normal transmission,False,49636,-3.069832838618969,31,-1.0,493,-29.0,3.999999999999993,0.0,57.43178267599476,-4.011418849838961,Normal market quality,False,0,False,Normal,Official ECB inputs; RepoLens derived analytics
2021-08-16,-0.569,0.0,0.3082633870401641,0.0486596872370238,Normal,False,False,False,-0.5,False,-6.899999999999995,-1.0055089117885705,Normal transmission,False,49862,0.455314690950126,30,-1.0,490,-3.0,3.999999999999993,0.0,56.14958003682997,-1.2822026391647938,Normal market quality,False,0,False,Normal,Official ECB inputs; RepoLens derived analytics
2021-08-17,-0.568,0.1,0.3086046696102693,0.3402411251022303,Normal,False,False,False,-0.5,False,-6.799999999999995,-0.6574453834611161,Normal transmission,False,51196,2.6753840600056256,31,1.0,513,23.0,3.999999999999993,0.0,59.53531496598357,3.3857349291535996,Normal market quality,False,0,False,Normal,Official ECB inputs; RepoLens derived analytics
2021-08-18,-0.567,0.1,0.3086046696102693,0.3078372084258274,Normal,False,False,False,-0.5,False,-6.699999999999995,-0.3177846700386245,Normal transmission,False,51169,-0.05273849519493723,32,1.0,512,-1.0,3.999999999999993,0.0,60.63564185924148,1.1003268932579147,Normal market quality,False,0,False,Normal,Official ECB inputs; RepoLens derived analytics
2021-08-19,-0.567,0.0,0.2858044970365513,0.0699779052022482,Normal,False,False,False,-0.5,False,-6.699999999999995,-0.3022763853780155,Normal transmission,False,49694,-2.8826047020657053,32,0.0,515,3.0,3.999999999999993,0.0,59.73610575238267,-0.899536106858811,Normal market quality,False,0,False,Normal,Official ECB inputs; RepoLens derived analytics
2021-08-20,-0.567,0.0,0.2714483570153189,0.0,Normal,False,False,False,-0.5,False,-6.699999999999995,-0.2965573540852314,Normal transmission,False,48770,-1.8593794019398757,30,-2.0,506,-9.0,3.999999999999993,0.0,56.09779500287169,-3.6383107495109783,Normal market quality,False,0,False,Normal,Official ECB inputs; RepoLens derived analytics
2021-08-23,-0.568,-0.1,0.2723677854048016,-0.348793084537542,Normal,False,False,False,-0.5,False,-6.799999999999995,-0.6550463951967673,Normal transmission,False,48214,-1.1400451096985842,31,1.0,497,-9.0,4.999999999999993,1.0,54.70492777431385,-1.39286722855784,Normal market quality,False,0,False,Normal,Official ECB inputs; RepoLens derived analytics
2021-08-24,-0.567,0.1,0.2566997016790349,0.4674723001822667,Normal,False,False,False,-0.5,False,-6.699999999999995,-0.303331520867463,Normal transmission,False,45630,-5.35943916704692,31,0.0,476,-21.0,4.999999999999993,0.0,51.75080477140776,-2.954123002906094,Normal market quality,False,0,False,Normal,Official ECB inputs; RepoLens derived analytics
2021-08-25,-0.564,0.3000000000000002,0.2497893849668266,1.1409612143360288,Mild tightening,False,False,False,-0.5,False,-6.399999999999995,0.7170005333214907,Normal transmission,False,40667,-10.876616261231643,30,-1.0,421,-55.0,2.999999999999992,-2.000000000000001,47.43805264806433,-4.312752123343429,Normal market quality,False,0,False,Normal,Official ECB inputs; RepoLens derived analytics
2021-08-26,-0.57,-0.6000000000000005,0.2852053738328893,-2.051153497348792,Sharp easing,True,False,False,-0.5,False,-6.999999999999995,-1.2703140936734143,Normal transmission,False,43115,6.0196227899771415,31,1.0,479,58.0,4.999999999999993,2.000000000000001,50.17399214316816,2.7359394951038283,Normal market quality,False,1,True,Monitor,Official ECB inputs; RepoLens derived analytics
2021-08-27,-0.57,0.0,0.2704285098641943,-0.0184891748377822,Normal,False,False,False,-0.5,False,-6.999999999999995,-1.2275219434815705,Normal transmission,False,39125,-9.254319842282266,30,-1.0,407,-72.0,4.999999999999993,0.0,42.20827514798109,-7.965716995187066,Normal market quality,False,0,False,Normal,Official ECB inputs; RepoLens derived analytics
2021-08-30,-0.568,0.2000000000000001,0.2368099393362138,0.9079010813593904,Normal,False,False,False,-0.5,False,-6.799999999999995,-0.5340588094340866,Normal transmission,False,40393,3.2408945686901003,31,1.0,415,8.0,4.999999999999993,0.0,44.70102583744801,2.4927506894669165,Normal market quality,False,0,False,Normal,Official ECB inputs; RepoLens derived analytics
2021-08-31,-0.57,-0.2000000000000001,0.2127513992779766,-0.9400643223910564,Normal,False,True,False,-0.5,False,-6.999999999999995,-1.1689133166739034,Normal transmission,False,46830,15.93592949273388,29,-2.0,488,73.0,3.999999999999993,-1.0,52.36328348876148,7.662257651313475,Normal market quality,False,0,False,Month-end watch,Official ECB inputs; RepoLens derived analytics
2021-09-01,-0.569,0.1,0.2139232523470439,0.4440844973966797,Normal,False,False,False,-0.5,False,-6.899999999999995,-0.8042092660547956,Normal transmission,False,47799,2.06918641896221,30,1.0,495,7.0,3.999999999999993,0.0,54.691146466551714,2.3278629777902324,Normal market quality,False,0,False,Normal,Official ECB inputs; RepoLens derived analytics
2021-09-02,-0.569,0.0,0.1926955602689605,0.0778429974155259,Normal,False,False,False,-0.5,False,-6.899999999999995,-0.7797533373929328,Normal transmission,False,47228,-1.1945856607878835,31,1.0,489,-6.0,4.999999999999993,1.0,53.51630769578527,-1.174838770766442,Normal market quality,False,0,False,Normal,Official ECB inputs; RepoLens derived analytics
2021-09-03,-0.568,0.1,0.1820208200931107,0.5219183165497434,Normal,False,False,False,-0.5,False,-6.799999999999995,-0.4212444228089632,Normal transmission,False,46009,-2.581095960023716,32,1.0,482,-7.0,3.999999999999993,-1.0,55.24818892080948,1.7318812250242104,Normal market quality,False,0,False,Normal,Official ECB inputs; RepoLens derived analytics
2021-09-06,-0.569,-0.1,0.1820208200931107,-0.5219183165497434,Normal,False,False,False,-0.5,False,-6.899999999999995,-0.7432841896675876,Normal transmission,False,48588,5.605425025538491,33,1.0,498,16.0,3.999999999999993,0.0,59.17567081645765,3.927481895648164,Normal market quality,False,0,False,Normal,Official ECB inputs; RepoLens derived analytics
2021-09-07,-0.569,0.0,0.1803505358724333,0.0554475757536604,Normal,False,False,False,-0.5,False,-6.899999999999995,-0.7199087415649503,Normal transmission,False,51173,5.320243681567471,33,0.0,518,20.0,3.999999999999993,0.0,62.00415717446175,2.828486358004106,Normal market quality,False,0,False,Normal,Official ECB inputs; RepoLens derived analytics
2021-09-08,-0.569,0.0,0.1803505358724333,0.0554475757536604,Normal,False,False,False,-0.5,False,-6.899999999999995,-0.6946458450336545,Normal transmission,False,50012,-2.2687745490786115,34,1.0,513,-5.0,3.999999999999993,0.0,62.11623642485964,0.11207925039789046,Normal market quality,False,0,False,Normal,Official ECB inputs; RepoLens derived analytics
2021-09-09,-0.57,-0.1,0.1803505358724333,-0.4990281817829443,Normal,False,False,False,-0.5,False,-6.999999999999995,-1.0283885182558967,Normal transmission,False,50201,0.3779093017675761,33,-1.0,512,-1.0,4.999999999999993,1.0,59.15905063242443,-2.9571857924352116,Normal market quality,False,0,False,Normal,Official ECB inputs; RepoLens derived analytics
2021-09-10,-0.57,0.0,0.1791059668699544,0.0279164345408459,Normal,False,False,False,-0.5,False,-6.999999999999995,-0.9978880652242532,Normal transmission,False,50435,0.46612617278540824,31,-2.0,524,12.0,4.999999999999993,0.0,57.41351259597324,-1.7455380364511939,Normal market quality,False,0,False,Normal,Official ECB inputs; RepoLens derived analytics
2021-09-13,-0.571,-0.1,0.1803505358724333,-0.4990281817829443,Normal,False,False,False,-0.5,False,-7.099999999999995,-1.3260539435227638,Normal transmission,False,52439,3.973431149003659,33,2.0,525,1.0,4.999999999999993,0.0,61.30366290261444,3.8901503066412033,Normal market quality,False,0,False,Normal,Official ECB inputs; RepoLens derived analytics
2021-09-14,-0.568,0.3000000000000002,0.1919429739874791,1.5629642167551807,Mild tightening,False,False,False,-0.5,False,-6.799999999999995,-0.1831304861118267,Normal transmission,False,50608,-3.491676042640024,32,-1.0,488,-37.0,4.999999999999993,0.0,56.67378669142857,-4.629876211185874,Normal market quality,False,0,False,Normal,Official ECB inputs; RepoLens derived analytics
2021-09-15,-0.573,-0.5000000000000004,0.2202868942753378,-2.1335813078945343,Sharp easing,True,False,False,-0.5,False,-7.299999999999995,-1.9951110073457756,Normal transmission,False,49011,-3.15562756876383,32,0.0,499,11.0,4.999999999999993,0.0,56.14386012380733,-0.5299265676212386,Normal market quality,False,1,True,Monitor,Official ECB inputs; RepoLens derived analytics
2021-09-16,-0.567,0.6000000000000005,0.2615741818902989,2.293804364268769,Sharp tightening,True,False,False,-0.5,False,-6.699999999999995,0.2711427506367609,Normal transmission,False,41040,-16.26369590500092,31,-1.0,445,-54.0,3.999999999999993,-1.0,48.15330325092215,-7.990556872885179,Normal market quality,False,1,True,Monitor,Official ECB inputs; RepoLens derived analytics
2021-09-17,-0.571,-0.4000000000000003,0.2764435794725195,-1.3746023717572904,Mild easing,False,False,False,-0.5,False,-7.099999999999995,-1.2003082614979743,Normal transmission,False,48899,19.149610136452246,31,0.0,511,66.0,4.999999999999993,1.0,55.4187002971307,7.265397046208548,Normal market quality,False,0,False,Normal,Official ECB inputs; RepoLens derived analytics
2021-09-20,-0.566,0.5000000000000004,0.298945515190698,1.6390946680950482,Mild tightening,False,False,False,-0.5,False,-6.599999999999994,0.684992672792041,Normal transmission,False,40441,-17.296877236753303,29,-2.0,441,-70.0,3.999999999999993,-1.0,44.96755950505157,-10.45114079207913,Normal market quality,False,0,False,Normal,Official ECB inputs; RepoLens derived analytics
2021-09-21,-0.571,-0.5000000000000004,0.3188796176087711,-1.5052702446128294,Mild easing,False,False,False,-0.5,False,-7.099999999999995,-1.1675411726859892,Normal transmission,False,43817,8.34796370020523,31,2.0,488,47.0,4.999999999999993,1.0,50.63100690651877,5.663447401467202,Normal market quality,False,0,False,Normal,Official ECB inputs; RepoLens derived analytics
2021-09-22,-0.566,0.5000000000000004,0.3322966334942008,1.5347732976924693,Mild tightening,False,False,False,-0.5,False,-6.599999999999994,0.7819667723967326,Normal transmission,False,40309,-8.006025058767142,30,-1.0,433,-55.0,4.999999999999993,0.0,43.92404058279477,-6.706966323724004,Normal market quality,False,0,False,Normal,Official ECB inputs; RepoLens derived analytics
2021-09-23,-0.57,-0.4000000000000003,0.3162277660168384,-1.264911064067351,Mild easing,False,False,False,-0.5,False,-6.999999999999995,-1.1159977230248566,Normal transmission,False,45692,13.354337740951161,29,-1.0,494,61.0,4.999999999999993,0.0,49.68434475558971,5.760304172794946,Normal market quality,False,0,False,Normal,Official ECB inputs; RepoLens derived analytics
2021-09-24,-0.569,0.1,0.3170173496829476,0.2996681414913429,Normal,False,False,False,-0.5,False,-6.899999999999995,-0.6055638095753049,Normal transmission,False,44105,-3.473255712159673,30,1.0,503,9.0,4.999999999999993,0.0,50.348408788365234,0.6640640327755207,Normal market quality,False,0,False,Normal,Official ECB inputs; RepoLens derived analytics
2021-09-27,-0.571,-0.2000000000000001,0.3166851333489004,-0.5841764595756402,Normal,False,False,False,-0.5,False,-7.099999999999995,-1.5252396697137145,Normal transmission,False,42149,-4.43487132978121,31,1.0,505,2.0,4.999999999999993,0.0,50.34398490413566,-0.004423884229574071,Normal market quality,False,0,False,Normal,Official ECB inputs; RepoLens derived analytics
2021-09-28,-0.573,-0.2000000000000001,0.3166851333489004,-0.5841764595756402,Normal,False,False,False,-0.5,False,-7.299999999999995,-2.3495168577507264,Unusually below policy rate,True,45320,7.523310161569663,31,0.0,514,9.0,4.999999999999993,0.0,53.010583498261866,2.6665985941262065,Normal market quality,False,1,True,Monitor,Official ECB inputs; RepoLens derived analytics
2021-09-29,-0.572,0.1,0.3166851333489004,0.3631367181145872,Normal,False,False,False,-0.5,False,-7.199999999999996,-1.805130668961301,Normal transmission,False,42694,-5.794351279788168,29,-2.0,497,-17.0,4.999999999999993,0.0,47.710573689642594,-5.300009808619272,Normal market quality,False,0,False,Normal,Official ECB inputs; RepoLens derived analytics
2021-09-30,-0.58,-0.8000000000000007,0.3619755734707441,-2.05814992668342,Sharp easing,True,True,True,-0.5,False,-7.9999999999999964,-4.429291259790319,Unusually below policy rate,True,44503,4.237129339017187,30,1.0,536,39.0,4.999999999999993,0.0,52.36903818641236,4.658464496769767,Normal market quality,False,2,True,High attention,Official ECB inputs; RepoLens derived analytics
2021-10-01,-0.571,0.9000000000000008,0.4196176204217615,2.180556667473416,Sharp tightening,True,False,False,-0.5,False,-7.099999999999995,-0.9792775434662274,Normal transmission,False,44137,-0.8224164663056421,28,-2.0,508,-28.0,4.999999999999993,0.0,48.03089841090529,-4.338139775507074,Normal market quality,False,1,True,Monitor,Official ECB inputs; RepoLens derived analytics
2021-10-04,-0.569,0.2000000000000001,0.4217756949399831,0.4741856925360749,Normal,False,False,False,-0.5,False,-6.899999999999995,-0.2147700397961379,Normal transmission,False,49035,11.09726533294062,30,2.0,500,-8.0,4.999999999999993,0.0,53.528790097674495,5.497891686769208,Normal market quality,False,0,False,Normal,Official ECB inputs; RepoLens derived analytics
2021-10-05,-0.569,0.0,0.4217756949399831,0.0,Normal,False,False,False,-0.5,False,-6.899999999999995,-0.1972049781857798,Normal transmission,False,49171,0.2773529111858908,29,-1.0,519,19.0,4.999999999999993,0.0,53.36900049264526,-0.159789605029232,Normal market quality,False,0,False,Normal,Official ECB inputs; RepoLens derived analytics
2021-10-06,-0.569,0.0,0.4217756949399831,0.0,Normal,False,False,False,-0.5,False,-6.899999999999995,-0.1794661820982559,Normal transmission,False,47637,-3.119725041182808,29,0.0,539,20.0,4.999999999999993,0.0,53.40848576658201,0.039485273936747944,Normal market quality,False,0,False,Normal,Official ECB inputs; RepoLens derived analytics
2021-10-07,-0.568,0.1,0.4216508907665332,0.2134467209031293,Normal,False,False,False,-0.5,False,-6.799999999999995,0.2196366396893145,Normal transmission,False,47598,-0.08186913533597684,30,1.0,537,-2.0,4.999999999999993,0.0,54.54692504912208,1.1384392825400695,Normal market quality,False,0,False,Normal,Official ECB inputs; RepoLens derived analytics
2021-10-08,-0.568,0.0,0.4216508907665332,-0.0237163023225699,Normal,False,False,False,-0.5,False,-6.799999999999995,0.2267179709087084,Normal transmission,False,53048,11.450060926929705,30,0.0,554,17.0,3.999999999999993,-1.0,60.8803235862313,6.333398537109218,Normal market quality,False,0,False,Normal,Official ECB inputs; RepoLens derived analytics
2021-10-11,-0.57,-0.2000000000000001,0.4236122854935313,-0.4839330846157213,Normal,False,False,False,-0.5,False,-6.999999999999995,-0.5280354819942985,Normal transmission,False,49032,-7.570502186698835,30,0.0,536,-18.0,4.999999999999993,1.0,55.42952076034006,-5.4508028258912375,Normal market quality,False,0,False,Normal,Official ECB inputs; RepoLens derived analytics
2021-10-12,-0.562,0.7999999999999896,0.4554927927097484,1.6904768029790838,Mild tightening,False,False,False,-0.5,False,-6.2000000000000055,2.4417021926223645,Unusually above policy rate,True,51461,4.953907652145539,30,0.0,560,24.0,5.999999999999995,1.0000000000000018,56.65818900434273,1.2286682440026695,Normal market quality,True,2,True,High attention,Official ECB inputs; RepoLens derived analytics
2021-10-13,-0.569,-0.6999999999999895,0.4697143588899185,-1.532846476530064,Mild easing,False,False,False,-0.5,False,-6.899999999999995,-0.1549575789467155,Normal transmission,False,51383,-0.15157109267212032,32,2.0,551,-9.0,4.999999999999993,-1.0000000000000018,60.2879310590789,3.6297420547361696,Normal market quality,False,0,False,Normal,Official ECB inputs; RepoLens derived analytics
2021-10-14,-0.57,-0.1,0.4498830257323608,-0.1889380019653537,Normal,False,False,False,-0.5,False,-6.999999999999995,-0.5014100138779327,Normal transmission,False,51894,0.994492341825115,31,-1.0,541,-10.0,4.999999999999993,0.0,58.7616526890095,-1.5262783700693987,Normal market quality,False,0,False,Normal,Official ECB inputs; RepoLens derived analytics
2021-10-15,-0.572,-0.2000000000000001,0.4430456790041059,-0.4401352033007707,Normal,False,False,False,-0.5,False,-7.199999999999996,-1.228974477435512,Normal transmission,False,55452,6.856283963463983,32,1.0,568,27.0,4.999999999999993,0.0,63.78007917247832,5.018426483468815,Normal market quality,False,0,False,Normal,Official ECB inputs; RepoLens derived analytics
2021-10-18,-0.574,-0.2000000000000001,0.4284611386910367,-0.3734294328041174,Normal,False,False,False,-0.5,False,-7.399999999999995,-1.8948678315923455,Normal transmission,False,52371,-5.556156676044144,31,-1.0,552,-16.0,4.999999999999993,0.0,59.44313662299001,-4.336942549488306,Normal market quality,False,0,False,Normal,Official ECB inputs; RepoLens derived analytics
2021-10-19,-0.573,0.1,0.4153628724253919,0.2648286770497487,Normal,False,False,False,-0.5,False,-7.299999999999995,-1.496231003570201,Normal transmission,False,50367,-3.8265452254110044,32,1.0,535,-17.0,4.999999999999993,0.0,58.40487008060398,-1.038266542386033,Normal market quality,False,0,False,Normal,Official ECB inputs; RepoLens derived analytics
2021-10-20,-0.571,0.2000000000000001,0.4011496636313904,0.5608879188958984,Normal,False,False,False,-0.5,False,-7.099999999999995,-0.7107733652566482,Normal transmission,False,48089,-4.5228026287053025,30,-2.0,502,-33.0,4.999999999999993,0.0,52.557178914523305,-5.847691166080672,Normal market quality,False,0,False,Normal,Official ECB inputs; RepoLens derived analytics
2021-10-21,-0.573,-0.2000000000000001,0.3937338133682099,-0.469860585295967,Normal,False,False,False,-0.5,False,-7.299999999999995,-1.4172748309559893,Normal transmission,False,49298,2.514088460978603,32,2.0,520,18.0,4.999999999999993,0.0,56.8547357763914,4.297556861868095,Normal market quality,False,0,False,Normal,Official ECB inputs; RepoLens derived analytics
2021-10-22,-0.569,0.4000000000000003,0.4039280811442067,0.9902752957083863,Normal,False,False,False,-0.5,False,-6.899999999999995,0.0755380442659635,Normal transmission,False,50668,2.779017404357176,30,-2.0,523,3.0,3.999999999999993,-1.0,56.98194274536892,0.12720696897751793,Normal market quality,False,0,False,Normal,Official ECB inputs; RepoLens derived analytics
2021-10-25,-0.571,-0.2000000000000001,0.4039280811442067,-0.4951376478541932,Normal,False,False,False,-0.5,False,-7.099999999999995,-0.6540429670207877,Normal transmission,False,54376,7.3182284676718945,30,0.0,533,10.0,3.999999999999993,0.0,59.92792042719963,2.945977681830712,Normal market quality,False,0,False,Normal,Official ECB inputs; RepoLens derived analytics
2021-10-26,-0.57,0.1,0.401674128197419,0.2116143262237277,Normal,False,False,False,-0.5,False,-6.999999999999995,-0.2693118099497339,Normal transmission,False,52184,-4.031190230984261,27,-3.0,521,-12.0,3.999999999999993,0.0,53.93250112910299,-5.9954192980966425,Normal market quality,False,0,False,Normal,Official ECB inputs; RepoLens derived analytics
2021-10-27,-0.573,-0.3000000000000002,0.4071402189599248,-0.7245660985141764,Normal,False,False,False,-0.5,False,-7.299999999999995,-1.381830614950457,Normal transmission,False,51795,-0.7454392150850864,27,0.0,524,3.0,4.999999999999993,1.0,52.17350137006598,-1.7589997590370103,Normal market quality,False,0,False,Normal,Official ECB inputs; RepoLens derived analytics
2021-10-28,-0.573,0.0,0.3616846547390183,-0.0967693805678736,Normal,False,False,False,-0.5,False,-7.299999999999995,-1.3355822708287617,Normal transmission,False,52440,1.245293947292203,26,-1.0,504,-20.0,4.999999999999993,0.0,50.35773064974655,-1.8157707203194278,Normal market quality,True,1,True,Monitor,Official ECB inputs; RepoLens derived analytics
2021-10-29,-0.578,-0.5000000000000004,0.3183427480926125,-1.460689784159061,Mild easing,False,True,False,-0.5,False,-7.799999999999995,-2.926427858697433,Unusually below policy rate,True,43411,-17.217772692601063,24,-2.0,439,-65.0,3.999999999999993,-1.0,40.4580145948297,-9.899716054916851,Normal market quality,True,2,True,High attention,Official ECB inputs; RepoLens derived analytics
2021-11-01,-0.579,-0.1,0.3137212977016026,-0.1593771298484101,Normal,False,False,False,-0.5,False,-7.899999999999996,-2.966146789931396,Unusually below policy rate,True,51915,19.589504964179593,26,2.0,445,6.0,3.999999999999993,0.0,48.84612982999949,8.388115235169792,Normal market quality,True,2,True,High attention,Official ECB inputs; RepoLens derived analytics
2021-11-02,-0.569,1.0000000000000009,0.3920257778849683,2.550852664320023,Sharp tightening,True,False,False,-0.5,False,-6.899999999999995,0.2704092417814791,Normal transmission,False,61435,18.33766734084561,27,1.0,525,80.0,4.999999999999993,1.0,58.52063782879515,9.674507998795661,Normal market quality,False,1,True,Monitor,Official ECB inputs; RepoLens derived analytics
2021-11-03,-0.574,-0.5000000000000004,0.4076569765456179,-1.1651953169672948,Mild easing,False,False,False,-0.5,False,-7.399999999999995,-1.304313975889684,Normal transmission,False,57799,-5.918450394726138,28,1.0,521,-4.0,4.999999999999993,0.0,57.2547540086174,-1.2658838201777556,Normal market quality,False,0,False,Normal,Official ECB inputs; RepoLens derived analytics
2021-11-04,-0.573,0.1,0.4076569765456179,0.3066303465703408,Normal,False,False,False,-0.5,False,-7.299999999999995,-0.9511828983866712,Normal transmission,False,56563,-2.138445301821834,29,1.0,539,18.0,4.999999999999993,0.0,58.48265499393064,1.2279009853132408,Normal market quality,False,0,False,Normal,Official ECB inputs; RepoLens derived analytics
2021-11-05,-0.572,0.1,0.4085919338668488,0.2936915539774348,Normal,False,False,False,-0.5,False,-7.199999999999996,-0.6131144524406607,Normal transmission,False,57861,2.2947863444300998,32,3.0,529,-10.0,4.999999999999993,0.0,62.35260686249507,3.869951868564435,Normal market quality,False,0,False,Normal,Official ECB inputs; RepoLens derived analytics
2021-11-08,-0.575,-0.3000000000000002,0.4115119746291189,-0.6682673092267799,Normal,False,False,False,-0.5,False,-7.499999999999996,-1.5116986631771836,Normal transmission,False,58809,1.6384092912324455,30,-2.0,536,7.0,4.999999999999993,0.0,60.683566516118425,-1.6690403463766472,Normal market quality,False,0,False,Normal,Official ECB inputs; RepoLens derived analytics
2021-11-09,-0.575,0.0,0.363136917777071,0.1789958465195292,Normal,False,False,False,-0.5,False,-7.499999999999996,-1.4538583783284165,Normal transmission,False,58786,-0.03910966008604522,29,-1.0,537,1.0,4.999999999999993,0.0,59.33680848287565,-1.3467580332427787,Normal market quality,False,0,False,Normal,Official ECB inputs; RepoLens derived analytics
2021-11-10,-0.576,-0.1,0.3313052337267512,-0.1961937011040693,Normal,False,False,False,-0.5,False,-7.599999999999996,-1.6892752236353166,Normal transmission,False,52346,-10.954989283162654,29,0.0,502,-35.0,4.999999999999993,0.0,53.49501943488615,-5.841789047989494,Normal market quality,False,0,False,Normal,Official ECB inputs; RepoLens derived analytics
2021-11-11,-0.575,0.1,0.3322570343004127,0.376214758743017,Normal,False,False,False,-0.5,False,-7.499999999999996,-1.3362296166641603,Normal transmission,False,51698,-1.2379169373017973,31,2.0,510,8.0,4.999999999999993,0.0,55.91917006909069,2.424150634204537,Normal market quality,False,0,False,Normal,Official ECB inputs; RepoLens derived analytics
2021-11-12,-0.572,0.3000000000000002,0.3371708921694104,0.8897565210026085,Normal,False,False,False,-0.5,False,-7.199999999999996,-0.4069570432953459,Normal transmission,False,51705,0.013540175635418095,29,-2.0,516,6.0,4.999999999999993,0.0,53.73484606770575,-2.1843240013849368,Normal market quality,False,0,False,Normal,Official ECB inputs; RepoLens derived analytics
2021-11-15,-0.569,0.3000000000000002,0.3400851286616962,0.8086210681489686,Normal,False,False,False,-0.5,False,-6.899999999999995,0.5155568485900769,Normal transmission,False,52188,0.9341456338845422,28,-1.0,519,3.0,3.999999999999993,-1.0,54.54410015251825,0.8092540848124941,Normal market quality,False,0,False,Normal,Official ECB inputs; RepoLens derived analytics
2021-11-16,-0.571,-0.2000000000000001,0.343204711046062,-0.6118797127228705,Normal,False,False,False,-0.5,False,-7.099999999999995,-0.0774176890498091,Normal transmission,False,54626,4.671572008890923,28,0.0,529,10.0,4.999999999999993,1.0,54.84195260986006,0.2978524573418113,Normal market quality,False,0,False,Normal,Official ECB inputs; RepoLens derived analytics
2021-11-17,-0.571,0.0,0.3402785236893608,0.0,Normal,False,False,False,-0.5,False,-7.099999999999995,-0.0429372328903882,Normal transmission,False,51193,-6.284553143191884,31,3.0,523,-6.0,4.999999999999993,0.0,56.07428995049767,1.2323373406376135,Normal market quality,False,0,False,Normal,Official ECB inputs; RepoLens derived analytics
2021-11-18,-0.571,0.0,0.3370147583836966,-0.0296722910532447,Normal,False,False,False,-0.5,False,-7.099999999999995,-0.0375948667876366,Normal transmission,False,51693,0.9766960326607066,31,0.0,520,-3.0,4.999999999999993,0.0,56.17997698265852,0.1056870321608514,Normal market quality,False,0,False,Normal,Official ECB inputs; RepoLens derived analytics
2021-11-19,-0.573,-0.2000000000000001,0.3270280850646516,-0.5504114423824338,Normal,False,False,False,-0.5,False,-7.299999999999995,-0.6638954373553131,Normal transmission,False,52996,2.5206507650939125,31,0.0,504,-16.0,4.999999999999993,0.0,56.13549541044896,-0.044481572209562614,Normal market quality,False,0,False,Normal,Official ECB inputs; RepoLens derived analytics
2021-11-22,-0.573,0.0,0.3242805802647492,0.0308374926177688,Normal,False,False,False,-0.5,False,-7.299999999999995,-0.6397887075643732,Normal transmission,False,55515,4.753188919918494,32,1.0,524,20.0,4.999999999999993,0.0,59.83211545345674,3.6966200430077762,Normal market quality,False,0,False,Normal,Official ECB inputs; RepoLens derived analytics
2021-11-23,-0.574,-0.1,0.3237933063902932,-0.2470711976472109,Normal,False,False,False,-0.5,False,-7.399999999999995,-0.9346226289496,Normal transmission,False,51820,-6.655858776907142,29,-3.0,499,-25.0,4.999999999999993,0.0,52.62473823563754,-7.2073772178192,Normal market quality,False,0,False,Normal,Official ECB inputs; RepoLens derived analytics
2021-11-24,-0.57,0.4000000000000003,0.3297127936792715,1.167682927021963,Mild tightening,False,False,False,-0.5,False,-6.999999999999995,0.3534667550666181,Normal transmission,False,50814,-1.9413353917406395,30,1.0,523,24.0,4.999999999999993,0.0,54.40831981721385,1.783581581576314,Normal market quality,False,0,False,Normal,Official ECB inputs; RepoLens derived analytics
2021-11-25,-0.573,-0.3000000000000002,0.3371708921694104,-0.8897565210026085,Normal,False,False,False,-0.5,False,-7.299999999999995,-0.5896618941607289,Normal transmission,False,48079,-5.382374936041245,29,-1.0,523,0.0,4.999999999999993,0.0,51.50382714309736,-2.90449267411649,Normal market quality,False,0,False,Normal,Official ECB inputs; RepoLens derived analytics
2021-11-26,-0.573,0.0,0.3160196529531541,-0.0791090040330686,Normal,False,False,False,-0.5,False,-7.299999999999995,-0.5663872316950543,Normal transmission,False,47414,-1.3831402483412747,30,1.0,522,-1.0,4.999999999999993,0.0,52.25116471275096,0.7473375696536024,Normal market quality,False,0,False,Normal,Official ECB inputs; RepoLens derived analytics
2021-11-29,-0.573,0.0,0.3147262804071941,-0.0953209244591392,Normal,False,False,False,-0.5,False,-7.299999999999995,-0.5459101258031867,Normal transmission,False,50121,5.7092841776690495,29,-1.0,519,-3.0,3.999999999999993,-1.0,54.13426496760414,1.8831002548531757,Normal market quality,False,0,False,Normal,Official ECB inputs; RepoLens derived analytics
2021-11-30,-0.575,-0.2000000000000001,0.220286894275338,-0.77172089860015,Normal,False,True,False,-0.5,False,-7.499999999999996,-1.1542932412537863,Normal transmission,False,49024,-2.1887033379222265,26,-3.0,498,-21.0,2.999999999999992,-1.0000000000000009,50.41671910524975,-3.7175458623543918,Normal market quality,True,1,True,Monitor,Official ECB inputs; RepoLens derived analytics
2021-12-01,-0.574,0.1,0.1919429739874793,0.5209880722517263,Normal,False,False,False,-0.5,False,-7.399999999999995,-0.8050259522718227,Normal transmission,False,57156,16.587793733681465,27,1.0,522,24.0,2.999999999999992,0.0,57.707976449770086,7.291257344520339,Normal market quality,False,0,False,Normal,Official ECB inputs; RepoLens derived analytics
2021-12-02,-0.575,-0.1,0.1916685735984473,-0.4695605456351617,Normal,False,False,False,-0.5,False,-7.499999999999996,-1.0910525204063486,Normal transmission,False,58888,3.0303030303030276,28,1.0,562,40.0,2.999999999999992,0.0,61.87969976598925,4.171723316219165,Normal market quality,False,0,False,Normal,Official ECB inputs; RepoLens derived analytics
2021-12-03,-0.578,-0.3000000000000002,0.2002629849919725,-1.3482271824262635,Mild easing,False,False,False,-0.5,False,-7.799999999999995,-1.944290400836398,Normal transmission,False,56585,-3.910813748132047,31,3.0,543,-19.0,2.0000000000000018,-0.9999999999999902,64.90773190353781,3.028032137548557,Normal market quality,False,0,False,Normal,Official ECB inputs; RepoLens derived analytics
2021-12-06,-0.578,0.0,0.1899445902583733,0.0789703985756908,Normal,False,False,False,-0.5,False,-7.799999999999995,-1.851726991507579,Normal transmission,False,55956,-1.1116020146682004,29,-2.0,562,19.0,2.0000000000000018,0.0,62.72618871381594,-2.1815431897218716,Normal market quality,False,0,False,Normal,Official ECB inputs; RepoLens derived analytics
2021-12-07,-0.577,0.1,0.1916685735984473,0.5739073335540865,Normal,False,False,False,-0.5,False,-7.699999999999996,-1.4942933740968811,Normal transmission,False,53373,-4.616126956894706,29,0.0,554,-8.0,2.0000000000000018,0.0,60.639459327232665,-2.086729386583272,Normal market quality,False,0,False,Normal,Official ECB inputs; RepoLens derived analytics
2021-12-08,-0.577,0.0,0.1904979624148531,0.0262469998976228,Normal,False,False,False,-0.5,False,-7.699999999999996,-1.448668021347295,Normal transmission,False,52044,-2.4900230453600125,30,1.0,554,0.0,2.0000000000000018,0.0,61.02174500633599,0.382285679103326,Normal market quality,False,0,False,Normal,Official ECB inputs; RepoLens derived analytics
2021-12-09,-0.578,-0.1,0.1899445902583733,-0.4474989252622478,Normal,False,False,False,-0.5,False,-7.799999999999995,-1.67809892772344,Normal transmission,False,48196,-7.393743755283988,33,3.0,541,-13.0,3.0000000000000027,1.0000000000000009,60.26486108318255,-0.7568839231534383,Normal market quality,False,0,False,Normal,Official ECB inputs; RepoLens derived analytics
2021-12-10,-0.577,0.1,0.1773340588298054,0.7048843342607277,Normal,False,False,False,-0.5,False,-7.699999999999996,-1.3383579426489507,Normal transmission,False,47274,-1.9130218275375532,30,-3.0,532,-9.0,3.0000000000000027,0.0,55.32546798025095,-4.939393102931604,Normal market quality,False,0,False,Normal,Official ECB inputs; RepoLens derived analytics
2021-12-13,-0.579,-0.2000000000000001,0.1638356043818258,-0.9155519068396072,Normal,False,False,False,-0.5,False,-7.899999999999996,-1.8478494368349292,Normal transmission,False,45877,-2.9551127469645055,30,0.0,528,-4.0,3.0000000000000027,0.0,54.25188452154653,-1.0735834587044195,Normal market quality,False,0,False,Normal,Official ECB inputs; RepoLens derived analytics
2021-12-14,-0.577,0.2000000000000001,0.1688973528196162,1.361773859449663,Mild tightening,False,False,False,-0.5,False,-7.699999999999996,-1.2319118792635724,Normal transmission,False,46144,0.5819909758702613,31,1.0,518,-10.0,2.0000000000000018,-1.0000000000000009,56.74872040452196,2.4968358829754322,Normal market quality,False,0,False,Normal,Official ECB inputs; RepoLens derived analytics
2021-12-15,-0.577,0.0,0.1688973528196162,0.1776226773195212,Normal,False,False,False,-0.5,False,-7.699999999999996,-1.2025300126700966,Normal transmission,False,41887,-9.2254680998613,32,1.0,501,-17.0,2.0000000000000018,0.0,54.620443008129335,-2.128277396392626,Normal market quality,False,0,False,Normal,Official ECB inputs; RepoLens derived analytics
2021-12-16,-0.577,0.0,0.1688973528196162,0.1776226773195212,Normal,False,False,False,-0.5,False,-7.699999999999996,-1.1618950038621416,Normal transmission,False,43249,3.2516055100627828,33,1.0,493,-8.0,2.0000000000000018,0.0,56.28884616233013,1.6684031542007958,Normal market quality,False,0,False,Normal,Official ECB inputs; RepoLens derived analytics
2021-12-17,-0.576,0.1,0.1663066286617654,0.6914937842549089,Normal,False,False,False,-0.5,False,-7.599999999999996,-0.8457457456978347,Normal transmission,False,44473,2.830123239843685,32,-1.0,500,7.0,2.999999999999992,0.9999999999999902,54.42489529420672,-1.8639508681234105,Normal market quality,False,0,False,Normal,Official ECB inputs; RepoLens derived analytics
2021-12-20,-0.576,0.0,0.1663066286617654,0.0901948414245533,Normal,False,False,False,-0.5,False,-7.599999999999996,-0.8194608894711506,Normal transmission,False,38584,-13.24174218064893,28,-4.0,477,-23.0,3.999999999999993,1.0000000000000009,42.72416009688691,-11.700735197319808,Normal market quality,False,0,False,Normal,Official ECB inputs; RepoLens derived analytics
2021-12-21,-0.571,0.5000000000000004,0.2007223796297034,2.4162726692197345,Sharp tightening,True,False,False,-0.5,False,-7.099999999999995,0.6066815884775676,Normal transmission,False,40889,5.973978851337347,29,1.0,481,4.0,3.999999999999993,0.0,45.5532511933036,2.8290910964166898,Normal market quality,False,1,True,Monitor,Official ECB inputs; RepoLens derived analytics
2021-12-22,-0.574,-0.3000000000000002,0.1908430051942674,-1.467174548603319,Mild easing,False,False,False,-0.5,False,-7.399999999999995,-0.2437185507350675,Normal transmission,False,34591,-15.402675536207777,29,0.0,465,-16.0,2.999999999999992,-1.0000000000000009,42.18807573328158,-3.365175460022023,Normal market quality,True,1,True,Monitor,Official ECB inputs; RepoLens derived analytics
2021-12-23,-0.576,-0.2000000000000001,0.1843195166294838,-1.0036918682457496,Mild easing,False,False,False,-0.5,False,-7.599999999999996,-0.8600252650634418,Normal transmission,False,28739,-16.917695354282902,26,-3.0,382,-83.0,3.0000000000000027,1.0658141036401503e-14,30.875000760999207,-11.313074972282372,Weak market quality,True,1,True,Monitor,Official ECB inputs; RepoLens derived analytics
2021-12-24,-0.58,-0.4000000000000003,0.2033275811668406,-1.7951327503399517,Mild easing,False,False,False,-0.5,False,-7.9999999999999964,-1.9360362507444069,Normal transmission,False,20979,-27.00163540833015,22,-4.0,218,-164.0,3.0000000000000027,0.0,26.51284314298845,-4.362157618010755,Weak market quality,True,1,True,Monitor,Official ECB inputs; RepoLens derived analytics
2021-12-27,-0.576,0.4000000000000003,0.2254235779009917,1.84097867607386,Mild tightening,False,False,False,-0.5,False,-7.599999999999996,-0.7640992549317309,Normal transmission,False,28533,36.00743600743601,25,3.0,322,104.0,4.999999999999993,1.9999999999999902,23.633034068238214,-2.879809074750238,Weak market quality,True,1,True,Monitor,Official ECB inputs; RepoLens derived analytics
2021-12-28,-0.575,0.1,0.2224268064117421,0.4495860980662851,Normal,False,False,False,-0.5,False,-7.499999999999996,-0.4523119827661956,Normal transmission,False,29069,1.8785266183016125,24,-1.0,308,-14.0,4.999999999999993,0.0,23.07449672554139,-0.5585373426968232,Weak market quality,True,1,True,Monitor,Official ECB inputs; RepoLens derived analytics
2021-12-29,-0.578,-0.3000000000000002,0.2307881233831956,-1.2132340082990072,Mild easing,False,False,False,-0.5,False,-7.799999999999995,-1.2843995735699676,Normal transmission,False,41073,41.29485018404486,26,2.0,470,162.0,3.0000000000000027,-1.9999999999999902,43.32911187557991,20.25461515003852,Normal market quality,True,1,True,Monitor,Official ECB inputs; RepoLens derived analytics
2021-12-30,-0.58,-0.2000000000000001,0.2336776907577936,-0.7488947679707569,Normal,False,False,False,-0.5,False,-7.9999999999999964,-1.8004986286043685,Normal transmission,False,34922,-14.975774839919165,27,1.0,422,-48.0,3.0000000000000027,0.0,38.492585201475805,-4.836526674104107,Normal market quality,False,0,False,Normal,Official ECB inputs; RepoLens derived analytics
2021-12-31,-0.59,-1.0000000000000009,0.3152275702609655,-2.9819726720661164,Sharp easing,True,True,True,-0.5,False,-8.999999999999996,-4.008905184398172,Unusually below policy rate,True,13648,-60.918618635816955,17,-10.0,104,-318.0,30.000000000000004,27.0,20.0,-18.492585201475805,Weak market quality,True,3,True,High attention,Official ECB inputs; RepoLens derived analytics
2022-01-03,-0.578,1.200000000000001,0.4230217115244241,2.836733830222604,Sharp tightening,True,False,False,-0.5,False,-7.799999999999995,-0.938723744908936,Normal transmission,False,34989,156.36723329425558,25,8.0,329,225.0,3.999999999999993,-26.00000000000001,31.386836578082416,11.386836578082416,Weak market quality,True,2,True,High attention,Official ECB inputs; RepoLens derived analytics
2022-01-04,-0.578,0.0,0.4223680111491704,0.0118380177191831,Normal,False,False,False,-0.5,False,-7.799999999999995,-0.9474708444386014,Normal transmission,False,54350,55.334533710594755,27,2.0,521,192.0,3.999999999999993,0.0,53.613219609820845,22.22638303173843,Normal market quality,False,0,False,Normal,Official ECB inputs; RepoLens derived analytics
2022-01-05,-0.578,0.0,0.4223680111491704,0.0118380177191831,Normal,False,False,False,-0.5,False,-7.799999999999995,-0.9183379171847358,Normal transmission,False,47707,-12.22263109475621,27,0.0,458,-63.0,2.999999999999992,-1.0000000000000009,47.813705821817855,-5.79951378800299,Normal market quality,False,0,False,Normal,Official ECB inputs; RepoLens derived analytics
2022-01-06,-0.578,0.0,0.4217756949399832,0.0,Normal,False,False,False,-0.5,False,-7.799999999999995,-0.8884583208144046,Normal transmission,False,52354,9.740708910642049,27,0.0,479,21.0,3.999999999999993,1.0000000000000009,50.58991361822311,2.7762077964052523,Normal market quality,False,0,False,Normal,Official ECB inputs; RepoLens derived analytics
2022-01-07,-0.58,-0.2000000000000001,0.4233637231805102,-0.4369765047656704,Normal,False,False,False,-0.5,False,-7.9999999999999964,-1.3987017923764484,Normal transmission,False,53850,2.857470298353526,28,1.0,490,11.0,2.0000000000000018,-1.9999999999999911,54.71246903613,4.122555417906895,Normal market quality,False,0,False,Normal,Official ECB inputs; RepoLens derived analytics
2022-01-10,-0.579,0.1,0.4217756949399832,0.2370928462680374,Normal,False,False,False,-0.5,False,-7.899999999999996,-1.0861532469539814,Normal transmission,False,56568,5.047353760445672,30,2.0,513,23.0,3.999999999999993,1.9999999999999911,57.9506443758657,3.2381753397356974,Normal market quality,False,0,False,Normal,Official ECB inputs; RepoLens derived analytics
2022-01-11,-0.579,0.0,0.4191470034800633,0.0238579780291228,Normal,False,False,False,-0.5,False,-7.899999999999996,-1.0513619497035671,Normal transmission,False,58208,2.8991656059963233,32,2.0,518,5.0,2.999999999999992,-1.0000000000000009,62.150221220437565,4.199576844571865,Normal market quality,False,0,False,Normal,Official ECB inputs; RepoLens derived analytics
2022-01-12,-0.578,0.1,0.4198684004354353,0.2500783576261208,Normal,False,False,False,-0.5,False,-7.799999999999995,-0.7499640592355837,Normal transmission,False,53460,-8.156954370533265,32,0.0,516,-2.0,2.999999999999992,0.0,59.368933754418464,-2.7812874660191014,Normal market quality,False,0,False,Normal,Official ECB inputs; RepoLens derived analytics
2022-01-13,-0.578,0.0,0.4198684004354353,0.0119084932202914,Normal,False,False,False,-0.5,False,-7.799999999999995,-0.7261387910652742,Normal transmission,False,55734,4.253647586980924,31,-1.0,522,6.0,3.999999999999993,1.0000000000000009,58.9003494717748,-0.46858428264366125,Normal market quality,False,0,False,Normal,Official ECB inputs; RepoLens derived analytics
2022-01-14,-0.578,0.0,0.4191470034800633,0.0238579780291228,Normal,False,False,False,-0.5,False,-7.799999999999995,-0.7007398308989018,Normal transmission,False,58192,4.410234327340579,29,-2.0,544,22.0,3.999999999999993,0.0,58.89639045389831,-0.003959017876489668,Normal market quality,False,0,False,Normal,Official ECB inputs; RepoLens derived analytics
2022-01-17,-0.578,0.0,0.4191470034800633,0.0238579780291228,Normal,False,False,False,-0.5,False,-7.799999999999995,-0.6747062457664781,Normal transmission,False,61387,5.490445422051149,32,3.0,543,-1.0,2.999999999999992,-1.0000000000000009,64.76756134187988,5.87117088798157,Normal market quality,False,0,False,Normal,Official ECB inputs; RepoLens derived analytics
2022-01-18,-0.579,-0.1,0.4018378829957758,-0.1493139460936061,Normal,False,False,False,-0.5,False,-7.899999999999996,-0.9310847070521828,Normal transmission,False,57391,-6.509521559939402,29,-3.0,515,-28.0,2.999999999999992,0.0,57.76269326486073,-7.004868077019154,Normal market quality,False,0,False,Normal,Official ECB inputs; RepoLens derived analytics
2022-01-19,-0.578,0.1,0.3981536333998148,0.3013911965974688,Normal,False,False,False,-0.5,False,-7.799999999999995,-0.6189368898593554,Normal transmission,False,59057,2.9028941820145926,31,2.0,535,20.0,2.999999999999992,0.0,61.78444346460135,4.021750199740623,Normal market quality,False,0,False,Normal,Official ECB inputs; RepoLens derived analytics
2022-01-20,-0.579,-0.1,0.3963982580024398,-0.2144308111451814,Normal,False,False,False,-0.5,False,-7.899999999999996,-0.8794237904359715,Normal transmission,False,59181,0.2099666423963198,31,0.0,526,-9.0,2.999999999999992,0.0,61.34572561530938,-0.4387178492919759,Normal market quality,False,0,False,Normal,Official ECB inputs; RepoLens derived analytics
2022-01-21,-0.579,0.0,0.3859029057050224,-0.0129566269807305,Normal,False,False,False,-0.5,False,-7.899999999999996,-0.8714625778110563,Normal transmission,False,60385,2.034436728003919,31,0.0,553,27.0,3.999999999999993,1.0000000000000009,62.31205079795676,0.9663251826473811,Normal market quality,False,0,False,Normal,Official ECB inputs; RepoLens derived analytics
2022-01-24,-0.579,0.0,0.3745523644087845,0.0400478048608153,Normal,False,False,False,-0.5,False,-7.899999999999996,-0.8714625778110588,Normal transmission,False,56792,-5.950153183737683,27,-4.0,503,-50.0,3.999999999999993,0.0,53.43450114405897,-8.877549653897788,Normal market quality,False,0,False,Normal,Official ECB inputs; RepoLens derived analytics
2022-01-25,-0.578,0.1,0.3745523644087845,0.3070331705995845,Normal,False,False,False,-0.5,False,-7.799999999999995,-0.5577170870036761,Normal transmission,False,55916,-1.542470770531057,31,4.0,520,17.0,2.999999999999992,-1.0000000000000009,59.09738464875821,5.662883504699238,Normal market quality,False,0,False,Normal,Official ECB inputs; RepoLens derived analytics
2022-01-26,-0.576,0.2000000000000001,0.3712000453720486,0.5118533857116473,Normal,False,False,False,-0.5,False,-7.599999999999996,0.0499703653502575,Normal transmission,False,53985,-3.4533943772802056,29,-2.0,553,33.0,3.999999999999993,1.0000000000000009,56.40139599498097,-2.695988653777235,Normal market quality,False,0,False,Normal,Official ECB inputs; RepoLens derived analytics
2022-01-27,-0.573,0.3000000000000002,0.3731445324606319,0.7101805786956257,Normal,False,False,False,-0.5,False,-7.299999999999995,0.949436941654897,Normal transmission,False,49701,-7.935537649347035,29,0.0,549,-4.0,3.999999999999993,0.0,53.92684827745835,-2.4745477175226256,Normal market quality,False,0,False,Normal,Official ECB inputs; RepoLens derived analytics
2022-01-28,-0.573,0.0,0.2833539724165003,-0.2999781484448683,Normal,False,False,False,-0.5,False,-7.299999999999995,0.9598234380409087,Normal transmission,False,49577,-0.24949196193235768,30,1.0,557,8.0,3.999999999999993,0.0,55.33849039583476,1.4116421183764132,Normal market quality,False,0,False,Normal,Official ECB inputs; RepoLens derived analytics
2022-01-31,-0.579,-0.6000000000000005,0.1761428845837205,-3.3779394575385058,Sharp easing,True,True,False,-0.5,False,-7.899999999999996,-0.8251923341871864,Normal transmission,False,51251,3.3765657462129672,28,-2.0,572,15.0,2.0000000000000018,-1.9999999999999911,56.14928014773042,0.8107897518956619,Normal market quality,False,1,True,Monitor,Official ECB inputs; RepoLens derived analytics
2022-02-01,-0.578,0.1,0.1777046633277282,0.5627314338711364,Normal,False,False,False,-0.5,False,-7.799999999999995,-0.5095942136295286,Normal transmission,False,61839,20.659109090554328,28,0.0,557,-15.0,3.999999999999993,1.9999999999999911,59.3905127870248,3.241232639294374,Normal market quality,False,0,False,Normal,Official ECB inputs; RepoLens derived analytics
2022-02-02,-0.578,0.0,0.1777046633277282,0.0,Normal,False,False,False,-0.5,False,-7.799999999999995,-0.4985655189408389,Normal transmission,False,59971,-3.020747424764303,29,1.0,555,-2.0,2.999999999999992,-1.0000000000000009,60.15961456169632,0.7691017746715261,Normal market quality,False,0,False,Normal,Official ECB inputs; RepoLens derived analytics
2022-02-03,-0.577,0.1,0.1791059668699545,0.5304122562760725,Normal,False,False,False,-0.5,False,-7.699999999999996,-0.189656358268753,Normal transmission,False,57713,-3.765153157359391,30,1.0,541,-14.0,3.999999999999993,1.0000000000000009,58.6232199479533,-1.5363946137430204,Normal market quality,False,0,False,Normal,Official ECB inputs; RepoLens derived analytics
2022-02-04,-0.578,-0.1,0.1744163198544767,-0.6306749281935197,Normal,False,False,False,-0.5,False,-7.799999999999995,-0.465217618128203,Normal transmission,False,59809,3.6317640739521373,32,2.0,561,20.0,3.999999999999993,0.0,62.80562201000874,4.182402062055438,Normal market quality,False,0,False,Normal,Official ECB inputs; RepoLens derived analytics
2022-02-07,-0.578,0.0,0.1731290969494339,-0.028880182985419,Normal,False,False,False,-0.5,False,-7.799999999999995,-0.4388702224055691,Normal transmission,False,59909,0.1671989165510146,31,-1.0,552,-9.0,4.999999999999993,1.0,60.40549140591489,-2.400130604093853,Normal market quality,False,0,False,Normal,Official ECB inputs; RepoLens derived analytics
2022-02-08,-0.574,0.4000000000000003,0.1943274501832848,1.9297325192416697,Mild tightening,False,False,False,-0.5,False,-7.399999999999995,0.8645384674370783,Normal transmission,False,64910,8.34766061860488,32,1.0,567,15.0,3.999999999999993,-1.0,65.46213050369614,5.056639097781257,Strong market quality,False,0,False,Normal,Official ECB inputs; RepoLens derived analytics
2022-02-09,-0.578,-0.4000000000000003,0.2152110347395886,-1.8586407545691672,Mild easing,False,False,False,-0.5,False,-7.799999999999995,-0.4058677836460878,Normal transmission,False,59604,-8.174395316592209,31,-1.0,558,-9.0,2.999999999999992,-1.0000000000000009,61.85858581309837,-3.603544690597772,Normal market quality,False,0,False,Normal,Official ECB inputs; RepoLens derived analytics
2022-02-10,-0.572,0.6000000000000005,0.2536055785539515,2.2475846282645557,Sharp tightening,True,False,False,-0.5,False,-7.199999999999996,1.6174567325758158,Normal transmission,False,57260,-3.9326219716797506,32,1.0,542,-16.0,3.999999999999993,1.0000000000000009,60.26076097444995,-1.597824838648421,Normal market quality,False,1,True,Monitor,Official ECB inputs; RepoLens derived analytics
2022-02-11,-0.578,-0.6000000000000005,0.2901905000440051,-2.067607312813532,Sharp easing,True,False,False,-0.5,False,-7.799999999999995,-0.3812375214833833,Normal transmission,False,57333,0.12748864827103468,32,0.0,557,15.0,2.999999999999992,-1.0000000000000009,61.66806775759617,1.4073067831462183,Normal market quality,False,1,True,Monitor,Official ECB inputs; RepoLens derived analytics
2022-02-14,-0.578,0.0,0.2901905000440051,0.0,Normal,False,False,False,-0.5,False,-7.799999999999995,-0.357860133237073,Normal transmission,False,58941,2.804667468996902,32,0.0,564,7.0,3.999999999999993,1.0000000000000009,61.882467096584456,0.21439933898828656,Normal market quality,False,0,False,Normal,Official ECB inputs; RepoLens derived analytics
2022-02-15,-0.576,0.2000000000000001,0.2924938145994675,0.6324920075774381,Normal,False,False,False,-0.5,False,-7.599999999999996,0.3491429885394528,Normal transmission,False,56535,-4.082048149844764,31,-1.0,560,-4.0,3.999999999999993,0.0,59.27736276048394,-2.605104336100517,Normal market quality,False,0,False,Normal,Official ECB inputs; RepoLens derived analytics
2022-02-16,-0.576,0.0,0.2918182563460388,-0.0342679040208573,Normal,False,False,False,-0.5,False,-7.599999999999996,0.4049248953538502,Normal transmission,False,55371,-2.0589015654019605,30,-1.0,548,-12.0,3.999999999999993,0.0,56.98379886994253,-2.2935638905414066,Normal market quality,False,0,False,Normal,Official ECB inputs; RepoLens derived analytics
2022-02-17,-0.576,0.0,0.2906888370749731,-0.0516015687115335,Normal,False,False,False,-0.5,False,-7.599999999999996,0.4312014697265166,Normal transmission,False,56707,2.412815372667998,32,2.0,548,0.0,3.999999999999993,0.0,59.89089991074404,2.907101040801507,Normal market quality,False,0,False,Normal,Official ECB inputs; RepoLens derived analytics
2022-02-18,-0.576,0.0,0.2906888370749731,-0.0516015687115335,Normal,False,False,False,-0.5,False,-7.599999999999996,0.4588087302367852,Normal transmission,False,56196,-0.9011233181088762,31,-1.0,534,-14.0,4.999999999999993,1.0,57.03258412834993,-2.858315782394108,Normal market quality,False,0,False,Normal,Official ECB inputs; RepoLens derived analytics
2022-02-21,-0.576,0.0,0.2906888370749731,-0.0516015687115335,Normal,False,False,False,-0.5,False,-7.599999999999996,0.4879106586719183,Normal transmission,False,56931,1.3079222720478345,32,1.0,551,17.0,3.999999999999993,-1.0,60.02118726664918,2.988603138299247,Normal market quality,False,0,False,Normal,Official ECB inputs; RepoLens derived analytics
2022-02-22,-0.575,0.1,0.2906888370749731,0.2924088893653568,Normal,False,False,False,-0.5,False,-7.499999999999996,0.8782391856094549,Normal transmission,False,55856,-1.8882506894310702,32,0.0,552,1.0,3.999999999999993,0.0,59.46494671411302,-0.5562405525361598,Normal market quality,False,0,False,Normal,Official ECB inputs; RepoLens derived analytics
2022-02-23,-0.576,-0.1,0.2883711059326894,-0.3467753805519674,Normal,False,False,False,-0.5,False,-7.599999999999996,0.5068906587598161,Normal transmission,False,52700,-5.6502434832426225,31,-1.0,550,-2.0,4.999999999999993,1.0,55.83421503830868,-3.6307316758043413,Normal market quality,False,0,False,Normal,Official ECB inputs; RepoLens derived analytics
2022-02-24,-0.576,0.0,0.2796143961356712,0.0536453065625486,Normal,False,False,False,-0.5,False,-7.599999999999996,0.5159236917795178,Normal transmission,False,51865,-1.584440227703987,31,0.0,556,6.0,3.999999999999993,-1.0,56.451136081342725,0.616921043034047,Normal market quality,False,0,False,Normal,Official ECB inputs; RepoLens derived analytics
2022-02-25,-0.575,0.1,0.2807883638314775,0.3917541257728881,Normal,False,False,False,-0.5,False,-7.499999999999996,0.8874537506401309,Normal transmission,False,51503,-0.6979658729393656,29,-2.0,555,-1.0,3.999999999999993,0.0,53.8969196579461,-2.5542164233966247,Normal market quality,False,0,False,Normal,Official ECB inputs; RepoLens derived analytics
2022-02-28,-0.58,-0.5000000000000004,0.2704285098641944,-1.83042830894044,Mild easing,False,True,False,-0.5,False,-7.9999999999999964,-1.0618559292446077,Normal transmission,False,49166,-4.537599751470789,26,-3.0,556,1.0,3.0000000000000027,-0.9999999999999902,50.111632037113694,-3.785287620832406,Normal market quality,False,0,False,Month-end watch,Official ECB inputs; RepoLens derived analytics
2022-03-01,-0.577,0.3000000000000002,0.2781044862334266,1.0607523956028253,Mild tightening,False,False,False,-0.5,False,-7.699999999999996,0.1107457104120135,Normal transmission,False,60449,22.948785746247413,30,4.0,556,0.0,4.999999999999993,1.9999999999999902,58.65063900986157,8.539006972747877,Normal market quality,False,0,False,Normal,Official ECB inputs; RepoLens derived analytics
2022-03-02,-0.578,-0.1,0.2790962859697448,-0.3582992860422389,Normal,False,False,False,-0.5,False,-7.799999999999995,-0.273459566491898,Normal transmission,False,58868,-2.615427881354526,30,0.0,552,-4.0,4.999999999999993,0.0,57.63113174205287,-1.0195072678086987,Normal market quality,False,0,False,Normal,Official ECB inputs; RepoLens derived analytics
2022-03-03,-0.579,-0.1,0.2789076436460836,-0.3226874632170513,Normal,False,False,False,-0.5,False,-7.899999999999996,-0.6555874517950239,Normal transmission,False,58643,-0.3822110484473784,29,-1.0,559,7.0,4.999999999999993,0.0,56.6066778239289,-1.0244539181239745,Normal market quality,False,0,False,Normal,Official ECB inputs; RepoLens derived analytics
2022-03-04,-0.577,0.2000000000000001,0.2818640956579126,0.6918227720520459,Normal,False,False,False,-0.5,False,-7.699999999999996,0.1233283325158978,Normal transmission,False,57620,-1.7444537284927453,29,0.0,550,-9.0,4.999999999999993,0.0,55.67484284554845,-0.9318349783804507,Normal market quality,False,0,False,Normal,Official ECB inputs; RepoLens derived analytics
2022-03-07,-0.579,-0.2000000000000001,0.2855742137850469,-0.6828347609381064,Normal,False,False,False,-0.5,False,-7.899999999999996,-0.6555874517950239,Normal transmission,False,63220,9.718847622353355,29,0.0,584,34.0,3.999999999999993,-1.0,60.5560800082234,4.88123716267495,Normal market quality,False,0,False,Normal,Official ECB inputs; RepoLens derived analytics
2022-03-08,-0.579,0.0,0.2692582403567257,0.0928476690885258,Normal,False,False,False,-0.5,False,-7.899999999999996,-0.6404140990851869,Normal transmission,False,62845,-0.5931667193926016,31,2.0,588,4.0,3.999999999999993,0.0,62.70571796154008,2.1496379533166845,Normal market quality,False,0,False,Normal,Official ECB inputs; RepoLens derived analytics
2022-03-09,-0.58,-0.1,0.2552604449123333,-0.3525810668821394,Normal,False,False,False,-0.5,False,-7.9999999999999964,-1.0005520564520962,Normal transmission,False,60292,-4.062375686212105,30,-1.0,593,5.0,3.0000000000000027,-0.9999999999999902,61.221073509256776,-1.4846444522833053,Normal market quality,False,0,False,Normal,Official ECB inputs; RepoLens derived analytics
2022-03-10,-0.576,0.4000000000000003,0.2330574810506722,1.802130522077866,Mild tightening,False,False,False,-0.5,False,-7.599999999999996,0.5311575379027298,Normal transmission,False,57504,-4.62416240960658,31,1.0,586,-7.0,3.999999999999993,0.9999999999999902,59.84102561444911,-1.3800478948076673,Normal market quality,False,0,False,Normal,Official ECB inputs; RepoLens derived analytics
2022-03-11,-0.577,-0.1,0.1904979624148529,-0.5511869978500795,Normal,False,False,False,-0.5,False,-7.699999999999996,0.1539310856080145,Normal transmission,False,55136,-4.117974401780744,32,1.0,565,-21.0,4.999999999999993,1.0,58.12510318772276,-1.715922426726351,Normal market quality,False,0,False,Normal,Official ECB inputs; RepoLens derived analytics
2022-03-14,-0.577,0.0,0.1904979624148529,-0.0262469998976228,Normal,False,False,False,-0.5,False,-7.699999999999996,0.1607117146809424,Normal transmission,False,56222,1.9696749854904327,31,-1.0,576,11.0,4.999999999999993,0.0,57.88039341465385,-0.24470977306890518,Normal market quality,False,0,False,Normal,Official ECB inputs; RepoLens derived analytics
2022-03-15,-0.573,0.4000000000000003,0.2058998223459784,1.8698413413542216,Mild tightening,False,False,False,-0.5,False,-7.299999999999995,1.7654574674459096,Normal transmission,False,58829,4.636974849702957,30,-1.0,583,7.0,3.999999999999993,-1.0,59.00932600329927,1.1289325886454193,Normal market quality,False,0,False,Normal,Official ECB inputs; RepoLens derived analytics
2022-03-16,-0.577,-0.4000000000000003,0.2258900524358563,-1.748638312048577,Mild easing,False,False,False,-0.5,False,-7.699999999999996,0.2015777984189248,Normal transmission,False,57659,-1.9888150402012639,31,1.0,568,-15.0,4.999999999999993,1.0,58.12452721276052,-0.8847987905387527,Normal market quality,False,0,False,Normal,Official ECB inputs; RepoLens derived analytics
2022-03-17,-0.578,-0.1,0.2268781263377467,-0.3966887485046476,Normal,False,False,False,-0.5,False,-7.799999999999995,-0.1886771426396242,Normal transmission,False,55349,-4.006312978025983,32,1.0,545,-23.0,4.999999999999993,0.0,57.18844183779387,-0.9360853749666518,Normal market quality,False,0,False,Normal,Official ECB inputs; RepoLens derived analytics
2022-03-18,-0.578,0.0,0.2268781263377467,0.0440765276116275,Normal,False,False,False,-0.5,False,-7.799999999999995,-0.2038364436862059,Normal transmission,False,58552,5.786915752768795,30,-2.0,562,17.0,3.999999999999993,-1.0,57.8692187272561,0.6807768894622299,Normal market quality,False,0,False,Normal,Official ECB inputs; RepoLens derived analytics
2022-03-21,-0.578,0.0,0.2268781263377467,0.0440765276116275,Normal,False,False,False,-0.5,False,-7.799999999999995,-0.1908035487281898,Normal transmission,False,59267,1.221136767317943,32,2.0,571,9.0,3.999999999999993,0.0,60.81669697637355,2.9474782491174523,Normal market quality,False,0,False,Normal,Official ECB inputs; RepoLens derived analytics
2022-03-22,-0.578,0.0,0.2254235779009916,0.0665413979303805,Normal,False,False,False,-0.5,False,-7.799999999999995,-0.1719138739581615,Normal transmission,False,55017,-7.170938296185058,31,-1.0,569,-2.0,4.999999999999993,1.0,56.678413576669584,-4.138283399703965,Normal market quality,False,0,False,Normal,Official ECB inputs; RepoLens derived analytics
2022-03-23,-0.578,0.0,0.2245463262482359,0.0445342400701092,Normal,False,False,False,-0.5,False,-7.799999999999995,-0.1719138739581615,Normal transmission,False,53456,-2.8373048330516015,32,1.0,567,-2.0,4.999999999999993,0.0,56.94987365678206,0.271460080112476,Normal market quality,False,0,False,Normal,Official ECB inputs; RepoLens derived analytics
2022-03-24,-0.579,-0.1,0.2254235779009916,-0.3770679216054895,Normal,False,False,False,-0.5,False,-7.899999999999996,-0.5946960231218463,Normal transmission,False,51984,-2.75366656689614,29,-3.0,547,-20.0,3.0000000000000027,-1.9999999999999902,53.567230243946064,-3.3826434128359963,Normal market quality,False,0,False,Normal,Official ECB inputs; RepoLens derived analytics
2022-03-25,-0.581,-0.2000000000000001,0.2273416163537068,-0.7477733409597457,Normal,False,False,False,-0.5,False,-8.099999999999996,-1.95317796997659,Normal transmission,False,49459,-4.857263773468756,30,1.0,552,5.0,3.0000000000000027,0.0,53.70834068043595,0.14111043648988897,Normal market quality,False,0,False,Normal,Official ECB inputs; RepoLens derived analytics
2022-03-28,-0.58,0.1,0.2000000000000006,0.4999999999999989,Normal,False,False,False,-0.5,False,-7.9999999999999964,-1.3685107148878672,Normal transmission,False,51272,3.6656624679026972,29,-1.0,551,-1.0,3.0000000000000027,0.0,53.36873329057955,-0.33960738985640404,Normal market quality,False,0,False,Normal,Official ECB inputs; RepoLens derived analytics
2022-03-29,-0.579,0.1,0.1889026482776671,0.5823105234518026,Normal,False,False,False,-0.5,False,-7.899999999999996,-0.8187425401668185,Normal transmission,False,50828,-0.8659697300670954,28,-1.0,552,1.0,3.999999999999993,0.9999999999999902,51.230239136238886,-2.1384941543406626,Normal market quality,False,0,False,Normal,Official ECB inputs; RepoLens derived analytics
2022-03-30,-0.579,0.0,0.1877147892555708,0.026636153815204,Normal,False,False,False,-0.5,False,-7.899999999999996,-0.8058613402239213,Normal transmission,False,48039,-5.487133076257178,30,2.0,544,-8.0,3.0000000000000027,-0.9999999999999902,52.70317877246196,1.4729396362230744,Normal market quality,False,0,False,Normal,Official ECB inputs; RepoLens derived analytics
2022-03-31,-0.593,-1.4000000000000012,0.3643306768654865,-3.650529819346085,Sharp easing,True,True,True,-0.5,False,-9.299999999999995,-5.554342706709329,Unusually below policy rate,True,49246,2.5125418930452392,29,-1.0,566,22.0,5.999999999999995,2.999999999999992,50.56145922965944,-2.1417195428025195,Normal market quality,False,2,True,High attention,Official ECB inputs; RepoLens derived analytics
2022-04-01,-0.582,1.100000000000001,0.4458876422078601,2.5230571415467886,Sharp tightening,True,False,False,-0.5,False,-8.199999999999996,-1.5181976773054098,Normal transmission,False,47352,-3.845997644478738,30,1.0,518,-48.0,3.0000000000000027,-2.999999999999992,51.304069943150985,0.7426107134915441,Normal market quality,False,1,True,Monitor,Official ECB inputs; RepoLens derived analytics
2022-04-04,-0.585,-0.3000000000000002,0.4485062928620317,-0.6019982423815331,Normal,False,False,False,-0.5,False,-8.499999999999996,-2.428779430560073,Unusually below policy rate,True,53551,13.091316100692673,29,-1.0,536,18.0,3.999999999999993,0.9999999999999902,52.99010411477958,1.6860341716285916,Normal market quality,False,1,True,Monitor,Official ECB inputs; RepoLens derived analytics
2022-04-05,-0.586,-0.1,0.448711605893093,-0.1448591905052853,Normal,False,False,False,-0.5,False,-8.599999999999996,-2.572461223208497,Unusually below policy rate,True,50523,-5.654422886594091,29,0.0,507,-29.0,3.0000000000000027,-0.9999999999999902,51.17782440091728,-1.8122797138622957,Normal market quality,False,1,True,Monitor,Official ECB inputs; RepoLens derived analytics
2022-04-06,-0.584,0.2000000000000001,0.4514304749174684,0.487339717240448,Normal,False,False,False,-0.5,False,-8.399999999999997,-1.8422267373654584,Normal transmission,False,50236,-0.5680581121469408,31,2.0,528,21.0,3.0000000000000027,0.0,54.17409113404605,2.9962667331287705,Normal market quality,False,0,False,Normal,Official ECB inputs; RepoLens derived analytics
2022-04-07,-0.582,0.2000000000000001,0.4437875262116468,0.5182660314123179,Normal,False,False,False,-0.5,False,-8.199999999999996,-1.1841760466604363,Normal transmission,False,46296,-7.842981129070781,31,0.0,523,-5.0,3.0000000000000027,0.0,52.06936964274363,-2.1047214913024206,Normal market quality,False,0,False,Normal,Official ECB inputs; RepoLens derived analytics
2022-04-08,-0.583,-0.1,0.4437875262116468,-0.1577331399950532,Normal,False,False,False,-0.5,False,-8.299999999999997,-1.4397204245509383,Normal transmission,False,47007,1.535769828926914,31,0.0,529,6.0,3.999999999999993,0.9999999999999902,51.82468459794392,-0.24468504479970932,Normal market quality,False,0,False,Normal,Official ECB inputs; RepoLens derived analytics
2022-04-11,-0.584,-0.1,0.4439950213092135,-0.1463980379967635,Normal,False,False,False,-0.5,False,-8.399999999999997,-1.669983614633194,Normal transmission,False,51375,9.292233071670175,31,0.0,529,0.0,3.999999999999993,0.0,53.89573332824384,2.071048730299921,Normal market quality,False,0,False,Normal,Official ECB inputs; RepoLens derived analytics
2022-04-12,-0.583,0.1,0.4334682650922737,0.3460460939812264,Normal,False,False,False,-0.5,False,-8.299999999999997,-1.3350906941559366,Normal transmission,False,49164,-4.3036496350365,31,0.0,526,-3.0,3.0000000000000027,-0.9999999999999902,53.50276800297435,-0.39296532526949335,Normal market quality,False,0,False,Normal,Official ECB inputs; RepoLens derived analytics
2022-04-13,-0.585,-0.2000000000000001,0.4272309864575299,-0.3745046709431629,Normal,False,False,False,-0.5,False,-8.499999999999996,-1.8269843235157608,Normal transmission,False,48787,-0.7668212513221029,30,-1.0,523,-3.0,3.0000000000000027,0.0,52.02662330056239,-1.4761447024119576,Normal market quality,False,0,False,Normal,Official ECB inputs; RepoLens derived analytics
2022-04-14,-0.586,-0.1,0.4272309864575299,-0.1404392516036861,Normal,False,False,False,-0.5,False,-8.599999999999996,-2.0031511505588124,Unusually below policy rate,True,49464,1.387664746756312,30,0.0,546,23.0,3.0000000000000027,0.0,53.25441697277643,1.227793672214041,Normal market quality,False,1,True,Monitor,Official ECB inputs; RepoLens derived analytics
2022-04-19,-0.58,0.6000000000000005,0.4506136167260681,1.353709646929788,Mild tightening,False,False,False,-0.5,False,-7.9999999999999964,-0.3666990657741141,Normal transmission,False,56421,14.064774381368261,30,0.0,568,22.0,4.999999999999993,1.9999999999999902,55.84632678894962,2.5919098161731853,Normal market quality,False,0,False,Normal,Official ECB inputs; RepoLens derived analytics
2022-04-20,-0.583,-0.3000000000000002,0.4552327340001635,-0.6040866121018035,Normal,False,False,False,-0.5,False,-8.299999999999997,-1.150224369135345,Normal transmission,False,52926,-6.1945020471101175,30,0.0,552,-16.0,3.999999999999993,-1.0,54.292060995155055,-1.5542657937945634,Normal market quality,False,0,False,Normal,Official ECB inputs; RepoLens derived analytics
2022-04-21,-0.585,-0.2000000000000001,0.4568484719420543,-0.3611700818404584,Normal,False,False,False,-0.5,False,-8.499999999999996,-1.6186578385782726,Normal transmission,False,52801,-0.23617881570494603,29,-1.0,541,-11.0,3.0000000000000027,-0.9999999999999902,53.40022655684461,-0.8918344383104468,Normal market quality,False,0,False,Normal,Official ECB inputs; RepoLens derived analytics
2022-04-22,-0.583,0.2000000000000001,0.4598340661815446,0.4893069403674176,Normal,False,False,False,-0.5,False,-8.299999999999997,-1.057817223955499,Normal transmission,False,52795,-0.011363421147325692,30,1.0,539,-2.0,3.999999999999993,0.9999999999999902,53.61044338929298,0.2102168324483742,Normal market quality,False,0,False,Normal,Official ECB inputs; RepoLens derived analytics
2022-04-25,-0.585,-0.2000000000000001,0.4612340426565061,-0.3685764368581178,Normal,False,False,False,-0.5,False,-8.499999999999996,-1.5290193560087642,Normal transmission,False,54530,3.286296050762383,31,1.0,546,7.0,3.0000000000000027,-0.9999999999999902,56.67670536560411,3.066261976311125,Normal market quality,False,0,False,Normal,Official ECB inputs; RepoLens derived analytics
2022-04-26,-0.582,0.3000000000000002,0.4650693213750086,0.6558162105774841,Normal,False,False,False,-0.5,False,-8.199999999999996,-0.7187395885886773,Normal transmission,False,54528,-0.0036677058499856585,29,-2.0,553,7.0,3.0000000000000027,0.0,54.51605905702463,-2.16064630857948,Normal market quality,False,0,False,Normal,Official ECB inputs; RepoLens derived analytics
2022-04-27,-0.583,-0.1,0.464842927630852,-0.1828574663558214,Normal,False,False,False,-0.5,False,-8.299999999999997,-0.9595402124387415,Normal transmission,False,52664,-3.41842723004695,28,-1.0,548,-5.0,3.0000000000000027,0.0,52.18364346887679,-2.332415588147839,Normal market quality,False,0,False,Normal,Official ECB inputs; RepoLens derived analytics
2022-04-28,-0.583,0.0,0.4640780333657607,0.0430962005569376,Normal,False,False,False,-0.5,False,-8.299999999999997,-0.9315409657810796,Normal transmission,False,50131,-4.809737201883635,26,-2.0,546,-2.0,3.999999999999993,0.9999999999999902,47.67057705057788,-4.513066418298905,Normal market quality,False,0,False,Normal,Official ECB inputs; RepoLens derived analytics
2022-04-29,-0.586,-0.3000000000000002,0.4682273401941237,-0.5659643879191956,Normal,False,True,False,-0.5,False,-8.599999999999996,-1.6460391264786989,Normal transmission,False,32825,-34.52155352975205,23,-3.0,387,-159.0,3.0000000000000027,-0.9999999999999902,30.67699949966191,-16.993577550915973,Weak market quality,True,1,True,Monitor,Official ECB inputs; RepoLens derived analytics
2022-05-02,-0.583,0.3000000000000002,0.3456496553021956,0.7232757104341083,Normal,False,False,False,-0.5,False,-8.299999999999997,-0.848729804088423,Normal transmission,False,37633,14.647372429550654,26,3.0,376,-11.0,3.999999999999993,0.9999999999999902,34.95712638735855,4.280126887696639,Weak market quality,True,1,True,Monitor,Official ECB inputs; RepoLens derived analytics
2022-05-03,-0.579,0.4000000000000003,0.2580799549711193,1.4917857531519023,Mild tightening,False,False,False,-0.5,False,-7.899999999999996,0.1793662955306811,Normal transmission,False,42286,12.364148486700511,26,0.0,448,72.0,3.999999999999993,0.0,40.219453963805,5.262327576446452,Normal market quality,False,0,False,Normal,Official ECB inputs; RepoLens derived analytics
2022-05-04,-0.585,-0.6000000000000005,0.2846974386589167,-2.107500519942625,Sharp easing,True,False,False,-0.5,False,-8.499999999999996,-1.3105035901050954,Normal transmission,False,54230,28.245755096249358,28,2.0,581,133.0,3.0000000000000027,-0.9999999999999902,54.411714165824094,14.192260202019092,Normal market quality,False,1,True,Monitor,Official ECB inputs; RepoLens derived analytics
2022-05-05,-0.585,0.0,0.2837252191822226,-0.017622684421256,Normal,False,False,False,-0.5,False,-8.499999999999996,-1.2703485970342032,Normal transmission,False,53671,-1.0307947630462833,30,2.0,564,-17.0,3.999999999999993,0.9999999999999902,54.92694745112592,0.5152332853018251,Normal market quality,False,0,False,Normal,Official ECB inputs; RepoLens derived analytics
2022-05-06,-0.585,0.0,0.2799906013460194,0.0178577422812163,Normal,False,False,False,-0.5,False,-8.499999999999996,-1.2272310036984666,Normal transmission,False,50704,-5.5281250582251085,30,0.0,556,-8.0,3.999999999999993,0.0,53.1342212672688,-1.7927261838571198,Normal market quality,False,0,False,Normal,Official ECB inputs; RepoLens derived analytics
2022-05-09,-0.586,-0.1,0.2764435794725195,-0.2893899730015348,Normal,False,False,False,-0.5,False,-8.599999999999996,-1.446897150985827,Normal transmission,False,50849,0.28597349321553,30,0.0,569,13.0,3.0000000000000027,-0.9999999999999902,54.517196281378,1.3829750141091992,Normal market quality,False,0,False,Normal,Official ECB inputs; RepoLens derived analytics
2022-05-10,-0.584,0.2000000000000001,0.2799906013460194,0.7321674335298707,Normal,False,False,False,-0.5,False,-8.399999999999997,-0.9054961960632552,Normal transmission,False,49803,-2.0570709355149597,30,0.0,584,15.0,3.999999999999993,0.9999999999999902,53.79183246833112,-0.7253638130468758,Normal market quality,False,0,False,Normal,Official ECB inputs; RepoLens derived analytics
2022-05-11,-0.584,0.0,0.2790962859697448,0.0,Normal,False,False,False,-0.5,False,-8.399999999999997,-0.8770924870050818,Normal transmission,False,50222,0.8413147802341259,31,1.0,604,20.0,3.0000000000000027,-0.9999999999999902,56.79017589221676,2.998343423885636,Normal market quality,False,0,False,Normal,Official ECB inputs; RepoLens derived analytics
2022-05-12,-0.577,0.7000000000000006,0.3197038102928862,2.095689755421438,Sharp tightening,True,False,False,-0.5,False,-7.699999999999996,0.9108109288053656,Normal transmission,False,51681,2.9051013500059675,31,0.0,581,-23.0,4.999999999999993,1.9999999999999902,54.89971414285838,-1.89046174935838,Normal market quality,False,1,True,Monitor,Official ECB inputs; RepoLens derived analytics
2022-05-13,-0.586,-0.9000000000000008,0.3790222879156877,-2.361338708923341,Sharp easing,True,False,False,-0.5,False,-8.599999999999996,-1.3397628202581449,Normal transmission,False,50090,-3.078500803003037,30,-1.0,584,3.0,3.0000000000000027,-1.9999999999999902,54.60223197123706,-0.2974821716213185,Normal market quality,False,1,True,Monitor,Official ECB inputs; RepoLens derived analytics
2022-05-16,-0.585,0.1,0.3790222879156877,0.2506448908913043,Normal,False,False,False,-0.5,False,-8.499999999999996,-1.0504216723179272,Normal transmission,False,50348,0.5150728688360973,30,0.0,584,0.0,3.0000000000000027,0.0,54.68492539527842,0.08269342404135926,Normal market quality,False,0,False,Normal,Official ECB inputs; RepoLens derived analytics
2022-05-17,-0.585,0.0,0.3522484171269211,0.0709726397180433,Normal,False,False,False,-0.5,False,-8.499999999999996,-1.0167862522053148,Normal transmission,False,50165,-0.36347024708032194,31,1.0,586,2.0,3.0000000000000027,0.0,55.88134601347593,1.1964206181975072,Normal market quality,False,0,False,Normal,Official ECB inputs; RepoLens derived analytics
2022-05-18,-0.585,0.0,0.3462581938988673,0.028880182985419,Normal,False,False,False,-0.5,False,-8.499999999999996,-0.9843567145683624,Normal transmission,False,52370,4.395494866939109,31,0.0,600,14.0,3.0000000000000027,0.0,57.515534766012486,1.6341887525365593,Normal market quality,False,0,False,Normal,Official ECB inputs; RepoLens derived analytics
2022-05-19,-0.585,0.0,0.3433580301115813,0.0,Normal,False,False,False,-0.5,False,-8.499999999999996,-0.9551100702692128,Normal transmission,False,52549,0.34179873973649855,30,-1.0,577,-23.0,3.0000000000000027,0.0,55.34893191224248,-2.1666028537700086,Normal market quality,False,0,False,Normal,Official ECB inputs; RepoLens derived analytics
2022-05-20,-0.585,0.0,0.3401238164644106,0.0294010578381428,Normal,False,False,False,-0.5,False,-8.499999999999996,-0.9248380635478446,Normal transmission,False,51990,-1.0637690536451694,30,0.0,573,-4.0,3.0000000000000027,0.0,54.86720672921991,-0.4817251830225686,Normal market quality,False,0,False,Normal,Official ECB inputs; RepoLens derived analytics
2022-05-23,-0.586,-0.1,0.3379115424579576,-0.2811386651931838,Normal,False,False,False,-0.5,False,-8.599999999999996,-1.1530250069563042,Normal transmission,False,50977,-1.9484516253125639,29,-1.0,588,15.0,3.0000000000000027,0.0,53.7163195410516,-1.150887188168312,Normal market quality,False,0,False,Normal,Official ECB inputs; RepoLens derived analytics
2022-05-24,-0.587,-0.1,0.3306691779757499,-0.2268127935573732,Normal,False,False,False,-0.5,False,-8.699999999999996,-1.3812250013531002,Normal transmission,False,48403,-5.049335975047575,30,1.0,549,-39.0,3.0000000000000027,0.0,51.97823851258919,-1.7380810284624033,Normal market quality,False,0,False,Normal,Official ECB inputs; RepoLens derived analytics
2022-05-25,-0.587,0.0,0.330231178992759,0.0605636332129576,Normal,False,False,False,-0.5,False,-8.699999999999996,-1.3319344317940458,Normal transmission,False,37427,-22.67628039584323,28,-2.0,441,-108.0,3.999999999999993,0.9999999999999902,38.5512904709896,-13.426948041599594,Normal market quality,False,0,False,Normal,Official ECB inputs; RepoLens derived analytics
2022-05-26,-0.59,-0.3000000000000002,0.336037278633754,-0.7886029820186197,Normal,False,False,False,-0.5,False,-8.999999999999996,-2.0270492276776,Unusually below policy rate,True,30811,-17.67707804526144,23,-5.0,253,-188.0,3.0000000000000027,-0.9999999999999902,26.38786878288004,-12.163421688109558,Weak market quality,True,2,True,High attention,Official ECB inputs; RepoLens derived analytics
2022-05-27,-0.585,0.5000000000000004,0.3501503436495459,1.41367846405837,Mild tightening,False,False,False,-0.5,False,-8.499999999999996,-0.7016159078579988,Normal transmission,False,50882,65.14231930154814,30,7.0,571,318.0,3.0000000000000027,0.0,54.14159449474702,27.753725711866977,Normal market quality,False,0,False,Normal,Official ECB inputs; RepoLens derived analytics
2022-05-30,-0.586,-0.1,0.3437793049709597,-0.2472516488657755,Normal,False,False,False,-0.5,False,-8.599999999999996,-0.9316385025243238,Normal transmission,False,52570,3.317479658818434,30,0.0,574,3.0,3.0000000000000027,0.0,55.06452240377694,0.9229279090299229,Normal market quality,False,0,False,Normal,Official ECB inputs; RepoLens derived analytics
2022-05-31,-0.589,-0.3000000000000002,0.3348212406014514,-0.7466670858483059,Normal,False,True,False,-0.5,False,-8.899999999999997,-1.652352080313313,Normal transmission,False,46639,-11.282100057066769,28,-2.0,564,-10.0,2.0000000000000018,-1.0000000000000009,50.08232614208637,-4.982196261690568,Normal market quality,False,0,False,Month-end watch,Official ECB inputs; RepoLens derived analytics
2022-06-01,-0.582,0.7000000000000006,0.348341937273074,1.9664586049052484,Mild tightening,False,False,False,-0.5,False,-8.199999999999996,0.1786723740507954,Normal transmission,False,42701,-8.44357726366346,30,2.0,482,-82.0,3.999999999999993,1.9999999999999911,45.56432790952449,-4.5179982325618795,Normal market quality,False,0,False,Normal,Official ECB inputs; RepoLens derived analytics
2022-06-02,-0.585,-0.3000000000000002,0.3554093266554559,-0.8440971508067062,Normal,False,False,False,-0.5,False,-8.499999999999996,-0.5825736665028238,Normal transmission,False,43042,0.7985761457577123,29,-1.0,457,-25.0,3.999999999999993,0.0,43.45034284934733,-2.113985060177164,Normal market quality,False,0,False,Normal,Official ECB inputs; RepoLens derived analytics
2022-06-03,-0.587,-0.2000000000000001,0.3582119337399084,-0.5304122562760735,Normal,False,False,False,-0.5,False,-8.699999999999996,-1.0717755375414646,Normal transmission,False,30981,-28.021467403931045,27,-2.0,339,-118.0,3.0000000000000027,-0.9999999999999902,31.00657533519838,-12.443767514148949,Weak market quality,True,1,True,Monitor,Official ECB inputs; RepoLens derived analytics
2022-06-06,-0.59,-0.3000000000000002,0.3636076543690876,-0.7700607966733846,Normal,False,False,False,-0.5,False,-8.999999999999996,-1.7954914809081806,Normal transmission,False,33909,9.45095381039993,30,3.0,266,-73.0,3.0000000000000027,0.0,35.91919572966747,4.912620394469091,Normal market quality,True,1,True,Monitor,Official ECB inputs; RepoLens derived analytics
2022-06-07,-0.583,0.7000000000000006,0.3953346350678257,1.75800432937216,Mild tightening,False,False,False,-0.5,False,-8.299999999999997,0.0624088266095277,Normal transmission,False,52531,54.91757350555899,30,0.0,558,292.0,3.999999999999993,0.9999999999999902,53.54947130729277,17.630275577625298,Normal market quality,False,0,False,Normal,Official ECB inputs; RepoLens derived analytics
2022-06-08,-0.582,0.1,0.3959000405471861,0.2273301105895523,Normal,False,False,False,-0.5,False,-8.199999999999996,0.3605114637548986,Normal transmission,False,52783,0.47971673868763,31,1.0,563,5.0,3.999999999999993,0.0,55.047507939967744,1.4980366326749746,Normal market quality,False,0,False,Normal,Official ECB inputs; RepoLens derived analytics
2022-06-09,-0.582,0.0,0.3611021141479313,0.0692324941353247,Normal,False,False,False,-0.5,False,-8.199999999999996,0.4317229444186837,Normal transmission,False,54342,2.9536024856487986,32,1.0,571,8.0,3.999999999999993,0.0,57.296437063487744,2.24892912352,Normal market quality,False,0,False,Normal,Official ECB inputs; RepoLens derived analytics
2022-06-10,-0.581,0.1,0.297135446697648,0.2524101410099239,Normal,False,False,False,-0.5,False,-8.099999999999996,0.7662331397495034,Normal transmission,False,52937,-2.5854771631518947,31,-1.0,568,-3.0,3.999999999999993,0.0,55.228893891894685,-2.0675431715930586,Normal market quality,False,0,False,Normal,Official ECB inputs; RepoLens derived analytics
2022-06-13,-0.58,0.1,0.297135446697648,0.2524101410099239,Normal,False,False,False,-0.5,False,-7.9999999999999964,1.0943270438490142,Normal transmission,False,53122,0.34947201390331806,30,-1.0,581,13.0,3.999999999999993,0.0,54.578770539242825,-0.6501233526518604,Normal market quality,False,0,False,Normal,Official ECB inputs; RepoLens derived analytics
2022-06-14,-0.578,0.2000000000000001,0.299605003120337,0.550725115674145,Normal,False,False,False,-0.5,False,-7.799999999999995,1.707968376848472,Normal transmission,False,54692,2.955461014269045,31,1.0,583,2.0,4.999999999999993,1.0,55.78835882172741,1.2095882824845816,Normal market quality,False,0,False,Normal,Official ECB inputs; RepoLens derived analytics
2022-06-15,-0.58,-0.2000000000000001,0.3041381265149114,-0.7397954428741073,Normal,False,False,False,-0.5,False,-7.9999999999999964,1.1210730278299104,Normal transmission,False,41842,-23.495209537043806,30,-1.0,504,-79.0,3.999999999999993,-1.0,45.9481907067066,-9.84016811502081,Normal market quality,False,0,False,Normal,Official ECB inputs; RepoLens derived analytics
2022-06-16,-0.582,-0.2000000000000001,0.308263387040164,-0.6974555170640085,Normal,False,False,False,-0.5,False,-8.199999999999996,0.5318761258713768,Normal transmission,False,35547,-15.044691936331912,27,-3.0,310,-194.0,3.999999999999993,0.0,32.13541605412725,-13.81277465257935,Weak market quality,True,1,True,Monitor,Official ECB inputs; RepoLens derived analytics
2022-06-17,-0.582,0.0,0.308263387040164,-0.0486596872370238,Normal,False,False,False,-0.5,False,-8.199999999999996,0.5678479457690117,Normal transmission,False,52402,47.416096998340215,30,3.0,578,268.0,3.999999999999993,0.0,54.02558649907687,21.890170444949625,Normal market quality,False,0,False,Normal,Official ECB inputs; RepoLens derived analytics
2022-06-20,-0.581,0.1,0.3075796858667604,0.243839250269893,Normal,False,False,False,-0.5,False,-8.099999999999996,0.918997256404366,Normal transmission,False,54669,4.326170756841341,31,1.0,591,13.0,3.999999999999993,0.0,56.80987290814232,2.7842864090654444,Normal market quality,False,0,False,Normal,Official ECB inputs; RepoLens derived analytics
2022-06-21,-0.582,-0.1,0.3075796858667604,-0.4063987504498216,Normal,False,False,False,-0.5,False,-8.199999999999996,0.5949020938374366,Normal transmission,False,54285,-0.7024090435164387,30,-1.0,572,-19.0,3.999999999999993,0.0,54.61846296934287,-2.1914099387994455,Normal market quality,False,0,False,Normal,Official ECB inputs; RepoLens derived analytics
2022-06-22,-0.579,0.3000000000000002,0.3135534874207023,0.8292046187678083,Normal,False,False,False,-0.5,False,-7.899999999999996,1.5774436882804477,Normal transmission,False,49124,-9.507230358294184,30,0.0,561,-11.0,3.999999999999993,0.0,51.59467992684091,-3.023783042501961,Normal market quality,False,0,False,Normal,Official ECB inputs; RepoLens derived analytics
2022-06-23,-0.578,0.1,0.3033150177620625,0.1318760946791573,Normal,False,False,False,-0.5,False,-7.799999999999995,1.884555004466819,Normal transmission,False,46555,-5.22962299487012,28,-2.0,509,-52.0,3.999999999999993,0.0,45.84084837497631,-5.7538315518646,Normal market quality,False,0,False,Normal,Official ECB inputs; RepoLens derived analytics
2022-06-24,-0.58,-0.2000000000000001,0.2899637000874787,-0.7759591974171949,Normal,False,False,False,-0.5,False,-7.9999999999999964,1.2442040864822737,Normal transmission,False,46271,-0.6100311459563912,30,2.0,510,1.0,3.999999999999993,0.0,48.16516901551336,2.324320640537046,Normal market quality,False,0,False,Normal,Official ECB inputs; RepoLens derived analytics
2022-06-27,-0.579,0.1,0.2888725816360094,0.225012701558165,Normal,False,False,False,-0.5,False,-7.899999999999996,1.5978180892871034,Normal transmission,False,49738,7.492814073609821,30,0.0,528,18.0,3.999999999999993,0.0,50.58845158354224,2.423282568028881,Normal market quality,False,0,False,Normal,Official ECB inputs; RepoLens derived analytics
2022-06-28,-0.581,-0.2000000000000001,0.2835860585987598,-0.8463039445093857,Normal,False,False,False,-0.5,False,-8.099999999999996,0.8832659765836599,Normal transmission,False,49215,-1.051509911938553,30,0.0,535,7.0,3.999999999999993,0.0,50.591505664456,0.0030540809137633573,Normal market quality,False,0,False,Normal,Official ECB inputs; RepoLens derived analytics
2022-06-29,-0.578,0.3000000000000002,0.2462348045004374,1.137126006894378,Mild tightening,False,False,False,-0.5,False,-7.799999999999995,1.843201932759576,Normal transmission,False,45127,-8.306410647160423,31,1.0,524,-11.0,3.999999999999993,0.0,49.34212871926208,-1.249376945193923,Normal market quality,False,0,False,Normal,Official ECB inputs; RepoLens derived analytics
2022-06-30,-0.591,-1.3000000000000012,0.3798891805167457,-3.343080206370918,Sharp easing,True,True,True,-0.5,False,-9.099999999999998,-2.4464153742095416,Unusually below policy rate,True,43590,-3.4059432268929934,27,-4.0,539,15.0,6.999999999999995,3.0000000000000018,41.9318332775838,-7.410295441678279,Normal market quality,False,2,True,High attention,Official ECB inputs; RepoLens derived analytics
2022-07-01,-0.58,1.100000000000001,0.453379125654179,2.3490274248143126,Sharp tightening,True,False,False,-0.5,False,-7.9999999999999964,1.1006051835211204,Normal transmission,False,53342,22.372103693507682,30,3.0,552,13.0,3.999999999999993,-3.0000000000000018,53.32373585617126,11.391902578587462,Normal market quality,False,1,True,Monitor,Official ECB inputs; RepoLens derived analytics
2022-07-04,-0.58,0.0,0.4466247689174065,-0.1119507995967112,Normal,False,False,False,-0.5,False,-7.9999999999999964,1.080781766052601,Normal transmission,False,61578,15.439991001462271,30,0.0,561,9.0,3.999999999999993,0.0,57.69361910421725,4.369883248045987,Normal market quality,False,0,False,Normal,Official ECB inputs; RepoLens derived analytics
2022-07-05,-0.58,0.0,0.4196176204217614,-0.0357468306143182,Normal,False,False,False,-0.5,False,-7.9999999999999964,1.05468859106973,Normal transmission,False,57639,-6.396765078437106,31,1.0,562,1.0,3.999999999999993,0.0,56.94372505896217,-0.7498940452550755,Normal market quality,False,0,False,Normal,Official ECB inputs; RepoLens derived analytics
2022-07-06,-0.58,0.0,0.4191470034800633,-0.0238579780291228,Normal,False,False,False,-0.5,False,-7.9999999999999964,1.0245938221414643,Normal transmission,False,56374,-2.1946945644442106,31,0.0,559,-3.0,3.999999999999993,0.0,56.15871078054067,-0.7850142784214995,Normal market quality,False,0,False,Normal,Official ECB inputs; RepoLens derived analytics
2022-07-07,-0.579,0.1,0.4196176204217614,0.2025653734811369,Normal,False,False,False,-0.5,False,-7.899999999999996,1.2981403598156354,Normal transmission,False,55287,-1.9281938482279104,29,-2.0,549,-10.0,3.999999999999993,0.0,52.80619504860422,-3.3525157319364496,Normal market quality,False,0,False,Normal,Official ECB inputs; RepoLens derived analytics
2022-07-08,-0.579,0.0,0.4191470034800633,-0.0238579780291228,Normal,False,False,False,-0.5,False,-7.899999999999996,1.2533073129839707,Normal transmission,False,52226,-5.536563749163459,32,3.0,545,-4.0,3.999999999999993,0.0,54.77887187712412,1.9726768285198943,Normal market quality,False,0,False,Normal,Official ECB inputs; RepoLens derived analytics
2022-07-11,-0.58,-0.1,0.419272552982199,-0.2385083385228075,Normal,False,False,False,-0.5,False,-7.9999999999999964,0.9166187175798084,Normal transmission,False,55865,6.96779381917052,31,-1.0,545,0.0,3.999999999999993,0.0,55.34551098365368,0.5666391065295642,Normal market quality,False,0,False,Normal,Official ECB inputs; RepoLens derived analytics
2022-07-12,-0.58,0.0,0.4166280683876464,0.0240022234668443,Normal,False,False,False,-0.5,False,-7.9999999999999964,0.9166187175798084,Normal transmission,False,53209,-4.754318446254368,31,0.0,542,-3.0,3.999999999999993,0.0,53.90679464288165,-1.4387163407720323,Normal market quality,False,0,False,Normal,Official ECB inputs; RepoLens derived analytics
2022-07-13,-0.581,-0.1,0.4148239956516756,-0.2290127885460387,Normal,False,False,False,-0.5,False,-8.099999999999996,0.599033303553686,Normal transmission,False,52524,-1.2873761957563623,31,0.0,528,-14.0,3.999999999999993,0.0,53.01351483485094,-0.8932798080307123,Normal market quality,False,0,False,Normal,Official ECB inputs; RepoLens derived analytics
2022-07-14,-0.582,-0.1,0.4129483209670116,-0.2421610524189262,Normal,False,False,False,-0.5,False,-8.199999999999996,0.2799487755114684,Normal transmission,False,53633,2.111415733759814,31,0.0,534,6.0,3.999999999999993,0.0,53.74375835045379,0.7302435156028508,Normal market quality,False,0,False,Normal,Official ECB inputs; RepoLens derived analytics
2022-07-15,-0.582,0.0,0.4129483209670116,0.0,Normal,False,False,False,-0.5,False,-8.199999999999996,0.2746815476812404,Normal transmission,False,56918,6.124960378871225,31,0.0,555,21.0,3.999999999999993,0.0,56.16462554840226,2.420867197948475,Normal market quality,False,0,False,Normal,Official ECB inputs; RepoLens derived analytics
2022-07-18,-0.582,0.0,0.4122786487444222,0.0121277199661619,Normal,False,False,False,-0.5,False,-8.199999999999996,0.260192831753411,Normal transmission,False,58518,2.811061527109171,31,0.0,555,0.0,3.999999999999993,0.0,56.91861009743583,0.7539845490335679,Normal market quality,False,0,False,Normal,Official ECB inputs; RepoLens derived analytics
2022-07-19,-0.583,-0.1,0.4122786487444222,-0.2304266793570773,Normal,False,False,False,-0.5,False,-8.299999999999997,-0.040837809226581,Normal transmission,False,57407,-1.898561126490994,31,0.0,564,9.0,3.999999999999993,0.0,56.71881431395406,-0.1997957834817683,Normal market quality,False,0,False,Normal,Official ECB inputs; RepoLens derived analytics
2022-07-20,-0.582,0.1,0.4068815940528002,0.2826375085059187,Normal,False,False,False,-0.5,False,-8.199999999999996,0.260192831753411,Normal transmission,False,56812,-1.0364589684184855,31,0.0,564,0.0,3.999999999999993,0.0,56.39975315576795,-0.31906115818611624,Normal market quality,False,0,False,Normal,Official ECB inputs; RepoLens derived analytics
2022-07-21,-0.584,-0.2000000000000001,0.4079473650259054,-0.4167204266393651,Normal,False,False,False,-0.5,False,-8.399999999999997,-0.3465707704891505,Normal transmission,False,57875,1.8710835738928289,31,0.0,522,-42.0,3.999999999999993,0.0,55.22809423478919,-1.1716589209787571,Normal market quality,False,0,False,Normal,Official ECB inputs; RepoLens derived analytics
2022-07-22,-0.582,0.2000000000000001,0.408978187553734,0.513474816972749,Normal,False,False,False,-0.5,False,-8.199999999999996,0.2464679710357027,Normal transmission,False,59491,2.792224622030237,31,0.0,564,42.0,3.999999999999993,0.0,57.613205790617485,2.3851115558282956,Normal market quality,False,0,False,Normal,Official ECB inputs; RepoLens derived analytics
2022-07-25,-0.583,-0.1,0.4085919338668508,-0.1957943693182889,Normal,False,False,False,-0.5,False,-8.299999999999997,-0.0616169927589297,Normal transmission,False,63203,6.239599267116036,30,-1.0,578,14.0,3.999999999999993,0.0,58.689545240065904,1.0763394494484189,Normal market quality,False,0,False,Normal,Official ECB inputs; RepoLens derived analytics
2022-07-26,-0.581,0.2000000000000001,0.4091068577433431,0.4888698300077678,Normal,False,False,False,-0.5,False,-8.099999999999996,0.570011865057371,Normal transmission,False,64954,2.7704381121149257,31,1.0,585,7.0,3.999999999999993,0.0,60.953673751357655,2.2641285112917515,Normal market quality,False,0,False,Normal,Official ECB inputs; RepoLens derived analytics
2022-07-27,-0.085,49.6,11.101743580461394,4.245729480093166,Sharp tightening,True,False,False,0.0,True,-8.5,-0.6736503859769035,Normal transmission,False,57526,-11.435785324999227,30,-1.0,561,-24.0,4.000000000000001,7.993605777301127e-15,55.13864460808654,-5.8150291432711185,Normal market quality,False,1,True,Monitor,Official ECB inputs; RepoLens derived analytics
2022-07-28,-0.087,-0.1999999999999988,11.084821295713102,-0.2453805909394246,Normal,False,False,False,0.0,False,-8.7,-1.272054301560516,Normal transmission,False,56028,-2.604039912387446,31,1.0,564,3.0,4.000000000000001,0.0,55.72028478366345,0.5816401755769149,Normal market quality,False,0,False,Normal,Official ECB inputs; RepoLens derived analytics
2022-07-29,-0.091,-0.4000000000000003,11.099998814604012,-0.2563063336778828,Normal,False,True,False,0.0,False,-9.1,-2.359472436728024,Unusually below policy rate,True,56544,0.920968087384888,26,-5.0,550,-14.0,4.000000000000001,0.0,49.32306795364891,-6.397216830014543,Normal market quality,False,1,True,Monitor,Official ECB inputs; RepoLens derived analytics
2022-08-01,-0.088,0.3000000000000002,11.0967230819686,-0.1946520593552387,Normal,False,False,False,0.0,False,-8.799999999999999,-1.4516001023500726,Normal transmission,False,61402,8.59153933220147,30,4.0,529,-21.0,4.000000000000001,0.0,55.66812641082605,6.345058457177139,Normal market quality,False,0,False,Normal,Official ECB inputs; RepoLens derived analytics
2022-08-02,-0.087,0.1,11.09557877810133,-0.2131479616608785,Normal,False,False,False,0.0,False,-8.7,-1.1347903674904876,Normal transmission,False,62019,1.0048532621087292,30,0.0,553,24.0,4.000000000000001,0.0,56.88386204699896,1.2157356361729157,Normal market quality,False,0,False,Normal,Official ECB inputs; RepoLens derived analytics
2022-08-03,-0.087,0.0,11.09557877810133,-0.222160560462607,Normal,False,False,False,0.0,False,-8.7,-1.1091945661996367,Normal transmission,False,59914,-3.394121156419805,29,-1.0,542,-11.0,4.000000000000001,0.0,54.198090824608265,-2.6857712223906987,Normal market quality,False,0,False,Normal,Official ECB inputs; RepoLens derived analytics
2022-08-04,-0.084,0.2999999999999989,11.093425032304872,-0.1960620812477878,Normal,False,False,False,0.0,False,-8.4,-0.2286978302986985,Normal transmission,False,57966,-3.251326901892715,32,3.0,546,4.0,4.000000000000001,0.0,57.06067759461569,2.8625867700074252,Normal market quality,False,0,False,Normal,Official ECB inputs; RepoLens derived analytics
2022-08-05,-0.085,-0.1,11.094621741138692,-0.2316437693833651,Normal,False,False,False,0.0,False,-8.5,-0.5272669828504148,Normal transmission,False,57294,-1.1593002794741736,31,-1.0,544,-2.0,4.000000000000001,0.0,55.41406456425303,-1.6466130303626585,Normal market quality,False,0,False,Normal,Official ECB inputs; RepoLens derived analytics
2022-08-08,-0.085,0.0,11.093425032304872,-0.2231051269371377,Normal,False,False,False,0.0,False,-8.5,-0.5272669828504147,Normal transmission,False,55066,-3.88871435054281,30,-1.0,541,-3.0,4.000000000000001,0.0,53.00395563354346,-2.410108930709569,Normal market quality,False,0,False,Normal,Official ECB inputs; RepoLens derived analytics
2022-08-09,-0.085,0.0,11.093425032304872,-0.2231051269371377,Normal,False,False,False,0.0,False,-8.5,-0.5272669828504147,Normal transmission,False,57449,4.327534231649288,31,1.0,540,-1.0,4.000000000000001,0.0,55.2896281297728,2.2856724962293384,Normal market quality,False,0,False,Normal,Official ECB inputs; RepoLens derived analytics
2022-08-10,-0.086,-0.0999999999999987,11.093425032304872,-0.2321194755002542,Normal,False,False,False,0.0,False,-8.6,-0.812607184252795,Normal transmission,False,56145,-2.269839335758672,32,1.0,544,4.0,4.000000000000001,0.0,56.03616243890162,0.746534309128819,Normal market quality,False,0,False,Normal,Official ECB inputs; RepoLens derived analytics
2022-08-11,-0.085,0.0999999999999987,11.091071563246386,-0.2150378334861185,Normal,False,False,False,0.0,False,-8.5,-0.5206525072757466,Normal transmission,False,54669,-2.628907293614746,30,-2.0,529,-15.0,4.000000000000001,0.0,52.30536377054317,-3.730798668358453,Normal market quality,False,0,False,Normal,Official ECB inputs; RepoLens derived analytics
2022-08-12,-0.088,-0.2999999999999989,11.094811494805269,-0.2496662517697527,Normal,False,False,False,0.0,False,-8.799999999999999,-1.3628072724328373,Normal transmission,False,43872,-19.74976677824727,25,-5.0,465,-64.0,4.000000000000001,0.0,38.6354934198111,-13.669870350732069,Normal market quality,True,1,True,Monitor,Official ECB inputs; RepoLens derived analytics
2022-08-15,-0.088,0.0,11.094811494805269,-0.2226265855131008,Normal,False,False,False,0.0,False,-8.799999999999999,-1.339294751781564,Normal transmission,False,45407,3.4988147337709607,27,2.0,452,-13.0,4.000000000000001,0.0,41.35254595229215,2.7170525324810484,Normal market quality,False,0,False,Normal,Official ECB inputs; RepoLens derived analytics
2022-08-16,-0.087,0.1,11.092463064716748,-0.2145601014052846,Normal,False,False,False,0.0,False,-8.7,-1.0543384216152762,Normal transmission,False,57939,27.599268835201627,31,4.0,531,79.0,4.000000000000001,0.0,55.15049997409542,13.797954021803271,Normal market quality,False,0,False,Normal,Official ECB inputs; RepoLens derived analytics
2022-08-17,-0.087,0.0,11.093614806440874,-0.2231013103648625,Normal,False,False,False,0.0,False,-8.7,-1.054338421615276,Normal transmission,False,56364,-2.718376223269303,30,-1.0,534,3.0,4.000000000000001,0.0,53.28854565622896,-1.8619543178664557,Normal market quality,False,0,False,Normal,Official ECB inputs; RepoLens derived analytics
2022-08-18,-0.084,0.2999999999999989,11.087831167545795,-0.198415719607945,Normal,False,False,False,0.0,False,-8.4,-0.2353700512657991,Normal transmission,False,53819,-4.515293449719682,31,1.0,538,4.0,4.000000000000001,0.0,53.42248757712972,0.13394192090076018,Normal market quality,False,0,False,Normal,Official ECB inputs; RepoLens derived analytics
2022-08-19,-0.084,0.0,11.090104645702471,-0.2245244819186534,Normal,False,False,False,0.0,False,-8.4,-0.2407361321081099,Normal transmission,False,52193,-3.021237852802916,29,-2.0,522,-16.0,4.000000000000001,0.0,49.574993335235455,-3.8474942418942675,Normal market quality,False,0,False,Normal,Official ECB inputs; RepoLens derived analytics
2022-08-22,-0.082,0.2000000000000001,11.086619483816849,-0.2079082810918703,Normal,False,False,False,0.0,False,-8.200000000000001,0.3308306118508967,Normal transmission,False,50308,-3.611595424673808,29,0.0,520,-2.0,4.000000000000001,0.0,48.56975729803532,-1.0052360372001345,Normal market quality,False,0,False,Normal,Official ECB inputs; RepoLens derived analytics
2022-08-23,-0.08,0.2000000000000001,11.086619483816849,-0.2079082810918703,Normal,False,False,False,0.0,False,-8.0,0.8966044898632336,Normal transmission,False,47921,-4.74477220322812,30,1.0,521,1.0,4.000000000000001,0.0,48.66433562861061,0.0945783305752883,Normal market quality,False,0,False,Normal,Official ECB inputs; RepoLens derived analytics
2022-08-24,-0.082,-0.2000000000000001,0.1954078056945339,-1.1002631099399032,Mild easing,False,False,False,0.0,False,-8.200000000000001,0.2921520247868863,Normal transmission,False,46904,-2.122242858037182,29,-1.0,497,-24.0,4.000000000000001,0.0,46.01749012994513,-2.6468454986654777,Normal market quality,False,0,False,Normal,Official ECB inputs; RepoLens derived analytics
2022-08-25,-0.08,0.2000000000000001,0.1926955602690558,0.856272971570362,Normal,False,False,False,0.0,False,-8.0,0.8685662346204526,Normal transmission,False,45309,-3.4005628517823627,28,-1.0,504,7.0,4.000000000000001,0.0,44.34684669812143,-1.6706434318236987,Normal market quality,False,0,False,Normal,Official ECB inputs; RepoLens derived analytics
2022-08-26,-0.08,0.0,0.1637552731172985,-0.3358670469231441,Normal,False,False,False,0.0,False,-8.0,0.8395453960911651,Normal transmission,False,42493,-6.2151007526098585,28,0.0,448,-56.0,4.000000000000001,0.0,40.7822191580433,-3.564627540078135,Normal market quality,False,0,False,Normal,Official ECB inputs; RepoLens derived analytics
2022-08-29,-0.081,-0.1,0.156524758425103,-0.8624833627492704,Normal,False,False,False,0.0,False,-8.1,0.5111554777507668,Normal transmission,False,41119,-3.2334737486174214,30,2.0,425,-23.0,4.000000000000001,0.0,41.6773318492673,0.895112691224,Normal market quality,False,0,False,Normal,Official ECB inputs; RepoLens derived analytics
2022-08-30,-0.084,-0.3000000000000002,0.1725200217214622,-1.825875030949019,Mild easing,False,False,False,0.0,False,-8.4,-0.4314715942063435,Normal transmission,False,47754,16.13609280381332,29,-1.0,495,70.0,4.000000000000001,0.0,46.46425057156783,4.786918722300534,Normal market quality,False,0,False,Normal,Official ECB inputs; RepoLens derived analytics
2022-08-31,-0.091,-0.6999999999999993,0.2353049533109504,-2.889866917086925,Sharp easing,True,True,False,0.0,False,-9.1,-2.456345181594035,Unusually below policy rate,True,46032,-3.6059806508355274,27,-2.0,526,31.0,3.0,-1.0000000000000009,45.28119368544655,-1.1830568861212782,Normal market quality,False,2,True,High attention,Official ECB inputs; RepoLens derived analytics
2022-09-01,-0.084,0.6999999999999993,0.2772040859424601,2.525215303447222,Sharp tightening,True,False,False,0.0,False,-8.4,-0.3535394237445611,Normal transmission,False,48239,4.794490789016326,28,1.0,518,-8.0,4.000000000000001,1.0000000000000009,46.43637365457189,1.155179969125335,Normal market quality,False,1,True,Monitor,Official ECB inputs; RepoLens derived analytics
2022-09-02,-0.083,0.1,0.2770141550630582,0.3248931448268876,Normal,False,False,False,0.0,False,-8.3,-0.0449282862007401,Normal transmission,False,49689,3.0058666224424213,29,1.0,507,-11.0,4.000000000000001,0.0,47.92228803722789,1.4859143826559986,Normal market quality,False,0,False,Normal,Official ECB inputs; RepoLens derived analytics
2022-09-05,-0.087,-0.3999999999999989,0.2918182563461015,-1.3364482568131455,Mild easing,False,False,False,0.0,False,-8.7,-1.2005347747788186,Normal transmission,False,53309,7.285314657167574,32,3.0,539,32.0,4.000000000000001,0.0,54.607631876372,6.68534383914411,Normal market quality,False,0,False,Normal,Official ECB inputs; RepoLens derived analytics
2022-09-06,-0.085,0.1999999999999988,0.2955814964653038,0.6766323413058277,Normal,False,False,False,0.0,False,-8.5,-0.57987322987316,Normal transmission,False,52441,-1.6282428858166553,31,-1.0,531,-8.0,4.000000000000001,0.0,52.63508098953192,-1.9725508868400752,Normal market quality,False,0,False,Normal,Official ECB inputs; RepoLens derived analytics
2022-09-07,-0.076,0.9000000000000008,0.3561489930677815,2.3866415925489664,Sharp tightening,True,False,False,0.0,False,-7.6,2.0592868630483947,Unusually above policy rate,True,57506,9.658473331934946,29,-2.0,545,14.0,5.0,0.9999999999999991,52.28945195781394,-0.34562903171798354,Normal market quality,False,2,True,High attention,Official ECB inputs; RepoLens derived analytics
2022-09-08,-0.086,-0.9999999999999996,0.4260899336747869,-2.335187765218207,Sharp easing,True,False,False,0.0,False,-8.6,-0.851288538058062,Normal transmission,False,56029,-2.568427642332971,31,2.0,530,-15.0,4.000000000000001,-0.9999999999999991,54.250505095365945,1.9610531375520068,Normal market quality,False,1,True,Monitor,Official ECB inputs; RepoLens derived analytics
2022-09-09,-0.085,0.0999999999999987,0.420870026192654,0.2019625887092511,Normal,False,False,False,0.0,False,-8.5,-0.5439026894441098,Normal transmission,False,61967,10.59808313551911,31,0.0,548,18.0,4.000000000000001,0.0,57.74651486636344,3.496009770997496,Normal market quality,False,0,False,Normal,Official ECB inputs; RepoLens derived analytics
2022-09-12,-0.086,-0.0999999999999987,0.4216508907665764,-0.2608793255482391,Normal,False,False,False,0.0,False,-8.6,-0.8091079863223635,Normal transmission,False,64826,4.6137460261106655,30,-1.0,556,8.0,4.000000000000001,0.0,58.11817148291207,0.37165661654862703,Normal market quality,False,0,False,Normal,Official ECB inputs; RepoLens derived analytics
2022-09-13,-0.083,0.2999999999999989,0.4262443084973131,0.6569002668613085,Normal,False,False,False,0.0,False,-8.3,0.06789995661308,Normal transmission,False,72736,12.201894301669093,28,-2.0,582,26.0,4.000000000000001,0.0,60.32994784339392,2.2117763604818492,Normal market quality,False,0,False,Normal,Official ECB inputs; RepoLens derived analytics
2022-09-14,0.662,74.5,16.65945203496391,4.247138492400796,Sharp tightening,True,False,False,0.75,True,-8.799999999999997,-1.340135278753508,Normal transmission,False,80024,10.019797624285086,31,3.0,703,121.0,3.999999999999993,-7.993605777301127e-15,69.38551846311417,9.05557061972025,Strong market quality,False,1,True,Monitor,Official ECB inputs; RepoLens derived analytics
2022-09-15,0.66,-0.2000000000000001,16.66526801148835,-0.2352197394783998,Normal,False,False,False,0.75,False,-8.999999999999996,-1.8463654071021949,Normal transmission,False,78908,-1.3945816255123478,31,0.0,687,-16.0,3.0000000000000027,-0.9999999999999902,69.41346853826884,0.027950075154677734,Strong market quality,False,0,False,Normal,Official ECB inputs; RepoLens derived analytics
2022-09-16,0.66,0.0,16.66526801148835,-0.2232187323621549,Normal,False,False,False,0.75,False,-8.999999999999996,-1.765673327551788,Normal transmission,False,68082,-13.719774927763984,32,1.0,596,-91.0,3.0000000000000027,0.0,63.64411230946409,-5.769356228804753,Normal market quality,False,0,False,Normal,Official ECB inputs; RepoLens derived analytics
2022-09-19,0.657,-0.3000000000000002,16.67120034828421,-0.2396348143228429,Normal,False,False,False,0.75,False,-9.299999999999995,-2.450209167755841,Unusually below policy rate,True,64024,-5.960459445962218,30,-2.0,578,-18.0,3.0000000000000027,0.0,58.58368503187551,-5.06042727758858,Normal market quality,False,1,True,Monitor,Official ECB inputs; RepoLens derived analytics
2022-09-20,0.659,0.2000000000000001,16.67120034828421,-0.2096429727304971,Normal,False,False,False,0.75,False,-9.099999999999998,-1.8179640083229536,Normal transmission,False,69100,7.928276896163933,31,1.0,649,71.0,3.0000000000000027,0.0,64.73919526242403,6.155510230548522,Normal market quality,False,0,False,Normal,Official ECB inputs; RepoLens derived analytics
2022-09-21,0.661,0.2000000000000001,16.666520964275403,-0.2109018437341772,Normal,False,False,False,0.75,False,-8.899999999999997,-1.2507573463281585,Normal transmission,False,61597,-10.858176555716348,32,1.0,637,-12.0,3.0000000000000027,0.0,62.069789433477496,-2.6694058289465374,Normal market quality,False,0,False,Normal,Official ECB inputs; RepoLens derived analytics
2022-09-22,0.661,0.0,16.668800828272907,-0.2222715381970212,Normal,False,False,False,0.75,False,-8.899999999999997,-1.277495005315079,Normal transmission,False,59724,-3.0407325032063226,33,1.0,635,-2.0,3.0000000000000027,0.0,62.30609333779731,0.2363039043198114,Normal market quality,False,0,False,Normal,Official ECB inputs; RepoLens derived analytics
2022-09-23,0.662,0.1,16.667645936143217,-0.2165872741616042,Normal,False,False,False,0.75,False,-8.799999999999997,-0.9730271732346744,Normal transmission,False,64010,7.176344518116662,34,1.0,677,42.0,3.0000000000000027,0.0,66.8855479242676,4.579454586470291,Strong market quality,False,0,False,Normal,Official ECB inputs; RepoLens derived analytics
2022-09-26,0.663,0.1,16.665299593056098,-0.2172178171647354,Normal,False,False,False,0.75,False,-8.699999999999996,-0.6743186604080518,Normal transmission,False,62851,-1.810654585221061,31,-3.0,688,11.0,3.0000000000000027,0.0,62.97493614726457,-3.9106117770030266,Normal market quality,False,0,False,Normal,Official ECB inputs; RepoLens derived analytics
2022-09-27,0.662,-0.1,16.662820257908574,-0.229853046526274,Normal,False,False,False,0.75,False,-8.799999999999997,-0.9186908021216552,Normal transmission,False,57680,-8.22739494996102,31,0.0,665,-23.0,3.0000000000000027,0.0,59.7307167623609,-3.2442193849036727,Normal market quality,False,0,False,Normal,Official ECB inputs; RepoLens derived analytics
2022-09-28,0.662,0.0,16.653758071220345,-0.2260750987193913,Normal,False,False,False,0.75,False,-8.799999999999997,-0.8887200206670575,Normal transmission,False,51093,-11.41990291262136,32,1.0,634,-31.0,3.0000000000000027,0.0,56.84464392818736,-2.8860728341735395,Normal market quality,False,0,False,Normal,Official ECB inputs; RepoLens derived analytics
2022-09-29,0.661,-0.1,16.6624656986262,-0.2295578619144804,Normal,False,False,False,0.75,False,-8.899999999999997,-1.134944112206388,Normal transmission,False,50732,-0.7065547139529893,33,1.0,641,7.0,3.0000000000000027,0.0,58.09093815985662,1.2462942316692605,Normal market quality,False,0,False,Normal,Official ECB inputs; RepoLens derived analytics
2022-09-30,0.642,-1.9000000000000017,16.691342697717026,-0.3310099193371477,Normal,False,True,True,0.75,False,-10.8,-4.957485701337028,Unusually below policy rate,True,35544,-29.937711897815976,28,-5.0,504,-137.0,8.000000000000007,5.000000000000004,36.33861286299268,-21.752325296863937,Normal market quality,True,2,True,High attention,Official ECB inputs; RepoLens derived analytics
2022-10-03,0.656,1.4000000000000012,16.67334068126973,-0.1388444010263997,Normal,False,False,False,0.75,False,-9.399999999999997,-1.7970503048574888,Normal transmission,False,51661,45.343799234751295,29,1.0,435,-69.0,4.000000000000004,-4.000000000000003,45.28253771276378,8.943924849771093,Normal market quality,False,0,False,Normal,Official ECB inputs; RepoLens derived analytics
2022-10-04,0.657,0.1,16.674465193033452,-0.2164986977518324,Normal,False,False,False,0.75,False,-9.299999999999995,-1.522786789031205,Normal transmission,False,68294,32.196434447649104,32,3.0,705,270.0,3.0000000000000027,-1.0000000000000018,66.75188171611265,21.469344003348873,Strong market quality,False,0,False,Normal,Official ECB inputs; RepoLens derived analytics
2022-10-05,0.652,-0.5000000000000004,16.68981410132665,-0.2480554891064315,Normal,False,False,False,0.75,False,-9.799999999999995,-2.4279455579988016,Unusually below policy rate,True,63955,-6.353413184174306,32,0.0,681,-24.0,2.0000000000000018,-1.0000000000000009,64.6577502346872,-2.0941314814254497,Normal market quality,False,1,True,Monitor,Official ECB inputs; RepoLens derived analytics
2022-10-06,0.655,0.3000000000000002,16.67331542820506,-0.2042185319807483,Normal,False,False,False,0.75,False,-9.499999999999996,-1.7310541076093977,Normal transmission,False,71592,11.941208662340719,32,0.0,708,27.0,3.0000000000000027,1.0000000000000009,67.92712607323838,3.269375838551184,Strong market quality,False,0,False,Normal,Official ECB inputs; RepoLens derived analytics
2022-10-07,0.656,0.1,16.67331542820506,-0.2162137467813797,Normal,False,False,False,0.75,False,-9.399999999999997,-1.4711003145401471,Normal transmission,False,70327,-1.7669572019220037,33,1.0,718,10.0,3.0000000000000027,0.0,68.73447936823548,0.8073532949970996,Strong market quality,False,0,False,Normal,Official ECB inputs; RepoLens derived analytics
2022-10-10,0.655,-0.1,16.67331542820506,-0.228208961582011,Normal,False,False,False,0.75,False,-9.499999999999996,-1.6024858779567464,Normal transmission,False,67345,-4.240192244799291,33,0.0,723,5.0,3.0000000000000027,0.0,67.43017882209979,-1.3043005461356927,Strong market quality,False,0,False,Normal,Official ECB inputs; RepoLens derived analytics
2022-10-11,0.657,0.2000000000000001,16.674405220987165,-0.2099025394677791,Normal,False,False,False,0.75,False,-9.299999999999995,-1.169100238129884,Normal transmission,False,61477,-8.713341747716985,33,0.0,709,-14.0,3.0000000000000027,0.0,64.3185379494375,-3.111640872662292,Normal market quality,False,0,False,Normal,Official ECB inputs; RepoLens derived analytics
2022-10-12,0.658,0.1,0.5727128425309592,0.2095290887309083,Normal,False,False,False,0.75,False,-9.199999999999998,-0.942280625873772,Normal transmission,False,62435,1.5583063584755363,33,0.0,712,3.0,3.0000000000000027,0.0,64.65606346866889,0.3375255192313915,Normal market quality,False,0,False,Normal,Official ECB inputs; RepoLens derived analytics
2022-10-13,0.658,0.0,0.5711484275699976,0.0175085836138005,Normal,False,False,False,0.75,False,-9.199999999999998,-0.9126877064725946,Normal transmission,False,62243,-0.3075198206134333,35,2.0,704,-8.0,3.0000000000000027,0.0,66.51846137169102,1.8623979030221278,Strong market quality,False,0,False,Normal,Official ECB inputs; RepoLens derived analytics
2022-10-14,0.657,-0.1,0.5714938872444622,-0.1487329994198879,Normal,False,False,False,0.75,False,-9.299999999999995,-1.070460288320952,Normal transmission,False,62530,0.461096026862462,34,-1.0,716,12.0,3.0000000000000027,0.0,65.66342388541236,-0.8550374862786612,Strong market quality,False,0,False,Normal,Official ECB inputs; RepoLens derived analytics
2022-10-17,0.658,0.1,0.5679835060613873,0.1672583780799658,Normal,False,False,False,0.75,False,-9.199999999999998,-0.8475970028162925,Normal transmission,False,62853,0.5165520550135971,34,0.0,724,8.0,3.0000000000000027,0.0,65.88589785429036,0.2224739688780062,Strong market quality,False,0,False,Normal,Official ECB inputs; RepoLens derived analytics
2022-10-18,0.657,-0.1,0.5665221693993484,-0.1588640389756009,Normal,False,False,False,0.75,False,-9.299999999999995,-1.0085657538301942,Normal transmission,False,66734,6.1747251523395885,33,-1.0,736,12.0,3.0000000000000027,0.0,66.53122914456033,0.645331290269965,Strong market quality,False,0,False,Normal,Official ECB inputs; RepoLens derived analytics
2022-10-19,0.656,-0.1,0.564637750662826,-0.1328285257440861,Normal,False,False,False,0.75,False,-9.399999999999997,-1.163773344239834,Normal transmission,False,69700,4.444511043845711,32,-1.0,736,0.0,3.0000000000000027,0.0,66.38830050467308,-0.1429286398872449,Strong market quality,False,0,False,Normal,Official ECB inputs; RepoLens derived analytics
2022-10-20,0.656,0.0,0.564637750662826,0.0442761752480287,Normal,False,False,False,0.75,False,-9.399999999999997,-1.1289542369412542,Normal transmission,False,69925,0.3228120516499233,33,1.0,730,-6.0,3.0000000000000027,0.0,67.23423296282103,0.8459324581479422,Strong market quality,False,0,False,Normal,Official ECB inputs; RepoLens derived analytics
2022-10-21,0.657,0.1,0.564637750662826,0.2213808762401435,Normal,False,False,False,0.75,False,-9.299999999999995,-0.926771624448826,Normal transmission,False,67191,-3.90990346800143,32,-1.0,724,-6.0,3.0000000000000027,0.0,64.61096067535874,-2.623272287462285,Normal market quality,False,0,False,Normal,Official ECB inputs; RepoLens derived analytics
2022-10-24,0.658,0.1,0.564637750662826,0.2213808762401435,Normal,False,False,False,0.75,False,-9.199999999999998,-0.7204036934118869,Normal transmission,False,63885,-4.92030182613743,30,-2.0,696,-28.0,3.0000000000000027,0.0,59.917849953008016,-4.693110722350724,Normal market quality,False,0,False,Normal,Official ECB inputs; RepoLens derived analytics
2022-10-25,0.656,-0.2000000000000001,0.5657784576649999,-0.3004709665009161,Normal,False,False,False,0.75,False,-9.399999999999997,-1.0672921795798211,Normal transmission,False,72486,13.463254285043448,33,3.0,767,71.0,3.0000000000000027,0.0,69.00437586999004,9.086525916982026,Strong market quality,False,0,False,Normal,Official ECB inputs; RepoLens derived analytics
2022-10-26,0.656,0.0,0.5657784576649999,0.053024288206044,Normal,False,False,False,0.75,False,-9.399999999999997,-1.0362102960618924,Normal transmission,False,71262,-1.6886019369257488,33,0.0,755,-12.0,3.0000000000000027,0.0,67.88737562463304,-1.117000245357005,Strong market quality,False,0,False,Normal,Official ECB inputs; RepoLens derived analytics
2022-10-27,0.657,0.1,0.5662433919678531,0.2119230029033394,Normal,False,False,False,0.75,False,-9.299999999999995,-0.8221791147486264,Normal transmission,False,70656,-0.8503830933737522,31,-2.0,746,-9.0,3.0000000000000027,0.0,64.81327728531275,-3.0740983393202868,Normal market quality,False,0,False,Normal,Official ECB inputs; RepoLens derived analytics
2022-10-28,0.656,-0.1,0.3555573830360855,-0.4781225425510201,Normal,False,False,False,0.75,False,-9.399999999999997,-0.9760767461530458,Normal transmission,False,63620,-9.95810688405797,31,0.0,703,-43.0,3.0000000000000027,0.0,60.62116868471697,-4.19210860059578,Normal market quality,False,0,False,Normal,Official ECB inputs; RepoLens derived analytics
2022-10-31,0.648,-0.8000000000000007,0.2458069417886116,-3.0918573514233114,Sharp easing,True,True,False,0.75,False,-10.199999999999998,-2.3031037755754102,Unusually below policy rate,True,48467,-23.817981766740015,28,-3.0,540,-163.0,8.000000000000007,5.000000000000004,42.24660584233909,-18.374562842377877,Normal market quality,True,3,True,High attention,Official ECB inputs; RepoLens derived analytics
2022-11-01,0.659,1.100000000000001,0.3537766170010858,3.0810402599238365,Sharp tightening,True,False,False,0.75,False,-9.099999999999998,-0.3352293085224476,Normal transmission,False,63619,31.262508510945587,30,2.0,606,66.0,3.0000000000000027,-5.000000000000004,56.51653766443902,14.269931822099927,Normal market quality,False,1,True,Monitor,Official ECB inputs; RepoLens derived analytics
2022-11-02,1.403,74.4,16.631437416119983,4.247678551916835,Sharp tightening,True,False,False,1.5,True,-9.699999999999998,-1.3523984217544365,Normal transmission,False,78196,22.912966252220258,32,2.0,750,144.0,4.000000000000004,1.0000000000000018,67.93358468252309,11.41704701808407,Strong market quality,False,1,True,Monitor,Official ECB inputs; RepoLens derived analytics
2022-11-03,1.403,0.0,16.63485244267209,-0.2248291659267184,Normal,False,False,False,1.5,False,-9.699999999999998,-1.3042433604234458,Normal transmission,False,75612,-3.304516855082107,32,0.0,735,-15.0,4.000000000000004,0.0,66.21828492466342,-1.7152997578596683,Strong market quality,False,0,False,Normal,Official ECB inputs; RepoLens derived analytics
2022-11-04,1.401,-0.2000000000000001,16.638442329674213,-0.2358994863960233,Normal,False,False,False,1.5,False,-9.9,-1.5855970368003292,Normal transmission,False,68043,-10.010315822885252,31,-1.0,687,-48.0,4.000000000000004,0.0,60.565751421395206,-5.6525335032682165,Normal market quality,False,0,False,Normal,Official ECB inputs; RepoLens derived analytics
2022-11-07,1.4,-0.1000000000000111,16.638442329674213,-0.229889308398673,Normal,False,False,False,1.5,False,-10.000000000000009,-1.6805095178611795,Normal transmission,False,74250,9.12217274370619,33,2.0,754,67.0,4.000000000000004,0.0,67.07407150200673,6.508320080611526,Strong market quality,False,0,False,Normal,Official ECB inputs; RepoLens derived analytics
2022-11-08,1.4,0.0,16.64073236622146,-0.2232473858867516,Normal,False,False,False,1.5,False,-10.000000000000009,-1.6105240035967812,Normal transmission,False,72832,-1.9097643097643058,33,0.0,734,-20.0,4.000000000000004,0.0,65.74520877472219,-1.3288627272845446,Strong market quality,False,0,False,Normal,Official ECB inputs; RepoLens derived analytics
2022-11-09,1.4,0.0,16.641890707362236,-0.2229314003581772,Normal,False,False,False,1.5,False,-10.000000000000009,-1.5458841824744085,Normal transmission,False,73232,0.5492091388400677,32,-1.0,744,10.0,3.0000000000000027,-1.0000000000000018,65.64091141933096,-0.10429735539122476,Strong market quality,False,0,False,Normal,Official ECB inputs; RepoLens derived analytics
2022-11-10,1.402,0.2000000000000001,16.63960399326353,-0.2115434959524912,Normal,False,False,False,1.5,False,-9.800000000000008,-1.185291351834553,Normal transmission,False,64502,-11.921018134149008,32,0.0,689,-55.0,4.000000000000004,1.0000000000000018,59.906414484241054,-5.734496935089908,Normal market quality,False,0,False,Normal,Official ECB inputs; RepoLens derived analytics
2022-11-11,1.404,0.2000000000000001,16.63611401360559,-0.2124895271280874,Normal,False,False,False,1.5,False,-9.600000000000009,-0.8380817098475493,Normal transmission,False,64567,0.10077206908312153,32,0.0,678,-11.0,4.000000000000004,0.0,59.54869917321217,-0.3577153110288833,Normal market quality,False,0,False,Normal,Official ECB inputs; RepoLens derived analytics
2022-11-14,1.401,-0.2999999999999891,16.64095376188706,-0.2412722285903818,Normal,False,False,False,1.5,False,-9.9,-1.2754289813125153,Normal transmission,False,73688,14.126411324670496,32,0.0,717,39.0,4.000000000000004,0.0,63.91214007852142,4.363440905309247,Normal market quality,False,0,False,Normal,Official ECB inputs; RepoLens derived analytics
2022-11-15,1.4,-0.1000000000000111,16.64095376188706,-0.2292536866929792,Normal,False,False,False,1.5,False,-10.000000000000009,-1.3967992140627867,Normal transmission,False,73863,0.2374877863424274,32,0.0,720,3.0,3.0000000000000027,-1.0000000000000018,64.70547231287136,0.7933322343499469,Normal market quality,False,0,False,Normal,Official ECB inputs; RepoLens derived analytics
2022-11-16,1.401,0.1000000000000111,16.638600491501364,-0.2178668814033704,Normal,False,False,False,1.5,False,-9.9,-1.198315274925222,Normal transmission,False,72887,-1.3213652302235257,32,0.0,691,-29.0,3.0000000000000027,0.0,63.39521159343818,-1.3102607194331881,Normal market quality,False,0,False,Normal,Official ECB inputs; RepoLens derived analytics
2022-11-17,1.402,0.0999999999999889,16.63743717612402,-0.2181826420483399,Normal,False,False,False,1.5,False,-9.800000000000008,-1.0095579988516463,Normal transmission,False,74283,1.9152935365703172,32,0.0,677,-14.0,4.000000000000004,1.0000000000000018,62.56590797719521,-0.8293036162429672,Normal market quality,False,0,False,Normal,Official ECB inputs; RepoLens derived analytics
2022-11-18,1.403,0.1000000000000111,16.63743717612402,-0.2181826420483386,Normal,False,False,False,1.5,False,-9.699999999999998,-0.8193713124782881,Normal transmission,False,71998,-3.0760739334706466,33,1.0,673,-4.0,4.000000000000004,0.0,62.66409146623313,0.09818348903792185,Normal market quality,False,0,False,Normal,Official ECB inputs; RepoLens derived analytics
2022-11-21,1.403,0.0,16.638600491501364,-0.223877002269671,Normal,False,False,False,1.5,False,-9.699999999999998,-0.7952845411068098,Normal transmission,False,71755,-0.33750937526042524,31,-2.0,692,19.0,4.000000000000004,0.0,60.68112015429527,-1.9829713119378596,Normal market quality,False,0,False,Normal,Official ECB inputs; RepoLens derived analytics
2022-11-22,1.404,0.0999999999999889,16.635010638631055,-0.2188156099850596,Normal,False,False,False,1.5,False,-9.600000000000009,-0.5930867463997942,Normal transmission,False,69424,-3.248554107727686,31,0.0,703,11.0,4.000000000000004,0.0,60.05264895559891,-0.62847119869636,Normal market quality,False,0,False,Normal,Official ECB inputs; RepoLens derived analytics
2022-11-23,1.405,0.1000000000000111,16.633842326002604,-0.2191315709601261,Normal,False,False,False,1.5,False,-9.499999999999996,-0.4011477524287973,Normal transmission,False,69635,0.3039294768379719,31,0.0,697,-6.0,4.000000000000004,0.0,59.875775692813136,-0.17687326278577586,Normal market quality,False,0,False,Normal,Official ECB inputs; RepoLens derived analytics
2022-11-24,1.405,0.0,16.635010638631055,-0.2248270278417914,Normal,False,False,False,1.5,False,-9.499999999999996,-0.3758892164987436,Normal transmission,False,67439,-3.153586558483523,31,0.0,685,-12.0,4.000000000000004,0.0,58.71288282217971,-1.1628928706334278,Normal market quality,False,0,False,Normal,Official ECB inputs; RepoLens derived analytics
2022-11-25,1.403,-0.2000000000000001,16.636240560895963,-0.236531804502115,Normal,False,False,False,1.5,False,-9.699999999999998,-0.7176029871786614,Normal transmission,False,65891,-2.295407701774932,31,0.0,670,-15.0,4.000000000000004,0.0,57.72389938662698,-0.9889834355527256,Normal market quality,False,0,False,Normal,Official ECB inputs; RepoLens derived analytics
2022-11-28,1.403,0.0,16.625721195279258,-0.2270578193667702,Normal,False,False,False,1.5,False,-9.699999999999998,-0.6915350520814173,Normal transmission,False,66497,0.9197007178522121,33,2.0,714,44.0,4.000000000000004,0.0,61.38689677683881,3.662997390211828,Normal market quality,False,0,False,Normal,Official ECB inputs; RepoLens derived analytics
2022-11-29,1.402,-0.1000000000000111,16.63804375520151,-0.229293783339603,Normal,False,False,False,1.5,False,-9.800000000000008,-0.8532668188136459,Normal transmission,False,62328,-6.2694557649217275,31,-2.0,685,-29.0,3.0000000000000027,-1.0000000000000018,57.58758922533297,-3.7993075515058408,Normal market quality,False,0,False,Normal,Official ECB inputs; RepoLens derived analytics
2022-11-30,1.391,-1.09999999999999,0.277962511671541,-3.741511737485387,Sharp easing,True,True,False,1.5,False,-10.9,-2.9476494127265336,Unusually below policy rate,True,55636,-10.736747529200363,30,-1.0,628,-57.0,6.999999999999984,3.9999999999999813,49.30876720132338,-8.278822024009592,Normal market quality,False,2,True,High attention,Official ECB inputs; RepoLens derived analytics
2022-12-01,1.4,0.8999999999999897,0.3513507768898003,2.604235027170514,Sharp tightening,True,False,False,1.5,False,-10.000000000000009,-1.132054913788766,Normal transmission,False,63638,14.382773743619248,32,2.0,674,46.0,3.0000000000000027,-3.9999999999999813,58.8724211069953,9.56365390567192,Normal market quality,False,1,True,Monitor,Official ECB inputs; RepoLens derived analytics
2022-12-02,1.4,0.0,0.3486439897358923,0.0143412769105476,Normal,False,False,False,1.5,False,-10.000000000000009,-1.1044565013426493,Normal transmission,False,67719,6.412835098526037,32,0.0,700,26.0,4.000000000000004,1.0000000000000018,60.0961549846187,1.2237338776234026,Normal market quality,False,0,False,Normal,Official ECB inputs; RepoLens derived analytics
2022-12-05,1.398,-0.2000000000000001,0.3507885853031151,-0.5416367805577879,Normal,False,False,False,1.5,False,-10.20000000000001,-1.4712644165917408,Normal transmission,False,70191,3.650378771098217,32,0.0,729,29.0,4.000000000000004,0.0,61.63197786077468,1.535822876155983,Normal market quality,False,0,False,Normal,Official ECB inputs; RepoLens derived analytics
2022-12-06,1.406,0.8000000000000007,0.3948350754962363,1.9501813485852288,Mild tightening,False,False,False,1.5,False,-9.40000000000001,0.228589771267505,Normal transmission,False,68140,-2.922027040503772,32,0.0,717,-12.0,5.000000000000004,1.0,59.70593422919373,-1.9260436315809528,Normal market quality,False,0,False,Normal,Official ECB inputs; RepoLens derived analytics
2022-12-07,1.399,-0.6999999999999895,0.4273233707134533,-1.6264029716877582,Mild easing,False,False,False,1.5,False,-10.099999999999998,-1.2568434159195436,Normal transmission,False,68340,0.2935133548576552,32,0.0,695,-22.0,4.000000000000004,-1.0,59.94900187370137,0.24306764450764007,Normal market quality,False,0,False,Normal,Official ECB inputs; RepoLens derived analytics
2022-12-08,1.4,0.0999999999999889,0.4253790878981538,0.2585928719333887,Normal,False,False,False,1.5,False,-10.000000000000009,-1.003956547649249,Normal transmission,False,64211,-6.04184957565116,32,0.0,673,-22.0,4.000000000000004,0.0,57.90996796425908,-2.0390339094422885,Normal market quality,False,0,False,Normal,Official ECB inputs; RepoLens derived analytics
2022-12-09,1.4,0.0,0.4225237458291384,0.0473346177520817,Normal,False,False,False,1.5,False,-10.000000000000009,-0.971436069441878,Normal transmission,False,61136,-4.788899098285338,32,0.0,672,-1.0,4.000000000000004,0.0,56.78502513012012,-1.1249428341389631,Normal market quality,False,0,False,Normal,Official ECB inputs; RepoLens derived analytics
2022-12-12,1.4,0.0,0.417353819350355,0.0119802425859752,Normal,False,False,False,1.5,False,-10.000000000000009,-0.9411085093379185,Normal transmission,False,59004,-3.4873069876995566,31,-1.0,681,9.0,4.000000000000004,0.0,55.06354428962256,-1.7214808404975557,Normal market quality,False,0,False,Normal,Official ECB inputs; RepoLens derived analytics
2022-12-13,1.4,0.0,0.4167543767332607,0.0,Normal,False,False,False,1.5,False,-10.000000000000009,-0.9101082321714328,Normal transmission,False,59597,1.0050166090434631,32,1.0,712,31.0,4.000000000000004,0.0,57.178322663010086,2.114778373387523,Normal market quality,False,0,False,Normal,Official ECB inputs; RepoLens derived analytics
2022-12-14,1.402,0.2000000000000001,0.4186129980128135,0.4658240449428946,Normal,False,False,False,1.5,False,-9.800000000000008,-0.4448112842311307,Normal transmission,False,57818,-2.985049583032706,34,2.0,723,11.0,4.000000000000004,0.0,59.08967609540495,1.9113534323948613,Normal market quality,False,0,False,Normal,Official ECB inputs; RepoLens derived analytics
2022-12-15,1.403,0.1000000000000111,0.4186129980128138,0.2269399193311782,Normal,False,False,False,1.5,False,-9.699999999999998,-0.1947732914780649,Normal transmission,False,56994,-1.4251617143450135,33,-1.0,676,-47.0,4.000000000000004,0.0,56.336605308150425,-2.753070787254522,Normal market quality,False,0,False,Normal,Official ECB inputs; RepoLens derived analytics
2022-12-16,1.402,-0.1000000000000111,0.4186129980128139,-0.2269399193311781,Normal,False,False,False,1.5,False,-9.800000000000008,-0.3973301915981694,Normal transmission,False,51586,-9.488718110678318,31,-2.0,573,-103.0,5.000000000000004,1.0,48.45407502871043,-7.882530279439997,Normal market quality,False,0,False,Normal,Official ECB inputs; RepoLens derived analytics
2022-12-19,1.403,0.1000000000000111,0.4192725529822141,0.2385083385228254,Normal,False,False,False,1.5,False,-9.699999999999998,-0.1273592701334647,Normal transmission,False,58519,13.439692939944937,32,1.0,711,138.0,4.000000000000004,-1.0,56.65304915130413,8.198974122593704,Normal market quality,False,0,False,Normal,Official ECB inputs; RepoLens derived analytics
2022-12-20,1.403,0.0,0.4186129980128141,0.0119442062805856,Normal,False,False,False,1.5,False,-9.699999999999998,-0.0939886451618378,Normal transmission,False,55299,-5.502486371947568,32,0.0,696,-15.0,4.000000000000004,0.0,55.00256049592267,-1.6504886553814586,Normal market quality,False,0,False,Normal,Official ECB inputs; RepoLens derived analytics
2022-12-21,1.902,49.89999999999999,11.1681537370658,4.245554020503419,Sharp tightening,True,False,False,2.0,True,-9.800000000000008,-0.3211804356870449,Normal transmission,False,53779,-2.748693466427965,33,1.0,695,-1.0,4.000000000000004,0.0,55.57777403193195,0.5752135360092794,Normal market quality,False,1,True,Monitor,Official ECB inputs; RepoLens derived analytics
2022-12-22,1.904,0.2000000000000001,11.165900864026296,-0.2055364836162846,Normal,False,False,False,2.0,False,-9.600000000000009,0.2549727630491485,Normal transmission,False,50329,-6.415143457483408,33,0.0,656,-39.0,4.000000000000004,0.0,53.11762399060933,-2.4601500413226205,Normal market quality,False,0,False,Normal,Official ECB inputs; RepoLens derived analytics
2022-12-23,1.907,0.3000000000000113,11.160107526363712,-0.1989228145656881,Normal,False,False,False,2.0,False,-9.299999999999995,1.1035595767054889,Normal transmission,False,37171,-26.143972659897873,31,-2.0,490,-166.0,4.000000000000004,0.0,40.18806077303964,-12.929563217569694,Normal market quality,True,1,True,Monitor,Official ECB inputs; RepoLens derived analytics
2022-12-27,1.906,-0.1000000000000111,11.161318305459684,-0.2342913201141171,Normal,False,False,False,2.0,False,-9.40000000000001,0.8025887830585046,Normal transmission,False,37751,1.560356191654777,31,0.0,461,-29.0,4.000000000000004,0.0,39.474819068886106,-0.7132417041535319,Normal market quality,True,1,True,Monitor,Official ECB inputs; RepoLens derived analytics
2022-12-28,1.906,0.0,11.160107526363712,-0.2258042759934849,Normal,False,False,False,2.0,False,-9.40000000000001,0.8115707483622919,Normal transmission,False,47358,25.448332494503468,29,-2.0,611,150.0,4.000000000000004,0.0,44.95968097526575,5.484861906379642,Normal market quality,False,0,False,Normal,Official ECB inputs; RepoLens derived analytics
2022-12-29,1.905,-0.0999999999999889,11.145265693038503,-0.2395636024781096,Normal,False,False,False,2.0,False,-9.499999999999996,0.4936361798124332,Normal transmission,False,48172,1.7188225854132266,32,3.0,611,0.0,4.000000000000004,0.0,49.4560483747552,4.496367399489451,Normal market quality,False,0,False,Normal,Official ECB inputs; RepoLens derived analytics
2022-12-30,1.89,-1.5000000000000124,11.177067688139996,-0.3534021722165433,Normal,False,True,True,2.0,False,-11.00000000000001,-3.522282406652277,Unusually below policy rate,True,21896,-54.54620941625841,27,-5.0,261,-350.0,12.99999999999999,8.999999999999986,22.5814563315942,-26.874592043160998,Weak market quality,True,2,True,High attention,Official ECB inputs; RepoLens derived analytics
2023-01-02,1.906,1.6000000000000014,11.164327589528884,-0.0833010311227568,Normal,False,False,False,2.0,False,-9.40000000000001,0.7742755480950787,Normal transmission,False,40569,85.28041651443186,31,4.0,437,176.0,4.000000000000004,-8.999999999999986,40.41567846182282,17.83422213022862,Normal market quality,False,0,False,Normal,Official ECB inputs; RepoLens derived analytics
2023-01-03,1.904,-0.2000000000000001,11.164327589528884,-0.244528833295835,Normal,False,False,False,2.0,False,-9.600000000000009,0.242093518135414,Normal transmission,False,60166,48.30535630653947,32,1.0,661,224.0,3.0000000000000027,-1.0000000000000018,57.30432816625901,16.88864970443619,Normal market quality,False,0,False,Normal,Official ECB inputs; RepoLens derived analytics
2023-01-04,1.904,0.0,11.172282431841852,-0.2228729908316058,Normal,False,False,False,2.0,False,-9.600000000000009,0.2578540880490538,Normal transmission,False,62554,3.969019047302469,32,0.0,695,34.0,3.0000000000000027,0.0,59.16294665947097,1.8586184932119565,Normal market quality,False,0,False,Normal,Official ECB inputs; RepoLens derived analytics
2023-01-05,1.9,-0.4000000000000003,11.167974655000648,-0.2601187851639005,Normal,False,False,False,2.0,False,-10.000000000000009,-0.7998218512921205,Normal transmission,False,58241,-6.894842855772609,31,-1.0,613,-82.0,4.000000000000004,1.0000000000000018,52.201588910297474,-6.961357749173494,Normal market quality,False,0,False,Normal,Official ECB inputs; RepoLens derived analytics
2023-01-06,1.898,-0.2000000000000001,11.171575773504737,-0.2407896660719776,Normal,False,False,False,2.0,False,-10.20000000000001,-1.3053428668362927,Normal transmission,False,62072,6.577840353015918,30,-1.0,612,-1.0,4.000000000000004,0.0,52.21531957371994,0.013730663422464318,Normal market quality,False,0,False,Normal,Official ECB inputs; RepoLens derived analytics
2023-01-09,1.9,0.2000000000000001,11.16931887854073,-0.2059212405887094,Normal,False,False,False,2.0,False,-10.000000000000009,-0.7289626573664035,Normal transmission,False,72425,16.67901791467972,33,3.0,693,81.0,4.000000000000004,0.0,62.66156369819113,10.446244124471193,Normal market quality,False,0,False,Normal,Official ECB inputs; RepoLens derived analytics
2023-01-10,1.9,0.0,11.16931887854073,-0.2238274354225102,Normal,False,False,False,2.0,False,-10.000000000000009,-0.7025960657398886,Normal transmission,False,69464,-4.088367276492921,32,-1.0,700,7.0,4.000000000000004,0.0,60.2497441410371,-2.4118195571540326,Normal market quality,False,0,False,Normal,Official ECB inputs; RepoLens derived analytics
2023-01-11,1.9,0.0,11.16931887854073,-0.2238274354225102,Normal,False,False,False,2.0,False,-10.000000000000009,-0.6765515190426891,Normal transmission,False,68342,-1.615225152597033,32,0.0,699,-1.0,4.000000000000004,0.0,59.71979311210939,-0.5299510289277052,Normal market quality,False,0,False,Normal,Official ECB inputs; RepoLens derived analytics
2023-01-12,1.9,0.0,11.171575773504737,-0.2228870886688565,Normal,False,False,False,2.0,False,-10.000000000000009,-0.651735023051182,Normal transmission,False,69054,1.0418190863597854,32,0.0,682,-17.0,4.000000000000004,0.0,59.44931900382952,-0.2704741082798705,Normal market quality,False,0,False,Normal,Official ECB inputs; RepoLens derived analytics
2023-01-13,1.901,0.1000000000000111,11.171575773504737,-0.213935799967295,Normal,False,False,False,2.0,False,-9.9,-0.3455328021611316,Normal transmission,False,66842,-3.203290178700724,33,1.0,705,23.0,4.000000000000004,0.0,60.61141870395474,1.1620997001252178,Normal market quality,False,0,False,Normal,Official ECB inputs; RepoLens derived analytics
2023-01-16,1.902,0.0999999999999889,11.169224635012426,-0.2148761510693119,Normal,False,False,False,2.0,False,-9.800000000000008,-0.0341602248144099,Normal transmission,False,70073,4.8337871398222765,33,0.0,737,32.0,4.000000000000004,0.0,62.64717172713067,2.0357530231759284,Normal market quality,False,0,False,Normal,Official ECB inputs; RepoLens derived analytics
2023-01-17,1.901,-0.0999999999999889,11.171575773504737,-0.2318383773704161,Normal,False,False,False,2.0,False,-9.9,-0.3003565668972469,Normal transmission,False,63933,-8.762290753928049,33,0.0,698,-39.0,4.000000000000004,0.0,59.16565021286116,-3.4815215142695095,Normal market quality,False,0,False,Normal,Official ECB inputs; RepoLens derived analytics
2023-01-18,1.902,0.0999999999999889,11.17042500251634,-0.214405450057674,Normal,False,False,False,2.0,False,-9.800000000000008,0.0202775363231364,Normal transmission,False,63490,-0.6929128931850492,33,0.0,682,-16.0,4.000000000000004,0.0,58.49522521955004,-0.6704249933111157,Normal market quality,False,0,False,Normal,Official ECB inputs; RepoLens derived analytics
2023-01-19,1.903,0.1000000000000111,0.5276312508203164,0.18004998728243,Normal,False,False,False,2.0,False,-9.699999999999998,0.3438668984494089,Normal transmission,False,61793,-2.672861868010712,34,1.0,668,-14.0,4.000000000000004,0.0,58.80112039281149,0.30589517326144744,Normal market quality,False,0,False,Normal,Official ECB inputs; RepoLens derived analytics
2023-01-20,1.903,0.0,0.52563245113322,0.0095123502919575,Normal,False,False,False,2.0,False,-9.699999999999998,0.3720077613632694,Normal transmission,False,61136,-1.0632272263848663,33,-1.0,684,16.0,4.000000000000004,0.0,57.52997086994281,-1.2711495228686829,Normal market quality,False,0,False,Normal,Official ECB inputs; RepoLens derived analytics
2023-01-23,1.902,-0.1000000000000111,0.5210061116927122,-0.1439522460808394,Normal,False,False,False,2.0,False,-9.800000000000008,0.0797871575190175,Normal transmission,False,61119,-0.027806856843759498,33,0.0,686,2.0,4.000000000000004,0.0,57.5159639184141,-0.01400695152870668,Normal market quality,False,0,False,Normal,Official ECB inputs; RepoLens derived analytics
2023-01-24,1.904,0.2000000000000001,0.523047748650663,0.4014929813611654,Normal,False,False,False,2.0,False,-9.600000000000009,0.6919272184960809,Normal transmission,False,59356,-2.8845367234411556,33,0.0,665,-21.0,4.000000000000004,0.0,56.23129151512684,-1.28467240328726,Normal market quality,False,0,False,Normal,Official ECB inputs; RepoLens derived analytics
2023-01-25,1.904,0.0,0.523047748650663,0.0191187133981507,Normal,False,False,False,2.0,False,-9.600000000000009,0.7503077915667521,Normal transmission,False,54724,-7.803760361210321,33,0.0,650,-15.0,4.000000000000004,0.0,54.05730801108151,-2.1739835040453315,Normal market quality,False,0,False,Normal,Official ECB inputs; RepoLens derived analytics
2023-01-26,1.904,0.0,0.5226199182460181,0.0095671822397837,Normal,False,False,False,2.0,False,-9.600000000000009,0.7422630682101606,Normal transmission,False,55101,0.6889116292668751,32,-1.0,652,2.0,4.000000000000004,0.0,52.8481364178031,-1.2091715932784126,Normal market quality,False,0,False,Normal,Official ECB inputs; RepoLens derived analytics
2023-01-27,1.906,0.2000000000000001,0.3874342049406564,0.3097300095596376,Normal,False,False,False,2.0,False,-9.40000000000001,1.3743002167807512,Normal transmission,False,55529,0.7767554127874332,31,-1.0,654,2.0,5.000000000000004,1.0,50.10083723248992,-2.7472991853131745,Normal market quality,False,0,False,Normal,Official ECB inputs; RepoLens derived analytics
2023-01-30,1.904,-0.2000000000000001,0.155258697527703,-1.223763969590807,Mild easing,False,False,False,2.0,False,-9.600000000000009,0.6956795779439127,Normal transmission,False,56238,1.2768103153307342,32,1.0,675,21.0,4.000000000000004,-1.0,53.89290426688535,3.79206703439543,Normal market quality,False,0,False,Normal,Official ECB inputs; RepoLens derived analytics
2023-01-31,1.894,-1.0000000000000009,0.2685242319754383,-3.5378557570435447,Sharp easing,True,True,False,2.0,False,-10.600000000000009,-2.432244699118401,Unusually below policy rate,True,53564,-4.754792133432906,32,0.0,639,-36.0,4.999999999999982,0.9999999999999778,50.31772131041018,-3.5751829564751745,Normal market quality,False,2,True,High attention,Official ECB inputs; RepoLens derived analytics
2023-02-01,1.901,0.7000000000000117,0.3166851333490658,2.2577630734938965,Sharp tightening,True,False,False,2.0,False,-9.9,-0.2505313502275085,Normal transmission,False,61389,14.60869240534688,32,0.0,692,53.0,4.000000000000004,-0.9999999999999778,56.27088954555887,5.953168235148695,Normal market quality,False,1,True,Monitor,Official ECB inputs; RepoLens derived analytics
2023-02-02,1.902,0.0999999999999889,0.3041813863298977,0.2958760925048192,Normal,False,False,False,2.0,False,-9.800000000000008,0.0523363168841222,Normal transmission,False,62016,1.021355617455888,32,0.0,694,2.0,4.000000000000004,0.0,56.53390895406027,0.2630194085013997,Normal market quality,False,0,False,Normal,Official ECB inputs; RepoLens derived analytics
2023-02-03,1.898,-0.4000000000000003,0.3145590062629863,-1.2716215146788112,Mild easing,False,False,False,2.0,False,-10.20000000000001,-1.1688194798750726,Normal transmission,False,60604,-2.276831785345712,32,0.0,659,-35.0,4.000000000000004,0.0,55.017847773118405,-1.5160611809418683,Normal market quality,False,0,False,Normal,Official ECB inputs; RepoLens derived analytics
2023-02-06,1.901,0.3000000000000113,0.31867323637082,0.9257131328617062,Normal,False,False,False,2.0,False,-9.9,-0.2232163250206123,Normal transmission,False,62633,3.347963830770251,33,1.0,677,18.0,4.000000000000004,0.0,57.63112063438751,2.6132728612691025,Normal market quality,False,0,False,Normal,Official ECB inputs; RepoLens derived analytics
2023-02-07,1.902,0.0999999999999889,0.3193743884535907,0.2818009309881377,Normal,False,False,False,2.0,False,-9.800000000000008,0.0830879816557558,Normal transmission,False,65486,4.555106732872449,32,-1.0,715,38.0,4.000000000000004,0.0,58.32278517652545,0.6916645421379428,Normal market quality,False,0,False,Normal,Official ECB inputs; RepoLens derived analytics
2023-02-08,2.401,49.89999999999999,11.160195951873362,4.246789232409868,Sharp tightening,True,False,False,2.5,True,-9.90000000000002,-0.2341638609065935,Normal transmission,False,67762,3.4755520263873185,32,0.0,715,0.0,4.000000000000004,0.0,59.11403360343824,0.7912484269127873,Normal market quality,False,1,True,Monitor,Official ECB inputs; RepoLens derived analytics
2023-02-09,2.401,0.0,11.160195951873362,-0.224458424457996,Normal,False,False,False,2.5,False,-9.90000000000002,-0.2341638609065934,Normal transmission,False,63901,-5.697883769664413,31,-1.0,680,-35.0,4.000000000000004,0.0,55.29114930696058,-3.8228842964776604,Normal market quality,False,0,False,Normal,Official ECB inputs; RepoLens derived analytics
2023-02-10,2.401,0.0,11.161352493030774,-0.2239871916562994,Normal,False,False,False,2.5,False,-9.90000000000002,-0.2288688541086117,Normal transmission,False,62565,-2.0907341043176153,32,1.0,671,-9.0,4.000000000000004,0.0,55.90002289294178,0.6088735859812004,Normal market quality,False,0,False,Normal,Official ECB inputs; RepoLens derived analytics
2023-02-13,2.4,-0.0999999999999889,11.16370528944014,-0.2320018249182819,Normal,False,False,False,2.5,False,-10.000000000000009,-0.5248168207937213,Normal transmission,False,64095,2.445456725006001,32,0.0,698,27.0,4.000000000000004,0.0,57.15702485649278,1.257001963551005,Normal market quality,False,0,False,Normal,Official ECB inputs; RepoLens derived analytics
2023-02-14,2.4,0.0,11.16250655684372,-0.2235161061088307,Normal,False,False,False,2.5,False,-10.000000000000009,-0.5088301686344533,Normal transmission,False,66769,4.171932288009983,32,0.0,706,8.0,4.000000000000004,0.0,58.32578416179666,1.1687593053038796,Normal market quality,False,0,False,Normal,Official ECB inputs; RepoLens derived analytics
2023-02-15,2.405,0.4999999999999893,11.1583471234012,-0.1805823010985352,Normal,False,False,False,2.5,False,-9.50000000000002,1.0387485811522548,Normal transmission,False,64905,-2.7917147179080115,32,0.0,713,7.0,5.000000000000027,1.0000000000000222,56.21244080735863,-2.1133433544380296,Normal market quality,False,0,False,Normal,Official ECB inputs; RepoLens derived analytics
2023-02-16,2.4,-0.4999999999999893,11.16598570848563,-0.2673297349585113,Normal,False,False,False,2.5,False,-10.000000000000009,-0.4893511971252214,Normal transmission,False,60913,-6.150527694322472,32,0.0,668,-45.0,4.000000000000004,-1.0000000000000222,55.04424911779086,-1.1681916895677702,Normal market quality,False,0,False,Normal,Official ECB inputs; RepoLens derived analytics
2023-02-17,2.398,-0.1999999999999779,11.16841764224364,-0.2395146819977439,Normal,False,False,False,2.5,False,-10.199999999999989,-1.0775098734983202,Normal transmission,False,61164,0.4120631063976532,32,0.0,691,23.0,4.000000000000004,0.0,55.72154078419953,0.6772916664086708,Normal market quality,False,0,False,Normal,Official ECB inputs; RepoLens derived analytics
2023-02-20,2.4,0.1999999999999779,11.16497813889957,-0.2051056411854046,Normal,False,False,False,2.5,False,-10.000000000000009,-0.4374131283706641,Normal transmission,False,61509,0.5640572886011386,32,0.0,680,-11.0,4.000000000000004,0.0,55.50577410069551,-0.21576668350402173,Normal market quality,False,0,False,Normal,Official ECB inputs; RepoLens derived analytics
2023-02-21,2.398,-0.1999999999999779,11.169653436644168,-0.2390405409751154,Normal,False,False,False,2.5,False,-10.199999999999989,-1.0289718615204084,Normal transmission,False,62118,0.990099009900991,31,-1.0,699,19.0,4.000000000000004,0.0,54.81563272489522,-0.6901413758002946,Normal market quality,False,0,False,Normal,Official ECB inputs; RepoLens derived analytics
2023-02-22,2.399,0.0999999999999889,11.168511892581613,-0.2126514277678786,Normal,False,False,False,2.5,False,-10.099999999999998,-0.7005080741740146,Normal transmission,False,62883,1.2315270935960632,33,2.0,710,11.0,4.000000000000004,0.0,58.13064289219029,3.315010167295071,Normal market quality,False,0,False,Normal,Official ECB inputs; RepoLens derived analytics
2023-02-23,2.399,0.0,11.168511892581613,-0.2216051720949461,Normal,False,False,False,2.5,False,-10.099999999999998,-0.8112302388271069,Normal transmission,False,59267,-5.750361782993818,33,0.0,701,-9.0,4.000000000000004,0.0,56.495256541422265,-1.635386350768023,Normal market quality,False,0,False,Normal,Official ECB inputs; RepoLens derived analytics
2023-02-24,2.398,-0.0999999999999889,11.17192910826058,-0.2291457433351518,Normal,False,False,False,2.5,False,-10.199999999999989,-1.1276148233892642,Normal transmission,False,58604,-1.1186663742048686,32,-1.0,690,-11.0,4.999999999999982,0.9999999999999778,52.9393758878063,-3.555880653615965,Normal market quality,False,0,False,Normal,Official ECB inputs; RepoLens derived analytics
2023-02-27,2.398,0.0,11.169512075287804,-0.2211376811584097,Normal,False,False,False,2.5,False,-10.199999999999989,-1.1066049485909764,Normal transmission,False,56732,-3.1943212067435667,31,-1.0,685,-5.0,4.999999999999982,0.0,50.69961619855746,-2.2397596892488423,Normal market quality,False,0,False,Normal,Official ECB inputs; RepoLens derived analytics
2023-02-28,2.388,-1.000000000000023,11.169512075287804,-0.3106671067286179,Normal,False,True,False,2.5,False,-11.20000000000001,-3.821637130883835,Unusually below policy rate,True,52766,-6.990763590213634,33,2.0,656,-29.0,6.999999999999984,2.0000000000000018,48.5198692329249,-2.1797469656325603,Normal market quality,True,2,True,High attention,Official ECB inputs; RepoLens derived analytics
2023-03-01,2.398,1.000000000000023,11.167211167662137,-0.1329785904201598,Normal,False,False,False,2.5,False,-10.199999999999989,-0.8896213343375687,Normal transmission,False,56327,6.748663912367814,32,-1.0,687,31.0,4.000000000000004,-2.9999999999999796,53.57629000269242,5.05642076976752,Normal market quality,False,0,False,Normal,Official ECB inputs; RepoLens derived analytics
2023-03-02,2.399,0.0999999999999889,11.167211167662137,-0.2135716755232912,Normal,False,False,False,2.5,False,-10.099999999999998,-0.5963395757647619,Normal transmission,False,57449,1.9919399222397827,32,0.0,663,-24.0,4.000000000000004,0.0,53.34000654686252,-0.23628345582989851,Normal market quality,False,0,False,Normal,Official ECB inputs; RepoLens derived analytics
2023-03-03,2.4,0.0999999999999889,11.160970529389225,-0.2159310423456424,Normal,False,False,False,2.5,False,-10.000000000000009,-0.3030578171919499,Normal transmission,False,58001,0.9608522341555181,34,2.0,669,6.0,4.999999999999982,0.9999999999999778,54.89763816773871,1.5576316208761938,Normal market quality,False,0,False,Normal,Official ECB inputs; RepoLens derived analytics
2023-03-06,2.399,-0.0999999999999889,11.165496665597717,-0.2319646028805957,Normal,False,False,False,2.5,False,-10.099999999999998,-0.5901409718938868,Normal transmission,False,65445,12.834261478250376,33,-1.0,703,34.0,4.999999999999982,0.0,57.11991313720549,2.222274969466774,Normal market quality,False,0,False,Normal,Official ECB inputs; RepoLens derived analytics
2023-03-07,2.398,-0.0999999999999889,11.167839163372088,-0.2310205190330632,Normal,False,False,False,2.5,False,-10.199999999999989,-0.8679937336337423,Normal transmission,False,65310,-0.20628008251203367,33,0.0,683,-20.0,4.999999999999982,0.0,56.48509158089255,-0.6348215563129358,Normal market quality,False,0,False,Normal,Official ECB inputs; RepoLens derived analytics
2023-03-08,2.399,0.0999999999999889,0.3768288736284454,0.291909690838734,Normal,False,False,False,2.5,False,-10.099999999999998,-0.570989897566977,Normal transmission,False,62619,-4.120349104271936,33,0.0,666,-17.0,4.999999999999982,0.0,55.00705108801032,-1.4780404928822293,Normal market quality,False,0,False,Normal,Official ECB inputs; RepoLens derived analytics
2023-03-09,2.401,0.1999999999999779,0.3797506106853179,0.5266614308770892,Normal,False,False,False,2.5,False,-9.90000000000002,0.0145279395934818,Normal transmission,False,65684,4.894680528274176,33,0.0,701,35.0,4.000000000000004,-0.9999999999999778,58.56075398582328,3.5537028978129612,Normal market quality,False,0,False,Normal,Official ECB inputs; RepoLens derived analytics
2023-03-10,2.403,0.2000000000000223,0.3823748505274272,0.4968946041768843,Normal,False,False,False,2.5,False,-9.699999999999998,0.5956455233345836,Normal transmission,False,61813,-5.89336824797515,33,0.0,682,-19.0,4.000000000000004,0.0,56.58279517070363,-1.9779588151196492,Normal market quality,False,0,False,Normal,Official ECB inputs; RepoLens derived analytics
2023-03-13,2.401,-0.2000000000000223,0.384536631613576,-0.5331091582609689,Normal,False,False,False,2.5,False,-9.90000000000002,0.0193860804684539,Normal transmission,False,68690,11.125491401485132,33,0.0,696,14.0,4.000000000000004,0.0,59.42978007490864,2.8469849042050086,Normal market quality,False,0,False,Normal,Official ECB inputs; RepoLens derived analytics
2023-03-14,2.401,0.0,0.384536631613576,-0.0130026623966061,Normal,False,False,False,2.5,False,-9.90000000000002,0.029169842699285,Normal transmission,False,65706,-4.3441548988207845,34,1.0,695,-1.0,4.000000000000004,0.0,59.61172252028861,0.18194244537996695,Normal market quality,False,0,False,Normal,Official ECB inputs; RepoLens derived analytics
2023-03-15,2.4,-0.0999999999999889,0.3668858993719693,-0.2044232283889176,Normal,False,False,False,2.5,False,-10.000000000000009,-0.2486168509525518,Normal transmission,False,60261,-8.286914437037717,32,-2.0,666,-29.0,4.000000000000004,0.0,54.08902058377171,-5.522701936516896,Normal market quality,False,0,False,Normal,Official ECB inputs; RepoLens derived analytics
2023-03-16,2.399,-0.0999999999999889,0.3501503436496659,-0.2713120284555236,Normal,False,False,False,2.5,False,-10.099999999999998,-0.5257399973595824,Normal transmission,False,65800,9.191682846285332,33,1.0,710,44.0,4.999999999999982,0.9999999999999778,57.02577818217446,2.9367575984027496,Normal market quality,False,0,False,Normal,Official ECB inputs; RepoLens derived analytics
2023-03-17,2.402,0.3000000000000113,0.3533300231557503,0.7924602542948506,Normal,False,False,False,2.5,False,-9.799999999999986,0.3625608627455746,Normal transmission,False,63966,-2.7872340425531883,33,0.0,674,-36.0,4.000000000000004,-0.9999999999999778,56.9164513237426,-0.10932685843186363,Normal market quality,False,0,False,Normal,Official ECB inputs; RepoLens derived analytics
2023-03-20,2.398,-0.4000000000000003,0.3625930007744387,-1.0755861231932935,Mild easing,False,False,False,2.5,False,-10.199999999999989,-0.78823640945335,Normal transmission,False,71668,12.04077165994435,31,-2.0,709,35.0,6.000000000000005,2.000000000000001,54.79424015483069,-2.1222111689119103,Normal market quality,True,1,True,Monitor,Official ECB inputs; RepoLens derived analytics
2023-03-21,2.399,0.0999999999999889,0.3605186322655354,0.2635092655350431,Normal,False,False,False,2.5,False,-10.099999999999998,-0.4616079093324888,Normal transmission,False,72609,1.3129988279287907,33,2.0,731,22.0,4.999999999999982,-1.000000000000023,59.908958000143976,5.114717845313287,Normal market quality,False,0,False,Normal,Official ECB inputs; RepoLens derived analytics
2023-03-22,2.898,49.90000000000001,11.163779542977847,4.246321760251736,Sharp tightening,True,False,False,3.0,True,-10.199999999999989,-0.7434242396533529,Normal transmission,False,73949,1.8455012464019704,34,1.0,742,11.0,6.000000000000005,1.000000000000023,60.39663542402354,0.4876774238795676,Normal market quality,True,2,True,High attention,Official ECB inputs; RepoLens derived analytics
2023-03-23,2.899,0.0999999999999889,11.162625610774374,-0.2150031796895066,Normal,False,False,False,3.0,False,-10.099999999999998,-0.4047852090511892,Normal transmission,False,66025,-10.715493110116437,33,-1.0,750,8.0,6.000000000000005,0.0,56.31406753383124,-4.082567890192301,Normal market quality,True,1,True,Monitor,Official ECB inputs; RepoLens derived analytics
2023-03-24,2.899,0.0,11.161422046731468,-0.2244337674457502,Normal,False,False,False,3.0,False,-10.099999999999998,-0.5005580850614589,Normal transmission,False,63790,-3.3850814085573666,32,-1.0,710,-40.0,6.000000000000005,0.0,53.05375668725388,-3.2603108465773616,Normal market quality,True,1,True,Monitor,Official ECB inputs; RepoLens derived analytics
2023-03-27,2.898,-0.0999999999999889,11.162625610774374,-0.2329201113302967,Normal,False,False,False,3.0,False,-10.199999999999989,-0.8303069071712871,Normal transmission,False,58900,-7.665778335162255,31,-1.0,665,-45.0,6.999999999999984,0.9999999999999787,47.41950790123707,-5.634248786016812,Normal market quality,True,1,True,Monitor,Official ECB inputs; RepoLens derived analytics
2023-03-28,2.894,-0.4000000000000003,11.15352670211252,-0.2626971789510351,Normal,False,False,False,3.0,False,-10.599999999999987,-2.1667420133072803,Unusually below policy rate,True,62061,5.366723259762307,33,2.0,740,75.0,6.999999999999984,0.0,53.15765252982177,5.738144628584699,Normal market quality,True,2,True,High attention,Official ECB inputs; RepoLens derived analytics
2023-03-29,2.894,0.0,11.162983943655744,-0.2221628206685236,Normal,False,False,False,3.0,False,-10.599999999999987,-2.062854391073479,Unusually below policy rate,True,58622,-5.541322247466207,33,0.0,730,-10.0,6.999999999999984,0.0,51.62654332109358,-1.5311092087281892,Normal market quality,True,2,True,High attention,Official ECB inputs; RepoLens derived analytics
2023-03-30,2.896,0.1999999999999779,11.161884155228318,-0.2047145417585891,Normal,False,False,False,3.0,False,-10.40000000000001,-1.3257961568008227,Normal transmission,False,55196,-5.844222305619051,32,-1.0,698,-32.0,6.999999999999984,0.0,48.25861323798138,-3.367930083112199,Normal market quality,True,1,True,Monitor,Official ECB inputs; RepoLens derived analytics
2023-03-31,2.884,-1.200000000000001,11.180273982143264,-0.3237845517723212,Normal,False,True,True,3.0,False,-11.60000000000001,-4.384625616255496,Unusually below policy rate,True,52387,-5.08913689397782,31,-1.0,651,-47.0,8.000000000000007,1.000000000000023,44.5206844956641,-3.73792874231728,Normal market quality,True,2,True,High attention,Official ECB inputs; RepoLens derived analytics
2023-04-03,2.898,1.4000000000000234,11.167503372685744,-0.0980523545377388,Normal,False,False,False,3.0,False,-10.199999999999989,-0.4521765379031908,Normal transmission,False,58854,12.344665661328191,33,2.0,701,50.0,6.999999999999984,-1.000000000000023,51.17471702695989,6.65403253129579,Normal market quality,True,1,True,Monitor,Official ECB inputs; RepoLens derived analytics
2023-04-04,2.898,0.0,11.166302691109257,-0.2238878946019016,Normal,False,False,False,3.0,False,-10.199999999999989,-0.4421503526147011,Normal transmission,False,62307,5.867060862473239,33,0.0,673,-28.0,6.999999999999984,0.0,51.74146780438245,0.5667507774225626,Normal market quality,True,1,True,Monitor,Official ECB inputs; RepoLens derived analytics
2023-04-05,2.902,0.4000000000000003,11.163110064663416,-0.1894633294618304,Normal,False,False,False,3.0,False,-9.799999999999986,0.6631031164189743,Normal transmission,False,62246,-0.09790232237147922,32,-1.0,665,-8.0,6.000000000000005,-0.9999999999999787,51.55016054625612,-0.19130725812632932,Normal market quality,False,0,False,Normal,Official ECB inputs; RepoLens derived analytics
2023-04-06,2.903,0.0999999999999889,11.164223875256276,-0.2158681182792647,Normal,False,False,False,3.0,False,-9.699999999999998,0.9207068748660088,Normal transmission,False,60428,-2.920669601259518,30,-2.0,614,-51.0,8.000000000000007,2.0000000000000018,45.00826740477918,-6.54189314147694,Normal market quality,True,1,True,Monitor,Official ECB inputs; RepoLens derived analytics
2023-04-11,2.897,-0.6000000000000227,11.174364458555653,-0.2747359826490603,Normal,False,False,False,3.0,False,-10.30000000000002,-0.7158102948490835,Normal transmission,False,65884,9.02892698748925,31,1.0,656,42.0,8.000000000000007,0.0,49.40213839036814,4.393870985588954,Normal market quality,True,1,True,Monitor,Official ECB inputs; RepoLens derived analytics
2023-04-12,2.898,0.1000000000000334,11.17079250828508,-0.213503204739599,Normal,False,False,False,3.0,False,-10.199999999999989,-0.4230877116459693,Normal transmission,False,67556,2.537793698014701,33,2.0,712,56.0,6.999999999999984,-1.000000000000023,54.85062233768943,5.448483947321293,Normal market quality,True,1,True,Monitor,Official ECB inputs; RepoLens derived analytics
2023-04-13,2.899,0.0999999999999889,11.169644012609409,-0.2139727996077531,Normal,False,False,False,3.0,False,-10.099999999999998,-0.138135805086271,Normal transmission,False,63211,-6.431701107229559,31,-2.0,650,-62.0,8.000000000000007,1.000000000000023,48.18246495147067,-6.668157386218759,Normal market quality,True,1,True,Monitor,Official ECB inputs; RepoLens derived analytics
2023-04-14,2.896,-0.3000000000000113,11.172174080464854,-0.2488324993844296,Normal,False,False,False,3.0,False,-10.40000000000001,-0.9360596163410592,Normal transmission,False,59787,-5.416778725221871,32,1.0,617,-33.0,8.000000000000007,0.0,47.37929695546174,-0.8031679960089306,Normal market quality,True,1,True,Monitor,Official ECB inputs; RepoLens derived analytics
2023-04-17,2.897,0.0999999999999889,11.169832491794002,-0.2139691890416298,Normal,False,False,False,3.0,False,-10.30000000000002,-0.6364134353799259,Normal transmission,False,63547,6.288992590362463,31,-1.0,655,38.0,8.000000000000007,0.0,48.37204270585156,0.9927457503898225,Normal market quality,True,1,True,Monitor,Official ECB inputs; RepoLens derived analytics
2023-04-18,2.901,0.4000000000000003,11.168822913053912,-0.18757572004758,Normal,False,False,False,3.0,False,-9.90000000000002,0.4830337807251707,Normal transmission,False,68036,7.0640628196453115,32,1.0,739,84.0,6.000000000000005,-2.0000000000000018,55.77914097168869,7.407098265837128,Normal market quality,False,0,False,Normal,Official ECB inputs; RepoLens derived analytics
2023-04-19,2.902,0.1000000000000334,11.162559600831049,-0.2167961548729198,Normal,False,False,False,3.0,False,-9.799999999999986,0.7617071157590385,Normal transmission,False,64902,-4.606384855076728,32,0.0,697,-42.0,6.000000000000005,0.0,53.5055415899843,-2.2735993817043934,Normal market quality,False,0,False,Normal,Official ECB inputs; RepoLens derived analytics
2023-04-20,2.904,0.1999999999999779,11.161440908677289,-0.2083064381223831,Normal,False,False,False,3.0,False,-9.600000000000009,1.319053785826542,Normal transmission,False,62856,-3.1524452251086243,31,-1.0,642,-55.0,6.000000000000005,0.0,49.96296307640268,-3.542578513581617,Normal market quality,False,0,False,Normal,Official ECB inputs; RepoLens derived analytics
2023-04-21,2.902,-0.1999999999999779,0.4873127170622907,-0.4514554869945175,Normal,False,False,False,3.0,False,-9.799999999999986,0.7787220050120397,Normal transmission,False,59794,-4.871452208221971,32,1.0,610,-32.0,7.000000000000028,1.000000000000023,48.162836964113296,-1.8001261122893837,Normal market quality,True,1,True,Monitor,Official ECB inputs; RepoLens derived analytics
2023-04-24,2.905,0.2999999999999669,0.491078297969832,0.5498104907428727,Normal,False,False,False,3.0,False,-9.50000000000002,1.6071206578860848,Normal transmission,False,59736,-0.096999698966449,33,1.0,647,37.0,6.000000000000005,-1.000000000000023,51.69544742542931,3.532610461316011,Normal market quality,False,0,False,Normal,Official ECB inputs; RepoLens derived analytics
2023-04-25,2.901,-0.4000000000000003,0.5004208754955013,-0.8193103447054041,Normal,False,False,False,3.0,False,-9.90000000000002,0.5276255366356274,Normal transmission,False,62812,5.14932369090666,31,-2.0,704,57.0,8.000000000000007,2.0000000000000018,49.09950585747956,-2.595941567949744,Normal market quality,True,1,True,Monitor,Official ECB inputs; RepoLens derived analytics
2023-04-26,2.9,-0.0999999999999889,0.5004208754955013,-0.2198149705306943,Normal,False,False,False,3.0,False,-10.000000000000009,0.2632890974291913,Normal transmission,False,61905,-1.4439915939629344,33,2.0,686,-18.0,8.000000000000007,0.0,51.24120708957357,2.1417012320940074,Normal market quality,True,1,True,Monitor,Official ECB inputs; RepoLens derived analytics
2023-04-27,2.9,0.0,0.491078297969832,-0.0610900545269908,Normal,False,False,False,3.0,False,-10.000000000000009,0.2385408728939326,Normal transmission,False,57355,-7.349971730877957,33,0.0,665,-21.0,8.000000000000007,0.0,49.01970065318445,-2.22150643638912,Normal market quality,True,1,True,Monitor,Official ECB inputs; RepoLens derived analytics
2023-04-28,2.894,-0.5999999999999783,0.5109330989269054,-1.1743220418879436,Mild easing,False,True,False,3.0,False,-10.599999999999987,-1.4901430664125486,Normal transmission,False,51996,-9.343562025978558,31,-2.0,606,-59.0,8.000000000000007,0.0,42.52983386356665,-6.4898667896178,Normal market quality,True,1,True,Monitor,Official ECB inputs; RepoLens derived analytics
2023-05-02,2.896,0.1999999999999779,0.5109330989269054,0.3914406806292856,Normal,False,False,False,3.0,False,-10.40000000000001,-0.8742883390463612,Normal transmission,False,65823,26.592430186937467,33,2.0,675,69.0,8.000000000000007,0.0,52.58668759230095,10.056853728734296,Normal market quality,True,1,True,Monitor,Official ECB inputs; RepoLens derived analytics
2023-05-03,2.896,0.0,0.4259972819286876,-0.1408459690830706,Normal,False,False,False,3.0,False,-10.40000000000001,-0.8596120422656719,Normal transmission,False,67244,2.1588198653965884,32,-1.0,677,2.0,6.999999999999984,-1.000000000000023,52.8055821853369,0.21889459303595515,Normal market quality,False,0,False,Normal,Official ECB inputs; RepoLens derived analytics
2023-05-04,2.897,0.0999999999999889,0.2874113135525368,0.3653300863565253,Normal,False,False,False,3.0,False,-10.30000000000002,-0.5490553247333184,Normal transmission,False,72042,7.135209089286776,33,1.0,678,1.0,6.999999999999984,0.0,56.09979336123428,3.294211175897381,Normal market quality,False,0,False,Normal,Official ECB inputs; RepoLens derived analytics
2023-05-05,2.898,0.1000000000000334,0.2883711059328627,0.3467753805518745,Normal,False,False,False,3.0,False,-10.199999999999989,-0.2396794686208356,Normal transmission,False,59669,-17.174703645095914,32,-1.0,541,-137.0,8.000000000000007,1.000000000000023,45.22197392104617,-10.877819440188112,Normal market quality,True,1,True,Monitor,Official ECB inputs; RepoLens derived analytics
2023-05-08,2.892,-0.6000000000000227,0.3017492859627823,-1.8227052244553064,Mild easing,False,False,False,3.0,False,-10.80000000000001,-1.9013668973747675,Normal transmission,False,60288,1.0373895992894067,32,0.0,527,-14.0,6.999999999999984,-1.000000000000023,46.19121164068776,0.9692377196415904,Normal market quality,False,0,False,Normal,Official ECB inputs; RepoLens derived analytics
2023-05-09,2.894,0.2000000000000223,0.3051746695705112,0.8028189244697915,Normal,False,False,False,3.0,False,-10.599999999999987,-1.2840213939559992,Normal transmission,False,71757,19.02368630573248,33,1.0,677,150.0,6.999999999999984,0.0,55.98844339529629,9.797231754608525,Normal market quality,False,0,False,Normal,Official ECB inputs; RepoLens derived analytics
2023-05-10,3.145,25.099999999999987,5.6228294057632455,4.24341524136303,Sharp tightening,True,False,False,3.25,True,-10.499999999999998,-0.9696799330319564,Normal transmission,False,73385,2.268768203798932,33,0.0,707,30.0,8.000000000000007,1.000000000000023,56.31076081387441,0.32231741857812324,Normal market quality,True,2,True,High attention,Official ECB inputs; RepoLens derived analytics
2023-05-11,3.145,0.0,5.623940835954434,-0.2195969047370692,Normal,False,False,False,3.25,False,-10.499999999999998,-0.9405553904395424,Normal transmission,False,73512,0.17305988962321717,33,0.0,707,0.0,6.999999999999984,-1.000000000000023,57.3732196222314,1.0624588083569932,Normal market quality,False,0,False,Normal,Official ECB inputs; RepoLens derived analytics
2023-05-12,3.148,0.3000000000000113,5.621993933603428,-0.1680898291888211,Normal,False,False,False,3.25,False,-10.199999999999989,-0.0932848588826241,Normal transmission,False,69524,-5.424964631624773,32,-1.0,697,-10.0,8.000000000000007,1.000000000000023,53.07155832679338,-4.301661295438024,Normal market quality,True,1,True,Monitor,Official ECB inputs; RepoLens derived analytics
2023-05-15,3.145,-0.3000000000000113,5.621993933603428,-0.2748135302610938,Normal,False,False,False,3.25,False,-10.499999999999998,-0.9075391030206084,Normal transmission,False,69394,-0.18698578908002972,32,0.0,725,28.0,6.999999999999984,-1.000000000000023,54.78876597119083,1.7172076443974476,Normal market quality,False,0,False,Normal,Official ECB inputs; RepoLens derived analytics
2023-05-16,3.147,0.1999999999999779,5.620966390034262,-0.186800618815588,Normal,False,False,False,3.25,False,-10.30000000000002,-0.3205069512653567,Normal transmission,False,66147,-4.679078882900534,33,1.0,734,9.0,6.999999999999984,0.0,55.254213599803,0.4654476286121749,Normal market quality,False,0,False,Normal,Official ECB inputs; RepoLens derived analytics
2023-05-17,3.151,0.4000000000000003,5.620966390034262,-0.1512195485649965,Normal,False,False,False,3.25,False,-9.90000000000002,0.8086385491145511,Normal transmission,False,51541,-22.08112234870818,33,0.0,557,-177.0,8.000000000000007,1.000000000000023,44.09257867206196,-11.16163492774104,Normal market quality,True,1,True,Monitor,Official ECB inputs; RepoLens derived analytics
2023-05-18,3.153,0.2000000000000223,5.619933976012256,-0.1877246253253272,Normal,False,False,False,3.25,False,-9.699999999999998,1.3468420976684687,Normal transmission,False,47245,-8.335111852699795,33,0.0,479,-78.0,7.000000000000028,-0.9999999999999787,41.45528858514712,-2.637290086914838,Normal market quality,False,0,False,Normal,Official ECB inputs; RepoLens derived analytics
2023-05-19,3.151,-0.2000000000000223,5.624595891916902,-0.2551294399767026,Normal,False,False,False,3.25,False,-9.90000000000002,0.7657494603442986,Normal transmission,False,60448,27.94581437189121,35,2.0,680,201.0,8.000000000000007,0.9999999999999787,53.65028386012578,12.194995274978659,Normal market quality,True,1,True,Monitor,Official ECB inputs; RepoLens derived analytics
2023-05-22,3.15,-0.0999999999999889,5.623297403144404,-0.2382943500819811,Normal,False,False,False,3.25,False,-10.000000000000009,0.4801462206601166,Normal transmission,False,66982,10.809290629962941,34,-1.0,724,44.0,8.000000000000007,0.0,55.98195158867113,2.331667728545348,Normal market quality,True,1,True,Monitor,Official ECB inputs; RepoLens derived analytics
2023-05-23,3.157,0.7000000000000117,5.620488834331242,-0.0996354617020818,Normal,False,False,False,3.25,False,-9.299999999999995,2.290413463003494,Unusually above policy rate,True,64741,-3.34567495745125,34,0.0,684,-40.0,5.000000000000027,-2.9999999999999805,56.934828431072106,0.9528768424009755,Normal market quality,False,1,True,Monitor,Official ECB inputs; RepoLens derived analytics
2023-05-24,3.148,-0.8999999999999897,5.6293661417512,-0.3792611719044853,Normal,False,False,False,3.25,False,-10.199999999999989,-0.111185119563241,Normal transmission,False,63786,-1.4751085092908678,34,0.0,699,15.0,8.000000000000007,2.9999999999999805,53.97543309529683,-2.9593953357752767,Normal market quality,True,1,True,Monitor,Official ECB inputs; RepoLens derived analytics
2023-05-25,3.148,0.0,5.6281622690107165,-0.2203205843633148,Normal,False,False,False,3.25,False,-10.199999999999989,-0.1111851195632363,Normal transmission,False,67877,6.413633085630077,33,-1.0,717,18.0,6.999999999999984,-1.000000000000023,55.4649125928722,1.489479497575374,Normal market quality,False,0,False,Normal,Official ECB inputs; RepoLens derived analytics
2023-05-26,3.152,0.4000000000000003,5.624233281079303,-0.1529097313394092,Normal,False,False,False,3.25,False,-9.799999999999986,0.952606453742561,Normal transmission,False,45100,-33.55628563430911,31,-2.0,447,-270.0,4.999999999999982,-2.0000000000000018,38.082955607854586,-17.381956985017617,Normal market quality,True,1,True,Monitor,Official ECB inputs; RepoLens derived analytics
2023-05-29,3.147,-0.5000000000000338,5.6225368876185815,-0.3139152370679413,Normal,False,False,False,3.25,False,-10.30000000000002,-0.4637298671462191,Normal transmission,False,38105,-15.509977827051003,28,-3.0,294,-153.0,8.000000000000007,3.000000000000025,25.35077908127604,-12.732176526578545,Weak market quality,True,1,True,Monitor,Official ECB inputs; RepoLens derived analytics
2023-05-30,3.148,0.1000000000000334,5.623578182878534,-0.2062743616745095,Normal,False,False,False,3.25,False,-10.199999999999989,-0.1750517916403816,Normal transmission,False,67350,76.74845820758432,34,6.0,728,434.0,8.000000000000007,0.0,56.16574017435188,30.81496109307584,Normal market quality,True,1,True,Monitor,Official ECB inputs; RepoLens derived analytics
2023-05-31,3.144,-0.4000000000000003,5.629003838204978,-0.2913481758298067,Normal,False,True,False,3.25,False,-10.599999999999987,-1.2659859822238255,Normal transmission,False,65465,-2.7988121752041573,31,-3.0,673,-55.0,6.999999999999984,-1.000000000000023,50.218355497635145,-5.947384676716737,Normal market quality,False,0,False,Month-end watch,Official ECB inputs; RepoLens derived analytics
2023-06-01,3.147,0.2999999999999669,5.627049334289365,-0.1688273806684169,Normal,False,False,False,3.25,False,-10.30000000000002,-0.4152140878337806,Normal transmission,False,68127,4.0662949667761294,33,2.0,703,30.0,6.999999999999984,0.0,55.20247022235209,4.984114724716946,Normal market quality,False,0,False,Normal,Official ECB inputs; RepoLens derived analytics
2023-06-02,3.148,0.1000000000000334,5.627049334289365,-0.2043699871249127,Normal,False,False,False,3.25,False,-10.199999999999989,-0.1352944780581433,Normal transmission,False,63724,-6.462929528674389,32,-1.0,651,-52.0,8.000000000000007,1.000000000000023,49.45985757054884,-5.742612651803249,Normal market quality,True,1,True,Monitor,Official ECB inputs; RepoLens derived analytics
2023-06-05,3.148,0.0,5.618259704326885,-0.2278285567707404,Normal,False,False,False,3.25,False,-10.199999999999989,-0.1306334884977627,Normal transmission,False,67520,5.956939300734421,32,0.0,694,43.0,6.999999999999984,-1.000000000000023,53.139125529440896,3.679267958892055,Normal market quality,False,0,False,Normal,Official ECB inputs; RepoLens derived analytics
2023-06-06,3.145,-0.3000000000000113,5.624427456241779,-0.2764725853605472,Normal,False,False,False,3.25,False,-10.499999999999998,-0.9393136233305754,Normal transmission,False,66595,-1.3699644549763024,33,1.0,734,40.0,6.999999999999984,0.0,55.42056944211785,2.2814439126769557,Normal market quality,False,0,False,Normal,Official ECB inputs; RepoLens derived analytics
2023-06-07,3.144,-0.0999999999999889,0.3663116303455345,-0.2593420250139968,Normal,False,False,False,3.25,False,-10.599999999999987,-1.1793882895826258,Normal transmission,False,61270,-7.996095802988212,33,0.0,684,-50.0,6.999999999999984,0.0,51.85787569517903,-3.5626937469388196,Normal market quality,False,0,False,Normal,Official ECB inputs; RepoLens derived analytics
2023-06-08,3.146,0.1999999999999779,0.3691740425386077,0.5282061508416743,Normal,False,False,False,3.25,False,-10.40000000000001,-0.5979763854667628,Normal transmission,False,57060,-6.871225722213159,33,0.0,655,-29.0,6.999999999999984,0.0,49.3472123102901,-2.510663384888936,Normal market quality,False,0,False,Normal,Official ECB inputs; RepoLens derived analytics
2023-06-09,3.147,0.0999999999999889,0.3634266739914777,0.2889166027545157,Normal,False,False,False,3.25,False,-10.30000000000002,-0.3004319427376246,Normal transmission,False,60299,5.676480897301084,33,0.0,715,60.0,8.000000000000007,1.000000000000023,51.36398614307313,2.0167738327830307,Normal market quality,True,1,True,Monitor,Official ECB inputs; RepoLens derived analytics
2023-06-12,3.147,0.0,0.3567396219861529,-0.0280316493702711,Normal,False,False,False,3.25,False,-10.30000000000002,-0.2868800649989914,Normal transmission,False,65206,8.137780062687616,32,-1.0,757,42.0,6.999999999999984,-1.000000000000023,53.939324886464064,2.5753387433909367,Normal market quality,False,0,False,Normal,Official ECB inputs; RepoLens derived analytics
2023-06-13,3.147,0.0,0.353925356388637,0.0,Normal,False,False,False,3.25,False,-10.30000000000002,-0.277474161228538,Normal transmission,False,63013,-3.363187436738946,33,1.0,724,-33.0,8.000000000000007,1.000000000000023,52.7044224584935,-1.2349024279705674,Normal market quality,True,1,True,Monitor,Official ECB inputs; RepoLens derived analytics
2023-06-14,3.15,0.3000000000000113,0.3486439897359979,0.874817891543074,Normal,False,False,False,3.25,False,-10.000000000000009,0.5832581121446396,Normal transmission,False,62361,-1.0347071239268035,33,0.0,715,-9.0,8.000000000000007,0.0,52.16869077518584,-0.5357316833076595,Normal market quality,False,0,False,Normal,Official ECB inputs; RepoLens derived analytics
2023-06-15,3.147,-0.3000000000000113,0.3510885328443865,-0.769036794829419,Normal,False,False,False,3.25,False,-10.30000000000002,-0.2653876385528914,Normal transmission,False,63486,1.8040121229614625,33,0.0,705,-10.0,8.000000000000007,0.0,52.3301494970077,0.16145872182186594,Normal market quality,False,0,False,Normal,Official ECB inputs; RepoLens derived analytics
2023-06-16,3.144,-0.2999999999999669,0.3543340677651997,-0.7478817988666319,Normal,False,False,False,3.25,False,-10.599999999999987,-1.0844322988914656,Normal transmission,False,61559,-3.035314872570327,33,0.0,705,0.0,8.000000000000007,0.0,51.52085584180009,-0.8092936552076111,Normal market quality,False,0,False,Normal,Official ECB inputs; RepoLens derived analytics
2023-06-19,3.144,0.0,0.3540740332934871,0.0847280432313779,Normal,False,False,False,3.25,False,-10.599999999999987,-1.0553912663330516,Normal transmission,False,68345,11.023570883217726,33,0.0,748,43.0,6.999999999999984,-1.000000000000023,56.44177313961131,4.920917297811215,Normal market quality,False,0,False,Normal,Official ECB inputs; RepoLens derived analytics
2023-06-20,3.144,0.0,0.3099660422828701,0.2097003901500975,Normal,False,False,False,3.25,False,-10.599999999999987,-1.0237955264806302,Normal transmission,False,68151,-0.28385397615041663,33,0.0,759,11.0,6.999999999999984,0.0,56.63354845112157,0.19177531151026272,Normal market quality,False,0,False,Normal,Official ECB inputs; RepoLens derived analytics
2023-06-21,3.395,25.099999999999987,5.622349668019034,4.244666626792803,Sharp tightening,True,False,False,3.5,True,-10.499999999999998,-0.7261387910654085,Normal transmission,False,68888,1.0814221361388654,33,0.0,738,-21.0,8.000000000000007,1.000000000000023,55.39481781742075,-1.2387306337008184,Normal market quality,False,1,True,Monitor,Official ECB inputs; RepoLens derived analytics
2023-06-22,3.397,0.1999999999999779,5.620214923779494,-0.1859359498119115,Normal,False,False,False,3.5,False,-10.30000000000002,-0.1700177729023402,Normal transmission,False,66147,-3.978922308674948,34,1.0,697,-41.0,8.000000000000007,0.0,54.620271531964114,-0.774546285456637,Normal market quality,False,0,False,Normal,Official ECB inputs; RepoLens derived analytics
2023-06-23,3.4,0.3000000000000113,5.621050660358422,-0.1672285230640581,Normal,False,False,False,3.5,False,-10.000000000000009,0.6327947719032644,Normal transmission,False,63330,-4.258696539525597,32,-2.0,692,-5.0,8.000000000000007,0.0,50.09270338653484,-4.527568145429271,Normal market quality,False,0,False,Normal,Official ECB inputs; RepoLens derived analytics
2023-06-26,3.4,0.0,5.614012075062488,-0.2253290486529494,Normal,False,False,False,3.5,False,-10.000000000000009,0.6087373249214189,Normal transmission,False,66302,4.692878572556447,33,1.0,704,12.0,8.000000000000007,0.0,53.26066294335193,3.167959556817088,Normal market quality,False,0,False,Normal,Official ECB inputs; RepoLens derived analytics
2023-06-27,3.397,-0.3000000000000113,5.619091048428239,-0.2749555019992377,Normal,False,False,False,3.5,False,-10.30000000000002,-0.2327491690673099,Normal transmission,False,44339,-33.1256975656843,21,-12.0,436,-268.0,8.000000000000007,0.0,26.533496341172548,-26.727166602179384,Weak market quality,True,1,True,Monitor,Official ECB inputs; RepoLens derived analytics
2023-06-28,3.4,0.3000000000000113,5.610478917544436,-0.174673145448501,Normal,False,False,False,3.5,False,-10.000000000000009,0.6137644143145287,Normal transmission,False,62175,40.22643722230994,34,13.0,656,220.0,8.000000000000007,0.0,51.52190709517471,24.988410754002164,Normal market quality,False,0,False,Normal,Official ECB inputs; RepoLens derived analytics
2023-06-29,3.4,0.0,5.613637060999903,-0.2253441015609011,Normal,False,False,False,3.5,False,-10.000000000000009,0.6011212604655777,Normal transmission,False,59039,-5.043827905106557,34,0.0,656,0.0,8.000000000000007,0.0,50.18662617216038,-1.3352809230143308,Normal market quality,False,0,False,Normal,Official ECB inputs; RepoLens derived analytics
2023-06-30,3.4,0.0,5.614773745265821,-0.2244079738853923,Normal,False,True,True,3.5,False,-10.000000000000009,0.5886307154747038,Normal transmission,False,54440,-7.789766086823969,33,-1.0,593,-63.0,8.000000000000007,0.0,44.93953827398697,-5.247087898173412,Normal market quality,False,0,False,Quarter-end watch,Official ECB inputs; RepoLens derived analytics
2023-07-03,3.399,-0.0999999999999889,5.615999231518921,-0.2412749617904614,Normal,False,False,False,3.5,False,-10.099999999999998,0.2871852910556631,Normal transmission,False,71115,30.630051432770024,33,0.0,727,134.0,8.000000000000007,0.0,55.84709518166304,10.907556907676074,Normal market quality,False,0,False,Normal,Official ECB inputs; RepoLens derived analytics
2023-07-04,3.401,0.1999999999999779,5.609822213150605,-0.1925194701301359,Normal,False,False,False,3.5,False,-9.90000000000002,0.961788498930316,Normal transmission,False,70015,-1.5467904098994567,33,0.0,725,-2.0,8.000000000000007,0.0,55.29404144424244,-0.5530537374206048,Normal market quality,False,0,False,Normal,Official ECB inputs; RepoLens derived analytics
2023-07-05,3.404,0.3000000000000113,5.605354582896613,-0.1784008460501761,Normal,False,False,False,3.5,False,-9.600000000000009,1.8569217655476804,Normal transmission,False,65707,-6.152967221309725,33,0.0,720,-5.0,6.000000000000005,-2.0000000000000018,54.98023268131352,-0.3138087629289217,Normal market quality,False,0,False,Normal,Official ECB inputs; RepoLens derived analytics
2023-07-06,3.406,0.2000000000000223,5.605354582896613,-0.1962409306551923,Normal,False,False,False,3.5,False,-9.399999999999986,2.3363169851106296,Unusually above policy rate,True,60693,-7.630846028581429,33,0.0,683,-37.0,6.000000000000005,0.0,51.75330657348984,-3.2269261078236795,Normal market quality,False,1,True,Monitor,Official ECB inputs; RepoLens derived analytics
2023-07-07,3.406,0.0,5.606525802932457,-0.2309808329648033,Normal,False,False,False,3.5,False,-9.399999999999986,2.203197077345563,Unusually above policy rate,True,58522,-3.577018766579343,33,0.0,687,4.0,5.000000000000027,-0.9999999999999787,51.75746859855565,0.004162025065809871,Normal market quality,False,1,True,Monitor,Official ECB inputs; RepoLens derived analytics
2023-07-10,3.402,-0.4000000000000003,5.612099241347832,-0.2984622915537974,Normal,False,False,False,3.5,False,-9.799999999999986,1.002427831953359,Normal transmission,False,59602,1.8454598270735811,32,-1.0,716,29.0,8.000000000000007,2.9999999999999805,49.05190076122017,-2.7055678373354795,Normal market quality,False,0,False,Normal,Official ECB inputs; RepoLens derived analytics
2023-07-11,3.404,0.1999999999999779,5.609885541566222,-0.193408580613768,Normal,False,False,False,3.5,False,-9.600000000000009,1.5210935178997755,Normal transmission,False,59026,-0.966410523136807,31,-1.0,698,-18.0,6.000000000000005,-2.0000000000000018,48.47188786455406,-0.5800128966661049,Normal market quality,False,0,False,Normal,Official ECB inputs; RepoLens derived analytics
2023-07-12,3.404,0.0,5.6130580838462425,-0.2262581254334279,Normal,False,False,False,3.5,False,-9.600000000000009,1.4836450190174413,Normal transmission,False,60154,1.9110222613763383,32,1.0,721,23.0,6.000000000000005,0.0,51.08762672540569,2.6157388608516285,Normal market quality,False,0,False,Normal,Official ECB inputs; RepoLens derived analytics
2023-07-13,3.401,-0.3000000000000113,5.6130580838462425,-0.2797049267169169,Normal,False,False,False,3.5,False,-9.90000000000002,0.6483005191703428,Normal transmission,False,58592,-2.596668550719816,32,0.0,665,-56.0,8.000000000000007,2.0000000000000018,47.09284131052436,-3.9947854148813278,Normal market quality,False,0,False,Normal,Official ECB inputs; RepoLens derived analytics
2023-07-14,3.402,0.1000000000000334,5.607879794492189,-0.2122014100888418,Normal,False,False,False,3.5,False,-9.799999999999986,0.9506834486874116,Normal transmission,False,59950,2.3177225559803283,32,0.0,675,10.0,7.000000000000028,-0.9999999999999787,48.7944435857471,1.70160227522274,Normal market quality,False,0,False,Normal,Official ECB inputs; RepoLens derived analytics
2023-07-17,3.4,-0.2000000000000223,5.610478917544437,-0.2637920972079473,Normal,False,False,False,3.5,False,-10.000000000000009,0.3923307207971421,Normal transmission,False,64591,7.74145120934111,32,0.0,724,49.0,8.000000000000007,0.9999999999999787,51.37025251881413,2.575808933067023,Normal market quality,False,0,False,Normal,Official ECB inputs; RepoLens derived analytics
2023-07-18,3.399,-0.0999999999999889,5.611724099456523,-0.2450227373318572,Normal,False,False,False,3.5,False,-10.099999999999998,0.1379756180302367,Normal transmission,False,66299,2.644331253580212,32,0.0,720,-4.0,8.000000000000007,0.0,51.96514393150392,0.5948914126897904,Normal market quality,False,0,False,Normal,Official ECB inputs; RepoLens derived analytics
2023-07-19,3.4,0.0999999999999889,0.2099498687032693,0.3572281348076949,Normal,False,False,False,3.5,False,-10.000000000000009,0.4398543544000148,Normal transmission,False,66284,-0.02262477563763632,33,1.0,712,-8.0,8.000000000000007,0.0,53.18759138947662,1.2224474579727058,Normal market quality,False,0,False,Normal,Official ECB inputs; RepoLens derived analytics
2023-07-20,3.403,0.3000000000000113,0.2154554539381137,1.2531592729027106,Mild tightening,False,False,False,3.5,False,-9.699999999999998,1.2975701338218828,Normal transmission,False,62567,-5.607688129865429,33,0.0,695,-17.0,6.000000000000005,-2.0000000000000018,52.7387845327281,-0.4488068567485257,Normal market quality,False,0,False,Normal,Official ECB inputs; RepoLens derived analytics
2023-07-21,3.404,0.0999999999999889,0.2067289096990608,0.3869802250514758,Normal,False,False,False,3.5,False,-9.600000000000009,1.5406157572766392,Normal transmission,False,58871,-5.907267409337191,33,0.0,691,-4.0,6.000000000000005,0.0,51.02945742586107,-1.709327106867029,Normal market quality,False,0,False,Normal,Official ECB inputs; RepoLens derived analytics
2023-07-24,3.405,0.0999999999999889,0.2074278568311713,0.3615714935580373,Normal,False,False,False,3.5,False,-9.50000000000002,1.7542909186706883,Normal transmission,False,62607,6.34607871447741,33,0.0,723,32.0,6.000000000000005,0.0,53.53687058544458,2.507413159583514,Normal market quality,False,0,False,Normal,Official ECB inputs; RepoLens derived analytics
2023-07-25,3.405,0.0,0.1930366749994302,-0.2072145098858456,Normal,False,False,False,3.5,False,-9.50000000000002,1.6789000387804611,Normal transmission,False,62865,0.4120944942258786,33,0.0,723,0.0,5.000000000000027,-0.9999999999999787,54.440635422957484,0.9037648375129024,Normal market quality,False,0,False,Normal,Official ECB inputs; RepoLens derived analytics
2023-07-26,3.402,-0.2999999999999669,0.197084005599783,-1.5729333238207208,Mild easing,False,False,False,3.5,False,-9.799999999999986,0.8163679436420135,Normal transmission,False,62277,-0.9353376282510095,33,0.0,731,8.0,8.000000000000007,2.9999999999999805,51.95196231112283,-2.4886731118346574,Normal market quality,False,0,False,Normal,Official ECB inputs; RepoLens derived analytics
2023-07-27,3.403,0.0999999999999889,0.1980829172477032,0.4291132278393067,Normal,False,False,False,3.5,False,-9.699999999999998,1.0594981480441,Normal transmission,False,56915,-8.60992019525667,34,1.0,702,-29.0,8.000000000000007,0.0,50.31961453959299,-1.6323477715298367,Normal market quality,False,0,False,Normal,Official ECB inputs; RepoLens derived analytics
2023-07-28,3.404,0.0999999999999889,0.1989445836621802,0.4021220308054907,Normal,False,False,False,3.5,False,-9.600000000000009,1.2904933944764996,Normal transmission,False,55643,-2.2349117104453975,33,-1.0,700,-2.0,8.000000000000007,0.0,48.19555981174333,-2.1240547278496607,Normal market quality,False,0,False,Normal,Official ECB inputs; RepoLens derived analytics
2023-07-31,3.392,-1.200000000000001,0.3375998877526823,-3.450830531239548,Sharp easing,True,True,False,3.5,False,-10.80000000000001,-1.981179999971008,Normal transmission,False,55532,-0.1994860090217987,33,0.0,634,-66.0,8.000000000000007,0.0,46.1588922515896,-2.036667560153731,Normal market quality,False,1,True,Monitor,Official ECB inputs; RepoLens derived analytics
2023-08-01,3.404,1.200000000000001,0.4344082484436586,2.727848755739478,Sharp tightening,True,False,False,3.5,False,-9.600000000000009,1.2505801834071808,Normal transmission,False,67737,21.978318807174247,34,1.0,724,90.0,6.000000000000005,-2.0000000000000018,57.1605579916294,11.001665740039805,Normal market quality,False,1,True,Monitor,Official ECB inputs; RepoLens derived analytics
2023-08-02,3.655,25.099999999999987,5.628917349394629,4.236160973755359,Sharp tightening,True,False,False,3.75,True,-9.50000000000002,1.4697861138589683,Normal transmission,False,66373,-2.0136705198045335,34,0.0,722,-2.0,5.000000000000027,-0.9999999999999787,57.27068994387273,0.11013195224332861,Normal market quality,False,1,True,Monitor,Official ECB inputs; RepoLens derived analytics
2023-08-03,3.653,-0.1999999999999779,5.633571831347092,-0.2547229436243546,Normal,False,False,False,3.75,False,-9.699999999999998,0.8951446862249626,Normal transmission,False,59030,-11.063233543760266,32,-2.0,686,-36.0,6.000000000000005,0.9999999999999787,49.19230308718908,-8.07838685668365,Normal market quality,False,0,False,Normal,Official ECB inputs; RepoLens derived analytics
2023-08-04,3.653,0.0,5.633571831347092,-0.2192214880669566,Normal,False,False,False,3.75,False,-9.699999999999998,0.8683125796769375,Normal transmission,False,57367,-2.817211587328472,33,1.0,682,-4.0,6.000000000000005,0.0,49.86645636295853,0.6741532757694486,Normal market quality,False,0,False,Normal,Official ECB inputs; RepoLens derived analytics
2023-08-07,3.653,0.0,5.628169282607291,-0.2229854748467358,Normal,False,False,False,3.75,False,-9.699999999999998,0.8394579241816037,Normal transmission,False,63710,11.056879390590414,33,0.0,700,18.0,5.000000000000027,-0.9999999999999787,53.87446688133928,4.00801051838075,Normal market quality,False,0,False,Normal,Official ECB inputs; RepoLens derived analytics
2023-08-08,3.652,-0.0999999999999889,5.631527791208879,-0.2379460866892645,Normal,False,False,False,3.75,False,-9.799999999999986,0.5430064479607055,Normal transmission,False,63032,-1.0641971433056008,34,1.0,719,19.0,5.000000000000027,0.0,55.71905619101988,1.8445893096806003,Normal market quality,False,0,False,Normal,Official ECB inputs; RepoLens derived analytics
2023-08-09,3.649,-0.3000000000000113,5.635402661557984,-0.2706106540359274,Normal,False,False,False,3.75,False,-10.099999999999998,-0.2760930824575159,Normal transmission,False,66877,6.100076151795908,33,-1.0,737,18.0,7.000000000000028,2.0000000000000018,54.70650186656911,-1.0125543244507682,Normal market quality,False,0,False,Normal,Official ECB inputs; RepoLens derived analytics
2023-08-10,3.652,0.3000000000000113,5.628449819303812,-0.1696737166821033,Normal,False,False,False,3.75,False,-9.799999999999986,0.5586009399836506,Normal transmission,False,61856,-7.507812850456808,33,0.0,702,-35.0,7.000000000000028,0.0,51.40717242129897,-3.2993294452701463,Normal market quality,False,0,False,Normal,Official ECB inputs; RepoLens derived analytics
2023-08-11,3.653,0.0999999999999889,5.628449819303812,-0.205207479338045,Normal,False,False,False,3.75,False,-9.699999999999998,0.82209486381282,Normal transmission,False,60340,-2.4508535954474886,33,0.0,688,-14.0,5.000000000000027,-2.0000000000000018,51.890644800287255,0.48347237898828865,Normal market quality,False,0,False,Normal,Official ECB inputs; RepoLens derived analytics
2023-08-14,3.656,0.3000000000000113,5.6227545225674485,-0.1742917988090478,Normal,False,False,False,3.75,False,-9.399999999999986,1.5857051045804886,Normal transmission,False,52135,-13.597944978455423,29,-4.0,579,-109.0,5.000000000000027,0.0,38.43394674696111,-13.456698053326143,Normal market quality,False,0,False,Normal,Official ECB inputs; RepoLens derived analytics
2023-08-15,3.657,0.0999999999999889,5.620348369049178,-0.2117306476148789,Normal,False,False,False,3.75,False,-9.299999999999995,1.8552300515346427,Normal transmission,False,49828,-4.42505035005275,30,1.0,540,-39.0,5.000000000000027,0.0,37.771592787746414,-0.6623539592146983,Normal market quality,False,0,False,Normal,Official ECB inputs; RepoLens derived analytics
2023-08-16,3.654,-0.3000000000000113,5.625515181086231,-0.2790855502938773,Normal,False,False,False,3.75,False,-9.600000000000009,1.013482556378227,Normal transmission,False,60308,21.032351288432217,33,3.0,725,185.0,5.000000000000027,0.0,53.03364977736784,15.262056989621428,Normal market quality,False,0,False,Normal,Official ECB inputs; RepoLens derived analytics
2023-08-17,3.654,0.0,5.62863683600026,-0.2229669521353965,Normal,False,False,False,3.75,False,-9.600000000000009,0.981456085988703,Normal transmission,False,62347,3.3809776480732134,33,0.0,719,-6.0,5.000000000000027,0.0,53.670349741661774,0.6366999642939319,Normal market quality,False,0,False,Normal,Official ECB inputs; RepoLens derived analytics
2023-08-18,3.655,0.0999999999999889,5.62863683600026,-0.2052006611285939,Normal,False,False,False,3.75,False,-9.50000000000002,1.2207510888409885,Normal transmission,False,60583,-2.8293261905143807,33,0.0,723,4.0,5.000000000000027,0.0,52.98144977826485,-0.6888999633969206,Normal market quality,False,0,False,Normal,Official ECB inputs; RepoLens derived analytics
2023-08-21,3.654,-0.0999999999999889,5.630974020633792,-0.2388574330251667,Normal,False,False,False,3.75,False,-9.600000000000009,0.9259695033896456,Normal transmission,False,63692,5.131802650908668,33,0.0,768,45.0,5.000000000000027,0.0,55.77637731237701,2.794927534112155,Normal market quality,False,0,False,Normal,Official ECB inputs; RepoLens derived analytics
2023-08-22,3.655,0.0999999999999889,5.629854630263094,-0.2042681517597674,Normal,False,False,False,3.75,False,-9.50000000000002,1.1495326294110682,Normal transmission,False,63994,0.4741568799849327,33,0.0,763,-5.0,5.000000000000027,0.0,55.709829058645006,-0.06654825373200168,Normal market quality,False,0,False,Normal,Official ECB inputs; RepoLens derived analytics
2023-08-23,3.652,-0.2999999999999669,5.629854630263094,-0.2753179436761998,Normal,False,False,False,3.75,False,-9.799999999999986,0.3394086415698043,Normal transmission,False,66859,4.476982217082859,33,0.0,772,9.0,7.000000000000028,2.0000000000000018,55.66154631960412,-0.04828273904088576,Normal market quality,False,0,False,Normal,Official ECB inputs; RepoLens derived analytics
2023-08-24,3.649,-0.3000000000000113,5.634863282327831,-0.2715238903485782,Normal,False,False,False,3.75,False,-10.099999999999998,-0.4765863571490094,Normal transmission,False,68455,2.3871131784800825,33,0.0,765,-7.0,7.000000000000028,0.0,56.11078619962861,0.4492398800244928,Normal market quality,False,0,False,Normal,Official ECB inputs; RepoLens derived analytics
2023-08-25,3.652,0.3000000000000113,5.632929498657175,-0.166875868093871,Normal,False,False,False,3.75,False,-9.799999999999986,0.3159764837433637,Normal transmission,False,57472,-16.044116572931124,32,-1.0,673,-92.0,7.000000000000028,0.0,46.15904559581308,-9.95174060381553,Normal market quality,False,0,False,Normal,Official ECB inputs; RepoLens derived analytics
2023-08-28,3.651,-0.1000000000000334,5.613187011052874,-0.2485219176295305,Normal,False,False,False,3.75,False,-9.90000000000002,0.0317589586891342,Normal transmission,False,54082,-5.898524498886415,32,0.0,671,-2.0,6.999999999999984,-4.440892098500626e-14,44.4556192170432,-1.7034263787698833,Normal market quality,False,0,False,Normal,Official ECB inputs; RepoLens derived analytics
2023-08-29,3.652,0.1000000000000334,5.619552332797756,-0.2028631343722012,Normal,False,False,False,3.75,False,-9.799999999999986,0.2782585515709376,Normal transmission,False,59246,9.548463444399236,33,1.0,758,87.0,8.000000000000007,1.000000000000023,50.80257366990202,6.346954452858817,Normal market quality,False,0,False,Normal,Official ECB inputs; RepoLens derived analytics
2023-08-30,3.652,0.0,0.1980829172477205,0.0757258637363429,Normal,False,False,False,3.75,False,-9.799999999999986,0.2493180024937568,Normal transmission,False,58209,-1.750329136144213,33,0.0,740,-18.0,8.000000000000007,0.0,49.66661221277361,-1.1359614571284098,Normal market quality,False,0,False,Normal,Official ECB inputs; RepoLens derived analytics
2023-08-31,3.646,-0.6000000000000227,0.2345768867334964,-2.4085919455565143,Sharp easing,True,True,False,3.75,False,-10.40000000000001,-1.4767297070780956,Normal transmission,False,51607,-11.341888711367654,33,0.0,656,-84.0,8.000000000000007,0.0,43.5911413257172,-6.0754708870564045,Normal market quality,False,1,True,Monitor,Official ECB inputs; RepoLens derived analytics
2023-09-01,3.652,0.6000000000000227,0.2742933504578093,2.205667760411424,Sharp tightening,True,False,False,3.75,False,-9.799999999999986,0.2280398792425934,Normal transmission,False,63929,23.876605886798295,34,1.0,710,54.0,7.000000000000028,-0.9999999999999787,53.82737634411144,10.23623501839424,Normal market quality,False,1,True,Monitor,Official ECB inputs; RepoLens derived analytics
2023-09-04,3.652,0.0,0.2742933504578093,0.0182286591769505,Normal,False,False,False,3.75,False,-9.799999999999986,0.2064035288951652,Normal transmission,False,61244,-4.199971843764172,34,0.0,731,21.0,7.000000000000028,0.0,53.293861495846265,-0.5335148482651775,Normal market quality,False,0,False,Normal,Official ECB inputs; RepoLens derived analytics
2023-09-05,3.651,-0.1000000000000334,0.2742933504578101,-0.346344524362227,Normal,False,False,False,3.75,False,-9.90000000000002,-0.1096345412401588,Normal transmission,False,56037,-8.502057344392922,33,-1.0,691,-40.0,8.000000000000007,0.9999999999999787,46.81615279080656,-6.477708705039703,Normal market quality,False,0,False,Normal,Official ECB inputs; RepoLens derived analytics
2023-09-06,3.652,0.1000000000000334,0.2661123624971077,0.3194139468096168,Normal,False,False,False,3.75,False,-9.799999999999986,0.1796107577551066,Normal transmission,False,56487,0.8030408480111273,33,0.0,687,-4.0,7.000000000000028,-0.9999999999999787,47.68341701499048,0.8672642241839199,Normal market quality,False,0,False,Normal,Official ECB inputs; RepoLens derived analytics
2023-09-07,3.652,0.0,0.2575185225838944,-6.897976974924393e-16,Normal,False,False,False,3.75,False,-9.799999999999986,0.1569971193969698,Normal transmission,False,57676,2.1049090941278603,32,-1.0,691,4.0,7.000000000000028,0.0,46.568295522108,-1.11512149288248,Normal market quality,False,0,False,Normal,Official ECB inputs; RepoLens derived analytics
2023-09-08,3.653,0.0999999999999889,0.2575185225838944,0.3883215816734534,Normal,False,False,False,3.75,False,-9.699999999999998,0.4344171621047308,Normal transmission,False,56720,-1.6575351966155782,33,1.0,682,-9.0,6.000000000000005,-1.000000000000023,48.43505526504221,1.8667597429342067,Normal market quality,False,0,False,Normal,Official ECB inputs; RepoLens derived analytics
2023-09-11,3.652,-0.0999999999999889,0.2483630619202921,-0.322109090544486,Normal,False,False,False,3.75,False,-9.799999999999986,0.0782408327974282,Normal transmission,False,60766,7.133286318758825,34,1.0,723,41.0,6.000000000000005,0.0,53.693703280177424,5.258648015135215,Normal market quality,False,0,False,Normal,Official ECB inputs; RepoLens derived analytics
2023-09-12,3.654,0.1999999999999779,0.251887610694054,0.85355527970417,Normal,False,False,False,3.75,False,-9.600000000000009,0.7340020619767418,Normal transmission,False,60317,-0.7389000427870829,33,-1.0,718,-5.0,5.000000000000027,-0.9999999999999787,52.26089752188026,-1.4328057582971638,Normal market quality,False,0,False,Normal,Official ECB inputs; RepoLens derived analytics
2023-09-13,3.652,-0.1999999999999779,0.2468752081946637,-0.7696196041287477,Normal,False,False,False,3.75,False,-9.799999999999986,-0.0187657856036299,Normal transmission,False,59384,-1.546827594210587,33,0.0,713,-5.0,5.000000000000027,0.0,51.61864963732561,-0.6422478845546493,Normal market quality,False,0,False,Normal,Official ECB inputs; RepoLens derived analytics
2023-09-14,3.653,0.0999999999999889,0.2480980281643793,0.4232198086250797,Normal,False,False,False,3.75,False,-9.699999999999998,0.329071145998442,Normal transmission,False,58402,-1.6536440792132567,33,0.0,711,-2.0,6.000000000000005,0.9999999999999787,50.27214722959328,-1.3465024077323307,Normal market quality,False,0,False,Normal,Official ECB inputs; RepoLens derived analytics
2023-09-15,3.65,-0.3000000000000113,0.2552088927672284,-1.077548658348809,Mild easing,False,False,False,3.75,False,-10.000000000000009,-0.8323564281136971,Normal transmission,False,61884,5.9621245847744975,33,0.0,709,-2.0,8.000000000000007,2.0000000000000018,50.225018211219975,-0.04712901837330463,Normal market quality,False,0,False,Normal,Official ECB inputs; RepoLens derived analytics
2023-09-18,3.648,-0.1999999999999779,0.257722821324936,-0.6596233857988222,Normal,False,False,False,3.75,False,-10.199999999999989,-1.5689556195818513,Normal transmission,False,62423,0.8709844224678465,33,0.0,735,26.0,6.000000000000005,-2.0000000000000018,53.06409240641916,2.8390741951991814,Normal market quality,False,0,False,Normal,Official ECB inputs; RepoLens derived analytics
2023-09-19,3.651,0.2999999999999669,0.2667543715423368,1.1996054578216324,Mild tightening,False,False,False,3.75,False,-9.90000000000002,-0.4656719894285709,Normal transmission,False,61995,-0.6856447142880029,32,-1.0,753,18.0,4.999999999999982,-1.000000000000023,52.51314073732614,-0.550951669093017,Normal market quality,False,0,False,Normal,Official ECB inputs; RepoLens derived analytics
2023-09-20,3.901,25.0,5.5973184369133975,4.243996525789862,Sharp tightening,True,False,False,4.0,True,-9.90000000000002,-0.4743416490254448,Normal transmission,False,66589,7.4102750221792135,34,2.0,753,0.0,4.000000000000004,-0.9999999999999778,59.17370834358746,6.660567606261317,Normal market quality,False,1,True,Monitor,Official ECB inputs; RepoLens derived analytics
2023-09-21,3.902,0.1000000000000334,5.592219689231789,-0.2083251490000038,Normal,False,False,False,4.0,False,-9.799999999999986,-0.0928332755600367,Normal transmission,False,58631,-11.950922825091226,33,-1.0,687,-66.0,5.000000000000027,1.0000000000000222,50.26487884418088,-8.908829499406579,Normal market quality,False,0,False,Normal,Official ECB inputs; RepoLens derived analytics
2023-09-22,3.905,0.2999999999999669,5.592219689231789,-0.1725611749227603,Normal,False,False,False,4.0,False,-9.50000000000002,1.0643749595659329,Normal transmission,False,56917,-2.923368184066455,33,0.0,700,13.0,5.000000000000027,0.0,49.89764022520736,-0.3672386189735164,Normal market quality,False,0,False,Normal,Official ECB inputs; RepoLens derived analytics
2023-09-25,3.904,-0.0999999999999889,5.592219689231789,-0.2440891230772627,Normal,False,False,False,4.0,False,-9.600000000000009,0.6420491213575297,Normal transmission,False,61800,8.579159126447289,33,0.0,734,34.0,4.000000000000004,-1.0000000000000222,54.28587676035593,4.388236535148572,Normal market quality,False,0,False,Normal,Official ECB inputs; RepoLens derived analytics
2023-09-26,3.904,0.0,5.593360725943431,-0.2252670731847846,Normal,False,False,False,4.0,False,-9.600000000000009,0.6216034873305594,Normal transmission,False,59418,-3.854368932038832,32,-1.0,717,-17.0,4.000000000000004,0.0,50.52263097676647,-3.7632457835894613,Normal market quality,False,0,False,Normal,Official ECB inputs; RepoLens derived analytics
2023-09-27,3.905,0.0999999999999889,5.592219689231789,-0.2083251490000113,Normal,False,False,False,4.0,False,-9.50000000000002,1.0103466649707755,Normal transmission,False,57118,-3.8708808778484594,34,2.0,706,-11.0,4.000000000000004,0.0,52.70069157603668,2.1780605992702107,Normal market quality,False,0,False,Normal,Official ECB inputs; RepoLens derived analytics
2023-09-28,3.906,0.1000000000000334,5.582114294781154,-0.2149723091699995,Normal,False,False,False,4.0,False,-9.399999999999986,1.409167716933077,Normal transmission,False,56140,-1.7122448264995316,33,-1.0,702,-4.0,4.000000000000004,0.0,50.17701773333459,-2.5236738427020953,Normal market quality,False,0,False,Normal,Official ECB inputs; RepoLens derived analytics
2023-09-29,3.88,-2.6000000000000245,5.648698033501554,-0.6620994745724876,Normal,False,True,True,4.0,False,-12.00000000000001,-5.7983363597942645,Unusually below policy rate,True,46409,-17.333452084075528,32,-1.0,627,-75.0,8.000000000000007,4.000000000000003,37.30923481058807,-12.867782922746514,Normal market quality,True,2,True,High attention,Official ECB inputs; RepoLens derived analytics
2023-10-02,3.899,1.9000000000000128,5.644491958864351,0.11781396888265,Normal,False,False,False,4.0,False,-10.099999999999998,-0.7809629199859497,Normal transmission,False,58997,27.124049214591995,33,1.0,667,40.0,6.000000000000005,-2.0000000000000018,48.69036147748005,11.38112666689198,Normal market quality,False,0,False,Normal,Official ECB inputs; RepoLens derived analytics
2023-10-03,3.9,0.0999999999999889,5.642179030350457,-0.2029357795704138,Normal,False,False,False,4.0,False,-10.000000000000009,-0.5018525443231067,Normal transmission,False,58245,-1.2746410834449162,32,-1.0,607,-60.0,7.000000000000028,1.000000000000023,43.33538049540993,-5.354980982070124,Normal market quality,False,0,False,Normal,Official ECB inputs; RepoLens derived analytics
2023-10-04,3.901,0.0999999999999889,5.642179030350457,-0.2029357795704134,Normal,False,False,False,4.0,False,-9.90000000000002,-0.2274073937045829,Normal transmission,False,58453,0.35711219847196496,33,1.0,693,86.0,4.000000000000004,-3.000000000000024,51.18410288777016,7.84872239236023,Normal market quality,False,0,False,Normal,Official ECB inputs; RepoLens derived analytics
2023-10-05,3.9,-0.0999999999999889,5.643384576092995,-0.2374461605322123,Normal,False,False,False,4.0,False,-10.000000000000009,-0.4846596903119949,Normal transmission,False,60302,3.1632251552529356,33,0.0,695,2.0,6.000000000000005,2.000000000000001,50.50144312987775,-0.6826597578924094,Normal market quality,False,0,False,Normal,Official ECB inputs; RepoLens derived analytics
2023-10-06,3.899,-0.0999999999999889,5.645687688287787,-0.2355780329044997,Normal,False,False,False,4.0,False,-10.099999999999998,-0.7301704708843703,Normal transmission,False,64631,7.178866372591286,33,0.0,719,24.0,6.000000000000005,0.0,53.55867558587339,3.0572324559956385,Normal market quality,False,0,False,Normal,Official ECB inputs; RepoLens derived analytics
2023-10-09,3.9,0.0999999999999889,5.643384576092995,-0.2020064350796468,Normal,False,False,False,4.0,False,-10.000000000000009,-0.4693953027114056,Normal transmission,False,65601,1.5008277761445754,33,0.0,738,19.0,6.000000000000005,0.0,54.78523065395683,1.2265550680834423,Normal market quality,False,0,False,Normal,Official ECB inputs; RepoLens derived analytics
2023-10-10,3.899,-0.0999999999999889,5.646692091742516,-0.2346506553700021,Normal,False,False,False,4.0,False,-10.099999999999998,-0.7301704708843703,Normal transmission,False,62649,-4.499931403484703,33,0.0,725,-13.0,5.000000000000027,-0.9999999999999787,53.70099802598208,-1.0842326279747496,Normal market quality,False,0,False,Normal,Official ECB inputs; RepoLens derived analytics
2023-10-11,3.901,0.1999999999999779,5.6420857472168455,-0.1852151928948444,Normal,False,False,False,4.0,False,-9.90000000000002,-0.2132882670917306,Normal transmission,False,60959,-2.6975689955146875,32,-1.0,722,-3.0,5.000000000000027,0.0,50.86245325921659,-2.8385447667654873,Normal market quality,False,0,False,Normal,Official ECB inputs; RepoLens derived analytics
2023-10-12,3.901,0.0,5.643198048139585,-0.2197335605488442,Normal,False,False,False,4.0,False,-9.90000000000002,-0.204677295716125,Normal transmission,False,60525,-0.7119539362522298,32,0.0,705,-17.0,5.000000000000027,0.0,50.031111094715854,-0.8313421645007395,Normal market quality,False,0,False,Normal,Official ECB inputs; RepoLens derived analytics
2023-10-13,3.903,0.2000000000000223,5.637120858997744,-0.1889262314289516,Normal,False,False,False,4.0,False,-9.699999999999998,0.3229030625972611,Normal transmission,False,58666,-3.0714580751755483,33,1.0,730,25.0,5.000000000000027,0.0,52.017996520306944,1.9868854255910904,Normal market quality,False,0,False,Normal,Official ECB inputs; RepoLens derived analytics
2023-10-16,3.902,-0.0999999999999889,5.635797239638407,-0.2430889440741995,Normal,False,False,False,4.0,False,-9.799999999999986,0.0746392700228542,Normal transmission,False,59859,2.0335458357481295,33,0.0,717,-13.0,5.000000000000027,0.0,52.13780129038023,0.11980477007328716,Normal market quality,False,0,False,Normal,Official ECB inputs; RepoLens derived analytics
2023-10-17,3.904,0.1999999999999779,5.636747382367927,-0.18893874920338,Normal,False,False,False,4.0,False,-9.600000000000009,0.6078946248902503,Normal transmission,False,59751,-0.18042399639152107,33,0.0,739,22.0,5.000000000000027,0.0,52.94085079489146,0.8030495045112289,Normal market quality,False,0,False,Normal,Official ECB inputs; RepoLens derived analytics
2023-10-18,3.903,-0.0999999999999889,0.7503683306077411,-0.1465946729266928,Normal,False,False,False,4.0,False,-9.699999999999998,0.3388700970732237,Normal transmission,False,58447,-2.182390252882793,33,0.0,743,4.0,5.000000000000027,0.0,52.44252452374641,-0.49832627114505357,Normal market quality,False,0,False,Normal,Official ECB inputs; RepoLens derived analytics
2023-10-19,3.905,0.1999999999999779,0.7513321502505401,0.2462293140767224,Normal,False,False,False,4.0,False,-9.50000000000002,0.8536165475039345,Normal transmission,False,56304,-3.6665697127311936,33,0.0,707,-36.0,5.000000000000027,0.0,50.04274675482038,-2.399777768926029,Normal market quality,False,0,False,Normal,Official ECB inputs; RepoLens derived analytics
2023-10-20,3.905,0.0,0.7483314773548558,-2.3737566748884853e-16,Normal,False,False,False,4.0,False,-9.50000000000002,0.846529650592748,Normal transmission,False,54814,-2.6463483944302313,33,0.0,704,-3.0,5.000000000000027,0.0,49.22965989941337,-0.8130868554070076,Normal market quality,False,0,False,Normal,Official ECB inputs; RepoLens derived analytics
2023-10-23,3.905,0.0,0.7479621437085929,-0.0066848302979724,Normal,False,False,False,4.0,False,-9.50000000000002,0.8334283421838918,Normal transmission,False,57204,4.360199948918164,32,-1.0,705,1.0,5.000000000000027,0.0,48.558310375063016,-0.6713495243503544,Normal market quality,False,0,False,Normal,Official ECB inputs; RepoLens derived analytics
2023-10-24,3.904,-0.0999999999999889,0.7483314773548558,-0.1336306209561856,Normal,False,False,False,4.0,False,-9.600000000000009,0.5571537536146609,Normal transmission,False,57841,1.1135584924131248,33,1.0,735,30.0,5.000000000000027,0.0,51.97379232656508,3.4154819515020662,Normal market quality,False,0,False,Normal,Official ECB inputs; RepoLens derived analytics
2023-10-25,3.9,-0.4000000000000003,0.7531512743834166,-0.497907940615254,Normal,False,False,False,4.0,False,-10.000000000000009,-0.5268278307004127,Normal transmission,False,57445,-0.6846354661917964,33,0.0,742,7.0,5.000000000000027,0.0,51.98329861544668,0.009506288881595992,Normal market quality,False,0,False,Normal,Official ECB inputs; RepoLens derived analytics
2023-10-26,3.901,0.0999999999999889,0.7531512743834161,0.165969313538405,Normal,False,False,False,4.0,False,-9.90000000000002,-0.2403805320434236,Normal transmission,False,56466,-1.704238837148575,33,0.0,740,-2.0,5.000000000000027,0.0,51.406319708252326,-0.5769789071943521,Normal market quality,False,0,False,Normal,Official ECB inputs; RepoLens derived analytics
2023-10-27,3.903,0.2000000000000223,0.4475371198954394,0.1899283796166015,Normal,False,False,False,4.0,False,-9.699999999999998,0.3143437726721219,Normal transmission,False,55979,-0.8624659086884146,33,0.0,717,-23.0,5.000000000000027,0.0,50.28537274301361,-1.1209469652387156,Normal market quality,False,0,False,Normal,Official ECB inputs; RepoLens derived analytics
2023-10-30,3.899,-0.4000000000000003,0.1806421294921545,-2.2143228776395314,Sharp easing,True,False,False,4.0,False,-10.099999999999998,-0.7732604656086723,Normal transmission,False,55708,-0.4841101127208369,33,0.0,747,30.0,6.000000000000005,0.9999999999999787,50.42947836245537,0.1441056194417598,Normal market quality,False,1,True,Monitor,Official ECB inputs; RepoLens derived analytics
2023-10-31,3.882,-1.6999999999999904,0.4191470034801707,-3.841134462687763,Sharp easing,True,True,False,4.0,False,-11.799999999999988,-4.392263345603766,Unusually below policy rate,True,43203,-22.447404322538954,30,-3.0,556,-191.0,8.000000000000007,2.0000000000000018,28.89072982255032,-21.53874853990505,Weak market quality,True,3,True,High attention,Official ECB inputs; RepoLens derived analytics
2023-11-01,3.9,1.7999999999999794,0.5951337753198035,3.03293154388698,Sharp tightening,True,False,False,4.0,False,-10.000000000000009,-0.3352562658356958,Normal transmission,False,53935,24.84086753234729,33,3.0,636,80.0,8.000000000000007,0.0,43.59168554804942,14.7009557254991,Normal market quality,False,1,True,Monitor,Official ECB inputs; RepoLens derived analytics
2023-11-02,3.903,0.3000000000000113,0.5984849292391603,0.4762024673909907,Normal,False,False,False,4.0,False,-9.699999999999998,0.3387276003049131,Normal transmission,False,62688,16.22879391860572,33,0.0,729,93.0,5.000000000000027,-2.9999999999999805,54.36696483636526,10.775279288315843,Normal market quality,False,0,False,Normal,Official ECB inputs; RepoLens derived analytics
2023-11-03,3.902,-0.0999999999999889,0.5984849292391603,-0.1921518728068666,Normal,False,False,False,4.0,False,-9.799999999999986,0.1167746543922372,Normal transmission,False,62644,-0.07018887187340006,33,0.0,720,-9.0,5.000000000000027,0.0,54.029324422544825,-0.33764041382043786,Normal market quality,False,0,False,Normal,Official ECB inputs; RepoLens derived analytics
2023-11-06,3.9,-0.2000000000000223,0.6000000000000729,-0.3333333333333304,Normal,False,False,False,4.0,False,-10.000000000000009,-0.3152307974609712,Normal transmission,False,67284,7.406934423089195,33,0.0,755,35.0,6.000000000000005,0.9999999999999787,56.8326643170205,2.803339894475677,Normal market quality,False,0,False,Normal,Official ECB inputs; RepoLens derived analytics
2023-11-07,3.902,0.2000000000000223,0.6011173806031946,0.3077601912198618,Normal,False,False,False,4.0,False,-9.799999999999986,0.1617787689678036,Normal transmission,False,66009,-1.8949527376493691,33,0.0,754,-1.0,5.000000000000027,-0.9999999999999787,57.02393460502108,0.191270288000581,Normal market quality,False,0,False,Normal,Official ECB inputs; RepoLens derived analytics
2023-11-08,3.902,0.0,0.5995392968114277,-0.0083397369056435,Normal,False,False,False,4.0,False,-9.799999999999986,0.1700117766824261,Normal transmission,False,64051,-2.9662621763698938,33,0.0,718,-36.0,5.000000000000027,0.0,54.65582680198321,-2.368107803037873,Normal market quality,False,0,False,Normal,Official ECB inputs; RepoLens derived analytics
2023-11-09,3.902,0.0,0.5995392968114277,-0.0083397369056435,Normal,False,False,False,4.0,False,-9.799999999999986,0.1783090122929866,Normal transmission,False,62032,-3.1521756100607368,32,-1.0,721,3.0,5.000000000000027,0.0,51.78404106114044,-2.8717857408427676,Normal market quality,False,0,False,Normal,Official ECB inputs; RepoLens derived analytics
2023-11-10,3.904,0.1999999999999779,0.5995392968114269,0.3252497393199427,Normal,False,False,False,4.0,False,-9.600000000000009,0.6492917178547282,Normal transmission,False,58443,-5.785723497549656,33,1.0,696,-25.0,5.000000000000027,0.0,50.9724855539526,-0.8115555071878404,Normal market quality,False,0,False,Normal,Official ECB inputs; RepoLens derived analytics
2023-11-13,3.903,-0.0999999999999889,0.5995392968114269,-0.1751344750184311,Normal,False,False,False,4.0,False,-9.699999999999998,0.4207916109482557,Normal transmission,False,61469,5.177694505757757,33,0.0,725,29.0,5.000000000000027,0.0,53.68188814669856,2.7094025927459597,Normal market quality,False,0,False,Normal,Official ECB inputs; RepoLens derived analytics
2023-11-14,3.902,-0.0999999999999889,0.5981550582284652,-0.1504626580715377,Normal,False,False,False,4.0,False,-9.799999999999986,0.2000035189481227,Normal transmission,False,64341,4.672273829084572,33,0.0,742,17.0,5.000000000000027,0.0,55.861036657933866,2.1791485112353044,Normal market quality,False,0,False,Normal,Official ECB inputs; RepoLens derived analytics
2023-11-15,3.899,-0.3000000000000113,0.6014018710699229,-0.4655788640994382,Normal,False,False,False,4.0,False,-10.099999999999998,-0.4932592186841922,Normal transmission,False,64207,-0.20826533625526444,33,0.0,726,-16.0,4.999999999999982,-4.440892098500626e-14,55.18311392873369,-0.6779227292001764,Normal market quality,False,0,False,Normal,Official ECB inputs; RepoLens derived analytics
2023-11-16,3.906,0.7000000000000117,0.6210983480052307,1.1189854267558876,Mild tightening,False,False,False,4.0,False,-9.399999999999986,1.1137959059636604,Normal transmission,False,58841,-8.35734421480524,33,0.0,715,-11.0,5.000000000000027,4.440892098500626e-14,51.92472615071503,-3.2583877780186583,Normal market quality,False,0,False,Normal,Official ECB inputs; RepoLens derived analytics
2023-11-17,3.902,-0.4000000000000003,0.6276732304397059,-0.6133764852936247,Normal,False,False,False,4.0,False,-9.799999999999986,0.1823986326839708,Normal transmission,False,58726,-0.19544195373973894,32,-1.0,703,-12.0,5.000000000000027,0.0,49.422727026192,-2.5019991245230315,Normal market quality,False,0,False,Normal,Official ECB inputs; RepoLens derived analytics
2023-11-20,3.903,0.0999999999999889,0.6281970860704928,0.1751042824602406,Normal,False,False,False,4.0,False,-9.699999999999998,0.4069133385169843,Normal transmission,False,60329,2.729625719442841,33,1.0,716,13.0,5.000000000000027,0.0,52.77582461311605,3.3530975869240507,Normal market quality,False,0,False,Normal,Official ECB inputs; RepoLens derived analytics
2023-11-21,3.901,-0.2000000000000223,0.6293480335780126,-0.2939549980767355,Normal,False,False,False,4.0,False,-9.90000000000002,-0.0542679602631133,Normal transmission,False,59916,-0.684579555437681,32,-1.0,707,-9.0,5.000000000000027,0.0,50.2085029934113,-2.5673216197047495,Normal market quality,False,0,False,Normal,Official ECB inputs; RepoLens derived analytics
2023-11-22,3.902,0.1000000000000334,0.6231498932630695,0.1444275301545107,Normal,False,False,False,4.0,False,-9.799999999999986,0.1783090122929821,Normal transmission,False,63077,5.275719340409912,33,1.0,718,11.0,7.000000000000028,2.0000000000000018,52.474136433066406,2.2656334396551046,Normal market quality,False,0,False,Normal,Official ECB inputs; RepoLens derived analytics
2023-11-23,3.902,0.0,0.6227908325053624,-0.0080283776495036,Normal,False,False,False,4.0,False,-9.799999999999986,0.1570362922200031,Normal transmission,False,62938,-0.22036558492002367,33,0.0,718,0.0,8.000000000000007,0.9999999999999787,51.44980212707232,-1.0243343059940884,Normal market quality,False,0,False,Normal,Official ECB inputs; RepoLens derived analytics
2023-11-24,3.904,0.1999999999999779,0.6227908325053616,0.3131067283304938,Normal,False,False,False,4.0,False,-9.600000000000009,0.6183772212580589,Normal transmission,False,59214,-5.916934125647466,33,0.0,686,-32.0,8.000000000000007,0.0,48.2057710719133,-3.24403105515902,Normal market quality,False,0,False,Normal,Official ECB inputs; RepoLens derived analytics
2023-11-27,3.903,-0.0999999999999889,0.6160997868596537,-0.1947736431003261,Normal,False,False,False,4.0,False,-9.699999999999998,0.3792381014201443,Normal transmission,False,58707,-0.8562164353024593,33,0.0,713,27.0,8.000000000000007,0.0,48.97869707848969,0.772926006576391,Normal market quality,False,0,False,Normal,Official ECB inputs; RepoLens derived analytics
2023-11-28,3.903,0.0,0.4650693213751065,-0.225772793805315,Normal,False,False,False,4.0,False,-9.699999999999998,0.3710037595261789,Normal transmission,False,56462,-3.8240754935527255,34,1.0,722,9.0,7.000000000000028,-0.9999999999999787,51.10106645514048,2.122369376650795,Normal market quality,False,0,False,Normal,Official ECB inputs; RepoLens derived analytics
2023-11-29,3.902,-0.0999999999999889,0.2403944127560075,-0.4575813503271254,Normal,False,False,False,4.0,False,-9.799999999999986,0.1366855956149415,Normal transmission,False,59425,5.247777266125886,35,1.0,732,10.0,7.000000000000028,0.0,55.09546883584419,3.994402380703704,Normal market quality,False,0,False,Normal,Official ECB inputs; RepoLens derived analytics
2023-11-30,3.891,-1.100000000000012,0.3362330019183774,-3.0930931647586406,Sharp easing,True,True,False,4.0,False,-10.9,-2.287532192290032,Unusually below policy rate,True,53155,-10.551114850652088,33,-2.0,643,-89.0,8.000000000000007,0.9999999999999787,43.347000842154905,-11.748467993689282,Normal market quality,False,2,True,High attention,Official ECB inputs; RepoLens derived analytics
2023-12-01,3.904,1.29999999999999,0.4529435889125014,2.8480367789225736,Sharp tightening,True,False,False,4.0,False,-9.600000000000009,0.6135553080279911,Normal transmission,False,59876,12.644153889568255,34,1.0,703,60.0,7.000000000000028,-0.9999999999999787,52.238902465319775,8.89190162316487,Normal market quality,False,1,True,Monitor,Official ECB inputs; RepoLens derived analytics
2023-12-04,3.904,0.0,0.4502630809930542,-0.0444184763180899,Normal,False,False,False,4.0,False,-9.600000000000009,0.6043532149987715,Normal transmission,False,62751,4.801589952568652,34,0.0,727,24.0,5.000000000000027,-2.0000000000000018,56.5730639419427,4.334161476622924,Normal market quality,False,0,False,Normal,Official ECB inputs; RepoLens derived analytics
2023-12-05,3.905,0.0999999999999889,0.4487116058931971,0.1894312491222307,Normal,False,False,False,4.0,False,-9.50000000000002,0.8209006380192819,Normal transmission,False,61762,-1.5760705008685094,33,-1.0,721,-6.0,5.000000000000027,0.0,53.79323249039042,-2.779831451552276,Normal market quality,False,0,False,Normal,Official ECB inputs; RepoLens derived analytics
2023-12-06,3.904,-0.0999999999999889,0.449444101084989,-0.2447467877194082,Normal,False,False,False,4.0,False,-9.600000000000009,0.5899852505531391,Normal transmission,False,59622,-3.464913700981187,32,-1.0,689,-32.0,6.000000000000005,0.9999999999999787,48.464336404543495,-5.328896085846928,Normal market quality,False,0,False,Normal,Official ECB inputs; RepoLens derived analytics
2023-12-07,3.903,-0.0999999999999889,0.4501169438690222,-0.2332727115257011,Normal,False,False,False,4.0,False,-9.699999999999998,0.3687407815957326,Normal transmission,False,59408,-0.3589279125155165,32,0.0,669,-20.0,6.000000000000005,0.0,47.59789029757577,-0.8664461069677216,Normal market quality,False,0,False,Normal,Official ECB inputs; RepoLens derived analytics
2023-12-08,3.903,0.0,0.4477722635448674,0.0111663906120845,Normal,False,False,False,4.0,False,-9.699999999999998,0.357552507510703,Normal transmission,False,58052,-2.28252087260975,32,0.0,662,-7.0,6.000000000000005,0.0,46.62550755335722,-0.9723827442185566,Normal market quality,False,0,False,Normal,Official ECB inputs; RepoLens derived analytics
2023-12-11,3.902,-0.0999999999999889,0.4477722635448674,-0.212161421629615,Normal,False,False,False,4.0,False,-9.799999999999986,0.122217107572742,Normal transmission,False,47179,-18.729759525942256,30,-2.0,618,-44.0,8.000000000000007,2.0000000000000018,33.20347394102629,-13.422033612330928,Weak market quality,True,1,True,Monitor,Official ECB inputs; RepoLens derived analytics
2023-12-12,3.905,0.2999999999999669,0.4522167621839036,0.6302287394735427,Normal,False,False,False,4.0,False,-9.50000000000002,0.770141284474553,Normal transmission,False,55328,17.272515314016836,33,3.0,706,88.0,5.000000000000027,-2.9999999999999805,49.8313036077983,16.62782966677201,Normal market quality,False,0,False,Normal,Official ECB inputs; RepoLens derived analytics
2023-12-13,3.905,0.0,0.4461531481218532,-0.0672414845133077,Normal,False,False,False,4.0,False,-9.50000000000002,0.7517977117568291,Normal transmission,False,57182,3.3509253903990732,33,0.0,706,0.0,5.000000000000027,0.0,50.83333519393468,1.0020315861363827,Normal market quality,False,0,False,Normal,Official ECB inputs; RepoLens derived analytics
2023-12-14,3.907,0.2000000000000223,0.4198684004355448,0.4644312355912999,Normal,False,False,False,4.0,False,-9.299999999999995,1.159934509783886,Normal transmission,False,58391,2.114301703333221,33,0.0,705,-1.0,5.000000000000027,0.0,51.43421114245954,0.6008759485248589,Normal market quality,False,0,False,Normal,Official ECB inputs; RepoLens derived analytics
2023-12-15,3.904,-0.3000000000000113,0.4153628724255052,-0.7463353625945672,Normal,False,False,False,4.0,False,-9.600000000000009,0.5122645134538186,Normal transmission,False,57164,-2.101351235635629,33,0.0,703,-2.0,6.000000000000005,0.9999999999999787,49.73371062080948,-1.7005005216500564,Normal market quality,False,0,False,Normal,Official ECB inputs; RepoLens derived analytics
2023-12-18,3.901,-0.3000000000000113,0.4204008112567772,-0.6898178886312397,Normal,False,False,False,4.0,False,-9.90000000000002,-0.1310683276110709,Normal transmission,False,62364,9.096634245329227,32,-1.0,723,20.0,8.000000000000007,2.0000000000000018,49.37421830193228,-0.35949231887720146,Normal market quality,False,0,False,Normal,Official ECB inputs; RepoLens derived analytics
2023-12-19,3.901,0.0,0.4180153610877906,-4.249501345543098e-16,Normal,False,False,False,4.0,False,-9.90000000000002,-0.1204165361492391,Normal transmission,False,58361,-6.418767237508815,33,1.0,716,-7.0,8.000000000000007,0.0,48.83915288659736,-0.5350654153349197,Normal market quality,False,0,False,Normal,Official ECB inputs; RepoLens derived analytics
2023-12-20,3.901,0.0,0.4173538193504502,0.0119802425859747,Normal,False,False,False,4.0,False,-9.90000000000002,-0.1063344207135261,Normal transmission,False,57872,-0.8378883158273509,33,0.0,696,-20.0,8.000000000000007,0.0,47.66936490950437,-1.1697879770929944,Normal market quality,False,0,False,Normal,Official ECB inputs; RepoLens derived analytics
2023-12-21,3.899,-0.1999999999999779,0.4196176204218705,-0.4408775775764237,Normal,False,False,False,4.0,False,-10.099999999999998,-0.523916263798002,Normal transmission,False,54035,-6.630149294995857,33,0.0,667,-29.0,8.000000000000007,0.0,44.24838578346171,-3.42097912604266,Normal market quality,False,0,False,Normal,Official ECB inputs; RepoLens derived analytics
2023-12-22,3.899,0.0,0.4165964853176751,0.0600101078167656,Normal,False,False,False,4.0,False,-10.099999999999998,-0.7541281901279143,Normal transmission,False,51884,-3.98075321550847,33,0.0,644,-23.0,8.000000000000007,0.0,42.03838337192731,-2.210002411534397,Normal market quality,False,0,False,Normal,Official ECB inputs; RepoLens derived analytics
2023-12-27,3.9,0.0999999999999889,0.4171015274613829,0.2757122485259577,Normal,False,False,False,4.0,False,-10.000000000000009,-0.4791786446042101,Normal transmission,False,52552,1.2874874720530505,34,1.0,631,-13.0,8.000000000000007,0.0,43.09376097828941,1.0553776063621,Normal market quality,False,0,False,Normal,Official ECB inputs; RepoLens derived analytics
2023-12-28,3.9,0.0,0.4171015274613829,0.0359624671990422,Normal,False,False,False,4.0,False,-10.000000000000009,-0.4791786446042101,Normal transmission,False,57717,9.828360481047337,33,-1.0,632,1.0,8.000000000000007,0.0,44.04844529356216,0.9546843152727504,Normal market quality,False,0,False,Normal,Official ECB inputs; RepoLens derived analytics
2023-12-29,3.882,-1.7999999999999794,0.5776540578290821,-2.9429378655952942,Sharp easing,True,True,True,4.0,False,-11.799999999999988,-4.440541150227305,Unusually below policy rate,True,43965,-23.8266022142523,30,-3.0,517,-115.0,10.000000000000009,2.0000000000000018,22.56803528589067,-21.48041000767149,Weak market quality,True,3,True,High attention,Official ECB inputs; RepoLens derived analytics
2024-01-02,3.906,2.400000000000002,0.7601073331410666,3.0587785416990707,Sharp tightening,True,False,False,4.0,False,-9.399999999999986,1.026181302802152,Normal transmission,False,63141,43.616513135448656,32,2.0,621,104.0,5.000000000000027,-4.999999999999982,48.10875932537588,25.54072403948521,Normal market quality,False,1,True,Monitor,Official ECB inputs; RepoLens derived analytics
2024-01-03,3.904,-0.2000000000000223,0.7048702754856723,-0.2837401532675184,Normal,False,False,False,4.0,False,-9.600000000000009,0.5529109148375118,Normal transmission,False,65797,4.206458560998394,33,1.0,688,67.0,5.000000000000027,0.0,54.91049318204583,6.801733856669955,Normal market quality,False,0,False,Normal,Official ECB inputs; RepoLens derived analytics
2024-01-04,3.902,-0.1999999999999779,0.7062875514004526,-0.2690122452579552,Normal,False,False,False,4.0,False,-9.799999999999986,0.0909824008483264,Normal transmission,False,65145,-0.9909266379926174,32,-1.0,676,-12.0,7.000000000000028,2.0000000000000018,49.7841597322375,-5.126333449808335,Normal market quality,False,0,False,Normal,Official ECB inputs; RepoLens derived analytics
2024-01-05,3.905,0.2999999999999669,0.7093362353192808,0.4229306005563542,Normal,False,False,False,4.0,False,-9.50000000000002,0.7492264051577537,Normal transmission,False,63913,-1.891165860772126,33,1.0,661,-15.0,5.000000000000027,-2.0000000000000018,52.513505557592445,2.7293458253549474,Normal market quality,False,0,False,Normal,Official ECB inputs; RepoLens derived analytics
2024-01-08,3.904,-0.0999999999999889,0.7093362353192808,-0.1409768668521183,Normal,False,False,False,4.0,False,-9.600000000000009,0.5098016863529755,Normal transmission,False,64352,0.6868712155586598,33,0.0,678,17.0,5.000000000000027,0.0,53.595118712066586,1.081613154474141,Normal market quality,False,0,False,Normal,Official ECB inputs; RepoLens derived analytics
2024-01-09,3.904,0.0,0.7089465869570026,-0.0070527174994395,Normal,False,False,False,4.0,False,-9.600000000000009,0.4975320506964397,Normal transmission,False,63395,-1.4871332670313264,33,0.0,703,25.0,5.000000000000027,0.0,54.137852853077554,0.5427341410109676,Normal market quality,False,0,False,Normal,Official ECB inputs; RepoLens derived analytics
2024-01-10,3.906,0.2000000000000223,0.710281634283253,0.2604600641078177,Normal,False,False,False,4.0,False,-9.399999999999986,0.9320648709694692,Normal transmission,False,59353,-6.375897152772303,33,0.0,689,-14.0,5.000000000000027,0.0,50.917781838784585,-3.2200710142929694,Normal market quality,False,0,False,Normal,Official ECB inputs; RepoLens derived analytics
2024-01-11,3.905,-0.1000000000000334,0.7102816342832532,-0.1619076074183991,Normal,False,False,False,4.0,False,-9.50000000000002,0.693357372736942,Normal transmission,False,59616,0.44311155291223425,33,0.0,678,-11.0,5.000000000000027,0.0,50.61421548808968,-0.3035663506949078,Normal market quality,False,0,False,Normal,Official ECB inputs; RepoLens derived analytics
2024-01-12,3.904,-0.0999999999999889,0.7074602462330233,-0.1342831636206151,Normal,False,False,False,4.0,False,-9.600000000000009,0.4696937041121315,Normal transmission,False,57373,-3.7624127750939373,33,0.0,673,-5.0,5.000000000000027,0.0,48.97240857129272,-1.6418069167969591,Normal market quality,False,0,False,Normal,Official ECB inputs; RepoLens derived analytics
2024-01-15,3.902,-0.1999999999999779,0.7087980931423241,-0.2610052168450634,Normal,False,False,False,4.0,False,-9.799999999999986,0.0261075644031165,Normal transmission,False,54460,-5.077301169539683,32,-1.0,682,9.0,8.000000000000007,2.9999999999999805,42.32637696934948,-6.6460316019432355,Normal market quality,False,0,False,Normal,Official ECB inputs; RepoLens derived analytics
2024-01-16,3.905,0.2999999999999669,0.710744605844413,0.436162297189251,Normal,False,False,False,4.0,False,-9.50000000000002,0.697444934767974,Normal transmission,False,59040,8.409842085934628,33,1.0,714,32.0,7.000000000000028,-0.9999999999999787,49.95147102674566,7.625094057396176,Normal market quality,False,0,False,Normal,Official ECB inputs; RepoLens derived analytics
2024-01-17,3.904,-0.0999999999999889,0.7078507127770903,-0.1412727262895053,Normal,False,False,False,4.0,False,-9.600000000000009,0.4784626714625196,Normal transmission,False,59594,0.9383468834688324,33,0.0,700,-14.0,7.000000000000028,0.0,49.690689360360935,-0.2607816663847231,Normal market quality,False,0,False,Normal,Official ECB inputs; RepoLens derived analytics
2024-01-18,3.907,0.3000000000000113,0.707181209562289,0.3817974747478472,Normal,False,False,False,4.0,False,-9.299999999999995,1.135879377686147,Normal transmission,False,57406,-3.671510554753832,32,-1.0,650,-50.0,5.000000000000027,-2.0000000000000018,45.9419060203467,-3.748783340014235,Normal market quality,False,0,False,Normal,Official ECB inputs; RepoLens derived analytics
2024-01-19,3.904,-0.3000000000000113,0.7110222440817413,-0.4430241143957779,Normal,False,False,False,4.0,False,-9.600000000000009,0.4677150378707478,Normal transmission,False,59307,3.3115005400132347,33,1.0,698,48.0,7.000000000000028,2.0000000000000018,49.45034662237229,3.508440602025587,Normal market quality,False,0,False,Normal,Official ECB inputs; RepoLens derived analytics
2024-01-22,3.902,-0.1999999999999779,0.7126488764130054,-0.2876591920439302,Normal,False,False,False,4.0,False,-9.799999999999986,0.0148710362510797,Normal transmission,False,61554,3.7887601800799198,33,0.0,706,8.0,8.000000000000007,0.9999999999999787,50.22933855049824,0.7789919281259543,Normal market quality,False,0,False,Normal,Official ECB inputs; RepoLens derived analytics
2024-01-23,3.902,0.0,0.7110222440817413,-0.0210963863997991,Normal,False,False,False,4.0,False,-9.799999999999986,0.0111574339279746,Normal transmission,False,61212,-0.5556097085485878,33,0.0,713,7.0,8.000000000000007,0.0,50.31464657679533,0.085308026297092,Normal market quality,False,0,False,Normal,Official ECB inputs; RepoLens derived analytics
2024-01-24,3.905,0.2999999999999669,0.7138479861766845,0.3782317877592782,Normal,False,False,False,4.0,False,-9.50000000000002,0.6708665562010026,Normal transmission,False,56822,-7.171796379794815,33,0.0,704,-9.0,7.000000000000028,-0.9999999999999787,48.07855633474813,-2.2360902420472044,Normal market quality,False,0,False,Normal,Official ECB inputs; RepoLens derived analytics
2024-01-25,3.905,0.0,0.7136820757615011,-0.0350296033052596,Normal,False,False,False,4.0,False,-9.50000000000002,0.6487366536597226,Normal transmission,False,57863,1.8320368871211912,33,0.0,701,-3.0,7.000000000000028,0.0,48.59725936865375,0.5187030339056236,Normal market quality,False,0,False,Normal,Official ECB inputs; RepoLens derived analytics
2024-01-26,3.904,-0.0999999999999889,0.7142165380036937,-0.1680162718373914,Normal,False,False,False,4.0,False,-9.600000000000009,0.4249759688764457,Normal transmission,False,54908,-5.10689041356307,33,0.0,676,-25.0,7.000000000000028,0.0,45.52735818023047,-3.0699011884232803,Normal market quality,False,0,False,Normal,Official ECB inputs; RepoLens derived analytics
2024-01-29,3.907,0.3000000000000113,0.5729655082850117,0.3054285074224065,Normal,False,False,False,4.0,False,-9.299999999999995,1.204912438001882,Normal transmission,False,54126,-1.4242004808042497,34,1.0,699,23.0,5.000000000000027,-2.0000000000000018,50.29058152420431,4.763223343973841,Normal market quality,False,0,False,Normal,Official ECB inputs; RepoLens derived analytics
2024-01-30,3.907,0.0,0.2038446260734827,-0.024528485721263,Normal,False,False,False,4.0,False,-9.299999999999995,1.1727814634528635,Normal transmission,False,58289,7.691312862579913,34,0.0,713,14.0,5.000000000000027,0.0,53.64613802570394,3.3555565014996276,Normal market quality,False,0,False,Normal,Official ECB inputs; RepoLens derived analytics
2024-01-31,3.894,-1.29999999999999,0.3546681176597347,-3.52442167130238,Sharp easing,True,True,False,4.0,False,-10.599999999999987,-2.1872885499857437,Unusually below policy rate,True,49340,-15.352810993497911,33,-1.0,637,-76.0,8.000000000000007,2.9999999999999805,39.06711761950842,-14.579020406195518,Normal market quality,True,3,True,High attention,Official ECB inputs; RepoLens derived analytics
2024-02-01,3.905,1.0999999999999677,0.4356181331106666,2.4907135803833267,Sharp tightening,True,False,False,4.0,False,-9.50000000000002,0.6220216142696323,Normal transmission,False,60544,22.707742197000403,34,1.0,719,82.0,6.000000000000005,-2.0000000000000018,54.36088932897241,15.29377170946399,Normal market quality,False,1,True,Monitor,Official ECB inputs; RepoLens derived analytics
2024-02-02,3.906,0.1000000000000334,0.4310025033509942,0.2204163531798948,Normal,False,False,False,4.0,False,-9.399999999999986,0.8569427706776652,Normal transmission,False,60803,0.4277880549682811,33,-1.0,684,-35.0,5.000000000000027,-0.9999999999999787,51.85948747234817,-2.5014018566242413,Normal market quality,False,0,False,Normal,Official ECB inputs; RepoLens derived analytics
2024-02-05,3.907,0.0999999999999889,0.4307582054691869,0.1973264790334178,Normal,False,False,False,4.0,False,-9.299999999999995,1.0806467643068198,Normal transmission,False,62552,2.8765028041379592,33,0.0,701,17.0,5.000000000000027,0.0,53.77875381775631,1.9192663454081398,Normal market quality,False,0,False,Normal,Official ECB inputs; RepoLens derived analytics
2024-02-06,3.908,0.0999999999999889,0.4311551192345883,0.185548069432666,Normal,False,False,False,4.0,False,-9.200000000000008,1.2900732804462258,Normal transmission,False,50643,-19.038559918148103,34,1.0,652,-49.0,5.000000000000027,0.0,46.003623262476594,-7.775130555279716,Normal market quality,False,0,False,Normal,Official ECB inputs; RepoLens derived analytics
2024-02-07,3.908,0.0,0.4290748922484059,-0.0233059546961553,Normal,False,False,False,4.0,False,-9.200000000000008,1.256889598917446,Normal transmission,False,58025,14.576545623284565,34,0.0,702,50.0,5.000000000000027,0.0,53.08730317337532,7.083679910898724,Normal market quality,False,0,False,Normal,Official ECB inputs; RepoLens derived analytics
2024-02-08,3.908,0.0,0.4283075628810897,-0.0350215623070031,Normal,False,False,False,4.0,False,-9.200000000000008,1.2203862389897826,Normal transmission,False,58648,1.0736751400258537,35,1.0,685,-17.0,5.000000000000027,0.0,54.83282324577667,1.745520072401355,Normal market quality,False,0,False,Normal,Official ECB inputs; RepoLens derived analytics
2024-02-09,3.91,0.2000000000000223,0.4293201479942104,0.3959748937809311,Normal,False,False,False,4.0,False,-8.999999999999986,1.636200151775738,Normal transmission,False,57342,-2.2268449051971118,34,-1.0,655,-30.0,5.000000000000027,0.0,50.47949612881125,-4.353327116965424,Normal market quality,False,0,False,Normal,Official ECB inputs; RepoLens derived analytics
2024-02-12,3.909,-0.1000000000000334,0.4270769682881445,-0.3161022720123572,Normal,False,False,False,4.0,False,-9.10000000000002,1.348585199891439,Normal transmission,False,56457,-1.5433713508423152,34,0.0,684,29.0,5.000000000000027,0.0,51.24916838674719,0.7696722579359445,Normal market quality,False,0,False,Normal,Official ECB inputs; RepoLens derived analytics
2024-02-13,3.909,0.0,0.4225237458292281,-0.0473346177520721,Normal,False,False,False,4.0,False,-9.10000000000002,1.3212107593408686,Normal transmission,False,57648,2.1095701153089896,34,0.0,706,22.0,5.000000000000027,0.0,53.02218052201772,1.7730121352705268,Normal market quality,False,0,False,Normal,Official ECB inputs; RepoLens derived analytics
2024-02-14,3.911,0.2000000000000223,0.4233637231806147,0.3897358015477146,Normal,False,False,False,4.0,False,-8.899999999999997,1.709273844338808,Normal transmission,False,54570,-5.339300582847628,33,-1.0,676,-30.0,5.000000000000027,0.0,47.56694494683154,-5.45523557518618,Normal market quality,False,0,False,Normal,Official ECB inputs; RepoLens derived analytics
2024-02-15,3.911,0.0,0.418770129131389,-0.0477588982802667,Normal,False,False,False,4.0,False,-8.899999999999997,1.639757432729137,Normal transmission,False,54353,-0.39765438885834836,33,0.0,675,-1.0,5.000000000000027,0.0,47.41278372218332,-0.15416122464822024,Normal market quality,False,0,False,Normal,Official ECB inputs; RepoLens derived analytics
2024-02-16,3.909,-0.2000000000000223,0.4153311931460107,-0.5417363388858749,Normal,False,False,False,4.0,False,-9.10000000000002,1.1558338725138673,Normal transmission,False,55849,2.752377973616915,33,0.0,677,2.0,5.000000000000027,0.0,48.49164656501503,1.078862842831711,Normal market quality,False,0,False,Normal,Official ECB inputs; RepoLens derived analytics
2024-02-19,3.91,0.1000000000000334,0.4121828924666754,0.1455664490123983,Normal,False,False,False,4.0,False,-8.999999999999986,1.3277211095467334,Normal transmission,False,59840,7.146054539920144,33,0.0,706,29.0,5.000000000000027,0.0,52.38153872238917,3.889892157374142,Normal market quality,False,0,False,Normal,Official ECB inputs; RepoLens derived analytics
2024-02-20,3.911,0.0999999999999889,0.4122786487445304,0.1334049196277205,Normal,False,False,False,4.0,False,-8.899999999999997,1.4853364686679127,Normal transmission,False,58872,-1.6176470588235348,35,2.0,721,15.0,5.000000000000027,0.0,56.68778555043944,4.30624682805027,Normal market quality,False,0,False,Normal,Official ECB inputs; RepoLens derived analytics
2024-02-21,3.91,-0.0999999999999889,0.4089460136807222,-0.3056638182505491,Normal,False,False,False,4.0,False,-8.999999999999986,1.2342786151339142,Normal transmission,False,60918,3.4753363228699596,36,1.0,745,24.0,5.000000000000027,0.0,61.13938350924055,4.451597958801109,Normal market quality,False,0,False,Normal,Official ECB inputs; RepoLens derived analytics
2024-02-22,3.909,-0.1000000000000334,0.4098780306384946,-0.2927700218845628,Normal,False,False,False,4.0,False,-9.10000000000002,0.994749845054649,Normal transmission,False,59229,-2.772579533142916,35,-1.0,708,-37.0,5.000000000000027,0.0,56.16196488470192,-4.977418624538629,Normal market quality,False,0,False,Normal,Official ECB inputs; RepoLens derived analytics
2024-02-23,3.907,-0.1999999999999779,0.4120232492163849,-0.5218152140901781,Normal,False,False,False,4.0,False,-9.299999999999995,0.5622436208322842,Normal transmission,False,57685,-2.6068311131371424,35,0.0,680,-28.0,5.000000000000027,0.0,53.84514664131392,-2.3168182433880062,Normal market quality,False,0,False,Normal,Official ECB inputs; RepoLens derived analytics
2024-02-26,3.904,-0.3000000000000113,0.4120232492163849,-0.6917085396080056,Normal,False,False,False,4.0,False,-9.600000000000009,-0.0695475269250878,Normal transmission,False,58665,1.6988818583687282,35,0.0,736,56.0,7.000000000000028,2.0000000000000018,54.71728093503879,0.8721342937248693,Normal market quality,False,0,False,Normal,Official ECB inputs; RepoLens derived analytics
2024-02-27,3.905,0.0999999999999889,0.4128208481068625,0.2664594109150112,Normal,False,False,False,4.0,False,-9.50000000000002,0.0971132430323641,Normal transmission,False,54374,-7.314412341259691,34,-1.0,721,-15.0,7.000000000000028,0.0,49.18317577786169,-5.534105157177095,Normal market quality,False,0,False,Normal,Official ECB inputs; RepoLens derived analytics
2024-02-28,3.906,0.1000000000000334,0.2798495836583936,0.1429339271373021,Normal,False,False,False,4.0,False,-9.399999999999986,0.3135281454573377,Normal transmission,False,54779,0.7448412844374142,33,-1.0,700,-21.0,8.000000000000007,0.9999999999999787,45.32865633570261,-3.8545194421590807,Normal market quality,False,0,False,Normal,Official ECB inputs; RepoLens derived analytics
2024-02-29,3.887,-1.9000000000000128,0.447095892222467,-4.048348534366292,Sharp easing,True,True,False,4.0,False,-11.3,-3.456330131555228,Unusually below policy rate,True,48678,-11.13747969112251,32,-1.0,601,-99.0,8.000000000000007,0.0,34.924801717947005,-10.403854617755606,Weak market quality,True,3,True,High attention,Official ECB inputs; RepoLens derived analytics
2024-03-01,3.904,1.6999999999999904,0.5999122742886676,2.8504167580628104,Sharp tightening,True,False,False,4.0,False,-9.600000000000009,-0.0598864249928238,Normal transmission,False,56267,15.590205020748593,33,1.0,653,52.0,8.000000000000007,0.0,44.29345323513183,9.368651517184823,Normal market quality,False,1,True,Monitor,Official ECB inputs; RepoLens derived analytics
2024-03-04,3.903,-0.0999999999999889,0.599649020151386,-0.1334113745066948,Normal,False,False,False,4.0,False,-9.699999999999998,-0.2560439496622754,Normal transmission,False,56355,0.15639717774182937,34,1.0,679,26.0,8.000000000000007,0.0,47.60178295247022,3.3083297173383883,Normal market quality,False,0,False,Normal,Official ECB inputs; RepoLens derived analytics
2024-03-05,3.911,0.8000000000000007,0.6268341508179619,1.252324875687845,Mild tightening,False,False,False,4.0,False,-8.899999999999997,1.295079017674524,Normal transmission,False,60001,6.469701002572981,33,-1.0,709,30.0,5.000000000000027,-2.9999999999999805,52.612933867174895,5.011150914704679,Normal market quality,False,0,False,Normal,Official ECB inputs; RepoLens derived analytics
2024-03-06,3.905,-0.6000000000000227,0.6417697570412066,-0.9115418630773228,Normal,False,False,False,4.0,False,-9.50000000000002,0.1082580329011217,Normal transmission,False,61562,2.6016233062782224,35,2.0,716,7.0,7.000000000000028,2.0000000000000018,55.76210488816297,3.149171020988078,Normal market quality,False,0,False,Normal,Official ECB inputs; RepoLens derived analytics
2024-03-07,3.908,0.3000000000000113,0.6456331042188405,0.4646601886422551,Normal,False,False,False,4.0,False,-9.200000000000008,0.6777392880486696,Normal transmission,False,58563,-4.871511646795101,34,-1.0,687,-29.0,5.000000000000027,-2.0000000000000018,52.74518540884624,-3.0169194793167335,Normal market quality,False,0,False,Normal,Official ECB inputs; RepoLens derived analytics
2024-03-08,3.907,-0.0999999999999889,0.6442253610263813,-0.131941406132423,Normal,False,False,False,4.0,False,-9.299999999999995,0.4738572384323515,Normal transmission,False,58206,-0.6095999180369849,36,2.0,684,-3.0,5.000000000000027,0.0,56.43236166993292,3.6871762610866767,Normal market quality,False,0,False,Normal,Official ECB inputs; RepoLens derived analytics
2024-03-11,3.904,-0.3000000000000113,0.6471597866630636,-0.4249336959238286,Normal,False,False,False,4.0,False,-9.600000000000009,-0.1111059224905938,Normal transmission,False,61001,4.80191045596674,35,-1.0,753,69.0,7.000000000000028,2.0000000000000018,57.00491326482192,0.5725515948890063,Normal market quality,False,0,False,Normal,Official ECB inputs; RepoLens derived analytics
2024-03-12,3.905,0.0999999999999889,0.6477491392263819,0.1852569038429088,Normal,False,False,False,4.0,False,-9.50000000000002,0.0916723811744067,Normal transmission,False,61699,1.1442435369912074,34,-1.0,760,7.0,7.000000000000028,0.0,55.72427180470068,-1.2806414601212452,Normal market quality,False,0,False,Normal,Official ECB inputs; RepoLens derived analytics
2024-03-13,3.907,0.2000000000000223,0.6477491392263819,0.3396376570453989,Normal,False,False,False,4.0,False,-9.299999999999995,0.4738572384323515,Normal transmission,False,61667,-0.05186469796917281,34,0.0,753,-7.0,5.000000000000027,-2.0000000000000018,57.67820765736911,1.9539358526684296,Normal market quality,False,0,False,Normal,Official ECB inputs; RepoLens derived analytics
2024-03-14,3.908,0.0999999999999889,0.6482973651684141,0.1773877331278599,Normal,False,False,False,4.0,False,-9.200000000000008,0.6474787730741952,Normal transmission,False,54465,-11.6788557899687,33,-1.0,699,-54.0,5.000000000000027,0.0,48.64802840439671,-9.030179252972395,Normal market quality,False,0,False,Normal,Official ECB inputs; RepoLens derived analytics
2024-03-15,3.909,0.0999999999999889,0.6472614374587362,0.1544970767802986,Normal,False,False,False,4.0,False,-9.10000000000002,0.8165297963747042,Normal transmission,False,50279,-7.685669696135133,31,-2.0,676,-23.0,5.000000000000027,0.0,40.94614996778565,-7.701878436611061,Normal market quality,False,0,False,Normal,Official ECB inputs; RepoLens derived analytics
2024-03-18,3.909,0.0,0.646834396767984,0.0077299537949509,Normal,False,False,False,4.0,False,-9.10000000000002,0.7899895862997746,Normal transmission,False,52074,3.5700789594065085,31,0.0,690,14.0,5.000000000000027,0.0,42.81009441581442,1.863944448028768,Normal market quality,False,0,False,Normal,Official ECB inputs; RepoLens derived analytics
2024-03-19,3.908,-0.0999999999999889,0.6466716404222566,-0.1314422879971761,Normal,False,False,False,4.0,False,-9.200000000000008,0.5699096648727116,Normal transmission,False,52315,0.462802934285822,35,4.0,713,23.0,7.000000000000028,2.0000000000000018,49.62633937781703,6.816244962002614,Normal market quality,False,0,False,Normal,Official ECB inputs; RepoLens derived analytics
2024-03-20,3.908,0.0,0.6463663618137218,0.015471102134617,Normal,False,False,False,4.0,False,-9.200000000000008,0.5457916346372333,Normal transmission,False,53336,1.9516391092420982,32,-3.0,705,-8.0,5.000000000000027,-2.0000000000000018,46.37138588800154,-3.2549534898154917,Normal market quality,False,0,False,Normal,Official ECB inputs; RepoLens derived analytics
2024-03-21,3.907,-0.0999999999999889,0.6463663618137214,-0.1392399192115255,Normal,False,False,False,4.0,False,-9.299999999999995,0.3256393718290381,Normal transmission,False,51665,-3.1329683515824214,35,3.0,691,-14.0,7.000000000000028,2.0000000000000018,48.26306353120184,1.8916776432002962,Normal market quality,False,0,False,Normal,Official ECB inputs; RepoLens derived analytics
2024-03-22,3.909,0.1999999999999779,0.6463663618137214,0.2939509405576642,Normal,False,False,False,4.0,False,-9.10000000000002,0.7024570583157779,Normal transmission,False,53545,3.6388270589373883,33,-2.0,683,-8.0,5.000000000000027,-2.0000000000000018,47.50620444004043,-0.7568590911614095,Normal market quality,False,0,False,Normal,Official ECB inputs; RepoLens derived analytics
2024-03-25,3.909,0.0,0.642261628933331,-0.038924947208071,Normal,False,False,False,4.0,False,-9.10000000000002,0.7797889508900728,Normal transmission,False,51328,-4.140442618358387,33,0.0,680,-3.0,5.000000000000027,0.0,45.96468031326039,-1.5415241267800397,Normal market quality,False,0,False,Normal,Official ECB inputs; RepoLens derived analytics
2024-03-26,3.906,-0.2999999999999669,0.6460202049961384,-0.4721214563278124,Normal,False,False,False,4.0,False,-9.399999999999986,0.0043082262480582,Normal transmission,False,49284,-3.982231920199497,34,1.0,704,24.0,8.000000000000007,2.9999999999999805,44.30066932045416,-1.6640109928062259,Normal market quality,False,0,False,Normal,Official ECB inputs; RepoLens derived analytics
2024-03-27,3.906,0.0,0.6456331042188376,-2.751341013638845e-16,Normal,False,False,False,4.0,False,-9.399999999999986,-0.0043180178693346,Normal transmission,False,49994,1.4406298190081879,34,0.0,717,13.0,7.000000000000028,-0.9999999999999787,46.5282004964584,2.2275311760042413,Normal market quality,False,0,False,Normal,Official ECB inputs; RepoLens derived analytics
2024-03-28,3.899,-0.7000000000000117,0.4988407614291866,-1.523532274753571,Mild easing,False,True,True,4.0,False,-10.099999999999998,-1.7720235608087815,Normal transmission,False,47327,-5.334640156818815,33,-1.0,650,-67.0,8.000000000000007,0.9999999999999787,38.68598144142527,-7.842219055033134,Normal market quality,True,1,True,Monitor,Official ECB inputs; RepoLens derived analytics
2024-04-02,3.906,0.7000000000000117,0.3552612085717843,1.9422328792212855,Mild tightening,False,False,False,4.0,False,-9.399999999999986,0.0042415006674755,Normal transmission,False,53324,12.671413780717145,34,1.0,710,60.0,8.000000000000007,0.0,47.27299657364418,8.587015132218909,Normal market quality,False,0,False,Normal,Official ECB inputs; RepoLens derived analytics
2024-04-03,3.911,0.4999999999999893,0.370490428884245,1.2415975262446262,Mild tightening,False,False,False,4.0,False,-8.899999999999997,1.2332580786324625,Normal transmission,False,55214,3.544370264796348,34,0.0,717,7.0,5.000000000000027,-2.9999999999999805,52.213950327684216,4.940953754040038,Normal market quality,False,0,False,Normal,Official ECB inputs; RepoLens derived analytics
2024-04-04,3.912,0.0999999999999889,0.3252124811486048,0.2921167098644637,Normal,False,False,False,4.0,False,-8.800000000000008,1.4290565823362495,Normal transmission,False,55759,0.9870684971202914,35,1.0,704,-13.0,5.000000000000027,0.0,53.91085074859323,1.6969004209090102,Normal market quality,False,0,False,Normal,Official ECB inputs; RepoLens derived analytics
2024-04-05,3.907,-0.4999999999999893,0.3160612865287333,-1.6136110992942705,Mild easing,False,False,False,4.0,False,-9.299999999999995,0.1858100040560087,Normal transmission,False,55061,-1.2518158503559973,35,0.0,702,-2.0,7.000000000000028,2.0000000000000018,51.07810111590409,-2.8327496326891364,Normal market quality,False,0,False,Normal,Official ECB inputs; RepoLens derived analytics
2024-04-08,3.908,0.0999999999999889,0.3094987458525524,0.3231030863292402,Normal,False,False,False,4.0,False,-9.200000000000008,0.4208739040772191,Normal transmission,False,56650,2.885890194511531,33,-2.0,660,-42.0,5.000000000000027,-2.0000000000000018,48.50519087342949,-2.572910242474599,Normal market quality,False,0,False,Normal,Official ECB inputs; RepoLens derived analytics
2024-04-09,3.909,0.0999999999999889,0.3093286448527005,0.2909526857522267,Normal,False,False,False,4.0,False,-9.10000000000002,0.6472835913745231,Normal transmission,False,55192,-2.573698146513681,34,1.0,606,-54.0,5.000000000000027,0.0,47.1158918960247,-1.389298977404792,Normal market quality,False,0,False,Normal,Official ECB inputs; RepoLens derived analytics
2024-04-10,3.907,-0.1999999999999779,0.304829546848186,-0.7053122055358203,Normal,False,False,False,4.0,False,-9.299999999999995,0.1332674687985638,Normal transmission,False,56812,2.935208001159584,35,1.0,623,17.0,5.000000000000027,0.0,50.88781342704761,3.7719215310229117,Normal market quality,False,0,False,Normal,Official ECB inputs; RepoLens derived analytics
2024-04-11,3.907,0.0,0.3041813863298759,-0.032875121389435,Normal,False,False,False,4.0,False,-9.299999999999995,0.1250662602750212,Normal transmission,False,53674,-5.523480954727877,35,0.0,664,41.0,5.000000000000027,0.0,50.70807951355981,-0.17973391348780154,Normal market quality,False,0,False,Normal,Official ECB inputs; RepoLens derived analytics
2024-04-12,3.91,0.3000000000000113,0.3082633870403119,0.9245340575030432,Normal,False,False,False,4.0,False,-8.999999999999986,0.8480259658774556,Normal transmission,False,50091,-6.675485337407306,35,0.0,662,-2.0,5.000000000000027,0.0,48.3364139891633,-2.371665524396512,Normal market quality,False,0,False,Normal,Official ECB inputs; RepoLens derived analytics
2024-04-15,3.907,-0.3000000000000113,0.3153527682154456,-0.9354603153458644,Normal,False,False,False,4.0,False,-9.299999999999995,0.0997677606914757,Normal transmission,False,58827,17.440258729113012,35,0.0,710,48.0,7.000000000000028,2.0000000000000018,53.75989195235242,5.4234779631891215,Normal market quality,False,0,False,Normal,Official ECB inputs; RepoLens derived analytics
2024-04-16,3.911,0.4000000000000003,0.3275105462345127,1.1908013481823605,Mild tightening,False,False,False,4.0,False,-8.899999999999997,1.0617708478668295,Normal transmission,False,54841,-6.775800227786566,35,0.0,731,21.0,5.000000000000027,-2.0000000000000018,54.44085124778301,0.6809592954305899,Normal market quality,False,0,False,Normal,Official ECB inputs; RepoLens derived analytics
2024-04-17,3.908,-0.3000000000000113,0.3347819400274057,-0.881170591149161,Normal,False,False,False,4.0,False,-9.200000000000008,0.2966225487492842,Normal transmission,False,54236,-1.1031892197443494,35,0.0,754,23.0,7.000000000000028,2.0000000000000018,52.79761792312844,-1.6432333246545667,Normal market quality,False,0,False,Normal,Official ECB inputs; RepoLens derived analytics
2024-04-18,3.909,0.0999999999999889,0.3347819400274057,0.2837668005395169,Normal,False,False,False,4.0,False,-9.10000000000002,0.5234382764610618,Normal transmission,False,51051,-5.87248322147651,35,0.0,723,-31.0,7.000000000000028,0.0,49.34527107949583,-3.4523468436326112,Normal market quality,False,0,False,Normal,Official ECB inputs; RepoLens derived analytics
2024-04-19,3.91,0.1000000000000334,0.3354494235940292,0.2682967793945377,Normal,False,False,False,4.0,False,-8.999999999999986,0.7534610954041722,Normal transmission,False,50231,-1.6062369003545518,34,-1.0,718,-5.0,5.000000000000027,-2.0000000000000018,48.95077811732278,-0.39449296217305374,Normal market quality,False,0,False,Normal,Official ECB inputs; RepoLens derived analytics
2024-04-22,3.91,0.0,0.3344673691897678,-0.0448474242385365,Normal,False,False,False,4.0,False,-8.999999999999986,0.7306723441165619,Normal transmission,False,55072,9.637474866118524,35,1.0,738,20.0,5.000000000000027,0.0,54.83900039526116,5.888222277938382,Normal market quality,False,0,False,Normal,Official ECB inputs; RepoLens derived analytics
2024-04-23,3.908,-0.2000000000000223,0.3347819400274078,-0.5824686958444022,Normal,False,False,False,4.0,False,-9.200000000000008,0.2109950097051785,Normal transmission,False,53919,-2.093622893666469,35,0.0,724,-14.0,7.000000000000028,2.0000000000000018,51.17379293843921,-3.665207456821946,Normal market quality,False,0,False,Normal,Official ECB inputs; RepoLens derived analytics
2024-04-24,3.911,0.3000000000000113,0.3416677364126693,0.848777830312153,Normal,False,False,False,4.0,False,-8.899999999999997,0.9463228559397178,Normal transmission,False,50665,-6.0349783935162,35,0.0,692,-32.0,5.000000000000027,-2.0000000000000018,49.9388158125397,-1.234977125899512,Normal market quality,False,0,False,Normal,Official ECB inputs; RepoLens derived analytics
2024-04-25,3.909,-0.2000000000000223,0.3375998877526799,-0.636848552975605,Normal,False,False,False,4.0,False,-9.10000000000002,0.4347788582441509,Normal transmission,False,49469,-2.3606039672357637,35,0.0,709,17.0,7.000000000000028,2.0000000000000018,47.63903165344195,-2.2997841590977544,Normal market quality,False,0,False,Normal,Official ECB inputs; RepoLens derived analytics
2024-04-26,3.907,-0.1999999999999779,0.3410124245306991,-0.6011511172418376,Normal,False,False,False,4.0,False,-9.299999999999995,-0.1347586444482315,Normal transmission,False,46571,-5.858214235177583,34,-1.0,713,4.0,7.000000000000028,0.0,44.13236569553087,-3.506665957911075,Normal market quality,True,1,True,Monitor,Official ECB inputs; RepoLens derived analytics
2024-04-29,3.906,-0.0999999999999889,0.2996050031204937,-0.4505932764603936,Normal,False,False,False,4.0,False,-9.399999999999986,-0.4193182735936165,Normal transmission,False,50848,9.183826845032318,34,0.0,746,33.0,7.000000000000028,0.0,48.34689860810554,4.214532912574668,Normal market quality,False,0,False,Normal,Official ECB inputs; RepoLens derived analytics
2024-04-30,3.889,-1.7000000000000348,0.4579990806702958,-3.526207951414293,Sharp easing,True,True,False,4.0,False,-11.10000000000002,-4.23784578055363,Unusually below policy rate,True,45502,-10.513687853996224,33,-1.0,619,-127.0,8.000000000000007,0.9999999999999787,36.20748550985161,-12.139413098253932,Normal market quality,True,3,True,High attention,Official ECB inputs; RepoLens derived analytics
2024-05-02,3.91,2.100000000000035,0.6605221220249314,3.1868728234973203,Sharp tightening,True,False,False,4.0,False,-8.999999999999986,0.6336802585434707,Normal transmission,False,51998,14.27629554744847,30,-3.0,601,-18.0,5.000000000000027,-2.9999999999999805,37.15347066985782,0.9459851600062095,Normal market quality,True,2,True,High attention,Official ECB inputs; RepoLens derived analytics
2024-05-03,3.908,-0.2000000000000223,0.6614179346000794,-0.2721426054297393,Normal,False,False,False,4.0,False,-9.200000000000008,0.1700117766823729,Normal transmission,False,42893,-17.510288857263745,30,0.0,498,-103.0,7.000000000000028,2.0000000000000018,26.127832570040653,-11.025638099817165,Weak market quality,True,1,True,Monitor,Official ECB inputs; RepoLens derived analytics
2024-05-06,3.909,0.0999999999999889,0.6520413290098651,0.1380280604860681,Normal,False,False,False,4.0,False,-9.10000000000002,0.3975387331204184,Normal transmission,False,45224,5.434453174177611,32,2.0,532,34.0,7.000000000000028,0.0,31.68324668125089,5.555414111210236,Weak market quality,True,1,True,Monitor,Official ECB inputs; RepoLens derived analytics
2024-05-07,3.906,-0.2999999999999669,0.6552621010349521,-0.4425709949376417,Normal,False,False,False,4.0,False,-9.399999999999986,-0.289329727577243,Normal transmission,False,53589,18.496815849991165,32,0.0,665,133.0,7.000000000000028,0.0,42.93040254398594,11.247155862735053,Normal market quality,False,0,False,Normal,Official ECB inputs; RepoLens derived analytics
2024-05-08,3.905,-0.1000000000000334,0.6550210924688273,-0.1221334716085357,Normal,False,False,False,4.0,False,-9.50000000000002,-0.5021703024328438,Normal transmission,False,45986,-14.187613129560173,33,1.0,539,-126.0,8.000000000000007,0.9999999999999787,33.359182713029085,-9.571219830956856,Weak market quality,True,1,True,Monitor,Official ECB inputs; RepoLens derived analytics
2024-05-09,3.901,-0.4000000000000003,0.6594255873586244,-0.5610943935039895,Normal,False,False,False,4.0,False,-9.90000000000002,-1.3774406687778795,Normal transmission,False,39153,-14.858870090897225,32,-1.0,394,-145.0,8.000000000000007,0.0,28.112756065071363,-5.246426647957723,Weak market quality,True,1,True,Monitor,Official ECB inputs; RepoLens derived analytics
2024-05-10,3.906,0.5000000000000338,0.670015710734972,0.7537136695586951,Normal,False,False,False,4.0,False,-9.399999999999986,-0.224793113074674,Normal transmission,False,49334,26.003115980895465,34,2.0,704,310.0,7.000000000000028,-0.9999999999999787,46.076258220837374,17.96350215576601,Normal market quality,False,0,False,Normal,Official ECB inputs; RepoLens derived analytics
2024-05-13,3.907,0.0999999999999889,0.6667083320314141,0.1724892197605995,Normal,False,False,False,4.0,False,-9.299999999999995,0.0191901551004817,Normal transmission,False,51449,4.287104228321237,34,0.0,724,20.0,7.000000000000028,0.0,48.23840115753544,2.162142936698068,Normal market quality,False,0,False,Normal,Official ECB inputs; RepoLens derived analytics
2024-05-14,3.907,0.0,0.6633249580711629,-2.677958695487045e-16,Normal,False,False,False,4.0,False,-9.299999999999995,0.0348081821824331,Normal transmission,False,51110,-0.6589049349841614,34,0.0,721,-3.0,7.000000000000028,0.0,47.87619237499026,-0.3622087825451814,Normal market quality,False,0,False,Normal,Official ECB inputs; RepoLens derived analytics
2024-05-15,3.908,0.0999999999999889,0.6571669658867079,0.1749935799722087,Normal,False,False,False,4.0,False,-9.200000000000008,0.2711410054149241,Normal transmission,False,50516,-1.1621991782430063,34,0.0,722,1.0,7.000000000000028,0.0,47.51248416094202,-0.3637082140482377,Normal market quality,False,0,False,Normal,Official ECB inputs; RepoLens derived analytics
2024-05-16,3.904,-0.4000000000000003,0.6598245380801938,-0.575910682415112,Normal,False,False,False,4.0,False,-9.600000000000009,-0.6360020063988066,Normal transmission,False,50866,0.692849790165484,34,0.0,708,-14.0,8.000000000000007,0.9999999999999787,46.00823590648033,-1.504248254461693,Normal market quality,False,0,False,Normal,Official ECB inputs; RepoLens derived analytics
2024-05-17,3.901,-0.3000000000000113,0.6620542194365914,-0.3927170802132667,Normal,False,False,False,4.0,False,-9.90000000000002,-1.2876148328447616,Normal transmission,False,43959,-13.578814925490502,34,0.0,583,-125.0,8.000000000000007,0.0,36.434071236848034,-9.574164669632296,Normal market quality,True,1,True,Monitor,Official ECB inputs; RepoLens derived analytics
2024-05-20,3.904,0.3000000000000113,0.6657801122704453,0.4956591431886503,Normal,False,False,False,4.0,False,-9.600000000000009,-0.5720662859328899,Normal transmission,False,40920,-6.913260083259399,33,-1.0,436,-147.0,5.000000000000027,-2.9999999999999805,33.542861793436856,-2.891209443411178,Weak market quality,True,1,True,Monitor,Official ECB inputs; RepoLens derived analytics
2024-05-21,3.912,0.8000000000000007,0.6912231721262827,1.142901499626915,Mild tightening,False,False,False,4.0,False,-8.800000000000008,1.2579722923216925,Normal transmission,False,55794,36.348973607038126,35,2.0,721,285.0,4.000000000000004,-1.0000000000000222,56.21847203153077,22.675610238093917,Normal market quality,False,0,False,Normal,Official ECB inputs; RepoLens derived analytics
2024-05-22,3.91,-0.1999999999999779,0.6912231721262819,-0.303809259394466,Normal,False,False,False,4.0,False,-8.999999999999986,0.7835706049260862,Normal transmission,False,48781,-12.569451912392015,33,-2.0,629,-92.0,4.000000000000004,0.0,44.4692035679939,-11.749268463536872,Normal market quality,False,0,False,Normal,Official ECB inputs; RepoLens derived analytics
2024-05-23,3.912,0.1999999999999779,0.6893742395139025,0.2828652259148506,Normal,False,False,False,4.0,False,-8.800000000000008,1.1980807736850847,Normal transmission,False,51481,5.534941883110234,35,2.0,697,68.0,4.000000000000004,0.0,52.55423124436669,8.085027676372789,Normal market quality,False,0,False,Normal,Official ECB inputs; RepoLens derived analytics
2024-05-24,3.91,-0.1999999999999779,0.6893742395139019,-0.297371134936129,Normal,False,False,False,4.0,False,-8.999999999999986,0.7247608788373229,Normal transmission,False,45151,-12.295798449913564,34,-1.0,619,-78.0,4.000000000000004,0.0,42.92316479957704,-9.631066444789653,Normal market quality,True,1,True,Monitor,Official ECB inputs; RepoLens derived analytics
2024-05-27,3.911,0.0999999999999889,0.6879412459613427,0.1162890006517856,Normal,False,False,False,4.0,False,-8.899999999999997,0.9246594503643688,Normal transmission,False,46737,3.5126575269650795,35,1.0,635,16.0,4.000000000000004,0.0,46.658363419388834,3.735198619811797,Normal market quality,False,0,False,Normal,Official ECB inputs; RepoLens derived analytics
2024-05-28,3.909,-0.2000000000000223,0.6892215288204382,-0.3119461464994871,Normal,False,False,False,4.0,False,-9.10000000000002,0.4856565604505681,Normal transmission,False,54900,17.465819372231863,36,1.0,734,99.0,5.000000000000027,1.0000000000000222,57.09429983153922,10.435936412150383,Normal market quality,False,0,False,Normal,Official ECB inputs; RepoLens derived analytics
2024-05-29,3.909,0.0,0.5591346697777473,-0.1788477899961912,Normal,False,False,False,4.0,False,-9.10000000000002,0.4650622240915317,Normal transmission,False,47875,-12.795992714025505,35,-1.0,683,-51.0,5.000000000000027,0.0,48.43954895921602,-8.654750872323199,Normal market quality,False,0,False,Normal,Official ECB inputs; RepoLens derived analytics
2024-05-30,3.91,0.1000000000000334,0.3026201370836311,0.3304472761255724,Normal,False,False,False,4.0,False,-8.999999999999986,0.7147912921272563,Normal transmission,False,41596,-13.115404699738908,33,-2.0,631,-52.0,5.000000000000027,0.0,38.40091819149352,-10.038630767722502,Normal market quality,True,1,True,Monitor,Official ECB inputs; RepoLens derived analytics
2024-05-31,3.892,-1.8000000000000238,0.50325257862711,-3.4177668889292963,Sharp easing,True,True,False,4.0,False,-10.80000000000001,-3.7087570567341945,Unusually below policy rate,True,43030,3.447446869891335,32,-1.0,606,-25.0,8.000000000000007,2.9999999999999805,32.96915382976765,-5.431764361725868,Weak market quality,True,3,True,High attention,Official ECB inputs; RepoLens derived analytics
2024-06-03,3.913,2.0999999999999908,0.7008265796450209,2.9679239635196795,Sharp tightening,True,False,False,4.0,False,-8.700000000000019,1.3902550185475475,Normal transmission,False,50910,18.312805019753654,33,1.0,708,102.0,5.000000000000027,-2.9999999999999805,47.895424555234,14.926270725466352,Normal market quality,False,1,True,Monitor,Official ECB inputs; RepoLens derived analytics
2024-06-04,3.911,-0.1999999999999779,0.6987771273333923,-0.3219910772675137,Normal,False,False,False,4.0,False,-8.899999999999997,0.8887402221550371,Normal transmission,False,55061,8.153604399921432,34,1.0,732,24.0,5.000000000000027,0.0,53.40160316990817,5.50617861467417,Normal market quality,False,0,False,Normal,Official ECB inputs; RepoLens derived analytics
2024-06-05,3.913,0.1999999999999779,0.6991724431520842,0.2288419710574527,Normal,False,False,False,4.0,False,-8.700000000000019,1.3246810822424822,Normal transmission,False,55950,1.6145729282069032,34,0.0,722,-10.0,5.000000000000027,0.0,53.43419187312213,0.03258870321396046,Normal market quality,False,0,False,Normal,Official ECB inputs; RepoLens derived analytics
2024-06-06,3.911,-0.1999999999999779,0.6939588945813123,-0.3602518851650605,Normal,False,False,False,4.0,False,-8.899999999999997,0.8237553386278209,Normal transmission,False,52206,-6.6916890080429,35,1.0,693,-29.0,5.000000000000027,0.0,51.72806629751676,-1.7061255756053697,Normal market quality,False,0,False,Normal,Official ECB inputs; RepoLens derived analytics
2024-06-07,3.912,0.0999999999999889,0.6860259316873252,0.1020369591974757,Normal,False,False,False,4.0,False,-8.800000000000008,1.0263700617578626,Normal transmission,False,51516,-1.3216871623951243,34,-1.0,697,4.0,4.000000000000004,-1.0000000000000222,50.737103014585145,-0.9909632829316166,Normal market quality,False,0,False,Normal,Official ECB inputs; RepoLens derived analytics
2024-06-10,3.912,0.0,0.6858532910486028,-0.0364509441396382,Normal,False,False,False,4.0,False,-8.800000000000008,0.998289059221713,Normal transmission,False,49337,-4.2297538628775495,34,0.0,717,20.0,4.000000000000004,0.0,50.38056735804146,-0.35653565654368435,Normal market quality,False,0,False,Normal,Official ECB inputs; RepoLens derived analytics
2024-06-11,3.909,-0.3000000000000113,0.6896986374688662,-0.4494716723490761,Normal,False,False,False,4.0,False,-9.10000000000002,0.2950034730529998,Normal transmission,False,49985,1.313415894764569,34,0.0,726,9.0,5.000000000000027,1.0000000000000222,50.08060394773397,-0.2999634103074911,Normal market quality,False,0,False,Normal,Official ECB inputs; RepoLens derived analytics
2024-06-12,3.662,-24.69999999999999,5.56711207378703,-4.215830342361783,Sharp easing,True,False,False,3.75,True,-8.800000000000008,0.974708341685229,Normal transmission,False,51017,2.064619385815747,34,0.0,711,-15.0,4.000000000000004,-1.0000000000000222,51.12483484651378,1.0442308987798086,Normal market quality,False,1,True,Monitor,Official ECB inputs; RepoLens derived analytics
2024-06-13,3.661,-0.0999999999999889,5.56986960066581,0.2001842197287213,Normal,False,False,False,3.75,False,-8.899999999999997,0.7329321834579487,Normal transmission,False,49311,-3.3439833780896544,35,1.0,678,-33.0,4.000000000000004,0.0,50.443328972456136,-0.6815058740576418,Normal market quality,False,0,False,Normal,Official ECB inputs; RepoLens derived analytics
2024-06-14,3.662,0.0999999999999889,5.57404464318421,0.2323268080716718,Normal,False,False,False,3.75,False,-8.800000000000008,0.9405832909657468,Normal transmission,False,47434,-3.806452921254888,35,0.0,654,-24.0,4.000000000000004,0.0,48.186526898119766,-2.2568020743363704,Normal market quality,False,0,False,Normal,Official ECB inputs; RepoLens derived analytics
2024-06-17,3.662,0.0,5.570212128626234,0.2172269156109174,Normal,False,False,False,3.75,False,-8.800000000000008,0.9186027042169564,Normal transmission,False,53139,12.0272378462706,34,-1.0,650,-4.0,4.000000000000004,0.0,49.54038732280427,1.3538604246845054,Normal market quality,False,0,False,Normal,Official ECB inputs; RepoLens derived analytics
2024-06-18,3.666,0.4000000000000003,5.563329181249968,0.2929900329273293,Normal,False,False,False,3.75,False,-8.400000000000007,1.7448902461833284,Normal transmission,False,54775,3.078718079000353,35,1.0,692,42.0,4.999999999999982,0.9999999999999778,53.26494682553807,3.724559502733797,Normal market quality,False,0,False,Normal,Official ECB inputs; RepoLens derived analytics
2024-06-19,3.663,-0.3000000000000113,5.562399614706253,0.1680929211788331,Normal,False,False,False,3.75,False,-8.700000000000019,1.0575688620299484,Normal transmission,False,57504,4.982199908717488,35,0.0,741,49.0,4.000000000000004,-0.9999999999999778,58.33216409137991,5.06721726584184,Normal market quality,False,0,False,Normal,Official ECB inputs; RepoLens derived analytics
2024-06-20,3.663,0.0,5.559863213008796,0.2239263723407777,Normal,False,False,False,3.75,False,-8.700000000000019,1.0336299166518723,Normal transmission,False,52762,-8.246382860322765,34,-1.0,696,-45.0,4.000000000000004,0.0,51.44336009883079,-6.888803992549121,Normal market quality,False,0,False,Normal,Official ECB inputs; RepoLens derived analytics
2024-06-21,3.664,0.1000000000000334,5.563234575979021,0.2390695524044083,Normal,False,False,False,3.75,False,-8.599999999999985,1.208533617346236,Normal transmission,False,52977,0.40749023918729144,33,-1.0,680,-16.0,4.000000000000004,0.0,48.9629246075473,-2.4804354912834867,Normal market quality,False,0,False,Normal,Official ECB inputs; RepoLens derived analytics
2024-06-24,3.663,-0.1000000000000334,5.560897314945537,0.205002886303275,Normal,False,False,False,3.75,False,-8.700000000000019,0.9633339114499117,Normal transmission,False,51890,-2.0518338146742976,31,-2.0,708,28.0,4.000000000000004,0.0,44.83542789131055,-4.127496716236749,Normal market quality,True,1,True,Monitor,Official ECB inputs; RepoLens derived analytics
2024-06-25,3.663,0.0,5.563045360610552,0.2211019181524354,Normal,False,False,False,3.75,False,-8.700000000000019,0.9403394307364954,Normal transmission,False,53076,2.2856041626517554,32,1.0,712,4.0,4.000000000000004,0.0,48.065688477004095,3.230260585693543,Normal market quality,False,0,False,Normal,Official ECB inputs; RepoLens derived analytics
2024-06-26,3.661,-0.1999999999999779,5.560897314945537,0.1870201769784354,Normal,False,False,False,3.75,False,-8.899999999999997,0.4834863023749421,Normal transmission,False,48561,-8.506669681211843,34,2.0,715,3.0,4.000000000000004,0.0,49.94337483099882,1.8776863539947257,Normal market quality,False,0,False,Normal,Official ECB inputs; RepoLens derived analytics
2024-06-27,3.662,0.0999999999999889,5.560897314945536,0.2409683049529775,Normal,False,False,False,3.75,False,-8.800000000000008,0.6980536317180915,Normal transmission,False,50636,4.272976256666872,33,-1.0,686,-29.0,5.000000000000027,1.0000000000000222,46.39986064753917,-3.5435141834596493,Normal market quality,False,0,False,Normal,Official ECB inputs; RepoLens derived analytics
2024-06-28,3.656,-0.5999999999999783,5.561010888792002,0.1042975839462906,Normal,False,True,True,3.75,False,-9.399999999999986,-0.5964020514009492,Normal transmission,False,45496,-10.150880796271423,32,-1.0,597,-89.0,5.000000000000027,0.0,36.562812976078376,-9.837047671460795,Normal market quality,False,0,False,Quarter-end watch,Official ECB inputs; RepoLens derived analytics
2024-07-01,3.665,0.8999999999999897,5.530147042872326,0.3869698189595488,Normal,False,False,False,3.75,False,-8.499999999999996,1.3309942402007409,Normal transmission,False,63685,39.979338842975196,34,2.0,746,149.0,3.000000000000025,-2.0000000000000018,62.004913869272414,25.442100893194038,Normal market quality,False,0,False,Normal,Official ECB inputs; RepoLens derived analytics
2024-07-02,3.662,-0.3000000000000113,5.529202378948384,0.1709107273045269,Normal,False,False,False,3.75,False,-8.800000000000008,0.6649469268053353,Normal transmission,False,63045,-1.0049462196749626,33,-1.0,742,-4.0,4.000000000000004,0.9999999999999796,58.015009807926255,-3.9899040613461594,Normal market quality,False,0,False,Normal,Official ECB inputs; RepoLens derived analytics
2024-07-03,3.663,0.0999999999999889,5.527871961347575,0.2442169445022543,Normal,False,False,False,3.75,False,-8.700000000000019,0.8606826544961509,Normal transmission,False,58982,-6.44460306130542,34,1.0,722,-20.0,4.000000000000004,0.0,56.70251161521124,-1.3124981927150117,Normal market quality,False,0,False,Normal,Official ECB inputs; RepoLens derived analytics
2024-07-04,3.663,0.0,5.530051869938525,0.2242293615256425,Normal,False,False,False,3.75,False,-8.700000000000019,0.8354922011102279,Normal transmission,False,59862,1.4919806042521522,34,0.0,702,-20.0,4.000000000000004,0.0,56.22894028430419,-0.47357133090705616,Normal market quality,False,0,False,Normal,Official ECB inputs; RepoLens derived analytics
2024-07-05,3.663,0.0,5.528821612337722,0.2251836082433456,Normal,False,False,False,3.75,False,-8.700000000000019,0.8109147743025629,Normal transmission,False,58202,-2.7730446694062993,34,0.0,694,-8.0,4.000000000000004,0.0,54.77877280138886,-1.450167482915326,Normal market quality,False,0,False,Normal,Official ECB inputs; RepoLens derived analytics
2024-07-08,3.662,-0.0999999999999889,5.527681535498838,0.2080438231860313,Normal,False,False,False,3.75,False,-8.800000000000008,0.5897436169600393,Normal transmission,False,60964,4.745541390330232,35,1.0,722,28.0,4.000000000000004,0.0,60.09131127884287,5.312538477454012,Normal market quality,False,0,False,Normal,Official ECB inputs; RepoLens derived analytics
2024-07-09,3.662,0.0,5.530801312458692,0.2232949495433936,Normal,False,False,False,3.75,False,-8.800000000000008,0.5715613384965841,Normal transmission,False,60674,-0.4756905714848103,33,-2.0,738,16.0,4.000000000000004,0.0,56.15596217220861,-3.9353491066342627,Normal market quality,False,0,False,Normal,Official ECB inputs; RepoLens derived analytics
2024-07-10,3.663,0.0999999999999889,0.2928534751284586,0.3243943066009987,Normal,False,False,False,3.75,False,-8.700000000000019,0.7730497352603002,Normal transmission,False,58498,-3.586379668391737,34,1.0,740,2.0,4.000000000000004,0.0,57.11242562314328,0.9564634509346703,Normal market quality,False,0,False,Normal,Official ECB inputs; RepoLens derived analytics
2024-07-11,3.662,-0.0999999999999889,0.2928534751284586,-0.3585410757168959,Normal,False,False,False,3.75,False,-8.800000000000008,0.5471193084478004,Normal transmission,False,51953,-11.188416698006765,34,0.0,703,-37.0,4.000000000000004,0.0,51.20100219883392,-5.911423424309362,Normal market quality,False,0,False,Normal,Official ECB inputs; RepoLens derived analytics
2024-07-12,3.661,-0.0999999999999889,0.2928534751284586,-0.3243943066010012,Normal,False,False,False,3.75,False,-8.899999999999997,0.3293861664637707,Normal transmission,False,53160,2.3232537100841055,34,0.0,717,14.0,4.000000000000004,0.0,52.63717849924724,1.4361763004133223,Normal market quality,False,0,False,Normal,Official ECB inputs; RepoLens derived analytics
2024-07-15,3.661,0.0,0.2928534751284586,0.0170733845579461,Normal,False,False,False,3.75,False,-8.899999999999997,0.3256239676698802,Normal transmission,False,55225,3.884499623777282,34,0.0,726,9.0,4.000000000000004,0.0,54.35906252700863,1.7218840277613907,Normal market quality,False,0,False,Normal,Official ECB inputs; RepoLens derived analytics
2024-07-16,3.662,0.0999999999999889,0.2783409495755234,0.4311259273311795,Normal,False,False,False,3.75,False,-8.800000000000008,0.5274926240022796,Normal transmission,False,55878,1.1824354911724733,35,1.0,746,20.0,4.000000000000004,0.0,58.00944433497939,3.65038180797076,Normal market quality,False,0,False,Normal,Official ECB inputs; RepoLens derived analytics
2024-07-17,3.662,0.0,0.2704285098643371,0.018489174837769,Normal,False,False,False,3.75,False,-8.800000000000008,0.5127816493022952,Normal transmission,False,55166,-1.2742045169834237,35,0.0,722,-24.0,4.000000000000004,0.0,56.33190842254573,-1.6775359124336617,Normal market quality,False,0,False,Normal,Official ECB inputs; RepoLens derived analytics
2024-07-18,3.663,0.0999999999999889,0.2714483570154608,0.3683941988062685,Normal,False,False,False,3.75,False,-8.700000000000019,0.7125336481070103,Normal transmission,False,53760,-2.548671283036652,34,-1.0,676,-46.0,4.000000000000004,0.0,50.89972280962905,-5.432185612916683,Normal market quality,False,0,False,Normal,Official ECB inputs; RepoLens derived analytics
2024-07-19,3.663,0.0,0.2704285098643361,0.0184891748377773,Normal,False,False,False,3.75,False,-8.700000000000019,0.6957982433207139,Normal transmission,False,51248,-4.672619047619042,33,-1.0,664,-12.0,4.000000000000004,0.0,46.49244066451997,-4.407282145109079,Normal market quality,False,0,False,Normal,Official ECB inputs; RepoLens derived analytics
2024-07-22,3.664,0.1000000000000334,0.2704285098643361,0.3512943219177938,Normal,False,False,False,3.75,False,-8.599999999999985,0.8757261821384023,Normal transmission,False,56568,10.380892912894168,35,2.0,722,58.0,4.000000000000004,0.0,57.20080525783184,10.70836459331187,Normal market quality,False,0,False,Normal,Official ECB inputs; RepoLens derived analytics
2024-07-23,3.665,0.0999999999999889,0.2712543960353414,0.3317918578110768,Normal,False,False,False,3.75,False,-8.499999999999996,1.0470708877237287,Normal transmission,False,56280,-0.5091217649554558,35,0.0,746,24.0,4.000000000000004,0.0,58.16875977374356,0.9679545159117211,Normal market quality,False,0,False,Normal,Official ECB inputs; RepoLens derived analytics
2024-07-24,3.665,0.0,0.2667543715422849,-0.0749753411138757,Normal,False,False,False,3.75,False,-8.499999999999996,1.1482059901493418,Normal transmission,False,56631,0.6236673773987178,35,0.0,739,-7.0,3.000000000000025,-0.9999999999999796,59.08826630774124,0.9195065339976836,Normal market quality,False,0,False,Normal,Official ECB inputs; RepoLens derived analytics
2024-07-25,3.665,0.0,0.2661123624970504,-0.0563671670840439,Normal,False,False,False,3.75,False,-8.499999999999996,1.115541497269873,Normal transmission,False,54890,-3.0742879341703278,34,-1.0,712,-27.0,3.000000000000025,0.0,54.37813681778654,-4.710129489954703,Normal market quality,False,0,False,Normal,Official ECB inputs; RepoLens derived analytics
2024-07-26,3.663,-0.2000000000000223,0.2300457620380308,-1.0215358801574934,Mild easing,False,False,False,3.75,False,-8.700000000000019,0.6065499027825615,Normal transmission,False,53477,-2.574239387866639,35,1.0,722,10.0,4.000000000000004,0.9999999999999796,55.05589740525296,0.6777605874664232,Normal market quality,False,0,False,Normal,Official ECB inputs; RepoLens derived analytics
2024-07-29,3.663,0.0,0.1071152846731338,0.0933573582007098,Normal,False,False,False,3.75,False,-8.700000000000019,0.5891952926045569,Normal transmission,False,51438,-3.8128541242029246,33,-2.0,692,-30.0,4.000000000000004,0.0,47.863880748208615,-7.1920166570443484,Normal market quality,False,0,False,Normal,Official ECB inputs; RepoLens derived analytics
2024-07-30,3.665,0.2000000000000223,0.0933302004491031,1.98220939320611,Mild tightening,False,False,False,3.75,False,-8.499999999999996,1.041731081577527,Normal transmission,False,53140,3.3088378241766803,33,0.0,713,21.0,4.000000000000004,0.0,50.01101138748988,2.147130639281265,Normal market quality,False,0,False,Normal,Official ECB inputs; RepoLens derived analytics
2024-07-31,3.653,-1.200000000000001,0.2856202852888809,-4.026324666810251,Sharp easing,True,True,False,3.75,False,-9.699999999999998,-1.8549904509423032,Normal transmission,False,46442,-12.60444109898382,33,0.0,644,-69.0,8.000000000000007,4.000000000000003,38.022581595065134,-11.988429792424746,Normal market quality,False,1,True,Monitor,Official ECB inputs; RepoLens derived analytics
2024-08-01,3.664,1.100000000000012,0.384536631613574,2.8475830648571088,Sharp tightening,True,False,False,3.75,False,-8.599999999999985,0.7763701850016133,Normal transmission,False,55937,20.44485594935619,34,1.0,691,47.0,3.000000000000025,-4.999999999999982,54.01847654947474,15.995894954409607,Normal market quality,False,1,True,Monitor,Official ECB inputs; RepoLens derived analytics
2024-08-02,3.664,0.0,0.384536631613574,-0.0130026623966129,Normal,False,False,False,3.75,False,-8.599999999999985,0.7491574032061148,Normal transmission,False,54565,-2.4527593542735593,33,-1.0,684,-7.0,3.000000000000025,0.0,50.574235742029884,-3.4442408074448565,Normal market quality,False,0,False,Normal,Official ECB inputs; RepoLens derived analytics
2024-08-05,3.664,0.0,0.3837488213595175,-0.0260587119579265,Normal,False,False,False,3.75,False,-8.599999999999985,0.7229024562556201,Normal transmission,False,57068,4.587189590396767,33,0.0,702,18.0,3.000000000000025,0.0,53.06311506664548,2.4888793246155956,Normal market quality,False,0,False,Normal,Official ECB inputs; RepoLens derived analytics
2024-08-06,3.663,-0.1000000000000334,0.3845366316135746,-0.2730559103288473,Normal,False,False,False,3.75,False,-8.700000000000019,0.4458518717545601,Normal transmission,False,58844,3.1120768206350347,33,0.0,734,32.0,3.000000000000025,0.0,55.78465429645848,2.721539229812997,Normal market quality,False,0,False,Normal,Official ECB inputs; RepoLens derived analytics
2024-08-07,3.663,0.0,0.3838859479750647,-9.254607253900492e-16,Normal,False,False,False,3.75,False,-8.700000000000019,0.4263534770440365,Normal transmission,False,63161,7.3363469512609525,34,1.0,783,49.0,4.000000000000004,0.9999999999999796,62.11160336095496,6.326949064496482,Normal market quality,False,0,False,Normal,Official ECB inputs; RepoLens derived analytics
2024-08-08,3.665,0.2000000000000223,0.3856300381400191,0.4797344130460331,Normal,False,False,False,3.75,False,-8.499999999999996,0.9182423240624744,Normal transmission,False,59502,-5.793131837684651,34,0.0,760,-23.0,3.000000000000025,-0.9999999999999796,59.59734311182406,-2.514260249130899,Normal market quality,False,0,False,Normal,Official ECB inputs; RepoLens derived analytics
2024-08-09,3.663,-0.2000000000000223,0.3878415303080147,-0.5414582595970177,Normal,False,False,False,3.75,False,-8.700000000000019,0.3601689380359338,Normal transmission,False,53542,-10.016470034620683,34,0.0,752,-8.0,4.000000000000004,0.9999999999999796,54.27224495034481,-5.3250981614792465,Normal market quality,False,0,False,Normal,Official ECB inputs; RepoLens derived analytics
2024-08-12,3.664,0.1000000000000334,0.3883500862286093,0.2188746778080942,Normal,False,False,False,3.75,False,-8.599999999999985,0.6215967634911505,Normal transmission,False,57077,6.602293526577263,34,0.0,757,5.0,3.000000000000025,-0.9999999999999796,57.809991340828255,3.5377463904834414,Normal market quality,False,0,False,Normal,Official ECB inputs; RepoLens derived analytics
2024-08-13,3.664,0.0,0.3878415303080152,-0.0257837266474781,Normal,False,False,False,3.75,False,-8.599999999999985,0.6097713530687426,Normal transmission,False,58194,1.957005448779725,34,0.0,765,8.0,3.000000000000025,0.0,58.89089522913224,1.080903888303986,Normal market quality,False,0,False,Normal,Official ECB inputs; RepoLens derived analytics
2024-08-14,3.662,-0.2000000000000223,0.3906809170505428,-0.5119267188935889,Normal,False,False,False,3.75,False,-8.800000000000008,0.0098627104292756,Normal transmission,False,50918,-12.503007182871084,33,-1.0,672,-93.0,4.000000000000004,0.9999999999999796,46.18343480051023,-12.707460428622014,Normal market quality,False,0,False,Normal,Official ECB inputs; RepoLens derived analytics
2024-08-15,3.662,0.0,0.3899730085127763,0.0128214001760465,Normal,False,False,False,3.75,False,-8.800000000000008,0.0098627104292809,Normal transmission,False,47425,-6.860049491339016,34,1.0,644,-28.0,4.000000000000004,0.0,44.87913536517805,-1.304299435332176,Normal market quality,False,0,False,Normal,Official ECB inputs; RepoLens derived analytics
2024-08-16,3.664,0.2000000000000223,0.392662973205268,0.496609085415554,Normal,False,False,False,3.75,False,-8.599999999999985,0.5818999153278536,Normal transmission,False,55384,16.782287822878228,35,1.0,738,94.0,3.000000000000025,-0.9999999999999796,58.084713979493074,13.205578614315023,Normal market quality,False,0,False,Normal,Official ECB inputs; RepoLens derived analytics
2024-08-19,3.664,0.0,0.3920257778850782,-9.062449153131898e-16,Normal,False,False,False,3.75,False,-8.599999999999985,0.5659941574022943,Normal transmission,False,57783,4.331575906398966,35,0.0,758,20.0,3.000000000000025,0.0,60.612423455729456,2.5277094762363816,Normal market quality,False,0,False,Normal,Official ECB inputs; RepoLens derived analytics
2024-08-20,3.664,0.0,0.3913203022428729,0.0127772568183693,Normal,False,False,False,3.75,False,-8.599999999999985,0.543903724381228,Normal transmission,False,59973,3.790042053891285,34,-1.0,768,10.0,3.000000000000025,0.0,60.22711464592794,-0.38530880980151494,Normal market quality,False,0,False,Normal,Official ECB inputs; RepoLens derived analytics
2024-08-21,3.663,-0.1000000000000334,0.3918914994848783,-0.2296554023711489,Normal,False,False,False,3.75,False,-8.700000000000019,0.2290970402968798,Normal transmission,False,58812,-1.9358711420139008,36,2.0,756,-12.0,4.000000000000004,0.9999999999999796,62.46265247094388,2.235537825015939,Normal market quality,False,0,False,Normal,Official ECB inputs; RepoLens derived analytics
2024-08-22,3.664,0.1000000000000334,0.3926629732052686,0.2674048921468911,Normal,False,False,False,3.75,False,-8.599999999999985,0.5088198715722034,Normal transmission,False,56747,-3.5111881928858057,34,-2.0,737,-19.0,3.000000000000025,-0.9999999999999796,56.47273677264656,-5.989915698297317,Normal market quality,False,0,False,Normal,Official ECB inputs; RepoLens derived analytics
2024-08-23,3.664,0.0,0.3899730085127768,-0.012821400176054,Normal,False,False,False,3.75,False,-8.599999999999985,0.6592590293442792,Normal transmission,False,50341,-11.288702486475055,34,0.0,674,-63.0,3.000000000000025,0.0,49.04420504271504,-7.428531729931521,Normal market quality,False,0,False,Normal,Official ECB inputs; RepoLens derived analytics
2024-08-26,3.665,0.0999999999999889,0.3905461762577619,0.2304465015183945,Normal,False,False,False,3.75,False,-8.499999999999996,1.1250123906682945,Normal transmission,False,48372,-3.911324765102009,34,0.0,639,-35.0,3.000000000000025,0.0,46.01181250799728,-3.032392534717765,Normal market quality,False,0,False,Normal,Official ECB inputs; RepoLens derived analytics
2024-08-27,3.665,0.0,0.3879772103997325,-9.157016400886391e-16,Normal,False,False,False,3.75,False,-8.499999999999996,1.0877085912375726,Normal transmission,False,52454,8.438766228396588,35,1.0,722,83.0,3.000000000000025,0.0,55.1542066878543,9.142394179857021,Normal market quality,False,0,False,Normal,Official ECB inputs; RepoLens derived analytics
2024-08-28,3.666,0.0999999999999889,0.2661123624970638,0.1315233898627137,Normal,False,False,False,3.75,False,-8.400000000000007,1.519400323492882,Normal transmission,False,51717,-1.4050406070080457,35,0.0,732,10.0,3.000000000000025,0.0,55.10213028895626,-0.052076398898037723,Normal market quality,False,0,False,Normal,Official ECB inputs; RepoLens derived analytics
2024-08-29,3.664,-0.1999999999999779,0.1169795303734732,-1.7097008285248787,Mild easing,False,False,False,3.75,False,-8.599999999999985,0.5430920463112288,Normal transmission,False,49478,-4.3293307809811115,34,-1.0,716,-16.0,3.000000000000025,0.0,50.52967413958688,-4.57245614936938,Normal market quality,False,0,False,Normal,Official ECB inputs; RepoLens derived analytics
2024-08-30,3.654,-1.000000000000023,0.2523573072577861,-3.764503633055434,Sharp easing,True,True,False,3.75,False,-9.600000000000009,-3.6720302421619455,Unusually below policy rate,True,46134,-6.7585593597154325,34,0.0,649,-67.0,6.000000000000005,2.9999999999999805,42.02372089955886,-8.50595324002802,Normal market quality,False,2,True,High attention,Official ECB inputs; RepoLens derived analytics
2024-09-02,3.664,1.000000000000023,0.3448874721139346,2.899496446973492,Sharp tightening,True,False,False,3.75,False,-8.599999999999985,0.5177939765368479,Normal transmission,False,54157,17.390644643863528,34,0.0,753,104.0,3.000000000000025,-2.9999999999999805,55.50621312115868,13.48249222159982,Normal market quality,False,1,True,Monitor,Official ECB inputs; RepoLens derived analytics
2024-09-03,3.663,-0.1000000000000334,0.3448874721139346,-0.2899496446974405,Normal,False,False,False,3.75,False,-8.700000000000019,0.0715276058905386,Normal transmission,False,51938,-4.097346603393836,35,1.0,736,-17.0,3.000000000000025,0.0,55.43093746757796,-0.07527565358071797,Normal market quality,False,0,False,Normal,Official ECB inputs; RepoLens derived analytics
2024-09-04,3.663,0.0,0.3448874721139346,-1.0301080688795945e-15,Normal,False,False,False,3.75,False,-8.700000000000019,0.0644436173850662,Normal transmission,False,52998,2.040894913165703,34,-1.0,742,6.0,4.000000000000004,0.9999999999999796,53.11744779995095,-2.3134896676270102,Normal market quality,False,0,False,Normal,Official ECB inputs; RepoLens derived analytics
2024-09-05,3.662,-0.0999999999999889,0.3422449107692548,-0.2483601576687774,Normal,False,False,False,3.75,False,-8.800000000000008,-0.3739332979889521,Normal transmission,False,48481,-8.52296313068418,35,1.0,702,-40.0,4.000000000000004,0.0,50.42668810438104,-2.690759695569909,Normal market quality,False,0,False,Normal,Official ECB inputs; RepoLens derived analytics
2024-09-06,3.663,0.0999999999999889,0.340278523689487,0.2938769068224864,Normal,False,False,False,3.75,False,-8.700000000000019,0.0503968403025217,Normal transmission,False,48425,-0.11550916854025095,36,1.0,691,-11.0,4.000000000000004,0.0,52.12060302824936,1.69391492386832,Normal market quality,False,0,False,Normal,Official ECB inputs; RepoLens derived analytics
2024-09-09,3.663,0.0,0.3394655241778596,0.0147290362168902,Normal,False,False,False,3.75,False,-8.700000000000019,0.0432509012224985,Normal transmission,False,52318,8.039235931853383,35,-1.0,733,42.0,4.000000000000004,0.0,54.4578795902365,2.3372765619871387,Normal market quality,False,0,False,Normal,Official ECB inputs; RepoLens derived analytics
2024-09-10,3.664,0.1000000000000334,0.340278523689487,0.2938769068226169,Normal,False,False,False,3.75,False,-8.599999999999985,0.4968915830381007,Normal transmission,False,51460,-1.6399709469016366,36,1.0,738,5.0,4.000000000000004,0.0,56.35579797001829,1.8979183797817853,Normal market quality,False,0,False,Normal,Official ECB inputs; RepoLens derived analytics
2024-09-11,3.664,0.0,0.3370147583838233,-0.0296722910532379,Normal,False,False,False,3.75,False,-8.599999999999985,0.4885904612960799,Normal transmission,False,52110,1.2631169840652934,35,-1.0,751,13.0,4.000000000000004,0.0,55.13523951365247,-1.220558456365815,Normal market quality,False,0,False,Normal,Official ECB inputs; RepoLens derived analytics
2024-09-12,3.664,0.0,0.3370147583838233,-0.0296722910532379,Normal,False,False,False,3.75,False,-8.599999999999985,0.4803508198690051,Normal transmission,False,51191,-1.763577048551146,35,0.0,728,-23.0,4.000000000000004,0.0,53.370229788448285,-1.7650097252041874,Normal market quality,False,0,False,Normal,Official ECB inputs; RepoLens derived analytics
2024-09-13,3.663,-0.1000000000000334,0.3347819400273955,-0.2837668005396532,Normal,False,False,False,3.75,False,-8.700000000000019,0.0510467646129455,Normal transmission,False,47984,-6.264773104647303,34,-1.0,713,-15.0,4.000000000000004,0.0,48.32370603561582,-5.046523752832464,Normal market quality,False,0,False,Normal,Official ECB inputs; RepoLens derived analytics
2024-09-16,3.662,-0.0999999999999889,0.3354494235940183,-0.2682967793944156,Normal,False,False,False,3.75,False,-8.800000000000008,-0.3787439584273758,Normal transmission,False,51956,8.27775925308436,35,1.0,719,6.0,4.000000000000004,0.0,53.451746723397065,5.128040687781244,Normal market quality,False,0,False,Normal,Official ECB inputs; RepoLens derived analytics
2024-09-17,3.665,0.3000000000000113,0.3425523394508403,0.8611822662572912,Normal,False,False,False,3.75,False,-8.499999999999996,0.911162430696089,Normal transmission,False,53970,3.8763569173916324,34,-1.0,774,55.0,4.000000000000004,0.0,55.31715907542898,1.8654123520319175,Normal market quality,False,0,False,Normal,Official ECB inputs; RepoLens derived analytics
2024-09-18,3.416,-24.900000000000013,5.580631448897264,-4.240559552571104,Sharp easing,True,False,False,3.5,True,-8.400000000000007,1.2973863796963447,Normal transmission,False,55053,2.00667037242912,35,1.0,771,-3.0,3.000000000000025,-0.9999999999999796,59.02755108264491,3.7103920072159298,Normal market quality,False,1,True,Monitor,Official ECB inputs; RepoLens derived analytics
2024-09-19,3.414,-0.1999999999999779,5.5772564468279855,0.1882646082371198,Normal,False,False,False,3.5,False,-8.599999999999985,0.4229049524977755,Normal transmission,False,49980,-9.214756689008773,35,0.0,740,-31.0,4.000000000000004,0.9999999999999796,53.11201000385403,-5.915541078790881,Normal market quality,False,0,False,Normal,Official ECB inputs; RepoLens derived analytics
2024-09-20,3.412,-0.2000000000000223,5.575076114656251,0.1901319333046157,Normal,False,False,False,3.5,False,-8.800000000000008,-0.5218194712998863,Normal transmission,False,45533,-8.897559023609446,34,-1.0,708,-32.0,4.000000000000004,0.0,46.41933250590306,-6.692677497950974,Normal market quality,False,0,False,Normal,Official ECB inputs; RepoLens derived analytics
2024-09-23,3.414,0.2000000000000223,5.576404708563066,0.2609208040022165,Normal,False,False,False,3.5,False,-8.599999999999985,0.4227540859682178,Normal transmission,False,43512,-4.438539081545256,33,-1.0,682,-26.0,4.000000000000004,0.0,41.68022286883007,-4.7391096370729855,Normal market quality,True,1,True,Monitor,Official ECB inputs; RepoLens derived analytics
2024-09-24,3.415,0.0999999999999889,5.577633906953747,0.2420381155380091,Normal,False,False,False,3.5,False,-8.499999999999996,0.8653614051829177,Normal transmission,False,50144,15.241772384629538,34,1.0,721,39.0,4.000000000000004,0.0,50.22112689591697,8.540904027086896,Normal market quality,False,0,False,Normal,Official ECB inputs; RepoLens derived analytics
2024-09-25,3.416,0.0999999999999889,5.577633906953747,0.2420381155380091,Normal,False,False,False,3.5,False,-8.400000000000007,1.2908456223537417,Normal transmission,False,48068,-4.140076579451179,34,0.0,712,-9.0,3.000000000000025,-0.9999999999999796,49.41970434467927,-0.8014225512376996,Normal market quality,False,0,False,Normal,Official ECB inputs; RepoLens derived analytics
2024-09-26,3.415,-0.0999999999999889,5.57866943200429,0.2052460741680187,Normal,False,False,False,3.5,False,-8.499999999999996,0.8099041596897748,Normal transmission,False,45023,-6.334775734376297,33,-1.0,680,-32.0,3.000000000000025,0.0,43.603905159419966,-5.815799185259301,Normal market quality,False,0,False,Normal,Official ECB inputs; RepoLens derived analytics
2024-09-27,3.415,0.0,5.585458092696004,0.2139484318327762,Normal,False,False,False,3.5,False,-8.499999999999996,0.7904108889899281,Normal transmission,False,47384,5.243986406947565,33,0.0,698,18.0,4.000000000000004,0.9999999999999796,45.09126095931698,1.487355799897017,Normal market quality,False,0,False,Normal,Official ECB inputs; RepoLens derived analytics
2024-09-30,3.41,-0.4999999999999893,5.5644643190422975,0.138378100002362,Normal,False,True,True,3.5,False,-8.999999999999986,-1.451578063162231,Normal transmission,False,43394,-8.420563903427315,33,0.0,623,-75.0,6.000000000000005,2.000000000000001,36.850011440725865,-8.241249518591118,Normal market quality,True,1,True,Monitor,Official ECB inputs; RepoLens derived analytics
2024-10-01,3.416,0.5999999999999783,5.574403437517834,0.3291832068790961,Normal,False,False,False,3.5,False,-8.400000000000007,1.2001758076173534,Normal transmission,False,53511,23.31428308061023,34,1.0,715,92.0,3.000000000000025,-2.9999999999999805,53.13894727685076,16.288935836124892,Normal market quality,False,0,False,Normal,Official ECB inputs; RepoLens derived analytics
2024-10-02,3.41,-0.5999999999999783,5.569019095335429,0.1194106158761457,Normal,False,False,False,3.5,False,-8.999999999999986,-1.4195624817001804,Normal transmission,False,47709,-10.842630487189552,34,0.0,656,-59.0,4.000000000000004,0.9999999999999796,45.52088140790513,-7.618065868945628,Normal market quality,False,0,False,Normal,Official ECB inputs; RepoLens derived analytics
2024-10-03,3.407,-0.3000000000000113,5.566996260859277,0.1751393308551449,Normal,False,False,False,3.5,False,-9.299999999999995,-2.5452434769104464,Unusually below policy rate,True,37573,-21.245467312247168,31,-3.0,497,-159.0,4.000000000000004,0.0,27.512378285938333,-18.008503121966797,Weak market quality,True,2,True,High attention,Official ECB inputs; RepoLens derived analytics
2024-10-04,3.414,0.7000000000000117,5.576404708563066,0.3487910404015851,Normal,False,False,False,3.5,False,-8.599999999999985,0.3252693838921109,Normal transmission,False,48039,27.85510872168844,35,4.0,700,203.0,4.000000000000004,0.0,50.28388500313278,22.77150671719445,Normal market quality,False,0,False,Normal,Official ECB inputs; RepoLens derived analytics
2024-10-07,3.413,-0.1000000000000334,5.575274361906007,0.2062678758659005,Normal,False,False,False,3.5,False,-8.700000000000019,-0.1045658892941379,Normal transmission,False,52533,9.354899144445138,35,0.0,715,15.0,4.000000000000004,0.0,53.861837493997264,3.577952490864483,Normal market quality,False,0,False,Normal,Official ECB inputs; RepoLens derived analytics
2024-10-08,3.414,0.1000000000000334,5.575274361906007,0.2421405499295484,Normal,False,False,False,3.5,False,-8.599999999999985,0.3002307156840458,Normal transmission,False,50029,-4.766527706394075,34,-1.0,721,6.0,4.000000000000004,0.0,50.36182673414832,-3.5000107598489407,Normal market quality,False,0,False,Normal,Official ECB inputs; RepoLens derived analytics
2024-10-09,3.415,0.0999999999999889,5.576499090402801,0.2411907503606958,Normal,False,False,False,3.5,False,-8.499999999999996,0.6970198183273858,Normal transmission,False,48105,-3.8457694537168408,34,0.0,727,6.0,4.000000000000004,0.0,49.426028546333264,-0.9357981878150596,Normal market quality,False,0,False,Normal,Official ECB inputs; RepoLens derived analytics
2024-10-10,3.414,-0.0999999999999889,5.575368762880656,0.206264383381492,Normal,False,False,False,3.5,False,-8.599999999999985,0.2717102270892035,Normal transmission,False,47488,-1.282610955202157,34,0.0,689,-38.0,4.000000000000004,0.0,47.23172020796546,-2.1943083383678044,Normal market quality,False,0,False,Normal,Official ECB inputs; RepoLens derived analytics
2024-10-11,3.413,-0.1000000000000334,5.575368762880656,0.2062643833814841,Normal,False,False,False,3.5,False,-8.700000000000019,-0.1463055068942379,Normal transmission,False,47574,0.18109838274933399,34,0.0,706,17.0,4.000000000000004,0.0,48.13172144672679,0.9000012387613339,Normal market quality,False,0,False,Normal,Official ECB inputs; RepoLens derived analytics
2024-10-14,3.413,0.0,5.576499090402801,0.2232583525643634,Normal,False,False,False,3.5,False,-8.700000000000019,-0.1394039636655559,Normal transmission,False,47219,-0.7462059107916086,34,0.0,718,12.0,4.000000000000004,0.0,48.51381053694086,0.3820890902140661,Normal market quality,False,0,False,Normal,Official ECB inputs; RepoLens derived analytics
2024-10-15,3.413,0.0,5.572526593169301,0.2261092843494879,Normal,False,False,False,3.5,False,-8.700000000000019,-0.1259749783029273,Normal transmission,False,46478,-1.5692835511128989,34,0.0,717,-1.0,4.000000000000004,0.0,48.02949913614535,-0.48431140079551227,Normal market quality,False,0,False,Normal,Official ECB inputs; RepoLens derived analytics
2024-10-16,3.414,0.1000000000000334,0.304181386329858,0.3616263352838645,Normal,False,False,False,3.5,False,-8.599999999999985,0.3020329271521038,Normal transmission,False,49345,6.1685098326089705,34,0.0,716,-1.0,4.000000000000004,0.0,49.8144779813344,1.7849788451890518,Normal market quality,False,0,False,Normal,Official ECB inputs; RepoLens derived analytics
2024-10-17,3.415,0.0999999999999889,0.3017056774234695,0.3148764080652305,Normal,False,False,False,3.5,False,-8.499999999999996,0.7234742208525909,Normal transmission,False,49939,1.2037693788631065,34,0.0,690,-26.0,4.000000000000004,0.0,48.93988711481165,-0.8745908665227518,Normal market quality,False,0,False,Normal,Official ECB inputs; RepoLens derived analytics
2024-10-18,3.415,0.0,0.2978431236672586,-0.0503620826135253,Normal,False,False,False,3.5,False,-8.499999999999996,0.7064550424254451,Normal transmission,False,50271,0.6648110695048004,34,0.0,713,23.0,4.000000000000004,0.0,50.2582798076106,1.3183926927989518,Normal market quality,False,0,False,Normal,Official ECB inputs; RepoLens derived analytics
2024-10-21,3.415,0.0,0.294645192517652,-0.016969562466899,Normal,False,False,False,3.5,False,-8.499999999999996,0.6897259610724593,Normal transmission,False,50349,0.15515903801397446,34,0.0,706,-7.0,4.000000000000004,0.0,49.98129177593708,-0.27698803167351826,Normal market quality,False,0,False,Normal,Official ECB inputs; RepoLens derived analytics
2024-10-22,3.416,0.0999999999999889,0.294645192517652,0.3224216868710586,Normal,False,False,False,3.5,False,-8.400000000000007,1.0938584407616834,Normal transmission,False,48191,-4.2860831396850045,34,0.0,707,1.0,4.999999999999982,0.9999999999999778,47.729810423755545,-2.2514813521815356,Normal market quality,False,0,False,Normal,Official ECB inputs; RepoLens derived analytics
2024-10-23,3.166,-25.0,5.5978849389277165,-4.242673841836655,Sharp easing,True,False,False,3.25,True,-8.400000000000007,1.2017737308364769,Normal transmission,False,44381,-7.9060405469901,34,0.0,686,-21.0,4.999999999999982,0.0,44.35763765718392,-3.372172766571623,Normal market quality,False,1,True,Monitor,Official ECB inputs; RepoLens derived analytics
2024-10-24,3.166,0.0,5.599010720889152,0.2223607101438605,Normal,False,False,False,3.25,False,-8.400000000000007,1.171528299547448,Normal transmission,False,47084,6.090444108965554,34,0.0,680,-6.0,4.000000000000004,-0.9999999999999778,46.7720180434845,2.4143803863005786,Normal market quality,False,0,False,Normal,Official ECB inputs; RepoLens derived analytics
2024-10-25,3.166,0.0,5.599010720889152,0.2223607101438605,Normal,False,False,False,3.25,False,-8.400000000000007,1.1424260116389868,Normal transmission,False,46028,-2.2428001019454635,32,-2.0,668,-12.0,3.000000000000025,-0.9999999999999796,42.09528103687175,-4.676737006612754,Normal market quality,False,0,False,Normal,Official ECB inputs; RepoLens derived analytics
2024-10-28,3.164,-0.1999999999999779,5.601512953517213,0.1838788928182841,Normal,False,False,False,3.25,False,-8.599999999999985,0.1701485549250308,Normal transmission,False,48357,5.059963500477971,32,0.0,685,17.0,3.000000000000025,0.0,44.22071549904053,2.1254344621687835,Normal market quality,False,0,False,Normal,Official ECB inputs; RepoLens derived analytics
2024-10-29,3.164,0.0,5.592796118316198,0.2252898144943181,Normal,False,False,False,3.25,False,-8.599999999999985,0.1621491138301344,Normal transmission,False,50939,5.339454474016181,34,2.0,717,32.0,3.000000000000025,0.0,51.90670637330332,7.685990874262792,Normal market quality,False,0,False,Normal,Official ECB inputs; RepoLens derived analytics
2024-10-30,3.165,0.0999999999999889,5.599330317100438,0.2366354411979268,Normal,False,False,False,3.25,False,-8.499999999999996,0.6307813217100047,Normal transmission,False,50736,-0.3985158719252424,34,0.0,710,-7.0,4.000000000000004,0.9999999999999796,50.47657168657287,-1.4301346867304545,Normal market quality,False,0,False,Normal,Official ECB inputs; RepoLens derived analytics
2024-10-31,3.155,-1.000000000000023,5.595430466484527,0.0464664875307313,Normal,False,True,False,3.25,False,-9.50000000000002,-3.6474410261292767,Unusually below policy rate,True,41909,-17.397902869757175,31,-3.0,543,-167.0,10.000000000000009,6.000000000000004,24.376589078315437,-26.09998260825743,Weak market quality,True,2,True,High attention,Official ECB inputs; RepoLens derived analytics
2024-11-01,3.163,0.8000000000000007,5.597318436913395,0.3671400909491972,Normal,False,False,False,3.25,False,-8.700000000000019,-0.2279650641331557,Normal transmission,False,47558,13.479204944045442,32,1.0,630,87.0,3.000000000000025,-6.999999999999984,41.20102916233411,16.824440084018672,Normal market quality,False,0,False,Normal,Official ECB inputs; RepoLens derived analytics
2024-11-04,3.163,0.0,5.598449033343741,0.2232761238970183,Normal,False,False,False,3.25,False,-8.700000000000019,-0.220824061366627,Normal transmission,False,55205,16.07931368013793,33,1.0,730,100.0,3.000000000000025,0.0,53.14618286075836,11.94515369842425,Normal market quality,False,0,False,Normal,Official ECB inputs; RepoLens derived analytics
2024-11-05,3.163,0.0,5.597224406134854,0.2242182747978542,Normal,False,False,False,3.25,False,-8.700000000000019,-0.2136951910431557,Normal transmission,False,58927,6.742142921836791,33,0.0,748,18.0,3.000000000000025,0.0,56.393535555968185,3.247352695209827,Normal market quality,False,0,False,Normal,Official ECB inputs; RepoLens derived analytics
2024-11-06,3.162,-0.0999999999999889,5.594854308812893,0.2082270485872935,Normal,False,False,False,3.25,False,-8.800000000000008,-0.6410855731292545,Normal transmission,False,53148,-9.807049400105218,33,0.0,703,-45.0,4.000000000000004,0.9999999999999796,49.58024977391796,-6.813285782050222,Normal market quality,False,0,False,Normal,Official ECB inputs; RepoLens derived analytics
2024-11-07,3.163,0.0999999999999889,5.597224406134854,0.2420842727897131,Normal,False,False,False,3.25,False,-8.700000000000019,-0.2215109541906044,Normal transmission,False,50847,-4.329419733574169,35,2.0,682,-21.0,3.000000000000025,-0.9999999999999796,52.47619375509042,2.895943981172458,Normal market quality,False,0,False,Normal,Official ECB inputs; RepoLens derived analytics
2024-11-08,3.163,0.0,5.59835502155486,0.2232798733176501,Normal,False,False,False,3.25,False,-8.700000000000019,-0.2143598744244949,Normal transmission,False,49104,-3.4279308513776585,35,0.0,638,-44.0,4.000000000000004,0.9999999999999796,48.293231293953184,-4.182962461137237,Normal market quality,False,0,False,Normal,Official ECB inputs; RepoLens derived analytics
2024-11-11,3.162,-0.0999999999999889,5.597224406134854,0.2063522768059949,Normal,False,False,False,3.25,False,-8.800000000000008,-0.6269039263659769,Normal transmission,False,53164,8.268165526230042,34,-1.0,675,37.0,3.000000000000025,-0.9999999999999796,51.42496461018026,3.131733316227077,Normal market quality,False,0,False,Normal,Official ECB inputs; RepoLens derived analytics
2024-11-12,3.163,0.0999999999999889,5.598449033343741,0.2411382138087778,Normal,False,False,False,3.25,False,-8.700000000000019,-0.1923703451627617,Normal transmission,False,55125,3.688586261379889,35,1.0,715,40.0,3.000000000000025,0.0,56.861944757469374,5.436980147289113,Normal market quality,False,0,False,Normal,Official ECB inputs; RepoLens derived analytics
2024-11-13,3.164,0.1000000000000334,5.598449033343741,0.2411382138087857,Normal,False,False,False,3.25,False,-8.599999999999985,0.227965064133148,Normal transmission,False,53336,-3.2453514739228972,35,0.0,710,-5.0,3.000000000000025,0.0,55.43137090359394,-1.430573853875437,Normal market quality,False,0,False,Normal,Official ECB inputs; RepoLens derived analytics
2024-11-14,3.165,0.0999999999999889,5.598449033343741,0.2411382138087778,Normal,False,False,False,3.25,False,-8.499999999999996,0.6462277499474314,Normal transmission,False,54704,2.5648717564121792,35,0.0,702,-8.0,4.000000000000004,0.9999999999999796,54.99549524044792,-0.4358756631460139,Normal market quality,False,0,False,Normal,Official ECB inputs; RepoLens derived analytics
2024-11-15,3.165,0.0,5.598449033343741,0.2232761238970183,Normal,False,False,False,3.25,False,-8.499999999999996,0.6371524956809409,Normal transmission,False,53746,-1.7512430535244206,34,-1.0,728,26.0,4.000000000000004,0.0,53.41170987401151,-1.583785366436416,Normal market quality,False,0,False,Normal,Official ECB inputs; RepoLens derived analytics
2024-11-18,3.165,0.0,5.598449033343741,0.2232761238970183,Normal,False,False,False,3.25,False,-8.499999999999996,0.6371524956809409,Normal transmission,False,54775,1.914561083615518,34,0.0,693,-35.0,4.000000000000004,0.0,52.38166776257278,-1.0300421114387248,Normal market quality,False,0,False,Normal,Official ECB inputs; RepoLens derived analytics
2024-11-19,3.166,0.0999999999999889,5.598449033343741,0.2411382138087778,Normal,False,False,False,3.25,False,-8.400000000000007,1.0484747141499169,Normal transmission,False,54720,-0.10041077133728926,34,0.0,728,35.0,4.000000000000004,0.0,54.05473251512058,1.6730647525477949,Normal market quality,False,0,False,Normal,Official ECB inputs; RepoLens derived analytics
2024-11-20,3.167,0.0999999999999889,0.3051746695704995,0.3112971339780311,Normal,False,False,False,3.25,False,-8.300000000000018,1.450661553255113,Normal transmission,False,55474,1.3779239766081863,35,1.0,734,6.0,4.000000000000004,0.0,57.07460343399549,3.019870918874915,Normal market quality,False,0,False,Normal,Official ECB inputs; RepoLens derived analytics
2024-11-21,3.167,0.0,0.3051746695704995,-0.0163840596830555,Normal,False,False,False,3.25,False,-8.300000000000018,1.4056438837298706,Normal transmission,False,53563,-3.444857050149619,34,-1.0,697,-37.0,4.000000000000004,0.0,51.76526124769774,-5.309342186297755,Normal market quality,False,0,False,Normal,Official ECB inputs; RepoLens derived analytics
2024-11-22,3.168,0.1000000000000334,0.3059067625413281,0.2942072913078307,Normal,False,False,False,3.25,False,-8.199999999999985,1.9448244719863383,Normal transmission,False,52582,-1.8314881541362515,34,0.0,708,11.0,5.000000000000027,1.0000000000000222,50.71290278788688,-1.0523584598108542,Normal market quality,False,0,False,Normal,Official ECB inputs; RepoLens derived analytics
2024-11-25,3.167,-0.1000000000000334,0.3030980386817571,-0.3794151902143395,Normal,False,False,False,3.25,False,-8.300000000000018,1.4308382670320687,Normal transmission,False,51869,-1.3559773306454637,35,1.0,701,-7.0,4.000000000000004,-1.0000000000000222,53.0611381903559,2.3482354024690153,Normal market quality,False,0,False,Normal,Official ECB inputs; RepoLens derived analytics
2024-11-26,3.165,-0.1999999999999779,0.3068944615440487,-0.6679820775147941,Normal,False,False,False,3.25,False,-8.499999999999996,0.5019018171073399,Normal transmission,False,53852,3.823092791455407,35,0.0,700,-1.0,4.000000000000004,0.0,54.350299170767535,1.289160980411637,Normal market quality,False,0,False,Normal,Official ECB inputs; RepoLens derived analytics
2024-11-27,3.165,0.0,0.3060787652327612,-1.1607187699214609e-15,Normal,False,False,False,3.25,False,-8.499999999999996,0.486406700916886,Normal transmission,False,51405,-4.543935229889328,34,-1.0,676,-24.0,4.000000000000004,0.0,49.2911621267946,-5.059137043972932,Normal market quality,False,0,False,Normal,Official ECB inputs; RepoLens derived analytics
2024-11-28,3.164,-0.0999999999999889,0.1986136159006876,-0.7300607228886821,Normal,False,False,False,3.25,False,-8.599999999999985,0.0153030304817408,Normal transmission,False,52865,2.840190642933571,34,0.0,662,-14.0,4.000000000000004,0.0,49.60317497270562,0.3120128459110134,Normal market quality,False,0,False,Normal,Official ECB inputs; RepoLens derived analytics
2024-11-29,3.163,-0.1000000000000334,0.0917662935487352,-1.0897247358794735,Mild easing,False,True,False,3.25,False,-8.700000000000019,-0.4437878839683632,Normal transmission,False,48774,-7.738579400359402,34,0.0,646,-16.0,6.000000000000005,2.000000000000001,44.21823604299641,-5.384938929709207,Normal market quality,False,0,False,Month-end watch,Official ECB inputs; RepoLens derived analytics
2024-12-02,3.165,0.2000000000000223,0.1020835571072692,1.8612204098684495,Mild tightening,False,False,False,3.25,False,-8.499999999999996,0.4590362575160994,Normal transmission,False,59177,21.328986755238443,34,0.0,719,73.0,4.999999999999982,-1.000000000000023,55.764554232128965,11.546318189132556,Normal market quality,False,0,False,Normal,Official ECB inputs; RepoLens derived analytics
2024-12-03,3.164,-0.0999999999999889,0.1050062654776738,-0.9999403323444144,Normal,False,False,False,3.25,False,-8.599999999999985,7.338709760142397e-14,Normal transmission,False,63753,7.732734001385677,33,-1.0,727,8.0,4.000000000000004,-0.9999999999999778,57.934101893048975,2.16954766092001,Normal market quality,False,0,False,Normal,Official ECB inputs; RepoLens derived analytics
2024-12-04,3.165,0.0999999999999889,0.1039989878497778,0.8173156465980895,Normal,False,False,False,3.25,False,-8.499999999999996,0.4505951231032223,Normal transmission,False,59911,-6.02638307216915,34,1.0,727,0.0,4.999999999999982,0.9999999999999778,56.56482912368176,-1.369272769367214,Normal market quality,False,0,False,Normal,Official ECB inputs; RepoLens derived analytics
2024-12-05,3.165,0.0,0.1020835571072692,-0.0979589689404484,Normal,False,False,False,3.25,False,-8.499999999999996,0.4422109944009752,Normal transmission,False,56183,-6.2225634691459035,34,0.0,704,-23.0,4.999999999999982,0.0,52.90501637882205,-3.659812744859714,Normal market quality,False,0,False,Normal,Official ECB inputs; RepoLens derived analytics
2024-12-06,3.165,0.0,0.1020835571072692,-0.0979589689404484,Normal,False,False,False,3.25,False,-8.499999999999996,0.4271138609285388,Normal transmission,False,54205,-3.520637915383662,34,0.0,704,0.0,4.000000000000004,-0.9999999999999778,52.45493595131802,-0.45008042750402666,Normal market quality,False,0,False,Normal,Official ECB inputs; RepoLens derived analytics
2024-12-09,3.164,-0.0999999999999889,0.1020835571072692,-1.07754865834468,Mild easing,False,False,False,3.25,False,-8.599999999999985,-0.0461182455639243,Normal transmission,False,54986,1.4408264920210412,35,1.0,721,17.0,4.000000000000004,0.0,56.10504575067327,3.650109799355249,Normal market quality,False,0,False,Normal,Official ECB inputs; RepoLens derived analytics
2024-12-10,3.163,-0.1000000000000334,0.1025978352089766,-0.974679434476844,Normal,False,False,False,3.25,False,-8.700000000000019,-0.4916326600499163,Normal transmission,False,55659,1.2239479140144782,35,0.0,734,13.0,6.000000000000005,2.000000000000001,55.26868852697346,-0.8363572236998067,Normal market quality,False,0,False,Normal,Official ECB inputs; RepoLens derived analytics
2024-12-11,3.164,0.1000000000000334,0.1025978352089766,0.9746794344768368,Normal,False,False,False,3.25,False,-8.599999999999985,-0.015469714902792,Normal transmission,False,45087,-18.994232738640648,33,-2.0,665,-69.0,4.999999999999982,-1.000000000000023,41.11789071510585,-14.150797811867612,Normal market quality,False,0,False,Normal,Official ECB inputs; RepoLens derived analytics
2024-12-12,3.164,0.0,0.0998683343739199,0.0500659196064935,Normal,False,False,False,3.25,False,-8.599999999999985,-0.015469714902792,Normal transmission,False,49557,9.91416594583805,35,2.0,691,26.0,4.000000000000004,-0.9999999999999778,50.99327509643782,9.875384381331969,Normal market quality,False,0,False,Normal,Official ECB inputs; RepoLens derived analytics
2024-12-13,3.167,0.2999999999999669,0.1209610637662473,2.3974656883010037,Sharp tightening,True,False,False,3.25,False,-8.300000000000018,1.3278692234010727,Normal transmission,False,48944,-1.236959460822895,35,0.0,703,12.0,4.999999999999982,0.9999999999999778,50.20691974854911,-0.7863553478887084,Normal market quality,False,1,True,Monitor,Official ECB inputs; RepoLens derived analytics
2024-12-16,3.165,-0.1999999999999779,0.1297771369049692,-1.541103500737811,Mild easing,False,False,False,3.25,False,-8.499999999999996,0.3985913692852161,Normal transmission,False,49825,1.800016345210853,35,0.0,700,-3.0,6.000000000000005,1.000000000000023,49.68659012013969,-0.5203296284094208,Normal market quality,False,0,False,Normal,Official ECB inputs; RepoLens derived analytics
2024-12-17,3.164,-0.0999999999999889,0.129370947686706,-0.6956739639717326,Normal,False,False,False,3.25,False,-8.599999999999985,-0.0537288125074876,Normal transmission,False,52203,4.772704465629696,35,0.0,724,24.0,7.000000000000028,1.000000000000023,51.473728707135926,1.7871385869962353,Normal market quality,False,0,False,Normal,Official ECB inputs; RepoLens derived analytics
2024-12-18,2.917,-24.70000000000003,5.521012492955309,-4.24740933477722,Sharp easing,True,False,False,3.0,True,-8.300000000000018,1.3090647974974143,Normal transmission,False,55540,6.3923529299082515,35,0.0,731,7.0,6.000000000000005,-1.000000000000023,55.00259570122114,3.528866994085213,Normal market quality,False,1,True,Monitor,Official ECB inputs; RepoLens derived analytics
2024-12-19,2.919,0.2000000000000223,5.5235762633317815,0.2607006640895772,Normal,False,False,False,3.0,False,-8.099999999999996,2.1090679314020915,Unusually above policy rate,True,54589,-1.7122794382427031,34,-1.0,706,-25.0,6.000000000000005,0.0,50.78439372012112,-4.218201981100016,Normal market quality,False,1,True,Monitor,Official ECB inputs; RepoLens derived analytics
2024-12-20,2.916,-0.3000000000000113,5.519191397678712,0.173938523024179,Normal,False,False,False,3.0,False,-8.400000000000007,0.7802862590846407,Normal transmission,False,50178,-8.08038249464178,34,0.0,708,2.0,6.000000000000005,0.0,47.86822853653493,-2.9161651835861946,Normal market quality,False,0,False,Normal,Official ECB inputs; RepoLens derived analytics
2024-12-23,2.911,-0.4999999999999893,5.515490148567718,0.1414198881676114,Normal,False,False,False,3.0,False,-8.899999999999997,-1.432140746887403,Normal transmission,False,38619,-23.03599186894655,33,-1.0,570,-138.0,4.000000000000004,-2.000000000000001,32.975951187787544,-14.892277348747385,Weak market quality,True,1,True,Monitor,Official ECB inputs; RepoLens derived analytics
2024-12-24,2.909,-0.2000000000000223,5.515490148567717,0.1958121528474557,Normal,False,False,False,3.0,False,-9.10000000000002,-2.182819320694235,Unusually below policy rate,True,31561,-18.275978145472436,29,-4.0,356,-214.0,4.000000000000004,0.0,25.4002648811562,-7.575686306631344,Weak market quality,True,2,True,High attention,Official ECB inputs; RepoLens derived analytics
2024-12-27,2.916,0.7000000000000117,5.526250751497006,0.3519565230501223,Normal,False,False,False,3.0,False,-8.400000000000007,0.7777666262454438,Normal transmission,False,48132,52.50467348943315,34,5.0,638,282.0,4.000000000000004,0.0,45.45154687840037,20.05128199724417,Normal market quality,False,0,False,Normal,Official ECB inputs; RepoLens derived analytics
2024-12-30,2.915,-0.0999999999999889,5.526250751497006,0.2071929145976306,Normal,False,False,False,3.0,False,-8.499999999999996,0.311045762437542,Normal transmission,False,40655,-15.534363832793153,33,-1.0,515,-123.0,3.000000000000025,-0.9999999999999796,34.284534576371065,-11.167012302029306,Weak market quality,True,1,True,Monitor,Official ECB inputs; RepoLens derived analytics
2024-12-31,2.905,-1.000000000000023,5.520097253147873,0.0525353063000116,Normal,False,True,True,3.0,False,-9.50000000000002,-3.8123016370471583,Unusually below policy rate,True,33792,-16.881072438814414,30,-3.0,347,-168.0,6.999999999999984,3.999999999999959,22.32497229640209,-11.959562279968974,Weak market quality,True,2,True,High attention,Official ECB inputs; RepoLens derived analytics
2025-01-02,2.92,1.5000000000000124,5.546157987386656,0.4913311171800985,Normal,False,False,False,3.0,False,-8.000000000000007,2.2543593864097105,Unusually above policy rate,True,59601,76.37606534090908,36,6.0,617,270.0,5.000000000000027,-1.9999999999999574,55.97761428483982,33.65264198843772,Normal market quality,False,1,True,Monitor,Official ECB inputs; RepoLens derived analytics
2025-01-03,2.919,-0.0999999999999889,5.546157987386656,0.2028431217716013,Normal,False,False,False,3.0,False,-8.099999999999996,1.7746675759269108,Normal transmission,False,55651,-6.62740558044328,33,-3.0,597,-20.0,5.000000000000027,0.0,45.89686787784247,-10.08074640699735,Normal market quality,False,0,False,Normal,Official ECB inputs; RepoLens derived analytics
2025-01-06,2.917,-0.2000000000000223,5.542790480957192,0.187631122549734,Normal,False,False,False,3.0,False,-8.300000000000018,0.9823962317324856,Normal transmission,False,53701,-3.5039801620815436,33,0.0,574,-23.0,5.000000000000027,0.0,43.73428819009594,-2.162579687746529,Normal market quality,False,0,False,Normal,Official ECB inputs; RepoLens derived analytics
2025-01-07,2.918,0.1000000000000334,5.544012892063708,0.2408003058418378,Normal,False,False,False,3.0,False,-8.199999999999985,1.3196841535234314,Normal transmission,False,59102,10.057540827917544,35,2.0,670,96.0,6.000000000000005,0.9999999999999787,54.7448494806425,11.010561290546562,Normal market quality,False,0,False,Normal,Official ECB inputs; RepoLens derived analytics
2025-01-08,2.917,-0.1000000000000334,5.542885435165388,0.2056690532998454,Normal,False,False,False,3.0,False,-8.300000000000018,0.9133954503607384,Normal transmission,False,59265,0.2757943893607617,36,1.0,724,54.0,6.000000000000005,0.0,59.28555926704361,4.540709786401109,Normal market quality,False,0,False,Normal,Official ECB inputs; RepoLens derived analytics
2025-01-09,2.92,0.3000000000000113,5.547934656011063,0.2739758296095153,Normal,False,False,False,3.0,False,-8.000000000000007,1.9359474567450283,Normal transmission,False,55672,-6.062600185607014,36,0.0,705,-19.0,6.000000000000005,0.0,56.073348570276416,-3.212210696767194,Normal market quality,False,0,False,Normal,Official ECB inputs; RepoLens derived analytics
2025-01-10,2.917,-0.3000000000000113,5.545989542002417,0.1676887402972284,Normal,False,False,False,3.0,False,-8.300000000000018,0.8172093921446014,Normal transmission,False,56000,0.5891651099295903,36,0.0,737,32.0,6.000000000000005,0.0,57.53755465827232,1.4642060879959047,Normal market quality,False,0,False,Normal,Official ECB inputs; RepoLens derived analytics
2025-01-13,2.918,0.1000000000000334,5.545989542002417,0.2398129296723894,Normal,False,False,False,3.0,False,-8.199999999999985,1.1438206744049657,Normal transmission,False,61069,9.05178571428571,36,0.0,754,17.0,5.000000000000027,-0.9999999999999787,62.543968781036185,5.006414122763864,Normal market quality,False,0,False,Normal,Official ECB inputs; RepoLens derived analytics
2025-01-14,2.919,0.0999999999999889,5.54720176020498,0.2388591685100395,Normal,False,False,False,3.0,False,-8.099999999999996,1.452106823077491,Normal transmission,False,58770,-3.7645941476035283,36,0.0,766,12.0,5.000000000000027,0.0,61.43741707160569,-1.106551709430498,Normal market quality,False,0,False,Normal,Official ECB inputs; RepoLens derived analytics
2025-01-15,2.92,0.0999999999999889,5.544487542168648,0.2407796915128105,Normal,False,False,False,3.0,False,-8.000000000000007,1.7291220584034508,Normal transmission,False,56383,-4.06159605240769,36,0.0,761,-5.0,5.000000000000027,0.0,59.5934785014928,-1.8439385701128899,Normal market quality,False,0,False,Normal,Official ECB inputs; RepoLens derived analytics
2025-01-16,2.92,0.0,5.546632453926215,0.2208547276524293,Normal,False,False,False,3.0,False,-8.000000000000007,1.6596388937062907,Normal transmission,False,59470,5.475054537715263,36,0.0,742,-19.0,5.000000000000027,0.0,60.79000795031311,1.1965294488203142,Normal market quality,False,0,False,Normal,Official ECB inputs; RepoLens derived analytics
2025-01-17,2.92,0.0,5.547744918812571,0.2199091735207478,Normal,False,False,False,3.0,False,-8.000000000000007,1.6020625267406887,Normal transmission,False,62631,5.3152850176559685,36,0.0,753,11.0,5.000000000000027,0.0,63.27025833185198,2.480250381538866,Normal market quality,False,0,False,Normal,Official ECB inputs; RepoLens derived analytics
2025-01-20,2.919,-0.0999999999999889,0.4843878393885037,-0.2270907546705871,Normal,False,False,False,3.0,False,-8.099999999999996,1.2416685397864666,Normal transmission,False,64546,3.0575912886589673,36,0.0,791,38.0,5.000000000000027,0.0,65.98901076359992,2.7187524317479443,Strong market quality,False,0,False,Normal,Official ECB inputs; RepoLens derived analytics
2025-01-21,2.921,0.1999999999999779,0.4843878393885027,0.3922476671582777,Normal,False,False,False,3.0,False,-7.900000000000018,1.8102733103626216,Normal transmission,False,63013,-2.375050351687169,36,0.0,781,-10.0,5.000000000000027,0.0,64.40813459099591,-1.5808761726040075,Normal market quality,False,0,False,Normal,Official ECB inputs; RepoLens derived analytics
2025-01-22,2.92,-0.0999999999999889,0.4796928842061218,-0.250160058552017,Normal,False,False,False,3.0,False,-8.000000000000007,1.4482527408339263,Normal transmission,False,63044,0.04919619761001304,36,0.0,794,13.0,5.000000000000027,0.0,64.82110969230104,0.41297510130512194,Normal market quality,False,0,False,Normal,Official ECB inputs; RepoLens derived analytics
2025-01-23,2.922,0.2000000000000223,0.4650693213751091,0.3117814771597659,Normal,False,False,False,3.0,False,-7.799999999999985,1.9600810532855395,Normal transmission,False,58215,-7.659729712581687,36,0.0,773,-21.0,5.000000000000027,0.0,60.705539367726615,-4.115570324574421,Normal market quality,False,0,False,Normal,Official ECB inputs; RepoLens derived analytics
2025-01-24,2.921,-0.1000000000000334,0.4627150993408241,-0.3457851283175479,Normal,False,False,False,3.0,False,-7.900000000000018,1.5925691235527129,Normal transmission,False,57896,-0.547968736579918,37,1.0,771,-2.0,5.000000000000027,0.0,62.452392871936055,1.7468535042094402,Normal market quality,False,0,False,Normal,Official ECB inputs; RepoLens derived analytics
2025-01-27,2.921,0.0,0.4375469899578167,-0.0571367203381059,Normal,False,False,False,3.0,False,-7.900000000000018,1.5316886785960808,Normal transmission,False,56960,-1.616691999447284,35,-2.0,789,18.0,5.000000000000027,0.0,58.27666145653484,-4.175731415401216,Normal market quality,False,0,False,Normal,Official ECB inputs; RepoLens derived analytics
2025-01-28,2.921,0.0,0.4366137640380359,-0.0687106144399648,Normal,False,False,False,3.0,False,-7.900000000000018,1.5557997366348668,Normal transmission,False,57592,1.1095505617977564,34,-1.0,792,3.0,6.000000000000005,0.9999999999999787,55.55402282327477,-2.7226386332600683,Normal market quality,False,0,False,Normal,Official ECB inputs; RepoLens derived analytics
2025-01-29,2.923,0.2000000000000223,0.3640416401863456,0.3021632358971738,Normal,False,False,False,3.0,False,-7.699999999999996,2.0546303465920484,Unusually above policy rate,True,51029,-11.395679955549387,35,1.0,775,-17.0,6.000000000000005,0.0,52.7178367941381,-2.8361860291366696,Normal market quality,False,1,True,Monitor,Official ECB inputs; RepoLens derived analytics
2025-01-30,2.923,0.0,0.1496487114618583,-0.1002347421068442,Normal,False,False,False,3.0,False,-7.699999999999996,1.9524057015149416,Normal transmission,False,50573,-0.8936095161574786,35,0.0,752,-23.0,6.000000000000005,0.0,51.502369624870525,-1.2154671692675763,Normal market quality,False,0,False,Normal,Official ECB inputs; RepoLens derived analytics
2025-01-31,2.912,-1.100000000000012,0.2906888370751287,-3.66371137851696,Sharp easing,True,True,False,3.0,False,-8.800000000000008,-1.225787712612106,Normal transmission,False,43550,-13.886856623099286,32,-3.0,619,-133.0,7.000000000000028,1.000000000000023,34.357574002916536,-17.14479562195399,Weak market quality,True,2,True,High attention,Official ECB inputs; RepoLens derived analytics
2025-02-03,2.918,0.6000000000000227,0.3203205631207376,1.8575142170181211,Mild tightening,False,False,False,3.0,False,-8.199999999999985,0.4812156630665099,Normal transmission,False,59421,36.44316877152698,33,1.0,750,131.0,5.000000000000027,-2.0000000000000018,54.127909944033,19.770335941116464,Normal market quality,False,0,False,Normal,Official ECB inputs; RepoLens derived analytics
2025-02-04,2.917,-0.1000000000000334,0.3203205631207376,-0.2965779001962605,Normal,False,False,False,3.0,False,-8.300000000000018,0.1715003299204113,Normal transmission,False,65539,10.296023291428957,34,1.0,784,34.0,5.000000000000027,0.0,61.488583597148576,7.360673653115576,Normal market quality,False,0,False,Normal,Official ECB inputs; RepoLens derived analytics
2025-02-05,2.666,-25.099999999999987,5.62161945200473,-4.241660290878745,Sharp easing,True,False,False,2.75,True,-8.400000000000007,-0.1383863014011163,Normal transmission,False,65395,-0.21971650467660364,34,0.0,789,5.0,4.000000000000004,-1.0000000000000222,62.54880962085507,1.060226023706491,Normal market quality,False,1,True,Monitor,Official ECB inputs; RepoLens derived analytics
2025-02-06,2.669,0.3000000000000113,5.62161945200473,0.2766106836786116,Normal,False,False,False,2.75,False,-8.099999999999996,0.7244323411220102,Normal transmission,False,65493,0.14985855187705788,35,1.0,758,-31.0,5.000000000000027,1.0000000000000222,62.27989585083725,-0.2689137700178179,Normal market quality,False,0,False,Normal,Official ECB inputs; RepoLens derived analytics
2025-02-07,2.665,-0.4000000000000003,5.620769754364522,0.1530039545441634,Normal,False,False,False,2.75,False,-8.499999999999996,-0.4885045504518768,Normal transmission,False,64106,-2.1177835799245703,35,0.0,746,-12.0,4.000000000000004,-1.0000000000000222,61.88013454305776,-0.39976130777949237,Normal market quality,False,0,False,Normal,Official ECB inputs; RepoLens derived analytics
2025-02-10,2.664,-0.0999999999999889,5.618400221827531,0.2082443318036602,Normal,False,False,False,2.75,False,-8.599999999999985,-0.7906723136179621,Normal transmission,False,56402,-12.017595856862073,34,-1.0,658,-88.0,3.000000000000025,-0.9999999999999796,52.55255251060901,-9.327582032448746,Normal market quality,False,0,False,Normal,Official ECB inputs; RepoLens derived analytics
2025-02-11,2.666,0.1999999999999779,5.619727938722943,0.2606887763917078,Normal,False,False,False,2.75,False,-8.400000000000007,-0.1917069680093465,Normal transmission,False,58984,4.577851849225212,35,1.0,738,80.0,4.000000000000004,0.9999999999999796,58.25438500022222,5.70183248961321,Normal market quality,False,0,False,Normal,Official ECB inputs; RepoLens derived analytics
2025-02-12,2.665,-0.0999999999999889,5.617348597261697,0.2091734168986397,Normal,False,False,False,2.75,False,-8.499999999999996,-0.4944021806556279,Normal transmission,False,55367,-6.132171436321709,35,0.0,744,6.0,3.000000000000025,-0.9999999999999796,57.23966303044299,-1.014721969779231,Normal market quality,False,0,False,Normal,Official ECB inputs; RepoLens derived analytics
2025-02-13,2.667,0.1999999999999779,5.619915245661727,0.2606800878591326,Normal,False,False,False,2.75,False,-8.300000000000018,0.1011027211392066,Normal transmission,False,54021,-2.431050987050043,34,-1.0,713,-31.0,5.000000000000027,2.0000000000000018,50.96643877799277,-6.27322425245022,Normal market quality,False,0,False,Normal,Official ECB inputs; RepoLens derived analytics
2025-02-14,2.666,-0.0999999999999889,5.618774917982337,0.2082304447283589,Normal,False,False,False,2.75,False,-8.400000000000007,-0.2022054422785211,Normal transmission,False,53448,-1.0606986172044253,34,0.0,724,11.0,3.000000000000025,-2.0000000000000018,53.15840210908928,2.1919633310965096,Normal market quality,False,0,False,Normal,Official ECB inputs; RepoLens derived analytics
2025-02-17,2.665,-0.0999999999999889,5.618774917982337,0.2082304447283589,Normal,False,False,False,2.75,False,-8.499999999999996,-0.4944021806556333,Normal transmission,False,57535,7.646684628049694,33,-1.0,747,23.0,3.000000000000025,0.0,54.54251578571991,1.3841136766306263,Normal market quality,False,0,False,Normal,Official ECB inputs; RepoLens derived analytics
2025-02-18,2.666,0.0999999999999889,5.6174422911799375,0.2447733200853534,Normal,False,False,False,2.75,False,-8.400000000000007,-0.1866258236074227,Normal transmission,False,58436,1.5660033023377151,34,1.0,751,4.0,4.000000000000004,0.9999999999999796,56.318116471887336,1.7756006861674294,Normal market quality,False,0,False,Normal,Official ECB inputs; RepoLens derived analytics
2025-02-19,2.665,-0.0999999999999889,5.6174422911799375,0.209169928072942,Normal,False,False,False,2.75,False,-8.499999999999996,-0.4739281953780235,Normal transmission,False,56364,-3.545759463344511,35,1.0,754,3.0,3.000000000000025,-0.9999999999999796,58.26898085090741,1.950864379020075,Normal market quality,False,0,False,Normal,Official ECB inputs; RepoLens derived analytics
2025-02-20,2.667,0.1999999999999779,5.617442291179937,0.2625750160915596,Normal,False,False,False,2.75,False,-8.300000000000018,0.1310865221257917,Normal transmission,False,55253,-1.971116315378607,35,0.0,723,-31.0,4.000000000000004,0.9999999999999796,55.29982184629747,-2.969159004609942,Normal market quality,False,0,False,Normal,Official ECB inputs; RepoLens derived analytics
2025-02-21,2.666,-0.0999999999999889,5.6174422911799375,0.209169928072942,Normal,False,False,False,2.75,False,-8.400000000000007,-0.1767575898792388,Normal transmission,False,56807,2.812516967404477,35,0.0,758,35.0,4.000000000000004,0.0,57.63739071495088,2.3375688686534133,Normal market quality,False,0,False,Normal,Official ECB inputs; RepoLens derived analytics
2025-02-24,2.666,0.0,5.6174422911799375,0.2269716240791477,Normal,False,False,False,2.75,False,-8.400000000000007,-0.1821174642045135,Normal transmission,False,58372,2.754942172619579,35,0.0,746,-12.0,4.000000000000004,0.0,58.12495494446772,0.48756422951683476,Normal market quality,False,0,False,Normal,Official ECB inputs; RepoLens derived analytics
2025-02-25,2.666,0.0,5.6174422911799375,0.2269716240791477,Normal,False,False,False,2.75,False,-8.400000000000007,-0.193213095238856,Normal transmission,False,59193,1.4064962653326907,35,0.0,763,17.0,4.000000000000004,0.0,59.24763082063362,1.1226758761659,Normal market quality,False,0,False,Normal,Official ECB inputs; RepoLens derived analytics
2025-02-26,2.665,-0.0999999999999889,5.613695658598574,0.2119815665776735,Normal,False,False,False,2.75,False,-8.499999999999996,-0.5127605202808324,Normal transmission,False,56824,-4.0021624178534605,35,0.0,765,2.0,3.000000000000025,-0.9999999999999796,58.840117402434736,-0.40751341819888154,Normal market quality,False,0,False,Normal,Official ECB inputs; RepoLens derived analytics
2025-02-27,2.666,0.0999999999999889,5.614949500639957,0.2466629485878965,Normal,False,False,False,2.75,False,-8.400000000000007,-0.2106292299696671,Normal transmission,False,52373,-7.832957905110516,34,-1.0,706,-59.0,3.000000000000025,0.0,51.62350966317437,-7.216607739260368,Normal market quality,False,0,False,Normal,Official ECB inputs; RepoLens derived analytics
2025-02-28,2.658,-0.8000000000000007,5.615870368874273,0.0836913904930844,Normal,False,True,False,2.75,False,-9.200000000000008,-2.512486466587851,Unusually below policy rate,True,48043,-8.267618811219524,32,-2.0,595,-111.0,6.000000000000005,2.9999999999999805,37.12090503490832,-14.502604628266049,Normal market quality,False,1,True,Monitor,Official ECB inputs; RepoLens derived analytics
2025-03-03,2.663,0.4999999999999893,5.614162073673482,0.3161647235521587,Normal,False,False,False,2.75,False,-8.700000000000019,-1.031483711140331,Normal transmission,False,57104,18.860187748475333,33,1.0,689,94.0,3.000000000000025,-2.9999999999999805,51.91951076355947,14.798605728651154,Normal market quality,False,0,False,Normal,Official ECB inputs; RepoLens derived analytics
2025-03-04,2.664,0.1000000000000334,5.616542765044971,0.2430320674303815,Normal,False,False,False,2.75,False,-8.599999999999985,-0.7339412112479076,Normal transmission,False,57241,0.23991314093583238,34,1.0,746,57.0,3.000000000000025,0.0,56.31364301550768,4.394132251948207,Normal market quality,False,0,False,Normal,Official ECB inputs; RepoLens derived analytics
2025-03-05,2.664,0.0,0.2673456268776753,0.0374047637015363,Normal,False,False,False,2.75,False,-8.599999999999985,-0.727021266571702,Normal transmission,False,58415,2.0509774462360797,34,0.0,757,11.0,3.000000000000025,0.0,57.46025121144501,1.1466081959373327,Normal market quality,False,0,False,Normal,Official ECB inputs; RepoLens derived analytics
2025-03-06,2.666,0.1999999999999779,0.2621269278725089,0.820213328500718,Normal,False,False,False,2.75,False,-8.400000000000007,-0.159579153309839,Normal transmission,False,52016,-10.954378156295475,34,0.0,727,-30.0,4.000000000000004,0.9999999999999796,51.15116712019766,-6.30908409124735,Normal market quality,False,0,False,Normal,Official ECB inputs; RepoLens derived analytics
2025-03-07,2.665,-0.0999999999999889,0.2470883072487188,-0.4047136066998487,Normal,False,False,False,2.75,False,-8.499999999999996,-0.4627967647909839,Normal transmission,False,56041,7.738003691171946,35,1.0,719,-8.0,3.000000000000025,-0.9999999999999796,56.63276647790735,5.48159935770969,Normal market quality,False,0,False,Normal,Official ECB inputs; RepoLens derived analytics
2025-03-10,2.663,-0.2000000000000223,0.250210437747879,-0.7793439864267776,Normal,False,False,False,2.75,False,-8.700000000000019,-1.037899336800254,Normal transmission,False,58085,3.6473296336610783,35,0.0,742,23.0,3.000000000000025,0.0,58.83087119323692,2.1981047153295705,Normal market quality,False,0,False,Normal,Official ECB inputs; RepoLens derived analytics
2025-03-11,2.663,0.0,0.2455391489850477,0.0610900545269611,Normal,False,False,False,2.75,False,-8.700000000000019,-1.0285443770714464,Normal transmission,False,57664,-0.7247998622708085,35,0.0,786,44.0,3.000000000000025,0.0,60.2499756616362,1.4191044683992757,Normal market quality,False,0,False,Normal,Official ECB inputs; RepoLens derived analytics
2025-03-12,2.412,-25.099999999999987,5.615511880871644,-4.244492845111798,Sharp easing,True,False,False,2.5,True,-8.800000000000008,-1.276028647237318,Normal transmission,False,52955,-8.166273584905658,34,-1.0,701,-85.0,3.000000000000025,0.0,51.81768634903248,-8.432289312603721,Normal market quality,False,1,True,Monitor,Official ECB inputs; RepoLens derived analytics
2025-03-13,2.413,0.0999999999999889,5.6141831669067415,0.244024813453819,Normal,False,False,False,2.5,False,-8.700000000000019,-0.9742468300883456,Normal transmission,False,58524,10.516476253422713,35,1.0,766,65.0,3.000000000000025,0.0,59.94784644861213,8.130160099579655,Normal market quality,False,0,False,Normal,Official ECB inputs; RepoLens derived analytics
2025-03-14,2.417,0.4000000000000003,5.6207767771854655,0.2926641752928167,Normal,False,False,False,2.5,False,-8.300000000000018,0.1471886161246271,Normal transmission,False,57463,-1.8129314469277569,35,0.0,759,-7.0,3.000000000000025,0.0,58.9389700237059,-1.0088764249062336,Normal market quality,False,0,False,Normal,Official ECB inputs; RepoLens derived analytics
2025-03-17,2.417,0.0,5.621893294124887,0.2205662639125243,Normal,False,False,False,2.5,False,-8.300000000000018,0.1471886161246271,Normal transmission,False,59899,4.239249604093076,35,0.0,766,7.0,3.000000000000025,0.0,60.7215755704613,1.7826055467553985,Normal market quality,False,0,False,Normal,Official ECB inputs; RepoLens derived analytics
2025-03-18,2.417,0.0,5.620683138851405,0.221503324283535,Normal,False,False,False,2.5,False,-8.300000000000018,0.1573498176377257,Normal transmission,False,66780,11.487670912703042,36,1.0,816,50.0,3.000000000000025,0.0,69.0930834449014,8.371507874440098,Strong market quality,False,0,False,Normal,Official ECB inputs; RepoLens derived analytics
2025-03-19,2.416,-0.0999999999999889,5.620683138851405,0.2037118926141767,Normal,False,False,False,2.5,False,-8.400000000000007,-0.1287407598854466,Normal transmission,False,64268,-3.7616052710392367,36,0.0,799,-17.0,3.000000000000025,0.0,66.64163670755448,-2.451446737346913,Strong market quality,False,0,False,Normal,Official ECB inputs; RepoLens derived analytics
2025-03-20,2.417,0.0999999999999889,5.61937437986229,0.240240266752448,Normal,False,False,False,2.5,False,-8.300000000000018,0.131506324164312,Normal transmission,False,62675,-2.478683014875205,35,-1.0,747,-52.0,4.000000000000004,0.9999999999999796,60.27374618201347,-6.367890525541014,Normal market quality,False,0,False,Normal,Official ECB inputs; RepoLens derived analytics
2025-03-21,2.417,0.0,5.6204958575031965,0.2215107050275576,Normal,False,False,False,2.5,False,-8.300000000000018,0.0966790154128534,Normal transmission,False,60668,-3.2022337455125616,36,1.0,740,-7.0,4.000000000000004,0.0,60.82444773188364,0.5507015498701691,Normal market quality,False,0,False,Normal,Official ECB inputs; RepoLens derived analytics
2025-03-24,2.418,0.1000000000000334,5.621706053091756,0.238361804645242,Normal,False,False,False,2.5,False,-8.199999999999985,0.3914335697193039,Normal transmission,False,61138,0.7747082481703638,35,-1.0,742,2.0,4.000000000000004,0.0,58.95399416529261,-1.8704535665910242,Normal market quality,False,0,False,Normal,Official ECB inputs; RepoLens derived analytics
2025-03-25,2.418,0.0,5.621706053091756,0.2205736102687259,Normal,False,False,False,2.5,False,-8.199999999999985,0.3766137032847401,Normal transmission,False,57996,-5.139193300402367,33,-2.0,742,0.0,4.000000000000004,0.0,52.67317391416559,-6.280820251127025,Normal market quality,False,0,False,Normal,Official ECB inputs; RepoLens derived analytics
2025-03-26,2.417,-0.1000000000000334,5.621706053091756,0.2027854158922102,Normal,False,False,False,2.5,False,-8.300000000000018,0.0115438752656667,Normal transmission,False,57859,-0.23622318780605056,35,2.0,767,25.0,4.000000000000004,0.0,57.758004246261386,5.084830332095798,Normal market quality,False,0,False,Normal,Official ECB inputs; RepoLens derived analytics
2025-03-27,2.417,0.0,5.6204958575031965,0.2215107050275576,Normal,False,False,False,2.5,False,-8.300000000000018,0.029137923605942,Normal transmission,False,52581,-9.122176325204379,36,1.0,730,-37.0,4.000000000000004,0.0,55.21124616378752,-2.5467580824738647,Normal market quality,False,0,False,Normal,Official ECB inputs; RepoLens derived analytics
2025-03-28,2.417,0.0,5.626672850665935,0.2141585324011479,Normal,False,False,False,2.5,False,-8.300000000000018,0.0409803419470878,Normal transmission,False,53018,0.8310986858370839,33,-3.0,695,-35.0,3.000000000000025,-0.9999999999999796,48.90298656413831,-6.308259599649212,Normal market quality,False,0,False,Normal,Official ECB inputs; RepoLens derived analytics
2025-03-31,2.415,-0.1999999999999779,5.617678861369146,0.1851298419978657,Normal,False,True,True,2.5,False,-8.499999999999996,-0.6474883398277298,Normal transmission,False,55940,5.5113357727564205,33,0.0,662,-33.0,6.000000000000005,2.9999999999999805,46.032720276556965,-2.8702662875813445,Normal market quality,False,0,False,Quarter-end watch,Official ECB inputs; RepoLens derived analytics
2025-04-01,2.42,0.4999999999999893,5.623409716720392,0.3058642508095791,Normal,False,False,False,2.5,False,-8.000000000000007,1.0812773148041226,Normal transmission,False,65071,16.322845906328197,35,2.0,746,84.0,5.000000000000027,-0.9999999999999787,60.208004666402495,14.17528438984553,Normal market quality,False,0,False,Normal,Official ECB inputs; RepoLens derived analytics
2025-04-02,2.417,-0.3000000000000113,5.620383485698805,0.1663587551239375,Normal,False,False,False,2.5,False,-8.300000000000018,0.0404756214097371,Normal transmission,False,64898,-0.26586344147162544,35,0.0,771,25.0,4.000000000000004,-1.0000000000000222,62.08612842060171,1.8781237541992155,Normal market quality,False,0,False,Normal,Official ECB inputs; RepoLens derived analytics
2025-04-03,2.416,-0.0999999999999889,5.616751261792013,0.2047446907294779,Normal,False,False,False,2.5,False,-8.400000000000007,-0.2860262034530812,Normal transmission,False,63703,-1.8413510431754432,34,-1.0,739,-32.0,3.000000000000025,-0.9999999999999796,59.07773587090183,-3.0083925496998773,Normal market quality,False,0,False,Normal,Official ECB inputs; RepoLens derived analytics
2025-04-04,2.415,-0.0999999999999889,5.616751261792013,0.2047446907294779,Normal,False,False,False,2.5,False,-8.499999999999996,-0.6225204391266068,Normal transmission,False,68047,6.819145095207446,35,1.0,783,44.0,3.000000000000025,0.0,65.40104079561812,6.3233049247162825,Strong market quality,False,0,False,Normal,Official ECB inputs; RepoLens derived analytics
2025-04-07,2.414,-0.0999999999999889,5.617779576346968,0.2038171815820085,Normal,False,False,False,2.5,False,-8.599999999999985,-0.9425037556848131,Normal transmission,False,70875,4.155951033844252,35,0.0,806,23.0,3.000000000000025,0.0,67.76118159319941,2.3601407975812947,Strong market quality,False,0,False,Normal,Official ECB inputs; RepoLens derived analytics
2025-04-08,2.415,0.0999999999999889,5.61899035695729,0.2384770065214356,Normal,False,False,False,2.5,False,-8.499999999999996,-0.5739259156274167,Normal transmission,False,68074,-3.9520282186948807,35,0.0,797,-9.0,3.000000000000025,0.0,65.5151040212468,-2.246077571952611,Strong market quality,False,0,False,Normal,Official ECB inputs; RepoLens derived analytics
2025-04-09,2.415,0.0,0.1814415956490432,-0.0826712306312327,Normal,False,False,False,2.5,False,-8.499999999999996,-0.549991243658519,Normal transmission,False,63933,-6.083086053412467,34,-1.0,735,-62.0,3.000000000000025,0.0,58.54059949922856,-6.974504522018236,Normal market quality,False,0,False,Normal,Official ECB inputs; RepoLens derived analytics
2025-04-10,2.416,0.0999999999999889,0.1814415956490432,0.468470306910224,Normal,False,False,False,2.5,False,-8.400000000000007,-0.1777205177831879,Normal transmission,False,70411,10.132482442557045,35,1.0,821,86.0,3.000000000000025,0.0,67.53459590382877,8.99399640460021,Strong market quality,False,0,False,Normal,Official ECB inputs; RepoLens derived analytics
2025-04-11,2.416,0.0,0.1571958215598665,0.0318074612313717,Normal,False,False,False,2.5,False,-8.400000000000007,-0.156088069098719,Normal transmission,False,73735,4.720853275766568,35,0.0,829,8.0,3.000000000000025,0.0,68.50889862301436,0.9743027191855873,Strong market quality,False,0,False,Normal,Official ECB inputs; RepoLens derived analytics
2025-04-14,2.417,0.0999999999999889,0.1589438828480941,0.6291528696046809,Normal,False,False,False,2.5,False,-8.300000000000018,0.2176428750329883,Normal transmission,False,78052,5.854750118668206,35,0.0,870,41.0,4.000000000000004,0.9999999999999796,68.79910901713374,0.2902103941193843,Strong market quality,False,0,False,Normal,Official ECB inputs; RepoLens derived analytics
2025-04-15,2.416,-0.0999999999999889,0.1605090586067607,-0.5918669066070297,Normal,False,False,False,2.5,False,-8.400000000000007,-0.1177125843778837,Normal transmission,False,78513,0.5906318864346893,35,0.0,855,-15.0,3.000000000000025,-0.9999999999999796,69.31212962013801,0.5130206030042643,Strong market quality,False,0,False,Normal,Official ECB inputs; RepoLens derived analytics
2025-04-16,2.418,0.2000000000000223,0.1651155894966587,1.1507090310443748,Mild tightening,False,False,False,2.5,False,-8.199999999999985,0.6463528052032831,Normal transmission,False,75367,-4.006979735839922,35,0.0,847,-8.0,4.000000000000004,0.9999999999999796,67.78267838600603,-1.529451234131983,Strong market quality,False,0,False,Normal,Official ECB inputs; RepoLens derived analytics
2025-04-17,2.417,-0.1000000000000334,0.1654340383739825,-0.6044705248261686,Normal,False,False,False,2.5,False,-8.300000000000018,0.3137449134227421,Normal transmission,False,71975,-4.5006435177199595,35,0.0,840,-7.0,4.000000000000004,0.0,66.27707408134962,-1.5056043046564014,Strong market quality,False,0,False,Normal,Official ECB inputs; RepoLens derived analytics
2025-04-22,2.417,0.0,0.1654340383739825,-2.147510701980922e-15,Normal,False,False,False,2.5,False,-8.300000000000018,0.3504004077593501,Normal transmission,False,80702,12.125043417853432,35,0.0,885,45.0,4.000000000000004,0.0,69.00341823040412,2.7263441490544977,Strong market quality,False,0,False,Normal,Official ECB inputs; RepoLens derived analytics
2025-04-23,2.167,-25.0,5.591391409545295,-4.246706814240178,Sharp easing,True,False,False,2.25,True,-8.300000000000018,0.3900998822700885,Normal transmission,False,80023,-0.8413670045351984,35,0.0,807,-78.0,5.000000000000027,1.0000000000000222,64.96685991390112,-4.036558316503005,Normal market quality,False,1,True,Monitor,Official ECB inputs; RepoLens derived analytics
2025-04-24,2.169,0.2000000000000223,5.59393233310598,0.2583156023265122,Normal,False,False,False,2.25,False,-8.099999999999996,1.2700235805208542,Normal transmission,False,75731,-5.363458005823329,35,0.0,796,-11.0,5.000000000000027,0.0,64.39799560349199,-0.5688643104091256,Normal market quality,False,0,False,Normal,Official ECB inputs; RepoLens derived analytics
2025-04-25,2.167,-0.2000000000000223,5.592899633981425,0.1877380372821946,Normal,False,False,False,2.25,False,-8.300000000000018,0.4952116880780793,Normal transmission,False,73597,-2.817868508272703,35,0.0,790,-6.0,5.000000000000027,0.0,62.91928211480803,-1.4787134886839652,Normal market quality,False,0,False,Normal,Official ECB inputs; RepoLens derived analytics
2025-04-28,2.167,0.0,5.592899633981425,0.2234976634311888,Normal,False,False,False,2.25,False,-8.300000000000018,0.5983094890403245,Normal transmission,False,73379,-0.2962077258583884,35,0.0,828,38.0,5.000000000000027,0.0,63.928732603163496,1.0094504883554691,Normal market quality,False,0,False,Normal,Official ECB inputs; RepoLens derived analytics
2025-04-29,2.167,0.0,5.592899633981425,0.2234976634311888,Normal,False,False,False,2.25,False,-8.300000000000018,0.5734243277905104,Normal transmission,False,72887,-0.670491557530084,35,0.0,812,-16.0,5.000000000000027,0.0,62.95986396269652,-0.9688686404669795,Normal market quality,False,0,False,Normal,Official ECB inputs; RepoLens derived analytics
2025-04-30,2.156,-1.0999999999999677,5.587624954448807,0.0348985484154183,Normal,False,True,False,2.25,False,-9.399999999999986,-4.293466280482597,Unusually below policy rate,True,58286,-20.03237888786752,33,-2.0,683,-129.0,10.000000000000009,4.999999999999982,43.49176442465574,-19.468099538040775,Normal market quality,True,2,True,High attention,Official ECB inputs; RepoLens derived analytics
2025-05-02,2.168,1.200000000000001,5.6016350996359785,0.4391574881698135,Normal,False,False,False,2.25,False,-8.199999999999985,0.9957315501478664,Normal transmission,False,67533,15.864873211405817,32,-1.0,651,-32.0,4.000000000000004,-6.000000000000004,49.13192089483908,5.640156470183335,Normal market quality,False,0,False,Normal,Official ECB inputs; RepoLens derived analytics
2025-05-05,2.167,-0.1000000000000334,5.603617252792125,0.2052245805023449,Normal,False,False,False,2.25,False,-8.300000000000018,0.5477596950146701,Normal transmission,False,65317,-3.2813587431329894,32,0.0,678,27.0,4.000000000000004,0.0,49.01690252125087,-0.11501837358820666,Normal market quality,False,0,False,Normal,Official ECB inputs; RepoLens derived analytics
2025-05-06,2.167,0.0,5.604741883347301,0.2221333338648689,Normal,False,False,False,2.25,False,-8.300000000000018,0.5708523561942284,Normal transmission,False,76605,17.281871488280242,35,3.0,792,114.0,5.000000000000027,1.0000000000000222,63.72453793473454,14.707635413483672,Normal market quality,False,0,False,Normal,Official ECB inputs; RepoLens derived analytics
2025-05-07,2.169,0.2000000000000223,5.6083678083453385,0.2549761443734414,Normal,False,False,False,2.25,False,-8.099999999999996,1.4074322243303634,Normal transmission,False,70895,-7.453821552118011,36,1.0,772,-20.0,5.000000000000027,0.0,62.50102762765463,-1.2235103070799127,Normal market quality,False,0,False,Normal,Official ECB inputs; RepoLens derived analytics
2025-05-08,2.171,0.1999999999999779,5.611949187600562,0.2521405580660603,Normal,False,False,False,2.25,False,-7.900000000000018,2.1518893187883323,Unusually above policy rate,True,70440,-0.6417942026941237,36,0.0,742,-30.0,5.000000000000027,0.0,61.003644826421215,-1.4973828012334138,Normal market quality,False,1,True,Monitor,Official ECB inputs; RepoLens derived analytics
2025-05-09,2.169,-0.1999999999999779,5.608649335483645,0.1836449273951984,Normal,False,False,False,2.25,False,-8.099999999999996,1.2689490823150014,Normal transmission,False,72574,3.029528676888127,35,-1.0,762,20.0,5.000000000000027,0.0,60.34006903285178,-0.6635757935694357,Normal market quality,False,0,False,Normal,Official ECB inputs; RepoLens derived analytics
2025-05-12,2.17,0.0999999999999889,5.609848013702527,0.236191782159439,Normal,False,False,False,2.25,False,-8.000000000000007,1.6149808672548336,Normal transmission,False,77922,7.36903023121227,35,0.0,829,67.0,5.000000000000027,0.0,65.08253097309007,4.742461940238293,Strong market quality,False,0,False,Normal,Official ECB inputs; RepoLens derived analytics
2025-05-13,2.172,0.2000000000000223,5.611135545080269,0.2530682049277972,Normal,False,False,False,2.25,False,-7.799999999999985,2.2877844486996364,Unusually above policy rate,True,71222,-8.598341931675268,34,-1.0,816,-13.0,5.000000000000027,0.0,59.17499040990275,-5.907540563187325,Normal market quality,False,1,True,Monitor,Official ECB inputs; RepoLens derived analytics
2025-05-14,2.172,0.0,5.611135545080269,0.2174247957830336,Normal,False,False,False,2.25,False,-7.799999999999985,2.1568871841132733,Unusually above policy rate,True,67820,-4.776613967594279,34,0.0,814,-2.0,5.000000000000027,0.0,57.47179115099914,-1.7031992589036093,Normal market quality,False,1,True,Monitor,Official ECB inputs; RepoLens derived analytics
2025-05-15,2.172,0.0,5.609941832891063,0.2183623353842688,Normal,False,False,False,2.25,False,-7.799999999999985,2.039806400444569,Unusually above policy rate,True,66389,-2.109997051017398,33,-1.0,786,-28.0,5.000000000000027,0.0,53.47628710591287,-3.995504045086271,Normal market quality,False,1,True,Monitor,Official ECB inputs; RepoLens derived analytics
2025-05-16,2.17,-0.2000000000000223,5.608930848491357,0.183635710231125,Normal,False,False,False,2.25,False,-8.000000000000007,1.2776740181556057,Normal transmission,False,69364,4.481164048260999,34,1.0,808,22.0,5.000000000000027,0.0,57.84893143393116,4.372644328018296,Normal market quality,False,0,False,Normal,Official ECB inputs; RepoLens derived analytics
2025-05-19,2.171,0.0999999999999889,5.607633425214154,0.2380683434115536,Normal,False,False,False,2.25,False,-7.900000000000018,1.5662967218713666,Normal transmission,False,72728,4.849777982815295,34,0.0,799,-9.0,5.000000000000027,0.0,58.88432372217245,1.0353922882412832,Normal market quality,False,0,False,Normal,Official ECB inputs; RepoLens derived analytics
2025-05-20,2.172,0.1000000000000334,5.609941832891063,0.2361878321503375,Normal,False,False,False,2.25,False,-7.799999999999985,1.8305766620767483,Normal transmission,False,70186,-3.4952150478495203,35,1.0,800,1.0,5.000000000000027,0.0,59.942173860822734,1.0578501386502879,Normal market quality,False,0,False,Normal,Official ECB inputs; RepoLens derived analytics
2025-05-21,2.169,-0.3000000000000113,5.606894252426634,0.1676507452576192,Normal,False,False,False,2.25,False,-8.099999999999996,0.7957114048720759,Normal transmission,False,64535,-8.051463254780156,34,-1.0,773,-27.0,5.000000000000027,0.0,54.181306915187136,-5.760866945635598,Normal market quality,False,0,False,Normal,Official ECB inputs; RepoLens derived analytics
2025-05-22,2.173,0.4000000000000003,0.4105195680957912,0.9012968656189916,Normal,False,False,False,2.25,False,-7.699999999999996,2.0264124552404645,Unusually above policy rate,True,63539,-1.5433485705431127,34,0.0,772,-1.0,5.000000000000027,0.0,53.67916838687991,-0.5021385283072277,Normal market quality,False,1,True,Monitor,Official ECB inputs; RepoLens derived analytics
2025-05-23,2.17,-0.3000000000000113,0.4148239956517731,-0.735251584279241,Normal,False,False,False,2.25,False,-8.000000000000007,1.023284526113043,Normal transmission,False,55688,-12.356190686035351,33,-1.0,676,-96.0,5.000000000000027,0.0,44.35794046839361,-9.3212279184863,Normal market quality,False,0,False,Normal,Official ECB inputs; RepoLens derived analytics
2025-05-26,2.168,-0.1999999999999779,0.4148239956517719,-0.4941854910728675,Normal,False,False,False,2.25,False,-8.199999999999985,0.3649664795684245,Normal transmission,False,59957,7.6659244361442225,33,0.0,724,48.0,5.000000000000027,0.0,48.06212915322251,3.7041886848288996,Normal market quality,False,0,False,Normal,Official ECB inputs; RepoLens derived analytics
2025-05-27,2.172,0.4000000000000003,0.4241089730867667,0.8842067105316318,Normal,False,False,False,2.25,False,-7.799999999999985,1.5864005379056358,Normal transmission,False,65445,9.153226478976606,34,1.0,774,50.0,5.000000000000027,0.0,54.57225796929308,6.510128816070569,Normal market quality,False,0,False,Normal,Official ECB inputs; RepoLens derived analytics
2025-05-28,2.167,-0.5000000000000338,0.4400956833762379,-1.136116573932819,Mild easing,False,False,False,2.25,False,-8.300000000000018,-0.0395967985714807,Normal transmission,False,53919,-17.611735044694022,35,1.0,624,-150.0,4.000000000000004,-1.0000000000000222,47.36150856297451,-7.21074940631857,Normal market quality,False,0,False,Normal,Official ECB inputs; RepoLens derived analytics
2025-05-29,2.161,-0.5999999999999783,0.3850837229542363,-1.6230236770465982,Mild easing,False,False,False,2.25,False,-8.899999999999997,-2.0247613127861355,Unusually below policy rate,True,42457,-21.25781264489327,32,-3.0,447,-177.0,6.000000000000005,2.000000000000001,29.05636934758046,-18.305139215394046,Weak market quality,True,2,True,High attention,Official ECB inputs; RepoLens derived analytics
2025-05-30,2.161,0.0,0.2680828622883526,0.1305566484229562,Normal,False,True,False,2.25,False,-8.899999999999997,-1.958462069943369,Normal transmission,False,51660,21.676048708104666,31,-1.0,651,204.0,6.000000000000005,0.0,35.79091055927563,6.73454121169517,Normal market quality,True,1,True,Monitor,Official ECB inputs; RepoLens derived analytics
2025-06-02,2.172,1.100000000000012,0.3683176546636441,2.9186762741029177,Sharp tightening,True,False,False,2.25,False,-7.799999999999985,1.5491402641903174,Normal transmission,False,70801,37.05187766163376,32,1.0,762,111.0,5.000000000000027,-0.9999999999999787,51.92021030647793,16.129299747202296,Normal market quality,False,1,True,Monitor,Official ECB inputs; RepoLens derived analytics
2025-06-03,2.172,0.0,0.3683176546636441,-0.067876192421003,Normal,False,False,False,2.25,False,-7.799999999999985,1.4895913611315676,Normal transmission,False,72647,2.607307806386916,33,1.0,783,21.0,5.000000000000027,0.0,55.66350414165263,3.743293835174704,Normal market quality,False,0,False,Normal,Official ECB inputs; RepoLens derived analytics
2025-06-04,2.173,0.0999999999999889,0.3664911860792412,0.2182862863793164,Normal,False,False,False,2.25,False,-7.699999999999996,1.7241666516535004,Normal transmission,False,63092,-13.1526422288601,35,2.0,709,-74.0,5.000000000000027,0.0,53.152677053354736,-2.5108270882978942,Normal market quality,False,0,False,Normal,Official ECB inputs; RepoLens derived analytics
2025-06-05,2.174,0.0999999999999889,0.3645833959900863,0.2331428170752443,Normal,False,False,False,2.25,False,-7.600000000000007,1.9413147260972896,Normal transmission,False,64297,1.9099093387434207,34,-1.0,657,-52.0,5.000000000000027,0.0,49.50812432495073,-3.6445527284040082,Normal market quality,False,0,False,Normal,Official ECB inputs; RepoLens derived analytics
2025-06-06,2.173,-0.0999999999999889,0.362157279005859,-0.3313477512571216,Normal,False,False,False,2.25,False,-7.699999999999996,1.5801977572493175,Normal transmission,False,49889,-22.4085105059334,33,-1.0,494,-163.0,5.000000000000027,0.0,36.05795001607563,-13.450174308875098,Normal market quality,True,1,True,Monitor,Official ECB inputs; RepoLens derived analytics
2025-06-09,2.17,-0.3000000000000113,0.3684962329309439,-0.8141195843818343,Normal,False,False,False,2.25,False,-8.000000000000007,0.6518074045234109,Normal transmission,False,40496,-18.827797710918237,31,-2.0,367,-127.0,5.000000000000027,0.0,27.74351367250813,-8.3144363435675,Weak market quality,True,1,True,Monitor,Official ECB inputs; RepoLens derived analytics
2025-06-10,2.174,0.4000000000000003,0.3768288736284489,1.034952540246528,Mild tightening,False,False,False,2.25,False,-7.600000000000007,1.8103872316736327,Normal transmission,False,63341,56.41297905966021,33,2.0,750,383.0,5.000000000000027,0.0,50.46320647964698,22.71969280713885,Normal market quality,False,0,False,Normal,Official ECB inputs; RepoLens derived analytics
2025-06-11,1.924,-25.0,5.605204348591919,-4.238917713315614,Sharp easing,True,False,False,2.0,True,-7.600000000000007,1.7299864098220732,Normal transmission,False,67516,6.5913073680554435,34,1.0,759,9.0,5.000000000000004,-2.220446049250313e-14,54.666278713374176,4.203072233727198,Normal market quality,False,1,True,Monitor,Official ECB inputs; RepoLens derived analytics
2025-06-12,1.923,-0.0999999999999889,5.6040845066696505,0.2043152630259768,Normal,False,False,False,2.0,False,-7.699999999999996,1.381049088924741,Normal transmission,False,63890,-5.37057882575982,36,2.0,735,-24.0,5.000000000000004,0.0,56.56940221586497,1.9031235024907929,Normal market quality,False,0,False,Normal,Official ECB inputs; RepoLens derived analytics
2025-06-13,1.925,0.2000000000000001,5.60872206103091,0.2540685711457909,Normal,False,False,False,2.0,False,-7.499999999999996,1.8708413953915224,Normal transmission,False,51730,-19.03271247456566,31,-5.0,584,-151.0,5.000000000000004,0.0,35.47837578362789,-21.09102643223708,Normal market quality,True,1,True,Monitor,Official ECB inputs; RepoLens derived analytics
2025-06-16,1.924,-0.1000000000000111,5.606413151120127,0.2024467283102783,Normal,False,False,False,2.0,False,-7.600000000000007,1.523674426628869,Normal transmission,False,63066,21.913783104581476,35,4.0,730,146.0,5.000000000000004,0.0,53.87756888580391,18.39919310217602,Normal market quality,False,0,False,Normal,Official ECB inputs; RepoLens derived analytics
2025-06-17,1.924,0.0,5.605204348591919,0.2212229783043504,Normal,False,False,False,2.0,False,-7.600000000000007,1.46556996953705,Normal transmission,False,62301,-1.213014936732948,36,1.0,754,24.0,5.000000000000004,0.0,56.49100974163026,2.6134408558263473,Normal market quality,False,0,False,Normal,Official ECB inputs; RepoLens derived analytics
2025-06-18,1.922,-0.2000000000000001,5.606131511685743,0.1846192865512673,Normal,False,False,False,2.0,False,-7.800000000000007,0.8885913300216984,Normal transmission,False,60878,-2.284072486797961,34,-2.0,695,-59.0,5.000000000000004,0.0,49.6074028932552,-6.883606848375059,Normal market quality,False,0,False,Normal,Official ECB inputs; RepoLens derived analytics
2025-06-19,1.917,-0.4999999999999893,5.595919566029677,0.1393872786762413,Normal,False,False,False,2.0,False,-8.299999999999997,-0.4731715560265555,Normal transmission,False,48265,-20.71848615263313,35,1.0,531,-164.0,5.000000000000004,0.0,40.75565026246446,-8.851752630790742,Normal market quality,True,1,True,Monitor,Official ECB inputs; RepoLens derived analytics
2025-06-20,1.923,0.6000000000000005,5.607821136122025,0.3272215635017483,Normal,False,False,False,2.0,False,-7.699999999999996,1.1297404784089244,Normal transmission,False,60690,25.74329224075418,36,1.0,742,211.0,5.000000000000004,0.0,55.38194704011238,14.626296777647923,Normal market quality,False,0,False,Normal,Official ECB inputs; RepoLens derived analytics
2025-06-23,1.925,0.2000000000000001,5.612418092240219,0.2521194923016145,Normal,False,False,False,2.0,False,-7.499999999999996,1.6006863257777155,Normal transmission,False,61915,2.0184544405997595,34,-2.0,749,7.0,5.000000000000004,0.0,51.8224949538774,-3.5594520862349768,Normal market quality,False,0,False,Normal,Official ECB inputs; RepoLens derived analytics
2025-06-24,1.926,0.0999999999999889,5.608273962825402,0.2371496130210348,Normal,False,False,False,2.0,False,-7.400000000000007,1.7791615501413145,Normal transmission,False,64452,4.097553096987805,35,1.0,757,8.0,5.000000000000004,0.0,55.27238724803973,3.449892294162325,Normal market quality,False,0,False,Normal,Official ECB inputs; RepoLens derived analytics
2025-06-25,1.925,-0.0999999999999889,5.611726444171224,0.197800090764036,Normal,False,False,False,2.0,False,-7.499999999999996,1.462949526551669,Normal transmission,False,55792,-13.43635573760318,34,-1.0,723,-34.0,5.000000000000004,0.0,48.311884172245975,-6.960503075793753,Normal market quality,False,0,False,Normal,Official ECB inputs; RepoLens derived analytics
2025-06-26,1.929,0.4000000000000003,5.621893294124889,0.2774865900834981,Normal,False,False,False,2.0,False,-7.099999999999995,2.326208109640705,Unusually above policy rate,True,53470,-4.161887008890163,34,0.0,691,-32.0,5.000000000000004,0.0,46.187874627436976,-2.124009544808999,Normal market quality,False,1,True,Monitor,Official ECB inputs; RepoLens derived analytics
2025-06-27,1.928,-0.1000000000000111,5.620851686729566,0.1894730655346019,Normal,False,False,False,2.0,False,-7.200000000000006,1.9795262302848493,Normal transmission,False,51767,-3.184963530951934,34,0.0,710,19.0,5.000000000000004,0.0,46.15765726629548,-0.030217361141495758,Normal market quality,False,0,False,Normal,Official ECB inputs; RepoLens derived analytics
2025-06-30,1.921,-0.6999999999999895,5.59703633983859,0.0991596206102203,Normal,False,True,True,2.0,False,-7.899999999999996,0.3149624503063808,Normal transmission,False,51235,-1.027681727741614,33,-1.0,682,-28.0,6.000000000000005,1.0000000000000009,41.46938036333208,-4.688276902963402,Normal market quality,False,0,False,Quarter-end watch,Official ECB inputs; RepoLens derived analytics
2025-07-01,1.921,0.0,5.59703633983859,0.2242258087672506,Normal,False,False,False,2.0,False,-7.899999999999996,0.2969791300467784,Normal transmission,False,75101,46.58143846979603,47,14.0,915,233.0,5.000000000000004,-1.0000000000000009,71.03497777112992,29.56559740779784,Strong market quality,False,0,False,Normal,Official ECB inputs; RepoLens derived analytics
2025-07-02,1.923,0.2000000000000001,5.598355021554858,0.2590046530484742,Normal,False,False,False,2.0,False,-7.699999999999996,0.7451401087592955,Normal transmission,False,77118,2.6857165683546125,47,0.0,893,-22.0,5.000000000000004,0.0,70.91374393636406,-0.12123383476586014,Strong market quality,False,0,False,Normal,Official ECB inputs; RepoLens derived analytics
2025-07-03,1.922,-0.1000000000000111,5.5959948083193325,0.2072911144012258,Normal,False,False,False,2.0,False,-7.800000000000007,0.4815133069208934,Normal transmission,False,75713,-1.8218833475971863,49,2.0,894,1.0,5.000000000000004,0.0,70.1599387800583,-0.7538051563057593,Strong market quality,False,0,False,Normal,Official ECB inputs; RepoLens derived analytics
2025-07-04,1.92,-0.2000000000000001,5.594948379424169,0.1903502816784897,Normal,False,False,False,2.0,False,-8.000000000000007,-0.0245943092851038,Normal transmission,False,77570,2.45268315877063,49,0.0,942,48.0,5.000000000000004,0.0,72.32802425445499,2.1680854743966904,Strong market quality,False,0,False,Normal,Official ECB inputs; RepoLens derived analytics
2025-07-07,1.92,0.0,5.59807297671544,0.2232911227129826,Normal,False,False,False,2.0,False,-8.000000000000007,-0.0457128341587465,Normal transmission,False,78362,1.0210132783292414,50,1.0,938,-4.0,5.000000000000004,0.0,72.25457188113062,-0.07345237332437193,Strong market quality,False,0,False,Normal,Official ECB inputs; RepoLens derived analytics
2025-07-08,1.919,-0.0999999999999889,5.591429061283753,0.2101430577266839,Normal,False,False,False,2.0,False,-8.099999999999996,-0.3101899525859051,Normal transmission,False,75814,-3.2515760189888,49,-1.0,930,-8.0,5.000000000000004,0.0,70.72486993408972,-1.5297019470408912,Strong market quality,False,0,False,Normal,Official ECB inputs; RepoLens derived analytics
2025-07-09,1.919,0.0,0.2826100158393506,0.0884611252214441,Normal,False,False,False,2.0,False,-8.099999999999996,-0.3256674000974384,Normal transmission,False,74301,-1.9956736222861204,51,2.0,916,-14.0,5.000000000000004,0.0,69.47266605797644,-1.2522038761132848,Strong market quality,False,0,False,Normal,Official ECB inputs; RepoLens derived analytics
2025-07-10,1.921,0.2000000000000001,0.2863564212656782,0.7333518105576695,Normal,False,False,False,2.0,False,-7.899999999999996,0.1659048822893207,Normal transmission,False,72011,-3.082058114964803,49,-2.0,901,-15.0,5.000000000000004,0.0,67.93815171100579,-1.5345143469706528,Strong market quality,False,0,False,Normal,Official ECB inputs; RepoLens derived analytics
2025-07-11,1.923,0.2000000000000001,0.2863564212656782,0.7333518105576695,Normal,False,False,False,2.0,False,-7.699999999999996,0.6511916537448618,Normal transmission,False,68462,-4.9284137145713895,50,1.0,892,-9.0,5.000000000000004,0.0,66.15303560833748,-1.7851161026683116,Strong market quality,False,0,False,Normal,Official ECB inputs; RepoLens derived analytics
2025-07-14,1.923,0.0,0.2855742137851977,0.0175085836137851,Normal,False,False,False,2.0,False,-7.699999999999996,0.6298002645180679,Normal transmission,False,67053,-2.0580760129707,50,0.0,903,11.0,5.000000000000004,0.0,65.85601970250607,-0.29701590583140103,Strong market quality,False,0,False,Normal,Official ECB inputs; RepoLens derived analytics
2025-07-15,1.922,-0.1000000000000111,0.2863564212656782,-0.3142936330961846,Normal,False,False,False,2.0,False,-7.800000000000007,0.3534847881478183,Normal transmission,False,67278,0.3355554561317087,47,-3.0,906,3.0,5.000000000000004,0.0,65.94039800284646,0.08437830034038996,Strong market quality,False,0,False,Normal,Official ECB inputs; RepoLens derived analytics
2025-07-16,1.923,0.1000000000000111,0.2837252191823748,0.3348310040037206,Normal,False,False,False,2.0,False,-7.699999999999996,0.5890120932063871,Normal transmission,False,70260,4.432355301881752,50,3.0,911,5.0,5.000000000000004,0.0,67.14433316599934,1.2039351631528774,Strong market quality,False,0,False,Normal,Official ECB inputs; RepoLens derived analytics
2025-07-17,1.925,0.2000000000000001,0.2603641175052695,0.6145240040489126,Normal,False,False,False,2.0,False,-7.499999999999996,1.072119381208935,Normal transmission,False,69341,-1.3079988613720506,48,-2.0,892,-19.0,5.000000000000004,0.0,66.10773200353037,-1.036601162468969,Strong market quality,False,0,False,Normal,Official ECB inputs; RepoLens derived analytics
2025-07-18,1.923,-0.2000000000000001,0.2294157338707518,-0.871779788707415,Normal,False,False,False,2.0,False,-7.699999999999996,0.5358153421800468,Normal transmission,False,73483,5.973377943785052,49,1.0,900,8.0,5.000000000000004,0.0,67.84745184474019,1.7397198412098192,Strong market quality,False,0,False,Normal,Official ECB inputs; RepoLens derived analytics
2025-07-21,1.924,0.0999999999999889,0.2258900524360485,0.464827905733988,Normal,False,False,False,2.0,False,-7.600000000000007,0.767849920624381,Normal transmission,False,75404,2.614210089408431,48,-1.0,936,36.0,5.000000000000004,0.0,69.5216455926001,1.6741937478599027,Strong market quality,False,0,False,Normal,Official ECB inputs; RepoLens derived analytics
2025-07-22,1.923,-0.0999999999999889,0.2254235779011842,-0.3770679216051221,Normal,False,False,False,2.0,False,-7.699999999999996,0.4852244632010114,Normal transmission,False,77901,3.3114954113840023,52,4.0,940,4.0,5.000000000000004,0.0,70.41959427876003,0.8979486861599355,Strong market quality,False,0,False,Normal,Official ECB inputs; RepoLens derived analytics
2025-07-23,1.924,0.0999999999999889,0.2258900524360485,0.464827905733988,Normal,False,False,False,2.0,False,-7.600000000000007,0.7210891707097846,Normal transmission,False,76405,-1.9203861311151371,49,-3.0,931,-9.0,5.000000000000004,0.0,69.40654140026888,-1.0130528784911519,Strong market quality,False,0,False,Normal,Official ECB inputs; RepoLens derived analytics
2025-07-24,1.924,0.0,0.2048748013070747,0.122025743724965,Normal,False,False,False,2.0,False,-7.600000000000007,0.752625450673547,Normal transmission,False,74317,-2.73280544466985,49,0.0,909,-22.0,5.000000000000004,0.0,67.84033306536884,-1.5662083349000397,Strong market quality,False,0,False,Normal,Official ECB inputs; RepoLens derived analytics
2025-07-25,1.925,0.1000000000000111,0.2058998223461893,0.5585240370273619,Normal,False,False,False,2.0,False,-7.499999999999996,1.0272973286444722,Normal transmission,False,68449,-7.895905378311829,47,-2.0,906,-3.0,5.000000000000004,0.0,65.26303639921454,-2.5772966661542966,Strong market quality,False,0,False,Normal,Official ECB inputs; RepoLens derived analytics
2025-07-28,1.923,-0.2000000000000001,0.1372665482309719,-1.5298701883771673,Mild easing,False,False,False,2.0,False,-7.699999999999996,0.3833870000430729,Normal transmission,False,68764,0.46019664275591676,50,3.0,930,24.0,5.000000000000004,0.0,66.16625952593253,0.9032231267179895,Strong market quality,False,0,False,Normal,Official ECB inputs; RepoLens derived analytics
2025-07-29,1.923,0.0,0.1372665482309719,-0.0728509613512961,Normal,False,False,False,2.0,False,-7.699999999999996,0.3585766094675461,Normal transmission,False,67209,-2.2613576871618912,50,0.0,906,-24.0,5.000000000000004,0.0,64.78522610425202,-1.3810334216805131,Normal market quality,False,0,False,Normal,Official ECB inputs; RepoLens derived analytics
2025-07-30,1.924,0.0999999999999889,0.1316894273024438,0.7213942830946326,Normal,False,False,False,2.0,False,-7.600000000000007,0.6553690178187902,Normal transmission,False,64874,-3.4742370813432677,51,1.0,936,30.0,5.000000000000004,0.0,64.68204842532147,-0.10317767893054963,Normal market quality,False,0,False,Normal,Official ECB inputs; RepoLens derived analytics
2025-07-31,1.919,-0.4999999999999893,0.1725200217216074,-2.8112679047920963,Sharp easing,True,True,False,2.0,False,-8.099999999999996,-0.9390240943698178,Normal transmission,False,54558,-15.901593858864882,44,-7.0,807,-129.0,7.000000000000006,2.0000000000000018,51.81786394965157,-12.864184475669902,Normal market quality,True,2,True,High attention,Official ECB inputs; RepoLens derived analytics
2025-08-01,1.927,0.8000000000000007,0.2455391489850399,3.115592780875075,Sharp tightening,True,False,False,2.0,False,-7.299999999999995,1.557770406872906,Normal transmission,False,69214,26.86315480772756,46,2.0,888,81.0,5.000000000000004,-2.0000000000000018,63.30118854881931,11.483324599167744,Normal market quality,False,1,True,Monitor,Official ECB inputs; RepoLens derived analytics
2025-08-04,1.925,-0.2000000000000001,0.2510504247946232,-0.8962342931069198,Normal,False,False,False,2.0,False,-7.499999999999996,0.8969645782000135,Normal transmission,False,71205,2.876585661860309,48,2.0,897,9.0,5.000000000000004,0.0,65.25515731764699,1.9539687688276786,Strong market quality,False,0,False,Normal,Official ECB inputs; RepoLens derived analytics
2025-08-05,1.924,-0.1000000000000111,0.2510504247946238,-0.4979079406149958,Normal,False,False,False,2.0,False,-7.600000000000007,0.5701562432052862,Normal transmission,False,75618,6.1975984832525866,49,1.0,953,56.0,5.000000000000004,0.0,68.74925741818805,3.4941001005410612,Strong market quality,False,0,False,Normal,Official ECB inputs; RepoLens derived analytics
2025-08-06,1.922,-0.2000000000000001,0.2560324814921628,-0.839737203447685,Normal,False,False,False,2.0,False,-7.800000000000007,-0.0575387034427607,Normal transmission,False,75290,-0.4337591578724598,47,-2.0,945,-8.0,5.000000000000004,0.0,67.03599471449003,-1.713262703698021,Strong market quality,False,0,False,Normal,Official ECB inputs; RepoLens derived analytics
2025-08-07,1.923,0.1000000000000111,0.2531901719221783,0.3554640344715815,Normal,False,False,False,2.0,False,-7.699999999999996,0.2509488331870239,Normal transmission,False,73556,-2.303094700491437,48,1.0,910,-35.0,5.000000000000004,0.0,65.78809373253236,-1.2479009819576703,Strong market quality,False,0,False,Normal,Official ECB inputs; RepoLens derived analytics
2025-08-08,1.922,-0.1000000000000111,0.2502104377478731,-0.3796804036438265,Normal,False,False,False,2.0,False,-7.800000000000007,-0.0734922681481938,Normal transmission,False,72473,-1.4723475991081592,47,-1.0,913,3.0,5.000000000000004,0.0,64.74417122369776,-1.0439225088345978,Normal market quality,False,0,False,Normal,Official ECB inputs; RepoLens derived analytics
2025-08-11,1.918,-0.4000000000000003,0.2653200649068833,-1.413387261651734,Mild easing,False,False,False,2.0,False,-8.200000000000006,-1.2999713923051557,Normal transmission,False,59468,-17.944613856194724,48,1.0,828,-85.0,5.000000000000004,0.0,58.21504263174442,-6.529128591953345,Normal market quality,False,0,False,Normal,Official ECB inputs; RepoLens derived analytics
2025-08-12,1.922,0.4000000000000003,0.2809757434746638,1.423610433603386,Mild tightening,False,False,False,2.0,False,-7.800000000000007,-0.056970857830128,Normal transmission,False,68808,15.705925876101423,49,1.0,922,94.0,5.000000000000004,0.0,64.4151567460701,6.200114114325679,Normal market quality,False,0,False,Normal,Official ECB inputs; RepoLens derived analytics
2025-08-13,1.923,0.1000000000000111,0.2809757434746638,0.355902608400885,Normal,False,False,False,2.0,False,-7.699999999999996,0.2349414931371521,Normal transmission,False,67274,-2.229391931170799,47,-2.0,910,-12.0,5.000000000000004,0.0,62.328089145085166,-2.0870676009849305,Normal market quality,False,0,False,Normal,Official ECB inputs; RepoLens derived analytics
2025-08-14,1.926,0.2999999999999891,0.2855742137851989,1.0330064332134703,Mild tightening,False,False,False,2.0,False,-7.400000000000007,1.1463875263451502,Normal transmission,False,58494,-13.051104438564675,43,-4.0,703,-207.0,5.000000000000004,0.0,51.665989815391335,-10.662099329693831,Normal market quality,False,0,False,Normal,Official ECB inputs; RepoLens derived analytics
2025-08-15,1.924,-0.2000000000000001,0.2855742137851989,-0.7178519281653187,Normal,False,False,False,2.0,False,-7.600000000000007,0.5071644172130769,Normal transmission,False,59937,2.466919684070157,38,-5.0,695,-8.0,5.000000000000004,0.0,49.43596029160216,-2.2300295237891774,Normal market quality,False,0,False,Normal,Official ECB inputs; RepoLens derived analytics
2025-08-18,1.924,0.0,0.2846974386590695,-1.2478909875458846e-15,Normal,False,False,False,2.0,False,-7.600000000000007,0.4828680068377746,Normal transmission,False,68243,13.857884111650565,49,11.0,936,241.0,5.000000000000004,0.0,64.20465968233047,14.768699390728315,Normal market quality,False,0,False,Normal,Official ECB inputs; RepoLens derived analytics
2025-08-19,1.925,0.1000000000000111,0.2845125101311718,0.3163305541767466,Normal,False,False,False,2.0,False,-7.499999999999996,0.7780899569253722,Normal transmission,False,70704,3.606230675673694,47,-2.0,918,-18.0,5.000000000000004,0.0,63.44463843072506,-0.7600212516054157,Normal market quality,False,0,False,Normal,Official ECB inputs; RepoLens derived analytics
2025-08-20,1.926,0.0999999999999889,0.2845125101311718,0.3163305541766686,Normal,False,False,False,2.0,False,-7.400000000000007,1.0619208261347128,Normal transmission,False,70116,-0.8316361167684971,47,0.0,929,11.0,5.000000000000004,0.0,63.37179414114705,-0.0728442895780077,Normal market quality,False,0,False,Normal,Official ECB inputs; RepoLens derived analytics
2025-08-21,1.926,0.0,0.2845125101311718,-0.0351478393529689,Normal,False,False,False,2.0,False,-7.400000000000007,1.1132615394148349,Normal transmission,False,68493,-2.3147355810371417,48,1.0,898,-31.0,5.000000000000004,0.0,62.3499662381566,-1.0218279029904522,Normal market quality,False,0,False,Normal,Official ECB inputs; RepoLens derived analytics
2025-08-22,1.926,0.0,0.2837252191823761,-0.0176226844212457,Normal,False,False,False,2.0,False,-7.400000000000007,1.2236330480658943,Normal transmission,False,63395,-7.443096374812019,48,0.0,821,-77.0,5.000000000000004,0.0,58.449905308378,-3.900060929778597,Normal market quality,False,0,False,Normal,Official ECB inputs; RepoLens derived analytics
2025-08-25,1.925,-0.0999999999999889,0.2807883638316323,-0.3917541257726338,Normal,False,False,False,2.0,False,-7.499999999999996,0.7679267913865131,Normal transmission,False,65044,2.60115151037148,47,-1.0,850,29.0,5.000000000000004,0.0,59.190849836520336,0.7409445281423359,Normal market quality,False,0,False,Normal,Official ECB inputs; RepoLens derived analytics
2025-08-26,1.926,0.0999999999999889,0.2814903943393989,0.3019641227881576,Normal,False,False,False,2.0,False,-7.400000000000007,1.15895618655733,Normal transmission,False,66825,2.7381464854560056,46,-1.0,924,74.0,5.000000000000004,0.0,61.121824945193445,1.9309751086731097,Normal market quality,False,0,False,Normal,Official ECB inputs; RepoLens derived analytics
2025-08-27,1.925,-0.0999999999999889,0.2818640956580666,-0.3725199541816312,Normal,False,False,False,2.0,False,-7.499999999999996,0.715044912177022,Normal transmission,False,65754,-1.6026936026936056,48,2.0,919,-5.0,5.000000000000004,0.0,61.449224570884695,0.3273996256912497,Normal market quality,False,0,False,Normal,Official ECB inputs; RepoLens derived analytics
2025-08-28,1.925,0.0,0.2556724878682086,-0.1173376152050605,Normal,False,False,False,2.0,False,-7.499999999999996,0.7054348492850169,Normal transmission,False,64604,-1.7489430300818176,46,-2.0,893,-26.0,5.000000000000004,0.0,59.30312097744248,-2.146103593442213,Normal market quality,False,0,False,Normal,Official ECB inputs; RepoLens derived analytics
2025-08-29,1.92,-0.5000000000000115,0.2109502310974988,-2.2043114035987643,Sharp easing,True,True,False,2.0,False,-8.000000000000007,-1.3673650196005127,Normal transmission,False,58208,-9.900315769921363,46,0.0,849,-44.0,6.000000000000005,1.0000000000000009,54.40067895549984,-4.90244202194264,Normal market quality,False,1,True,Monitor,Official ECB inputs; RepoLens derived analytics
2025-09-01,1.925,0.5000000000000115,0.2384158242718941,2.097176232018061,Sharp tightening,True,False,False,2.0,False,-7.499999999999996,0.6886132857762792,Normal transmission,False,69327,19.102185266630013,47,1.0,913,64.0,5.000000000000004,-1.0000000000000009,61.81881068261309,7.4181317271132485,Normal market quality,False,1,True,Monitor,Official ECB inputs; RepoLens derived analytics
2025-09-02,1.922,-0.3000000000000113,0.2468752081946295,-1.174682553670532,Mild easing,False,False,False,2.0,False,-7.800000000000007,-0.5609515724790527,Normal transmission,False,60458,-12.792995514013295,45,-2.0,886,-27.0,5.000000000000004,0.0,56.94097295443171,-4.877837728181383,Normal market quality,False,0,False,Normal,Official ECB inputs; RepoLens derived analytics
2025-09-03,1.923,0.1000000000000111,0.2438183102663576,0.3896343957770365,Normal,False,False,False,2.0,False,-7.699999999999996,-0.1332959972418061,Normal transmission,False,67049,10.90178305600582,45,0.0,901,15.0,5.000000000000004,0.0,59.60029957433079,2.6593266198990833,Normal market quality,False,0,False,Normal,Official ECB inputs; RepoLens derived analytics
2025-09-04,1.925,0.2000000000000001,0.2468752081946296,0.7696196041289372,Normal,False,False,False,2.0,False,-7.499999999999996,0.6917778054418665,Normal transmission,False,66541,-0.7576548494384716,46,1.0,879,-22.0,5.000000000000004,0.0,59.251688139983,-0.34861143434778796,Normal market quality,False,0,False,Normal,Official ECB inputs; RepoLens derived analytics
2025-09-05,1.923,-0.2000000000000001,0.2502104377478759,-0.8193103447049996,Normal,False,False,False,2.0,False,-7.699999999999996,-0.1332959972418061,Normal transmission,False,61903,-6.970138711471119,47,1.0,848,-31.0,5.000000000000004,0.0,57.20293975242813,-2.0487483875548733,Normal market quality,False,0,False,Normal,Official ECB inputs; RepoLens derived analytics
2025-09-08,1.922,-0.1000000000000111,0.2330574810508628,-0.5148944348790183,Normal,False,False,False,2.0,False,-7.800000000000007,-0.5392288095129482,Normal transmission,False,65006,5.01268113015525,47,0.0,872,24.0,5.000000000000004,0.0,58.829944338442026,1.6270045860138964,Normal market quality,False,0,False,Normal,Official ECB inputs; RepoLens derived analytics
2025-09-09,1.923,0.1000000000000111,0.2163695668844706,0.4390635955320603,Normal,False,False,False,2.0,False,-7.699999999999996,-0.112123060829339,Normal transmission,False,68819,5.865612405008758,47,0.0,934,62.0,5.000000000000004,0.0,61.62602262924472,2.796078290802697,Normal market quality,False,0,False,Normal,Official ECB inputs; RepoLens derived analytics
2025-09-10,1.922,-0.1000000000000111,0.2163695668844705,-0.4390635955320637,Normal,False,False,False,2.0,False,-7.800000000000007,-0.532584538939482,Normal transmission,False,66229,-3.763495546288087,47,0.0,903,-31.0,5.000000000000004,0.0,59.82995298844856,-1.796069640796162,Normal market quality,False,0,False,Normal,Official ECB inputs; RepoLens derived analytics
2025-09-11,1.925,0.3000000000000113,0.2163695668844722,1.4096252277607106,Mild tightening,False,False,False,2.0,False,-7.499999999999996,0.7138498766714393,Normal transmission,False,67622,2.1033082184541474,46,-1.0,893,-10.0,5.000000000000004,0.0,59.55212799479088,-0.2778249936576813,Normal market quality,False,0,False,Normal,Official ECB inputs; RepoLens derived analytics
2025-09-12,1.925,0.0,0.211448637536115,-0.0236464044330714,Normal,False,False,False,2.0,False,-7.499999999999996,0.6962428794177005,Normal transmission,False,66562,-1.5675371920380932,46,0.0,912,19.0,5.000000000000004,0.0,59.54293940173774,-0.009188593053139016,Normal market quality,False,0,False,Normal,Official ECB inputs; RepoLens derived analytics
2025-09-15,1.926,0.0999999999999889,0.2125038699340129,0.4235216988186406,Normal,False,False,False,2.0,False,-7.400000000000007,1.1255178765092122,Normal transmission,False,68076,2.274571076590237,47,1.0,913,1.0,5.000000000000004,0.0,60.47054722875811,0.9276078270203669,Normal market quality,False,0,False,Normal,Official ECB inputs; RepoLens derived analytics
2025-09-16,1.926,0.0,0.2114486375361145,-0.0236464044330662,Normal,False,False,False,2.0,False,-7.400000000000007,1.1255178765092162,Normal transmission,False,66131,-2.8571008872436687,45,-2.0,930,17.0,5.000000000000004,0.0,59.21322612466733,-1.257321104090778,Normal market quality,False,0,False,Normal,Official ECB inputs; RepoLens derived analytics
2025-09-17,1.927,0.1000000000000111,0.211448637536115,0.4492816842283245,Normal,False,False,False,2.0,False,-7.299999999999995,1.5268508140090122,Normal transmission,False,65994,-0.20716456729824584,45,0.0,905,-25.0,5.000000000000004,0.0,58.48942172674538,-0.7238043979219526,Normal market quality,False,0,False,Normal,Official ECB inputs; RepoLens derived analytics
2025-09-18,1.926,-0.1000000000000111,0.2127513992781877,-0.4700321611951157,Normal,False,False,False,2.0,False,-7.400000000000007,1.1602378092581886,Normal transmission,False,63091,-4.3988847470982195,48,3.0,918,13.0,5.000000000000004,0.0,58.971578749018434,0.4821570222730571,Normal market quality,False,0,False,Normal,Official ECB inputs; RepoLens derived analytics
2025-09-19,1.925,-0.0999999999999889,0.2139232523472535,-0.4440844973961969,Normal,False,False,False,2.0,False,-7.499999999999996,0.7554699808370235,Normal transmission,False,59203,-6.162527143332641,48,0.0,908,-10.0,5.000000000000004,0.0,57.2188870995611,-1.7526916494573328,Normal market quality,False,0,False,Normal,Official ECB inputs; RepoLens derived analytics
2025-09-22,1.925,0.0,0.2127513992781877,-1.6698896885538569e-15,Normal,False,False,False,2.0,False,-7.499999999999996,0.7288264082042759,Normal transmission,False,62044,4.7987433069270224,46,-2.0,909,1.0,5.000000000000004,0.0,57.33030582359432,0.1114187240332214,Normal market quality,False,0,False,Normal,Official ECB inputs; RepoLens derived analytics
2025-09-23,1.927,0.2000000000000001,0.2163695668844727,0.9012358013551718,Normal,False,False,False,2.0,False,-7.299999999999995,1.604290906540816,Normal transmission,False,66384,6.995035781058601,45,-1.0,918,9.0,5.000000000000004,0.0,58.625916106569946,1.2956102829756233,Normal market quality,False,0,False,Normal,Official ECB inputs; RepoLens derived analytics
2025-09-24,1.928,0.0999999999999889,0.2158825216593156,0.3937326623140327,Normal,False,False,False,2.0,False,-7.200000000000006,1.963062847134092,Normal transmission,False,61709,-7.042359604724025,47,2.0,903,-15.0,5.000000000000004,0.0,57.34006671552152,-1.2858493910484228,Normal market quality,False,0,False,Normal,Official ECB inputs; RepoLens derived analytics
2025-09-25,1.927,-0.0999999999999889,0.2174009151195708,-0.5059776309565632,Normal,False,False,False,2.0,False,-7.299999999999995,1.4556189260605223,Normal transmission,False,61096,-0.99337211751932,47,0.0,906,3.0,5.000000000000004,0.0,57.10232271227033,-0.23774400325119416,Normal market quality,False,0,False,Normal,Official ECB inputs; RepoLens derived analytics
2025-09-26,1.926,-0.1000000000000111,0.1838191330746069,-0.7072169138522064,Normal,False,False,False,2.0,False,-7.400000000000007,0.983132365816559,Normal transmission,False,57154,-6.452140893020819,48,1.0,894,-12.0,5.000000000000004,0.0,55.68773802920457,-1.4145846830657618,Normal market quality,False,0,False,Normal,Official ECB inputs; RepoLens derived analytics
2025-09-29,1.926,0.0,0.1468081454791807,-0.034058055727629,Normal,False,False,False,2.0,False,-7.400000000000007,0.9553309178798656,Normal transmission,False,62448,9.262693774713938,47,-1.0,909,15.0,5.000000000000004,0.0,57.50940662408421,1.8216685948796396,Normal market quality,False,0,False,Normal,Official ECB inputs; RepoLens derived analytics
2025-09-30,1.916,-1.0000000000000009,0.2617753154702755,-3.705467791175842,Sharp easing,True,True,True,2.0,False,-8.400000000000007,-3.383504809182036,Unusually below policy rate,True,55679,-10.839418396105561,45,-2.0,812,-97.0,7.999999999999985,2.9999999999999805,47.90742704049685,-9.601979583587358,Normal market quality,True,3,True,High attention,Official ECB inputs; RepoLens derived analytics
2025-10-01,1.927,1.100000000000012,0.3636076543692107,2.9702345014535068,Sharp tightening,True,False,False,2.0,False,-7.299999999999995,1.32163176653558,Normal transmission,False,66410,19.27297544855331,48,3.0,899,87.0,5.000000000000004,-2.9999999999999805,59.10860659930371,11.201179558806864,Normal market quality,False,1,True,Monitor,Official ECB inputs; RepoLens derived analytics
2025-10-02,1.923,-0.4000000000000003,0.3726152241431472,-1.0466561072399307,Mild easing,False,False,False,2.0,False,-7.699999999999996,-0.4613914070367398,Normal transmission,False,56949,-14.246348441499778,45,-3.0,747,-152.0,5.000000000000004,0.0,50.66025860646905,-8.448347992834663,Normal market quality,False,0,False,Normal,Official ECB inputs; RepoLens derived analytics
2025-10-03,1.921,-0.2000000000000001,0.3726152241431472,-0.5099093855784284,Normal,False,False,False,2.0,False,-7.899999999999996,-1.321631766535537,Normal transmission,False,48675,-14.528788916398883,46,1.0,658,-89.0,5.000000000000004,0.0,45.84327328555339,-4.816985320915663,Normal market quality,False,0,False,Normal,Official ECB inputs; RepoLens derived analytics
2025-10-06,1.925,0.4000000000000003,0.3828906673686166,1.0055089685154226,Mild tightening,False,False,False,2.0,False,-7.499999999999996,0.4259058275335738,Normal transmission,False,67068,37.787365177195674,49,3.0,906,248.0,5.000000000000004,0.0,59.79563702672395,13.952363741170565,Normal market quality,False,0,False,Normal,Official ECB inputs; RepoLens derived analytics
2025-10-07,1.926,0.0999999999999889,0.3828906673686163,0.2219954865553252,Normal,False,False,False,2.0,False,-7.400000000000007,0.8378606967345446,Normal transmission,False,65729,-1.9964811832766771,49,0.0,879,-27.0,5.000000000000004,0.0,58.56765387017117,-1.2279831565527815,Normal market quality,False,0,False,Normal,Official ECB inputs; RepoLens derived analytics
2025-10-08,1.924,-0.2000000000000001,0.3851178903579704,-0.5452875736434984,Normal,False,False,False,2.0,False,-7.600000000000007,-0.0515510531104416,Normal transmission,False,62497,-4.917159853337183,49,0.0,885,6.0,5.000000000000004,0.0,57.392137604842574,-1.1755162653285964,Normal market quality,False,0,False,Normal,Official ECB inputs; RepoLens derived analytics
2025-10-09,1.927,0.3000000000000113,0.3851178903579704,0.7530161731267626,Normal,False,False,False,2.0,False,-7.299999999999995,1.2440428045676128,Normal transmission,False,62467,-0.04800230411059481,48,-1.0,860,-25.0,5.000000000000004,0.0,56.31085009580016,-1.0812875090424114,Normal market quality,False,0,False,Normal,Official ECB inputs; RepoLens derived analytics
2025-10-10,1.926,-0.1000000000000111,0.3859029057051379,-0.272089166595288,Normal,False,False,False,2.0,False,-7.400000000000007,0.7832488870076418,Normal transmission,False,65040,4.1189748187042685,47,-1.0,890,30.0,5.000000000000004,0.0,57.515276958816095,1.2044268630159323,Normal market quality,False,0,False,Normal,Official ECB inputs; RepoLens derived analytics
2025-10-13,1.926,0.0,0.3852545296705396,-9.221731102911877e-16,Normal,False,False,False,2.0,False,-7.400000000000007,0.7649080825689734,Normal transmission,False,69968,7.576875768757696,49,2.0,930,40.0,5.000000000000004,0.0,61.07366735713651,3.5583903983204124,Normal market quality,False,0,False,Normal,Official ECB inputs; RepoLens derived analytics
2025-10-14,1.927,0.1000000000000111,0.3859029057051382,0.2461759126338326,Normal,False,False,False,2.0,False,-7.299999999999995,1.158265207413676,Normal transmission,False,67099,-4.100445918134,47,-2.0,907,-23.0,5.000000000000004,0.0,58.53390973359608,-2.5397576235404244,Normal market quality,False,0,False,Normal,Official ECB inputs; RepoLens derived analytics
2025-10-15,1.928,0.0999999999999889,0.3859029057051379,0.2461759126337782,Normal,False,False,False,2.0,False,-7.200000000000006,1.527219155732846,Normal transmission,False,68248,1.712395117661969,50,3.0,926,19.0,5.000000000000004,0.0,60.54186969168171,2.007959958085628,Normal market quality,False,0,False,Normal,Official ECB inputs; RepoLens derived analytics
2025-10-16,1.928,0.0,0.3851178903579704,-0.0259660749354055,Normal,False,False,False,2.0,False,-7.200000000000006,1.4712644165916724,Normal transmission,False,68653,0.5934239831203891,50,0.0,892,-34.0,5.000000000000004,0.0,59.81889284673539,-0.7229768449463236,Normal market quality,False,0,False,Normal,Official ECB inputs; RepoLens derived analytics
2025-10-17,1.928,0.0,0.3842627938493808,-0.0390357855095368,Normal,False,False,False,2.0,False,-7.200000000000006,1.4256734693262991,Normal transmission,False,67458,-1.7406376997363582,50,0.0,886,-6.0,5.000000000000004,0.0,59.12688061833669,-0.6920122283986956,Normal market quality,False,0,False,Normal,Official ECB inputs; RepoLens derived analytics
2025-10-20,1.927,-0.0999999999999889,0.3851178903579704,-0.2856268242894232,Normal,False,False,False,2.0,False,-7.299999999999995,0.9879353522182928,Normal transmission,False,64675,-4.125529959382135,48,-2.0,901,15.0,5.000000000000004,0.0,57.506992774709005,-1.6198878436276871,Normal market quality,False,0,False,Normal,Official ECB inputs; RepoLens derived analytics
2025-10-21,1.928,0.0999999999999889,0.3831654857548806,0.2479346484269796,Normal,False,False,False,2.0,False,-7.200000000000006,1.340891302222491,Normal transmission,False,70482,8.978739853111705,50,2.0,929,28.0,5.000000000000004,0.0,61.12083739030436,3.6138446155953545,Normal market quality,False,0,False,Normal,Official ECB inputs; RepoLens derived analytics
2025-10-22,1.927,-0.0999999999999889,0.3831654857548806,-0.2479346484269814,Normal,False,False,False,2.0,False,-7.299999999999995,0.9164915825918928,Normal transmission,False,66073,-6.255497857609038,48,-2.0,886,-43.0,5.000000000000004,0.0,57.53345108296357,-3.587386307340786,Normal market quality,False,0,False,Normal,Official ECB inputs; RepoLens derived analytics
2025-10-23,1.929,0.2000000000000001,0.3851178903579704,0.4933554237726873,Normal,False,False,False,2.0,False,-7.099999999999995,1.6762155600108235,Normal transmission,False,64078,-3.0193876469965075,50,2.0,858,-28.0,5.000000000000004,0.0,56.82384382029364,-0.7096072626699339,Normal market quality,False,0,False,Normal,Official ECB inputs; RepoLens derived analytics
2025-10-24,1.928,-0.1000000000000111,0.3851178903579704,-0.2856268242894808,Normal,False,False,False,2.0,False,-7.200000000000006,1.2564320946740863,Normal transmission,False,63040,-1.619900745965852,49,-1.0,838,-20.0,5.000000000000004,0.0,55.498714358967646,-1.325129461325993,Normal market quality,False,0,False,Normal,Official ECB inputs; RepoLens derived analytics
2025-10-27,1.929,0.1000000000000111,0.3856300381400275,0.2204185141022277,Normal,False,False,False,2.0,False,-7.099999999999995,1.594592872927628,Normal transmission,False,66783,5.937499999999996,46,-3.0,862,24.0,5.000000000000004,0.0,56.3159377046096,0.8172233456419562,Normal market quality,False,0,False,Normal,Official ECB inputs; RepoLens derived analytics
2025-10-28,1.93,0.0999999999999889,0.3027940067544357,0.0990772582375397,Normal,False,False,False,2.0,False,-7.000000000000006,1.8888454418010037,Normal transmission,False,70140,5.026728359013521,47,1.0,887,25.0,5.000000000000004,0.0,58.55534019953323,2.239402494923624,Normal market quality,False,0,False,Normal,Official ECB inputs; RepoLens derived analytics
2025-10-29,1.931,0.1000000000000111,0.1823819012260399,0.4386400156058284,Normal,False,False,False,2.0,False,-6.899999999999995,2.1471609129001346,Unusually above policy rate,True,68143,-2.8471628172226926,50,3.0,918,31.0,5.000000000000004,0.0,59.50619364149712,0.9508534419638934,Normal market quality,False,1,True,Monitor,Official ECB inputs; RepoLens derived analytics
2025-10-30,1.931,0.0,0.1535543791902698,-0.2604940361253795,Normal,False,False,False,2.0,False,-6.899999999999995,2.033230062908229,Unusually above policy rate,True,63191,-7.267070718929314,49,-1.0,859,-59.0,5.000000000000004,0.0,55.69377615733144,-3.812417484165678,Normal market quality,False,1,True,Monitor,Official ECB inputs; RepoLens derived analytics
2025-10-31,1.921,-1.0000000000000009,0.2752988806448342,-3.6324157862817854,Sharp easing,True,True,False,2.0,False,-7.899999999999996,-1.5257849235554628,Normal transmission,False,51853,-17.942428510389142,46,-3.0,781,-78.0,8.000000000000007,3.0000000000000027,44.09962508577392,-11.59415107155752,Normal market quality,True,2,True,High attention,Official ECB inputs; RepoLens derived analytics
2025-11-03,1.932,1.09999999999999,0.3602265369109054,2.9564729159956245,Sharp tightening,True,False,False,2.0,False,-6.800000000000006,2.3237000135016688,Unusually above policy rate,True,68305,31.728154590862623,49,3.0,893,112.0,6.000000000000005,-2.0000000000000018,56.94786980278401,12.84824471701009,Normal market quality,False,2,True,High attention,Official ECB inputs; RepoLens derived analytics
2025-11-04,1.931,-0.0999999999999889,0.3611021141480513,-0.3461624706764805,Normal,False,False,False,2.0,False,-6.899999999999995,1.8777705333778676,Normal transmission,False,66083,-3.253056145230948,48,-1.0,894,1.0,6.000000000000005,0.0,55.632847422946426,-1.3150223798375862,Normal market quality,False,0,False,Normal,Official ECB inputs; RepoLens derived analytics
2025-11-05,1.929,-0.2000000000000001,0.3611021141480513,-0.6230924472177182,Normal,False,False,False,2.0,False,-7.099999999999995,1.1322568819624763,Normal transmission,False,65918,-0.24968600093820958,48,0.0,906,12.0,5.000000000000004,-1.0000000000000009,57.34309269435634,1.7102452714099172,Normal market quality,False,0,False,Normal,Official ECB inputs; RepoLens derived analytics
2025-11-06,1.93,0.0999999999999889,0.3558163334614943,0.2388872910163571,Normal,False,False,False,2.0,False,-7.000000000000006,1.434711342846893,Normal transmission,False,66247,0.4991049485724597,48,0.0,868,-38.0,6.000000000000005,1.0000000000000009,54.981619058199634,-2.3614736361567097,Normal market quality,False,0,False,Normal,Official ECB inputs; RepoLens derived analytics
2025-11-07,1.932,0.2000000000000001,0.3570345700497541,0.4761443688108679,Normal,False,False,False,2.0,False,-6.800000000000006,2.01318421838502,Unusually above policy rate,True,66091,-0.23548236146542223,47,-1.0,874,6.0,6.000000000000005,0.0,54.62641008443883,-0.35520897376080285,Normal market quality,False,1,True,Monitor,Official ECB inputs; RepoLens derived analytics
2025-11-10,1.931,-0.0999999999999889,0.3581751997058099,-0.3489912202259109,Normal,False,False,False,2.0,False,-6.899999999999995,1.6086800994616948,Normal transmission,False,62009,-6.176332632279735,46,-1.0,826,-48.0,6.000000000000005,0.0,51.444344429808105,-3.182065654630726,Normal market quality,False,0,False,Normal,Official ECB inputs; RepoLens derived analytics
2025-11-11,1.93,-0.1000000000000111,0.3587624929056489,-0.3205463287664658,Normal,False,False,False,2.0,False,-7.000000000000006,1.2377566218706773,Normal transmission,False,63257,2.0126110725862345,47,1.0,848,22.0,5.000000000000004,-1.0000000000000009,54.38050215489555,2.9361577250874475,Normal market quality,False,0,False,Normal,Official ECB inputs; RepoLens derived analytics
2025-11-12,1.93,0.0,0.3582119337400286,-0.0279164345408376,Normal,False,False,False,2.0,False,-7.000000000000006,1.200961153538121,Normal transmission,False,63418,0.25451728662440054,49,2.0,892,44.0,5.000000000000004,0.0,56.16488870060751,1.7843865457119605,Normal market quality,False,0,False,Normal,Official ECB inputs; RepoLens derived analytics
2025-11-13,1.93,0.0,0.3582119337400286,-0.0279164345408376,Normal,False,False,False,2.0,False,-7.000000000000006,1.1657771170481972,Normal transmission,False,62747,-1.0580592260872268,49,0.0,862,-30.0,6.000000000000005,1.0000000000000009,53.56309938952787,-2.601789311079642,Normal market quality,False,0,False,Normal,Official ECB inputs; RepoLens derived analytics
2025-11-14,1.931,0.1000000000000111,0.3587624929056492,0.2369255473491326,Normal,False,False,False,2.0,False,-6.899999999999995,1.43013348413277,Normal transmission,False,60568,-3.4726759845092214,49,0.0,880,18.0,6.000000000000005,0.0,53.03815856918053,-0.5249408203473394,Normal market quality,False,0,False,Normal,Official ECB inputs; RepoLens derived analytics
2025-11-17,1.929,-0.2000000000000001,0.3611385504645905,-0.5814942761714135,Normal,False,False,False,2.0,False,-7.099999999999995,0.7847012162878315,Normal transmission,False,61796,2.027473253203005,49,0.0,879,-1.0,5.000000000000004,-1.0000000000000009,55.05384034665332,2.0156817774727855,Normal market quality,False,0,False,Normal,Official ECB inputs; RepoLens derived analytics
2025-11-18,1.93,0.0999999999999889,0.3611385504645905,0.2492118326448593,Normal,False,False,False,2.0,False,-7.000000000000006,1.0634753052796633,Normal transmission,False,65132,5.398407663926474,49,0.0,920,41.0,5.000000000000004,0.0,57.31264894319105,2.258808596537733,Normal market quality,False,0,False,Normal,Official ECB inputs; RepoLens derived analytics
2025-11-19,1.929,-0.0999999999999889,0.3611385504645905,-0.3045922398992815,Normal,False,False,False,2.0,False,-7.099999999999995,0.734224961722394,Normal transmission,False,63833,-1.9944113492599613,49,0.0,915,-5.0,5.000000000000004,0.0,56.59731129115787,-0.7153376520331776,Normal market quality,False,0,False,Normal,Official ECB inputs; RepoLens derived analytics
2025-11-20,1.929,0.0,0.3583588322222093,-9.91384433521525e-16,Normal,False,False,False,2.0,False,-7.099999999999995,0.7121748257669224,Normal transmission,False,56401,-11.642880641674369,46,-3.0,788,-127.0,5.000000000000004,0.0,49.44881594259724,-7.14849534856063,Normal market quality,False,0,False,Normal,Official ECB inputs; RepoLens derived analytics
2025-11-21,1.926,-0.3000000000000113,0.3640416401863399,-0.7966121673651703,Normal,False,False,False,2.0,False,-7.400000000000007,-0.2427019547831318,Normal transmission,False,60857,7.900569138845048,51,5.0,864,76.0,5.000000000000004,0.0,54.8492643282413,5.400448385644054,Normal market quality,False,0,False,Normal,Official ECB inputs; RepoLens derived analytics
2025-11-24,1.924,-0.2000000000000001,0.3654485347884625,-0.4788635973087087,Normal,False,False,False,2.0,False,-7.600000000000007,-0.8672410492505932,Normal transmission,False,61783,1.5215998159620048,49,-2.0,865,1.0,6.000000000000005,1.0000000000000009,52.87136236220076,-1.977901966040534,Normal market quality,False,0,False,Normal,Official ECB inputs; RepoLens derived analytics
2025-11-25,1.926,0.2000000000000001,0.3679244773764291,0.5979488007124748,Normal,False,False,False,2.0,False,-7.400000000000007,-0.2625180197881561,Normal transmission,False,59088,-4.362041338232203,47,-2.0,839,-26.0,5.000000000000004,-1.0000000000000009,51.95360299635242,-0.9177593658483403,Normal market quality,False,0,False,Normal,Official ECB inputs; RepoLens derived analytics
2025-11-26,1.928,0.2000000000000001,0.3703128122917909,0.5805902276764581,Normal,False,False,False,2.0,False,-7.200000000000006,0.3578781707139154,Normal transmission,False,61419,3.944963444354177,47,0.0,899,60.0,5.000000000000004,0.0,54.26018832845858,2.3065853321061596,Normal market quality,False,0,False,Normal,Official ECB inputs; RepoLens derived analytics
2025-11-27,1.927,-0.0999999999999889,0.3707744384536412,-0.2157646043067014,Normal,False,False,False,2.0,False,-7.299999999999995,0.0217612787922973,Normal transmission,False,58362,-4.97728715869682,47,0.0,813,-86.0,5.000000000000004,0.0,50.93255518883951,-3.327633139619074,Normal market quality,False,0,False,Normal,Official ECB inputs; RepoLens derived analytics
2025-11-28,1.925,-0.2000000000000001,0.2948683916955821,-0.7460955673645936,Normal,False,True,False,2.0,False,-7.499999999999996,-0.648909049122329,Normal transmission,False,54913,-5.909667249237516,46,-1.0,775,-38.0,5.000000000000004,0.0,48.21757293694306,-2.7149822518964513,Normal market quality,False,0,False,Month-end watch,Official ECB inputs; RepoLens derived analytics
2025-12-01,1.93,0.4999999999999893,0.1916685735986741,2.6608430919293755,Sharp tightening,True,False,False,2.0,False,-7.000000000000006,0.9718046426202456,Normal transmission,False,65141,18.62582630706755,46,0.0,875,100.0,6.000000000000005,1.0000000000000009,53.21467133069248,4.997098393749425,Normal market quality,False,1,True,Monitor,Official ECB inputs; RepoLens derived analytics
2025-12-02,1.929,-0.0999999999999889,0.1916685735986741,-0.4695605456345501,Normal,False,False,False,2.0,False,-7.099999999999995,0.6112702267167688,Normal transmission,False,65880,1.13446216668458,48,2.0,910,35.0,6.000000000000005,0.0,55.03684806682276,1.822176736130281,Normal market quality,False,0,False,Normal,Official ECB inputs; RepoLens derived analytics
2025-12-03,1.926,-0.3000000000000113,0.1980829172476785,-1.4387914109910516,Mild easing,False,False,False,2.0,False,-7.400000000000007,-0.4414580024214275,Normal transmission,False,62497,-5.135094110503946,47,-1.0,874,-36.0,5.000000000000004,-1.0000000000000009,53.95849377080747,-1.0783542960152914,Normal market quality,False,0,False,Normal,Official ECB inputs; RepoLens derived analytics
2025-12-04,1.929,0.3000000000000113,0.2089447169395056,1.4597162563737618,Mild tightening,False,False,False,2.0,False,-7.099999999999995,0.5823061563903605,Normal transmission,False,64927,3.888186632958379,47,0.0,857,-17.0,5.000000000000004,0.0,54.54628546334451,0.5877916925370386,Normal market quality,False,0,False,Normal,Official ECB inputs; RepoLens derived analytics
2025-12-05,1.929,0.0,0.2033275811670564,0.0737725787810111,Normal,False,False,False,2.0,False,-7.099999999999995,0.5607179886369038,Normal transmission,False,65831,1.3923329277496288,47,0.0,802,-55.0,5.000000000000004,0.0,53.621542839426255,-0.9247426239182559,Normal market quality,False,0,False,Normal,Official ECB inputs; RepoLens derived analytics
2025-12-08,1.93,0.0999999999999889,0.2038446260734763,0.5150982001465256,Normal,False,False,False,2.0,False,-7.000000000000006,0.8836439829833795,Normal transmission,False,65325,-0.7686348376904517,45,-2.0,829,27.0,5.000000000000004,0.0,53.24807446385316,-0.373468375573097,Normal market quality,False,0,False,Normal,Official ECB inputs; RepoLens derived analytics
2025-12-09,1.929,-0.0999999999999889,0.2038446260734757,-0.466041228703999,Normal,False,False,False,2.0,False,-7.099999999999995,0.5173701342834017,Normal transmission,False,65436,0.1699196326061969,48,3.0,869,40.0,5.000000000000004,0.0,55.26847849546135,2.0204040316081944,Normal market quality,False,0,False,Normal,Official ECB inputs; RepoLens derived analytics
2025-12-10,1.929,0.0,0.2038446260734757,0.0245284857212612,Normal,False,False,False,2.0,False,-7.099999999999995,0.50477335353701,Normal transmission,False,63144,-3.5026590867412444,45,-3.0,878,9.0,5.000000000000004,0.0,53.34405782538636,-1.9244206700749942,Normal market quality,False,0,False,Normal,Official ECB inputs; RepoLens derived analytics
2025-12-11,1.93,0.0999999999999889,0.2051956704172444,0.4873397172398853,Normal,False,False,False,2.0,False,-7.000000000000006,0.8268591230853628,Normal transmission,False,62539,-0.9581274547067031,47,2.0,859,-19.0,5.000000000000004,0.0,53.32682290824704,-0.01723491713931935,Normal market quality,False,0,False,Normal,Official ECB inputs; RepoLens derived analytics
2025-12-12,1.932,0.2000000000000001,0.2089447169395045,0.933261213091396,Normal,False,False,False,2.0,False,-6.800000000000006,1.463114260587275,Normal transmission,False,64226,2.697516749548279,47,0.0,872,13.0,6.000000000000005,1.0000000000000009,52.69628511369201,-0.6305377945550319,Normal market quality,False,0,False,Normal,Official ECB inputs; RepoLens derived analytics
2025-12-15,1.93,-0.2000000000000001,0.2089447169395045,-0.9811207624806964,Normal,False,False,False,2.0,False,-7.000000000000006,0.7507632940387049,Normal transmission,False,63173,-1.639522934637061,46,-1.0,856,-16.0,5.000000000000004,-1.0000000000000009,53.04241053521484,0.3461254215228351,Normal market quality,False,0,False,Normal,Official ECB inputs; RepoLens derived analytics
2025-12-16,1.932,0.2000000000000001,0.212503869934008,0.8941013641728186,Normal,False,False,False,2.0,False,-6.800000000000006,1.387195449311455,Normal transmission,False,65692,3.987462998432867,49,3.0,863,7.0,6.000000000000005,1.0000000000000009,53.73635482191225,0.693944286697409,Normal market quality,False,0,False,Normal,Official ECB inputs; RepoLens derived analytics
2025-12-17,1.932,0.0,0.210950231097498,-0.0711068194709255,Normal,False,False,False,2.0,False,-6.800000000000006,1.34326444157003,Normal transmission,False,63494,-3.345917311088109,47,-2.0,879,16.0,6.000000000000005,0.0,52.36274555318799,-1.373609268724259,Normal market quality,False,0,False,Normal,Official ECB inputs; RepoLens derived analytics
2025-12-18,1.931,-0.0999999999999889,0.212503869934008,-0.517637631889477,Normal,False,False,False,2.0,False,-6.899999999999995,0.9806740598800262,Normal transmission,False,58351,-8.09997795067251,48,1.0,849,-30.0,6.000000000000005,0.0,49.72907789380361,-2.633667659384379,Normal market quality,False,0,False,Normal,Official ECB inputs; RepoLens derived analytics
2025-12-19,1.933,0.2000000000000001,0.2033275811670547,0.8114983665911739,Normal,False,False,False,2.0,False,-6.699999999999995,1.574742288806202,Normal transmission,False,61248,4.964782094565656,49,1.0,881,32.0,6.000000000000005,0.0,52.03984629361585,2.3107683998122397,Normal market quality,False,0,False,Normal,Official ECB inputs; RepoLens derived analytics
2025-12-22,1.932,-0.1000000000000111,0.1984147702483841,-0.7055926321652041,Normal,False,False,False,2.0,False,-6.800000000000006,1.2072737392251844,Normal transmission,False,63476,3.637669801462895,47,-2.0,890,9.0,6.000000000000005,0.0,52.47400164933308,0.4341553557172304,Normal market quality,False,0,False,Normal,Official ECB inputs; RepoLens derived analytics
2025-12-23,1.925,-0.6999999999999895,0.2543826376069643,-2.7321047007689456,Sharp easing,True,False,False,2.0,False,-7.499999999999996,-1.2617699838176752,Normal transmission,False,38302,-39.659083748188294,43,-4.0,589,-301.0,5.000000000000004,-1.0000000000000009,34.71251129059018,-17.761490358742904,Weak market quality,True,2,True,High attention,Official ECB inputs; RepoLens derived analytics
2025-12-24,1.926,0.0999999999999889,0.2511028306870194,0.4380675426837194,Normal,False,False,False,2.0,False,-7.400000000000007,-0.8805961563509577,Normal transmission,False,39082,2.0364471829147357,37,-6.0,475,-114.0,5.000000000000004,0.0,30.30960739092332,-4.40290389966686,Weak market quality,True,1,True,Monitor,Official ECB inputs; RepoLens derived analytics
2025-12-29,1.934,0.8000000000000007,0.3082633870403043,2.4816440490870875,Sharp tightening,True,False,False,2.0,False,-6.600000000000006,2.006236745222665,Unusually above policy rate,True,61744,57.98577350186787,48,11.0,808,333.0,6.000000000000005,1.0000000000000009,49.924261409206565,19.614654018283247,Normal market quality,False,2,True,High attention,Official ECB inputs; RepoLens derived analytics
2025-12-30,1.93,-0.4000000000000003,0.3193331868293884,-1.3308983141394155,Mild easing,False,False,False,2.0,False,-7.000000000000006,0.5082363289974429,Normal transmission,False,52353,-15.209575019435084,47,-1.0,660,-148.0,5.000000000000004,-1.0000000000000009,43.03790743186295,-6.886353977343617,Normal market quality,False,0,False,Normal,Official ECB inputs; RepoLens derived analytics
2025-12-31,1.921,-0.8999999999999897,0.3605186322655358,-2.3715833898156204,Sharp easing,True,True,True,2.0,False,-7.899999999999996,-2.861616219074626,Unusually below policy rate,True,38674,-26.12839760854201,40,-7.0,416,-244.0,5.000000000000004,0.0,31.35846512034138,-11.67944231152157,Weak market quality,True,3,True,High attention,Official ECB inputs; RepoLens derived analytics
2026-01-02,1.936,1.4999999999999902,0.4987088592714936,2.937585673011785,Sharp tightening,True,False,False,2.0,False,-6.400000000000006,2.553297001269366,Unusually above policy rate,True,66841,72.83187671303719,45,5.0,668,252.0,5.000000000000004,0.0,49.310526720103695,17.952061599762317,Normal market quality,False,2,True,High attention,Official ECB inputs; RepoLens derived analytics
2026-01-05,1.933,-0.2999999999999891,0.4987088592714929,-0.6717346078217931,Normal,False,False,False,2.0,False,-6.699999999999995,1.4445835945378014,Normal transmission,False,66840,-0.0014960877305791875,45,0.0,669,1.0,5.000000000000004,0.0,49.30127873223264,-0.009247987871056296,Normal market quality,False,0,False,Normal,Official ECB inputs; RepoLens derived analytics
2026-01-06,1.933,0.0,0.4948152233543768,-0.0404191283049445,Normal,False,False,False,2.0,False,-6.699999999999995,1.3910363399689398,Normal transmission,False,64066,-4.15020945541592,45,0.0,647,-22.0,4.000000000000004,-1.0,49.11032818237097,-0.19095054986166815,Normal market quality,False,0,False,Normal,Official ECB inputs; RepoLens derived analytics
2026-01-07,1.933,0.0,0.4948152233543768,-0.0404191283049445,Normal,False,False,False,2.0,False,-6.699999999999995,1.3423279576283378,Normal transmission,False,68724,7.270627165735344,48,3.0,782,135.0,4.000000000000004,0.0,55.67906031852743,6.568732136156463,Normal market quality,False,0,False,Normal,Official ECB inputs; RepoLens derived analytics
2026-01-08,1.933,0.0,0.4944694126031296,-0.0303355467854595,Normal,False,False,False,2.0,False,-6.699999999999995,1.2963905203255697,Normal transmission,False,65964,-4.016064257028118,49,1.0,783,1.0,4.000000000000004,0.0,54.751209963644975,-0.9278503548824588,Normal market quality,False,0,False,Normal,Official ECB inputs; RepoLens derived analytics
2026-01-09,1.932,-0.1000000000000111,0.4944694126031299,-0.2325725253551974,Normal,False,False,False,2.0,False,-6.800000000000006,0.9153102175490128,Normal transmission,False,65629,-0.5078527681765865,49,0.0,826,43.0,5.000000000000004,1.0,53.969524916943314,-0.7816850467016607,Normal market quality,False,0,False,Normal,Official ECB inputs; RepoLens derived analytics
2026-01-12,1.931,-0.0999999999999889,0.4951342189113233,-0.2221619831524711,Normal,False,False,False,2.0,False,-6.899999999999995,0.5477078491722678,Normal transmission,False,69479,5.86630910115955,49,0.0,861,35.0,5.000000000000004,0.0,56.56518901853534,2.5956641015920283,Normal market quality,False,0,False,Normal,Official ECB inputs; RepoLens derived analytics
2026-01-13,1.93,-0.1000000000000111,0.4952405051031481,-0.2019220943553146,Normal,False,False,False,2.0,False,-7.000000000000006,0.1868023323128828,Normal transmission,False,72199,3.914851969659905,48,-1.0,884,23.0,5.000000000000004,0.0,57.959639253024335,1.3944502344889926,Normal market quality,False,0,False,Normal,Official ECB inputs; RepoLens derived analytics
2026-01-14,1.931,0.1000000000000111,0.4936171540140462,0.2127154600405609,Normal,False,False,False,2.0,False,-6.899999999999995,0.5195169817820334,Normal transmission,False,69840,-3.2673582736603035,49,1.0,890,6.0,5.000000000000004,0.0,57.331195243000586,-0.628444010023749,Normal market quality,False,0,False,Normal,Official ECB inputs; RepoLens derived analytics
2026-01-15,1.93,-0.1000000000000111,0.4920419323167279,-0.203234711174253,Normal,False,False,False,2.0,False,-7.000000000000006,0.1527647803838363,Normal transmission,False,67183,-3.8044100801832736,47,-2.0,839,-51.0,5.000000000000004,0.0,54.05805355248067,-3.273141690519914,Normal market quality,False,0,False,Normal,Official ECB inputs; RepoLens derived analytics
2026-01-16,1.93,0.0,0.489790503013472,0.0204168924029231,Normal,False,False,False,2.0,False,-7.000000000000006,0.1413614699943925,Normal transmission,False,66240,-1.403628894214315,47,0.0,850,11.0,5.000000000000004,0.0,53.87103195025082,-0.18702160222985498,Normal market quality,False,0,False,Normal,Official ECB inputs; RepoLens derived analytics
2026-01-19,1.929,-0.0999999999999889,0.4901933023658066,-0.1734009819998696,Normal,False,False,False,2.0,False,-7.099999999999995,-0.2253701850786723,Normal transmission,False,69366,4.719202898550723,47,0.0,888,38.0,5.000000000000004,0.0,56.21368249281,2.342650542559184,Normal market quality,False,0,False,Normal,Official ECB inputs; RepoLens derived analytics
2026-01-20,1.932,0.2999999999999891,0.4946822478277079,0.596342402209538,Normal,False,False,False,2.0,False,-6.800000000000006,0.8199488973409658,Normal transmission,False,63720,-8.139434304990923,47,0.0,870,-18.0,5.000000000000004,0.0,53.14231248070183,-3.0713700121081686,Normal market quality,False,0,False,Normal,Official ECB inputs; RepoLens derived analytics
2026-01-21,1.932,0.0,0.492549757037783,0.010151258687184,Normal,False,False,False,2.0,False,-6.800000000000006,0.7944438595386509,Normal transmission,False,62968,-1.1801632140615137,46,-1.0,863,-7.0,5.000000000000004,0.0,52.218288812895146,-0.9240236678066864,Normal market quality,False,0,False,Normal,Official ECB inputs; RepoLens derived analytics
2026-01-22,1.933,0.1000000000000111,0.492549757037783,0.1928739150565105,Normal,False,False,False,2.0,False,-6.699999999999995,1.1126076723689586,Normal transmission,False,61525,-2.29164019819591,47,1.0,819,-44.0,5.000000000000004,0.0,50.81041769488311,-1.4078711180120393,Normal market quality,False,0,False,Normal,Official ECB inputs; RepoLens derived analytics
2026-01-23,1.933,0.0,0.4638511557999261,-0.0862345592974089,Normal,False,False,False,2.0,False,-6.699999999999995,1.0840230356198322,Normal transmission,False,61093,-0.7021535960991421,48,1.0,826,7.0,5.000000000000004,0.0,51.12683134206809,0.3164136471849801,Normal market quality,False,0,False,Normal,Official ECB inputs; RepoLens derived analytics
2026-01-26,1.934,0.0999999999999889,0.4638511557999261,0.1293518389460875,Normal,False,False,False,2.0,False,-6.600000000000006,1.390784294821227,Normal transmission,False,64324,5.288658275088798,48,0.0,833,7.0,6.000000000000005,1.0000000000000009,51.09785051735162,-0.02898082471647001,Normal market quality,False,0,False,Normal,Official ECB inputs; RepoLens derived analytics
2026-01-27,1.934,0.0,0.4279695021107546,-8.3013244197973055e-16,Normal,False,False,False,2.0,False,-6.600000000000006,1.3534808223038908,Normal transmission,False,65450,1.750513027796785,48,0.0,834,1.0,6.000000000000005,0.0,51.59686331797708,0.49901280062546505,Normal market quality,False,0,False,Normal,Official ECB inputs; RepoLens derived analytics
2026-01-28,1.933,-0.0999999999999889,0.4183614654692263,-0.2748819131107309,Normal,False,False,False,2.0,False,-6.699999999999995,1.0255495057764246,Normal transmission,False,61180,-6.52406417112299,48,0.0,829,-5.0,5.000000000000004,-1.0000000000000009,51.08819865848121,-0.5086646594958708,Normal market quality,False,0,False,Normal,Official ECB inputs; RepoLens derived analytics
2026-01-29,1.933,0.0,0.358945824969791,-0.1671561439809197,Normal,False,False,False,2.0,False,-6.699999999999995,1.0142936719361657,Normal transmission,False,58851,-3.806799607714939,48,0.0,825,-4.0,5.000000000000004,0.0,49.7849238840251,-1.3032747744561135,Normal market quality,False,0,False,Normal,Official ECB inputs; RepoLens derived analytics
2026-01-30,1.926,-0.7000000000000117,0.1933091333918804,-3.3624898554706046,Sharp easing,True,True,False,2.0,False,-7.400000000000007,-1.4504911169225452,Normal transmission,False,48302,-17.924929058129855,44,-4.0,745,-80.0,5.000000000000004,0.0,41.293085937955695,-8.491837946069403,Normal market quality,True,2,True,High attention,Official ECB inputs; RepoLens derived analytics
2026-02-02,1.933,0.7000000000000117,0.247088307248718,2.832995246899298,Sharp tightening,True,False,False,2.0,False,-6.699999999999995,0.9950808160293302,Normal transmission,False,61221,26.74630450084883,45,1.0,809,64.0,4.000000000000004,-1.0,51.06826777628061,9.775181838324912,Normal market quality,False,1,True,Monitor,Official ECB inputs; RepoLens derived analytics
2026-02-03,1.931,-0.2000000000000001,0.2511028306870252,-0.7566621191810327,Normal,False,False,False,2.0,False,-6.899999999999995,0.2866227341231805,Normal transmission,False,65049,6.252756407115201,46,1.0,857,48.0,5.000000000000004,1.0,52.75125378403538,1.6829860077547707,Normal market quality,False,0,False,Normal,Official ECB inputs; RepoLens derived analytics
2026-02-04,1.932,0.0999999999999889,0.2523051619308084,0.4161627102531661,Normal,False,False,False,2.0,False,-6.800000000000006,0.6375893473351754,Normal transmission,False,64089,-1.475810542821565,47,1.0,834,-23.0,5.000000000000004,0.0,52.08378597489229,-0.6674678091430906,Normal market quality,False,0,False,Normal,Official ECB inputs; RepoLens derived analytics
2026-02-05,1.931,-0.0999999999999889,0.2531901719221818,-0.3554640344714917,Normal,False,False,False,2.0,False,-6.899999999999995,0.2866227341231837,Normal transmission,False,62895,-1.863034218040538,46,-1.0,844,10.0,5.000000000000004,0.0,51.37890916564235,-0.7048768092499387,Normal market quality,False,0,False,Normal,Official ECB inputs; RepoLens derived analytics
2026-02-06,1.93,-0.1000000000000111,0.2531901719221818,-0.3554640344715793,Normal,False,False,False,2.0,False,-7.000000000000006,-0.0643438790888891,Normal transmission,False,64192,2.062167103903323,45,-1.0,867,23.0,5.000000000000004,0.0,52.15296690018338,0.7740577345410316,Normal market quality,False,0,False,Normal,Official ECB inputs; RepoLens derived analytics
2026-02-09,1.93,0.0,0.2523051619308084,0.0198172719168202,Normal,False,False,False,2.0,False,-7.000000000000006,-0.0643438790888922,Normal transmission,False,67356,4.928963110667994,46,1.0,873,6.0,5.000000000000004,0.0,54.13949099005863,1.9865240898752532,Normal market quality,False,0,False,Normal,Official ECB inputs; RepoLens derived analytics
2026-02-10,1.929,-0.0999999999999889,0.252305161930808,-0.3765281664195306,Normal,False,False,False,2.0,False,-7.099999999999995,-0.4088852388643304,Normal transmission,False,66252,-1.6390522002494246,47,1.0,860,-13.0,5.000000000000004,0.0,53.64029588627835,-0.49919510378028065,Normal market quality,False,0,False,Normal,Official ECB inputs; RepoLens derived analytics
2026-02-11,1.93,0.0999999999999889,0.2523051619308075,0.4161627102531676,Normal,False,False,False,2.0,False,-7.000000000000006,-0.052608393561064,Normal transmission,False,63677,-3.886675119241678,46,-1.0,834,-26.0,5.000000000000004,0.0,51.34444684229791,-2.2958490439804393,Normal market quality,False,0,False,Normal,Official ECB inputs; RepoLens derived analytics
2026-02-12,1.931,0.1000000000000111,0.2523051619308075,0.376528166419612,Normal,False,False,False,2.0,False,-6.899999999999995,0.2866227341231836,Normal transmission,False,64877,1.8845108909025132,47,1.0,819,-15.0,4.000000000000004,-1.0,53.60522649430651,2.260779652008594,Normal market quality,False,0,False,Normal,Official ECB inputs; RepoLens derived analytics
2026-02-13,1.93,-0.1000000000000111,0.2533979603625066,-0.3946361677771727,Normal,False,False,False,2.0,False,-7.000000000000006,-0.0643438790888922,Normal transmission,False,63520,-2.0916503537463216,46,-1.0,843,24.0,5.000000000000004,1.0,51.43015185401964,-2.1750746402868657,Normal market quality,False,0,False,Normal,Official ECB inputs; RepoLens derived analytics
2026-02-16,1.929,-0.0999999999999889,0.2533979603625066,-0.3946361677770851,Normal,False,False,False,2.0,False,-7.099999999999995,-0.4153104923008869,Normal transmission,False,64608,1.7128463476070444,46,0.0,834,-9.0,5.000000000000004,0.0,51.69449948673053,0.2643476327108871,Normal market quality,False,0,False,Normal,Official ECB inputs; RepoLens derived analytics
2026-02-17,1.931,0.2000000000000001,0.2480980281643462,0.8262862930301171,Normal,False,False,False,2.0,False,-6.899999999999995,0.2751537245021318,Normal transmission,False,64390,-0.33741951461119246,46,0.0,837,3.0,5.000000000000004,0.0,51.64114291918882,-0.05335656754170515,Normal market quality,False,0,False,Normal,Official ECB inputs; RepoLens derived analytics
2026-02-18,1.931,0.0,0.2480980281643462,0.0201533242202431,Normal,False,False,False,2.0,False,-6.899999999999995,0.2505313502274846,Normal transmission,False,67079,4.176114303463274,47,1.0,856,19.0,5.000000000000004,0.0,53.75622068121946,2.115077762030637,Normal market quality,False,0,False,Normal,Official ECB inputs; RepoLens derived analytics
2026-02-19,1.933,0.2000000000000001,0.2513123449751949,0.7958224257536582,Normal,False,False,False,2.0,False,-6.699999999999995,0.9480441077897932,Normal transmission,False,65297,-2.6565691199928465,47,0.0,851,-5.0,4.000000000000004,-1.0,54.50116481812557,0.7449441369061063,Normal market quality,False,0,False,Normal,Official ECB inputs; RepoLens derived analytics
2026-02-20,1.932,-0.1000000000000111,0.2523051619308085,-0.3765281664196135,Normal,False,False,False,2.0,False,-6.800000000000006,0.5508229248880958,Normal transmission,False,63553,-2.6708730875844244,45,-2.0,815,-36.0,4.000000000000004,0.0,51.94426456440272,-2.5569002537228442,Normal market quality,False,0,False,Normal,Official ECB inputs; RepoLens derived analytics
2026-02-23,1.931,-0.0999999999999889,0.2518876106940197,-0.3374520873249442,Normal,False,False,False,2.0,False,-6.899999999999995,0.1531641098064525,Normal transmission,False,66510,4.652809466114904,45,0.0,850,35.0,5.000000000000004,1.0,52.461202893355264,0.5169383289525413,Normal market quality,False,0,False,Normal,Official ECB inputs; RepoLens derived analytics
2026-02-24,1.932,0.0999999999999889,0.2531901719221818,0.4344560421318296,Normal,False,False,False,2.0,False,-6.800000000000006,0.511473013523142,Normal transmission,False,64605,-2.8642309427153845,47,2.0,881,31.0,5.000000000000004,0.0,53.08161740614249,0.620414512787228,Normal market quality,False,0,False,Normal,Official ECB inputs; RepoLens derived analytics
2026-02-25,1.933,0.1000000000000111,0.2533979603625076,0.3946361677771683,Normal,False,False,False,2.0,False,-6.699999999999995,0.8802432609326065,Normal transmission,False,65538,1.4441606686788955,49,2.0,862,-19.0,5.000000000000004,0.0,53.79191294959136,0.7102955434488649,Normal market quality,False,0,False,Normal,Official ECB inputs; RepoLens derived analytics
2026-02-26,1.935,0.2000000000000001,0.2573140616365126,0.7383972674932857,Normal,False,False,False,2.0,False,-6.499999999999995,1.6168182372920223,Normal transmission,False,62723,-4.295218041441606,49,0.0,823,-39.0,5.000000000000004,0.0,51.35015307073767,-2.441759878853688,Normal market quality,False,0,False,Normal,Official ECB inputs; RepoLens derived analytics
2026-02-27,1.93,-0.5000000000000115,0.2307881233833884,-2.2531488725534663,Sharp easing,True,True,False,2.0,False,-7.000000000000006,-0.3628330982635515,Normal transmission,False,59377,-5.33456626755735,46,-3.0,766,-57.0,5.000000000000004,0.0,47.03784640156923,-4.312306669168436,Normal market quality,False,1,True,Monitor,Official ECB inputs; RepoLens derived analytics
2026-03-02,1.934,0.4000000000000003,0.1904979624150845,2.0735129919096846,Sharp tightening,True,False,False,2.0,False,-6.600000000000006,1.1928467921678996,Normal transmission,False,69967,17.83518870943295,49,3.0,866,100.0,4.000000000000004,-1.0,57.807604467158,10.769758065588768,Normal market quality,False,1,True,Monitor,Official ECB inputs; RepoLens derived analytics
2026-03-03,1.934,0.0,0.184319516629723,-0.0813804217495486,Normal,False,False,False,2.0,False,-6.600000000000006,1.152647294769793,Normal transmission,False,71768,2.574070633298553,48,-1.0,890,24.0,5.000000000000004,1.0,57.02776453678058,-0.7798399303774204,Normal market quality,False,0,False,Normal,Official ECB inputs; RepoLens derived analytics
2026-03-04,1.934,0.0,0.1832455930398043,-0.0545715715947841,Normal,False,False,False,2.0,False,-6.600000000000006,1.1141897630924438,Normal transmission,False,69860,-2.658566492029879,49,1.0,902,12.0,5.000000000000004,0.0,56.74668098538552,-0.2810835513950636,Normal market quality,False,0,False,Normal,Official ECB inputs; RepoLens derived analytics
2026-03-05,1.935,0.1000000000000111,0.1823819012260416,0.4386400156058242,Normal,False,False,False,2.0,False,-6.499999999999995,1.4567778782821077,Normal transmission,False,70609,1.0721442885771593,49,0.0,882,-20.0,5.000000000000004,0.0,56.55693062496658,-0.1897503604189339,Normal market quality,False,0,False,Normal,Official ECB inputs; RepoLens derived analytics
2026-03-06,1.933,-0.2000000000000001,0.187153188029385,-1.1487915448506487,Mild easing,False,False,False,2.0,False,-6.699999999999995,0.6453469058711098,Normal transmission,False,67709,-4.107125154017188,48,-1.0,847,-35.0,4.000000000000004,-1.0,55.688547136360256,-0.8683834886063266,Normal market quality,False,0,False,Normal,Official ECB inputs; RepoLens derived analytics
2026-03-09,1.932,-0.1000000000000111,0.1889026482779015,-0.5823105234511408,Normal,False,False,False,2.0,False,-6.800000000000006,0.2321299019064589,Normal transmission,False,69821,3.1192308260349355,48,0.0,891,44.0,4.000000000000004,0.0,57.85099048497865,2.162443348618396,Normal market quality,False,0,False,Normal,Official ECB inputs; RepoLens derived analytics
2026-03-10,1.933,0.1000000000000111,0.1880649383928876,0.4253849796971848,Normal,False,False,False,2.0,False,-6.699999999999995,0.6098836366815384,Normal transmission,False,67313,-3.592042508700821,47,-1.0,892,1.0,5.000000000000004,1.0,54.26367620007056,-3.5873142849080892,Normal market quality,False,0,False,Normal,Official ECB inputs; RepoLens derived analytics
2026-03-11,1.931,-0.2000000000000001,0.193241054807841,-1.0608511747353748,Mild easing,False,False,False,2.0,False,-6.899999999999995,-0.1790075900976687,Normal transmission,False,65109,-3.274256087234262,47,0.0,904,12.0,5.000000000000004,0.0,53.44905168040418,-0.8146245196663813,Normal market quality,False,0,False,Normal,Official ECB inputs; RepoLens derived analytics
2026-03-12,1.932,0.0999999999999889,0.1932410548078404,0.4916139590236531,Normal,False,False,False,2.0,False,-6.800000000000006,0.206043657142764,Normal transmission,False,60835,-6.564376660676707,46,-1.0,873,-31.0,5.000000000000004,0.0,50.08601598222334,-3.3630356981808447,Normal market quality,False,0,False,Normal,Official ECB inputs; RepoLens derived analytics
2026-03-13,1.93,-0.2000000000000001,0.1973508764134109,-1.013423419417911,Mild easing,False,False,False,2.0,False,-7.000000000000006,-0.5768022347592471,Normal transmission,False,59774,-1.744061806525854,48,2.0,883,10.0,5.000000000000004,0.0,50.61267957911714,0.5266635968938047,Normal market quality,False,0,False,Normal,Official ECB inputs; RepoLens derived analytics
2026-03-16,1.932,0.2000000000000001,0.2007223796299243,0.921671018154968,Normal,False,False,False,2.0,False,-6.800000000000006,0.2187870545638212,Normal transmission,False,60435,1.1058319670759875,47,-1.0,858,-25.0,5.000000000000004,0.0,49.89849526217166,-0.7141843169454845,Normal market quality,False,0,False,Normal,Official ECB inputs; RepoLens derived analytics
2026-03-17,1.932,0.0,0.1959457497426115,-0.0255172669300949,Normal,False,False,False,2.0,False,-6.800000000000006,0.212133438845724,Normal transmission,False,61368,1.5438073963762733,45,-2.0,880,22.0,5.000000000000004,0.0,50.12214111664208,0.22364585447041918,Normal market quality,False,0,False,Normal,Official ECB inputs; RepoLens derived analytics
2026-03-18,1.933,0.1000000000000111,0.1970840055997617,0.4566580617545537,Normal,False,False,False,2.0,False,-6.699999999999995,0.6098836366815384,Normal transmission,False,65102,6.084604354060752,47,2.0,890,10.0,4.000000000000004,-1.0,55.12250200926452,5.000360892622446,Normal market quality,False,0,False,Normal,Official ECB inputs; RepoLens derived analytics
2026-03-19,1.934,0.0999999999999889,0.1932410548078404,0.4916139590236531,Normal,False,False,False,2.0,False,-6.600000000000006,0.9863848869069306,Normal transmission,False,62936,-3.3270867254462266,48,1.0,794,-96.0,4.000000000000004,0.0,51.93392074907996,-3.188581260184563,Normal market quality,False,0,False,Normal,Official ECB inputs; RepoLens derived analytics
2026-03-20,1.932,-0.2000000000000001,0.1973508764134109,-1.013423419417911,Mild easing,False,False,False,2.0,False,-6.800000000000006,0.1605885223425246,Normal transmission,False,58493,-7.05955256133215,45,-3.0,767,-27.0,4.000000000000004,0.0,47.765780630358265,-4.168140118721695,Normal market quality,False,0,False,Normal,Official ECB inputs; RepoLens derived analytics
2026-03-23,1.932,0.0,0.1959457497426115,-0.0255172669300949,Normal,False,False,False,2.0,False,-6.800000000000006,0.1247831571214457,Normal transmission,False,64727,10.657685535021288,48,3.0,855,88.0,4.000000000000004,0.0,54.36721683046834,6.601436200110072,Normal market quality,False,0,False,Normal,Official ECB inputs; RepoLens derived analytics
2026-03-24,1.932,0.0,0.1946657053571436,-1.825033162509293e-15,Normal,False,False,False,2.0,False,-6.800000000000006,0.1406710945393625,Normal transmission,False,65971,1.921918210329543,45,-3.0,860,5.0,4.000000000000004,0.0,53.83628948883777,-0.5309273416305658,Normal market quality,False,0,False,Normal,Official ECB inputs; RepoLens derived analytics
2026-03-25,1.93,-0.2000000000000001,0.1980829172476819,-0.9339523194151912,Normal,False,False,False,2.0,False,-7.000000000000006,-0.7477779236041409,Normal transmission,False,67726,2.66025981112914,45,0.0,876,16.0,4.000000000000004,0.0,55.08444211984415,1.248152631006377,Normal market quality,False,0,False,Normal,Official ECB inputs; RepoLens derived analytics
2026-03-26,1.93,0.0,0.1915999120977833,0.130480226876312,Normal,False,False,False,2.0,False,-7.000000000000006,-1.0316257266239608,Normal transmission,False,66078,-2.433334317691871,50,5.0,905,29.0,5.000000000000004,1.0,54.971887730269984,-0.1125543895741643,Normal market quality,False,0,False,Normal,Official ECB inputs; RepoLens derived analytics
2026-03-27,1.93,0.0,0.1555973210433835,-2.283274323090651e-15,Normal,False,False,False,2.0,False,-7.000000000000006,-1.015969791370084,Normal transmission,False,61150,-7.457852840582346,48,-2.0,898,-7.0,5.000000000000004,0.0,51.39266537264735,-3.5792223576226334,Normal market quality,False,0,False,Normal,Official ECB inputs; RepoLens derived analytics
2026-03-30,1.932,0.2000000000000001,0.1333771857714009,1.5744821633883102,Mild tightening,False,False,False,2.0,False,-6.800000000000006,0.1668265481952646,Normal transmission,False,63565,3.9493049877350694,48,0.0,919,21.0,4.000000000000004,-1.0,55.2623631028848,3.869697730237448,Normal market quality,False,0,False,Normal,Official ECB inputs; RepoLens derived analytics
2026-03-31,1.929,-0.2999999999999891,0.1482352326898509,-1.855159498925374,Mild easing,False,True,True,2.0,False,-7.099999999999995,-1.5358464658410766,Normal transmission,False,59874,-5.80665460552191,46,-2.0,826,-93.0,5.000000000000004,1.0,47.96186662902122,-7.300496473863575,Normal market quality,False,0,False,Quarter-end watch,Official ECB inputs; RepoLens derived analytics
2026-04-01,1.93,0.0999999999999889,0.1507874069853015,0.7958224257526098,Normal,False,False,False,2.0,False,-7.000000000000006,-0.9253301182085718,Normal transmission,False,73471,22.70935631492801,48,2.0,946,120.0,4.000000000000004,-1.0,60.99288387896546,13.031017249944234,Normal market quality,False,0,False,Normal,Official ECB inputs; RepoLens derived analytics
2026-04-02,1.931,0.1000000000000111,0.1507874069853015,0.795822425752757,Normal,False,False,False,2.0,False,-6.899999999999995,-0.3292803324321472,Normal transmission,False,69014,-6.066339099780871,48,0.0,941,-5.0,4.000000000000004,0.0,58.58888180916587,-2.4040020697995885,Normal market quality,False,0,False,Normal,Official ECB inputs; RepoLens derived analytics
2026-04-07,1.931,0.0,0.1447320573374828,0.0690931932010189,Normal,False,False,False,2.0,False,-6.899999999999995,-0.3194889757170246,Normal transmission,False,75943,10.039991885704346,47,-1.0,907,-34.0,4.000000000000004,0.0,60.77286344174541,2.1839816325795383,Normal market quality,False,0,False,Normal,Official ECB inputs; RepoLens derived analytics
2026-04-08,1.931,0.0,0.1431782106330697,0.0349215147883978,Normal,False,False,False,2.0,False,-6.899999999999995,-0.3194889757170298,Normal transmission,False,75696,-0.32524393294971476,47,0.0,915,8.0,4.000000000000004,0.0,60.82708399642395,0.05422055467854392,Normal market quality,False,0,False,Normal,Official ECB inputs; RepoLens derived analytics
2026-04-09,1.931,0.0,0.1410487037947985,0.0708974966161186,Normal,False,False,False,2.0,False,-6.899999999999995,-0.3311811390572663,Normal transmission,False,75766,0.0924751638131438,43,-4.0,799,-116.0,4.000000000000004,0.0,56.05126094571701,-4.77582305070694,Normal market quality,False,0,False,Normal,Official ECB inputs; RepoLens derived analytics
2026-04-10,1.932,0.0999999999999889,0.1356271980179223,0.7004494775998799,Normal,False,False,False,2.0,False,-6.800000000000006,0.2436213456400142,Normal transmission,False,71585,-5.518306364332282,42,-1.0,787,-12.0,4.000000000000004,0.0,53.214691523783685,-2.8365694219333264,Normal market quality,False,0,False,Normal,Official ECB inputs; RepoLens derived analytics
2026-04-13,1.932,0.0,0.133771210812315,-2.655813352683982e-15,Normal,False,False,False,2.0,False,-6.800000000000006,0.2257065063818459,Normal transmission,False,72104,0.725012223231114,43,1.0,804,17.0,4.000000000000004,0.0,54.39545863985001,1.1807671160663276,Normal market quality,False,0,False,Normal,Official ECB inputs; RepoLens derived analytics
2026-04-14,1.932,0.0,0.1252366181530121,-0.0798488504997997,Normal,False,False,False,2.0,False,-6.800000000000006,0.2076310361713494,Normal transmission,False,73445,1.8598136025740564,48,5.0,943,139.0,5.000000000000004,1.0,58.59287357940884,4.197414939558826,Normal market quality,False,0,False,Normal,Official ECB inputs; RepoLens derived analytics
2026-04-15,1.932,0.0,0.1169795303734946,-3.037038760078217e-15,Normal,False,False,False,2.0,False,-6.800000000000006,0.1818337477769183,Normal transmission,False,74114,0.9108856967799062,48,0.0,956,13.0,4.000000000000004,-1.0,61.664232828511885,3.071359249103047,Normal market quality,False,0,False,Normal,Official ECB inputs; RepoLens derived analytics
2026-04-16,1.932,0.0,0.1169795303734946,-3.037038760078217e-15,Normal,False,False,False,2.0,False,-6.800000000000006,0.1818337477769183,Normal transmission,False,73452,-0.8932185551987493,48,0.0,932,-24.0,4.000000000000004,0.0,60.67788551232631,-0.9863473161855723,Normal market quality,False,0,False,Normal,Official ECB inputs; RepoLens derived analytics
2026-04-17,1.932,0.0,0.1145931016573678,0.0436326439173463,Normal,False,False,False,2.0,False,-6.800000000000006,0.1818337477769183,Normal transmission,False,71718,-2.3607253716712906,47,-1.0,904,-28.0,4.000000000000004,0.0,58.59373553868899,-2.0841499736373237,Normal market quality,False,0,False,Normal,Official ECB inputs; RepoLens derived analytics
2026-04-20,1.931,-0.0999999999999889,0.1136708081772377,-0.7477733409571277,Normal,False,False,False,2.0,False,-6.899999999999995,-0.4056779713730028,Normal transmission,False,69810,-2.660419978248141,45,-2.0,911,7.0,4.000000000000004,0.0,56.93210218891428,-1.6616333497747107,Normal market quality,False,0,False,Normal,Official ECB inputs; RepoLens derived analytics
2026-04-21,1.932,0.0999999999999889,0.1076055173701998,0.9293203772809752,Normal,False,False,False,2.0,False,-6.800000000000006,0.2141149849219167,Normal transmission,False,67222,-3.707205271451086,45,0.0,924,13.0,5.000000000000004,1.0,53.566631003037855,-3.365471185876423,Normal market quality,False,0,False,Normal,Official ECB inputs; RepoLens derived analytics
2026-04-22,1.931,-0.0999999999999889,0.1099042645601537,-0.8643886602598002,Normal,False,False,False,2.0,False,-6.899999999999995,-0.3733230219796613,Normal transmission,False,67393,0.25438100621819615,46,1.0,942,18.0,5.000000000000004,0.0,54.565859739730406,0.999228736692551,Normal market quality,False,0,False,Normal,Official ECB inputs; RepoLens derived analytics
2026-04-23,1.933,0.2000000000000001,0.1190974832916422,1.6373141951496095,Mild tightening,False,False,False,2.0,False,-6.699999999999995,0.8927063676339432,Normal transmission,False,66726,-0.9897170329262628,46,0.0,880,-62.0,4.000000000000004,-1.0,54.96684367209811,0.40098393236770136,Normal market quality,False,0,False,Normal,Official ECB inputs; RepoLens derived analytics
2026-04-24,1.933,0.0,0.1089422831260607,-0.1376875862115348,Normal,False,False,False,2.0,False,-6.699999999999995,0.8927063676339432,Normal transmission,False,62614,-6.162515361328413,45,-1.0,822,-58.0,4.000000000000004,0.0,50.8515128934458,-4.115330778652307,Normal market quality,False,0,False,Normal,Official ECB inputs; RepoLens derived analytics
2026-04-27,1.932,-0.1000000000000111,0.1119210247878432,-0.9828358899369164,Normal,False,False,False,2.0,False,-6.800000000000006,0.2747791094465945,Normal transmission,False,70339,12.337496406554438,47,2.0,911,89.0,4.000000000000004,0.0,58.06652900036404,7.215016106918242,Normal market quality,False,0,False,Normal,Official ECB inputs; RepoLens derived analytics
2026-04-28,1.932,0.0,0.1119210247878432,-0.0893487172669862,Normal,False,False,False,2.0,False,-6.800000000000006,0.2384115707578298,Normal transmission,False,68182,-3.066577574318652,47,0.0,921,10.0,4.000000000000004,0.0,57.42196397728693,-0.6445650230771136,Normal market quality,False,0,False,Normal,Official ECB inputs; RepoLens derived analytics
2026-04-29,1.932,0.0,0.1025978352089409,-3.462756959311456e-15,Normal,False,False,False,2.0,False,-6.800000000000006,0.2521792391845118,Normal transmission,False,64369,-5.592385086973106,46,-1.0,882,-39.0,4.000000000000004,0.0,53.91625586782353,-3.5057081094633986,Normal market quality,False,0,False,Normal,Official ECB inputs; RepoLens derived analytics
2026-04-30,1.93,-0.2000000000000001,0.0887041208327959,-2.311053850434048,Sharp easing,True,True,False,2.0,False,-7.000000000000006,-1.1651897878493984,Normal transmission,False,56333,-12.484270378598394,43,-3.0,705,-177.0,5.000000000000004,1.0,40.951918676587376,-12.964337191236154,Normal market quality,False,1,True,Monitor,Official ECB inputs; RepoLens derived analytics
2026-05-04,1.932,0.2000000000000001,0.0967906041551522,1.9630004550383413,Mild tightening,False,False,False,2.0,False,-6.800000000000006,0.2615732176804416,Normal transmission,False,66985,18.908987627145724,44,1.0,783,78.0,4.000000000000004,-1.0,51.723820101943936,10.77190142535656,Normal market quality,False,0,False,Normal,Official ECB inputs; RepoLens derived analytics
2026-05-05,1.932,0.0,0.0944513241392974,-0.0529373203135381,Normal,False,False,False,2.0,False,-6.800000000000006,0.2499891912923454,Normal transmission,False,74567,11.31895200418005,47,3.0,933,150.0,4.000000000000004,0.0,61.02273235446578,9.298912252521845,Normal market quality,False,0,False,Normal,Official ECB inputs; RepoLens derived analytics
2026-05-06,1.931,-0.0999999999999889,0.0973328526789072,-1.0274023338233058,Mild easing,False,False,False,2.0,False,-6.899999999999995,-0.481012005067789,Normal transmission,False,73133,-1.9231027129963607,47,0.0,894,-39.0,4.000000000000004,0.0,59.17420581069207,-1.8485265437737084,Normal market quality,False,0,False,Normal,Official ECB inputs; RepoLens derived analytics
2026-05-07,1.93,-0.1000000000000111,0.0998683343738843,-0.951252472523999,Normal,False,False,False,2.0,False,-7.000000000000006,-1.2025300126696072,Normal transmission,False,70480,-3.6276373183104726,47,0.0,854,-40.0,4.000000000000004,0.0,56.6914021223696,-2.48280368832247,Normal market quality,False,0,False,Normal,Official ECB inputs; RepoLens derived analytics
2026-05-08,1.929,-0.0999999999999889,0.1020835571072368,-0.8816307204640804,Normal,False,False,False,2.0,False,-7.099999999999995,-1.9240480202712715,Normal transmission,False,68866,-2.2900113507377973,47,0.0,840,-14.0,4.000000000000004,0.0,55.4702207173043,-1.2211814050653018,Normal market quality,False,0,False,Normal,Official ECB inputs; RepoLens derived analytics
2026-05-11,1.931,0.2000000000000001,0.1099042645601558,1.8652597405607767,Mild tightening,False,False,False,2.0,False,-6.899999999999995,-0.4982298344266407,Normal transmission,False,74533,8.229024482328008,48,1.0,897,57.0,4.000000000000004,0.0,60.39532223870093,4.925101521396627,Normal market quality,False,0,False,Normal,Official ECB inputs; RepoLens derived analytics
2026-05-12,1.929,-0.2000000000000001,0.1182103388482327,-1.565006934270935,Mild easing,False,False,False,2.0,False,-7.099999999999995,-1.876618157112342,Normal transmission,False,73217,-1.7656608482148894,48,0.0,926,29.0,4.000000000000004,0.0,60.38511547368857,-0.010206765012355845,Normal market quality,False,0,False,Normal,Official ECB inputs; RepoLens derived analytics
2026-05-13,1.928,-0.1000000000000111,0.1196486083235905,-0.6686245759219441,Normal,False,False,False,2.0,False,-7.200000000000006,-2.453684439730226,Unusually below policy rate,True,57528,-21.428083641777185,48,0.0,717,-209.0,4.000000000000004,0.0,46.68490148409768,-13.700213989590893,Normal market quality,False,1,True,Monitor,Official ECB inputs; RepoLens derived analytics
2026-05-14,1.93,0.2000000000000001,0.1293709476866848,1.6232392492678132,Mild tightening,False,False,False,2.0,False,-7.000000000000006,-1.1269554956866543,Normal transmission,False,50556,-12.119315811430953,43,-5.0,564,-153.0,4.000000000000004,0.0,36.48765855760104,-10.197242926496642,Normal market quality,True,1,True,Monitor,Official ECB inputs; RepoLens derived analytics
2026-05-15,1.931,0.1000000000000111,0.1316894273024444,0.7973305234205481,Normal,False,False,False,2.0,False,-6.899999999999995,-0.4369827432253779,Normal transmission,False,68781,36.049133633990024,47,4.0,878,314.0,4.000000000000004,0.0,56.22089428132181,19.733235723720775,Normal market quality,False,0,False,Normal,Official ECB inputs; RepoLens derived analytics
2026-05-18,1.931,0.0,0.1316894273024444,0.0379681201628726,Normal,False,False,False,2.0,False,-6.899999999999995,-0.4369827432253779,Normal transmission,False,72086,4.805106061266917,44,-3.0,928,50.0,4.000000000000004,0.0,57.56957691502994,1.3486826337081297,Normal market quality,False,0,False,Normal,Official ECB inputs; RepoLens derived analytics
2026-05-19,1.929,-0.2000000000000001,0.1372665482309725,-1.3841682656745735,Mild easing,False,False,False,2.0,False,-7.099999999999995,-1.7376006441689196,Normal transmission,False,66713,-7.453597092361896,47,3.0,912,-16.0,4.000000000000004,0.0,55.91069992580895,-1.6588769892209925,Normal market quality,False,0,False,Normal,Official ECB inputs; RepoLens derived analytics
2026-05-20,1.931,0.2000000000000001,0.1431782106330713,1.4317821063245515,Mild tightening,False,False,False,2.0,False,-6.899999999999995,-0.3721743888394723,Normal transmission,False,67920,1.8092425764093978,46,-1.0,900,-12.0,4.000000000000004,0.0,55.61906806315484,-0.291631862654107,Normal market quality,False,0,False,Normal,Official ECB inputs; RepoLens derived analytics
2026-05-21,1.932,0.0999999999999889,0.1431782106330714,0.663508780979597,Normal,False,False,False,2.0,False,-6.800000000000006,0.2933611477168112,Normal transmission,False,68989,1.5739104829210815,47,1.0,886,-14.0,4.000000000000004,0.0,56.28275330881073,0.6636852456558913,Normal market quality,False,0,False,Normal,Official ECB inputs; RepoLens derived analytics
2026-05-22,1.929,-0.2999999999999891,0.1507874069853015,-1.856918993422862,Mild easing,False,False,False,2.0,False,-7.099999999999995,-1.6638402588968824,Normal transmission,False,47737,-30.804910927829077,43,-4.0,570,-316.0,4.000000000000004,0.0,34.81423991911367,-21.468513389697065,Weak market quality,True,1,True,Monitor,Official ECB inputs; RepoLens derived analytics
2026-05-25,1.931,0.2000000000000001,0.1586124041080328,1.3239822016502965,Mild tightening,False,False,False,2.0,False,-6.899999999999995,-0.3219394116157908,Normal transmission,False,43684,-8.490269602195365,41,-2.0,418,-152.0,4.000000000000004,0.0,31.537673150889116,-3.2765667682245514,Weak market quality,True,1,True,Monitor,Official ECB inputs; RepoLens derived analytics
2026-05-26,1.932,0.0999999999999889,0.1589438828480807,0.6291528696047337,Normal,False,False,False,2.0,False,-6.800000000000006,0.396132137019439,Normal transmission,False,67587,54.717974544455636,43,2.0,809,391.0,4.000000000000004,0.0,51.25194928081399,19.714276129924873,Normal market quality,False,0,False,Normal,Official ECB inputs; RepoLens derived analytics
2026-05-27,1.932,0.0,0.1589438828480807,-2.23520000590158e-15,Normal,False,False,False,2.0,False,-6.800000000000006,0.3756409569654562,Normal transmission,False,64185,-5.033512361844739,45,2.0,796,-13.0,4.000000000000004,0.0,50.18589329915688,-1.066055981657108,Normal market quality,False,0,False,Normal,Official ECB inputs; RepoLens derived analytics
2026-05-28,1.933,0.1000000000000111,0.1605090586067482,0.5918669066072025,Normal,False,False,False,2.0,False,-6.699999999999995,1.1109440932853227,Normal transmission,False,63888,-0.46272493573265017,44,-1.0,827,31.0,4.000000000000004,0.0,50.11315628793984,-0.07273701121704335,Normal market quality,False,0,False,Normal,Official ECB inputs; RepoLens derived analytics
2026-05-29,1.93,-0.3000000000000113,0.168585446084966,-1.7795130420025314,Mild easing,False,True,False,2.0,False,-7.000000000000006,-1.0122665696973956,Normal transmission,False,55567,-13.02435512146256,41,-3.0,709,-118.0,5.000000000000004,1.0,38.3689685473405,-11.744187740599337,Normal market quality,False,0,False,Month-end watch,Official ECB inputs; RepoLens derived analytics
2026-06-01,1.931,0.1000000000000111,0.1637552731174553,0.6412007259436333,Normal,False,False,False,2.0,False,-6.899999999999995,-0.2518746914935288,Normal transmission,False,67773,21.96627494736085,39,-2.0,792,83.0,4.000000000000004,-1.0,48.02438176326399,9.655413215923488,Normal market quality,False,0,False,Normal,Official ECB inputs; RepoLens derived analytics
2026-06-02,1.932,0.0999999999999889,0.1654340383739683,0.6044705248259477,Normal,False,False,False,2.0,False,-6.800000000000006,0.5796689917197358,Normal transmission,False,73074,7.821698906644237,46,7.0,906,114.0,4.000000000000004,0.0,58.04897384742367,10.024592084159679,Normal market quality,False,0,False,Normal,Official ECB inputs; RepoLens derived analytics
2026-06-03,1.931,-0.0999999999999889,0.1654340383739683,-0.6044705248259521,Normal,False,False,False,2.0,False,-6.899999999999995,-0.2055811526261893,Normal transmission,False,61466,-15.885266989626956,44,-2.0,778,-128.0,4.000000000000004,0.0,47.34135883945973,-10.707615007963938,Normal market quality,False,0,False,Normal,Official ECB inputs; RepoLens derived analytics
2026-06-04,1.933,0.2000000000000001,0.1694418080518424,1.0918202663618688,Mild tightening,False,False,False,2.0,False,-6.699999999999995,1.4055011144999603,Normal transmission,False,61836,0.6019588064946513,43,-1.0,758,-20.0,4.000000000000004,0.0,46.14499491641429,-1.196363923045439,Normal market quality,False,0,False,Normal,Official ECB inputs; RepoLens derived analytics
2026-06-05,1.931,-0.2000000000000001,0.1744163198547287,-1.2040157720040734,Mild easing,False,False,False,2.0,False,-6.899999999999995,-0.1924463915756262,Normal transmission,False,70913,14.679151303447835,45,2.0,899,141.0,4.000000000000004,0.0,55.95419250850962,9.80919759209533,Normal market quality,False,0,False,Normal,Official ECB inputs; RepoLens derived analytics
2026-06-08,1.93,-0.1000000000000111,0.1700619082324643,-0.5586200989239268,Normal,False,False,False,2.0,False,-7.000000000000006,-0.9951862340258454,Normal transmission,False,66554,-6.146968820949617,45,0.0,925,26.0,4.000000000000004,0.0,54.24693492947409,-1.7072575790355344,Normal market quality,False,0,False,Normal,Official ECB inputs; RepoLens derived analytics
2026-06-09,1.93,0.0,0.1637552731174553,-0.0305333679020735,Normal,False,False,False,2.0,False,-7.000000000000006,-0.9635600132353874,Normal transmission,False,66032,-0.7843255101120938,45,0.0,925,0.0,4.000000000000004,0.0,53.882661365638526,-0.3642735638355603,Normal market quality,False,0,False,Normal,Official ECB inputs; RepoLens derived analytics
2026-06-10,1.93,0.0,0.1618966531954182,-0.0617677994117012,Normal,False,False,False,2.0,False,-7.000000000000006,-0.9635600132353874,Normal transmission,False,64976,-1.5992246183668568,43,-2.0,940,15.0,4.000000000000004,0.0,52.20289141727714,-1.6797699483613897,Normal market quality,False,0,False,Normal,Official ECB inputs; RepoLens derived analytics
2026-06-11,1.931,0.1000000000000111,0.1571958215598545,0.6043417633962851,Normal,False,False,False,2.0,False,-6.899999999999995,-0.1362110829538517,Normal transmission,False,65038,0.0954198473282375,46,3.0,934,-6.0,4.000000000000004,0.0,54.15945605642556,1.956564639148425,Normal market quality,False,0,False,Normal,Official ECB inputs; RepoLens derived analytics
2026-06-12,1.931,0.0,0.1555973210433827,-2.2832743230906617e-15,Normal,False,False,False,2.0,False,-6.899999999999995,-0.12306691235769,Normal transmission,False,65932,1.3745810141763348,44,-2.0,909,-25.0,4.000000000000004,0.0,52.28956370830707,-1.8698923481184906,Normal market quality,False,0,False,Normal,Official ECB inputs; RepoLens derived analytics
2026-06-15,1.931,0.0,0.1555973210433827,-2.2832743230906617e-15,Normal,False,False,False,2.0,False,-6.899999999999995,-0.0976696736054459,Normal transmission,False,66324,0.5945519626281648,45,1.0,903,-6.0,4.000000000000004,0.0,53.01769221230189,0.7281285039948173,Normal market quality,False,0,False,Normal,Official ECB inputs; RepoLens derived analytics
2026-06-16,1.931,0.0,0.1483239697422101,-0.0674199862461917,Normal,False,False,False,2.0,False,-6.899999999999995,-0.0588425128163561,Normal transmission,False,69861,5.332911163379772,44,-1.0,930,27.0,4.000000000000004,0.0,54.77809175978951,1.7603995474876228,Normal market quality,False,0,False,Normal,Official ECB inputs; RepoLens derived analytics
2026-06-17,2.182,25.099999999999987,5.614312068276937,4.247181081139679,Sharp tightening,True,False,False,2.25,True,-6.800000000000006,0.8237951794296909,Normal transmission,False,72138,3.2593292394898388,45,1.0,936,6.0,4.000000000000004,0.0,56.93902298522001,2.1609312254304953,Normal market quality,False,1,True,Monitor,Official ECB inputs; RepoLens derived analytics
2026-06-18,2.18,-0.1999999999999779,5.617959921912098,-0.2563208032836712,Normal,False,False,False,2.25,False,-6.999999999999984,-0.9108570255113672,Normal transmission,False,68419,-5.155396600959272,42,-3.0,881,-55.0,4.000000000000004,0.0,50.55194560302528,-6.387077382194725,Normal market quality,False,0,False,Normal,Official ECB inputs; RepoLens derived analytics
2026-06-19,2.181,0.0999999999999889,5.612898678842103,-0.2066668340856831,Normal,False,False,False,2.25,False,-6.899999999999995,-0.014784014643556,Normal transmission,False,68559,0.20462152326108374,44,2.0,906,25.0,4.000000000000004,0.0,52.95399593823839,2.4020503352131115,Normal market quality,False,0,False,Normal,Official ECB inputs; RepoLens derived analytics
2026-06-22,2.181,0.0,5.615064324513221,-0.2226154372876868,Normal,False,False,False,2.25,False,-6.899999999999995,-0.0297772513998186,Normal transmission,False,67621,-1.3681646465088515,44,0.0,931,25.0,4.000000000000004,0.0,53.040945406300665,0.08694946806227222,Normal market quality,False,0,False,Normal,Official ECB inputs; RepoLens derived analytics
2026-06-23,2.182,0.0999999999999889,5.615064324513221,-0.2048062023046738,Normal,False,False,False,2.25,False,-6.800000000000006,0.8348930551280586,Normal transmission,False,64538,-4.559234557312076,44,0.0,919,-12.0,4.000000000000004,0.0,50.791578735009445,-2.24936667129122,Normal market quality,False,0,False,Normal,Official ECB inputs; RepoLens derived analytics
2026-06-24,2.181,-0.0999999999999889,5.616280376117093,-0.2394823459525853,Normal,False,False,False,2.25,False,-6.899999999999995,-0.0751322344920172,Normal transmission,False,63258,-1.9833276519259924,47,3.0,928,9.0,5.000000000000027,1.0000000000000222,50.85132980609946,0.05975107109001243,Normal market quality,False,0,False,Normal,Official ECB inputs; RepoLens derived analytics
2026-06-25,2.183,0.1999999999999779,5.615251787015343,-0.1869907245171145,Normal,False,False,False,2.25,False,-6.700000000000017,1.6807144495730575,Normal transmission,False,63700,0.6987258528565521,46,-1.0,897,-31.0,5.000000000000027,0.0,48.99610235679417,-1.8552274493052892,Normal market quality,False,0,False,Normal,Official ECB inputs; RepoLens derived analytics
2026-06-26,2.181,-0.1999999999999779,5.613843321834456,-0.2591807281726065,Normal,False,False,False,2.25,False,-6.899999999999995,-0.1216016752290604,Normal transmission,False,61423,-3.5745682888540076,45,-1.0,891,-6.0,5.000000000000027,0.0,46.19629676067173,-2.7998055961224395,Normal market quality,False,0,False,Normal,Official ECB inputs; RepoLens derived analytics
2026-06-29,2.182,0.0999999999999889,5.613843321834457,-0.2057414027761977,Normal,False,False,False,2.25,False,-6.800000000000006,0.7632453366493119,Normal transmission,False,59761,-2.705826807547662,46,1.0,909,18.0,5.000000000000027,0.0,46.99540655726089,0.799109796589164,Normal market quality,False,0,False,Normal,Official ECB inputs; RepoLens derived analytics
2026-06-30,2.182,0.0,5.614970590915163,-0.2226191535219185,Normal,False,True,True,2.25,False,-6.800000000000006,0.7445478958569879,Normal transmission,False,59117,-1.0776258764076951,43,-3.0,824,-85.0,5.000000000000027,0.0,40.59594402587337,-6.39946253138752,Normal market quality,False,0,False,Quarter-end watch,Official ECB inputs; RepoLens derived analytics
2026-07-01,2.183,0.0999999999999889,5.61261736484954,-0.2066771925812738,Normal,False,False,False,2.25,False,-6.700000000000017,1.590396316438792,Normal transmission,False,71275,20.565996244735008,46,3.0,904,80.0,4.000000000000004,-1.0000000000000222,55.82266246011248,15.22671843423911,Normal market quality,False,0,False,Normal,Official ECB inputs; RepoLens derived analytics
2026-07-02,2.183,0.0,5.614783119024659,-0.2226265865487492,Normal,False,False,False,2.25,False,-6.700000000000017,1.529377900896468,Normal transmission,False,69387,-2.648895124517714,47,1.0,882,-22.0,4.000000000000004,0.0,55.24329687472388,-0.5793655853886008,Normal market quality,False,0,False,Normal,Official ECB inputs; RepoLens derived analytics
2026-07-03,2.183,0.0,5.612242257591417,-0.2245091965329287,Normal,False,False,False,2.25,False,-6.700000000000017,1.4725495823797008,Normal transmission,False,70945,2.2453773761655693,46,-1.0,903,21.0,4.000000000000004,0.0,55.69281207970551,0.4495152049816298,Normal market quality,False,0,False,Normal,Official ECB inputs; RepoLens derived analytics
2026-07-06,2.182,-0.0999999999999889,5.612242257591417,-0.2423273867339531,Normal,False,False,False,2.25,False,-6.800000000000006,0.6147537091488271,Normal transmission,False,69935,-1.4236380294594397,47,1.0,913,10.0,4.000000000000004,0.0,56.593574884445,0.900762804739486,Normal market quality,False,0,False,Normal,Official ECB inputs; RepoLens derived analytics
2026-07-07,2.182,0.0,5.612242257591417,-0.2245091965329289,Normal,False,False,False,2.25,False,-6.800000000000006,0.6147537091488194,Normal transmission,False,71144,1.7287481232573176,46,-1.0,927,14.0,4.000000000000004,0.0,56.59710154662288,0.003526662177883111,Normal market quality,False,0,False,Normal,Official ECB inputs; RepoLens derived analytics
2026-07-08,2.182,0.0,5.612242257591417,-0.2245091965329289,Normal,False,False,False,2.25,False,-6.800000000000006,0.6147537091488194,Normal transmission,False,66085,-7.110929944900479,44,-2.0,926,-1.0,4.000000000000004,0.0,51.28610516889737,-5.310996377725509,Normal market quality,False,0,False,Normal,Official ECB inputs; RepoLens derived analytics
2026-07-09,2.182,0.0,5.613374536249171,-0.2235731807837972,Normal,False,False,False,2.25,False,-6.800000000000006,0.6147537091488194,Normal transmission,False,64378,-2.5830369978058543,44,0.0,864,-62.0,4.000000000000004,0.0,48.3834480022191,-2.9026571666782743,Normal market quality,False,0,False,Normal,Official ECB inputs; RepoLens derived analytics
2026-07-10,2.182,0.0,5.613374536249171,-0.2235731807837972,Normal,False,False,False,2.25,False,-6.800000000000006,0.6147537091488194,Normal transmission,False,66256,2.9171456087483394,48,4.0,891,27.0,4.000000000000004,0.0,54.99867042959494,6.615222427375841,Normal market quality,False,0,False,Normal,Official ECB inputs; RepoLens derived analytics
2026-07-13,2.184,0.2000000000000223,5.61119885867352,-0.1897990120870076,Normal,False,False,False,2.25,False,-6.599999999999984,2.209950815835656,Unusually above policy rate,True,64388,-2.8193673025839194,48,0.0,877,-14.0,4.000000000000004,0.0,53.45993524434739,-1.5387351852475462,Normal market quality,False,1,True,Monitor,Official ECB inputs; RepoLens derived analytics
2026-07-14,2.184,0.0,5.61119885867352,-0.2254420190517085,Normal,False,False,False,2.25,False,-6.599999999999984,2.086997723635047,Unusually above policy rate,True,63080,-2.031434428775547,47,-1.0,868,-9.0,4.000000000000004,0.0,51.26553240582049,-2.194402838526905,Normal market quality,False,1,True,Monitor,Official ECB inputs; RepoLens derived analytics
2026-07-15,2.184,0.0,0.1071152846731871,-0.09335735820067,Normal,False,False,False,2.25,False,-6.599999999999984,1.993115641440699,Normal transmission,False,64766,2.672796448953707,47,0.0,923,55.0,4.000000000000004,0.0,53.96100415563694,2.6954717498164555,Normal market quality,False,0,False,Normal,Official ECB inputs; RepoLens derived analytics
2026-07-16,2.185,0.0999999999999889,0.096654566696302,0.775959197413262,Normal,False,False,False,2.25,False,-6.499999999999995,2.5538744477745605,Unusually above policy rate,True,67577,4.340240249513627,47,0.0,910,-13.0,4.000000000000004,0.0,55.222785623673694,1.2617814680367516,Normal market quality,False,1,True,Monitor,Official ECB inputs; RepoLens derived analytics
2026-07-17,2.186,0.0999999999999889,0.096654566696302,0.775959197413262,Normal,False,False,False,2.25,False,-6.400000000000006,3.0089780264431503,Unusually above policy rate,True,65587,-2.9447889074685207,47,0.0,887,-23.0,4.000000000000004,0.0,53.35822672231374,-1.8645589013599562,Normal market quality,False,1,True,Monitor,Official ECB inputs; RepoLens derived analytics
2026-07-20,2.184,-0.1999999999999779,0.1089422831260804,-1.9735220690313269,Mild easing,False,False,False,2.25,False,-6.599999999999984,1.6310859481407296,Normal transmission,False,67419,2.7932364645432806,48,1.0,913,26.0,4.000000000000004,0.0,56.50288593761479,3.144659215301054,Normal market quality,False,0,False,Normal,Official ECB inputs; RepoLens derived analytics
2026-07-21,2.183,-0.1000000000000334,0.1099042645601754,-0.9553769402873624,Normal,False,False,False,2.25,False,-6.700000000000017,0.9520759772319352,Normal transmission,False,66934,-0.7193817766504962,47,-1.0,918,5.0,5.000000000000027,1.0000000000000222,52.9684079654015,-3.5344779722132955,Normal market quality,False,0,False,Normal,Official ECB inputs; RepoLens derived analytics
2026-07-22,2.184,0.1000000000000334,0.1089422831260847,0.7802296551987752,Normal,False,False,False,2.25,False,-6.599999999999984,1.5545631755142952,Normal transmission,False,63045,-5.810201093614609,47,0.0,897,-21.0,5.000000000000027,0.0,50.00140487037206,-2.9670030950294333,Normal market quality,False,0,False,Normal,Official ECB inputs; RepoLens derived analytics
2026-07-23,2.185,0.0999999999999889,0.1020835571072625,0.8816307204638412,Normal,False,False,False,2.25,False,-6.499999999999995,2.08429788556205,Unusually above policy rate,True,64371,2.1032595764929773,48,1.0,887,-10.0,4.000000000000004,-1.0000000000000222,53.93698800015646,3.9355831297843977,Normal market quality,False,1,True,Monitor,Official ECB inputs; RepoLens derived analytics
2026-07-24,2.186,0.0999999999999889,0.0910465468005443,0.8237544710431651,Normal,False,False,False,2.25,False,-6.400000000000006,2.5155395546698043,Unusually above policy rate,True,63789,-0.9041338490935358,46,-2.0,908,21.0,4.000000000000004,0.0,51.85662094084077,-2.080367059315691,Normal market quality,False,1,True,Monitor,Official ECB inputs; RepoLens derived analytics
2026-07-27,2.185,-0.0999999999999889,0.0933302004491718,-1.2321842173972348,Mild easing,False,False,False,2.25,False,-6.499999999999995,1.840665006864926,Normal transmission,False,64291,0.7869695402028531,47,1.0,883,-25.0,4.000000000000004,0.0,52.6008768716671,0.744255930826327,Normal market quality,False,0,False,Normal,Official ECB inputs; RepoLens derived analytics
2026-07-28,2.184,-0.0999999999999889,0.0967906041551791,-1.136473947653363,Mild easing,False,False,False,2.25,False,-6.599999999999984,1.2330473398285635,Normal transmission,False,64531,0.3733026395607464,46,-1.0,929,46.0,5.000000000000027,1.0000000000000222,50.75961681997716,-1.841260051689936,Normal market quality,False,0,False,Normal,Official ECB inputs; RepoLens derived analytics
2026-07-29,2.185,0.0999999999999889,0.0967906041551791,0.9298423208072484,Normal,False,False,False,2.25,False,-6.499999999999995,1.717949470968429,Normal transmission,False,65428,1.3900295981776223,47,1.0,936,7.0,4.000000000000004,-1.0000000000000222,54.93051529154866,4.170898471571498,Normal market quality,False,0,False,Normal,Official ECB inputs; RepoLens derived analytics
2026-07-30,2.185,0.0,0.0967906041551791,-0.1033158134230571,Normal,False,False,False,2.25,False,-6.499999999999995,1.6477963634486643,Normal transmission,False,64506,-1.4091826129485896,46,-1.0,926,-10.0,4.000000000000004,0.0,52.81901248427221,-2.1115028072764517,Normal market quality,False,0,False,Normal,Official ECB inputs; RepoLens derived analytics
2026-07-31,2.184,-0.0999999999999889,0.0998683343739105,-1.051384311736564,Mild easing,False,True,False,2.25,False,-6.599999999999984,1.073026412206495,Normal transmission,False,54845,-14.976901373515638,44,-2.0,817,-109.0,4.000000000000004,0.0,41.09915008611751,-11.719862398154696,Normal market quality,False,0,False,Month-end watch,Official ECB inputs; RepoLens derived analytics
2026-08-03,2.185,0.0999999999999889,0.0988086934172785,0.8602481933550621,Normal,False,True,True,2.25,False,-6.499999999999995,1.5575721828799307,Normal transmission,False,56748,3.4697784665876474,46,2.0,782,-35.0,4.000000000000004,0.0,43.690053678753245,2.5909035926357333,Normal market quality,False,0,False,Quarter-end watch,Official ECB inputs; RepoLens derived analytics
