observation_date,estr_rate,KEY,FREQ,BENCHMARK_ITEM,DATA_TYPE_EST,OBS_STATUS,CONF_STATUS,PRE_BREAK_VALUE,COMMENT_OBS,CALCUL_START_DATE,CALCUL_END_DATE,TIME_FORMAT,BREAKS,COMMENT_TS,COMPILING_ORG,COVERAGE,DATA_COMP,DECIMALS,DISS_ORG,PUBL_ECB,PUBL_MU,PUBL_PUBLIC,TIME_PER_COLLECT,TITLE,TITLE_COMPL,UNIT_INDEX_BASE,UNIT_MEASURE,UNIT_MULT,deposit_facility_rate,is_policy_change_day,estr_policy_spread_bp,rolling_mean_spread_bp,rolling_volatility_bp,spread_z_score,is_unusual_spread,transmission_regime
2019-10-01,-0.549,EST.B.EU000A2X2A25.WT,B,EU000A2X2A25,WT,A,F,,,,,P1D,,,,"ESA 2010 Sectors: S.121, S.122, S.123, S.124, S.125, S.126, S.127, S.128, S.129",,3,,,,,A,Euro short-term rate,"Euro short-term rate, Volume-weighted trimmed mean rate - Unsecured - Overnight - Borrowing - Financial corporations",,PC,0,-0.5,True,-4.900000000000004,,,,False,Normal transmission
2019-10-02,-0.551,EST.B.EU000A2X2A25.WT,B,EU000A2X2A25,WT,A,F,,,,,P1D,,,,"ESA 2010 Sectors: S.121, S.122, S.123, S.124, S.125, S.126, S.127, S.128, S.129",,3,,,,,A,Euro short-term rate,"Euro short-term rate, Volume-weighted trimmed mean rate - Unsecured - Overnight - Borrowing - Financial corporations",,PC,0,-0.5,True,-5.100000000000005,,,,False,Normal transmission
2019-10-03,-0.555,EST.B.EU000A2X2A25.WT,B,EU000A2X2A25,WT,A,F,,,,,P1D,,,,"ESA 2010 Sectors: S.121, S.122, S.123, S.124, S.125, S.126, S.127, S.128, S.129",,3,,,,,A,Euro short-term rate,"Euro short-term rate, Volume-weighted trimmed mean rate - Unsecured - Overnight - Borrowing - Financial corporations",,PC,0,-0.5,True,-5.500000000000005,,,,False,Normal transmission
2019-10-04,-0.553,EST.B.EU000A2X2A25.WT,B,EU000A2X2A25,WT,A,F,,,,,P1D,,,,"ESA 2010 Sectors: S.121, S.122, S.123, S.124, S.125, S.126, S.127, S.128, S.129",,3,,,,,A,Euro short-term rate,"Euro short-term rate, Volume-weighted trimmed mean rate - Unsecured - Overnight - Borrowing - Financial corporations",,PC,0,-0.5,True,-5.300000000000004,,,,False,Normal transmission
2019-10-07,-0.554,EST.B.EU000A2X2A25.WT,B,EU000A2X2A25,WT,A,F,,,,,P1D,,,,"ESA 2010 Sectors: S.121, S.122, S.123, S.124, S.125, S.126, S.127, S.128, S.129",,3,,,,,A,Euro short-term rate,"Euro short-term rate, Volume-weighted trimmed mean rate - Unsecured - Overnight - Borrowing - Financial corporations",,PC,0,-0.5,True,-5.400000000000005,,,,False,Normal transmission
2019-10-08,-0.552,EST.B.EU000A2X2A25.WT,B,EU000A2X2A25,WT,A,F,,,,,P1D,,,,"ESA 2010 Sectors: S.121, S.122, S.123, S.124, S.125, S.126, S.127, S.128, S.129",,3,,,,,A,Euro short-term rate,"Euro short-term rate, Volume-weighted trimmed mean rate - Unsecured - Overnight - Borrowing - Financial corporations",,PC,0,-0.5,True,-5.200000000000005,,,,False,Normal transmission
2019-10-09,-0.552,EST.B.EU000A2X2A25.WT,B,EU000A2X2A25,WT,A,F,,,,,P1D,,,,"ESA 2010 Sectors: S.121, S.122, S.123, S.124, S.125, S.126, S.127, S.128, S.129",,3,,,,,A,Euro short-term rate,"Euro short-term rate, Volume-weighted trimmed mean rate - Unsecured - Overnight - Borrowing - Financial corporations",,PC,0,-0.5,True,-5.200000000000005,,,,False,Normal transmission
2019-10-10,-0.552,EST.B.EU000A2X2A25.WT,B,EU000A2X2A25,WT,A,F,,,,,P1D,,,,"ESA 2010 Sectors: S.121, S.122, S.123, S.124, S.125, S.126, S.127, S.128, S.129",,3,,,,,A,Euro short-term rate,"Euro short-term rate, Volume-weighted trimmed mean rate - Unsecured - Overnight - Borrowing - Financial corporations",,PC,0,-0.5,True,-5.200000000000005,,,,False,Normal transmission
2019-10-11,-0.55,EST.B.EU000A2X2A25.WT,B,EU000A2X2A25,WT,A,F,,,,,P1D,,,,"ESA 2010 Sectors: S.121, S.122, S.123, S.124, S.125, S.126, S.127, S.128, S.129",,3,,,,,A,Euro short-term rate,"Euro short-term rate, Volume-weighted trimmed mean rate - Unsecured - Overnight - Borrowing - Financial corporations",,PC,0,-0.5,True,-5.000000000000004,,,,False,Normal transmission
2019-10-14,-0.549,EST.B.EU000A2X2A25.WT,B,EU000A2X2A25,WT,A,F,,,,,P1D,,,,"ESA 2010 Sectors: S.121, S.122, S.123, S.124, S.125, S.126, S.127, S.128, S.129",,3,,,,,A,Euro short-term rate,"Euro short-term rate, Volume-weighted trimmed mean rate - Unsecured - Overnight - Borrowing - Financial corporations",,PC,0,-0.5,True,-4.900000000000004,,,,False,Normal transmission
2019-10-15,-0.551,EST.B.EU000A2X2A25.WT,B,EU000A2X2A25,WT,A,F,,,,,P1D,,,,"ESA 2010 Sectors: S.121, S.122, S.123, S.124, S.125, S.126, S.127, S.128, S.129",,3,,,,,A,Euro short-term rate,"Euro short-term rate, Volume-weighted trimmed mean rate - Unsecured - Overnight - Borrowing - Financial corporations",,PC,0,-0.5,True,-5.100000000000005,,,,False,Normal transmission
2019-10-16,-0.548,EST.B.EU000A2X2A25.WT,B,EU000A2X2A25,WT,A,F,,,,,P1D,,,,"ESA 2010 Sectors: S.121, S.122, S.123, S.124, S.125, S.126, S.127, S.128, S.129",,3,,,,,A,Euro short-term rate,"Euro short-term rate, Volume-weighted trimmed mean rate - Unsecured - Overnight - Borrowing - Financial corporations",,PC,0,-0.5,True,-4.800000000000004,,,,False,Normal transmission
2019-10-17,-0.548,EST.B.EU000A2X2A25.WT,B,EU000A2X2A25,WT,A,F,,,,,P1D,,,,"ESA 2010 Sectors: S.121, S.122, S.123, S.124, S.125, S.126, S.127, S.128, S.129",,3,,,,,A,Euro short-term rate,"Euro short-term rate, Volume-weighted trimmed mean rate - Unsecured - Overnight - Borrowing - Financial corporations",,PC,0,-0.5,True,-4.800000000000004,,,,False,Normal transmission
2019-10-18,-0.547,EST.B.EU000A2X2A25.WT,B,EU000A2X2A25,WT,A,F,,,,,P1D,,,,"ESA 2010 Sectors: S.121, S.122, S.123, S.124, S.125, S.126, S.127, S.128, S.129",,3,,,,,A,Euro short-term rate,"Euro short-term rate, Volume-weighted trimmed mean rate - Unsecured - Overnight - Borrowing - Financial corporations",,PC,0,-0.5,True,-4.700000000000005,,,,False,Normal transmission
2019-10-21,-0.549,EST.B.EU000A2X2A25.WT,B,EU000A2X2A25,WT,A,F,,,,,P1D,,,,"ESA 2010 Sectors: S.121, S.122, S.123, S.124, S.125, S.126, S.127, S.128, S.129",,3,,,,,A,Euro short-term rate,"Euro short-term rate, Volume-weighted trimmed mean rate - Unsecured - Overnight - Borrowing - Financial corporations",,PC,0,-0.5,True,-4.900000000000004,,,,False,Normal transmission
2019-10-22,-0.548,EST.B.EU000A2X2A25.WT,B,EU000A2X2A25,WT,A,F,,,,,P1D,,,,"ESA 2010 Sectors: S.121, S.122, S.123, S.124, S.125, S.126, S.127, S.128, S.129",,3,,,,,A,Euro short-term rate,"Euro short-term rate, Volume-weighted trimmed mean rate - Unsecured - Overnight - Borrowing - Financial corporations",,PC,0,-0.5,True,-4.800000000000004,,,,False,Normal transmission
2019-10-23,-0.547,EST.B.EU000A2X2A25.WT,B,EU000A2X2A25,WT,A,F,,,,,P1D,,,,"ESA 2010 Sectors: S.121, S.122, S.123, S.124, S.125, S.126, S.127, S.128, S.129",,3,,,,,A,Euro short-term rate,"Euro short-term rate, Volume-weighted trimmed mean rate - Unsecured - Overnight - Borrowing - Financial corporations",,PC,0,-0.5,True,-4.700000000000005,,,,False,Normal transmission
2019-10-24,-0.548,EST.B.EU000A2X2A25.WT,B,EU000A2X2A25,WT,A,F,,,,,P1D,,,,"ESA 2010 Sectors: S.121, S.122, S.123, S.124, S.125, S.126, S.127, S.128, S.129",,3,,,,,A,Euro short-term rate,"Euro short-term rate, Volume-weighted trimmed mean rate - Unsecured - Overnight - Borrowing - Financial corporations",,PC,0,-0.5,True,-4.800000000000004,,,,False,Normal transmission
2019-10-25,-0.548,EST.B.EU000A2X2A25.WT,B,EU000A2X2A25,WT,A,F,,,,,P1D,,,,"ESA 2010 Sectors: S.121, S.122, S.123, S.124, S.125, S.126, S.127, S.128, S.129",,3,,,,,A,Euro short-term rate,"Euro short-term rate, Volume-weighted trimmed mean rate - Unsecured - Overnight - Borrowing - Financial corporations",,PC,0,-0.5,True,-4.800000000000004,,,,False,Normal transmission
2019-10-28,-0.548,EST.B.EU000A2X2A25.WT,B,EU000A2X2A25,WT,A,F,,,,,P1D,,,,"ESA 2010 Sectors: S.121, S.122, S.123, S.124, S.125, S.126, S.127, S.128, S.129",,3,,,,,A,Euro short-term rate,"Euro short-term rate, Volume-weighted trimmed mean rate - Unsecured - Overnight - Borrowing - Financial corporations",,PC,0,-0.5,True,-4.800000000000004,,,,False,Normal transmission
2019-10-29,-0.545,EST.B.EU000A2X2A25.WT,B,EU000A2X2A25,WT,A,F,,,,,P1D,,,,"ESA 2010 Sectors: S.121, S.122, S.123, S.124, S.125, S.126, S.127, S.128, S.129",,3,,,,,A,Euro short-term rate,"Euro short-term rate, Volume-weighted trimmed mean rate - Unsecured - Overnight - Borrowing - Financial corporations",,PC,0,-0.5,True,-4.5000000000000036,,,,False,Normal transmission
2019-10-30,-0.545,EST.B.EU000A2X2A25.WT,B,EU000A2X2A25,WT,A,F,,,,,P1D,,,,"ESA 2010 Sectors: S.121, S.122, S.123, S.124, S.125, S.126, S.127, S.128, S.129",,3,,,,,A,Euro short-term rate,"Euro short-term rate, Volume-weighted trimmed mean rate - Unsecured - Overnight - Borrowing - Financial corporations",,PC,0,-0.5,True,-4.5000000000000036,,,,False,Normal transmission
2019-10-31,-0.543,EST.B.EU000A2X2A25.WT,B,EU000A2X2A25,WT,A,F,,,,,P1D,,,,"ESA 2010 Sectors: S.121, S.122, S.123, S.124, S.125, S.126, S.127, S.128, S.129",,3,,,,,A,Euro short-term rate,"Euro short-term rate, Volume-weighted trimmed mean rate - Unsecured - Overnight - Borrowing - Financial corporations",,PC,0,-0.5,True,-4.300000000000004,,,,False,Normal transmission
2019-11-01,-0.549,EST.B.EU000A2X2A25.WT,B,EU000A2X2A25,WT,A,F,,,,,P1D,,,,"ESA 2010 Sectors: S.121, S.122, S.123, S.124, S.125, S.126, S.127, S.128, S.129",,3,,,,,A,Euro short-term rate,"Euro short-term rate, Volume-weighted trimmed mean rate - Unsecured - Overnight - Borrowing - Financial corporations",,PC,0,-0.5,True,-4.900000000000004,,,,False,Normal transmission
2019-11-04,-0.536,EST.B.EU000A2X2A25.WT,B,EU000A2X2A25,WT,A,F,,,,,P1D,,,,"ESA 2010 Sectors: S.121, S.122, S.123, S.124, S.125, S.126, S.127, S.128, S.129",,3,,,,,A,Euro short-term rate,"Euro short-term rate, Volume-weighted trimmed mean rate - Unsecured - Overnight - Borrowing - Financial corporations",,PC,0,-0.5,True,-3.600000000000003,,,,False,Normal transmission
2019-11-05,-0.541,EST.B.EU000A2X2A25.WT,B,EU000A2X2A25,WT,A,F,,,,,P1D,,,,"ESA 2010 Sectors: S.121, S.122, S.123, S.124, S.125, S.126, S.127, S.128, S.129",,3,,,,,A,Euro short-term rate,"Euro short-term rate, Volume-weighted trimmed mean rate - Unsecured - Overnight - Borrowing - Financial corporations",,PC,0,-0.5,True,-4.100000000000003,,,,False,Normal transmission
2019-11-06,-0.539,EST.B.EU000A2X2A25.WT,B,EU000A2X2A25,WT,A,F,,,,,P1D,,,,"ESA 2010 Sectors: S.121, S.122, S.123, S.124, S.125, S.126, S.127, S.128, S.129",,3,,,,,A,Euro short-term rate,"Euro short-term rate, Volume-weighted trimmed mean rate - Unsecured - Overnight - Borrowing - Financial corporations",,PC,0,-0.5,True,-3.9000000000000035,,,,False,Normal transmission
2019-11-07,-0.537,EST.B.EU000A2X2A25.WT,B,EU000A2X2A25,WT,A,F,,,,,P1D,,,,"ESA 2010 Sectors: S.121, S.122, S.123, S.124, S.125, S.126, S.127, S.128, S.129",,3,,,,,A,Euro short-term rate,"Euro short-term rate, Volume-weighted trimmed mean rate - Unsecured - Overnight - Borrowing - Financial corporations",,PC,0,-0.5,True,-3.7000000000000033,,,,False,Normal transmission
2019-11-08,-0.54,EST.B.EU000A2X2A25.WT,B,EU000A2X2A25,WT,A,F,,,,,P1D,,,,"ESA 2010 Sectors: S.121, S.122, S.123, S.124, S.125, S.126, S.127, S.128, S.129",,3,,,,,A,Euro short-term rate,"Euro short-term rate, Volume-weighted trimmed mean rate - Unsecured - Overnight - Borrowing - Financial corporations",,PC,0,-0.5,True,-4.0000000000000036,,,,False,Normal transmission
2019-11-11,-0.541,EST.B.EU000A2X2A25.WT,B,EU000A2X2A25,WT,A,F,,,,,P1D,,,,"ESA 2010 Sectors: S.121, S.122, S.123, S.124, S.125, S.126, S.127, S.128, S.129",,3,,,,,A,Euro short-term rate,"Euro short-term rate, Volume-weighted trimmed mean rate - Unsecured - Overnight - Borrowing - Financial corporations",,PC,0,-0.5,True,-4.100000000000003,,,,False,Normal transmission
2019-11-12,-0.537,EST.B.EU000A2X2A25.WT,B,EU000A2X2A25,WT,A,F,,,,,P1D,,,,"ESA 2010 Sectors: S.121, S.122, S.123, S.124, S.125, S.126, S.127, S.128, S.129",,3,,,,,A,Euro short-term rate,"Euro short-term rate, Volume-weighted trimmed mean rate - Unsecured - Overnight - Borrowing - Financial corporations",,PC,0,-0.5,True,-3.7000000000000033,,,,False,Normal transmission
2019-11-13,-0.531,EST.B.EU000A2X2A25.WT,B,EU000A2X2A25,WT,A,F,,,,,P1D,,,,"ESA 2010 Sectors: S.121, S.122, S.123, S.124, S.125, S.126, S.127, S.128, S.129",,3,,,,,A,Euro short-term rate,"Euro short-term rate, Volume-weighted trimmed mean rate - Unsecured - Overnight - Borrowing - Financial corporations",,PC,0,-0.5,True,-3.1000000000000028,,,,False,Normal transmission
2019-11-14,-0.536,EST.B.EU000A2X2A25.WT,B,EU000A2X2A25,WT,A,F,,,,,P1D,,,,"ESA 2010 Sectors: S.121, S.122, S.123, S.124, S.125, S.126, S.127, S.128, S.129",,3,,,,,A,Euro short-term rate,"Euro short-term rate, Volume-weighted trimmed mean rate - Unsecured - Overnight - Borrowing - Financial corporations",,PC,0,-0.5,True,-3.600000000000003,,,,False,Normal transmission
2019-11-15,-0.541,EST.B.EU000A2X2A25.WT,B,EU000A2X2A25,WT,A,F,,,,,P1D,,,,"ESA 2010 Sectors: S.121, S.122, S.123, S.124, S.125, S.126, S.127, S.128, S.129",,3,,,,,A,Euro short-term rate,"Euro short-term rate, Volume-weighted trimmed mean rate - Unsecured - Overnight - Borrowing - Financial corporations",,PC,0,-0.5,True,-4.100000000000003,,,,False,Normal transmission
2019-11-18,-0.541,EST.B.EU000A2X2A25.WT,B,EU000A2X2A25,WT,A,F,,,,,P1D,,,,"ESA 2010 Sectors: S.121, S.122, S.123, S.124, S.125, S.126, S.127, S.128, S.129",,3,,,,,A,Euro short-term rate,"Euro short-term rate, Volume-weighted trimmed mean rate - Unsecured - Overnight - Borrowing - Financial corporations",,PC,0,-0.5,True,-4.100000000000003,,,,False,Normal transmission
2019-11-19,-0.542,EST.B.EU000A2X2A25.WT,B,EU000A2X2A25,WT,A,F,,,,,P1D,,,,"ESA 2010 Sectors: S.121, S.122, S.123, S.124, S.125, S.126, S.127, S.128, S.129",,3,,,,,A,Euro short-term rate,"Euro short-term rate, Volume-weighted trimmed mean rate - Unsecured - Overnight - Borrowing - Financial corporations",,PC,0,-0.5,True,-4.200000000000004,,,,False,Normal transmission
2019-11-20,-0.511,EST.B.EU000A2X2A25.WT,B,EU000A2X2A25,WT,A,F,,,,,P1D,,,,"ESA 2010 Sectors: S.121, S.122, S.123, S.124, S.125, S.126, S.127, S.128, S.129",,3,,,,,A,Euro short-term rate,"Euro short-term rate, Volume-weighted trimmed mean rate - Unsecured - Overnight - Borrowing - Financial corporations",,PC,0,-0.5,True,-1.100000000000001,,,,False,Normal transmission
2019-11-21,-0.542,EST.B.EU000A2X2A25.WT,B,EU000A2X2A25,WT,A,F,,,,,P1D,,,,"ESA 2010 Sectors: S.121, S.122, S.123, S.124, S.125, S.126, S.127, S.128, S.129",,3,,,,,A,Euro short-term rate,"Euro short-term rate, Volume-weighted trimmed mean rate - Unsecured - Overnight - Borrowing - Financial corporations",,PC,0,-0.5,True,-4.200000000000004,,,,False,Normal transmission
2019-11-22,-0.536,EST.B.EU000A2X2A25.WT,B,EU000A2X2A25,WT,A,F,,,,,P1D,,,,"ESA 2010 Sectors: S.121, S.122, S.123, S.124, S.125, S.126, S.127, S.128, S.129",,3,,,,,A,Euro short-term rate,"Euro short-term rate, Volume-weighted trimmed mean rate - Unsecured - Overnight - Borrowing - Financial corporations",,PC,0,-0.5,True,-3.600000000000003,,,,False,Normal transmission
2019-11-25,-0.533,EST.B.EU000A2X2A25.WT,B,EU000A2X2A25,WT,A,F,,,,,P1D,,,,"ESA 2010 Sectors: S.121, S.122, S.123, S.124, S.125, S.126, S.127, S.128, S.129",,3,,,,,A,Euro short-term rate,"Euro short-term rate, Volume-weighted trimmed mean rate - Unsecured - Overnight - Borrowing - Financial corporations",,PC,0,-0.5,True,-3.300000000000003,,,,False,Normal transmission
2019-11-26,-0.533,EST.B.EU000A2X2A25.WT,B,EU000A2X2A25,WT,A,F,,,,,P1D,,,,"ESA 2010 Sectors: S.121, S.122, S.123, S.124, S.125, S.126, S.127, S.128, S.129",,3,,,,,A,Euro short-term rate,"Euro short-term rate, Volume-weighted trimmed mean rate - Unsecured - Overnight - Borrowing - Financial corporations",,PC,0,-0.5,True,-3.300000000000003,,,,False,Normal transmission
2019-11-27,-0.533,EST.B.EU000A2X2A25.WT,B,EU000A2X2A25,WT,A,F,,,,,P1D,,,,"ESA 2010 Sectors: S.121, S.122, S.123, S.124, S.125, S.126, S.127, S.128, S.129",,3,,,,,A,Euro short-term rate,"Euro short-term rate, Volume-weighted trimmed mean rate - Unsecured - Overnight - Borrowing - Financial corporations",,PC,0,-0.5,True,-3.300000000000003,,,,False,Normal transmission
2019-11-28,-0.531,EST.B.EU000A2X2A25.WT,B,EU000A2X2A25,WT,A,F,,,,,P1D,,,,"ESA 2010 Sectors: S.121, S.122, S.123, S.124, S.125, S.126, S.127, S.128, S.129",,3,,,,,A,Euro short-term rate,"Euro short-term rate, Volume-weighted trimmed mean rate - Unsecured - Overnight - Borrowing - Financial corporations",,PC,0,-0.5,True,-3.1000000000000028,,,,False,Normal transmission
2019-11-29,-0.532,EST.B.EU000A2X2A25.WT,B,EU000A2X2A25,WT,A,F,,,,,P1D,,,,"ESA 2010 Sectors: S.121, S.122, S.123, S.124, S.125, S.126, S.127, S.128, S.129",,3,,,,,A,Euro short-term rate,"Euro short-term rate, Volume-weighted trimmed mean rate - Unsecured - Overnight - Borrowing - Financial corporations",,PC,0,-0.5,True,-3.200000000000003,,,,False,Normal transmission
2019-12-02,-0.541,EST.B.EU000A2X2A25.WT,B,EU000A2X2A25,WT,A,F,,,,,P1D,,,,"ESA 2010 Sectors: S.121, S.122, S.123, S.124, S.125, S.126, S.127, S.128, S.129",,3,,,,,A,Euro short-term rate,"Euro short-term rate, Volume-weighted trimmed mean rate - Unsecured - Overnight - Borrowing - Financial corporations",,PC,0,-0.5,True,-4.100000000000003,,,,False,Normal transmission
2019-12-03,-0.539,EST.B.EU000A2X2A25.WT,B,EU000A2X2A25,WT,A,F,,,,,P1D,,,,"ESA 2010 Sectors: S.121, S.122, S.123, S.124, S.125, S.126, S.127, S.128, S.129",,3,,,,,A,Euro short-term rate,"Euro short-term rate, Volume-weighted trimmed mean rate - Unsecured - Overnight - Borrowing - Financial corporations",,PC,0,-0.5,True,-3.9000000000000035,,,,False,Normal transmission
2019-12-04,-0.54,EST.B.EU000A2X2A25.WT,B,EU000A2X2A25,WT,A,F,,,,,P1D,,,,"ESA 2010 Sectors: S.121, S.122, S.123, S.124, S.125, S.126, S.127, S.128, S.129",,3,,,,,A,Euro short-term rate,"Euro short-term rate, Volume-weighted trimmed mean rate - Unsecured - Overnight - Borrowing - Financial corporations",,PC,0,-0.5,True,-4.0000000000000036,,,,False,Normal transmission
2019-12-05,-0.54,EST.B.EU000A2X2A25.WT,B,EU000A2X2A25,WT,A,F,,,,,P1D,,,,"ESA 2010 Sectors: S.121, S.122, S.123, S.124, S.125, S.126, S.127, S.128, S.129",,3,,,,,A,Euro short-term rate,"Euro short-term rate, Volume-weighted trimmed mean rate - Unsecured - Overnight - Borrowing - Financial corporations",,PC,0,-0.5,True,-4.0000000000000036,,,,False,Normal transmission
2019-12-06,-0.541,EST.B.EU000A2X2A25.WT,B,EU000A2X2A25,WT,A,F,,,,,P1D,,,,"ESA 2010 Sectors: S.121, S.122, S.123, S.124, S.125, S.126, S.127, S.128, S.129",,3,,,,,A,Euro short-term rate,"Euro short-term rate, Volume-weighted trimmed mean rate - Unsecured - Overnight - Borrowing - Financial corporations",,PC,0,-0.5,True,-4.100000000000003,,,,False,Normal transmission
2019-12-09,-0.541,EST.B.EU000A2X2A25.WT,B,EU000A2X2A25,WT,A,F,,,,,P1D,,,,"ESA 2010 Sectors: S.121, S.122, S.123, S.124, S.125, S.126, S.127, S.128, S.129",,3,,,,,A,Euro short-term rate,"Euro short-term rate, Volume-weighted trimmed mean rate - Unsecured - Overnight - Borrowing - Financial corporations",,PC,0,-0.5,True,-4.100000000000003,,,,False,Normal transmission
2019-12-10,-0.544,EST.B.EU000A2X2A25.WT,B,EU000A2X2A25,WT,A,F,,,,,P1D,,,,"ESA 2010 Sectors: S.121, S.122, S.123, S.124, S.125, S.126, S.127, S.128, S.129",,3,,,,,A,Euro short-term rate,"Euro short-term rate, Volume-weighted trimmed mean rate - Unsecured - Overnight - Borrowing - Financial corporations",,PC,0,-0.5,True,-4.400000000000004,,,,False,Normal transmission
2019-12-11,-0.544,EST.B.EU000A2X2A25.WT,B,EU000A2X2A25,WT,A,F,,,,,P1D,,,,"ESA 2010 Sectors: S.121, S.122, S.123, S.124, S.125, S.126, S.127, S.128, S.129",,3,,,,,A,Euro short-term rate,"Euro short-term rate, Volume-weighted trimmed mean rate - Unsecured - Overnight - Borrowing - Financial corporations",,PC,0,-0.5,True,-4.400000000000004,,,,False,Normal transmission
2019-12-12,-0.544,EST.B.EU000A2X2A25.WT,B,EU000A2X2A25,WT,A,F,,,,,P1D,,,,"ESA 2010 Sectors: S.121, S.122, S.123, S.124, S.125, S.126, S.127, S.128, S.129",,3,,,,,A,Euro short-term rate,"Euro short-term rate, Volume-weighted trimmed mean rate - Unsecured - Overnight - Borrowing - Financial corporations",,PC,0,-0.5,True,-4.400000000000004,,,,False,Normal transmission
2019-12-13,-0.543,EST.B.EU000A2X2A25.WT,B,EU000A2X2A25,WT,A,F,,,,,P1D,,,,"ESA 2010 Sectors: S.121, S.122, S.123, S.124, S.125, S.126, S.127, S.128, S.129",,3,,,,,A,Euro short-term rate,"Euro short-term rate, Volume-weighted trimmed mean rate - Unsecured - Overnight - Borrowing - Financial corporations",,PC,0,-0.5,True,-4.300000000000004,,,,False,Normal transmission
2019-12-16,-0.543,EST.B.EU000A2X2A25.WT,B,EU000A2X2A25,WT,A,F,,,,,P1D,,,,"ESA 2010 Sectors: S.121, S.122, S.123, S.124, S.125, S.126, S.127, S.128, S.129",,3,,,,,A,Euro short-term rate,"Euro short-term rate, Volume-weighted trimmed mean rate - Unsecured - Overnight - Borrowing - Financial corporations",,PC,0,-0.5,True,-4.300000000000004,,,,False,Normal transmission
2019-12-17,-0.536,EST.B.EU000A2X2A25.WT,B,EU000A2X2A25,WT,A,F,,,,,P1D,,,,"ESA 2010 Sectors: S.121, S.122, S.123, S.124, S.125, S.126, S.127, S.128, S.129",,3,,,,,A,Euro short-term rate,"Euro short-term rate, Volume-weighted trimmed mean rate - Unsecured - Overnight - Borrowing - Financial corporations",,PC,0,-0.5,True,-3.600000000000003,,,,False,Normal transmission
2019-12-18,-0.54,EST.B.EU000A2X2A25.WT,B,EU000A2X2A25,WT,A,F,,,,,P1D,,,,"ESA 2010 Sectors: S.121, S.122, S.123, S.124, S.125, S.126, S.127, S.128, S.129",,3,,,,,A,Euro short-term rate,"Euro short-term rate, Volume-weighted trimmed mean rate - Unsecured - Overnight - Borrowing - Financial corporations",,PC,0,-0.5,True,-4.0000000000000036,,,,False,Normal transmission
2019-12-19,-0.54,EST.B.EU000A2X2A25.WT,B,EU000A2X2A25,WT,A,F,,,,,P1D,,,,"ESA 2010 Sectors: S.121, S.122, S.123, S.124, S.125, S.126, S.127, S.128, S.129",,3,,,,,A,Euro short-term rate,"Euro short-term rate, Volume-weighted trimmed mean rate - Unsecured - Overnight - Borrowing - Financial corporations",,PC,0,-0.5,True,-4.0000000000000036,,,,False,Normal transmission
2019-12-20,-0.54,EST.B.EU000A2X2A25.WT,B,EU000A2X2A25,WT,A,F,,,,,P1D,,,,"ESA 2010 Sectors: S.121, S.122, S.123, S.124, S.125, S.126, S.127, S.128, S.129",,3,,,,,A,Euro short-term rate,"Euro short-term rate, Volume-weighted trimmed mean rate - Unsecured - Overnight - Borrowing - Financial corporations",,PC,0,-0.5,True,-4.0000000000000036,,,,False,Normal transmission
2019-12-23,-0.545,EST.B.EU000A2X2A25.WT,B,EU000A2X2A25,WT,A,F,,,,,P1D,,,,"ESA 2010 Sectors: S.121, S.122, S.123, S.124, S.125, S.126, S.127, S.128, S.129",,3,,,,,A,Euro short-term rate,"Euro short-term rate, Volume-weighted trimmed mean rate - Unsecured - Overnight - Borrowing - Financial corporations",,PC,0,-0.5,True,-4.5000000000000036,-4.258333333333337,0.7401996218764167,-0.32648850326893947,False,Normal transmission
2019-12-24,-0.549,EST.B.EU000A2X2A25.WT,B,EU000A2X2A25,WT,A,F,,,,,P1D,,,,"ESA 2010 Sectors: S.121, S.122, S.123, S.124, S.125, S.126, S.127, S.128, S.129",,3,,,,,A,Euro short-term rate,"Euro short-term rate, Volume-weighted trimmed mean rate - Unsecured - Overnight - Borrowing - Financial corporations",,PC,0,-0.5,True,-4.900000000000004,-4.258333333333337,0.7401996218764167,-0.866883267300289,False,Normal transmission
2019-12-27,-0.542,EST.B.EU000A2X2A25.WT,B,EU000A2X2A25,WT,A,F,,,,,P1D,,,,"ESA 2010 Sectors: S.121, S.122, S.123, S.124, S.125, S.126, S.127, S.128, S.129",,3,,,,,A,Euro short-term rate,"Euro short-term rate, Volume-weighted trimmed mean rate - Unsecured - Overnight - Borrowing - Financial corporations",,PC,0,-0.5,True,-4.200000000000004,-4.243333333333337,0.731927260131972,0.059204426032061816,False,Normal transmission
2019-12-30,-0.541,EST.B.EU000A2X2A25.WT,B,EU000A2X2A25,WT,A,F,,,,,P1D,,,,"ESA 2010 Sectors: S.121, S.122, S.123, S.124, S.125, S.126, S.127, S.128, S.129",,3,,,,,A,Euro short-term rate,"Euro short-term rate, Volume-weighted trimmed mean rate - Unsecured - Overnight - Borrowing - Financial corporations",,PC,0,-0.5,True,-4.100000000000003,-4.220000000000003,0.7132641605407255,0.1682406135603787,False,Normal transmission
2019-12-31,-0.531,EST.B.EU000A2X2A25.WT,B,EU000A2X2A25,WT,A,F,,,,,P1D,,,,"ESA 2010 Sectors: S.121, S.122, S.123, S.124, S.125, S.126, S.127, S.128, S.129",,3,,,,,A,Euro short-term rate,"Euro short-term rate, Volume-weighted trimmed mean rate - Unsecured - Overnight - Borrowing - Financial corporations",,PC,0,-0.5,True,-3.1000000000000028,-4.183333333333337,0.7133512854808468,1.5186533695009672,False,Normal transmission
2020-01-02,-0.539,EST.B.EU000A2X2A25.WT,B,EU000A2X2A25,WT,A,F,,,,,P1D,,,,"ESA 2010 Sectors: S.121, S.122, S.123, S.124, S.125, S.126, S.127, S.128, S.129",,3,,,,,A,Euro short-term rate,"Euro short-term rate, Volume-weighted trimmed mean rate - Unsecured - Overnight - Borrowing - Financial corporations",,PC,0,-0.5,True,-3.9000000000000035,-4.158333333333337,0.6960644005532214,0.3711342414983641,False,Normal transmission
2020-01-03,-0.537,EST.B.EU000A2X2A25.WT,B,EU000A2X2A25,WT,A,F,,,,,P1D,,,,"ESA 2010 Sectors: S.121, S.122, S.123, S.124, S.125, S.126, S.127, S.128, S.129",,3,,,,,A,Euro short-term rate,"Euro short-term rate, Volume-weighted trimmed mean rate - Unsecured - Overnight - Borrowing - Financial corporations",,PC,0,-0.5,True,-3.7000000000000033,-4.133333333333336,0.6848646202152657,0.6327284554385776,False,Normal transmission
2020-01-06,-0.539,EST.B.EU000A2X2A25.WT,B,EU000A2X2A25,WT,A,F,,,,,P1D,,,,"ESA 2010 Sectors: S.121, S.122, S.123, S.124, S.125, S.126, S.127, S.128, S.129",,3,,,,,A,Euro short-term rate,"Euro short-term rate, Volume-weighted trimmed mean rate - Unsecured - Overnight - Borrowing - Financial corporations",,PC,0,-0.5,True,-3.9000000000000035,-4.11166666666667,0.6709698689000517,0.31546374357116846,False,Normal transmission
2020-01-07,-0.54,EST.B.EU000A2X2A25.WT,B,EU000A2X2A25,WT,A,F,,,,,P1D,,,,"ESA 2010 Sectors: S.121, S.122, S.123, S.124, S.125, S.126, S.127, S.128, S.129",,3,,,,,A,Euro short-term rate,"Euro short-term rate, Volume-weighted trimmed mean rate - Unsecured - Overnight - Borrowing - Financial corporations",,PC,0,-0.5,True,-4.0000000000000036,-4.09166666666667,0.6556900018538292,0.13980183685506575,False,Normal transmission
2020-01-08,-0.536,EST.B.EU000A2X2A25.WT,B,EU000A2X2A25,WT,A,F,,,,,P1D,,,,"ESA 2010 Sectors: S.121, S.122, S.123, S.124, S.125, S.126, S.127, S.128, S.129",,3,,,,,A,Euro short-term rate,"Euro short-term rate, Volume-weighted trimmed mean rate - Unsecured - Overnight - Borrowing - Financial corporations",,PC,0,-0.5,True,-3.600000000000003,-4.068333333333337,0.6476794736325776,0.7230942964837801,False,Normal transmission
2020-01-09,-0.539,EST.B.EU000A2X2A25.WT,B,EU000A2X2A25,WT,A,F,,,,,P1D,,,,"ESA 2010 Sectors: S.121, S.122, S.123, S.124, S.125, S.126, S.127, S.128, S.129",,3,,,,,A,Euro short-term rate,"Euro short-term rate, Volume-weighted trimmed mean rate - Unsecured - Overnight - Borrowing - Financial corporations",,PC,0,-0.5,True,-3.9000000000000035,-4.05166666666667,0.6387200300884255,0.23745406363046082,False,Normal transmission
2020-01-10,-0.538,EST.B.EU000A2X2A25.WT,B,EU000A2X2A25,WT,A,F,,,,,P1D,,,,"ESA 2010 Sectors: S.121, S.122, S.123, S.124, S.125, S.126, S.127, S.128, S.129",,3,,,,,A,Euro short-term rate,"Euro short-term rate, Volume-weighted trimmed mean rate - Unsecured - Overnight - Borrowing - Financial corporations",,PC,0,-0.5,True,-3.8000000000000034,-4.030000000000004,0.624445516750526,0.36832676963855665,False,Normal transmission
2020-01-13,-0.537,EST.B.EU000A2X2A25.WT,B,EU000A2X2A25,WT,A,F,,,,,P1D,,,,"ESA 2010 Sectors: S.121, S.122, S.123, S.124, S.125, S.126, S.127, S.128, S.129",,3,,,,,A,Euro short-term rate,"Euro short-term rate, Volume-weighted trimmed mean rate - Unsecured - Overnight - Borrowing - Financial corporations",,PC,0,-0.5,True,-3.7000000000000033,-4.01166666666667,0.6175653857282792,0.5046699084326535,False,Normal transmission
2020-01-14,-0.538,EST.B.EU000A2X2A25.WT,B,EU000A2X2A25,WT,A,F,,,,,P1D,,,,"ESA 2010 Sectors: S.121, S.122, S.123, S.124, S.125, S.126, S.127, S.128, S.129",,3,,,,,A,Euro short-term rate,"Euro short-term rate, Volume-weighted trimmed mean rate - Unsecured - Overnight - Borrowing - Financial corporations",,PC,0,-0.5,True,-3.8000000000000034,-3.9950000000000037,0.6093689428208308,0.3200031808272431,False,Normal transmission
2020-01-15,-0.538,EST.B.EU000A2X2A25.WT,B,EU000A2X2A25,WT,A,F,,,,,P1D,,,,"ESA 2010 Sectors: S.121, S.122, S.123, S.124, S.125, S.126, S.127, S.128, S.129",,3,,,,,A,Euro short-term rate,"Euro short-term rate, Volume-weighted trimmed mean rate - Unsecured - Overnight - Borrowing - Financial corporations",,PC,0,-0.5,True,-3.8000000000000034,-3.9800000000000035,0.6027620043585243,0.2986253259137676,False,Normal transmission
2020-01-16,-0.536,EST.B.EU000A2X2A25.WT,B,EU000A2X2A25,WT,A,F,,,,,P1D,,,,"ESA 2010 Sectors: S.121, S.122, S.123, S.124, S.125, S.126, S.127, S.128, S.129",,3,,,,,A,Euro short-term rate,"Euro short-term rate, Volume-weighted trimmed mean rate - Unsecured - Overnight - Borrowing - Financial corporations",,PC,0,-0.5,True,-3.600000000000003,-3.958333333333337,0.5924072312890992,0.604876703739061,False,Normal transmission
2020-01-17,-0.537,EST.B.EU000A2X2A25.WT,B,EU000A2X2A25,WT,A,F,,,,,P1D,,,,"ESA 2010 Sectors: S.121, S.122, S.123, S.124, S.125, S.126, S.127, S.128, S.129",,3,,,,,A,Euro short-term rate,"Euro short-term rate, Volume-weighted trimmed mean rate - Unsecured - Overnight - Borrowing - Financial corporations",,PC,0,-0.5,True,-3.7000000000000033,-3.9400000000000035,0.5828626026426146,0.4117608488036031,False,Normal transmission
2020-01-20,-0.538,EST.B.EU000A2X2A25.WT,B,EU000A2X2A25,WT,A,F,,,,,P1D,,,,"ESA 2010 Sectors: S.121, S.122, S.123, S.124, S.125, S.126, S.127, S.128, S.129",,3,,,,,A,Euro short-term rate,"Euro short-term rate, Volume-weighted trimmed mean rate - Unsecured - Overnight - Borrowing - Financial corporations",,PC,0,-0.5,True,-3.8000000000000034,-3.9250000000000034,0.5744931443292917,0.21758310126735245,False,Normal transmission
2020-01-21,-0.535,EST.B.EU000A2X2A25.WT,B,EU000A2X2A25,WT,A,F,,,,,P1D,,,,"ESA 2010 Sectors: S.121, S.122, S.123, S.124, S.125, S.126, S.127, S.128, S.129",,3,,,,,A,Euro short-term rate,"Euro short-term rate, Volume-weighted trimmed mean rate - Unsecured - Overnight - Borrowing - Financial corporations",,PC,0,-0.5,True,-3.500000000000003,-3.903333333333337,0.5653757312744548,0.7133898945824055,False,Normal transmission
2020-01-22,-0.536,EST.B.EU000A2X2A25.WT,B,EU000A2X2A25,WT,A,F,,,,,P1D,,,,"ESA 2010 Sectors: S.121, S.122, S.123, S.124, S.125, S.126, S.127, S.128, S.129",,3,,,,,A,Euro short-term rate,"Euro short-term rate, Volume-weighted trimmed mean rate - Unsecured - Overnight - Borrowing - Financial corporations",,PC,0,-0.5,True,-3.600000000000003,-3.883333333333337,0.5542338326401033,0.5112162351830274,False,Normal transmission
2020-01-23,-0.537,EST.B.EU000A2X2A25.WT,B,EU000A2X2A25,WT,A,F,,,,,P1D,,,,"ESA 2010 Sectors: S.121, S.122, S.123, S.124, S.125, S.126, S.127, S.128, S.129",,3,,,,,A,Euro short-term rate,"Euro short-term rate, Volume-weighted trimmed mean rate - Unsecured - Overnight - Borrowing - Financial corporations",,PC,0,-0.5,True,-3.7000000000000033,-3.8650000000000033,0.5414434568347397,0.3047409621765207,False,Normal transmission
2020-01-24,-0.537,EST.B.EU000A2X2A25.WT,B,EU000A2X2A25,WT,A,F,,,,,P1D,,,,"ESA 2010 Sectors: S.121, S.122, S.123, S.124, S.125, S.126, S.127, S.128, S.129",,3,,,,,A,Euro short-term rate,"Euro short-term rate, Volume-weighted trimmed mean rate - Unsecured - Overnight - Borrowing - Financial corporations",,PC,0,-0.5,True,-3.7000000000000033,-3.8516666666666697,0.5353572121796515,0.283299941078913,False,Normal transmission
2020-01-27,-0.538,EST.B.EU000A2X2A25.WT,B,EU000A2X2A25,WT,A,F,,,,,P1D,,,,"ESA 2010 Sectors: S.121, S.122, S.123, S.124, S.125, S.126, S.127, S.128, S.129",,3,,,,,A,Euro short-term rate,"Euro short-term rate, Volume-weighted trimmed mean rate - Unsecured - Overnight - Borrowing - Financial corporations",,PC,0,-0.5,True,-3.8000000000000034,-3.8400000000000034,0.5285733917900849,0.07567539460231748,False,Normal transmission
2020-01-28,-0.536,EST.B.EU000A2X2A25.WT,B,EU000A2X2A25,WT,A,F,,,,,P1D,,,,"ESA 2010 Sectors: S.121, S.122, S.123, S.124, S.125, S.126, S.127, S.128, S.129",,3,,,,,A,Euro short-term rate,"Euro short-term rate, Volume-weighted trimmed mean rate - Unsecured - Overnight - Borrowing - Financial corporations",,PC,0,-0.5,True,-3.600000000000003,-3.8283333333333363,0.5259669599298544,0.4341210584097996,False,Normal transmission
2020-01-29,-0.54,EST.B.EU000A2X2A25.WT,B,EU000A2X2A25,WT,A,F,,,,,P1D,,,,"ESA 2010 Sectors: S.121, S.122, S.123, S.124, S.125, S.126, S.127, S.128, S.129",,3,,,,,A,Euro short-term rate,"Euro short-term rate, Volume-weighted trimmed mean rate - Unsecured - Overnight - Borrowing - Financial corporations",,PC,0,-0.5,True,-4.0000000000000036,-3.8133333333333366,0.5073916905937815,-0.36789460711943855,False,Normal transmission
2020-01-30,-0.539,EST.B.EU000A2X2A25.WT,B,EU000A2X2A25,WT,A,F,,,,,P1D,,,,"ESA 2010 Sectors: S.121, S.122, S.123, S.124, S.125, S.126, S.127, S.128, S.129",,3,,,,,A,Euro short-term rate,"Euro short-term rate, Volume-weighted trimmed mean rate - Unsecured - Overnight - Borrowing - Financial corporations",,PC,0,-0.5,True,-3.9000000000000035,-3.8183333333333365,0.50673152275953,-0.16116358071021764,False,Normal transmission
2020-01-31,-0.539,EST.B.EU000A2X2A25.WT,B,EU000A2X2A25,WT,A,F,,,,,P1D,,,,"ESA 2010 Sectors: S.121, S.122, S.123, S.124, S.125, S.126, S.127, S.128, S.129",,3,,,,,A,Euro short-term rate,"Euro short-term rate, Volume-weighted trimmed mean rate - Unsecured - Overnight - Borrowing - Financial corporations",,PC,0,-0.5,True,-3.9000000000000035,-3.815000000000003,0.5055036085974903,-0.1681491458306919,False,Normal transmission
2020-02-03,-0.537,EST.B.EU000A2X2A25.WT,B,EU000A2X2A25,WT,A,F,,,,,P1D,,,,"ESA 2010 Sectors: S.121, S.122, S.123, S.124, S.125, S.126, S.127, S.128, S.129",,3,,,,,A,Euro short-term rate,"Euro short-term rate, Volume-weighted trimmed mean rate - Unsecured - Overnight - Borrowing - Financial corporations",,PC,0,-0.5,True,-3.7000000000000033,-3.81166666666667,0.5055930120020555,0.22086275722935192,False,Normal transmission
2020-02-04,-0.536,EST.B.EU000A2X2A25.WT,B,EU000A2X2A25,WT,A,F,,,,,P1D,,,,"ESA 2010 Sectors: S.121, S.122, S.123, S.124, S.125, S.126, S.127, S.128, S.129",,3,,,,,A,Euro short-term rate,"Euro short-term rate, Volume-weighted trimmed mean rate - Unsecured - Overnight - Borrowing - Financial corporations",,PC,0,-0.5,True,-3.600000000000003,-3.810000000000003,0.5061318914328791,0.414911614056727,False,Normal transmission
2020-02-05,-0.536,EST.B.EU000A2X2A25.WT,B,EU000A2X2A25,WT,A,F,,,,,P1D,,,,"ESA 2010 Sectors: S.121, S.122, S.123, S.124, S.125, S.126, S.127, S.128, S.129",,3,,,,,A,Euro short-term rate,"Euro short-term rate, Volume-weighted trimmed mean rate - Unsecured - Overnight - Borrowing - Financial corporations",,PC,0,-0.5,True,-3.600000000000003,-3.8033333333333363,0.5062211838768205,0.4016689538279191,False,Normal transmission
2020-02-06,-0.535,EST.B.EU000A2X2A25.WT,B,EU000A2X2A25,WT,A,F,,,,,P1D,,,,"ESA 2010 Sectors: S.121, S.122, S.123, S.124, S.125, S.126, S.127, S.128, S.129",,3,,,,,A,Euro short-term rate,"Euro short-term rate, Volume-weighted trimmed mean rate - Unsecured - Overnight - Borrowing - Financial corporations",,PC,0,-0.5,True,-3.500000000000003,-3.793333333333337,0.5061877010562039,0.5794951807822846,False,Normal transmission
2020-02-07,-0.537,EST.B.EU000A2X2A25.WT,B,EU000A2X2A25,WT,A,F,,,,,P1D,,,,"ESA 2010 Sectors: S.121, S.122, S.123, S.124, S.125, S.126, S.127, S.128, S.129",,3,,,,,A,Euro short-term rate,"Euro short-term rate, Volume-weighted trimmed mean rate - Unsecured - Overnight - Borrowing - Financial corporations",,PC,0,-0.5,True,-3.7000000000000033,-3.7933333333333366,0.5061877010562039,0.18438483024890823,False,Normal transmission
2020-02-10,-0.537,EST.B.EU000A2X2A25.WT,B,EU000A2X2A25,WT,A,F,,,,,P1D,,,,"ESA 2010 Sectors: S.121, S.122, S.123, S.124, S.125, S.126, S.127, S.128, S.129",,3,,,,,A,Euro short-term rate,"Euro short-term rate, Volume-weighted trimmed mean rate - Unsecured - Overnight - Borrowing - Financial corporations",,PC,0,-0.5,True,-3.7000000000000033,-3.803333333333337,0.4981207622507926,0.20744634868543682,False,Normal transmission
2020-02-11,-0.541,EST.B.EU000A2X2A25.WT,B,EU000A2X2A25,WT,A,F,,,,,P1D,,,,"ESA 2010 Sectors: S.121, S.122, S.123, S.124, S.125, S.126, S.127, S.128, S.129",,3,,,,,A,Euro short-term rate,"Euro short-term rate, Volume-weighted trimmed mean rate - Unsecured - Overnight - Borrowing - Financial corporations",,PC,0,-0.5,True,-4.100000000000003,-3.8116666666666696,0.4988432948014452,-0.5780038267289911,False,Normal transmission
2020-02-12,-0.541,EST.B.EU000A2X2A25.WT,B,EU000A2X2A25,WT,A,F,,,,,P1D,,,,"ESA 2010 Sectors: S.121, S.122, S.123, S.124, S.125, S.126, S.127, S.128, S.129",,3,,,,,A,Euro short-term rate,"Euro short-term rate, Volume-weighted trimmed mean rate - Unsecured - Overnight - Borrowing - Financial corporations",,PC,0,-0.5,True,-4.100000000000003,-3.8116666666666696,0.4988432948014452,-0.5780038267289911,False,Normal transmission
2020-02-13,-0.54,EST.B.EU000A2X2A25.WT,B,EU000A2X2A25,WT,A,F,,,,,P1D,,,,"ESA 2010 Sectors: S.121, S.122, S.123, S.124, S.125, S.126, S.127, S.128, S.129",,3,,,,,A,Euro short-term rate,"Euro short-term rate, Volume-weighted trimmed mean rate - Unsecured - Overnight - Borrowing - Financial corporations",,PC,0,-0.5,True,-4.0000000000000036,-3.810000000000003,0.49803001747393166,-0.3815031089164129,False,Normal transmission
2020-02-14,-0.538,EST.B.EU000A2X2A25.WT,B,EU000A2X2A25,WT,A,F,,,,,P1D,,,,"ESA 2010 Sectors: S.121, S.122, S.123, S.124, S.125, S.126, S.127, S.128, S.129",,3,,,,,A,Euro short-term rate,"Euro short-term rate, Volume-weighted trimmed mean rate - Unsecured - Overnight - Borrowing - Financial corporations",,PC,0,-0.5,True,-3.8000000000000034,-3.8033333333333363,0.4953911882326239,0.006728689190506377,False,Normal transmission
2020-02-17,-0.541,EST.B.EU000A2X2A25.WT,B,EU000A2X2A25,WT,A,F,,,,,P1D,,,,"ESA 2010 Sectors: S.121, S.122, S.123, S.124, S.125, S.126, S.127, S.128, S.129",,3,,,,,A,Euro short-term rate,"Euro short-term rate, Volume-weighted trimmed mean rate - Unsecured - Overnight - Borrowing - Financial corporations",,PC,0,-0.5,True,-4.100000000000003,-3.8533333333333366,0.34712703026592845,-0.7105948115815102,False,Normal transmission
2020-02-18,-0.536,EST.B.EU000A2X2A25.WT,B,EU000A2X2A25,WT,A,F,,,,,P1D,,,,"ESA 2010 Sectors: S.121, S.122, S.123, S.124, S.125, S.126, S.127, S.128, S.129",,3,,,,,A,Euro short-term rate,"Euro short-term rate, Volume-weighted trimmed mean rate - Unsecured - Overnight - Borrowing - Financial corporations",,PC,0,-0.5,True,-3.600000000000003,-3.843333333333337,0.34561008041377445,0.704068969984926,False,Normal transmission
2020-02-19,-0.538,EST.B.EU000A2X2A25.WT,B,EU000A2X2A25,WT,A,F,,,,,P1D,,,,"ESA 2010 Sectors: S.121, S.122, S.123, S.124, S.125, S.126, S.127, S.128, S.129",,3,,,,,A,Euro short-term rate,"Euro short-term rate, Volume-weighted trimmed mean rate - Unsecured - Overnight - Borrowing - Financial corporations",,PC,0,-0.5,True,-3.8000000000000034,-3.84666666666667,0.3441849456849588,0.13558601923682506,False,Normal transmission
2020-02-20,-0.538,EST.B.EU000A2X2A25.WT,B,EU000A2X2A25,WT,A,F,,,,,P1D,,,,"ESA 2010 Sectors: S.121, S.122, S.123, S.124, S.125, S.126, S.127, S.128, S.129",,3,,,,,A,Euro short-term rate,"Euro short-term rate, Volume-weighted trimmed mean rate - Unsecured - Overnight - Borrowing - Financial corporations",,PC,0,-0.5,True,-3.8000000000000034,-3.8550000000000035,0.3366963123939151,0.16335195241358436,False,Normal transmission
2020-02-21,-0.539,EST.B.EU000A2X2A25.WT,B,EU000A2X2A25,WT,A,F,,,,,P1D,,,,"ESA 2010 Sectors: S.121, S.122, S.123, S.124, S.125, S.126, S.127, S.128, S.129",,3,,,,,A,Euro short-term rate,"Euro short-term rate, Volume-weighted trimmed mean rate - Unsecured - Overnight - Borrowing - Financial corporations",,PC,0,-0.5,True,-3.9000000000000035,-3.8650000000000033,0.3287495569372536,-0.10646402181062217,False,Normal transmission
2020-02-24,-0.54,EST.B.EU000A2X2A25.WT,B,EU000A2X2A25,WT,A,F,,,,,P1D,,,,"ESA 2010 Sectors: S.121, S.122, S.123, S.124, S.125, S.126, S.127, S.128, S.129",,3,,,,,A,Euro short-term rate,"Euro short-term rate, Volume-weighted trimmed mean rate - Unsecured - Overnight - Borrowing - Financial corporations",,PC,0,-0.5,True,-4.0000000000000036,-3.87666666666667,0.32068077303151543,-0.3845984658432039,False,Normal transmission
2020-02-25,-0.539,EST.B.EU000A2X2A25.WT,B,EU000A2X2A25,WT,A,F,,,,,P1D,,,,"ESA 2010 Sectors: S.121, S.122, S.123, S.124, S.125, S.126, S.127, S.128, S.129",,3,,,,,A,Euro short-term rate,"Euro short-term rate, Volume-weighted trimmed mean rate - Unsecured - Overnight - Borrowing - Financial corporations",,PC,0,-0.5,True,-3.9000000000000035,-3.8900000000000032,0.3040405860507798,-0.032890345759069364,False,Normal transmission
2020-02-26,-0.539,EST.B.EU000A2X2A25.WT,B,EU000A2X2A25,WT,A,F,,,,,P1D,,,,"ESA 2010 Sectors: S.121, S.122, S.123, S.124, S.125, S.126, S.127, S.128, S.129",,3,,,,,A,Euro short-term rate,"Euro short-term rate, Volume-weighted trimmed mean rate - Unsecured - Overnight - Borrowing - Financial corporations",,PC,0,-0.5,True,-3.9000000000000035,-3.90166666666667,0.2902317406432938,0.005742537542490508,False,Normal transmission
2020-02-27,-0.538,EST.B.EU000A2X2A25.WT,B,EU000A2X2A25,WT,A,F,,,,,P1D,,,,"ESA 2010 Sectors: S.121, S.122, S.123, S.124, S.125, S.126, S.127, S.128, S.129",,3,,,,,A,Euro short-term rate,"Euro short-term rate, Volume-weighted trimmed mean rate - Unsecured - Overnight - Borrowing - Financial corporations",,PC,0,-0.5,True,-3.8000000000000034,-3.89666666666667,0.2893397900813052,0.3340939268653755,False,Normal transmission
2020-02-28,-0.54,EST.B.EU000A2X2A25.WT,B,EU000A2X2A25,WT,A,F,,,,,P1D,,,,"ESA 2010 Sectors: S.121, S.122, S.123, S.124, S.125, S.126, S.127, S.128, S.129",,3,,,,,A,Euro short-term rate,"Euro short-term rate, Volume-weighted trimmed mean rate - Unsecured - Overnight - Borrowing - Financial corporations",,PC,0,-0.5,True,-4.0000000000000036,-3.8983333333333365,0.2896471650577452,-0.3510017667405733,False,Normal transmission
2020-03-02,-0.542,EST.B.EU000A2X2A25.WT,B,EU000A2X2A25,WT,A,F,,,,,P1D,,,,"ESA 2010 Sectors: S.121, S.122, S.123, S.124, S.125, S.126, S.127, S.128, S.129",,3,,,,,A,Euro short-term rate,"Euro short-term rate, Volume-weighted trimmed mean rate - Unsecured - Overnight - Borrowing - Financial corporations",,PC,0,-0.5,True,-4.200000000000004,-3.90166666666667,0.2919784451451486,-1.0217649223559158,False,Normal transmission
2020-03-03,-0.542,EST.B.EU000A2X2A25.WT,B,EU000A2X2A25,WT,A,F,,,,,P1D,,,,"ESA 2010 Sectors: S.121, S.122, S.123, S.124, S.125, S.126, S.127, S.128, S.129",,3,,,,,A,Euro short-term rate,"Euro short-term rate, Volume-weighted trimmed mean rate - Unsecured - Overnight - Borrowing - Financial corporations",,PC,0,-0.5,True,-4.200000000000004,-3.9050000000000034,0.294252860245592,-1.00253910787404,False,Normal transmission
2020-03-04,-0.541,EST.B.EU000A2X2A25.WT,B,EU000A2X2A25,WT,A,F,,,,,P1D,,,,"ESA 2010 Sectors: S.121, S.122, S.123, S.124, S.125, S.126, S.127, S.128, S.129",,3,,,,,A,Euro short-term rate,"Euro short-term rate, Volume-weighted trimmed mean rate - Unsecured - Overnight - Borrowing - Financial corporations",,PC,0,-0.5,True,-4.100000000000003,-3.9050000000000034,0.294252860245592,-0.6626953424930081,False,Normal transmission
2020-03-05,-0.54,EST.B.EU000A2X2A25.WT,B,EU000A2X2A25,WT,A,F,,,,,P1D,,,,"ESA 2010 Sectors: S.121, S.122, S.123, S.124, S.125, S.126, S.127, S.128, S.129",,3,,,,,A,Euro short-term rate,"Euro short-term rate, Volume-weighted trimmed mean rate - Unsecured - Overnight - Borrowing - Financial corporations",,PC,0,-0.5,True,-4.0000000000000036,-3.9033333333333364,0.2934116485080748,-0.32945749481383263,False,Normal transmission
2020-03-06,-0.541,EST.B.EU000A2X2A25.WT,B,EU000A2X2A25,WT,A,F,,,,,P1D,,,,"ESA 2010 Sectors: S.121, S.122, S.123, S.124, S.125, S.126, S.127, S.128, S.129",,3,,,,,A,Euro short-term rate,"Euro short-term rate, Volume-weighted trimmed mean rate - Unsecured - Overnight - Borrowing - Financial corporations",,PC,0,-0.5,True,-4.100000000000003,-3.8983333333333365,0.28729696834912627,-0.7019449868388421,False,Normal transmission
2020-03-09,-0.539,EST.B.EU000A2X2A25.WT,B,EU000A2X2A25,WT,A,F,,,,,P1D,,,,"ESA 2010 Sectors: S.121, S.122, S.123, S.124, S.125, S.126, S.127, S.128, S.129",,3,,,,,A,Euro short-term rate,"Euro short-term rate, Volume-weighted trimmed mean rate - Unsecured - Overnight - Borrowing - Financial corporations",,PC,0,-0.5,True,-3.9000000000000035,-3.8900000000000032,0.27964869002108417,-0.035759151953282095,False,Normal transmission
2020-03-10,-0.541,EST.B.EU000A2X2A25.WT,B,EU000A2X2A25,WT,A,F,,,,,P1D,,,,"ESA 2010 Sectors: S.121, S.122, S.123, S.124, S.125, S.126, S.127, S.128, S.129",,3,,,,,A,Euro short-term rate,"Euro short-term rate, Volume-weighted trimmed mean rate - Unsecured - Overnight - Borrowing - Financial corporations",,PC,0,-0.5,True,-4.100000000000003,-3.8850000000000033,0.2729779279585481,-0.7876094657464313,False,Normal transmission
2020-03-11,-0.543,EST.B.EU000A2X2A25.WT,B,EU000A2X2A25,WT,A,F,,,,,P1D,,,,"ESA 2010 Sectors: S.121, S.122, S.123, S.124, S.125, S.126, S.127, S.128, S.129",,3,,,,,A,Euro short-term rate,"Euro short-term rate, Volume-weighted trimmed mean rate - Unsecured - Overnight - Borrowing - Financial corporations",,PC,0,-0.5,True,-4.300000000000004,-3.885000000000004,0.2729779279585481,-1.5202694338826492,False,Normal transmission
2020-03-12,-0.54,EST.B.EU000A2X2A25.WT,B,EU000A2X2A25,WT,A,F,,,,,P1D,,,,"ESA 2010 Sectors: S.121, S.122, S.123, S.124, S.125, S.126, S.127, S.128, S.129",,3,,,,,A,Euro short-term rate,"Euro short-term rate, Volume-weighted trimmed mean rate - Unsecured - Overnight - Borrowing - Financial corporations",,PC,0,-0.5,True,-4.0000000000000036,-3.8800000000000034,0.26794889469727506,-0.44784659453652326,False,Normal transmission
2020-03-13,-0.541,EST.B.EU000A2X2A25.WT,B,EU000A2X2A25,WT,A,F,,,,,P1D,,,,"ESA 2010 Sectors: S.121, S.122, S.123, S.124, S.125, S.126, S.127, S.128, S.129",,3,,,,,A,Euro short-term rate,"Euro short-term rate, Volume-weighted trimmed mean rate - Unsecured - Overnight - Borrowing - Financial corporations",,PC,0,-0.5,True,-4.100000000000003,-3.8883333333333367,0.2668660977424703,-0.7931568245544921,False,Normal transmission
2020-03-16,-0.536,EST.B.EU000A2X2A25.WT,B,EU000A2X2A25,WT,A,F,,,,,P1D,,,,"ESA 2010 Sectors: S.121, S.122, S.123, S.124, S.125, S.126, S.127, S.128, S.129",,3,,,,,A,Euro short-term rate,"Euro short-term rate, Volume-weighted trimmed mean rate - Unsecured - Overnight - Borrowing - Financial corporations",,PC,0,-0.5,True,-3.600000000000003,-3.8816666666666695,0.2690168331111921,1.0470224610452001,False,Normal transmission
2020-03-17,-0.531,EST.B.EU000A2X2A25.WT,B,EU000A2X2A25,WT,A,F,,,,,P1D,,,,"ESA 2010 Sectors: S.121, S.122, S.123, S.124, S.125, S.126, S.127, S.128, S.129",,3,,,,,A,Euro short-term rate,"Euro short-term rate, Volume-weighted trimmed mean rate - Unsecured - Overnight - Borrowing - Financial corporations",,PC,0,-0.5,True,-3.1000000000000028,-3.86666666666667,0.2868098446804947,2.673083511204894,True,Unusually above policy rate
2020-03-18,-0.529,EST.B.EU000A2X2A25.WT,B,EU000A2X2A25,WT,A,F,,,,,P1D,,,,"ESA 2010 Sectors: S.121, S.122, S.123, S.124, S.125, S.126, S.127, S.128, S.129",,3,,,,,A,Euro short-term rate,"Euro short-term rate, Volume-weighted trimmed mean rate - Unsecured - Overnight - Borrowing - Financial corporations",,PC,0,-0.5,True,-2.9000000000000026,-3.8483333333333367,0.312177517223593,3.0378015103954557,True,Unusually above policy rate
2020-03-19,-0.526,EST.B.EU000A2X2A25.WT,B,EU000A2X2A25,WT,A,F,,,,,P1D,,,,"ESA 2010 Sectors: S.121, S.122, S.123, S.124, S.125, S.126, S.127, S.128, S.129",,3,,,,,A,Euro short-term rate,"Euro short-term rate, Volume-weighted trimmed mean rate - Unsecured - Overnight - Borrowing - Financial corporations",,PC,0,-0.5,True,-2.6000000000000023,-3.81666666666667,0.3400731061317902,3.577662110673247,True,Unusually above policy rate
2020-03-20,-0.524,EST.B.EU000A2X2A25.WT,B,EU000A2X2A25,WT,A,F,,,,,P1D,,,,"ESA 2010 Sectors: S.121, S.122, S.123, S.124, S.125, S.126, S.127, S.128, S.129",,3,,,,,A,Euro short-term rate,"Euro short-term rate, Volume-weighted trimmed mean rate - Unsecured - Overnight - Borrowing - Financial corporations",,PC,0,-0.5,True,-2.400000000000002,-3.7750000000000035,0.3577827197843273,3.843114616683713,True,Unusually above policy rate
2020-03-23,-0.525,EST.B.EU000A2X2A25.WT,B,EU000A2X2A25,WT,A,F,,,,,P1D,,,,"ESA 2010 Sectors: S.121, S.122, S.123, S.124, S.125, S.126, S.127, S.128, S.129",,3,,,,,A,Euro short-term rate,"Euro short-term rate, Volume-weighted trimmed mean rate - Unsecured - Overnight - Borrowing - Financial corporations",,PC,0,-0.5,True,-2.500000000000002,-3.74666666666667,0.38946580828001864,3.200965630775829,True,Unusually above policy rate
2020-03-24,-0.527,EST.B.EU000A2X2A25.WT,B,EU000A2X2A25,WT,A,F,,,,,P1D,,,,"ESA 2010 Sectors: S.121, S.122, S.123, S.124, S.125, S.126, S.127, S.128, S.129",,3,,,,,A,Euro short-term rate,"Euro short-term rate, Volume-weighted trimmed mean rate - Unsecured - Overnight - Borrowing - Financial corporations",,PC,0,-0.5,True,-2.7000000000000024,-3.7233333333333363,0.40936770867272115,2.499790070524254,True,Unusually above policy rate
2020-03-25,-0.527,EST.B.EU000A2X2A25.WT,B,EU000A2X2A25,WT,A,F,,,,,P1D,,,,"ESA 2010 Sectors: S.121, S.122, S.123, S.124, S.125, S.126, S.127, S.128, S.129",,3,,,,,A,Euro short-term rate,"Euro short-term rate, Volume-weighted trimmed mean rate - Unsecured - Overnight - Borrowing - Financial corporations",,PC,0,-0.5,True,-2.7000000000000024,-3.71666666666667,0.42272989599950284,2.405002996683876,True,Unusually above policy rate
2020-03-26,-0.529,EST.B.EU000A2X2A25.WT,B,EU000A2X2A25,WT,A,F,,,,,P1D,,,,"ESA 2010 Sectors: S.121, S.122, S.123, S.124, S.125, S.126, S.127, S.128, S.129",,3,,,,,A,Euro short-term rate,"Euro short-term rate, Volume-weighted trimmed mean rate - Unsecured - Overnight - Borrowing - Financial corporations",,PC,0,-0.5,True,-2.9000000000000026,-3.7000000000000033,0.4349167073968076,1.839432669276832,False,Normal transmission
2020-03-27,-0.53,EST.B.EU000A2X2A25.WT,B,EU000A2X2A25,WT,A,F,,,,,P1D,,,,"ESA 2010 Sectors: S.121, S.122, S.123, S.124, S.125, S.126, S.127, S.128, S.129",,3,,,,,A,Euro short-term rate,"Euro short-term rate, Volume-weighted trimmed mean rate - Unsecured - Overnight - Borrowing - Financial corporations",,PC,0,-0.5,True,-3.0000000000000027,-3.688333333333337,0.44420626857299855,1.5495804134970625,False,Normal transmission
2020-03-30,-0.528,EST.B.EU000A2X2A25.WT,B,EU000A2X2A25,WT,A,F,,,,,P1D,,,,"ESA 2010 Sectors: S.121, S.122, S.123, S.124, S.125, S.126, S.127, S.128, S.129",,3,,,,,A,Euro short-term rate,"Euro short-term rate, Volume-weighted trimmed mean rate - Unsecured - Overnight - Borrowing - Financial corporations",,PC,0,-0.5,True,-2.8000000000000025,-3.6700000000000035,0.4578135213588409,1.900337057362887,False,Normal transmission
2020-03-31,-0.522,EST.B.EU000A2X2A25.WT,B,EU000A2X2A25,WT,A,F,,,,,P1D,,,,"ESA 2010 Sectors: S.121, S.122, S.123, S.124, S.125, S.126, S.127, S.128, S.129",,3,,,,,A,Euro short-term rate,"Euro short-term rate, Volume-weighted trimmed mean rate - Unsecured - Overnight - Borrowing - Financial corporations",,PC,0,-0.5,True,-2.200000000000002,-3.6400000000000032,0.4934142550825247,2.9184402055006657,True,Unusually above policy rate
2020-04-01,-0.527,EST.B.EU000A2X2A25.WT,B,EU000A2X2A25,WT,A,F,,,,,P1D,,,,"ESA 2010 Sectors: S.121, S.122, S.123, S.124, S.125, S.126, S.127, S.128, S.129",,3,,,,,A,Euro short-term rate,"Euro short-term rate, Volume-weighted trimmed mean rate - Unsecured - Overnight - Borrowing - Financial corporations",,PC,0,-0.5,True,-2.7000000000000024,-3.6250000000000027,0.5081121589784027,1.8204642098307224,False,Normal transmission
2020-04-02,-0.534,EST.B.EU000A2X2A25.WT,B,EU000A2X2A25,WT,A,F,,,,,P1D,,,,"ESA 2010 Sectors: S.121, S.122, S.123, S.124, S.125, S.126, S.127, S.128, S.129",,3,,,,,A,Euro short-term rate,"Euro short-term rate, Volume-weighted trimmed mean rate - Unsecured - Overnight - Borrowing - Financial corporations",,PC,0,-0.5,True,-3.400000000000003,-3.6166666666666694,0.5076254680561325,0.4268238697643666,False,Normal transmission
2020-04-03,-0.539,EST.B.EU000A2X2A25.WT,B,EU000A2X2A25,WT,A,F,,,,,P1D,,,,"ESA 2010 Sectors: S.121, S.122, S.123, S.124, S.125, S.126, S.127, S.128, S.129",,3,,,,,A,Euro short-term rate,"Euro short-term rate, Volume-weighted trimmed mean rate - Unsecured - Overnight - Borrowing - Financial corporations",,PC,0,-0.5,True,-3.9000000000000035,-3.6183333333333367,0.5084011717260571,-0.5540244246691819,False,Normal transmission
2020-04-06,-0.533,EST.B.EU000A2X2A25.WT,B,EU000A2X2A25,WT,A,F,,,,,P1D,,,,"ESA 2010 Sectors: S.121, S.122, S.123, S.124, S.125, S.126, S.127, S.128, S.129",,3,,,,,A,Euro short-term rate,"Euro short-term rate, Volume-weighted trimmed mean rate - Unsecured - Overnight - Borrowing - Financial corporations",,PC,0,-0.5,True,-3.300000000000003,-3.61166666666667,0.5099324204699346,0.6111920994931969,False,Normal transmission
2020-04-07,-0.533,EST.B.EU000A2X2A25.WT,B,EU000A2X2A25,WT,A,F,,,,,P1D,,,,"ESA 2010 Sectors: S.121, S.122, S.123, S.124, S.125, S.126, S.127, S.128, S.129",,3,,,,,A,Euro short-term rate,"Euro short-term rate, Volume-weighted trimmed mean rate - Unsecured - Overnight - Borrowing - Financial corporations",,PC,0,-0.5,True,-3.300000000000003,-3.6033333333333366,0.510887120328466,0.5937384624969814,False,Normal transmission
2020-04-08,-0.535,EST.B.EU000A2X2A25.WT,B,EU000A2X2A25,WT,A,F,,,,,P1D,,,,"ESA 2010 Sectors: S.121, S.122, S.123, S.124, S.125, S.126, S.127, S.128, S.129",,3,,,,,A,Euro short-term rate,"Euro short-term rate, Volume-weighted trimmed mean rate - Unsecured - Overnight - Borrowing - Financial corporations",,PC,0,-0.5,True,-3.500000000000003,-3.5983333333333367,0.510397540861545,0.19266028039114003,False,Normal transmission
2020-04-09,-0.536,EST.B.EU000A2X2A25.WT,B,EU000A2X2A25,WT,A,F,,,,,P1D,,,,"ESA 2010 Sectors: S.121, S.122, S.123, S.124, S.125, S.126, S.127, S.128, S.129",,3,,,,,A,Euro short-term rate,"Euro short-term rate, Volume-weighted trimmed mean rate - Unsecured - Overnight - Borrowing - Financial corporations",,PC,0,-0.5,True,-3.600000000000003,-3.5983333333333363,0.510397540861545,-0.0032654284812062644,False,Normal transmission
2020-04-14,-0.534,EST.B.EU000A2X2A25.WT,B,EU000A2X2A25,WT,A,F,,,,,P1D,,,,"ESA 2010 Sectors: S.121, S.122, S.123, S.124, S.125, S.126, S.127, S.128, S.129",,3,,,,,A,Euro short-term rate,"Euro short-term rate, Volume-weighted trimmed mean rate - Unsecured - Overnight - Borrowing - Financial corporations",,PC,0,-0.5,True,-3.400000000000003,-3.5933333333333364,0.5108539433266887,0.378451288981629,False,Normal transmission
2020-04-15,-0.535,EST.B.EU000A2X2A25.WT,B,EU000A2X2A25,WT,A,F,,,,,P1D,,,,"ESA 2010 Sectors: S.121, S.122, S.123, S.124, S.125, S.126, S.127, S.128, S.129",,3,,,,,A,Euro short-term rate,"Euro short-term rate, Volume-weighted trimmed mean rate - Unsecured - Overnight - Borrowing - Financial corporations",,PC,0,-0.5,True,-3.500000000000003,-3.5883333333333365,0.510264692583343,0.17311276797562403,False,Normal transmission
2020-04-16,-0.534,EST.B.EU000A2X2A25.WT,B,EU000A2X2A25,WT,A,F,,,,,P1D,,,,"ESA 2010 Sectors: S.121, S.122, S.123, S.124, S.125, S.126, S.127, S.128, S.129",,3,,,,,A,Euro short-term rate,"Euro short-term rate, Volume-weighted trimmed mean rate - Unsecured - Overnight - Borrowing - Financial corporations",,PC,0,-0.5,True,-3.400000000000003,-3.58666666666667,0.5107212137674415,0.36549620739205524,False,Normal transmission
2020-04-17,-0.538,EST.B.EU000A2X2A25.WT,B,EU000A2X2A25,WT,A,F,,,,,P1D,,,,"ESA 2010 Sectors: S.121, S.122, S.123, S.124, S.125, S.126, S.127, S.128, S.129",,3,,,,,A,Euro short-term rate,"Euro short-term rate, Volume-weighted trimmed mean rate - Unsecured - Overnight - Borrowing - Financial corporations",,PC,0,-0.5,True,-3.8000000000000034,-3.5900000000000034,0.5114618464157237,-0.4105878111371555,False,Normal transmission
2020-04-20,-0.541,EST.B.EU000A2X2A25.WT,B,EU000A2X2A25,WT,A,F,,,,,P1D,,,,"ESA 2010 Sectors: S.121, S.122, S.123, S.124, S.125, S.126, S.127, S.128, S.129",,3,,,,,A,Euro short-term rate,"Euro short-term rate, Volume-weighted trimmed mean rate - Unsecured - Overnight - Borrowing - Financial corporations",,PC,0,-0.5,True,-4.100000000000003,-3.59666666666667,0.5155108266849271,-0.9763778126059874,False,Normal transmission
2020-04-21,-0.541,EST.B.EU000A2X2A25.WT,B,EU000A2X2A25,WT,A,F,,,,,P1D,,,,"ESA 2010 Sectors: S.121, S.122, S.123, S.124, S.125, S.126, S.127, S.128, S.129",,3,,,,,A,Euro short-term rate,"Euro short-term rate, Volume-weighted trimmed mean rate - Unsecured - Overnight - Borrowing - Financial corporations",,PC,0,-0.5,True,-4.100000000000003,-3.6033333333333366,0.5194412469563294,-0.9561556183242846,False,Normal transmission
2020-04-22,-0.539,EST.B.EU000A2X2A25.WT,B,EU000A2X2A25,WT,A,F,,,,,P1D,,,,"ESA 2010 Sectors: S.121, S.122, S.123, S.124, S.125, S.126, S.127, S.128, S.129",,3,,,,,A,Euro short-term rate,"Euro short-term rate, Volume-weighted trimmed mean rate - Unsecured - Overnight - Borrowing - Financial corporations",,PC,0,-0.5,True,-3.9000000000000035,-3.605000000000003,0.5202427725330547,-0.5670429568173518,False,Normal transmission
2020-04-23,-0.539,EST.B.EU000A2X2A25.WT,B,EU000A2X2A25,WT,A,F,,,,,P1D,,,,"ESA 2010 Sectors: S.121, S.122, S.123, S.124, S.125, S.126, S.127, S.128, S.129",,3,,,,,A,Euro short-term rate,"Euro short-term rate, Volume-weighted trimmed mean rate - Unsecured - Overnight - Borrowing - Financial corporations",,PC,0,-0.5,True,-3.9000000000000035,-3.6100000000000034,0.5216336788544742,-0.5559456985922576,False,Normal transmission
2020-04-24,-0.539,EST.B.EU000A2X2A25.WT,B,EU000A2X2A25,WT,A,F,,,,,P1D,,,,"ESA 2010 Sectors: S.121, S.122, S.123, S.124, S.125, S.126, S.127, S.128, S.129",,3,,,,,A,Euro short-term rate,"Euro short-term rate, Volume-weighted trimmed mean rate - Unsecured - Overnight - Borrowing - Financial corporations",,PC,0,-0.5,True,-3.9000000000000035,-3.6083333333333365,0.5205250500058708,-0.5603316625460723,False,Normal transmission
2020-04-27,-0.539,EST.B.EU000A2X2A25.WT,B,EU000A2X2A25,WT,A,F,,,,,P1D,,,,"ESA 2010 Sectors: S.121, S.122, S.123, S.124, S.125, S.126, S.127, S.128, S.129",,3,,,,,A,Euro short-term rate,"Euro short-term rate, Volume-weighted trimmed mean rate - Unsecured - Overnight - Borrowing - Financial corporations",,PC,0,-0.5,True,-3.9000000000000035,-3.6083333333333365,0.5205250500058708,-0.5603316625460723,False,Normal transmission
2020-04-28,-0.541,EST.B.EU000A2X2A25.WT,B,EU000A2X2A25,WT,A,F,,,,,P1D,,,,"ESA 2010 Sectors: S.121, S.122, S.123, S.124, S.125, S.126, S.127, S.128, S.129",,3,,,,,A,Euro short-term rate,"Euro short-term rate, Volume-weighted trimmed mean rate - Unsecured - Overnight - Borrowing - Financial corporations",,PC,0,-0.5,True,-4.100000000000003,-3.61166666666667,0.5230586921945036,-0.9336109706628153,False,Normal transmission
2020-04-29,-0.543,EST.B.EU000A2X2A25.WT,B,EU000A2X2A25,WT,A,F,,,,,P1D,,,,"ESA 2010 Sectors: S.121, S.122, S.123, S.124, S.125, S.126, S.127, S.128, S.129",,3,,,,,A,Euro short-term rate,"Euro short-term rate, Volume-weighted trimmed mean rate - Unsecured - Overnight - Borrowing - Financial corporations",,PC,0,-0.5,True,-4.300000000000004,-3.6216666666666697,0.5304592403283367,-1.2787661742181524,False,Normal transmission
2020-04-30,-0.531,EST.B.EU000A2X2A25.WT,B,EU000A2X2A25,WT,A,F,,,,,P1D,,,,"ESA 2010 Sectors: S.121, S.122, S.123, S.124, S.125, S.126, S.127, S.128, S.129",,3,,,,,A,Euro short-term rate,"Euro short-term rate, Volume-weighted trimmed mean rate - Unsecured - Overnight - Borrowing - Financial corporations",,PC,0,-0.5,True,-3.1000000000000028,-3.6133333333333364,0.5347157225618121,0.960011669142557,False,Normal transmission
2020-05-04,-0.543,EST.B.EU000A2X2A25.WT,B,EU000A2X2A25,WT,A,F,,,,,P1D,,,,"ESA 2010 Sectors: S.121, S.122, S.123, S.124, S.125, S.126, S.127, S.128, S.129",,3,,,,,A,Euro short-term rate,"Euro short-term rate, Volume-weighted trimmed mean rate - Unsecured - Overnight - Borrowing - Financial corporations",,PC,0,-0.5,True,-4.300000000000004,-3.625000000000003,0.5420066295172751,-1.2453722210024873,False,Normal transmission
2020-05-05,-0.539,EST.B.EU000A2X2A25.WT,B,EU000A2X2A25,WT,A,F,,,,,P1D,,,,"ESA 2010 Sectors: S.121, S.122, S.123, S.124, S.125, S.126, S.127, S.128, S.129",,3,,,,,A,Euro short-term rate,"Euro short-term rate, Volume-weighted trimmed mean rate - Unsecured - Overnight - Borrowing - Financial corporations",,PC,0,-0.5,True,-3.9000000000000035,-3.6316666666666695,0.5429023280969664,-0.4942571056453596,False,Normal transmission
2020-05-06,-0.542,EST.B.EU000A2X2A25.WT,B,EU000A2X2A25,WT,A,F,,,,,P1D,,,,"ESA 2010 Sectors: S.121, S.122, S.123, S.124, S.125, S.126, S.127, S.128, S.129",,3,,,,,A,Euro short-term rate,"Euro short-term rate, Volume-weighted trimmed mean rate - Unsecured - Overnight - Borrowing - Financial corporations",,PC,0,-0.5,True,-4.200000000000004,-3.6400000000000032,0.5477844435634954,-1.0222999330850642,False,Normal transmission
2020-05-07,-0.541,EST.B.EU000A2X2A25.WT,B,EU000A2X2A25,WT,A,F,,,,,P1D,,,,"ESA 2010 Sectors: S.121, S.122, S.123, S.124, S.125, S.126, S.127, S.128, S.129",,3,,,,,A,Euro short-term rate,"Euro short-term rate, Volume-weighted trimmed mean rate - Unsecured - Overnight - Borrowing - Financial corporations",,PC,0,-0.5,True,-4.100000000000003,-3.6466666666666696,0.550951924035908,-0.822818314187043,False,Normal transmission
2020-05-08,-0.541,EST.B.EU000A2X2A25.WT,B,EU000A2X2A25,WT,A,F,,,,,P1D,,,,"ESA 2010 Sectors: S.121, S.122, S.123, S.124, S.125, S.126, S.127, S.128, S.129",,3,,,,,A,Euro short-term rate,"Euro short-term rate, Volume-weighted trimmed mean rate - Unsecured - Overnight - Borrowing - Financial corporations",,PC,0,-0.5,True,-4.100000000000003,-3.6466666666666696,0.550951924035908,-0.822818314187043,False,Normal transmission
2020-05-11,-0.544,EST.B.EU000A2X2A25.WT,B,EU000A2X2A25,WT,A,F,,,,,P1D,,,,"ESA 2010 Sectors: S.121, S.122, S.123, S.124, S.125, S.126, S.127, S.128, S.129",,3,,,,,A,Euro short-term rate,"Euro short-term rate, Volume-weighted trimmed mean rate - Unsecured - Overnight - Borrowing - Financial corporations",,PC,0,-0.5,True,-4.400000000000004,-3.65166666666667,0.5564693990601769,-1.3447879337070408,False,Normal transmission
2020-05-12,-0.543,EST.B.EU000A2X2A25.WT,B,EU000A2X2A25,WT,A,F,,,,,P1D,,,,"ESA 2010 Sectors: S.121, S.122, S.123, S.124, S.125, S.126, S.127, S.128, S.129",,3,,,,,A,Euro short-term rate,"Euro short-term rate, Volume-weighted trimmed mean rate - Unsecured - Overnight - Borrowing - Financial corporations",,PC,0,-0.5,True,-4.300000000000004,-3.6566666666666703,0.5609817866666889,-1.146798966782811,False,Normal transmission
2020-05-13,-0.542,EST.B.EU000A2X2A25.WT,B,EU000A2X2A25,WT,A,F,,,,,P1D,,,,"ESA 2010 Sectors: S.121, S.122, S.123, S.124, S.125, S.126, S.127, S.128, S.129",,3,,,,,A,Euro short-term rate,"Euro short-term rate, Volume-weighted trimmed mean rate - Unsecured - Overnight - Borrowing - Financial corporations",,PC,0,-0.5,True,-4.200000000000004,-3.663333333333336,0.5650758661129281,-0.9497249818122949,False,Normal transmission
2020-05-14,-0.541,EST.B.EU000A2X2A25.WT,B,EU000A2X2A25,WT,A,F,,,,,P1D,,,,"ESA 2010 Sectors: S.121, S.122, S.123, S.124, S.125, S.126, S.127, S.128, S.129",,3,,,,,A,Euro short-term rate,"Euro short-term rate, Volume-weighted trimmed mean rate - Unsecured - Overnight - Borrowing - Financial corporations",,PC,0,-0.5,True,-4.100000000000003,-3.6633333333333367,0.5650758661129281,-0.7727575938969591,False,Normal transmission
2020-05-15,-0.543,EST.B.EU000A2X2A25.WT,B,EU000A2X2A25,WT,A,F,,,,,P1D,,,,"ESA 2010 Sectors: S.121, S.122, S.123, S.124, S.125, S.126, S.127, S.128, S.129",,3,,,,,A,Euro short-term rate,"Euro short-term rate, Volume-weighted trimmed mean rate - Unsecured - Overnight - Borrowing - Financial corporations",,PC,0,-0.5,True,-4.300000000000004,-3.6750000000000034,0.5709418326512654,-1.0946824426889639,False,Normal transmission
2020-05-18,-0.542,EST.B.EU000A2X2A25.WT,B,EU000A2X2A25,WT,A,F,,,,,P1D,,,,"ESA 2010 Sectors: S.121, S.122, S.123, S.124, S.125, S.126, S.127, S.128, S.129",,3,,,,,A,Euro short-term rate,"Euro short-term rate, Volume-weighted trimmed mean rate - Unsecured - Overnight - Borrowing - Financial corporations",,PC,0,-0.5,True,-4.200000000000004,-3.68166666666667,0.5747487783302281,-0.9018432972388496,False,Normal transmission
2020-05-19,-0.542,EST.B.EU000A2X2A25.WT,B,EU000A2X2A25,WT,A,F,,,,,P1D,,,,"ESA 2010 Sectors: S.121, S.122, S.123, S.124, S.125, S.126, S.127, S.128, S.129",,3,,,,,A,Euro short-term rate,"Euro short-term rate, Volume-weighted trimmed mean rate - Unsecured - Overnight - Borrowing - Financial corporations",,PC,0,-0.5,True,-4.200000000000004,-3.688333333333337,0.5784525431120237,-0.8845438969183974,False,Normal transmission
2020-05-20,-0.545,EST.B.EU000A2X2A25.WT,B,EU000A2X2A25,WT,A,F,,,,,P1D,,,,"ESA 2010 Sectors: S.121, S.122, S.123, S.124, S.125, S.126, S.127, S.128, S.129",,3,,,,,A,Euro short-term rate,"Euro short-term rate, Volume-weighted trimmed mean rate - Unsecured - Overnight - Borrowing - Financial corporations",,PC,0,-0.5,True,-4.5000000000000036,-3.698333333333337,0.5872924564291034,-1.36502122220506,False,Normal transmission
2020-05-21,-0.545,EST.B.EU000A2X2A25.WT,B,EU000A2X2A25,WT,A,F,,,,,P1D,,,,"ESA 2010 Sectors: S.121, S.122, S.123, S.124, S.125, S.126, S.127, S.128, S.129",,3,,,,,A,Euro short-term rate,"Euro short-term rate, Volume-weighted trimmed mean rate - Unsecured - Overnight - Borrowing - Financial corporations",,PC,0,-0.5,True,-4.5000000000000036,-3.70666666666667,0.5951403955332554,-1.3330187957120505,False,Normal transmission
2020-05-22,-0.539,EST.B.EU000A2X2A25.WT,B,EU000A2X2A25,WT,A,F,,,,,P1D,,,,"ESA 2010 Sectors: S.121, S.122, S.123, S.124, S.125, S.126, S.127, S.128, S.129",,3,,,,,A,Euro short-term rate,"Euro short-term rate, Volume-weighted trimmed mean rate - Unsecured - Overnight - Borrowing - Financial corporations",,PC,0,-0.5,True,-3.9000000000000035,-3.70666666666667,0.5951403955332554,-0.32485331996344086,False,Normal transmission
2020-05-25,-0.54,EST.B.EU000A2X2A25.WT,B,EU000A2X2A25,WT,A,F,,,,,P1D,,,,"ESA 2010 Sectors: S.121, S.122, S.123, S.124, S.125, S.126, S.127, S.128, S.129",,3,,,,,A,Euro short-term rate,"Euro short-term rate, Volume-weighted trimmed mean rate - Unsecured - Overnight - Borrowing - Financial corporations",,PC,0,-0.5,True,-4.0000000000000036,-3.7083333333333366,0.5958306171167983,-0.4895127210448346,False,Normal transmission
2020-05-26,-0.541,EST.B.EU000A2X2A25.WT,B,EU000A2X2A25,WT,A,F,,,,,P1D,,,,"ESA 2010 Sectors: S.121, S.122, S.123, S.124, S.125, S.126, S.127, S.128, S.129",,3,,,,,A,Euro short-term rate,"Euro short-term rate, Volume-weighted trimmed mean rate - Unsecured - Overnight - Borrowing - Financial corporations",,PC,0,-0.5,True,-4.100000000000003,-3.7133333333333365,0.5978681524246088,-0.6467423713716302,False,Normal transmission
2020-05-27,-0.541,EST.B.EU000A2X2A25.WT,B,EU000A2X2A25,WT,A,F,,,,,P1D,,,,"ESA 2010 Sectors: S.121, S.122, S.123, S.124, S.125, S.126, S.127, S.128, S.129",,3,,,,,A,Euro short-term rate,"Euro short-term rate, Volume-weighted trimmed mean rate - Unsecured - Overnight - Borrowing - Financial corporations",,PC,0,-0.5,True,-4.100000000000003,-3.7150000000000034,0.5988194600734943,-0.6429316775255567,False,Normal transmission
2020-05-28,-0.541,EST.B.EU000A2X2A25.WT,B,EU000A2X2A25,WT,A,F,,,,,P1D,,,,"ESA 2010 Sectors: S.121, S.122, S.123, S.124, S.125, S.126, S.127, S.128, S.129",,3,,,,,A,Euro short-term rate,"Euro short-term rate, Volume-weighted trimmed mean rate - Unsecured - Overnight - Borrowing - Financial corporations",,PC,0,-0.5,True,-4.100000000000003,-3.713333333333337,0.5975845920309256,-0.6470492576666967,False,Normal transmission
2020-05-29,-0.54,EST.B.EU000A2X2A25.WT,B,EU000A2X2A25,WT,A,F,,,,,P1D,,,,"ESA 2010 Sectors: S.121, S.122, S.123, S.124, S.125, S.126, S.127, S.128, S.129",,3,,,,,A,Euro short-term rate,"Euro short-term rate, Volume-weighted trimmed mean rate - Unsecured - Overnight - Borrowing - Financial corporations",,PC,0,-0.5,True,-4.0000000000000036,-3.710000000000003,0.5953776753214599,-0.48708578104380873,False,Normal transmission
2020-06-01,-0.546,EST.B.EU000A2X2A25.WT,B,EU000A2X2A25,WT,A,F,,,,,P1D,,,,"ESA 2010 Sectors: S.121, S.122, S.123, S.124, S.125, S.126, S.127, S.128, S.129",,3,,,,,A,Euro short-term rate,"Euro short-term rate, Volume-weighted trimmed mean rate - Unsecured - Overnight - Borrowing - Financial corporations",,PC,0,-0.5,True,-4.600000000000004,-3.7183333333333364,0.6043603332692988,-1.4588427104361317,False,Normal transmission
2020-06-02,-0.542,EST.B.EU000A2X2A25.WT,B,EU000A2X2A25,WT,A,F,,,,,P1D,,,,"ESA 2010 Sectors: S.121, S.122, S.123, S.124, S.125, S.126, S.127, S.128, S.129",,3,,,,,A,Euro short-term rate,"Euro short-term rate, Volume-weighted trimmed mean rate - Unsecured - Overnight - Borrowing - Financial corporations",,PC,0,-0.5,True,-4.200000000000004,-3.7216666666666702,0.6064879913203712,-0.7886938244102161,False,Normal transmission
2020-06-03,-0.543,EST.B.EU000A2X2A25.WT,B,EU000A2X2A25,WT,A,F,,,,,P1D,,,,"ESA 2010 Sectors: S.121, S.122, S.123, S.124, S.125, S.126, S.127, S.128, S.129",,3,,,,,A,Euro short-term rate,"Euro short-term rate, Volume-weighted trimmed mean rate - Unsecured - Overnight - Borrowing - Financial corporations",,PC,0,-0.5,True,-4.300000000000004,-3.725000000000003,0.6091463880167868,-0.9439438718040224,False,Normal transmission
2020-06-04,-0.545,EST.B.EU000A2X2A25.WT,B,EU000A2X2A25,WT,A,F,,,,,P1D,,,,"ESA 2010 Sectors: S.121, S.122, S.123, S.124, S.125, S.126, S.127, S.128, S.129",,3,,,,,A,Euro short-term rate,"Euro short-term rate, Volume-weighted trimmed mean rate - Unsecured - Overnight - Borrowing - Financial corporations",,PC,0,-0.5,True,-4.5000000000000036,-3.7350000000000034,0.616942982833743,-1.239984927758156,False,Normal transmission
2020-06-05,-0.544,EST.B.EU000A2X2A25.WT,B,EU000A2X2A25,WT,A,F,,,,,P1D,,,,"ESA 2010 Sectors: S.121, S.122, S.123, S.124, S.125, S.126, S.127, S.128, S.129",,3,,,,,A,Euro short-term rate,"Euro short-term rate, Volume-weighted trimmed mean rate - Unsecured - Overnight - Borrowing - Financial corporations",,PC,0,-0.5,True,-4.400000000000004,-3.7400000000000033,0.6211525645721636,-1.0625408919539667,False,Normal transmission
2020-06-08,-0.547,EST.B.EU000A2X2A25.WT,B,EU000A2X2A25,WT,A,F,,,,,P1D,,,,"ESA 2010 Sectors: S.121, S.122, S.123, S.124, S.125, S.126, S.127, S.128, S.129",,3,,,,,A,Euro short-term rate,"Euro short-term rate, Volume-weighted trimmed mean rate - Unsecured - Overnight - Borrowing - Financial corporations",,PC,0,-0.5,True,-4.700000000000005,-3.7466666666666697,0.6293571287275816,-1.5147732341743076,False,Normal transmission
2020-06-09,-0.542,EST.B.EU000A2X2A25.WT,B,EU000A2X2A25,WT,A,F,,,,,P1D,,,,"ESA 2010 Sectors: S.121, S.122, S.123, S.124, S.125, S.126, S.127, S.128, S.129",,3,,,,,A,Euro short-term rate,"Euro short-term rate, Volume-weighted trimmed mean rate - Unsecured - Overnight - Borrowing - Financial corporations",,PC,0,-0.5,True,-4.200000000000004,-3.750000000000003,0.6312484267474939,-0.7128730638088472,False,Normal transmission
2020-06-10,-0.548,EST.B.EU000A2X2A25.WT,B,EU000A2X2A25,WT,A,F,,,,,P1D,,,,"ESA 2010 Sectors: S.121, S.122, S.123, S.124, S.125, S.126, S.127, S.128, S.129",,3,,,,,A,Euro short-term rate,"Euro short-term rate, Volume-weighted trimmed mean rate - Unsecured - Overnight - Borrowing - Financial corporations",,PC,0,-0.5,True,-4.800000000000004,-3.76166666666667,0.6441632771926817,-1.6119101633028186,False,Normal transmission
2020-06-11,-0.547,EST.B.EU000A2X2A25.WT,B,EU000A2X2A25,WT,A,F,,,,,P1D,,,,"ESA 2010 Sectors: S.121, S.122, S.123, S.124, S.125, S.126, S.127, S.128, S.129",,3,,,,,A,Euro short-term rate,"Euro short-term rate, Volume-weighted trimmed mean rate - Unsecured - Overnight - Borrowing - Financial corporations",,PC,0,-0.5,True,-4.700000000000005,-3.7800000000000034,0.6550456058647459,-1.4044823623928915,False,Normal transmission
2020-06-12,-0.546,EST.B.EU000A2X2A25.WT,B,EU000A2X2A25,WT,A,F,,,,,P1D,,,,"ESA 2010 Sectors: S.121, S.122, S.123, S.124, S.125, S.126, S.127, S.128, S.129",,3,,,,,A,Euro short-term rate,"Euro short-term rate, Volume-weighted trimmed mean rate - Unsecured - Overnight - Borrowing - Financial corporations",,PC,0,-0.5,True,-4.600000000000004,-3.805000000000003,0.6572735158031788,-1.2095421173763903,False,Normal transmission
2020-06-15,-0.547,EST.B.EU000A2X2A25.WT,B,EU000A2X2A25,WT,A,F,,,,,P1D,,,,"ESA 2010 Sectors: S.121, S.122, S.123, S.124, S.125, S.126, S.127, S.128, S.129",,3,,,,,A,Euro short-term rate,"Euro short-term rate, Volume-weighted trimmed mean rate - Unsecured - Overnight - Borrowing - Financial corporations",,PC,0,-0.5,True,-4.700000000000005,-3.835000000000003,0.6563445250729384,-1.3179054093638942,False,Normal transmission
2020-06-16,-0.546,EST.B.EU000A2X2A25.WT,B,EU000A2X2A25,WT,A,F,,,,,P1D,,,,"ESA 2010 Sectors: S.121, S.122, S.123, S.124, S.125, S.126, S.127, S.128, S.129",,3,,,,,A,Euro short-term rate,"Euro short-term rate, Volume-weighted trimmed mean rate - Unsecured - Overnight - Borrowing - Financial corporations",,PC,0,-0.5,True,-4.600000000000004,-3.8683333333333367,0.6432153517295478,-1.1375143094754843,False,Normal transmission
2020-06-17,-0.544,EST.B.EU000A2X2A25.WT,B,EU000A2X2A25,WT,A,F,,,,,P1D,,,,"ESA 2010 Sectors: S.121, S.122, S.123, S.124, S.125, S.126, S.127, S.128, S.129",,3,,,,,A,Euro short-term rate,"Euro short-term rate, Volume-weighted trimmed mean rate - Unsecured - Overnight - Borrowing - Financial corporations",,PC,0,-0.5,True,-4.400000000000004,-3.90166666666667,0.6171261076703551,-0.8075064839089976,False,Normal transmission
2020-06-18,-0.544,EST.B.EU000A2X2A25.WT,B,EU000A2X2A25,WT,A,F,,,,,P1D,,,,"ESA 2010 Sectors: S.121, S.122, S.123, S.124, S.125, S.126, S.127, S.128, S.129",,3,,,,,A,Euro short-term rate,"Euro short-term rate, Volume-weighted trimmed mean rate - Unsecured - Overnight - Borrowing - Financial corporations",,PC,0,-0.5,True,-4.400000000000004,-3.9333333333333367,0.5922283877667783,-0.7879842917128826,False,Normal transmission
2020-06-19,-0.546,EST.B.EU000A2X2A25.WT,B,EU000A2X2A25,WT,A,F,,,,,P1D,,,,"ESA 2010 Sectors: S.121, S.122, S.123, S.124, S.125, S.126, S.127, S.128, S.129",,3,,,,,A,Euro short-term rate,"Euro short-term rate, Volume-weighted trimmed mean rate - Unsecured - Overnight - Borrowing - Financial corporations",,PC,0,-0.5,True,-4.600000000000004,-3.9650000000000034,0.5757309282077149,-1.1029457840258712,False,Normal transmission
2020-06-22,-0.545,EST.B.EU000A2X2A25.WT,B,EU000A2X2A25,WT,A,F,,,,,P1D,,,,"ESA 2010 Sectors: S.121, S.122, S.123, S.124, S.125, S.126, S.127, S.128, S.129",,3,,,,,A,Euro short-term rate,"Euro short-term rate, Volume-weighted trimmed mean rate - Unsecured - Overnight - Borrowing - Financial corporations",,PC,0,-0.5,True,-4.5000000000000036,-3.9950000000000037,0.5552293769397932,-0.9095340069780926,False,Normal transmission
2020-06-23,-0.544,EST.B.EU000A2X2A25.WT,B,EU000A2X2A25,WT,A,F,,,,,P1D,,,,"ESA 2010 Sectors: S.121, S.122, S.123, S.124, S.125, S.126, S.127, S.128, S.129",,3,,,,,A,Euro short-term rate,"Euro short-term rate, Volume-weighted trimmed mean rate - Unsecured - Overnight - Borrowing - Financial corporations",,PC,0,-0.5,True,-4.400000000000004,-4.020000000000004,0.538610893795564,-0.7055185930647613,False,Normal transmission
2020-06-24,-0.546,EST.B.EU000A2X2A25.WT,B,EU000A2X2A25,WT,A,F,,,,,P1D,,,,"ESA 2010 Sectors: S.121, S.122, S.123, S.124, S.125, S.126, S.127, S.128, S.129",,3,,,,,A,Euro short-term rate,"Euro short-term rate, Volume-weighted trimmed mean rate - Unsecured - Overnight - Borrowing - Financial corporations",,PC,0,-0.5,True,-4.600000000000004,-4.04666666666667,0.5267317416708606,-1.0505031110866596,False,Normal transmission
2020-06-25,-0.547,EST.B.EU000A2X2A25.WT,B,EU000A2X2A25,WT,A,F,,,,,P1D,,,,"ESA 2010 Sectors: S.121, S.122, S.123, S.124, S.125, S.126, S.127, S.128, S.129",,3,,,,,A,Euro short-term rate,"Euro short-term rate, Volume-weighted trimmed mean rate - Unsecured - Overnight - Borrowing - Financial corporations",,PC,0,-0.5,True,-4.700000000000005,-4.078333333333337,0.5072664083492526,-1.225523031753072,False,Normal transmission
2020-06-26,-0.547,EST.B.EU000A2X2A25.WT,B,EU000A2X2A25,WT,A,F,,,,,P1D,,,,"ESA 2010 Sectors: S.121, S.122, S.123, S.124, S.125, S.126, S.127, S.128, S.129",,3,,,,,A,Euro short-term rate,"Euro short-term rate, Volume-weighted trimmed mean rate - Unsecured - Overnight - Borrowing - Financial corporations",,PC,0,-0.5,True,-4.700000000000005,-4.120000000000004,0.44978337535503216,-1.2895096434860083,False,Normal transmission
2020-06-29,-0.545,EST.B.EU000A2X2A25.WT,B,EU000A2X2A25,WT,A,F,,,,,P1D,,,,"ESA 2010 Sectors: S.121, S.122, S.123, S.124, S.125, S.126, S.127, S.128, S.129",,3,,,,,A,Euro short-term rate,"Euro short-term rate, Volume-weighted trimmed mean rate - Unsecured - Overnight - Borrowing - Financial corporations",,PC,0,-0.5,True,-4.5000000000000036,-4.150000000000004,0.4118992801027404,-0.8497222911210207,False,Normal transmission
2020-06-30,-0.555,EST.B.EU000A2X2A25.WT,B,EU000A2X2A25,WT,A,F,,,,,P1D,,,,"ESA 2010 Sectors: S.121, S.122, S.123, S.124, S.125, S.126, S.127, S.128, S.129",,3,,,,,A,Euro short-term rate,"Euro short-term rate, Volume-weighted trimmed mean rate - Unsecured - Overnight - Borrowing - Financial corporations",,PC,0,-0.5,True,-5.500000000000005,-4.185000000000004,0.435627348132187,-3.018635091755022,True,Unusually below policy rate
2020-07-01,-0.548,EST.B.EU000A2X2A25.WT,B,EU000A2X2A25,WT,A,F,,,,,P1D,,,,"ESA 2010 Sectors: S.121, S.122, S.123, S.124, S.125, S.126, S.127, S.128, S.129",,3,,,,,A,Euro short-term rate,"Euro short-term rate, Volume-weighted trimmed mean rate - Unsecured - Overnight - Borrowing - Financial corporations",,PC,0,-0.5,True,-4.800000000000004,-4.200000000000004,0.4411080039927235,-1.3602110924514037,False,Normal transmission
2020-07-02,-0.548,EST.B.EU000A2X2A25.WT,B,EU000A2X2A25,WT,A,F,,,,,P1D,,,,"ESA 2010 Sectors: S.121, S.122, S.123, S.124, S.125, S.126, S.127, S.128, S.129",,3,,,,,A,Euro short-term rate,"Euro short-term rate, Volume-weighted trimmed mean rate - Unsecured - Overnight - Borrowing - Financial corporations",,PC,0,-0.5,True,-4.800000000000004,-4.225000000000004,0.4316405441128509,-1.3321269464660586,False,Normal transmission
2020-07-03,-0.549,EST.B.EU000A2X2A25.WT,B,EU000A2X2A25,WT,A,F,,,,,P1D,,,,"ESA 2010 Sectors: S.121, S.122, S.123, S.124, S.125, S.126, S.127, S.128, S.129",,3,,,,,A,Euro short-term rate,"Euro short-term rate, Volume-weighted trimmed mean rate - Unsecured - Overnight - Borrowing - Financial corporations",,PC,0,-0.5,True,-4.900000000000004,-4.2516666666666705,0.4228601831140893,-1.5332096972544955,False,Normal transmission
2020-07-06,-0.55,EST.B.EU000A2X2A25.WT,B,EU000A2X2A25,WT,A,F,,,,,P1D,,,,"ESA 2010 Sectors: S.121, S.122, S.123, S.124, S.125, S.126, S.127, S.128, S.129",,3,,,,,A,Euro short-term rate,"Euro short-term rate, Volume-weighted trimmed mean rate - Unsecured - Overnight - Borrowing - Financial corporations",,PC,0,-0.5,True,-5.000000000000004,-4.27666666666667,0.4220075775151798,-1.714029254148442,False,Normal transmission
2020-07-07,-0.55,EST.B.EU000A2X2A25.WT,B,EU000A2X2A25,WT,A,F,,,,,P1D,,,,"ESA 2010 Sectors: S.121, S.122, S.123, S.124, S.125, S.126, S.127, S.128, S.129",,3,,,,,A,Euro short-term rate,"Euro short-term rate, Volume-weighted trimmed mean rate - Unsecured - Overnight - Borrowing - Financial corporations",,PC,0,-0.5,True,-5.000000000000004,-4.300000000000003,0.42266306651588914,-1.6561655262908712,False,Normal transmission
2020-07-08,-0.549,EST.B.EU000A2X2A25.WT,B,EU000A2X2A25,WT,A,F,,,,,P1D,,,,"ESA 2010 Sectors: S.121, S.122, S.123, S.124, S.125, S.126, S.127, S.128, S.129",,3,,,,,A,Euro short-term rate,"Euro short-term rate, Volume-weighted trimmed mean rate - Unsecured - Overnight - Borrowing - Financial corporations",,PC,0,-0.5,True,-4.900000000000004,-4.325000000000004,0.4127727654923571,-1.393018261062204,False,Normal transmission
2020-07-09,-0.549,EST.B.EU000A2X2A25.WT,B,EU000A2X2A25,WT,A,F,,,,,P1D,,,,"ESA 2010 Sectors: S.121, S.122, S.123, S.124, S.125, S.126, S.127, S.128, S.129",,3,,,,,A,Euro short-term rate,"Euro short-term rate, Volume-weighted trimmed mean rate - Unsecured - Overnight - Borrowing - Financial corporations",,PC,0,-0.5,True,-4.900000000000004,-4.348333333333337,0.40484006746614637,-1.362678032635192,False,Normal transmission
2020-07-10,-0.549,EST.B.EU000A2X2A25.WT,B,EU000A2X2A25,WT,A,F,,,,,P1D,,,,"ESA 2010 Sectors: S.121, S.122, S.123, S.124, S.125, S.126, S.127, S.128, S.129",,3,,,,,A,Euro short-term rate,"Euro short-term rate, Volume-weighted trimmed mean rate - Unsecured - Overnight - Borrowing - Financial corporations",,PC,0,-0.5,True,-4.900000000000004,-4.373333333333337,0.3913759589486091,-1.3456796582025699,False,Normal transmission
2020-07-13,-0.552,EST.B.EU000A2X2A25.WT,B,EU000A2X2A25,WT,A,F,,,,,P1D,,,,"ESA 2010 Sectors: S.121, S.122, S.123, S.124, S.125, S.126, S.127, S.128, S.129",,3,,,,,A,Euro short-term rate,"Euro short-term rate, Volume-weighted trimmed mean rate - Unsecured - Overnight - Borrowing - Financial corporations",,PC,0,-0.5,True,-5.200000000000005,-4.396666666666671,0.39828729374860516,-2.0169695241153973,True,Unusually below policy rate
2020-07-14,-0.551,EST.B.EU000A2X2A25.WT,B,EU000A2X2A25,WT,A,F,,,,,P1D,,,,"ESA 2010 Sectors: S.121, S.122, S.123, S.124, S.125, S.126, S.127, S.128, S.129",,3,,,,,A,Euro short-term rate,"Euro short-term rate, Volume-weighted trimmed mean rate - Unsecured - Overnight - Borrowing - Financial corporations",,PC,0,-0.5,True,-5.100000000000005,-4.4133333333333375,0.40650084606690956,-1.6892133763324146,False,Normal transmission
2020-07-15,-0.551,EST.B.EU000A2X2A25.WT,B,EU000A2X2A25,WT,A,F,,,,,P1D,,,,"ESA 2010 Sectors: S.121, S.122, S.123, S.124, S.125, S.126, S.127, S.128, S.129",,3,,,,,A,Euro short-term rate,"Euro short-term rate, Volume-weighted trimmed mean rate - Unsecured - Overnight - Borrowing - Financial corporations",,PC,0,-0.5,True,-5.100000000000005,-4.430000000000004,0.41386970847505433,-1.6188669677437495,False,Normal transmission
2020-07-16,-0.541,EST.B.EU000A2X2A25.WT,B,EU000A2X2A25,WT,A,F,,,,,P1D,,,,"ESA 2010 Sectors: S.121, S.122, S.123, S.124, S.125, S.126, S.127, S.128, S.129",,3,,,,,A,Euro short-term rate,"Euro short-term rate, Volume-weighted trimmed mean rate - Unsecured - Overnight - Borrowing - Financial corporations",,PC,0,-0.5,True,-4.100000000000003,-4.433333333333337,0.41031887833843345,0.8123763027505613,False,Normal transmission
2020-07-17,-0.551,EST.B.EU000A2X2A25.WT,B,EU000A2X2A25,WT,A,F,,,,,P1D,,,,"ESA 2010 Sectors: S.121, S.122, S.123, S.124, S.125, S.126, S.127, S.128, S.129",,3,,,,,A,Euro short-term rate,"Euro short-term rate, Volume-weighted trimmed mean rate - Unsecured - Overnight - Borrowing - Financial corporations",,PC,0,-0.5,True,-5.100000000000005,-4.453333333333337,0.4131182235954656,-1.5653307690921388,False,Normal transmission
2020-07-20,-0.551,EST.B.EU000A2X2A25.WT,B,EU000A2X2A25,WT,A,F,,,,,P1D,,,,"ESA 2010 Sectors: S.121, S.122, S.123, S.124, S.125, S.126, S.127, S.128, S.129",,3,,,,,A,Euro short-term rate,"Euro short-term rate, Volume-weighted trimmed mean rate - Unsecured - Overnight - Borrowing - Financial corporations",,PC,0,-0.5,True,-5.100000000000005,-4.473333333333338,0.4149195007352657,-1.51033312619959,False,Normal transmission
2020-07-21,-0.549,EST.B.EU000A2X2A25.WT,B,EU000A2X2A25,WT,A,F,,,,,P1D,,,,"ESA 2010 Sectors: S.121, S.122, S.123, S.124, S.125, S.126, S.127, S.128, S.129",,3,,,,,A,Euro short-term rate,"Euro short-term rate, Volume-weighted trimmed mean rate - Unsecured - Overnight - Borrowing - Financial corporations",,PC,0,-0.5,True,-4.900000000000004,-4.490000000000004,0.41156995821911174,-0.9961854401961093,False,Normal transmission
2020-07-22,-0.55,EST.B.EU000A2X2A25.WT,B,EU000A2X2A25,WT,A,F,,,,,P1D,,,,"ESA 2010 Sectors: S.121, S.122, S.123, S.124, S.125, S.126, S.127, S.128, S.129",,3,,,,,A,Euro short-term rate,"Euro short-term rate, Volume-weighted trimmed mean rate - Unsecured - Overnight - Borrowing - Financial corporations",,PC,0,-0.5,True,-5.000000000000004,-4.505000000000004,0.4135112155960656,-1.1970654756884178,False,Normal transmission
2020-07-23,-0.55,EST.B.EU000A2X2A25.WT,B,EU000A2X2A25,WT,A,F,,,,,P1D,,,,"ESA 2010 Sectors: S.121, S.122, S.123, S.124, S.125, S.126, S.127, S.128, S.129",,3,,,,,A,Euro short-term rate,"Euro short-term rate, Volume-weighted trimmed mean rate - Unsecured - Overnight - Borrowing - Financial corporations",,PC,0,-0.5,True,-5.000000000000004,-4.51666666666667,0.4174850719615512,-1.1577260261364446,False,Normal transmission
2020-07-24,-0.551,EST.B.EU000A2X2A25.WT,B,EU000A2X2A25,WT,A,F,,,,,P1D,,,,"ESA 2010 Sectors: S.121, S.122, S.123, S.124, S.125, S.126, S.127, S.128, S.129",,3,,,,,A,Euro short-term rate,"Euro short-term rate, Volume-weighted trimmed mean rate - Unsecured - Overnight - Borrowing - Financial corporations",,PC,0,-0.5,True,-5.100000000000005,-4.550000000000003,0.3806773623914293,-1.444793030362723,False,Normal transmission
2020-07-27,-0.552,EST.B.EU000A2X2A25.WT,B,EU000A2X2A25,WT,A,F,,,,,P1D,,,,"ESA 2010 Sectors: S.121, S.122, S.123, S.124, S.125, S.126, S.127, S.128, S.129",,3,,,,,A,Euro short-term rate,"Euro short-term rate, Volume-weighted trimmed mean rate - Unsecured - Overnight - Borrowing - Financial corporations",,PC,0,-0.5,True,-5.200000000000005,-4.565000000000003,0.3883144802775554,-1.635272523306684,False,Normal transmission
2020-07-28,-0.551,EST.B.EU000A2X2A25.WT,B,EU000A2X2A25,WT,A,F,,,,,P1D,,,,"ESA 2010 Sectors: S.121, S.122, S.123, S.124, S.125, S.126, S.127, S.128, S.129",,3,,,,,A,Euro short-term rate,"Euro short-term rate, Volume-weighted trimmed mean rate - Unsecured - Overnight - Borrowing - Financial corporations",,PC,0,-0.5,True,-5.100000000000005,-4.585000000000004,0.384366086089292,-1.3398684708108224,False,Normal transmission
2020-07-29,-0.553,EST.B.EU000A2X2A25.WT,B,EU000A2X2A25,WT,A,F,,,,,P1D,,,,"ESA 2010 Sectors: S.121, S.122, S.123, S.124, S.125, S.126, S.127, S.128, S.129",,3,,,,,A,Euro short-term rate,"Euro short-term rate, Volume-weighted trimmed mean rate - Unsecured - Overnight - Borrowing - Financial corporations",,PC,0,-0.5,True,-5.300000000000004,-4.603333333333338,0.39185204171839916,-1.7778819362827754,False,Normal transmission
2020-07-30,-0.552,EST.B.EU000A2X2A25.WT,B,EU000A2X2A25,WT,A,F,,,,,P1D,,,,"ESA 2010 Sectors: S.121, S.122, S.123, S.124, S.125, S.126, S.127, S.128, S.129",,3,,,,,A,Euro short-term rate,"Euro short-term rate, Volume-weighted trimmed mean rate - Unsecured - Overnight - Borrowing - Financial corporations",,PC,0,-0.5,True,-5.200000000000005,-4.621666666666671,0.3936322238887766,-1.4692225337139724,False,Normal transmission
2020-07-31,-0.55,EST.B.EU000A2X2A25.WT,B,EU000A2X2A25,WT,A,F,,,,,P1D,,,,"ESA 2010 Sectors: S.121, S.122, S.123, S.124, S.125, S.126, S.127, S.128, S.129",,3,,,,,A,Euro short-term rate,"Euro short-term rate, Volume-weighted trimmed mean rate - Unsecured - Overnight - Borrowing - Financial corporations",,PC,0,-0.5,True,-5.000000000000004,-4.63666666666667,0.39055226724004044,-0.9303065525670677,False,Normal transmission
2020-08-03,-0.552,EST.B.EU000A2X2A25.WT,B,EU000A2X2A25,WT,A,F,,,,,P1D,,,,"ESA 2010 Sectors: S.121, S.122, S.123, S.124, S.125, S.126, S.127, S.128, S.129",,3,,,,,A,Euro short-term rate,"Euro short-term rate, Volume-weighted trimmed mean rate - Unsecured - Overnight - Borrowing - Financial corporations",,PC,0,-0.5,True,-5.200000000000005,-4.650000000000004,0.39595411478725356,-1.38904984052386,False,Normal transmission
2020-08-04,-0.551,EST.B.EU000A2X2A25.WT,B,EU000A2X2A25,WT,A,F,,,,,P1D,,,,"ESA 2010 Sectors: S.121, S.122, S.123, S.124, S.125, S.126, S.127, S.128, S.129",,3,,,,,A,Euro short-term rate,"Euro short-term rate, Volume-weighted trimmed mean rate - Unsecured - Overnight - Borrowing - Financial corporations",,PC,0,-0.5,True,-5.100000000000005,-4.6633333333333375,0.39743528059282246,-1.0987113826817958,False,Normal transmission
2020-08-05,-0.552,EST.B.EU000A2X2A25.WT,B,EU000A2X2A25,WT,A,F,,,,,P1D,,,,"ESA 2010 Sectors: S.121, S.122, S.123, S.124, S.125, S.126, S.127, S.128, S.129",,3,,,,,A,Euro short-term rate,"Euro short-term rate, Volume-weighted trimmed mean rate - Unsecured - Overnight - Borrowing - Financial corporations",,PC,0,-0.5,True,-5.200000000000005,-4.680000000000004,0.3986417617828027,-1.3044293143660122,False,Normal transmission
2020-08-06,-0.553,EST.B.EU000A2X2A25.WT,B,EU000A2X2A25,WT,A,F,,,,,P1D,,,,"ESA 2010 Sectors: S.121, S.122, S.123, S.124, S.125, S.126, S.127, S.128, S.129",,3,,,,,A,Euro short-term rate,"Euro short-term rate, Volume-weighted trimmed mean rate - Unsecured - Overnight - Borrowing - Financial corporations",,PC,0,-0.5,True,-5.300000000000004,-4.700000000000004,0.39915164273533177,-1.5031881013648907,False,Normal transmission
2020-08-07,-0.553,EST.B.EU000A2X2A25.WT,B,EU000A2X2A25,WT,A,F,,,,,P1D,,,,"ESA 2010 Sectors: S.121, S.122, S.123, S.124, S.125, S.126, S.127, S.128, S.129",,3,,,,,A,Euro short-term rate,"Euro short-term rate, Volume-weighted trimmed mean rate - Unsecured - Overnight - Borrowing - Financial corporations",,PC,0,-0.5,True,-5.300000000000004,-4.71666666666667,0.40302528274424965,-1.4473864502031837,False,Normal transmission
2020-08-10,-0.554,EST.B.EU000A2X2A25.WT,B,EU000A2X2A25,WT,A,F,,,,,P1D,,,,"ESA 2010 Sectors: S.121, S.122, S.123, S.124, S.125, S.126, S.127, S.128, S.129",,3,,,,,A,Euro short-term rate,"Euro short-term rate, Volume-weighted trimmed mean rate - Unsecured - Overnight - Borrowing - Financial corporations",,PC,0,-0.5,True,-5.400000000000005,-4.736666666666671,0.4067092688623412,-1.6309766806860069,False,Normal transmission
2020-08-11,-0.552,EST.B.EU000A2X2A25.WT,B,EU000A2X2A25,WT,A,F,,,,,P1D,,,,"ESA 2010 Sectors: S.121, S.122, S.123, S.124, S.125, S.126, S.127, S.128, S.129",,3,,,,,A,Euro short-term rate,"Euro short-term rate, Volume-weighted trimmed mean rate - Unsecured - Overnight - Borrowing - Financial corporations",,PC,0,-0.5,True,-5.200000000000005,-4.753333333333338,0.4048296007578086,-1.103344878513187,False,Normal transmission
2020-08-12,-0.552,EST.B.EU000A2X2A25.WT,B,EU000A2X2A25,WT,A,F,,,,,P1D,,,,"ESA 2010 Sectors: S.121, S.122, S.123, S.124, S.125, S.126, S.127, S.128, S.129",,3,,,,,A,Euro short-term rate,"Euro short-term rate, Volume-weighted trimmed mean rate - Unsecured - Overnight - Borrowing - Financial corporations",,PC,0,-0.5,True,-5.200000000000005,-4.765000000000004,0.40748297250482163,-1.0675292695693028,False,Normal transmission
2020-08-13,-0.552,EST.B.EU000A2X2A25.WT,B,EU000A2X2A25,WT,A,F,,,,,P1D,,,,"ESA 2010 Sectors: S.121, S.122, S.123, S.124, S.125, S.126, S.127, S.128, S.129",,3,,,,,A,Euro short-term rate,"Euro short-term rate, Volume-weighted trimmed mean rate - Unsecured - Overnight - Borrowing - Financial corporations",,PC,0,-0.5,True,-5.200000000000005,-4.776666666666671,0.40978153198358225,-1.033070795758298,False,Normal transmission
2020-08-14,-0.549,EST.B.EU000A2X2A25.WT,B,EU000A2X2A25,WT,A,F,,,,,P1D,,,,"ESA 2010 Sectors: S.121, S.122, S.123, S.124, S.125, S.126, S.127, S.128, S.129",,3,,,,,A,Euro short-term rate,"Euro short-term rate, Volume-weighted trimmed mean rate - Unsecured - Overnight - Borrowing - Financial corporations",,PC,0,-0.5,True,-4.900000000000004,-4.793333333333337,0.393535330684787,-0.2710472436643918,False,Normal transmission
2020-08-17,-0.553,EST.B.EU000A2X2A25.WT,B,EU000A2X2A25,WT,A,F,,,,,P1D,,,,"ESA 2010 Sectors: S.121, S.122, S.123, S.124, S.125, S.126, S.127, S.128, S.129",,3,,,,,A,Euro short-term rate,"Euro short-term rate, Volume-weighted trimmed mean rate - Unsecured - Overnight - Borrowing - Financial corporations",,PC,0,-0.5,True,-5.300000000000004,-4.815000000000004,0.38480679721965727,-1.2603727468024695,False,Normal transmission
2020-08-18,-0.554,EST.B.EU000A2X2A25.WT,B,EU000A2X2A25,WT,A,F,,,,,P1D,,,,"ESA 2010 Sectors: S.121, S.122, S.123, S.124, S.125, S.126, S.127, S.128, S.129",,3,,,,,A,Euro short-term rate,"Euro short-term rate, Volume-weighted trimmed mean rate - Unsecured - Overnight - Borrowing - Financial corporations",,PC,0,-0.5,True,-5.400000000000005,-4.8366666666666704,0.38043982872045107,-1.4807422640999932,False,Normal transmission
2020-08-19,-0.553,EST.B.EU000A2X2A25.WT,B,EU000A2X2A25,WT,A,F,,,,,P1D,,,,"ESA 2010 Sectors: S.121, S.122, S.123, S.124, S.125, S.126, S.127, S.128, S.129",,3,,,,,A,Euro short-term rate,"Euro short-term rate, Volume-weighted trimmed mean rate - Unsecured - Overnight - Borrowing - Financial corporations",,PC,0,-0.5,True,-5.300000000000004,-4.856666666666671,0.3725162568022113,-1.1901046605027028,False,Normal transmission
2020-08-20,-0.553,EST.B.EU000A2X2A25.WT,B,EU000A2X2A25,WT,A,F,,,,,P1D,,,,"ESA 2010 Sectors: S.121, S.122, S.123, S.124, S.125, S.126, S.127, S.128, S.129",,3,,,,,A,Euro short-term rate,"Euro short-term rate, Volume-weighted trimmed mean rate - Unsecured - Overnight - Borrowing - Financial corporations",,PC,0,-0.5,True,-5.300000000000004,-4.8766666666666705,0.36330249182324914,-1.1652365256533674,False,Normal transmission
2020-08-21,-0.554,EST.B.EU000A2X2A25.WT,B,EU000A2X2A25,WT,A,F,,,,,P1D,,,,"ESA 2010 Sectors: S.121, S.122, S.123, S.124, S.125, S.126, S.127, S.128, S.129",,3,,,,,A,Euro short-term rate,"Euro short-term rate, Volume-weighted trimmed mean rate - Unsecured - Overnight - Borrowing - Financial corporations",,PC,0,-0.5,True,-5.400000000000005,-4.900000000000005,0.3507860422788193,-1.4253702819868164,False,Normal transmission
2020-08-24,-0.552,EST.B.EU000A2X2A25.WT,B,EU000A2X2A25,WT,A,F,,,,,P1D,,,,"ESA 2010 Sectors: S.121, S.122, S.123, S.124, S.125, S.126, S.127, S.128, S.129",,3,,,,,A,Euro short-term rate,"Euro short-term rate, Volume-weighted trimmed mean rate - Unsecured - Overnight - Borrowing - Financial corporations",,PC,0,-0.5,True,-5.200000000000005,-4.910000000000005,0.35064105940745655,-0.8270565931156694,False,Normal transmission
2020-08-25,-0.553,EST.B.EU000A2X2A25.WT,B,EU000A2X2A25,WT,A,F,,,,,P1D,,,,"ESA 2010 Sectors: S.121, S.122, S.123, S.124, S.125, S.126, S.127, S.128, S.129",,3,,,,,A,Euro short-term rate,"Euro short-term rate, Volume-weighted trimmed mean rate - Unsecured - Overnight - Borrowing - Financial corporations",,PC,0,-0.5,True,-5.300000000000004,-4.928333333333338,0.3415278069760409,-1.0882471619440919,False,Normal transmission
2020-08-26,-0.554,EST.B.EU000A2X2A25.WT,B,EU000A2X2A25,WT,A,F,,,,,P1D,,,,"ESA 2010 Sectors: S.121, S.122, S.123, S.124, S.125, S.126, S.127, S.128, S.129",,3,,,,,A,Euro short-term rate,"Euro short-term rate, Volume-weighted trimmed mean rate - Unsecured - Overnight - Borrowing - Financial corporations",,PC,0,-0.5,True,-5.400000000000005,-4.946666666666671,0.33671728656761485,-1.3463322241470426,False,Normal transmission
2020-08-27,-0.552,EST.B.EU000A2X2A25.WT,B,EU000A2X2A25,WT,A,F,,,,,P1D,,,,"ESA 2010 Sectors: S.121, S.122, S.123, S.124, S.125, S.126, S.127, S.128, S.129",,3,,,,,A,Euro short-term rate,"Euro short-term rate, Volume-weighted trimmed mean rate - Unsecured - Overnight - Borrowing - Financial corporations",,PC,0,-0.5,True,-5.200000000000005,-4.9583333333333375,0.33308606648076233,-0.7255382046448491,False,Normal transmission
2020-08-28,-0.552,EST.B.EU000A2X2A25.WT,B,EU000A2X2A25,WT,A,F,,,,,P1D,,,,"ESA 2010 Sectors: S.121, S.122, S.123, S.124, S.125, S.126, S.127, S.128, S.129",,3,,,,,A,Euro short-term rate,"Euro short-term rate, Volume-weighted trimmed mean rate - Unsecured - Overnight - Borrowing - Financial corporations",,PC,0,-0.5,True,-5.200000000000005,-4.971666666666672,0.32630009410424715,-0.6997648405837852,False,Normal transmission
2020-08-31,-0.557,EST.B.EU000A2X2A25.WT,B,EU000A2X2A25,WT,A,F,,,,,P1D,,,,"ESA 2010 Sectors: S.121, S.122, S.123, S.124, S.125, S.126, S.127, S.128, S.129",,3,,,,,A,Euro short-term rate,"Euro short-term rate, Volume-weighted trimmed mean rate - Unsecured - Overnight - Borrowing - Financial corporations",,PC,0,-0.5,True,-5.700000000000005,-4.988333333333338,0.33753426275133136,-2.1084279292587453,True,Unusually below policy rate
2020-09-01,-0.554,EST.B.EU000A2X2A25.WT,B,EU000A2X2A25,WT,A,F,,,,,P1D,,,,"ESA 2010 Sectors: S.121, S.122, S.123, S.124, S.125, S.126, S.127, S.128, S.129",,3,,,,,A,Euro short-term rate,"Euro short-term rate, Volume-weighted trimmed mean rate - Unsecured - Overnight - Borrowing - Financial corporations",,PC,0,-0.5,True,-5.400000000000005,-5.008333333333338,0.32536376860510374,-1.2037808276742552,False,Normal transmission
2020-09-02,-0.555,EST.B.EU000A2X2A25.WT,B,EU000A2X2A25,WT,A,F,,,,,P1D,,,,"ESA 2010 Sectors: S.121, S.122, S.123, S.124, S.125, S.126, S.127, S.128, S.129",,3,,,,,A,Euro short-term rate,"Euro short-term rate, Volume-weighted trimmed mean rate - Unsecured - Overnight - Borrowing - Financial corporations",,PC,0,-0.5,True,-5.500000000000005,-5.020000000000005,0.33027979920474027,-1.4533132245924878,False,Normal transmission
2020-09-03,-0.551,EST.B.EU000A2X2A25.WT,B,EU000A2X2A25,WT,A,F,,,,,P1D,,,,"ESA 2010 Sectors: S.121, S.122, S.123, S.124, S.125, S.126, S.127, S.128, S.129",,3,,,,,A,Euro short-term rate,"Euro short-term rate, Volume-weighted trimmed mean rate - Unsecured - Overnight - Borrowing - Financial corporations",,PC,0,-0.5,True,-5.100000000000005,-5.026666666666671,0.32773835506169063,-0.223755725263009,False,Normal transmission
2020-09-04,-0.552,EST.B.EU000A2X2A25.WT,B,EU000A2X2A25,WT,A,F,,,,,P1D,,,,"ESA 2010 Sectors: S.121, S.122, S.123, S.124, S.125, S.126, S.127, S.128, S.129",,3,,,,,A,Euro short-term rate,"Euro short-term rate, Volume-weighted trimmed mean rate - Unsecured - Overnight - Borrowing - Financial corporations",,PC,0,-0.5,True,-5.200000000000005,-5.0366666666666715,0.3236270434880991,-0.5046961822871872,False,Normal transmission
2020-09-07,-0.551,EST.B.EU000A2X2A25.WT,B,EU000A2X2A25,WT,A,F,,,,,P1D,,,,"ESA 2010 Sectors: S.121, S.122, S.123, S.124, S.125, S.126, S.127, S.128, S.129",,3,,,,,A,Euro short-term rate,"Euro short-term rate, Volume-weighted trimmed mean rate - Unsecured - Overnight - Borrowing - Financial corporations",,PC,0,-0.5,True,-5.100000000000005,-5.043333333333337,0.3206807730315341,-0.176707403225248,False,Normal transmission
2020-09-08,-0.553,EST.B.EU000A2X2A25.WT,B,EU000A2X2A25,WT,A,F,,,,,P1D,,,,"ESA 2010 Sectors: S.121, S.122, S.123, S.124, S.125, S.126, S.127, S.128, S.129",,3,,,,,A,Euro short-term rate,"Euro short-term rate, Volume-weighted trimmed mean rate - Unsecured - Overnight - Borrowing - Financial corporations",,PC,0,-0.5,True,-5.300000000000004,-5.055000000000004,0.31699061633977366,-0.7728935412314895,False,Normal transmission
2020-09-09,-0.554,EST.B.EU000A2X2A25.WT,B,EU000A2X2A25,WT,A,F,,,,,P1D,,,,"ESA 2010 Sectors: S.121, S.122, S.123, S.124, S.125, S.126, S.127, S.128, S.129",,3,,,,,A,Euro short-term rate,"Euro short-term rate, Volume-weighted trimmed mean rate - Unsecured - Overnight - Borrowing - Financial corporations",,PC,0,-0.5,True,-5.400000000000005,-5.071666666666672,0.30813361985286175,-1.0655550455354954,False,Normal transmission
2020-09-10,-0.554,EST.B.EU000A2X2A25.WT,B,EU000A2X2A25,WT,A,F,,,,,P1D,,,,"ESA 2010 Sectors: S.121, S.122, S.123, S.124, S.125, S.126, S.127, S.128, S.129",,3,,,,,A,Euro short-term rate,"Euro short-term rate, Volume-weighted trimmed mean rate - Unsecured - Overnight - Borrowing - Financial corporations",,PC,0,-0.5,True,-5.400000000000005,-5.088333333333337,0.29806816798909236,-1.0456221097654168,False,Normal transmission
2020-09-11,-0.553,EST.B.EU000A2X2A25.WT,B,EU000A2X2A25,WT,A,F,,,,,P1D,,,,"ESA 2010 Sectors: S.121, S.122, S.123, S.124, S.125, S.126, S.127, S.128, S.129",,3,,,,,A,Euro short-term rate,"Euro short-term rate, Volume-weighted trimmed mean rate - Unsecured - Overnight - Borrowing - Financial corporations",,PC,0,-0.5,True,-5.300000000000004,-5.100000000000005,0.29227338026849387,-0.6842908506285157,False,Normal transmission
2020-09-14,-0.555,EST.B.EU000A2X2A25.WT,B,EU000A2X2A25,WT,A,F,,,,,P1D,,,,"ESA 2010 Sectors: S.121, S.122, S.123, S.124, S.125, S.126, S.127, S.128, S.129",,3,,,,,A,Euro short-term rate,"Euro short-term rate, Volume-weighted trimmed mean rate - Unsecured - Overnight - Borrowing - Financial corporations",,PC,0,-0.5,True,-5.500000000000005,-5.116666666666672,0.2859220390760232,-1.340691800366638,False,Normal transmission
2020-09-15,-0.551,EST.B.EU000A2X2A25.WT,B,EU000A2X2A25,WT,A,F,,,,,P1D,,,,"ESA 2010 Sectors: S.121, S.122, S.123, S.124, S.125, S.126, S.127, S.128, S.129",,3,,,,,A,Euro short-term rate,"Euro short-term rate, Volume-weighted trimmed mean rate - Unsecured - Overnight - Borrowing - Financial corporations",,PC,0,-0.5,True,-5.100000000000005,-5.128333333333338,0.2700230163866473,0.10492932681250654,False,Normal transmission
2020-09-16,-0.556,EST.B.EU000A2X2A25.WT,B,EU000A2X2A25,WT,A,F,,,,,P1D,,,,"ESA 2010 Sectors: S.121, S.122, S.123, S.124, S.125, S.126, S.127, S.128, S.129",,3,,,,,A,Euro short-term rate,"Euro short-term rate, Volume-weighted trimmed mean rate - Unsecured - Overnight - Borrowing - Financial corporations",,PC,0,-0.5,True,-5.600000000000005,-5.145000000000005,0.26771158272558243,-1.6995902656419521,False,Normal transmission
2020-09-17,-0.553,EST.B.EU000A2X2A25.WT,B,EU000A2X2A25,WT,A,F,,,,,P1D,,,,"ESA 2010 Sectors: S.121, S.122, S.123, S.124, S.125, S.126, S.127, S.128, S.129",,3,,,,,A,Euro short-term rate,"Euro short-term rate, Volume-weighted trimmed mean rate - Unsecured - Overnight - Borrowing - Financial corporations",,PC,0,-0.5,True,-5.300000000000004,-5.155000000000004,0.2619516063470681,-0.5535373576136247,False,Normal transmission
2020-09-18,-0.552,EST.B.EU000A2X2A25.WT,B,EU000A2X2A25,WT,A,F,,,,,P1D,,,,"ESA 2010 Sectors: S.121, S.122, S.123, S.124, S.125, S.126, S.127, S.128, S.129",,3,,,,,A,Euro short-term rate,"Euro short-term rate, Volume-weighted trimmed mean rate - Unsecured - Overnight - Borrowing - Financial corporations",,PC,0,-0.5,True,-5.200000000000005,-5.163333333333338,0.2550949751125968,-0.14373731450602592,False,Normal transmission
2020-09-21,-0.552,EST.B.EU000A2X2A25.WT,B,EU000A2X2A25,WT,A,F,,,,,P1D,,,,"ESA 2010 Sectors: S.121, S.122, S.123, S.124, S.125, S.126, S.127, S.128, S.129",,3,,,,,A,Euro short-term rate,"Euro short-term rate, Volume-weighted trimmed mean rate - Unsecured - Overnight - Borrowing - Financial corporations",,PC,0,-0.5,True,-5.200000000000005,-5.175000000000005,0.23979157616566282,-0.1042572070285235,False,Normal transmission
2020-09-22,-0.552,EST.B.EU000A2X2A25.WT,B,EU000A2X2A25,WT,A,F,,,,,P1D,,,,"ESA 2010 Sectors: S.121, S.122, S.123, S.124, S.125, S.126, S.127, S.128, S.129",,3,,,,,A,Euro short-term rate,"Euro short-term rate, Volume-weighted trimmed mean rate - Unsecured - Overnight - Borrowing - Financial corporations",,PC,0,-0.5,True,-5.200000000000005,-5.170000000000004,0.2359977017986618,-0.12711988197916577,False,Normal transmission
2020-09-23,-0.551,EST.B.EU000A2X2A25.WT,B,EU000A2X2A25,WT,A,F,,,,,P1D,,,,"ESA 2010 Sectors: S.121, S.122, S.123, S.124, S.125, S.126, S.127, S.128, S.129",,3,,,,,A,Euro short-term rate,"Euro short-term rate, Volume-weighted trimmed mean rate - Unsecured - Overnight - Borrowing - Financial corporations",,PC,0,-0.5,True,-5.100000000000005,-5.175000000000005,0.23115406851241743,0.32445892249554426,False,Normal transmission
2020-09-24,-0.553,EST.B.EU000A2X2A25.WT,B,EU000A2X2A25,WT,A,F,,,,,P1D,,,,"ESA 2010 Sectors: S.121, S.122, S.123, S.124, S.125, S.126, S.127, S.128, S.129",,3,,,,,A,Euro short-term rate,"Euro short-term rate, Volume-weighted trimmed mean rate - Unsecured - Overnight - Borrowing - Financial corporations",,PC,0,-0.5,True,-5.300000000000004,-5.183333333333338,0.22636903024292054,-0.5153826322508394,False,Normal transmission
2020-09-25,-0.554,EST.B.EU000A2X2A25.WT,B,EU000A2X2A25,WT,A,F,,,,,P1D,,,,"ESA 2010 Sectors: S.121, S.122, S.123, S.124, S.125, S.126, S.127, S.128, S.129",,3,,,,,A,Euro short-term rate,"Euro short-term rate, Volume-weighted trimmed mean rate - Unsecured - Overnight - Borrowing - Financial corporations",,PC,0,-0.5,True,-5.400000000000005,-5.191666666666672,0.2249607624293209,-0.9260874255739957,False,Normal transmission
2020-09-28,-0.555,EST.B.EU000A2X2A25.WT,B,EU000A2X2A25,WT,A,F,,,,,P1D,,,,"ESA 2010 Sectors: S.121, S.122, S.123, S.124, S.125, S.126, S.127, S.128, S.129",,3,,,,,A,Euro short-term rate,"Euro short-term rate, Volume-weighted trimmed mean rate - Unsecured - Overnight - Borrowing - Financial corporations",,PC,0,-0.5,True,-5.500000000000005,-5.200000000000005,0.22699212261403837,-1.3216317665353519,False,Normal transmission
2020-09-29,-0.556,EST.B.EU000A2X2A25.WT,B,EU000A2X2A25,WT,A,F,,,,,P1D,,,,"ESA 2010 Sectors: S.121, S.122, S.123, S.124, S.125, S.126, S.127, S.128, S.129",,3,,,,,A,Euro short-term rate,"Euro short-term rate, Volume-weighted trimmed mean rate - Unsecured - Overnight - Borrowing - Financial corporations",,PC,0,-0.5,True,-5.600000000000005,-5.210000000000004,0.2312090550100865,-1.6867851476793883,False,Normal transmission
2020-09-30,-0.57,EST.B.EU000A2X2A25.WT,B,EU000A2X2A25,WT,A,F,,,,,P1D,,,,"ESA 2010 Sectors: S.121, S.122, S.123, S.124, S.125, S.126, S.127, S.128, S.129",,3,,,,,A,Euro short-term rate,"Euro short-term rate, Volume-weighted trimmed mean rate - Unsecured - Overnight - Borrowing - Financial corporations",,PC,0,-0.5,True,-6.999999999999995,-5.2450000000000045,0.3238669950897859,-5.4188911701652405,True,Unusually below policy rate
2020-10-01,-0.558,EST.B.EU000A2X2A25.WT,B,EU000A2X2A25,WT,A,F,,,,,P1D,,,,"ESA 2010 Sectors: S.121, S.122, S.123, S.124, S.125, S.126, S.127, S.128, S.129",,3,,,,,A,Euro short-term rate,"Euro short-term rate, Volume-weighted trimmed mean rate - Unsecured - Overnight - Borrowing - Financial corporations",,PC,0,-0.5,True,-5.800000000000005,-5.260000000000005,0.32842717119579795,-1.6442001373816573,False,Normal transmission
2020-10-02,-0.555,EST.B.EU000A2X2A25.WT,B,EU000A2X2A25,WT,A,F,,,,,P1D,,,,"ESA 2010 Sectors: S.121, S.122, S.123, S.124, S.125, S.126, S.127, S.128, S.129",,3,,,,,A,Euro short-term rate,"Euro short-term rate, Volume-weighted trimmed mean rate - Unsecured - Overnight - Borrowing - Financial corporations",,PC,0,-0.5,True,-5.500000000000005,-5.270000000000005,0.326408291685994,-0.7046389624846334,False,Normal transmission
2020-10-05,-0.555,EST.B.EU000A2X2A25.WT,B,EU000A2X2A25,WT,A,F,,,,,P1D,,,,"ESA 2010 Sectors: S.121, S.122, S.123, S.124, S.125, S.126, S.127, S.128, S.129",,3,,,,,A,Euro short-term rate,"Euro short-term rate, Volume-weighted trimmed mean rate - Unsecured - Overnight - Borrowing - Financial corporations",,PC,0,-0.5,True,-5.500000000000005,-5.275000000000005,0.3276133521005964,-0.686785195283837,False,Normal transmission
2020-10-06,-0.556,EST.B.EU000A2X2A25.WT,B,EU000A2X2A25,WT,A,F,,,,,P1D,,,,"ESA 2010 Sectors: S.121, S.122, S.123, S.124, S.125, S.126, S.127, S.128, S.129",,3,,,,,A,Euro short-term rate,"Euro short-term rate, Volume-weighted trimmed mean rate - Unsecured - Overnight - Borrowing - Financial corporations",,PC,0,-0.5,True,-5.600000000000005,-5.283333333333338,0.32944054614807333,-0.9612255393855966,False,Normal transmission
2020-10-07,-0.555,EST.B.EU000A2X2A25.WT,B,EU000A2X2A25,WT,A,F,,,,,P1D,,,,"ESA 2010 Sectors: S.121, S.122, S.123, S.124, S.125, S.126, S.127, S.128, S.129",,3,,,,,A,Euro short-term rate,"Euro short-term rate, Volume-weighted trimmed mean rate - Unsecured - Overnight - Borrowing - Financial corporations",,PC,0,-0.5,True,-5.500000000000005,-5.2900000000000045,0.32971482284967546,-0.6369140403971,False,Normal transmission
2020-10-08,-0.553,EST.B.EU000A2X2A25.WT,B,EU000A2X2A25,WT,A,F,,,,,P1D,,,,"ESA 2010 Sectors: S.121, S.122, S.123, S.124, S.125, S.126, S.127, S.128, S.129",,3,,,,,A,Euro short-term rate,"Euro short-term rate, Volume-weighted trimmed mean rate - Unsecured - Overnight - Borrowing - Financial corporations",,PC,0,-0.5,True,-5.300000000000004,-5.310000000000005,0.29035337908448045,0.03444079084435626,False,Normal transmission
2020-10-09,-0.553,EST.B.EU000A2X2A25.WT,B,EU000A2X2A25,WT,A,F,,,,,P1D,,,,"ESA 2010 Sectors: S.121, S.122, S.123, S.124, S.125, S.126, S.127, S.128, S.129",,3,,,,,A,Euro short-term rate,"Euro short-term rate, Volume-weighted trimmed mean rate - Unsecured - Overnight - Borrowing - Financial corporations",,PC,0,-0.5,True,-5.300000000000004,-5.313333333333338,0.28904674812023634,0.04612863981361002,False,Normal transmission
2020-10-12,-0.556,EST.B.EU000A2X2A25.WT,B,EU000A2X2A25,WT,A,F,,,,,P1D,,,,"ESA 2010 Sectors: S.121, S.122, S.123, S.124, S.125, S.126, S.127, S.128, S.129",,3,,,,,A,Euro short-term rate,"Euro short-term rate, Volume-weighted trimmed mean rate - Unsecured - Overnight - Borrowing - Financial corporations",,PC,0,-0.5,True,-5.600000000000005,-5.321666666666671,0.2899980518150261,-0.9597765626055579,False,Normal transmission
2020-10-13,-0.555,EST.B.EU000A2X2A25.WT,B,EU000A2X2A25,WT,A,F,,,,,P1D,,,,"ESA 2010 Sectors: S.121, S.122, S.123, S.124, S.125, S.126, S.127, S.128, S.129",,3,,,,,A,Euro short-term rate,"Euro short-term rate, Volume-weighted trimmed mean rate - Unsecured - Overnight - Borrowing - Financial corporations",,PC,0,-0.5,True,-5.500000000000005,-5.331666666666671,0.2855216259236241,-0.58956421528071,False,Normal transmission
2020-10-14,-0.556,EST.B.EU000A2X2A25.WT,B,EU000A2X2A25,WT,A,F,,,,,P1D,,,,"ESA 2010 Sectors: S.121, S.122, S.123, S.124, S.125, S.126, S.127, S.128, S.129",,3,,,,,A,Euro short-term rate,"Euro short-term rate, Volume-weighted trimmed mean rate - Unsecured - Overnight - Borrowing - Financial corporations",,PC,0,-0.5,True,-5.600000000000005,-5.341666666666671,0.2842126600948762,-0.9089437931691593,False,Normal transmission
2020-10-15,-0.556,EST.B.EU000A2X2A25.WT,B,EU000A2X2A25,WT,A,F,,,,,P1D,,,,"ESA 2010 Sectors: S.121, S.122, S.123, S.124, S.125, S.126, S.127, S.128, S.129",,3,,,,,A,Euro short-term rate,"Euro short-term rate, Volume-weighted trimmed mean rate - Unsecured - Overnight - Borrowing - Financial corporations",,PC,0,-0.5,True,-5.600000000000005,-5.351666666666672,0.2825379330564886,-0.8789380266460826,False,Normal transmission
2020-10-16,-0.553,EST.B.EU000A2X2A25.WT,B,EU000A2X2A25,WT,A,F,,,,,P1D,,,,"ESA 2010 Sectors: S.121, S.122, S.123, S.124, S.125, S.126, S.127, S.128, S.129",,3,,,,,A,Euro short-term rate,"Euro short-term rate, Volume-weighted trimmed mean rate - Unsecured - Overnight - Borrowing - Financial corporations",,PC,0,-0.5,True,-5.300000000000004,-5.355000000000005,0.28069224355730604,0.195944139043414,False,Normal transmission
2020-10-19,-0.553,EST.B.EU000A2X2A25.WT,B,EU000A2X2A25,WT,A,F,,,,,P1D,,,,"ESA 2010 Sectors: S.121, S.122, S.123, S.124, S.125, S.126, S.127, S.128, S.129",,3,,,,,A,Euro short-term rate,"Euro short-term rate, Volume-weighted trimmed mean rate - Unsecured - Overnight - Borrowing - Financial corporations",,PC,0,-0.5,True,-5.300000000000004,-5.356666666666671,0.28005245674888685,0.20234304431572134,False,Normal transmission
2020-10-20,-0.553,EST.B.EU000A2X2A25.WT,B,EU000A2X2A25,WT,A,F,,,,,P1D,,,,"ESA 2010 Sectors: S.121, S.122, S.123, S.124, S.125, S.126, S.127, S.128, S.129",,3,,,,,A,Euro short-term rate,"Euro short-term rate, Volume-weighted trimmed mean rate - Unsecured - Overnight - Borrowing - Financial corporations",,PC,0,-0.5,True,-5.300000000000004,-5.360000000000004,0.2781293443766831,0.21572696737363647,False,Normal transmission
2020-10-21,-0.552,EST.B.EU000A2X2A25.WT,B,EU000A2X2A25,WT,A,F,,,,,P1D,,,,"ESA 2010 Sectors: S.121, S.122, S.123, S.124, S.125, S.126, S.127, S.128, S.129",,3,,,,,A,Euro short-term rate,"Euro short-term rate, Volume-weighted trimmed mean rate - Unsecured - Overnight - Borrowing - Financial corporations",,PC,0,-0.5,True,-5.200000000000005,-5.358333333333338,0.27879381036991957,0.5679226992996993,False,Normal transmission
2020-10-22,-0.554,EST.B.EU000A2X2A25.WT,B,EU000A2X2A25,WT,A,F,,,,,P1D,,,,"ESA 2010 Sectors: S.121, S.122, S.123, S.124, S.125, S.126, S.127, S.128, S.129",,3,,,,,A,Euro short-term rate,"Euro short-term rate, Volume-weighted trimmed mean rate - Unsecured - Overnight - Borrowing - Financial corporations",,PC,0,-0.5,True,-5.400000000000005,-5.361666666666671,0.2780633183998957,-0.13785828909013112,False,Normal transmission
2020-10-23,-0.553,EST.B.EU000A2X2A25.WT,B,EU000A2X2A25,WT,A,F,,,,,P1D,,,,"ESA 2010 Sectors: S.121, S.122, S.123, S.124, S.125, S.126, S.127, S.128, S.129",,3,,,,,A,Euro short-term rate,"Euro short-term rate, Volume-weighted trimmed mean rate - Unsecured - Overnight - Borrowing - Financial corporations",,PC,0,-0.5,True,-5.300000000000004,-5.366666666666672,0.27411903060142845,0.24320335045836805,False,Normal transmission
2020-10-26,-0.552,EST.B.EU000A2X2A25.WT,B,EU000A2X2A25,WT,A,F,,,,,P1D,,,,"ESA 2010 Sectors: S.121, S.122, S.123, S.124, S.125, S.126, S.127, S.128, S.129",,3,,,,,A,Euro short-term rate,"Euro short-term rate, Volume-weighted trimmed mean rate - Unsecured - Overnight - Borrowing - Financial corporations",,PC,0,-0.5,True,-5.200000000000005,-5.366666666666672,0.27411903060142845,0.6080083761459153,False,Normal transmission
2020-10-27,-0.554,EST.B.EU000A2X2A25.WT,B,EU000A2X2A25,WT,A,F,,,,,P1D,,,,"ESA 2010 Sectors: S.121, S.122, S.123, S.124, S.125, S.126, S.127, S.128, S.129",,3,,,,,A,Euro short-term rate,"Euro short-term rate, Volume-weighted trimmed mean rate - Unsecured - Overnight - Borrowing - Financial corporations",,PC,0,-0.5,True,-5.400000000000005,-5.3716666666666715,0.27189957434885265,-0.10420514045005853,False,Normal transmission
2020-10-28,-0.555,EST.B.EU000A2X2A25.WT,B,EU000A2X2A25,WT,A,F,,,,,P1D,,,,"ESA 2010 Sectors: S.121, S.122, S.123, S.124, S.125, S.126, S.127, S.128, S.129",,3,,,,,A,Euro short-term rate,"Euro short-term rate, Volume-weighted trimmed mean rate - Unsecured - Overnight - Borrowing - Financial corporations",,PC,0,-0.5,True,-5.500000000000005,-5.376666666666671,0.27144726157989313,-0.4543546787523371,False,Normal transmission
2020-10-29,-0.552,EST.B.EU000A2X2A25.WT,B,EU000A2X2A25,WT,A,F,,,,,P1D,,,,"ESA 2010 Sectors: S.121, S.122, S.123, S.124, S.125, S.126, S.127, S.128, S.129",,3,,,,,A,Euro short-term rate,"Euro short-term rate, Volume-weighted trimmed mean rate - Unsecured - Overnight - Borrowing - Financial corporations",,PC,0,-0.5,True,-5.200000000000005,-5.375000000000004,0.2722318304158044,0.6428344537547517,False,Normal transmission
2020-10-30,-0.557,EST.B.EU000A2X2A25.WT,B,EU000A2X2A25,WT,A,F,,,,,P1D,,,,"ESA 2010 Sectors: S.121, S.122, S.123, S.124, S.125, S.126, S.127, S.128, S.129",,3,,,,,A,Euro short-term rate,"Euro short-term rate, Volume-weighted trimmed mean rate - Unsecured - Overnight - Borrowing - Financial corporations",,PC,0,-0.5,True,-5.700000000000005,-5.381666666666671,0.27524513984022253,-1.156544793190983,False,Normal transmission
2020-11-02,-0.555,EST.B.EU000A2X2A25.WT,B,EU000A2X2A25,WT,A,F,,,,,P1D,,,,"ESA 2010 Sectors: S.121, S.122, S.123, S.124, S.125, S.126, S.127, S.128, S.129",,3,,,,,A,Euro short-term rate,"Euro short-term rate, Volume-weighted trimmed mean rate - Unsecured - Overnight - Borrowing - Financial corporations",,PC,0,-0.5,True,-5.500000000000005,-5.383333333333337,0.2756604806006579,-0.4232259423347664,False,Normal transmission
2020-11-03,-0.553,EST.B.EU000A2X2A25.WT,B,EU000A2X2A25,WT,A,F,,,,,P1D,,,,"ESA 2010 Sectors: S.121, S.122, S.123, S.124, S.125, S.126, S.127, S.128, S.129",,3,,,,,A,Euro short-term rate,"Euro short-term rate, Volume-weighted trimmed mean rate - Unsecured - Overnight - Borrowing - Financial corporations",,PC,0,-0.5,True,-5.300000000000004,-5.385000000000004,0.27483431064024505,0.3092772507260347,False,Normal transmission
2020-11-04,-0.558,EST.B.EU000A2X2A25.WT,B,EU000A2X2A25,WT,A,F,,,,,P1D,,,,"ESA 2010 Sectors: S.121, S.122, S.123, S.124, S.125, S.126, S.127, S.128, S.129",,3,,,,,A,Euro short-term rate,"Euro short-term rate, Volume-weighted trimmed mean rate - Unsecured - Overnight - Borrowing - Financial corporations",,PC,0,-0.5,True,-5.800000000000005,-5.395000000000005,0.2788748580289948,-1.4522642982677632,False,Normal transmission
2020-11-05,-0.556,EST.B.EU000A2X2A25.WT,B,EU000A2X2A25,WT,A,F,,,,,P1D,,,,"ESA 2010 Sectors: S.121, S.122, S.123, S.124, S.125, S.126, S.127, S.128, S.129",,3,,,,,A,Euro short-term rate,"Euro short-term rate, Volume-weighted trimmed mean rate - Unsecured - Overnight - Borrowing - Financial corporations",,PC,0,-0.5,True,-5.600000000000005,-5.401666666666672,0.27891537302692476,-0.7110878514186,False,Normal transmission
2020-11-06,-0.558,EST.B.EU000A2X2A25.WT,B,EU000A2X2A25,WT,A,F,,,,,P1D,,,,"ESA 2010 Sectors: S.121, S.122, S.123, S.124, S.125, S.126, S.127, S.128, S.129",,3,,,,,A,Euro short-term rate,"Euro short-term rate, Volume-weighted trimmed mean rate - Unsecured - Overnight - Borrowing - Financial corporations",,PC,0,-0.5,True,-5.800000000000005,-5.416666666666671,0.2756604806006584,-1.3905995248142151,False,Normal transmission
2020-11-09,-0.558,EST.B.EU000A2X2A25.WT,B,EU000A2X2A25,WT,A,F,,,,,P1D,,,,"ESA 2010 Sectors: S.121, S.122, S.123, S.124, S.125, S.126, S.127, S.128, S.129",,3,,,,,A,Euro short-term rate,"Euro short-term rate, Volume-weighted trimmed mean rate - Unsecured - Overnight - Borrowing - Financial corporations",,PC,0,-0.5,True,-5.800000000000005,-5.425000000000005,0.27960322977696306,-1.341186224133155,False,Normal transmission
2020-11-10,-0.557,EST.B.EU000A2X2A25.WT,B,EU000A2X2A25,WT,A,F,,,,,P1D,,,,"ESA 2010 Sectors: S.121, S.122, S.123, S.124, S.125, S.126, S.127, S.128, S.129",,3,,,,,A,Euro short-term rate,"Euro short-term rate, Volume-weighted trimmed mean rate - Unsecured - Overnight - Borrowing - Financial corporations",,PC,0,-0.5,True,-5.700000000000005,-5.430000000000005,0.28182215813092776,-0.9580509985114942,False,Normal transmission
2020-11-11,-0.558,EST.B.EU000A2X2A25.WT,B,EU000A2X2A25,WT,A,F,,,,,P1D,,,,"ESA 2010 Sectors: S.121, S.122, S.123, S.124, S.125, S.126, S.127, S.128, S.129",,3,,,,,A,Euro short-term rate,"Euro short-term rate, Volume-weighted trimmed mean rate - Unsecured - Overnight - Borrowing - Financial corporations",,PC,0,-0.5,True,-5.800000000000005,-5.438333333333338,0.28528407885777973,-1.267742203191668,False,Normal transmission
2020-11-12,-0.548,EST.B.EU000A2X2A25.WT,B,EU000A2X2A25,WT,A,F,,,,,P1D,,,,"ESA 2010 Sectors: S.121, S.122, S.123, S.124, S.125, S.126, S.127, S.128, S.129",,3,,,,,A,Euro short-term rate,"Euro short-term rate, Volume-weighted trimmed mean rate - Unsecured - Overnight - Borrowing - Financial corporations",,PC,0,-0.5,True,-4.800000000000004,-5.430000000000005,0.29647648319008385,2.124957747815973,True,Unusually above policy rate
2020-11-13,-0.556,EST.B.EU000A2X2A25.WT,B,EU000A2X2A25,WT,A,F,,,,,P1D,,,,"ESA 2010 Sectors: S.121, S.122, S.123, S.124, S.125, S.126, S.127, S.128, S.129",,3,,,,,A,Euro short-term rate,"Euro short-term rate, Volume-weighted trimmed mean rate - Unsecured - Overnight - Borrowing - Financial corporations",,PC,0,-0.5,True,-5.600000000000005,-5.433333333333337,0.29725676093390757,-0.5606825094340738,False,Normal transmission
2020-11-16,-0.558,EST.B.EU000A2X2A25.WT,B,EU000A2X2A25,WT,A,F,,,,,P1D,,,,"ESA 2010 Sectors: S.121, S.122, S.123, S.124, S.125, S.126, S.127, S.128, S.129",,3,,,,,A,Euro short-term rate,"Euro short-term rate, Volume-weighted trimmed mean rate - Unsecured - Overnight - Borrowing - Financial corporations",,PC,0,-0.5,True,-5.800000000000005,-5.443333333333338,0.2993590139098103,-1.191434532097044,False,Normal transmission
2020-11-17,-0.557,EST.B.EU000A2X2A25.WT,B,EU000A2X2A25,WT,A,F,,,,,P1D,,,,"ESA 2010 Sectors: S.121, S.122, S.123, S.124, S.125, S.126, S.127, S.128, S.129",,3,,,,,A,Euro short-term rate,"Euro short-term rate, Volume-weighted trimmed mean rate - Unsecured - Overnight - Borrowing - Financial corporations",,PC,0,-0.5,True,-5.700000000000005,-5.450000000000005,0.3005644407624793,-0.831768386725302,False,Normal transmission
2020-11-18,-0.557,EST.B.EU000A2X2A25.WT,B,EU000A2X2A25,WT,A,F,,,,,P1D,,,,"ESA 2010 Sectors: S.121, S.122, S.123, S.124, S.125, S.126, S.127, S.128, S.129",,3,,,,,A,Euro short-term rate,"Euro short-term rate, Volume-weighted trimmed mean rate - Unsecured - Overnight - Borrowing - Financial corporations",,PC,0,-0.5,True,-5.700000000000005,-5.4550000000000045,0.30220937853513213,-0.8106962172635507,False,Normal transmission
2020-11-19,-0.557,EST.B.EU000A2X2A25.WT,B,EU000A2X2A25,WT,A,F,,,,,P1D,,,,"ESA 2010 Sectors: S.121, S.122, S.123, S.124, S.125, S.126, S.127, S.128, S.129",,3,,,,,A,Euro short-term rate,"Euro short-term rate, Volume-weighted trimmed mean rate - Unsecured - Overnight - Borrowing - Financial corporations",,PC,0,-0.5,True,-5.700000000000005,-5.463333333333338,0.3019522168207288,-0.783788472091851,False,Normal transmission
2020-11-20,-0.557,EST.B.EU000A2X2A25.WT,B,EU000A2X2A25,WT,A,F,,,,,P1D,,,,"ESA 2010 Sectors: S.121, S.122, S.123, S.124, S.125, S.126, S.127, S.128, S.129",,3,,,,,A,Euro short-term rate,"Euro short-term rate, Volume-weighted trimmed mean rate - Unsecured - Overnight - Borrowing - Financial corporations",,PC,0,-0.5,True,-5.700000000000005,-5.47166666666667,0.30146066256389237,-0.7574233115239067,False,Normal transmission
2020-11-23,-0.557,EST.B.EU000A2X2A25.WT,B,EU000A2X2A25,WT,A,F,,,,,P1D,,,,"ESA 2010 Sectors: S.121, S.122, S.123, S.124, S.125, S.126, S.127, S.128, S.129",,3,,,,,A,Euro short-term rate,"Euro short-term rate, Volume-weighted trimmed mean rate - Unsecured - Overnight - Borrowing - Financial corporations",,PC,0,-0.5,True,-5.700000000000005,-5.471666666666672,0.30146066256389237,-0.7574233115239009,False,Normal transmission
2020-11-24,-0.556,EST.B.EU000A2X2A25.WT,B,EU000A2X2A25,WT,A,F,,,,,P1D,,,,"ESA 2010 Sectors: S.121, S.122, S.123, S.124, S.125, S.126, S.127, S.128, S.129",,3,,,,,A,Euro short-term rate,"Euro short-term rate, Volume-weighted trimmed mean rate - Unsecured - Overnight - Borrowing - Financial corporations",,PC,0,-0.5,True,-5.600000000000005,-5.475000000000004,0.30176037187462673,-0.4142359688366735,False,Normal transmission
2020-11-25,-0.554,EST.B.EU000A2X2A25.WT,B,EU000A2X2A25,WT,A,F,,,,,P1D,,,,"ESA 2010 Sectors: S.121, S.122, S.123, S.124, S.125, S.126, S.127, S.128, S.129",,3,,,,,A,Euro short-term rate,"Euro short-term rate, Volume-weighted trimmed mean rate - Unsecured - Overnight - Borrowing - Financial corporations",,PC,0,-0.5,True,-5.400000000000005,-5.473333333333338,0.3018960796994022,0.24290919380719095,False,Normal transmission
2020-11-26,-0.556,EST.B.EU000A2X2A25.WT,B,EU000A2X2A25,WT,A,F,,,,,P1D,,,,"ESA 2010 Sectors: S.121, S.122, S.123, S.124, S.125, S.126, S.127, S.128, S.129",,3,,,,,A,Euro short-term rate,"Euro short-term rate, Volume-weighted trimmed mean rate - Unsecured - Overnight - Borrowing - Financial corporations",,PC,0,-0.5,True,-5.600000000000005,-5.481666666666672,0.2982955346442775,-0.3966983061762815,False,Normal transmission
2020-11-27,-0.557,EST.B.EU000A2X2A25.WT,B,EU000A2X2A25,WT,A,F,,,,,P1D,,,,"ESA 2010 Sectors: S.121, S.122, S.123, S.124, S.125, S.126, S.127, S.128, S.129",,3,,,,,A,Euro short-term rate,"Euro short-term rate, Volume-weighted trimmed mean rate - Unsecured - Overnight - Borrowing - Financial corporations",,PC,0,-0.5,True,-5.700000000000005,-5.490000000000005,0.2972757665130932,-0.7064147961443428,False,Normal transmission
2020-11-30,-0.56,EST.B.EU000A2X2A25.WT,B,EU000A2X2A25,WT,A,F,,,,,P1D,,,,"ESA 2010 Sectors: S.121, S.122, S.123, S.124, S.125, S.126, S.127, S.128, S.129",,3,,,,,A,Euro short-term rate,"Euro short-term rate, Volume-weighted trimmed mean rate - Unsecured - Overnight - Borrowing - Financial corporations",,PC,0,-0.5,True,-6.000000000000005,-5.505000000000005,0.2999576241258114,-1.650233100234125,False,Normal transmission
2020-12-01,-0.557,EST.B.EU000A2X2A25.WT,B,EU000A2X2A25,WT,A,F,,,,,P1D,,,,"ESA 2010 Sectors: S.121, S.122, S.123, S.124, S.125, S.126, S.127, S.128, S.129",,3,,,,,A,Euro short-term rate,"Euro short-term rate, Volume-weighted trimmed mean rate - Unsecured - Overnight - Borrowing - Financial corporations",,PC,0,-0.5,True,-5.700000000000005,-5.511666666666671,0.29976921443156757,-0.6282610897535207,False,Normal transmission
2020-12-02,-0.556,EST.B.EU000A2X2A25.WT,B,EU000A2X2A25,WT,A,F,,,,,P1D,,,,"ESA 2010 Sectors: S.121, S.122, S.123, S.124, S.125, S.126, S.127, S.128, S.129",,3,,,,,A,Euro short-term rate,"Euro short-term rate, Volume-weighted trimmed mean rate - Unsecured - Overnight - Borrowing - Financial corporations",,PC,0,-0.5,True,-5.600000000000005,-5.515000000000004,0.2996184013719671,-0.2836941910469509,False,Normal transmission
2020-12-03,-0.556,EST.B.EU000A2X2A25.WT,B,EU000A2X2A25,WT,A,F,,,,,P1D,,,,"ESA 2010 Sectors: S.121, S.122, S.123, S.124, S.125, S.126, S.127, S.128, S.129",,3,,,,,A,Euro short-term rate,"Euro short-term rate, Volume-weighted trimmed mean rate - Unsecured - Overnight - Borrowing - Financial corporations",,PC,0,-0.5,True,-5.600000000000005,-5.518333333333339,0.29942977822923816,-0.27274063104085644,False,Normal transmission
2020-12-04,-0.555,EST.B.EU000A2X2A25.WT,B,EU000A2X2A25,WT,A,F,,,,,P1D,,,,"ESA 2010 Sectors: S.121, S.122, S.123, S.124, S.125, S.126, S.127, S.128, S.129",,3,,,,,A,Euro short-term rate,"Euro short-term rate, Volume-weighted trimmed mean rate - Unsecured - Overnight - Borrowing - Financial corporations",,PC,0,-0.5,True,-5.500000000000005,-5.521666666666672,0.2980681679890976,0.07269030709598953,False,Normal transmission
2020-12-07,-0.555,EST.B.EU000A2X2A25.WT,B,EU000A2X2A25,WT,A,F,,,,,P1D,,,,"ESA 2010 Sectors: S.121, S.122, S.123, S.124, S.125, S.126, S.127, S.128, S.129",,3,,,,,A,Euro short-term rate,"Euro short-term rate, Volume-weighted trimmed mean rate - Unsecured - Overnight - Borrowing - Financial corporations",,PC,0,-0.5,True,-5.500000000000005,-5.521666666666672,0.2980681679890976,0.07269030709598953,False,Normal transmission
2020-12-08,-0.559,EST.B.EU000A2X2A25.WT,B,EU000A2X2A25,WT,A,F,,,,,P1D,,,,"ESA 2010 Sectors: S.121, S.122, S.123, S.124, S.125, S.126, S.127, S.128, S.129",,3,,,,,A,Euro short-term rate,"Euro short-term rate, Volume-weighted trimmed mean rate - Unsecured - Overnight - Borrowing - Financial corporations",,PC,0,-0.5,True,-5.900000000000006,-5.535000000000005,0.2967764666991912,-1.229881884030786,False,Normal transmission
2020-12-09,-0.556,EST.B.EU000A2X2A25.WT,B,EU000A2X2A25,WT,A,F,,,,,P1D,,,,"ESA 2010 Sectors: S.121, S.122, S.123, S.124, S.125, S.126, S.127, S.128, S.129",,3,,,,,A,Euro short-term rate,"Euro short-term rate, Volume-weighted trimmed mean rate - Unsecured - Overnight - Borrowing - Financial corporations",,PC,0,-0.5,True,-5.600000000000005,-5.5350000000000055,0.2967764666991912,-0.21902006153972667,False,Normal transmission
2020-12-10,-0.556,EST.B.EU000A2X2A25.WT,B,EU000A2X2A25,WT,A,F,,,,,P1D,,,,"ESA 2010 Sectors: S.121, S.122, S.123, S.124, S.125, S.126, S.127, S.128, S.129",,3,,,,,A,Euro short-term rate,"Euro short-term rate, Volume-weighted trimmed mean rate - Unsecured - Overnight - Borrowing - Financial corporations",,PC,0,-0.5,True,-5.600000000000005,-5.540000000000005,0.29527350148291603,-0.20320143764567067,False,Normal transmission
2020-12-11,-0.557,EST.B.EU000A2X2A25.WT,B,EU000A2X2A25,WT,A,F,,,,,P1D,,,,"ESA 2010 Sectors: S.121, S.122, S.123, S.124, S.125, S.126, S.127, S.128, S.129",,3,,,,,A,Euro short-term rate,"Euro short-term rate, Volume-weighted trimmed mean rate - Unsecured - Overnight - Borrowing - Financial corporations",,PC,0,-0.5,True,-5.700000000000005,-5.548333333333337,0.2925583625197571,-0.5184150791670668,False,Normal transmission
2020-12-14,-0.558,EST.B.EU000A2X2A25.WT,B,EU000A2X2A25,WT,A,F,,,,,P1D,,,,"ESA 2010 Sectors: S.121, S.122, S.123, S.124, S.125, S.126, S.127, S.128, S.129",,3,,,,,A,Euro short-term rate,"Euro short-term rate, Volume-weighted trimmed mean rate - Unsecured - Overnight - Borrowing - Financial corporations",,PC,0,-0.5,True,-5.800000000000005,-5.558333333333338,0.29069855472212086,-0.8313308158607002,False,Normal transmission
2020-12-15,-0.551,EST.B.EU000A2X2A25.WT,B,EU000A2X2A25,WT,A,F,,,,,P1D,,,,"ESA 2010 Sectors: S.121, S.122, S.123, S.124, S.125, S.126, S.127, S.128, S.129",,3,,,,,A,Euro short-term rate,"Euro short-term rate, Volume-weighted trimmed mean rate - Unsecured - Overnight - Borrowing - Financial corporations",,PC,0,-0.5,True,-5.100000000000005,-5.556666666666672,0.29306484888115336,1.5582444240928366,False,Normal transmission
2020-12-16,-0.557,EST.B.EU000A2X2A25.WT,B,EU000A2X2A25,WT,A,F,,,,,P1D,,,,"ESA 2010 Sectors: S.121, S.122, S.123, S.124, S.125, S.126, S.127, S.128, S.129",,3,,,,,A,Euro short-term rate,"Euro short-term rate, Volume-weighted trimmed mean rate - Unsecured - Overnight - Borrowing - Financial corporations",,PC,0,-0.5,True,-5.700000000000005,-5.566666666666672,0.2874001914691656,-0.4639291736437059,False,Normal transmission
2020-12-17,-0.556,EST.B.EU000A2X2A25.WT,B,EU000A2X2A25,WT,A,F,,,,,P1D,,,,"ESA 2010 Sectors: S.121, S.122, S.123, S.124, S.125, S.126, S.127, S.128, S.129",,3,,,,,A,Euro short-term rate,"Euro short-term rate, Volume-weighted trimmed mean rate - Unsecured - Overnight - Borrowing - Financial corporations",,PC,0,-0.5,True,-5.600000000000005,-5.571666666666672,0.28528407885778245,-0.09931620946662723,False,Normal transmission
2020-12-18,-0.558,EST.B.EU000A2X2A25.WT,B,EU000A2X2A25,WT,A,F,,,,,P1D,,,,"ESA 2010 Sectors: S.121, S.122, S.123, S.124, S.125, S.126, S.127, S.128, S.129",,3,,,,,A,Euro short-term rate,"Euro short-term rate, Volume-weighted trimmed mean rate - Unsecured - Overnight - Borrowing - Financial corporations",,PC,0,-0.5,True,-5.800000000000005,-5.578333333333338,0.28587757642141326,-0.775390184293111,False,Normal transmission
2020-12-21,-0.557,EST.B.EU000A2X2A25.WT,B,EU000A2X2A25,WT,A,F,,,,,P1D,,,,"ESA 2010 Sectors: S.121, S.122, S.123, S.124, S.125, S.126, S.127, S.128, S.129",,3,,,,,A,Euro short-term rate,"Euro short-term rate, Volume-weighted trimmed mean rate - Unsecured - Overnight - Borrowing - Financial corporations",,PC,0,-0.5,True,-5.700000000000005,-5.581666666666672,0.28611463073551485,-0.4135871452261382,False,Normal transmission
2020-12-22,-0.558,EST.B.EU000A2X2A25.WT,B,EU000A2X2A25,WT,A,F,,,,,P1D,,,,"ESA 2010 Sectors: S.121, S.122, S.123, S.124, S.125, S.126, S.127, S.128, S.129",,3,,,,,A,Euro short-term rate,"Euro short-term rate, Volume-weighted trimmed mean rate - Unsecured - Overnight - Borrowing - Financial corporations",,PC,0,-0.5,True,-5.800000000000005,-5.585000000000005,0.28749355188055514,-0.7478428597568193,False,Normal transmission
2020-12-23,-0.559,EST.B.EU000A2X2A25.WT,B,EU000A2X2A25,WT,A,F,,,,,P1D,,,,"ESA 2010 Sectors: S.121, S.122, S.123, S.124, S.125, S.126, S.127, S.128, S.129",,3,,,,,A,Euro short-term rate,"Euro short-term rate, Volume-weighted trimmed mean rate - Unsecured - Overnight - Borrowing - Financial corporations",,PC,0,-0.5,True,-5.900000000000006,-5.566666666666672,0.22373309360744478,-1.4898704879046207,False,Normal transmission
2020-12-24,-0.555,EST.B.EU000A2X2A25.WT,B,EU000A2X2A25,WT,A,F,,,,,P1D,,,,"ESA 2010 Sectors: S.121, S.122, S.123, S.124, S.125, S.126, S.127, S.128, S.129",,3,,,,,A,Euro short-term rate,"Euro short-term rate, Volume-weighted trimmed mean rate - Unsecured - Overnight - Borrowing - Financial corporations",,PC,0,-0.5,True,-5.500000000000005,-5.561666666666671,0.2217737942571786,0.27806110669304,False,Normal transmission
2020-12-28,-0.553,EST.B.EU000A2X2A25.WT,B,EU000A2X2A25,WT,A,F,,,,,P1D,,,,"ESA 2010 Sectors: S.121, S.122, S.123, S.124, S.125, S.126, S.127, S.128, S.129",,3,,,,,A,Euro short-term rate,"Euro short-term rate, Volume-weighted trimmed mean rate - Unsecured - Overnight - Borrowing - Financial corporations",,PC,0,-0.5,True,-5.300000000000004,-5.558333333333338,0.22420606945829372,1.1522138270274984,False,Normal transmission
2020-12-29,-0.557,EST.B.EU000A2X2A25.WT,B,EU000A2X2A25,WT,A,F,,,,,P1D,,,,"ESA 2010 Sectors: S.121, S.122, S.123, S.124, S.125, S.126, S.127, S.128, S.129",,3,,,,,A,Euro short-term rate,"Euro short-term rate, Volume-weighted trimmed mean rate - Unsecured - Overnight - Borrowing - Financial corporations",,PC,0,-0.5,True,-5.700000000000005,-5.561666666666671,0.22481002651709114,-0.6153343579754299,False,Normal transmission
2020-12-30,-0.555,EST.B.EU000A2X2A25.WT,B,EU000A2X2A25,WT,A,F,,,,,P1D,,,,"ESA 2010 Sectors: S.121, S.122, S.123, S.124, S.125, S.126, S.127, S.128, S.129",,3,,,,,A,Euro short-term rate,"Euro short-term rate, Volume-weighted trimmed mean rate - Unsecured - Overnight - Borrowing - Financial corporations",,PC,0,-0.5,True,-5.500000000000005,-5.560000000000004,0.22489168767755072,0.26679509865223033,False,Normal transmission
2020-12-31,-0.583,EST.B.EU000A2X2A25.WT,B,EU000A2X2A25,WT,A,F,,,,,P1D,,,,"ESA 2010 Sectors: S.121, S.122, S.123, S.124, S.125, S.126, S.127, S.128, S.129",,3,,,,,A,Euro short-term rate,"Euro short-term rate, Volume-weighted trimmed mean rate - Unsecured - Overnight - Borrowing - Financial corporations",,PC,0,-0.5,True,-8.299999999999997,-5.606666666666671,0.4189845135549597,-6.42824077310445,True,Unusually below policy rate
2021-01-04,-0.566,EST.B.EU000A2X2A25.WT,B,EU000A2X2A25,WT,A,F,,,,,P1D,,,,"ESA 2010 Sectors: S.121, S.122, S.123, S.124, S.125, S.126, S.127, S.128, S.129",,3,,,,,A,Euro short-term rate,"Euro short-term rate, Volume-weighted trimmed mean rate - Unsecured - Overnight - Borrowing - Financial corporations",,PC,0,-0.5,True,-6.599999999999994,-5.628333333333338,0.43611989747289387,-2.227980590422495,True,Unusually below policy rate
2021-01-05,-0.563,EST.B.EU000A2X2A25.WT,B,EU000A2X2A25,WT,A,F,,,,,P1D,,,,"ESA 2010 Sectors: S.121, S.122, S.123, S.124, S.125, S.126, S.127, S.128, S.129",,3,,,,,A,Euro short-term rate,"Euro short-term rate, Volume-weighted trimmed mean rate - Unsecured - Overnight - Borrowing - Financial corporations",,PC,0,-0.5,True,-6.2999999999999945,-5.645000000000004,0.4424220701271685,-1.4804867212246424,False,Normal transmission
2021-01-06,-0.566,EST.B.EU000A2X2A25.WT,B,EU000A2X2A25,WT,A,F,,,,,P1D,,,,"ESA 2010 Sectors: S.121, S.122, S.123, S.124, S.125, S.126, S.127, S.128, S.129",,3,,,,,A,Euro short-term rate,"Euro short-term rate, Volume-weighted trimmed mean rate - Unsecured - Overnight - Borrowing - Financial corporations",,PC,0,-0.5,True,-6.599999999999994,-5.6616666666666715,0.4592151250486662,-2.043341523722419,True,Unusually below policy rate
2021-01-07,-0.565,EST.B.EU000A2X2A25.WT,B,EU000A2X2A25,WT,A,F,,,,,P1D,,,,"ESA 2010 Sectors: S.121, S.122, S.123, S.124, S.125, S.126, S.127, S.128, S.129",,3,,,,,A,Euro short-term rate,"Euro short-term rate, Volume-weighted trimmed mean rate - Unsecured - Overnight - Borrowing - Financial corporations",,PC,0,-0.5,True,-6.499999999999995,-5.678333333333338,0.47123770196306247,-1.7436352465937925,False,Normal transmission
2021-01-08,-0.562,EST.B.EU000A2X2A25.WT,B,EU000A2X2A25,WT,A,F,,,,,P1D,,,,"ESA 2010 Sectors: S.121, S.122, S.123, S.124, S.125, S.126, S.127, S.128, S.129",,3,,,,,A,Euro short-term rate,"Euro short-term rate, Volume-weighted trimmed mean rate - Unsecured - Overnight - Borrowing - Financial corporations",,PC,0,-0.5,True,-6.2000000000000055,-5.688333333333337,0.47589048258233235,-1.075177347296805,False,Normal transmission
2021-01-11,-0.564,EST.B.EU000A2X2A25.WT,B,EU000A2X2A25,WT,A,F,,,,,P1D,,,,"ESA 2010 Sectors: S.121, S.122, S.123, S.124, S.125, S.126, S.127, S.128, S.129",,3,,,,,A,Euro short-term rate,"Euro short-term rate, Volume-weighted trimmed mean rate - Unsecured - Overnight - Borrowing - Financial corporations",,PC,0,-0.5,True,-6.399999999999995,-5.70166666666667,0.48450277383429197,-1.4413402173259113,False,Normal transmission
2021-01-12,-0.563,EST.B.EU000A2X2A25.WT,B,EU000A2X2A25,WT,A,F,,,,,P1D,,,,"ESA 2010 Sectors: S.121, S.122, S.123, S.124, S.125, S.126, S.127, S.128, S.129",,3,,,,,A,Euro short-term rate,"Euro short-term rate, Volume-weighted trimmed mean rate - Unsecured - Overnight - Borrowing - Financial corporations",,PC,0,-0.5,True,-6.2999999999999945,-5.718333333333336,0.4876410414544188,-1.1928172922685143,False,Normal transmission
2021-01-13,-0.562,EST.B.EU000A2X2A25.WT,B,EU000A2X2A25,WT,A,F,,,,,P1D,,,,"ESA 2010 Sectors: S.121, S.122, S.123, S.124, S.125, S.126, S.127, S.128, S.129",,3,,,,,A,Euro short-term rate,"Euro short-term rate, Volume-weighted trimmed mean rate - Unsecured - Overnight - Borrowing - Financial corporations",,PC,0,-0.5,True,-6.2000000000000055,-5.733333333333337,0.48839643062408183,-0.9555079386439279,False,Normal transmission
2021-01-14,-0.564,EST.B.EU000A2X2A25.WT,B,EU000A2X2A25,WT,A,F,,,,,P1D,,,,"ESA 2010 Sectors: S.121, S.122, S.123, S.124, S.125, S.126, S.127, S.128, S.129",,3,,,,,A,Euro short-term rate,"Euro short-term rate, Volume-weighted trimmed mean rate - Unsecured - Overnight - Borrowing - Financial corporations",,PC,0,-0.5,True,-6.399999999999995,-5.7516666666666705,0.4924830433858761,-1.3164581847853283,False,Normal transmission
2021-01-15,-0.566,EST.B.EU000A2X2A25.WT,B,EU000A2X2A25,WT,A,F,,,,,P1D,,,,"ESA 2010 Sectors: S.121, S.122, S.123, S.124, S.125, S.126, S.127, S.128, S.129",,3,,,,,A,Euro short-term rate,"Euro short-term rate, Volume-weighted trimmed mean rate - Unsecured - Overnight - Borrowing - Financial corporations",,PC,0,-0.5,True,-6.599999999999994,-5.775000000000003,0.49902447207409517,-1.6532255353550984,False,Normal transmission
2021-01-18,-0.565,EST.B.EU000A2X2A25.WT,B,EU000A2X2A25,WT,A,F,,,,,P1D,,,,"ESA 2010 Sectors: S.121, S.122, S.123, S.124, S.125, S.126, S.127, S.128, S.129",,3,,,,,A,Euro short-term rate,"Euro short-term rate, Volume-weighted trimmed mean rate - Unsecured - Overnight - Borrowing - Financial corporations",,PC,0,-0.5,True,-6.499999999999995,-5.7933333333333366,0.5051821845117248,-1.3988352882033532,False,Normal transmission
2021-01-19,-0.564,EST.B.EU000A2X2A25.WT,B,EU000A2X2A25,WT,A,F,,,,,P1D,,,,"ESA 2010 Sectors: S.121, S.122, S.123, S.124, S.125, S.126, S.127, S.128, S.129",,3,,,,,A,Euro short-term rate,"Euro short-term rate, Volume-weighted trimmed mean rate - Unsecured - Overnight - Borrowing - Financial corporations",,PC,0,-0.5,True,-6.399999999999995,-5.811666666666669,0.506932170994026,-1.1605760434964763,False,Normal transmission
2021-01-20,-0.564,EST.B.EU000A2X2A25.WT,B,EU000A2X2A25,WT,A,F,,,,,P1D,,,,"ESA 2010 Sectors: S.121, S.122, S.123, S.124, S.125, S.126, S.127, S.128, S.129",,3,,,,,A,Euro short-term rate,"Euro short-term rate, Volume-weighted trimmed mean rate - Unsecured - Overnight - Borrowing - Financial corporations",,PC,0,-0.5,True,-6.399999999999995,-5.83166666666667,0.5060621207485432,-1.1230505308175873,False,Normal transmission
2021-01-21,-0.562,EST.B.EU000A2X2A25.WT,B,EU000A2X2A25,WT,A,F,,,,,P1D,,,,"ESA 2010 Sectors: S.121, S.122, S.123, S.124, S.125, S.126, S.127, S.128, S.129",,3,,,,,A,Euro short-term rate,"Euro short-term rate, Volume-weighted trimmed mean rate - Unsecured - Overnight - Borrowing - Financial corporations",,PC,0,-0.5,True,-6.2000000000000055,-5.845000000000002,0.5050339810685162,-0.7029229978721798,False,Normal transmission
2021-01-22,-0.561,EST.B.EU000A2X2A25.WT,B,EU000A2X2A25,WT,A,F,,,,,P1D,,,,"ESA 2010 Sectors: S.121, S.122, S.123, S.124, S.125, S.126, S.127, S.128, S.129",,3,,,,,A,Euro short-term rate,"Euro short-term rate, Volume-weighted trimmed mean rate - Unsecured - Overnight - Borrowing - Financial corporations",,PC,0,-0.5,True,-6.100000000000005,-5.855000000000003,0.5040261628937253,-0.48608587814847326,False,Normal transmission
2021-01-25,-0.564,EST.B.EU000A2X2A25.WT,B,EU000A2X2A25,WT,A,F,,,,,P1D,,,,"ESA 2010 Sectors: S.121, S.122, S.123, S.124, S.125, S.126, S.127, S.128, S.129",,3,,,,,A,Euro short-term rate,"Euro short-term rate, Volume-weighted trimmed mean rate - Unsecured - Overnight - Borrowing - Financial corporations",,PC,0,-0.5,True,-6.399999999999995,-5.875000000000003,0.5013963552767032,-1.0470758203063983,False,Normal transmission
2021-01-26,-0.558,EST.B.EU000A2X2A25.WT,B,EU000A2X2A25,WT,A,F,,,,,P1D,,,,"ESA 2010 Sectors: S.121, S.122, S.123, S.124, S.125, S.126, S.127, S.128, S.129",,3,,,,,A,Euro short-term rate,"Euro short-term rate, Volume-weighted trimmed mean rate - Unsecured - Overnight - Borrowing - Financial corporations",,PC,0,-0.5,True,-5.800000000000005,-5.87666666666667,0.5009708089424428,0.1530361955190742,False,Normal transmission
2021-01-27,-0.563,EST.B.EU000A2X2A25.WT,B,EU000A2X2A25,WT,A,F,,,,,P1D,,,,"ESA 2010 Sectors: S.121, S.122, S.123, S.124, S.125, S.126, S.127, S.128, S.129",,3,,,,,A,Euro short-term rate,"Euro short-term rate, Volume-weighted trimmed mean rate - Unsecured - Overnight - Borrowing - Financial corporations",,PC,0,-0.5,True,-6.2999999999999945,-5.890000000000003,0.5014217075611861,-0.8176750105099128,False,Normal transmission
2021-01-28,-0.561,EST.B.EU000A2X2A25.WT,B,EU000A2X2A25,WT,A,F,,,,,P1D,,,,"ESA 2010 Sectors: S.121, S.122, S.123, S.124, S.125, S.126, S.127, S.128, S.129",,3,,,,,A,Euro short-term rate,"Euro short-term rate, Volume-weighted trimmed mean rate - Unsecured - Overnight - Borrowing - Financial corporations",,PC,0,-0.5,True,-6.100000000000005,-5.903333333333336,0.4960749897749759,-0.3964454381299867,False,Normal transmission
2021-01-29,-0.564,EST.B.EU000A2X2A25.WT,B,EU000A2X2A25,WT,A,F,,,,,P1D,,,,"ESA 2010 Sectors: S.121, S.122, S.123, S.124, S.125, S.126, S.127, S.128, S.129",,3,,,,,A,Euro short-term rate,"Euro short-term rate, Volume-weighted trimmed mean rate - Unsecured - Overnight - Borrowing - Financial corporations",,PC,0,-0.5,True,-6.399999999999995,-5.913333333333337,0.49998870043730803,-0.9733553303124696,False,Normal transmission
2021-02-01,-0.566,EST.B.EU000A2X2A25.WT,B,EU000A2X2A25,WT,A,F,,,,,P1D,,,,"ESA 2010 Sectors: S.121, S.122, S.123, S.124, S.125, S.126, S.127, S.128, S.129",,3,,,,,A,Euro short-term rate,"Euro short-term rate, Volume-weighted trimmed mean rate - Unsecured - Overnight - Borrowing - Financial corporations",,PC,0,-0.5,True,-6.599999999999994,-5.930000000000002,0.5059979232221227,-1.324116106511915,False,Normal transmission
2021-02-02,-0.564,EST.B.EU000A2X2A25.WT,B,EU000A2X2A25,WT,A,F,,,,,P1D,,,,"ESA 2010 Sectors: S.121, S.122, S.123, S.124, S.125, S.126, S.127, S.128, S.129",,3,,,,,A,Euro short-term rate,"Euro short-term rate, Volume-weighted trimmed mean rate - Unsecured - Overnight - Borrowing - Financial corporations",,PC,0,-0.5,True,-6.399999999999995,-5.940000000000001,0.5093032794990534,-0.9031946553582887,False,Normal transmission
2021-02-03,-0.558,EST.B.EU000A2X2A25.WT,B,EU000A2X2A25,WT,A,F,,,,,P1D,,,,"ESA 2010 Sectors: S.121, S.122, S.123, S.124, S.125, S.126, S.127, S.128, S.129",,3,,,,,A,Euro short-term rate,"Euro short-term rate, Volume-weighted trimmed mean rate - Unsecured - Overnight - Borrowing - Financial corporations",,PC,0,-0.5,True,-5.800000000000005,-5.940000000000001,0.5093032794990534,0.2748853298916492,False,Normal transmission
2021-02-04,-0.564,EST.B.EU000A2X2A25.WT,B,EU000A2X2A25,WT,A,F,,,,,P1D,,,,"ESA 2010 Sectors: S.121, S.122, S.123, S.124, S.125, S.126, S.127, S.128, S.129",,3,,,,,A,Euro short-term rate,"Euro short-term rate, Volume-weighted trimmed mean rate - Unsecured - Overnight - Borrowing - Financial corporations",,PC,0,-0.5,True,-6.399999999999995,-5.951666666666669,0.5117241267723462,-0.876123109850513,False,Normal transmission
2021-02-05,-0.565,EST.B.EU000A2X2A25.WT,B,EU000A2X2A25,WT,A,F,,,,,P1D,,,,"ESA 2010 Sectors: S.121, S.122, S.123, S.124, S.125, S.126, S.127, S.128, S.129",,3,,,,,A,Euro short-term rate,"Euro short-term rate, Volume-weighted trimmed mean rate - Unsecured - Overnight - Borrowing - Financial corporations",,PC,0,-0.5,True,-6.499999999999995,-5.963333333333336,0.5161679751118716,-1.0397132184544084,False,Normal transmission
2021-02-08,-0.563,EST.B.EU000A2X2A25.WT,B,EU000A2X2A25,WT,A,F,,,,,P1D,,,,"ESA 2010 Sectors: S.121, S.122, S.123, S.124, S.125, S.126, S.127, S.128, S.129",,3,,,,,A,Euro short-term rate,"Euro short-term rate, Volume-weighted trimmed mean rate - Unsecured - Overnight - Borrowing - Financial corporations",,PC,0,-0.5,True,-6.2999999999999945,-5.988333333333334,0.49474926595014634,-0.6299487197178896,False,Normal transmission
2021-02-09,-0.564,EST.B.EU000A2X2A25.WT,B,EU000A2X2A25,WT,A,F,,,,,P1D,,,,"ESA 2010 Sectors: S.121, S.122, S.123, S.124, S.125, S.126, S.127, S.128, S.129",,3,,,,,A,Euro short-term rate,"Euro short-term rate, Volume-weighted trimmed mean rate - Unsecured - Overnight - Borrowing - Financial corporations",,PC,0,-0.5,True,-6.399999999999995,-6.001666666666669,0.49488627923852135,-0.8048987212703482,False,Normal transmission
2021-02-10,-0.564,EST.B.EU000A2X2A25.WT,B,EU000A2X2A25,WT,A,F,,,,,P1D,,,,"ESA 2010 Sectors: S.121, S.122, S.123, S.124, S.125, S.126, S.127, S.128, S.129",,3,,,,,A,Euro short-term rate,"Euro short-term rate, Volume-weighted trimmed mean rate - Unsecured - Overnight - Borrowing - Financial corporations",,PC,0,-0.5,True,-6.399999999999995,-6.0116666666666685,0.496800497647993,-0.781668567507111,False,Normal transmission
2021-02-11,-0.565,EST.B.EU000A2X2A25.WT,B,EU000A2X2A25,WT,A,F,,,,,P1D,,,,"ESA 2010 Sectors: S.121, S.122, S.123, S.124, S.125, S.126, S.127, S.128, S.129",,3,,,,,A,Euro short-term rate,"Euro short-term rate, Volume-weighted trimmed mean rate - Unsecured - Overnight - Borrowing - Financial corporations",,PC,0,-0.5,True,-6.499999999999995,-6.025000000000001,0.4990244720740961,-0.9518571264165668,False,Normal transmission
2021-02-12,-0.564,EST.B.EU000A2X2A25.WT,B,EU000A2X2A25,WT,A,F,,,,,P1D,,,,"ESA 2010 Sectors: S.121, S.122, S.123, S.124, S.125, S.126, S.127, S.128, S.129",,3,,,,,A,Euro short-term rate,"Euro short-term rate, Volume-weighted trimmed mean rate - Unsecured - Overnight - Borrowing - Financial corporations",,PC,0,-0.5,True,-6.399999999999995,-6.036666666666667,0.49947995554247954,-0.7274232515271123,False,Normal transmission
2021-02-15,-0.563,EST.B.EU000A2X2A25.WT,B,EU000A2X2A25,WT,A,F,,,,,P1D,,,,"ESA 2010 Sectors: S.121, S.122, S.123, S.124, S.125, S.126, S.127, S.128, S.129",,3,,,,,A,Euro short-term rate,"Euro short-term rate, Volume-weighted trimmed mean rate - Unsecured - Overnight - Borrowing - Financial corporations",,PC,0,-0.5,True,-6.2999999999999945,-6.046666666666668,0.4986308939101134,-0.5080578368234727,False,Normal transmission
2021-02-16,-0.564,EST.B.EU000A2X2A25.WT,B,EU000A2X2A25,WT,A,F,,,,,P1D,,,,"ESA 2010 Sectors: S.121, S.122, S.123, S.124, S.125, S.126, S.127, S.128, S.129",,3,,,,,A,Euro short-term rate,"Euro short-term rate, Volume-weighted trimmed mean rate - Unsecured - Overnight - Borrowing - Financial corporations",,PC,0,-0.5,True,-6.399999999999995,-6.0583333333333345,0.4985714054452988,-0.6852913402875584,False,Normal transmission
2021-02-17,-0.563,EST.B.EU000A2X2A25.WT,B,EU000A2X2A25,WT,A,F,,,,,P1D,,,,"ESA 2010 Sectors: S.121, S.122, S.123, S.124, S.125, S.126, S.127, S.128, S.129",,3,,,,,A,Euro short-term rate,"Euro short-term rate, Volume-weighted trimmed mean rate - Unsecured - Overnight - Borrowing - Financial corporations",,PC,0,-0.5,True,-6.2999999999999945,-6.068333333333333,0.49727790091103014,-0.4658696198689704,False,Normal transmission
2021-02-18,-0.562,EST.B.EU000A2X2A25.WT,B,EU000A2X2A25,WT,A,F,,,,,P1D,,,,"ESA 2010 Sectors: S.121, S.122, S.123, S.124, S.125, S.126, S.127, S.128, S.129",,3,,,,,A,Euro short-term rate,"Euro short-term rate, Volume-weighted trimmed mean rate - Unsecured - Overnight - Borrowing - Financial corporations",,PC,0,-0.5,True,-6.2000000000000055,-6.078333333333334,0.4937204543116143,-0.2464282482205627,False,Normal transmission
2021-02-19,-0.563,EST.B.EU000A2X2A25.WT,B,EU000A2X2A25,WT,A,F,,,,,P1D,,,,"ESA 2010 Sectors: S.121, S.122, S.123, S.124, S.125, S.126, S.127, S.128, S.129",,3,,,,,A,Euro short-term rate,"Euro short-term rate, Volume-weighted trimmed mean rate - Unsecured - Overnight - Borrowing - Financial corporations",,PC,0,-0.5,True,-6.2999999999999945,-6.093333333333334,0.48637945243547215,-0.4249083007758828,False,Normal transmission
2021-02-22,-0.564,EST.B.EU000A2X2A25.WT,B,EU000A2X2A25,WT,A,F,,,,,P1D,,,,"ESA 2010 Sectors: S.121, S.122, S.123, S.124, S.125, S.126, S.127, S.128, S.129",,3,,,,,A,Euro short-term rate,"Euro short-term rate, Volume-weighted trimmed mean rate - Unsecured - Overnight - Borrowing - Financial corporations",,PC,0,-0.5,True,-6.399999999999995,-6.1066666666666665,0.48358360946650175,-0.6065824556314868,False,Normal transmission
2021-02-23,-0.565,EST.B.EU000A2X2A25.WT,B,EU000A2X2A25,WT,A,F,,,,,P1D,,,,"ESA 2010 Sectors: S.121, S.122, S.123, S.124, S.125, S.126, S.127, S.128, S.129",,3,,,,,A,Euro short-term rate,"Euro short-term rate, Volume-weighted trimmed mean rate - Unsecured - Overnight - Borrowing - Financial corporations",,PC,0,-0.5,True,-6.499999999999995,-6.12,0.4832096081658002,-0.7864082037656998,False,Normal transmission
2021-02-24,-0.564,EST.B.EU000A2X2A25.WT,B,EU000A2X2A25,WT,A,F,,,,,P1D,,,,"ESA 2010 Sectors: S.121, S.122, S.123, S.124, S.125, S.126, S.127, S.128, S.129",,3,,,,,A,Euro short-term rate,"Euro short-term rate, Volume-weighted trimmed mean rate - Unsecured - Overnight - Borrowing - Financial corporations",,PC,0,-0.5,True,-6.399999999999995,-6.126666666666666,0.48428408341214874,-0.5644070137665651,False,Normal transmission
2021-02-25,-0.564,EST.B.EU000A2X2A25.WT,B,EU000A2X2A25,WT,A,F,,,,,P1D,,,,"ESA 2010 Sectors: S.121, S.122, S.123, S.124, S.125, S.126, S.127, S.128, S.129",,3,,,,,A,Euro short-term rate,"Euro short-term rate, Volume-weighted trimmed mean rate - Unsecured - Overnight - Borrowing - Financial corporations",,PC,0,-0.5,True,-6.399999999999995,-6.138333333333334,0.4822586923298543,-0.5425856927586225,False,Normal transmission
2021-02-26,-0.566,EST.B.EU000A2X2A25.WT,B,EU000A2X2A25,WT,A,F,,,,,P1D,,,,"ESA 2010 Sectors: S.121, S.122, S.123, S.124, S.125, S.126, S.127, S.128, S.129",,3,,,,,A,Euro short-term rate,"Euro short-term rate, Volume-weighted trimmed mean rate - Unsecured - Overnight - Borrowing - Financial corporations",,PC,0,-0.5,True,-6.599999999999994,-6.154999999999999,0.480615777335437,-0.9258955302447663,False,Normal transmission
2021-03-01,-0.563,EST.B.EU000A2X2A25.WT,B,EU000A2X2A25,WT,A,F,,,,,P1D,,,,"ESA 2010 Sectors: S.121, S.122, S.123, S.124, S.125, S.126, S.127, S.128, S.129",,3,,,,,A,Euro short-term rate,"Euro short-term rate, Volume-weighted trimmed mean rate - Unsecured - Overnight - Borrowing - Financial corporations",,PC,0,-0.5,True,-6.2999999999999945,-6.166666666666666,0.4753826885415469,-0.28047578623948044,False,Normal transmission
2021-03-02,-0.565,EST.B.EU000A2X2A25.WT,B,EU000A2X2A25,WT,A,F,,,,,P1D,,,,"ESA 2010 Sectors: S.121, S.122, S.123, S.124, S.125, S.126, S.127, S.128, S.129",,3,,,,,A,Euro short-term rate,"Euro short-term rate, Volume-weighted trimmed mean rate - Unsecured - Overnight - Borrowing - Financial corporations",,PC,0,-0.5,True,-6.499999999999995,-6.183333333333333,0.46910179830731735,-0.6750489292714409,False,Normal transmission
2021-03-03,-0.565,EST.B.EU000A2X2A25.WT,B,EU000A2X2A25,WT,A,F,,,,,P1D,,,,"ESA 2010 Sectors: S.121, S.122, S.123, S.124, S.125, S.126, S.127, S.128, S.129",,3,,,,,A,Euro short-term rate,"Euro short-term rate, Volume-weighted trimmed mean rate - Unsecured - Overnight - Borrowing - Financial corporations",,PC,0,-0.5,True,-6.499999999999995,-6.199999999999999,0.4621247905424641,-0.6491753010000634,False,Normal transmission
2021-03-04,-0.565,EST.B.EU000A2X2A25.WT,B,EU000A2X2A25,WT,A,F,,,,,P1D,,,,"ESA 2010 Sectors: S.121, S.122, S.123, S.124, S.125, S.126, S.127, S.128, S.129",,3,,,,,A,Euro short-term rate,"Euro short-term rate, Volume-weighted trimmed mean rate - Unsecured - Overnight - Borrowing - Financial corporations",,PC,0,-0.5,True,-6.499999999999995,-6.209999999999999,0.4620147477285353,-0.6276855910460895,False,Normal transmission
2021-03-05,-0.562,EST.B.EU000A2X2A25.WT,B,EU000A2X2A25,WT,A,F,,,,,P1D,,,,"ESA 2010 Sectors: S.121, S.122, S.123, S.124, S.125, S.126, S.127, S.128, S.129",,3,,,,,A,Euro short-term rate,"Euro short-term rate, Volume-weighted trimmed mean rate - Unsecured - Overnight - Borrowing - Financial corporations",,PC,0,-0.5,True,-6.2000000000000055,-6.219999999999999,0.4550284029130987,0.04395330021588335,False,Normal transmission
2021-03-08,-0.558,EST.B.EU000A2X2A25.WT,B,EU000A2X2A25,WT,A,F,,,,,P1D,,,,"ESA 2010 Sectors: S.121, S.122, S.123, S.124, S.125, S.126, S.127, S.128, S.129",,3,,,,,A,Euro short-term rate,"Euro short-term rate, Volume-weighted trimmed mean rate - Unsecured - Overnight - Borrowing - Financial corporations",,PC,0,-0.5,True,-5.800000000000005,-6.223333333333332,0.4511253975269,0.9383939269526138,False,Normal transmission
2021-03-09,-0.56,EST.B.EU000A2X2A25.WT,B,EU000A2X2A25,WT,A,F,,,,,P1D,,,,"ESA 2010 Sectors: S.121, S.122, S.123, S.124, S.125, S.126, S.127, S.128, S.129",,3,,,,,A,Euro short-term rate,"Euro short-term rate, Volume-weighted trimmed mean rate - Unsecured - Overnight - Borrowing - Financial corporations",,PC,0,-0.5,True,-6.000000000000005,-6.228333333333333,0.4468692094959089,0.5109623318887843,False,Normal transmission
2021-03-10,-0.562,EST.B.EU000A2X2A25.WT,B,EU000A2X2A25,WT,A,F,,,,,P1D,,,,"ESA 2010 Sectors: S.121, S.122, S.123, S.124, S.125, S.126, S.127, S.128, S.129",,3,,,,,A,Euro short-term rate,"Euro short-term rate, Volume-weighted trimmed mean rate - Unsecured - Overnight - Borrowing - Financial corporations",,PC,0,-0.5,True,-6.2000000000000055,-6.2349999999999985,0.44334055471797923,0.0789460824811244,False,Normal transmission
2021-03-11,-0.561,EST.B.EU000A2X2A25.WT,B,EU000A2X2A25,WT,A,F,,,,,P1D,,,,"ESA 2010 Sectors: S.121, S.122, S.123, S.124, S.125, S.126, S.127, S.128, S.129",,3,,,,,A,Euro short-term rate,"Euro short-term rate, Volume-weighted trimmed mean rate - Unsecured - Overnight - Borrowing - Financial corporations",,PC,0,-0.5,True,-6.100000000000005,-6.251666666666665,0.41802265232057223,0.3628192535134445,False,Normal transmission
2021-03-12,-0.562,EST.B.EU000A2X2A25.WT,B,EU000A2X2A25,WT,A,F,,,,,P1D,,,,"ESA 2010 Sectors: S.121, S.122, S.123, S.124, S.125, S.126, S.127, S.128, S.129",,3,,,,,A,Euro short-term rate,"Euro short-term rate, Volume-weighted trimmed mean rate - Unsecured - Overnight - Borrowing - Financial corporations",,PC,0,-0.5,True,-6.2000000000000055,-6.259999999999999,0.4117758152610679,0.14571035446060157,False,Normal transmission
2021-03-15,-0.564,EST.B.EU000A2X2A25.WT,B,EU000A2X2A25,WT,A,F,,,,,P1D,,,,"ESA 2010 Sectors: S.121, S.122, S.123, S.124, S.125, S.126, S.127, S.128, S.129",,3,,,,,A,Euro short-term rate,"Euro short-term rate, Volume-weighted trimmed mean rate - Unsecured - Overnight - Borrowing - Financial corporations",,PC,0,-0.5,True,-6.399999999999995,-6.273333333333331,0.40289909855426354,-0.3143880617285731,False,Normal transmission
2021-03-16,-0.562,EST.B.EU000A2X2A25.WT,B,EU000A2X2A25,WT,A,F,,,,,P1D,,,,"ESA 2010 Sectors: S.121, S.122, S.123, S.124, S.125, S.126, S.127, S.128, S.129",,3,,,,,A,Euro short-term rate,"Euro short-term rate, Volume-weighted trimmed mean rate - Unsecured - Overnight - Borrowing - Financial corporations",,PC,0,-0.5,True,-6.2000000000000055,-6.279999999999999,0.39821636227867346,0.20089581337697401,False,Normal transmission
2021-03-17,-0.561,EST.B.EU000A2X2A25.WT,B,EU000A2X2A25,WT,A,F,,,,,P1D,,,,"ESA 2010 Sectors: S.121, S.122, S.123, S.124, S.125, S.126, S.127, S.128, S.129",,3,,,,,A,Euro short-term rate,"Euro short-term rate, Volume-weighted trimmed mean rate - Unsecured - Overnight - Borrowing - Financial corporations",,PC,0,-0.5,True,-6.100000000000005,-6.286666666666664,0.3916357122039121,0.4766334142925866,False,Normal transmission
2021-03-18,-0.566,EST.B.EU000A2X2A25.WT,B,EU000A2X2A25,WT,A,F,,,,,P1D,,,,"ESA 2010 Sectors: S.121, S.122, S.123, S.124, S.125, S.126, S.127, S.128, S.129",,3,,,,,A,Euro short-term rate,"Euro short-term rate, Volume-weighted trimmed mean rate - Unsecured - Overnight - Borrowing - Financial corporations",,PC,0,-0.5,True,-6.599999999999994,-6.299999999999998,0.388390856775926,-0.7724177713407785,False,Normal transmission
2021-03-19,-0.565,EST.B.EU000A2X2A25.WT,B,EU000A2X2A25,WT,A,F,,,,,P1D,,,,"ESA 2010 Sectors: S.121, S.122, S.123, S.124, S.125, S.126, S.127, S.128, S.129",,3,,,,,A,Euro short-term rate,"Euro short-term rate, Volume-weighted trimmed mean rate - Unsecured - Overnight - Borrowing - Financial corporations",,PC,0,-0.5,True,-6.499999999999995,-6.309999999999999,0.38563177307737356,-0.4926979913604633,False,Normal transmission
2021-03-22,-0.566,EST.B.EU000A2X2A25.WT,B,EU000A2X2A25,WT,A,F,,,,,P1D,,,,"ESA 2010 Sectors: S.121, S.122, S.123, S.124, S.125, S.126, S.127, S.128, S.129",,3,,,,,A,Euro short-term rate,"Euro short-term rate, Volume-weighted trimmed mean rate - Unsecured - Overnight - Borrowing - Financial corporations",,PC,0,-0.5,True,-6.599999999999994,-6.328333333333331,0.37239111327065433,-0.7295197360663526,False,Normal transmission
2021-03-23,-0.563,EST.B.EU000A2X2A25.WT,B,EU000A2X2A25,WT,A,F,,,,,P1D,,,,"ESA 2010 Sectors: S.121, S.122, S.123, S.124, S.125, S.126, S.127, S.128, S.129",,3,,,,,A,Euro short-term rate,"Euro short-term rate, Volume-weighted trimmed mean rate - Unsecured - Overnight - Borrowing - Financial corporations",,PC,0,-0.5,True,-6.2999999999999945,-6.344999999999998,0.34710668510917125,0.12964313835053387,False,Normal transmission
2021-03-24,-0.564,EST.B.EU000A2X2A25.WT,B,EU000A2X2A25,WT,A,F,,,,,P1D,,,,"ESA 2010 Sectors: S.121, S.122, S.123, S.124, S.125, S.126, S.127, S.128, S.129",,3,,,,,A,Euro short-term rate,"Euro short-term rate, Volume-weighted trimmed mean rate - Unsecured - Overnight - Borrowing - Financial corporations",,PC,0,-0.5,True,-6.399999999999995,-6.356666666666665,0.33666694635556593,-0.12871276435781867,False,Normal transmission
2021-03-25,-0.564,EST.B.EU000A2X2A25.WT,B,EU000A2X2A25,WT,A,F,,,,,P1D,,,,"ESA 2010 Sectors: S.121, S.122, S.123, S.124, S.125, S.126, S.127, S.128, S.129",,3,,,,,A,Euro short-term rate,"Euro short-term rate, Volume-weighted trimmed mean rate - Unsecured - Overnight - Borrowing - Financial corporations",,PC,0,-0.5,True,-6.399999999999995,-6.371666666666665,0.31734687574961684,-0.08928190411959326,False,Normal transmission
2021-03-26,-0.568,EST.B.EU000A2X2A25.WT,B,EU000A2X2A25,WT,A,F,,,,,P1D,,,,"ESA 2010 Sectors: S.121, S.122, S.123, S.124, S.125, S.126, S.127, S.128, S.129",,3,,,,,A,Euro short-term rate,"Euro short-term rate, Volume-weighted trimmed mean rate - Unsecured - Overnight - Borrowing - Financial corporations",,PC,0,-0.5,True,-6.799999999999995,-6.346666666666664,0.20039508998579675,-2.2621978081671656,True,Unusually below policy rate
2021-03-29,-0.57,EST.B.EU000A2X2A25.WT,B,EU000A2X2A25,WT,A,F,,,,,P1D,,,,"ESA 2010 Sectors: S.121, S.122, S.123, S.124, S.125, S.126, S.127, S.128, S.129",,3,,,,,A,Euro short-term rate,"Euro short-term rate, Volume-weighted trimmed mean rate - Unsecured - Overnight - Borrowing - Financial corporations",,PC,0,-0.5,True,-6.999999999999995,-6.35333333333333,0.21508111726897317,-3.006617572373707,True,Unusually below policy rate
2021-03-30,-0.57,EST.B.EU000A2X2A25.WT,B,EU000A2X2A25,WT,A,F,,,,,P1D,,,,"ESA 2010 Sectors: S.121, S.122, S.123, S.124, S.125, S.126, S.127, S.128, S.129",,3,,,,,A,Euro short-term rate,"Euro short-term rate, Volume-weighted trimmed mean rate - Unsecured - Overnight - Borrowing - Financial corporations",,PC,0,-0.5,True,-6.999999999999995,-6.3649999999999975,0.23056672992687513,-2.7540833848898716,True,Unusually below policy rate
2021-03-31,-0.574,EST.B.EU000A2X2A25.WT,B,EU000A2X2A25,WT,A,F,,,,,P1D,,,,"ESA 2010 Sectors: S.121, S.122, S.123, S.124, S.125, S.126, S.127, S.128, S.129",,3,,,,,A,Euro short-term rate,"Euro short-term rate, Volume-weighted trimmed mean rate - Unsecured - Overnight - Borrowing - Financial corporations",,PC,0,-0.5,True,-7.399999999999995,-6.37833333333333,0.26495389216195975,-3.856016827418958,True,Unusually below policy rate
2021-04-01,-0.566,EST.B.EU000A2X2A25.WT,B,EU000A2X2A25,WT,A,F,,,,,P1D,,,,"ESA 2010 Sectors: S.121, S.122, S.123, S.124, S.125, S.126, S.127, S.128, S.129",,3,,,,,A,Euro short-term rate,"Euro short-term rate, Volume-weighted trimmed mean rate - Unsecured - Overnight - Borrowing - Financial corporations",,PC,0,-0.5,True,-6.599999999999994,-6.379999999999997,0.26604447187823527,-0.8269294169009755,False,Normal transmission
2021-04-06,-0.567,EST.B.EU000A2X2A25.WT,B,EU000A2X2A25,WT,A,F,,,,,P1D,,,,"ESA 2010 Sectors: S.121, S.122, S.123, S.124, S.125, S.126, S.127, S.128, S.129",,3,,,,,A,Euro short-term rate,"Euro short-term rate, Volume-weighted trimmed mean rate - Unsecured - Overnight - Borrowing - Financial corporations",,PC,0,-0.5,True,-6.699999999999995,-6.388333333333331,0.2681333254670309,-1.1623570704007316,False,Normal transmission
2021-04-07,-0.567,EST.B.EU000A2X2A25.WT,B,EU000A2X2A25,WT,A,F,,,,,P1D,,,,"ESA 2010 Sectors: S.121, S.122, S.123, S.124, S.125, S.126, S.127, S.128, S.129",,3,,,,,A,Euro short-term rate,"Euro short-term rate, Volume-weighted trimmed mean rate - Unsecured - Overnight - Borrowing - Financial corporations",,PC,0,-0.5,True,-6.699999999999995,-6.393333333333331,0.2711348821044708,-1.131048370782858,False,Normal transmission
2021-04-08,-0.57,EST.B.EU000A2X2A25.WT,B,EU000A2X2A25,WT,A,F,,,,,P1D,,,,"ESA 2010 Sectors: S.121, S.122, S.123, S.124, S.125, S.126, S.127, S.128, S.129",,3,,,,,A,Euro short-term rate,"Euro short-term rate, Volume-weighted trimmed mean rate - Unsecured - Overnight - Borrowing - Financial corporations",,PC,0,-0.5,True,-6.999999999999995,-6.404999999999998,0.2818973247388758,-2.110697575974342,True,Unusually below policy rate
2021-04-09,-0.568,EST.B.EU000A2X2A25.WT,B,EU000A2X2A25,WT,A,F,,,,,P1D,,,,"ESA 2010 Sectors: S.121, S.122, S.123, S.124, S.125, S.126, S.127, S.128, S.129",,3,,,,,A,Euro short-term rate,"Euro short-term rate, Volume-weighted trimmed mean rate - Unsecured - Overnight - Borrowing - Financial corporations",,PC,0,-0.5,True,-6.799999999999995,-6.414999999999997,0.28512560419841554,-1.350282101400059,False,Normal transmission
2021-04-12,-0.567,EST.B.EU000A2X2A25.WT,B,EU000A2X2A25,WT,A,F,,,,,P1D,,,,"ESA 2010 Sectors: S.121, S.122, S.123, S.124, S.125, S.126, S.127, S.128, S.129",,3,,,,,A,Euro short-term rate,"Euro short-term rate, Volume-weighted trimmed mean rate - Unsecured - Overnight - Borrowing - Financial corporations",,PC,0,-0.5,True,-6.699999999999995,-6.419999999999997,0.287478812778664,-0.9739848209807918,False,Normal transmission
2021-04-13,-0.563,EST.B.EU000A2X2A25.WT,B,EU000A2X2A25,WT,A,F,,,,,P1D,,,,"ESA 2010 Sectors: S.121, S.122, S.123, S.124, S.125, S.126, S.127, S.128, S.129",,3,,,,,A,Euro short-term rate,"Euro short-term rate, Volume-weighted trimmed mean rate - Unsecured - Overnight - Borrowing - Financial corporations",,PC,0,-0.5,True,-6.2999999999999945,-6.414999999999997,0.28690339719503827,0.40083178214102966,False,Normal transmission
2021-04-14,-0.56,EST.B.EU000A2X2A25.WT,B,EU000A2X2A25,WT,A,F,,,,,P1D,,,,"ESA 2010 Sectors: S.121, S.122, S.123, S.124, S.125, S.126, S.127, S.128, S.129",,3,,,,,A,Euro short-term rate,"Euro short-term rate, Volume-weighted trimmed mean rate - Unsecured - Overnight - Borrowing - Financial corporations",,PC,0,-0.5,True,-6.000000000000005,-6.4066666666666645,0.29161541115417533,1.394530779622127,False,Normal transmission
2021-04-15,-0.566,EST.B.EU000A2X2A25.WT,B,EU000A2X2A25,WT,A,F,,,,,P1D,,,,"ESA 2010 Sectors: S.121, S.122, S.123, S.124, S.125, S.126, S.127, S.128, S.129",,3,,,,,A,Euro short-term rate,"Euro short-term rate, Volume-weighted trimmed mean rate - Unsecured - Overnight - Borrowing - Financial corporations",,PC,0,-0.5,True,-6.599999999999994,-6.4099999999999975,0.2926790340102488,-0.6491753010000147,False,Normal transmission
2021-04-16,-0.565,EST.B.EU000A2X2A25.WT,B,EU000A2X2A25,WT,A,F,,,,,P1D,,,,"ESA 2010 Sectors: S.121, S.122, S.123, S.124, S.125, S.126, S.127, S.128, S.129",,3,,,,,A,Euro short-term rate,"Euro short-term rate, Volume-weighted trimmed mean rate - Unsecured - Overnight - Borrowing - Financial corporations",,PC,0,-0.5,True,-6.499999999999995,-6.4116666666666635,0.29290576182580347,-0.30157594983011854,False,Normal transmission
2021-04-19,-0.567,EST.B.EU000A2X2A25.WT,B,EU000A2X2A25,WT,A,F,,,,,P1D,,,,"ESA 2010 Sectors: S.121, S.122, S.123, S.124, S.125, S.126, S.127, S.128, S.129",,3,,,,,A,Euro short-term rate,"Euro short-term rate, Volume-weighted trimmed mean rate - Unsecured - Overnight - Borrowing - Financial corporations",,PC,0,-0.5,True,-6.699999999999995,-6.419999999999997,0.2938926357633891,-0.9527288741777921,False,Normal transmission
2021-04-20,-0.567,EST.B.EU000A2X2A25.WT,B,EU000A2X2A25,WT,A,F,,,,,P1D,,,,"ESA 2010 Sectors: S.121, S.122, S.123, S.124, S.125, S.126, S.127, S.128, S.129",,3,,,,,A,Euro short-term rate,"Euro short-term rate, Volume-weighted trimmed mean rate - Unsecured - Overnight - Borrowing - Financial corporations",,PC,0,-0.5,True,-6.699999999999995,-6.429999999999996,0.29302629025341903,-0.9214190295570188,False,Normal transmission
2021-04-21,-0.565,EST.B.EU000A2X2A25.WT,B,EU000A2X2A25,WT,A,F,,,,,P1D,,,,"ESA 2010 Sectors: S.121, S.122, S.123, S.124, S.125, S.126, S.127, S.128, S.129",,3,,,,,A,Euro short-term rate,"Euro short-term rate, Volume-weighted trimmed mean rate - Unsecured - Overnight - Borrowing - Financial corporations",,PC,0,-0.5,True,-6.499999999999995,-6.431666666666663,0.29313713263776975,-0.23311046512067526,False,Normal transmission
2021-04-22,-0.565,EST.B.EU000A2X2A25.WT,B,EU000A2X2A25,WT,A,F,,,,,P1D,,,,"ESA 2010 Sectors: S.121, S.122, S.123, S.124, S.125, S.126, S.127, S.128, S.129",,3,,,,,A,Euro short-term rate,"Euro short-term rate, Volume-weighted trimmed mean rate - Unsecured - Overnight - Borrowing - Financial corporations",,PC,0,-0.5,True,-6.499999999999995,-6.44333333333333,0.2812602791593376,-0.2014741179808133,False,Normal transmission
2021-04-23,-0.565,EST.B.EU000A2X2A25.WT,B,EU000A2X2A25,WT,A,F,,,,,P1D,,,,"ESA 2010 Sectors: S.121, S.122, S.123, S.124, S.125, S.126, S.127, S.128, S.129",,3,,,,,A,Euro short-term rate,"Euro short-term rate, Volume-weighted trimmed mean rate - Unsecured - Overnight - Borrowing - Financial corporations",,PC,0,-0.5,True,-6.499999999999995,-6.446666666666663,0.28071740218060187,-0.18998940898939873,False,Normal transmission
2021-04-26,-0.567,EST.B.EU000A2X2A25.WT,B,EU000A2X2A25,WT,A,F,,,,,P1D,,,,"ESA 2010 Sectors: S.121, S.122, S.123, S.124, S.125, S.126, S.127, S.128, S.129",,3,,,,,A,Euro short-term rate,"Euro short-term rate, Volume-weighted trimmed mean rate - Unsecured - Overnight - Borrowing - Financial corporations",,PC,0,-0.5,True,-6.699999999999995,-6.4566666666666634,0.2788394025768216,-0.8726648066400583,False,Normal transmission
2021-04-27,-0.56,EST.B.EU000A2X2A25.WT,B,EU000A2X2A25,WT,A,F,,,,,P1D,,,,"ESA 2010 Sectors: S.121, S.122, S.123, S.124, S.125, S.126, S.127, S.128, S.129",,3,,,,,A,Euro short-term rate,"Euro short-term rate, Volume-weighted trimmed mean rate - Unsecured - Overnight - Borrowing - Financial corporations",,PC,0,-0.5,True,-6.000000000000005,-6.449999999999997,0.28493234403623996,1.5793222827056683,False,Normal transmission
2021-04-28,-0.566,EST.B.EU000A2X2A25.WT,B,EU000A2X2A25,WT,A,F,,,,,P1D,,,,"ESA 2010 Sectors: S.121, S.122, S.123, S.124, S.125, S.126, S.127, S.128, S.129",,3,,,,,A,Euro short-term rate,"Euro short-term rate, Volume-weighted trimmed mean rate - Unsecured - Overnight - Borrowing - Financial corporations",,PC,0,-0.5,True,-6.599999999999994,-6.4499999999999975,0.28493234403623996,-0.5264407609018884,False,Normal transmission
2021-04-29,-0.566,EST.B.EU000A2X2A25.WT,B,EU000A2X2A25,WT,A,F,,,,,P1D,,,,"ESA 2010 Sectors: S.121, S.122, S.123, S.124, S.125, S.126, S.127, S.128, S.129",,3,,,,,A,Euro short-term rate,"Euro short-term rate, Volume-weighted trimmed mean rate - Unsecured - Overnight - Borrowing - Financial corporations",,PC,0,-0.5,True,-6.599999999999994,-6.4533333333333305,0.2855067850223623,-0.5137064138604488,False,Normal transmission
2021-04-30,-0.569,EST.B.EU000A2X2A25.WT,B,EU000A2X2A25,WT,A,F,,,,,P1D,,,,"ESA 2010 Sectors: S.121, S.122, S.123, S.124, S.125, S.126, S.127, S.128, S.129",,3,,,,,A,Euro short-term rate,"Euro short-term rate, Volume-weighted trimmed mean rate - Unsecured - Overnight - Borrowing - Financial corporations",,PC,0,-0.5,True,-6.899999999999995,-6.471666666666664,0.27806331839990744,-1.5404165346157128,False,Normal transmission
2021-05-03,-0.567,EST.B.EU000A2X2A25.WT,B,EU000A2X2A25,WT,A,F,,,,,P1D,,,,"ESA 2010 Sectors: S.121, S.122, S.123, S.124, S.125, S.126, S.127, S.128, S.129",,3,,,,,A,Euro short-term rate,"Euro short-term rate, Volume-weighted trimmed mean rate - Unsecured - Overnight - Borrowing - Financial corporations",,PC,0,-0.5,True,-6.699999999999995,-6.476666666666663,0.27944658788442245,-0.7991986412290755,False,Normal transmission
2021-05-04,-0.564,EST.B.EU000A2X2A25.WT,B,EU000A2X2A25,WT,A,F,,,,,P1D,,,,"ESA 2010 Sectors: S.121, S.122, S.123, S.124, S.125, S.126, S.127, S.128, S.129",,3,,,,,A,Euro short-term rate,"Euro short-term rate, Volume-weighted trimmed mean rate - Unsecured - Overnight - Borrowing - Financial corporations",,PC,0,-0.5,True,-6.399999999999995,-6.474999999999996,0.27960322977697377,0.26823724482662453,False,Normal transmission
2021-05-05,-0.566,EST.B.EU000A2X2A25.WT,B,EU000A2X2A25,WT,A,F,,,,,P1D,,,,"ESA 2010 Sectors: S.121, S.122, S.123, S.124, S.125, S.126, S.127, S.128, S.129",,3,,,,,A,Euro short-term rate,"Euro short-term rate, Volume-weighted trimmed mean rate - Unsecured - Overnight - Borrowing - Financial corporations",,PC,0,-0.5,True,-6.599999999999994,-6.479999999999998,0.2791026783905271,-0.429949295692855,False,Normal transmission
2021-05-06,-0.565,EST.B.EU000A2X2A25.WT,B,EU000A2X2A25,WT,A,F,,,,,P1D,,,,"ESA 2010 Sectors: S.121, S.122, S.123, S.124, S.125, S.126, S.127, S.128, S.129",,3,,,,,A,Euro short-term rate,"Euro short-term rate, Volume-weighted trimmed mean rate - Unsecured - Overnight - Borrowing - Financial corporations",,PC,0,-0.5,True,-6.499999999999995,-6.481666666666663,0.2789153730269357,-0.06573080979498844,False,Normal transmission
2021-05-07,-0.563,EST.B.EU000A2X2A25.WT,B,EU000A2X2A25,WT,A,F,,,,,P1D,,,,"ESA 2010 Sectors: S.121, S.122, S.123, S.124, S.125, S.126, S.127, S.128, S.129",,3,,,,,A,Euro short-term rate,"Euro short-term rate, Volume-weighted trimmed mean rate - Unsecured - Overnight - Borrowing - Financial corporations",,PC,0,-0.5,True,-6.2999999999999945,-6.479999999999996,0.27970929218675145,0.6435252779511601,False,Normal transmission
2021-05-10,-0.567,EST.B.EU000A2X2A25.WT,B,EU000A2X2A25,WT,A,F,,,,,P1D,,,,"ESA 2010 Sectors: S.121, S.122, S.123, S.124, S.125, S.126, S.127, S.128, S.129",,3,,,,,A,Euro short-term rate,"Euro short-term rate, Volume-weighted trimmed mean rate - Unsecured - Overnight - Borrowing - Financial corporations",,PC,0,-0.5,True,-6.699999999999995,-6.48333333333333,0.2811397304235371,-0.7706725276440174,False,Normal transmission
2021-05-11,-0.564,EST.B.EU000A2X2A25.WT,B,EU000A2X2A25,WT,A,F,,,,,P1D,,,,"ESA 2010 Sectors: S.121, S.122, S.123, S.124, S.125, S.126, S.127, S.128, S.129",,3,,,,,A,Euro short-term rate,"Euro short-term rate, Volume-weighted trimmed mean rate - Unsecured - Overnight - Borrowing - Financial corporations",,PC,0,-0.5,True,-6.399999999999995,-6.483333333333331,0.2811397304235371,0.29641251063232504,False,Normal transmission
2021-05-12,-0.564,EST.B.EU000A2X2A25.WT,B,EU000A2X2A25,WT,A,F,,,,,P1D,,,,"ESA 2010 Sectors: S.121, S.122, S.123, S.124, S.125, S.126, S.127, S.128, S.129",,3,,,,,A,Euro short-term rate,"Euro short-term rate, Volume-weighted trimmed mean rate - Unsecured - Overnight - Borrowing - Financial corporations",,PC,0,-0.5,True,-6.399999999999995,-6.484999999999997,0.28032970902623233,0.303214383859856,False,Normal transmission
2021-05-13,-0.564,EST.B.EU000A2X2A25.WT,B,EU000A2X2A25,WT,A,F,,,,,P1D,,,,"ESA 2010 Sectors: S.121, S.122, S.123, S.124, S.125, S.126, S.127, S.128, S.129",,3,,,,,A,Euro short-term rate,"Euro short-term rate, Volume-weighted trimmed mean rate - Unsecured - Overnight - Borrowing - Financial corporations",,PC,0,-0.5,True,-6.399999999999995,-6.484999999999997,0.28032970902623233,0.303214383859856,False,Normal transmission
2021-05-14,-0.564,EST.B.EU000A2X2A25.WT,B,EU000A2X2A25,WT,A,F,,,,,P1D,,,,"ESA 2010 Sectors: S.121, S.122, S.123, S.124, S.125, S.126, S.127, S.128, S.129",,3,,,,,A,Euro short-term rate,"Euro short-term rate, Volume-weighted trimmed mean rate - Unsecured - Overnight - Borrowing - Financial corporations",,PC,0,-0.5,True,-6.399999999999995,-6.486666666666664,0.27950723386941334,0.3100694943271472,False,Normal transmission
2021-05-17,-0.565,EST.B.EU000A2X2A25.WT,B,EU000A2X2A25,WT,A,F,,,,,P1D,,,,"ESA 2010 Sectors: S.121, S.122, S.123, S.124, S.125, S.126, S.127, S.128, S.129",,3,,,,,A,Euro short-term rate,"Euro short-term rate, Volume-weighted trimmed mean rate - Unsecured - Overnight - Borrowing - Financial corporations",,PC,0,-0.5,True,-6.499999999999995,-6.491666666666663,0.2769639679598104,-0.030088149713905034,False,Normal transmission
2021-05-18,-0.558,EST.B.EU000A2X2A25.WT,B,EU000A2X2A25,WT,A,F,,,,,P1D,,,,"ESA 2010 Sectors: S.121, S.122, S.123, S.124, S.125, S.126, S.127, S.128, S.129",,3,,,,,A,Euro short-term rate,"Euro short-term rate, Volume-weighted trimmed mean rate - Unsecured - Overnight - Borrowing - Financial corporations",,PC,0,-0.5,True,-5.800000000000005,-6.48333333333333,0.29004188281234633,2.35598157999627,True,Unusually above policy rate
2021-05-19,-0.564,EST.B.EU000A2X2A25.WT,B,EU000A2X2A25,WT,A,F,,,,,P1D,,,,"ESA 2010 Sectors: S.121, S.122, S.123, S.124, S.125, S.126, S.127, S.128, S.129",,3,,,,,A,Euro short-term rate,"Euro short-term rate, Volume-weighted trimmed mean rate - Unsecured - Overnight - Borrowing - Financial corporations",,PC,0,-0.5,True,-6.399999999999995,-6.483333333333331,0.29004188281234633,0.2873148268288252,False,Normal transmission
2021-05-20,-0.563,EST.B.EU000A2X2A25.WT,B,EU000A2X2A25,WT,A,F,,,,,P1D,,,,"ESA 2010 Sectors: S.121, S.122, S.123, S.124, S.125, S.126, S.127, S.128, S.129",,3,,,,,A,Euro short-term rate,"Euro short-term rate, Volume-weighted trimmed mean rate - Unsecured - Overnight - Borrowing - Financial corporations",,PC,0,-0.5,True,-6.2999999999999945,-6.479999999999996,0.29099478706965703,0.6185677819613788,False,Normal transmission
2021-05-21,-0.564,EST.B.EU000A2X2A25.WT,B,EU000A2X2A25,WT,A,F,,,,,P1D,,,,"ESA 2010 Sectors: S.121, S.122, S.123, S.124, S.125, S.126, S.127, S.128, S.129",,3,,,,,A,Euro short-term rate,"Euro short-term rate, Volume-weighted trimmed mean rate - Unsecured - Overnight - Borrowing - Financial corporations",,PC,0,-0.5,True,-6.399999999999995,-6.479999999999998,0.29099478706965703,0.2749190142050644,False,Normal transmission
2021-05-24,-0.566,EST.B.EU000A2X2A25.WT,B,EU000A2X2A25,WT,A,F,,,,,P1D,,,,"ESA 2010 Sectors: S.121, S.122, S.123, S.124, S.125, S.126, S.127, S.128, S.129",,3,,,,,A,Euro short-term rate,"Euro short-term rate, Volume-weighted trimmed mean rate - Unsecured - Overnight - Borrowing - Financial corporations",,PC,0,-0.5,True,-6.599999999999994,-6.48333333333333,0.2912082757873233,-0.4006296399071745,False,Normal transmission
2021-05-25,-0.565,EST.B.EU000A2X2A25.WT,B,EU000A2X2A25,WT,A,F,,,,,P1D,,,,"ESA 2010 Sectors: S.121, S.122, S.123, S.124, S.125, S.126, S.127, S.128, S.129",,3,,,,,A,Euro short-term rate,"Euro short-term rate, Volume-weighted trimmed mean rate - Unsecured - Overnight - Borrowing - Financial corporations",,PC,0,-0.5,True,-6.499999999999995,-6.481666666666664,0.29081514115964413,-0.06304119262919228,False,Normal transmission
2021-05-26,-0.565,EST.B.EU000A2X2A25.WT,B,EU000A2X2A25,WT,A,F,,,,,P1D,,,,"ESA 2010 Sectors: S.121, S.122, S.123, S.124, S.125, S.126, S.127, S.128, S.129",,3,,,,,A,Euro short-term rate,"Euro short-term rate, Volume-weighted trimmed mean rate - Unsecured - Overnight - Borrowing - Financial corporations",,PC,0,-0.5,True,-6.499999999999995,-6.484999999999997,0.28984215458813317,-0.05175230642800376,False,Normal transmission
2021-05-27,-0.564,EST.B.EU000A2X2A25.WT,B,EU000A2X2A25,WT,A,F,,,,,P1D,,,,"ESA 2010 Sectors: S.121, S.122, S.123, S.124, S.125, S.126, S.127, S.128, S.129",,3,,,,,A,Euro short-term rate,"Euro short-term rate, Volume-weighted trimmed mean rate - Unsecured - Overnight - Borrowing - Financial corporations",,PC,0,-0.5,True,-6.399999999999995,-6.48333333333333,0.29004188281234633,0.28731482682882215,False,Normal transmission
2021-05-28,-0.566,EST.B.EU000A2X2A25.WT,B,EU000A2X2A25,WT,A,F,,,,,P1D,,,,"ESA 2010 Sectors: S.121, S.122, S.123, S.124, S.125, S.126, S.127, S.128, S.129",,3,,,,,A,Euro short-term rate,"Euro short-term rate, Volume-weighted trimmed mean rate - Unsecured - Overnight - Borrowing - Financial corporations",,PC,0,-0.5,True,-6.599999999999994,-6.484999999999997,0.290426337695359,-0.3959695973600924,False,Normal transmission
2021-05-31,-0.571,EST.B.EU000A2X2A25.WT,B,EU000A2X2A25,WT,A,F,,,,,P1D,,,,"ESA 2010 Sectors: S.121, S.122, S.123, S.124, S.125, S.126, S.127, S.128, S.129",,3,,,,,A,Euro short-term rate,"Euro short-term rate, Volume-weighted trimmed mean rate - Unsecured - Overnight - Borrowing - Financial corporations",,PC,0,-0.5,True,-7.099999999999995,-6.494999999999996,0.3010856063861263,-2.0093952921287084,True,Unusually below policy rate
2021-06-01,-0.564,EST.B.EU000A2X2A25.WT,B,EU000A2X2A25,WT,A,F,,,,,P1D,,,,"ESA 2010 Sectors: S.121, S.122, S.123, S.124, S.125, S.126, S.127, S.128, S.129",,3,,,,,A,Euro short-term rate,"Euro short-term rate, Volume-weighted trimmed mean rate - Unsecured - Overnight - Borrowing - Financial corporations",,PC,0,-0.5,True,-6.399999999999995,-6.49833333333333,0.29886319452145343,0.3290245675476666,False,Normal transmission
2021-06-02,-0.563,EST.B.EU000A2X2A25.WT,B,EU000A2X2A25,WT,A,F,,,,,P1D,,,,"ESA 2010 Sectors: S.121, S.122, S.123, S.124, S.125, S.126, S.127, S.128, S.129",,3,,,,,A,Euro short-term rate,"Euro short-term rate, Volume-weighted trimmed mean rate - Unsecured - Overnight - Borrowing - Financial corporations",,PC,0,-0.5,True,-6.2999999999999945,-6.506666666666662,0.28574414694643274,0.7232577425476043,False,Normal transmission
2021-06-03,-0.563,EST.B.EU000A2X2A25.WT,B,EU000A2X2A25,WT,A,F,,,,,P1D,,,,"ESA 2010 Sectors: S.121, S.122, S.123, S.124, S.125, S.126, S.127, S.128, S.129",,3,,,,,A,Euro short-term rate,"Euro short-term rate, Volume-weighted trimmed mean rate - Unsecured - Overnight - Borrowing - Financial corporations",,PC,0,-0.5,True,-6.2999999999999945,-6.511666666666662,0.279279743521193,0.7579019659569601,False,Normal transmission
2021-06-04,-0.563,EST.B.EU000A2X2A25.WT,B,EU000A2X2A25,WT,A,F,,,,,P1D,,,,"ESA 2010 Sectors: S.121, S.122, S.123, S.124, S.125, S.126, S.127, S.128, S.129",,3,,,,,A,Euro short-term rate,"Euro short-term rate, Volume-weighted trimmed mean rate - Unsecured - Overnight - Borrowing - Financial corporations",,PC,0,-0.5,True,-6.2999999999999945,-6.51333333333333,0.27768209274778394,0.7682646411308355,False,Normal transmission
2021-06-07,-0.564,EST.B.EU000A2X2A25.WT,B,EU000A2X2A25,WT,A,F,,,,,P1D,,,,"ESA 2010 Sectors: S.121, S.122, S.123, S.124, S.125, S.126, S.127, S.128, S.129",,3,,,,,A,Euro short-term rate,"Euro short-term rate, Volume-weighted trimmed mean rate - Unsecured - Overnight - Borrowing - Financial corporations",,PC,0,-0.5,True,-6.399999999999995,-6.518333333333329,0.27277088334769256,0.4338195187148998,False,Normal transmission
2021-06-08,-0.563,EST.B.EU000A2X2A25.WT,B,EU000A2X2A25,WT,A,F,,,,,P1D,,,,"ESA 2010 Sectors: S.121, S.122, S.123, S.124, S.125, S.126, S.127, S.128, S.129",,3,,,,,A,Euro short-term rate,"Euro short-term rate, Volume-weighted trimmed mean rate - Unsecured - Overnight - Borrowing - Financial corporations",,PC,0,-0.5,True,-6.2999999999999945,-6.519999999999996,0.2710932043112655,0.8115290110607146,False,Normal transmission
2021-06-09,-0.564,EST.B.EU000A2X2A25.WT,B,EU000A2X2A25,WT,A,F,,,,,P1D,,,,"ESA 2010 Sectors: S.121, S.122, S.123, S.124, S.125, S.126, S.127, S.128, S.129",,3,,,,,A,Euro short-term rate,"Euro short-term rate, Volume-weighted trimmed mean rate - Unsecured - Overnight - Borrowing - Financial corporations",,PC,0,-0.5,True,-6.399999999999995,-6.519999999999996,0.2710932043112655,0.44265218785129945,False,Normal transmission
2021-06-10,-0.561,EST.B.EU000A2X2A25.WT,B,EU000A2X2A25,WT,A,F,,,,,P1D,,,,"ESA 2010 Sectors: S.121, S.122, S.123, S.124, S.125, S.126, S.127, S.128, S.129",,3,,,,,A,Euro short-term rate,"Euro short-term rate, Volume-weighted trimmed mean rate - Unsecured - Overnight - Borrowing - Financial corporations",,PC,0,-0.5,True,-6.100000000000005,-6.518333333333329,0.27339154678432914,1.5301619170520129,False,Normal transmission
2021-06-11,-0.566,EST.B.EU000A2X2A25.WT,B,EU000A2X2A25,WT,A,F,,,,,P1D,,,,"ESA 2010 Sectors: S.121, S.122, S.123, S.124, S.125, S.126, S.127, S.128, S.129",,3,,,,,A,Euro short-term rate,"Euro short-term rate, Volume-weighted trimmed mean rate - Unsecured - Overnight - Borrowing - Financial corporations",,PC,0,-0.5,True,-6.599999999999994,-6.526666666666662,0.26799106149192514,-0.2736409674452593,False,Normal transmission
2021-06-14,-0.565,EST.B.EU000A2X2A25.WT,B,EU000A2X2A25,WT,A,F,,,,,P1D,,,,"ESA 2010 Sectors: S.121, S.122, S.123, S.124, S.125, S.126, S.127, S.128, S.129",,3,,,,,A,Euro short-term rate,"Euro short-term rate, Volume-weighted trimmed mean rate - Unsecured - Overnight - Borrowing - Financial corporations",,PC,0,-0.5,True,-6.499999999999995,-6.524999999999995,0.2678381752768153,0.09333994294936646,False,Normal transmission
2021-06-15,-0.561,EST.B.EU000A2X2A25.WT,B,EU000A2X2A25,WT,A,F,,,,,P1D,,,,"ESA 2010 Sectors: S.121, S.122, S.123, S.124, S.125, S.126, S.127, S.128, S.129",,3,,,,,A,Euro short-term rate,"Euro short-term rate, Volume-weighted trimmed mean rate - Unsecured - Overnight - Borrowing - Financial corporations",,PC,0,-0.5,True,-6.100000000000005,-6.518333333333329,0.27339154678432914,1.5301619170520129,False,Normal transmission
2021-06-16,-0.562,EST.B.EU000A2X2A25.WT,B,EU000A2X2A25,WT,A,F,,,,,P1D,,,,"ESA 2010 Sectors: S.121, S.122, S.123, S.124, S.125, S.126, S.127, S.128, S.129",,3,,,,,A,Euro short-term rate,"Euro short-term rate, Volume-weighted trimmed mean rate - Unsecured - Overnight - Borrowing - Financial corporations",,PC,0,-0.5,True,-6.2000000000000055,-6.511666666666662,0.2762286369785477,1.1282923815421109,False,Normal transmission
2021-06-17,-0.563,EST.B.EU000A2X2A25.WT,B,EU000A2X2A25,WT,A,F,,,,,P1D,,,,"ESA 2010 Sectors: S.121, S.122, S.123, S.124, S.125, S.126, S.127, S.128, S.129",,3,,,,,A,Euro short-term rate,"Euro short-term rate, Volume-weighted trimmed mean rate - Unsecured - Overnight - Borrowing - Financial corporations",,PC,0,-0.5,True,-6.2999999999999945,-6.511666666666662,0.2762286369785477,0.7662734355927988,False,Normal transmission
2021-06-18,-0.563,EST.B.EU000A2X2A25.WT,B,EU000A2X2A25,WT,A,F,,,,,P1D,,,,"ESA 2010 Sectors: S.121, S.122, S.123, S.124, S.125, S.126, S.127, S.128, S.129",,3,,,,,A,Euro short-term rate,"Euro short-term rate, Volume-weighted trimmed mean rate - Unsecured - Overnight - Borrowing - Financial corporations",,PC,0,-0.5,True,-6.2999999999999945,-6.509999999999996,0.2772137399681684,0.7575382086909379,False,Normal transmission
2021-06-21,-0.564,EST.B.EU000A2X2A25.WT,B,EU000A2X2A25,WT,A,F,,,,,P1D,,,,"ESA 2010 Sectors: S.121, S.122, S.123, S.124, S.125, S.126, S.127, S.128, S.129",,3,,,,,A,Euro short-term rate,"Euro short-term rate, Volume-weighted trimmed mean rate - Unsecured - Overnight - Borrowing - Financial corporations",,PC,0,-0.5,True,-6.399999999999995,-6.509999999999995,0.2772137399681684,0.39680572836191774,False,Normal transmission
2021-06-22,-0.564,EST.B.EU000A2X2A25.WT,B,EU000A2X2A25,WT,A,F,,,,,P1D,,,,"ESA 2010 Sectors: S.121, S.122, S.123, S.124, S.125, S.126, S.127, S.128, S.129",,3,,,,,A,Euro short-term rate,"Euro short-term rate, Volume-weighted trimmed mean rate - Unsecured - Overnight - Borrowing - Financial corporations",,PC,0,-0.5,True,-6.399999999999995,-6.503333333333329,0.2749216632133152,0.3758646449521759,False,Normal transmission
2021-06-23,-0.563,EST.B.EU000A2X2A25.WT,B,EU000A2X2A25,WT,A,F,,,,,P1D,,,,"ESA 2010 Sectors: S.121, S.122, S.123, S.124, S.125, S.126, S.127, S.128, S.129",,3,,,,,A,Euro short-term rate,"Euro short-term rate, Volume-weighted trimmed mean rate - Unsecured - Overnight - Borrowing - Financial corporations",,PC,0,-0.5,True,-6.2999999999999945,-6.491666666666663,0.26825971899668233,0.7144817245895894,False,Normal transmission
2021-06-24,-0.565,EST.B.EU000A2X2A25.WT,B,EU000A2X2A25,WT,A,F,,,,,P1D,,,,"ESA 2010 Sectors: S.121, S.122, S.123, S.124, S.125, S.126, S.127, S.128, S.129",,3,,,,,A,Euro short-term rate,"Euro short-term rate, Volume-weighted trimmed mean rate - Unsecured - Overnight - Borrowing - Financial corporations",,PC,0,-0.5,True,-6.499999999999995,-6.48333333333333,0.25983480192962255,-0.06414331930477532,False,Normal transmission
2021-06-25,-0.565,EST.B.EU000A2X2A25.WT,B,EU000A2X2A25,WT,A,F,,,,,P1D,,,,"ESA 2010 Sectors: S.121, S.122, S.123, S.124, S.125, S.126, S.127, S.128, S.129",,3,,,,,A,Euro short-term rate,"Euro short-term rate, Volume-weighted trimmed mean rate - Unsecured - Overnight - Borrowing - Financial corporations",,PC,0,-0.5,True,-6.499999999999995,-6.46833333333333,0.23032156346918767,-0.13748893585858654,False,Normal transmission
2021-06-28,-0.566,EST.B.EU000A2X2A25.WT,B,EU000A2X2A25,WT,A,F,,,,,P1D,,,,"ESA 2010 Sectors: S.121, S.122, S.123, S.124, S.125, S.126, S.127, S.128, S.129",,3,,,,,A,Euro short-term rate,"Euro short-term rate, Volume-weighted trimmed mean rate - Unsecured - Overnight - Borrowing - Financial corporations",,PC,0,-0.5,True,-6.599999999999994,-6.468333333333329,0.23032156346918767,-0.5716645227804706,False,Normal transmission
2021-06-29,-0.568,EST.B.EU000A2X2A25.WT,B,EU000A2X2A25,WT,A,F,,,,,P1D,,,,"ESA 2010 Sectors: S.121, S.122, S.123, S.124, S.125, S.126, S.127, S.128, S.129",,3,,,,,A,Euro short-term rate,"Euro short-term rate, Volume-weighted trimmed mean rate - Unsecured - Overnight - Borrowing - Financial corporations",,PC,0,-0.5,True,-6.799999999999995,-6.469999999999996,0.23237900077249016,-1.4200938936091068,False,Normal transmission
2021-06-30,-0.581,EST.B.EU000A2X2A25.WT,B,EU000A2X2A25,WT,A,F,,,,,P1D,,,,"ESA 2010 Sectors: S.121, S.122, S.123, S.124, S.125, S.126, S.127, S.128, S.129",,3,,,,,A,Euro short-term rate,"Euro short-term rate, Volume-weighted trimmed mean rate - Unsecured - Overnight - Borrowing - Financial corporations",,PC,0,-0.5,True,-8.099999999999996,-6.493333333333329,0.3123810508081046,-5.143291062343091,True,Unusually below policy rate
2021-07-01,-0.565,EST.B.EU000A2X2A25.WT,B,EU000A2X2A25,WT,A,F,,,,,P1D,,,,"ESA 2010 Sectors: S.121, S.122, S.123, S.124, S.125, S.126, S.127, S.128, S.129",,3,,,,,A,Euro short-term rate,"Euro short-term rate, Volume-weighted trimmed mean rate - Unsecured - Overnight - Borrowing - Financial corporations",,PC,0,-0.5,True,-6.499999999999995,-6.484999999999996,0.3052228971574273,-0.04914441262334955,False,Normal transmission
2021-07-02,-0.565,EST.B.EU000A2X2A25.WT,B,EU000A2X2A25,WT,A,F,,,,,P1D,,,,"ESA 2010 Sectors: S.121, S.122, S.123, S.124, S.125, S.126, S.127, S.128, S.129",,3,,,,,A,Euro short-term rate,"Euro short-term rate, Volume-weighted trimmed mean rate - Unsecured - Overnight - Borrowing - Financial corporations",,PC,0,-0.5,True,-6.499999999999995,-6.479999999999995,0.3024196209220973,-0.0661332751460314,False,Normal transmission
2021-07-05,-0.566,EST.B.EU000A2X2A25.WT,B,EU000A2X2A25,WT,A,F,,,,,P1D,,,,"ESA 2010 Sectors: S.121, S.122, S.123, S.124, S.125, S.126, S.127, S.128, S.129",,3,,,,,A,Euro short-term rate,"Euro short-term rate, Volume-weighted trimmed mean rate - Unsecured - Overnight - Borrowing - Financial corporations",,PC,0,-0.5,True,-6.599999999999994,-6.478333333333329,0.30146066256390286,-0.40359052365870346,False,Normal transmission
2021-07-06,-0.565,EST.B.EU000A2X2A25.WT,B,EU000A2X2A25,WT,A,F,,,,,P1D,,,,"ESA 2010 Sectors: S.121, S.122, S.123, S.124, S.125, S.126, S.127, S.128, S.129",,3,,,,,A,Euro short-term rate,"Euro short-term rate, Volume-weighted trimmed mean rate - Unsecured - Overnight - Borrowing - Financial corporations",,PC,0,-0.5,True,-6.499999999999995,-6.481666666666663,0.30055974146933145,-0.060997302046197216,False,Normal transmission
2021-07-07,-0.565,EST.B.EU000A2X2A25.WT,B,EU000A2X2A25,WT,A,F,,,,,P1D,,,,"ESA 2010 Sectors: S.121, S.122, S.123, S.124, S.125, S.126, S.127, S.128, S.129",,3,,,,,A,Euro short-term rate,"Euro short-term rate, Volume-weighted trimmed mean rate - Unsecured - Overnight - Borrowing - Financial corporations",,PC,0,-0.5,True,-6.499999999999995,-6.489999999999996,0.29383495886444233,-0.03403271019433836,False,Normal transmission
2021-07-08,-0.566,EST.B.EU000A2X2A25.WT,B,EU000A2X2A25,WT,A,F,,,,,P1D,,,,"ESA 2010 Sectors: S.121, S.122, S.123, S.124, S.125, S.126, S.127, S.128, S.129",,3,,,,,A,Euro short-term rate,"Euro short-term rate, Volume-weighted trimmed mean rate - Unsecured - Overnight - Borrowing - Financial corporations",,PC,0,-0.5,True,-6.599999999999994,-6.489999999999996,0.29383495886444233,-0.3743598121377582,False,Normal transmission
2021-07-09,-0.566,EST.B.EU000A2X2A25.WT,B,EU000A2X2A25,WT,A,F,,,,,P1D,,,,"ESA 2010 Sectors: S.121, S.122, S.123, S.124, S.125, S.126, S.127, S.128, S.129",,3,,,,,A,Euro short-term rate,"Euro short-term rate, Volume-weighted trimmed mean rate - Unsecured - Overnight - Borrowing - Financial corporations",,PC,0,-0.5,True,-6.599999999999994,-6.491666666666663,0.2941760493694548,-0.3682602086931833,False,Normal transmission
2021-07-12,-0.568,EST.B.EU000A2X2A25.WT,B,EU000A2X2A25,WT,A,F,,,,,P1D,,,,"ESA 2010 Sectors: S.121, S.122, S.123, S.124, S.125, S.126, S.127, S.128, S.129",,3,,,,,A,Euro short-term rate,"Euro short-term rate, Volume-weighted trimmed mean rate - Unsecured - Overnight - Borrowing - Financial corporations",,PC,0,-0.5,True,-6.799999999999995,-6.493333333333329,0.2956559307346161,-1.0372417218375838,False,Normal transmission
2021-07-13,-0.566,EST.B.EU000A2X2A25.WT,B,EU000A2X2A25,WT,A,F,,,,,P1D,,,,"ESA 2010 Sectors: S.121, S.122, S.123, S.124, S.125, S.126, S.127, S.128, S.129",,3,,,,,A,Euro short-term rate,"Euro short-term rate, Volume-weighted trimmed mean rate - Unsecured - Overnight - Borrowing - Financial corporations",,PC,0,-0.5,True,-6.599999999999994,-6.491666666666663,0.29475164303777407,-0.36754106683452176,False,Normal transmission
2021-07-14,-0.566,EST.B.EU000A2X2A25.WT,B,EU000A2X2A25,WT,A,F,,,,,P1D,,,,"ESA 2010 Sectors: S.121, S.122, S.123, S.124, S.125, S.126, S.127, S.128, S.129",,3,,,,,A,Euro short-term rate,"Euro short-term rate, Volume-weighted trimmed mean rate - Unsecured - Overnight - Borrowing - Financial corporations",,PC,0,-0.5,True,-6.599999999999994,-6.493333333333329,0.2950821009951377,-0.36148131759582125,False,Normal transmission
2021-07-15,-0.566,EST.B.EU000A2X2A25.WT,B,EU000A2X2A25,WT,A,F,,,,,P1D,,,,"ESA 2010 Sectors: S.121, S.122, S.123, S.124, S.125, S.126, S.127, S.128, S.129",,3,,,,,A,Euro short-term rate,"Euro short-term rate, Volume-weighted trimmed mean rate - Unsecured - Overnight - Borrowing - Financial corporations",,PC,0,-0.5,True,-6.599999999999994,-6.494999999999996,0.2954026267053626,-0.3554470763211143,False,Normal transmission
2021-07-16,-0.567,EST.B.EU000A2X2A25.WT,B,EU000A2X2A25,WT,A,F,,,,,P1D,,,,"ESA 2010 Sectors: S.121, S.122, S.123, S.124, S.125, S.126, S.127, S.128, S.129",,3,,,,,A,Euro short-term rate,"Euro short-term rate, Volume-weighted trimmed mean rate - Unsecured - Overnight - Borrowing - Financial corporations",,PC,0,-0.5,True,-6.699999999999995,-6.4983333333333295,0.29658603614495943,-0.6799600860780198,False,Normal transmission
2021-07-19,-0.566,EST.B.EU000A2X2A25.WT,B,EU000A2X2A25,WT,A,F,,,,,P1D,,,,"ESA 2010 Sectors: S.121, S.122, S.123, S.124, S.125, S.126, S.127, S.128, S.129",,3,,,,,A,Euro short-term rate,"Euro short-term rate, Volume-weighted trimmed mean rate - Unsecured - Overnight - Borrowing - Financial corporations",,PC,0,-0.5,True,-6.599999999999994,-6.496666666666662,0.2957132524653517,-0.34943761387711236,False,Normal transmission
2021-07-20,-0.567,EST.B.EU000A2X2A25.WT,B,EU000A2X2A25,WT,A,F,,,,,P1D,,,,"ESA 2010 Sectors: S.121, S.122, S.123, S.124, S.125, S.126, S.127, S.128, S.129",,3,,,,,A,Euro short-term rate,"Euro short-term rate, Volume-weighted trimmed mean rate - Unsecured - Overnight - Borrowing - Financial corporations",,PC,0,-0.5,True,-6.699999999999995,-6.508333333333328,0.2895301083062698,-0.6619921768685909,False,Normal transmission
2021-07-21,-0.568,EST.B.EU000A2X2A25.WT,B,EU000A2X2A25,WT,A,F,,,,,P1D,,,,"ESA 2010 Sectors: S.121, S.122, S.123, S.124, S.125, S.126, S.127, S.128, S.129",,3,,,,,A,Euro short-term rate,"Euro short-term rate, Volume-weighted trimmed mean rate - Unsecured - Overnight - Borrowing - Financial corporations",,PC,0,-0.5,True,-6.799999999999995,-6.511666666666661,0.29174615543149945,-0.9883020837305712,False,Normal transmission
2021-07-22,-0.563,EST.B.EU000A2X2A25.WT,B,EU000A2X2A25,WT,A,F,,,,,P1D,,,,"ESA 2010 Sectors: S.121, S.122, S.123, S.124, S.125, S.126, S.127, S.128, S.129",,3,,,,,A,Euro short-term rate,"Euro short-term rate, Volume-weighted trimmed mean rate - Unsecured - Overnight - Borrowing - Financial corporations",,PC,0,-0.5,True,-6.2999999999999945,-6.506666666666662,0.2927755353924144,0.7058877593364055,False,Normal transmission
2021-07-23,-0.567,EST.B.EU000A2X2A25.WT,B,EU000A2X2A25,WT,A,F,,,,,P1D,,,,"ESA 2010 Sectors: S.121, S.122, S.123, S.124, S.125, S.126, S.127, S.128, S.129",,3,,,,,A,Euro short-term rate,"Euro short-term rate, Volume-weighted trimmed mean rate - Unsecured - Overnight - Borrowing - Financial corporations",,PC,0,-0.5,True,-6.699999999999995,-6.5033333333333285,0.2893397900813418,-0.6797083339674008,False,Normal transmission
2021-07-26,-0.567,EST.B.EU000A2X2A25.WT,B,EU000A2X2A25,WT,A,F,,,,,P1D,,,,"ESA 2010 Sectors: S.121, S.122, S.123, S.124, S.125, S.126, S.127, S.128, S.129",,3,,,,,A,Euro short-term rate,"Euro short-term rate, Volume-weighted trimmed mean rate - Unsecured - Overnight - Borrowing - Financial corporations",,PC,0,-0.5,True,-6.699999999999995,-6.5033333333333285,0.2893397900813418,-0.6797083339674008,False,Normal transmission
2021-07-27,-0.563,EST.B.EU000A2X2A25.WT,B,EU000A2X2A25,WT,A,F,,,,,P1D,,,,"ESA 2010 Sectors: S.121, S.122, S.123, S.124, S.125, S.126, S.127, S.128, S.129",,3,,,,,A,Euro short-term rate,"Euro short-term rate, Volume-weighted trimmed mean rate - Unsecured - Overnight - Borrowing - Financial corporations",,PC,0,-0.5,True,-6.2999999999999945,-6.5016666666666625,0.2902317406433303,0.6948470426413453,False,Normal transmission
2021-07-28,-0.567,EST.B.EU000A2X2A25.WT,B,EU000A2X2A25,WT,A,F,,,,,P1D,,,,"ESA 2010 Sectors: S.121, S.122, S.123, S.124, S.125, S.126, S.127, S.128, S.129",,3,,,,,A,Euro short-term rate,"Euro short-term rate, Volume-weighted trimmed mean rate - Unsecured - Overnight - Borrowing - Financial corporations",,PC,0,-0.5,True,-6.699999999999995,-6.5033333333333285,0.291091846805879,-0.6756172281177556,False,Normal transmission
2021-07-29,-0.567,EST.B.EU000A2X2A25.WT,B,EU000A2X2A25,WT,A,F,,,,,P1D,,,,"ESA 2010 Sectors: S.121, S.122, S.123, S.124, S.125, S.126, S.127, S.128, S.129",,3,,,,,A,Euro short-term rate,"Euro short-term rate, Volume-weighted trimmed mean rate - Unsecured - Overnight - Borrowing - Financial corporations",,PC,0,-0.5,True,-6.699999999999995,-6.506666666666662,0.2921960490380859,-0.6616562200953399,False,Normal transmission
2021-07-30,-0.571,EST.B.EU000A2X2A25.WT,B,EU000A2X2A25,WT,A,F,,,,,P1D,,,,"ESA 2010 Sectors: S.121, S.122, S.123, S.124, S.125, S.126, S.127, S.128, S.129",,3,,,,,A,Euro short-term rate,"Euro short-term rate, Volume-weighted trimmed mean rate - Unsecured - Overnight - Borrowing - Financial corporations",,PC,0,-0.5,True,-7.099999999999995,-6.519999999999996,0.3007335664107397,-1.9286174367640736,False,Normal transmission
2021-08-02,-0.565,EST.B.EU000A2X2A25.WT,B,EU000A2X2A25,WT,A,F,,,,,P1D,,,,"ESA 2010 Sectors: S.121, S.122, S.123, S.124, S.125, S.126, S.127, S.128, S.129",,3,,,,,A,Euro short-term rate,"Euro short-term rate, Volume-weighted trimmed mean rate - Unsecured - Overnight - Borrowing - Financial corporations",,PC,0,-0.5,True,-6.499999999999995,-6.516666666666662,0.29981161693593306,0.05559046322821109,False,Normal transmission
2021-08-03,-0.57,EST.B.EU000A2X2A25.WT,B,EU000A2X2A25,WT,A,F,,,,,P1D,,,,"ESA 2010 Sectors: S.121, S.122, S.123, S.124, S.125, S.126, S.127, S.128, S.129",,3,,,,,A,Euro short-term rate,"Euro short-term rate, Volume-weighted trimmed mean rate - Unsecured - Overnight - Borrowing - Financial corporations",,PC,0,-0.5,True,-6.999999999999995,-6.526666666666661,0.30580079184627107,-1.5478486189508716,False,Normal transmission
2021-08-04,-0.57,EST.B.EU000A2X2A25.WT,B,EU000A2X2A25,WT,A,F,,,,,P1D,,,,"ESA 2010 Sectors: S.121, S.122, S.123, S.124, S.125, S.126, S.127, S.128, S.129",,3,,,,,A,Euro short-term rate,"Euro short-term rate, Volume-weighted trimmed mean rate - Unsecured - Overnight - Borrowing - Financial corporations",,PC,0,-0.5,True,-6.999999999999995,-6.536666666666662,0.31134844323902716,-1.488150473833025,False,Normal transmission
2021-08-05,-0.566,EST.B.EU000A2X2A25.WT,B,EU000A2X2A25,WT,A,F,,,,,P1D,,,,"ESA 2010 Sectors: S.121, S.122, S.123, S.124, S.125, S.126, S.127, S.128, S.129",,3,,,,,A,Euro short-term rate,"Euro short-term rate, Volume-weighted trimmed mean rate - Unsecured - Overnight - Borrowing - Financial corporations",,PC,0,-0.5,True,-6.599999999999994,-6.539999999999996,0.31093080597090406,-0.19296897846015726,False,Normal transmission
2021-08-06,-0.569,EST.B.EU000A2X2A25.WT,B,EU000A2X2A25,WT,A,F,,,,,P1D,,,,"ESA 2010 Sectors: S.121, S.122, S.123, S.124, S.125, S.126, S.127, S.128, S.129",,3,,,,,A,Euro short-term rate,"Euro short-term rate, Volume-weighted trimmed mean rate - Unsecured - Overnight - Borrowing - Financial corporations",,PC,0,-0.5,True,-6.899999999999995,-6.548333333333329,0.3138020895603636,-1.1206638781766887,False,Normal transmission
2021-08-09,-0.568,EST.B.EU000A2X2A25.WT,B,EU000A2X2A25,WT,A,F,,,,,P1D,,,,"ESA 2010 Sectors: S.121, S.122, S.123, S.124, S.125, S.126, S.127, S.128, S.129",,3,,,,,A,Euro short-term rate,"Euro short-term rate, Volume-weighted trimmed mean rate - Unsecured - Overnight - Borrowing - Financial corporations",,PC,0,-0.5,True,-6.799999999999995,-6.553333333333329,0.3154048604392799,-0.7820636191944579,False,Normal transmission
2021-08-10,-0.567,EST.B.EU000A2X2A25.WT,B,EU000A2X2A25,WT,A,F,,,,,P1D,,,,"ESA 2010 Sectors: S.121, S.122, S.123, S.124, S.125, S.126, S.127, S.128, S.129",,3,,,,,A,Euro short-term rate,"Euro short-term rate, Volume-weighted trimmed mean rate - Unsecured - Overnight - Borrowing - Financial corporations",,PC,0,-0.5,True,-6.699999999999995,-6.568333333333329,0.2999952918651628,-0.4388957768238756,False,Normal transmission
2021-08-11,-0.567,EST.B.EU000A2X2A25.WT,B,EU000A2X2A25,WT,A,F,,,,,P1D,,,,"ESA 2010 Sectors: S.121, S.122, S.123, S.124, S.125, S.126, S.127, S.128, S.129",,3,,,,,A,Euro short-term rate,"Euro short-term rate, Volume-weighted trimmed mean rate - Unsecured - Overnight - Borrowing - Financial corporations",,PC,0,-0.5,True,-6.699999999999995,-6.573333333333328,0.2996419709160994,-0.42272671708641896,False,Normal transmission
2021-08-12,-0.568,EST.B.EU000A2X2A25.WT,B,EU000A2X2A25,WT,A,F,,,,,P1D,,,,"ESA 2010 Sectors: S.121, S.122, S.123, S.124, S.125, S.126, S.127, S.128, S.129",,3,,,,,A,Euro short-term rate,"Euro short-term rate, Volume-weighted trimmed mean rate - Unsecured - Overnight - Borrowing - Financial corporations",,PC,0,-0.5,True,-6.799999999999995,-6.581666666666663,0.2988631945214554,-0.7305460737075092,False,Normal transmission
2021-08-13,-0.569,EST.B.EU000A2X2A25.WT,B,EU000A2X2A25,WT,A,F,,,,,P1D,,,,"ESA 2010 Sectors: S.121, S.122, S.123, S.124, S.125, S.126, S.127, S.128, S.129",,3,,,,,A,Euro short-term rate,"Euro short-term rate, Volume-weighted trimmed mean rate - Unsecured - Overnight - Borrowing - Financial corporations",,PC,0,-0.5,True,-6.899999999999995,-6.5899999999999945,0.30067720176468016,-1.031006003051128,False,Normal transmission
2021-08-16,-0.569,EST.B.EU000A2X2A25.WT,B,EU000A2X2A25,WT,A,F,,,,,P1D,,,,"ESA 2010 Sectors: S.121, S.122, S.123, S.124, S.125, S.126, S.127, S.128, S.129",,3,,,,,A,Euro short-term rate,"Euro short-term rate, Volume-weighted trimmed mean rate - Unsecured - Overnight - Borrowing - Financial corporations",,PC,0,-0.5,True,-6.899999999999995,-6.594999999999995,0.3033289873656858,-1.0055089117885703,False,Normal transmission
2021-08-17,-0.568,EST.B.EU000A2X2A25.WT,B,EU000A2X2A25,WT,A,F,,,,,P1D,,,,"ESA 2010 Sectors: S.121, S.122, S.123, S.124, S.125, S.126, S.127, S.128, S.129",,3,,,,,A,Euro short-term rate,"Euro short-term rate, Volume-weighted trimmed mean rate - Unsecured - Overnight - Borrowing - Financial corporations",,PC,0,-0.5,True,-6.799999999999995,-6.599999999999995,0.3042077791269926,-0.6574453834611161,False,Normal transmission
2021-08-18,-0.567,EST.B.EU000A2X2A25.WT,B,EU000A2X2A25,WT,A,F,,,,,P1D,,,,"ESA 2010 Sectors: S.121, S.122, S.123, S.124, S.125, S.126, S.127, S.128, S.129",,3,,,,,A,Euro short-term rate,"Euro short-term rate, Volume-weighted trimmed mean rate - Unsecured - Overnight - Borrowing - Financial corporations",,PC,0,-0.5,True,-6.699999999999995,-6.603333333333328,0.30418920665656246,-0.31778467003862454,False,Normal transmission
2021-08-19,-0.567,EST.B.EU000A2X2A25.WT,B,EU000A2X2A25,WT,A,F,,,,,P1D,,,,"ESA 2010 Sectors: S.121, S.122, S.123, S.124, S.125, S.126, S.127, S.128, S.129",,3,,,,,A,Euro short-term rate,"Euro short-term rate, Volume-weighted trimmed mean rate - Unsecured - Overnight - Borrowing - Financial corporations",,PC,0,-0.5,True,-6.699999999999995,-6.608333333333329,0.30325447537699973,-0.30227638537801554,False,Normal transmission
2021-08-20,-0.567,EST.B.EU000A2X2A25.WT,B,EU000A2X2A25,WT,A,F,,,,,P1D,,,,"ESA 2010 Sectors: S.121, S.122, S.123, S.124, S.125, S.126, S.127, S.128, S.129",,3,,,,,A,Euro short-term rate,"Euro short-term rate, Volume-weighted trimmed mean rate - Unsecured - Overnight - Borrowing - Financial corporations",,PC,0,-0.5,True,-6.699999999999995,-6.609999999999995,0.30348261056488124,-0.2965573540852314,False,Normal transmission
2021-08-23,-0.568,EST.B.EU000A2X2A25.WT,B,EU000A2X2A25,WT,A,F,,,,,P1D,,,,"ESA 2010 Sectors: S.121, S.122, S.123, S.124, S.125, S.126, S.127, S.128, S.129",,3,,,,,A,Euro short-term rate,"Euro short-term rate, Volume-weighted trimmed mean rate - Unsecured - Overnight - Borrowing - Financial corporations",,PC,0,-0.5,True,-6.799999999999995,-6.604999999999995,0.29768883766076576,-0.6550463951967673,False,Normal transmission
2021-08-24,-0.567,EST.B.EU000A2X2A25.WT,B,EU000A2X2A25,WT,A,F,,,,,P1D,,,,"ESA 2010 Sectors: S.121, S.122, S.123, S.124, S.125, S.126, S.127, S.128, S.129",,3,,,,,A,Euro short-term rate,"Euro short-term rate, Volume-weighted trimmed mean rate - Unsecured - Overnight - Borrowing - Financial corporations",,PC,0,-0.5,True,-6.699999999999995,-6.609999999999995,0.2967050695642154,-0.303331520867463,False,Normal transmission
2021-08-25,-0.564,EST.B.EU000A2X2A25.WT,B,EU000A2X2A25,WT,A,F,,,,,P1D,,,,"ESA 2010 Sectors: S.121, S.122, S.123, S.124, S.125, S.126, S.127, S.128, S.129",,3,,,,,A,Euro short-term rate,"Euro short-term rate, Volume-weighted trimmed mean rate - Unsecured - Overnight - Borrowing - Financial corporations",,PC,0,-0.5,True,-6.399999999999995,-6.611666666666663,0.29521130993602773,0.7170005333214907,False,Normal transmission
2021-08-26,-0.57,EST.B.EU000A2X2A25.WT,B,EU000A2X2A25,WT,A,F,,,,,P1D,,,,"ESA 2010 Sectors: S.121, S.122, S.123, S.124, S.125, S.126, S.127, S.128, S.129",,3,,,,,A,Euro short-term rate,"Euro short-term rate, Volume-weighted trimmed mean rate - Unsecured - Overnight - Borrowing - Financial corporations",,PC,0,-0.5,True,-6.999999999999995,-6.623333333333329,0.29651459315659884,-1.2703140936734143,False,Normal transmission
2021-08-27,-0.57,EST.B.EU000A2X2A25.WT,B,EU000A2X2A25,WT,A,F,,,,,P1D,,,,"ESA 2010 Sectors: S.121, S.122, S.123, S.124, S.125, S.126, S.127, S.128, S.129",,3,,,,,A,Euro short-term rate,"Euro short-term rate, Volume-weighted trimmed mean rate - Unsecured - Overnight - Borrowing - Financial corporations",,PC,0,-0.5,True,-6.999999999999995,-6.6349999999999945,0.29734702661588724,-1.2275219434815705,False,Normal transmission
2021-08-30,-0.568,EST.B.EU000A2X2A25.WT,B,EU000A2X2A25,WT,A,F,,,,,P1D,,,,"ESA 2010 Sectors: S.121, S.122, S.123, S.124, S.125, S.126, S.127, S.128, S.129",,3,,,,,A,Euro short-term rate,"Euro short-term rate, Volume-weighted trimmed mean rate - Unsecured - Overnight - Borrowing - Financial corporations",,PC,0,-0.5,True,-6.799999999999995,-6.641666666666662,0.296471719099832,-0.5340588094340866,False,Normal transmission
2021-08-31,-0.57,EST.B.EU000A2X2A25.WT,B,EU000A2X2A25,WT,A,F,,,,,P1D,,,,"ESA 2010 Sectors: S.121, S.122, S.123, S.124, S.125, S.126, S.127, S.128, S.129",,3,,,,,A,Euro short-term rate,"Euro short-term rate, Volume-weighted trimmed mean rate - Unsecured - Overnight - Borrowing - Financial corporations",,PC,0,-0.5,True,-6.999999999999995,-6.653333333333328,0.29657174892411436,-1.1689133166739034,False,Normal transmission
2021-09-01,-0.569,EST.B.EU000A2X2A25.WT,B,EU000A2X2A25,WT,A,F,,,,,P1D,,,,"ESA 2010 Sectors: S.121, S.122, S.123, S.124, S.125, S.126, S.127, S.128, S.129",,3,,,,,A,Euro short-term rate,"Euro short-term rate, Volume-weighted trimmed mean rate - Unsecured - Overnight - Borrowing - Financial corporations",,PC,0,-0.5,True,-6.899999999999995,-6.661666666666662,0.2963573579579898,-0.8042092660547956,False,Normal transmission
2021-09-02,-0.569,EST.B.EU000A2X2A25.WT,B,EU000A2X2A25,WT,A,F,,,,,P1D,,,,"ESA 2010 Sectors: S.121, S.122, S.123, S.124, S.125, S.126, S.127, S.128, S.129",,3,,,,,A,Euro short-term rate,"Euro short-term rate, Volume-weighted trimmed mean rate - Unsecured - Overnight - Borrowing - Financial corporations",,PC,0,-0.5,True,-6.899999999999995,-6.674999999999995,0.28855278869632817,-0.7797533373929328,False,Normal transmission
2021-09-03,-0.568,EST.B.EU000A2X2A25.WT,B,EU000A2X2A25,WT,A,F,,,,,P1D,,,,"ESA 2010 Sectors: S.121, S.122, S.123, S.124, S.125, S.126, S.127, S.128, S.129",,3,,,,,A,Euro short-term rate,"Euro short-term rate, Volume-weighted trimmed mean rate - Unsecured - Overnight - Borrowing - Financial corporations",,PC,0,-0.5,True,-6.799999999999995,-6.678333333333328,0.2888267715341209,-0.4212444228089632,False,Normal transmission
2021-09-06,-0.569,EST.B.EU000A2X2A25.WT,B,EU000A2X2A25,WT,A,F,,,,,P1D,,,,"ESA 2010 Sectors: S.121, S.122, S.123, S.124, S.125, S.126, S.127, S.128, S.129",,3,,,,,A,Euro short-term rate,"Euro short-term rate, Volume-weighted trimmed mean rate - Unsecured - Overnight - Borrowing - Financial corporations",,PC,0,-0.5,True,-6.899999999999995,-6.684999999999996,0.28925679166692825,-0.7432841896675876,False,Normal transmission
2021-09-07,-0.569,EST.B.EU000A2X2A25.WT,B,EU000A2X2A25,WT,A,F,,,,,P1D,,,,"ESA 2010 Sectors: S.121, S.122, S.123, S.124, S.125, S.126, S.127, S.128, S.129",,3,,,,,A,Euro short-term rate,"Euro short-term rate, Volume-weighted trimmed mean rate - Unsecured - Overnight - Borrowing - Financial corporations",,PC,0,-0.5,True,-6.899999999999995,-6.698333333333328,0.2801280982201724,-0.7199087415649503,False,Normal transmission
2021-09-08,-0.569,EST.B.EU000A2X2A25.WT,B,EU000A2X2A25,WT,A,F,,,,,P1D,,,,"ESA 2010 Sectors: S.121, S.122, S.123, S.124, S.125, S.126, S.127, S.128, S.129",,3,,,,,A,Euro short-term rate,"Euro short-term rate, Volume-weighted trimmed mean rate - Unsecured - Overnight - Borrowing - Financial corporations",,PC,0,-0.5,True,-6.899999999999995,-6.709999999999995,0.2735206743960229,-0.6946458450336545,False,Normal transmission
2021-09-09,-0.57,EST.B.EU000A2X2A25.WT,B,EU000A2X2A25,WT,A,F,,,,,P1D,,,,"ESA 2010 Sectors: S.121, S.122, S.123, S.124, S.125, S.126, S.127, S.128, S.129",,3,,,,,A,Euro short-term rate,"Euro short-term rate, Volume-weighted trimmed mean rate - Unsecured - Overnight - Borrowing - Financial corporations",,PC,0,-0.5,True,-6.999999999999995,-6.721666666666661,0.27064998139552826,-1.0283885182558967,False,Normal transmission
2021-09-10,-0.57,EST.B.EU000A2X2A25.WT,B,EU000A2X2A25,WT,A,F,,,,,P1D,,,,"ESA 2010 Sectors: S.121, S.122, S.123, S.124, S.125, S.126, S.127, S.128, S.129",,3,,,,,A,Euro short-term rate,"Euro short-term rate, Volume-weighted trimmed mean rate - Unsecured - Overnight - Borrowing - Financial corporations",,PC,0,-0.5,True,-6.999999999999995,-6.733333333333328,0.2672310411957269,-0.9978880652242532,False,Normal transmission
2021-09-13,-0.571,EST.B.EU000A2X2A25.WT,B,EU000A2X2A25,WT,A,F,,,,,P1D,,,,"ESA 2010 Sectors: S.121, S.122, S.123, S.124, S.125, S.126, S.127, S.128, S.129",,3,,,,,A,Euro short-term rate,"Euro short-term rate, Volume-weighted trimmed mean rate - Unsecured - Overnight - Borrowing - Financial corporations",,PC,0,-0.5,True,-7.099999999999995,-6.744999999999995,0.2677115827255984,-1.3260539435227638,False,Normal transmission
2021-09-14,-0.568,EST.B.EU000A2X2A25.WT,B,EU000A2X2A25,WT,A,F,,,,,P1D,,,,"ESA 2010 Sectors: S.121, S.122, S.123, S.124, S.125, S.126, S.127, S.128, S.129",,3,,,,,A,Euro short-term rate,"Euro short-term rate, Volume-weighted trimmed mean rate - Unsecured - Overnight - Borrowing - Financial corporations",,PC,0,-0.5,True,-6.799999999999995,-6.751666666666662,0.2639283843970115,-0.18313048611182675,False,Normal transmission
2021-09-15,-0.573,EST.B.EU000A2X2A25.WT,B,EU000A2X2A25,WT,A,F,,,,,P1D,,,,"ESA 2010 Sectors: S.121, S.122, S.123, S.124, S.125, S.126, S.127, S.128, S.129",,3,,,,,A,Euro short-term rate,"Euro short-term rate, Volume-weighted trimmed mean rate - Unsecured - Overnight - Borrowing - Financial corporations",,PC,0,-0.5,True,-7.299999999999995,-6.768333333333328,0.2664847543365407,-1.9951110073457754,False,Normal transmission
2021-09-16,-0.567,EST.B.EU000A2X2A25.WT,B,EU000A2X2A25,WT,A,F,,,,,P1D,,,,"ESA 2010 Sectors: S.121, S.122, S.123, S.124, S.125, S.126, S.127, S.128, S.129",,3,,,,,A,Euro short-term rate,"Euro short-term rate, Volume-weighted trimmed mean rate - Unsecured - Overnight - Borrowing - Financial corporations",,PC,0,-0.5,True,-6.699999999999995,-6.771666666666661,0.26431341608197845,0.27114275063676097,False,Normal transmission
2021-09-17,-0.571,EST.B.EU000A2X2A25.WT,B,EU000A2X2A25,WT,A,F,,,,,P1D,,,,"ESA 2010 Sectors: S.121, S.122, S.123, S.124, S.125, S.126, S.127, S.128, S.129",,3,,,,,A,Euro short-term rate,"Euro short-term rate, Volume-weighted trimmed mean rate - Unsecured - Overnight - Borrowing - Financial corporations",,PC,0,-0.5,True,-7.099999999999995,-6.781666666666662,0.26520964950791565,-1.2003082614979743,False,Normal transmission
2021-09-20,-0.566,EST.B.EU000A2X2A25.WT,B,EU000A2X2A25,WT,A,F,,,,,P1D,,,,"ESA 2010 Sectors: S.121, S.122, S.123, S.124, S.125, S.126, S.127, S.128, S.129",,3,,,,,A,Euro short-term rate,"Euro short-term rate, Volume-weighted trimmed mean rate - Unsecured - Overnight - Borrowing - Financial corporations",,PC,0,-0.5,True,-6.599999999999994,-6.781666666666662,0.26520964950791565,0.684992672792041,False,Normal transmission
2021-09-21,-0.571,EST.B.EU000A2X2A25.WT,B,EU000A2X2A25,WT,A,F,,,,,P1D,,,,"ESA 2010 Sectors: S.121, S.122, S.123, S.124, S.125, S.126, S.127, S.128, S.129",,3,,,,,A,Euro short-term rate,"Euro short-term rate, Volume-weighted trimmed mean rate - Unsecured - Overnight - Borrowing - Financial corporations",,PC,0,-0.5,True,-7.099999999999995,-6.786666666666662,0.2683702645042434,-1.1675411726859892,False,Normal transmission
2021-09-22,-0.566,EST.B.EU000A2X2A25.WT,B,EU000A2X2A25,WT,A,F,,,,,P1D,,,,"ESA 2010 Sectors: S.121, S.122, S.123, S.124, S.125, S.126, S.127, S.128, S.129",,3,,,,,A,Euro short-term rate,"Euro short-term rate, Volume-weighted trimmed mean rate - Unsecured - Overnight - Borrowing - Financial corporations",,PC,0,-0.5,True,-6.599999999999994,-6.761666666666661,0.20674365250988583,0.7819667723967326,False,Normal transmission
2021-09-23,-0.57,EST.B.EU000A2X2A25.WT,B,EU000A2X2A25,WT,A,F,,,,,P1D,,,,"ESA 2010 Sectors: S.121, S.122, S.123, S.124, S.125, S.126, S.127, S.128, S.129",,3,,,,,A,Euro short-term rate,"Euro short-term rate, Volume-weighted trimmed mean rate - Unsecured - Overnight - Borrowing - Financial corporations",,PC,0,-0.5,True,-6.999999999999995,-6.769999999999995,0.20609361045701413,-1.1159977230248566,False,Normal transmission
2021-09-24,-0.569,EST.B.EU000A2X2A25.WT,B,EU000A2X2A25,WT,A,F,,,,,P1D,,,,"ESA 2010 Sectors: S.121, S.122, S.123, S.124, S.125, S.126, S.127, S.128, S.129",,3,,,,,A,Euro short-term rate,"Euro short-term rate, Volume-weighted trimmed mean rate - Unsecured - Overnight - Borrowing - Financial corporations",,PC,0,-0.5,True,-6.899999999999995,-6.776666666666661,0.20366694869006507,-0.6055638095753049,False,Normal transmission
2021-09-27,-0.571,EST.B.EU000A2X2A25.WT,B,EU000A2X2A25,WT,A,F,,,,,P1D,,,,"ESA 2010 Sectors: S.121, S.122, S.123, S.124, S.125, S.126, S.127, S.128, S.129",,3,,,,,A,Euro short-term rate,"Euro short-term rate, Volume-weighted trimmed mean rate - Unsecured - Overnight - Borrowing - Financial corporations",,PC,0,-0.5,True,-7.099999999999995,-6.784999999999995,0.20652491949617696,-1.5252396697137143,False,Normal transmission
2021-09-28,-0.573,EST.B.EU000A2X2A25.WT,B,EU000A2X2A25,WT,A,F,,,,,P1D,,,,"ESA 2010 Sectors: S.121, S.122, S.123, S.124, S.125, S.126, S.127, S.128, S.129",,3,,,,,A,Euro short-term rate,"Euro short-term rate, Volume-weighted trimmed mean rate - Unsecured - Overnight - Borrowing - Financial corporations",,PC,0,-0.5,True,-7.299999999999995,-6.7983333333333285,0.21351907521401217,-2.3495168577507264,True,Unusually below policy rate
2021-09-29,-0.572,EST.B.EU000A2X2A25.WT,B,EU000A2X2A25,WT,A,F,,,,,P1D,,,,"ESA 2010 Sectors: S.121, S.122, S.123, S.124, S.125, S.126, S.127, S.128, S.129",,3,,,,,A,Euro short-term rate,"Euro short-term rate, Volume-weighted trimmed mean rate - Unsecured - Overnight - Borrowing - Financial corporations",,PC,0,-0.5,True,-7.199999999999996,-6.809999999999996,0.21605084147421388,-1.805130668961301,False,Normal transmission
2021-09-30,-0.58,EST.B.EU000A2X2A25.WT,B,EU000A2X2A25,WT,A,F,,,,,P1D,,,,"ESA 2010 Sectors: S.121, S.122, S.123, S.124, S.125, S.126, S.127, S.128, S.129",,3,,,,,A,Euro short-term rate,"Euro short-term rate, Volume-weighted trimmed mean rate - Unsecured - Overnight - Borrowing - Financial corporations",,PC,0,-0.5,True,-7.9999999999999964,-6.833333333333329,0.2633980468292567,-4.429291259790319,True,Unusually below policy rate
2021-10-01,-0.571,EST.B.EU000A2X2A25.WT,B,EU000A2X2A25,WT,A,F,,,,,P1D,,,,"ESA 2010 Sectors: S.121, S.122, S.123, S.124, S.125, S.126, S.127, S.128, S.129",,3,,,,,A,Euro short-term rate,"Euro short-term rate, Volume-weighted trimmed mean rate - Unsecured - Overnight - Borrowing - Financial corporations",,PC,0,-0.5,True,-7.099999999999995,-6.841666666666662,0.2637999156183469,-0.9792775434662274,False,Normal transmission
2021-10-04,-0.569,EST.B.EU000A2X2A25.WT,B,EU000A2X2A25,WT,A,F,,,,,P1D,,,,"ESA 2010 Sectors: S.121, S.122, S.123, S.124, S.125, S.126, S.127, S.128, S.129",,3,,,,,A,Euro short-term rate,"Euro short-term rate, Volume-weighted trimmed mean rate - Unsecured - Overnight - Borrowing - Financial corporations",,PC,0,-0.5,True,-6.899999999999995,-6.843333333333328,0.2638480987406589,-0.21477003979613793,False,Normal transmission
2021-10-05,-0.569,EST.B.EU000A2X2A25.WT,B,EU000A2X2A25,WT,A,F,,,,,P1D,,,,"ESA 2010 Sectors: S.121, S.122, S.123, S.124, S.125, S.126, S.127, S.128, S.129",,3,,,,,A,Euro short-term rate,"Euro short-term rate, Volume-weighted trimmed mean rate - Unsecured - Overnight - Borrowing - Financial corporations",,PC,0,-0.5,True,-6.899999999999995,-6.848333333333328,0.26199473837822396,-0.19720497818577984,False,Normal transmission
2021-10-06,-0.569,EST.B.EU000A2X2A25.WT,B,EU000A2X2A25,WT,A,F,,,,,P1D,,,,"ESA 2010 Sectors: S.121, S.122, S.123, S.124, S.125, S.126, S.127, S.128, S.129",,3,,,,,A,Euro short-term rate,"Euro short-term rate, Volume-weighted trimmed mean rate - Unsecured - Overnight - Borrowing - Financial corporations",,PC,0,-0.5,True,-6.899999999999995,-6.853333333333328,0.2600304197763416,-0.17946618209825593,False,Normal transmission
2021-10-07,-0.568,EST.B.EU000A2X2A25.WT,B,EU000A2X2A25,WT,A,F,,,,,P1D,,,,"ESA 2010 Sectors: S.121, S.122, S.123, S.124, S.125, S.126, S.127, S.128, S.129",,3,,,,,A,Euro short-term rate,"Euro short-term rate, Volume-weighted trimmed mean rate - Unsecured - Overnight - Borrowing - Financial corporations",,PC,0,-0.5,True,-6.799999999999995,-6.856666666666661,0.25800188323233864,0.21963663968931452,False,Normal transmission
2021-10-08,-0.568,EST.B.EU000A2X2A25.WT,B,EU000A2X2A25,WT,A,F,,,,,P1D,,,,"ESA 2010 Sectors: S.121, S.122, S.123, S.124, S.125, S.126, S.127, S.128, S.129",,3,,,,,A,Euro short-term rate,"Euro short-term rate, Volume-weighted trimmed mean rate - Unsecured - Overnight - Borrowing - Financial corporations",,PC,0,-0.5,True,-6.799999999999995,-6.858333333333329,0.25729470451560454,0.22671797090870846,False,Normal transmission
2021-10-11,-0.57,EST.B.EU000A2X2A25.WT,B,EU000A2X2A25,WT,A,F,,,,,P1D,,,,"ESA 2010 Sectors: S.121, S.122, S.123, S.124, S.125, S.126, S.127, S.128, S.129",,3,,,,,A,Euro short-term rate,"Euro short-term rate, Volume-weighted trimmed mean rate - Unsecured - Overnight - Borrowing - Financial corporations",,PC,0,-0.5,True,-6.999999999999995,-6.864999999999995,0.2556646373272648,-0.5280354819942985,False,Normal transmission
2021-10-12,-0.562,EST.B.EU000A2X2A25.WT,B,EU000A2X2A25,WT,A,F,,,,,P1D,,,,"ESA 2010 Sectors: S.121, S.122, S.123, S.124, S.125, S.126, S.127, S.128, S.129",,3,,,,,A,Euro short-term rate,"Euro short-term rate, Volume-weighted trimmed mean rate - Unsecured - Overnight - Borrowing - Financial corporations",,PC,0,-0.5,True,-6.2000000000000055,-6.856666666666663,0.2689380665057288,2.4417021926223645,True,Unusually above policy rate
2021-10-13,-0.569,EST.B.EU000A2X2A25.WT,B,EU000A2X2A25,WT,A,F,,,,,P1D,,,,"ESA 2010 Sectors: S.121, S.122, S.123, S.124, S.125, S.126, S.127, S.128, S.129",,3,,,,,A,Euro short-term rate,"Euro short-term rate, Volume-weighted trimmed mean rate - Unsecured - Overnight - Borrowing - Financial corporations",,PC,0,-0.5,True,-6.899999999999995,-6.858333333333329,0.26889079546727934,-0.15495757894671552,False,Normal transmission
2021-10-14,-0.57,EST.B.EU000A2X2A25.WT,B,EU000A2X2A25,WT,A,F,,,,,P1D,,,,"ESA 2010 Sectors: S.121, S.122, S.123, S.124, S.125, S.126, S.127, S.128, S.129",,3,,,,,A,Euro short-term rate,"Euro short-term rate, Volume-weighted trimmed mean rate - Unsecured - Overnight - Borrowing - Financial corporations",,PC,0,-0.5,True,-6.999999999999995,-6.869999999999995,0.2592688546337013,-0.5014100138779327,False,Normal transmission
2021-10-15,-0.572,EST.B.EU000A2X2A25.WT,B,EU000A2X2A25,WT,A,F,,,,,P1D,,,,"ESA 2010 Sectors: S.121, S.122, S.123, S.124, S.125, S.126, S.127, S.128, S.129",,3,,,,,A,Euro short-term rate,"Euro short-term rate, Volume-weighted trimmed mean rate - Unsecured - Overnight - Borrowing - Financial corporations",,PC,0,-0.5,True,-7.199999999999996,-6.8783333333333285,0.26173583957405333,-1.228974477435512,False,Normal transmission
2021-10-18,-0.574,EST.B.EU000A2X2A25.WT,B,EU000A2X2A25,WT,A,F,,,,,P1D,,,,"ESA 2010 Sectors: S.121, S.122, S.123, S.124, S.125, S.126, S.127, S.128, S.129",,3,,,,,A,Euro short-term rate,"Euro short-term rate, Volume-weighted trimmed mean rate - Unsecured - Overnight - Borrowing - Financial corporations",,PC,0,-0.5,True,-7.399999999999995,-6.889999999999995,0.2691480595622456,-1.8948678315923457,False,Normal transmission
2021-10-19,-0.573,EST.B.EU000A2X2A25.WT,B,EU000A2X2A25,WT,A,F,,,,,P1D,,,,"ESA 2010 Sectors: S.121, S.122, S.123, S.124, S.125, S.126, S.127, S.128, S.129",,3,,,,,A,Euro short-term rate,"Euro short-term rate, Volume-weighted trimmed mean rate - Unsecured - Overnight - Borrowing - Financial corporations",,PC,0,-0.5,True,-7.299999999999995,-6.906666666666662,0.2628827583406501,-1.496231003570201,False,Normal transmission
2021-10-20,-0.571,EST.B.EU000A2X2A25.WT,B,EU000A2X2A25,WT,A,F,,,,,P1D,,,,"ESA 2010 Sectors: S.121, S.122, S.123, S.124, S.125, S.126, S.127, S.128, S.129",,3,,,,,A,Euro short-term rate,"Euro short-term rate, Volume-weighted trimmed mean rate - Unsecured - Overnight - Borrowing - Financial corporations",,PC,0,-0.5,True,-7.099999999999995,-6.913333333333329,0.26262473495931343,-0.7107733652566482,False,Normal transmission
2021-10-21,-0.573,EST.B.EU000A2X2A25.WT,B,EU000A2X2A25,WT,A,F,,,,,P1D,,,,"ESA 2010 Sectors: S.121, S.122, S.123, S.124, S.125, S.126, S.127, S.128, S.129",,3,,,,,A,Euro short-term rate,"Euro short-term rate, Volume-weighted trimmed mean rate - Unsecured - Overnight - Borrowing - Financial corporations",,PC,0,-0.5,True,-7.299999999999995,-6.9233333333333285,0.26576826063622067,-1.4172748309559893,False,Normal transmission
2021-10-22,-0.569,EST.B.EU000A2X2A25.WT,B,EU000A2X2A25,WT,A,F,,,,,P1D,,,,"ESA 2010 Sectors: S.121, S.122, S.123, S.124, S.125, S.126, S.127, S.128, S.129",,3,,,,,A,Euro short-term rate,"Euro short-term rate, Volume-weighted trimmed mean rate - Unsecured - Overnight - Borrowing - Financial corporations",,PC,0,-0.5,True,-6.899999999999995,-6.9199999999999955,0.2647672466814475,0.0755380442659635,False,Normal transmission
2021-10-25,-0.571,EST.B.EU000A2X2A25.WT,B,EU000A2X2A25,WT,A,F,,,,,P1D,,,,"ESA 2010 Sectors: S.121, S.122, S.123, S.124, S.125, S.126, S.127, S.128, S.129",,3,,,,,A,Euro short-term rate,"Euro short-term rate, Volume-weighted trimmed mean rate - Unsecured - Overnight - Borrowing - Financial corporations",,PC,0,-0.5,True,-7.099999999999995,-6.929999999999995,0.25992176137045253,-0.6540429670207877,False,Normal transmission
2021-10-26,-0.57,EST.B.EU000A2X2A25.WT,B,EU000A2X2A25,WT,A,F,,,,,P1D,,,,"ESA 2010 Sectors: S.121, S.122, S.123, S.124, S.125, S.126, S.127, S.128, S.129",,3,,,,,A,Euro short-term rate,"Euro short-term rate, Volume-weighted trimmed mean rate - Unsecured - Overnight - Borrowing - Financial corporations",,PC,0,-0.5,True,-6.999999999999995,-6.929999999999995,0.25992176137045253,-0.2693118099497339,False,Normal transmission
2021-10-27,-0.573,EST.B.EU000A2X2A25.WT,B,EU000A2X2A25,WT,A,F,,,,,P1D,,,,"ESA 2010 Sectors: S.121, S.122, S.123, S.124, S.125, S.126, S.127, S.128, S.129",,3,,,,,A,Euro short-term rate,"Euro short-term rate, Volume-weighted trimmed mean rate - Unsecured - Overnight - Borrowing - Financial corporations",,PC,0,-0.5,True,-7.299999999999995,-6.934999999999996,0.2641423601785562,-1.3818306149504567,False,Normal transmission
2021-10-28,-0.573,EST.B.EU000A2X2A25.WT,B,EU000A2X2A25,WT,A,F,,,,,P1D,,,,"ESA 2010 Sectors: S.121, S.122, S.123, S.124, S.125, S.126, S.127, S.128, S.129",,3,,,,,A,Euro short-term rate,"Euro short-term rate, Volume-weighted trimmed mean rate - Unsecured - Overnight - Borrowing - Financial corporations",,PC,0,-0.5,True,-7.299999999999995,-6.946666666666662,0.2645537763196583,-1.3355822708287615,False,Normal transmission
2021-10-29,-0.578,EST.B.EU000A2X2A25.WT,B,EU000A2X2A25,WT,A,F,,,,,P1D,,,,"ESA 2010 Sectors: S.121, S.122, S.123, S.124, S.125, S.126, S.127, S.128, S.129",,3,,,,,A,Euro short-term rate,"Euro short-term rate, Volume-weighted trimmed mean rate - Unsecured - Overnight - Borrowing - Financial corporations",,PC,0,-0.5,True,-7.799999999999995,-6.961666666666662,0.28646984440152234,-2.926427858697433,True,Unusually below policy rate
2021-11-01,-0.579,EST.B.EU000A2X2A25.WT,B,EU000A2X2A25,WT,A,F,,,,,P1D,,,,"ESA 2010 Sectors: S.121, S.122, S.123, S.124, S.125, S.126, S.127, S.128, S.129",,3,,,,,A,Euro short-term rate,"Euro short-term rate, Volume-weighted trimmed mean rate - Unsecured - Overnight - Borrowing - Financial corporations",,PC,0,-0.5,True,-7.899999999999996,-6.979999999999995,0.31016671296341325,-2.9661467899313956,True,Unusually below policy rate
2021-11-02,-0.569,EST.B.EU000A2X2A25.WT,B,EU000A2X2A25,WT,A,F,,,,,P1D,,,,"ESA 2010 Sectors: S.121, S.122, S.123, S.124, S.125, S.126, S.127, S.128, S.129",,3,,,,,A,Euro short-term rate,"Euro short-term rate, Volume-weighted trimmed mean rate - Unsecured - Overnight - Borrowing - Financial corporations",,PC,0,-0.5,True,-6.899999999999995,-6.983333333333329,0.3081748714811921,0.2704092417814791,False,Normal transmission
2021-11-03,-0.574,EST.B.EU000A2X2A25.WT,B,EU000A2X2A25,WT,A,F,,,,,P1D,,,,"ESA 2010 Sectors: S.121, S.122, S.123, S.124, S.125, S.126, S.127, S.128, S.129",,3,,,,,A,Euro short-term rate,"Euro short-term rate, Volume-weighted trimmed mean rate - Unsecured - Overnight - Borrowing - Financial corporations",,PC,0,-0.5,True,-7.399999999999995,-6.994999999999995,0.3105080582485871,-1.304313975889684,False,Normal transmission
2021-11-04,-0.573,EST.B.EU000A2X2A25.WT,B,EU000A2X2A25,WT,A,F,,,,,P1D,,,,"ESA 2010 Sectors: S.121, S.122, S.123, S.124, S.125, S.126, S.127, S.128, S.129",,3,,,,,A,Euro short-term rate,"Euro short-term rate, Volume-weighted trimmed mean rate - Unsecured - Overnight - Borrowing - Financial corporations",,PC,0,-0.5,True,-7.299999999999995,-7.0033333333333285,0.3118923470657975,-0.9511828983866712,False,Normal transmission
2021-11-05,-0.572,EST.B.EU000A2X2A25.WT,B,EU000A2X2A25,WT,A,F,,,,,P1D,,,,"ESA 2010 Sectors: S.121, S.122, S.123, S.124, S.125, S.126, S.127, S.128, S.129",,3,,,,,A,Euro short-term rate,"Euro short-term rate, Volume-weighted trimmed mean rate - Unsecured - Overnight - Borrowing - Financial corporations",,PC,0,-0.5,True,-7.199999999999996,-7.008333333333328,0.3126115620072053,-0.6131144524406607,False,Normal transmission
2021-11-08,-0.575,EST.B.EU000A2X2A25.WT,B,EU000A2X2A25,WT,A,F,,,,,P1D,,,,"ESA 2010 Sectors: S.121, S.122, S.123, S.124, S.125, S.126, S.127, S.128, S.129",,3,,,,,A,Euro short-term rate,"Euro short-term rate, Volume-weighted trimmed mean rate - Unsecured - Overnight - Borrowing - Financial corporations",,PC,0,-0.5,True,-7.499999999999996,-7.018333333333329,0.31862611140657676,-1.5116986631771836,False,Normal transmission
2021-11-09,-0.575,EST.B.EU000A2X2A25.WT,B,EU000A2X2A25,WT,A,F,,,,,P1D,,,,"ESA 2010 Sectors: S.121, S.122, S.123, S.124, S.125, S.126, S.127, S.128, S.129",,3,,,,,A,Euro short-term rate,"Euro short-term rate, Volume-weighted trimmed mean rate - Unsecured - Overnight - Borrowing - Financial corporations",,PC,0,-0.5,True,-7.499999999999996,-7.029999999999996,0.32327770504055936,-1.4538583783284165,False,Normal transmission
2021-11-10,-0.576,EST.B.EU000A2X2A25.WT,B,EU000A2X2A25,WT,A,F,,,,,P1D,,,,"ESA 2010 Sectors: S.121, S.122, S.123, S.124, S.125, S.126, S.127, S.128, S.129",,3,,,,,A,Euro short-term rate,"Euro short-term rate, Volume-weighted trimmed mean rate - Unsecured - Overnight - Borrowing - Financial corporations",,PC,0,-0.5,True,-7.599999999999996,-7.0449999999999955,0.32854326650552645,-1.6892752236353166,False,Normal transmission
2021-11-11,-0.575,EST.B.EU000A2X2A25.WT,B,EU000A2X2A25,WT,A,F,,,,,P1D,,,,"ESA 2010 Sectors: S.121, S.122, S.123, S.124, S.125, S.126, S.127, S.128, S.129",,3,,,,,A,Euro short-term rate,"Euro short-term rate, Volume-weighted trimmed mean rate - Unsecured - Overnight - Borrowing - Financial corporations",,PC,0,-0.5,True,-7.499999999999996,-7.058333333333328,0.3305320142276663,-1.3362296166641603,False,Normal transmission
2021-11-12,-0.572,EST.B.EU000A2X2A25.WT,B,EU000A2X2A25,WT,A,F,,,,,P1D,,,,"ESA 2010 Sectors: S.121, S.122, S.123, S.124, S.125, S.126, S.127, S.128, S.129",,3,,,,,A,Euro short-term rate,"Euro short-term rate, Volume-weighted trimmed mean rate - Unsecured - Overnight - Borrowing - Financial corporations",,PC,0,-0.5,True,-7.199999999999996,-7.066666666666662,0.3276349077378374,-0.40695704329534593,False,Normal transmission
2021-11-15,-0.569,EST.B.EU000A2X2A25.WT,B,EU000A2X2A25,WT,A,F,,,,,P1D,,,,"ESA 2010 Sectors: S.121, S.122, S.123, S.124, S.125, S.126, S.127, S.128, S.129",,3,,,,,A,Euro short-term rate,"Euro short-term rate, Volume-weighted trimmed mean rate - Unsecured - Overnight - Borrowing - Financial corporations",,PC,0,-0.5,True,-6.899999999999995,-7.068333333333329,0.32650780179467076,0.5155568485900769,False,Normal transmission
2021-11-16,-0.571,EST.B.EU000A2X2A25.WT,B,EU000A2X2A25,WT,A,F,,,,,P1D,,,,"ESA 2010 Sectors: S.121, S.122, S.123, S.124, S.125, S.126, S.127, S.128, S.129",,3,,,,,A,Euro short-term rate,"Euro short-term rate, Volume-weighted trimmed mean rate - Unsecured - Overnight - Borrowing - Financial corporations",,PC,0,-0.5,True,-7.099999999999995,-7.074999999999995,0.3229236148332431,-0.07741768904980915,False,Normal transmission
2021-11-17,-0.571,EST.B.EU000A2X2A25.WT,B,EU000A2X2A25,WT,A,F,,,,,P1D,,,,"ESA 2010 Sectors: S.121, S.122, S.123, S.124, S.125, S.126, S.127, S.128, S.129",,3,,,,,A,Euro short-term rate,"Euro short-term rate, Volume-weighted trimmed mean rate - Unsecured - Overnight - Borrowing - Financial corporations",,PC,0,-0.5,True,-7.099999999999995,-7.086666666666662,0.3105308012598637,-0.04293723289038826,False,Normal transmission
2021-11-18,-0.571,EST.B.EU000A2X2A25.WT,B,EU000A2X2A25,WT,A,F,,,,,P1D,,,,"ESA 2010 Sectors: S.121, S.122, S.123, S.124, S.125, S.126, S.127, S.128, S.129",,3,,,,,A,Euro short-term rate,"Euro short-term rate, Volume-weighted trimmed mean rate - Unsecured - Overnight - Borrowing - Financial corporations",,PC,0,-0.5,True,-7.099999999999995,-7.0883333333333285,0.31032605415437675,-0.03759486678763666,False,Normal transmission
2021-11-19,-0.573,EST.B.EU000A2X2A25.WT,B,EU000A2X2A25,WT,A,F,,,,,P1D,,,,"ESA 2010 Sectors: S.121, S.122, S.123, S.124, S.125, S.126, S.127, S.128, S.129",,3,,,,,A,Euro short-term rate,"Euro short-term rate, Volume-weighted trimmed mean rate - Unsecured - Overnight - Borrowing - Financial corporations",,PC,0,-0.5,True,-7.299999999999995,-7.093333333333329,0.31129400058831747,-0.6638954373553131,False,Normal transmission
2021-11-22,-0.573,EST.B.EU000A2X2A25.WT,B,EU000A2X2A25,WT,A,F,,,,,P1D,,,,"ESA 2010 Sectors: S.121, S.122, S.123, S.124, S.125, S.126, S.127, S.128, S.129",,3,,,,,A,Euro short-term rate,"Euro short-term rate, Volume-weighted trimmed mean rate - Unsecured - Overnight - Borrowing - Financial corporations",,PC,0,-0.5,True,-7.299999999999995,-7.101666666666662,0.3099981775051534,-0.6397887075643732,False,Normal transmission
2021-11-23,-0.574,EST.B.EU000A2X2A25.WT,B,EU000A2X2A25,WT,A,F,,,,,P1D,,,,"ESA 2010 Sectors: S.121, S.122, S.123, S.124, S.125, S.126, S.127, S.128, S.129",,3,,,,,A,Euro short-term rate,"Euro short-term rate, Volume-weighted trimmed mean rate - Unsecured - Overnight - Borrowing - Financial corporations",,PC,0,-0.5,True,-7.399999999999995,-7.108333333333329,0.31206891170018347,-0.9346226289496,False,Normal transmission
2021-11-24,-0.57,EST.B.EU000A2X2A25.WT,B,EU000A2X2A25,WT,A,F,,,,,P1D,,,,"ESA 2010 Sectors: S.121, S.122, S.123, S.124, S.125, S.126, S.127, S.128, S.129",,3,,,,,A,Euro short-term rate,"Euro short-term rate, Volume-weighted trimmed mean rate - Unsecured - Overnight - Borrowing - Financial corporations",,PC,0,-0.5,True,-6.999999999999995,-7.109999999999996,0.3112032416719627,0.3534667550666181,False,Normal transmission
2021-11-25,-0.573,EST.B.EU000A2X2A25.WT,B,EU000A2X2A25,WT,A,F,,,,,P1D,,,,"ESA 2010 Sectors: S.121, S.122, S.123, S.124, S.125, S.126, S.127, S.128, S.129",,3,,,,,A,Euro short-term rate,"Euro short-term rate, Volume-weighted trimmed mean rate - Unsecured - Overnight - Borrowing - Financial corporations",,PC,0,-0.5,True,-7.299999999999995,-7.116666666666662,0.3109126351029916,-0.5896618941607289,False,Normal transmission
2021-11-26,-0.573,EST.B.EU000A2X2A25.WT,B,EU000A2X2A25,WT,A,F,,,,,P1D,,,,"ESA 2010 Sectors: S.121, S.122, S.123, S.124, S.125, S.126, S.127, S.128, S.129",,3,,,,,A,Euro short-term rate,"Euro short-term rate, Volume-weighted trimmed mean rate - Unsecured - Overnight - Borrowing - Financial corporations",,PC,0,-0.5,True,-7.299999999999995,-7.124999999999996,0.308975891769786,-0.5663872316950543,False,Normal transmission
2021-11-29,-0.573,EST.B.EU000A2X2A25.WT,B,EU000A2X2A25,WT,A,F,,,,,P1D,,,,"ESA 2010 Sectors: S.121, S.122, S.123, S.124, S.125, S.126, S.127, S.128, S.129",,3,,,,,A,Euro short-term rate,"Euro short-term rate, Volume-weighted trimmed mean rate - Unsecured - Overnight - Borrowing - Financial corporations",,PC,0,-0.5,True,-7.299999999999995,-7.1316666666666615,0.30835356476612047,-0.5459101258031867,False,Normal transmission
2021-11-30,-0.575,EST.B.EU000A2X2A25.WT,B,EU000A2X2A25,WT,A,F,,,,,P1D,,,,"ESA 2010 Sectors: S.121, S.122, S.123, S.124, S.125, S.126, S.127, S.128, S.129",,3,,,,,A,Euro short-term rate,"Euro short-term rate, Volume-weighted trimmed mean rate - Unsecured - Overnight - Borrowing - Financial corporations",,PC,0,-0.5,True,-7.499999999999996,-7.141666666666662,0.3104352694156936,-1.1542932412537863,False,Normal transmission
2021-12-01,-0.574,EST.B.EU000A2X2A25.WT,B,EU000A2X2A25,WT,A,F,,,,,P1D,,,,"ESA 2010 Sectors: S.121, S.122, S.123, S.124, S.125, S.126, S.127, S.128, S.129",,3,,,,,A,Euro short-term rate,"Euro short-term rate, Volume-weighted trimmed mean rate - Unsecured - Overnight - Borrowing - Financial corporations",,PC,0,-0.5,True,-7.399999999999995,-7.149999999999995,0.31054899446966616,-0.8050259522718227,False,Normal transmission
2021-12-02,-0.575,EST.B.EU000A2X2A25.WT,B,EU000A2X2A25,WT,A,F,,,,,P1D,,,,"ESA 2010 Sectors: S.121, S.122, S.123, S.124, S.125, S.126, S.127, S.128, S.129",,3,,,,,A,Euro short-term rate,"Euro short-term rate, Volume-weighted trimmed mean rate - Unsecured - Overnight - Borrowing - Financial corporations",,PC,0,-0.5,True,-7.499999999999996,-7.158333333333329,0.31315327197944365,-1.0910525204063486,False,Normal transmission
2021-12-03,-0.578,EST.B.EU000A2X2A25.WT,B,EU000A2X2A25,WT,A,F,,,,,P1D,,,,"ESA 2010 Sectors: S.121, S.122, S.123, S.124, S.125, S.126, S.127, S.128, S.129",,3,,,,,A,Euro short-term rate,"Euro short-term rate, Volume-weighted trimmed mean rate - Unsecured - Overnight - Borrowing - Financial corporations",,PC,0,-0.5,True,-7.799999999999995,-7.171666666666662,0.32316845933253363,-1.944290400836398,False,Normal transmission
2021-12-06,-0.578,EST.B.EU000A2X2A25.WT,B,EU000A2X2A25,WT,A,F,,,,,P1D,,,,"ESA 2010 Sectors: S.121, S.122, S.123, S.124, S.125, S.126, S.127, S.128, S.129",,3,,,,,A,Euro short-term rate,"Euro short-term rate, Volume-weighted trimmed mean rate - Unsecured - Overnight - Borrowing - Financial corporations",,PC,0,-0.5,True,-7.799999999999995,-7.183333333333328,0.3330224539010524,-1.851726991507579,False,Normal transmission
2021-12-07,-0.577,EST.B.EU000A2X2A25.WT,B,EU000A2X2A25,WT,A,F,,,,,P1D,,,,"ESA 2010 Sectors: S.121, S.122, S.123, S.124, S.125, S.126, S.127, S.128, S.129",,3,,,,,A,Euro short-term rate,"Euro short-term rate, Volume-weighted trimmed mean rate - Unsecured - Overnight - Borrowing - Financial corporations",,PC,0,-0.5,True,-7.699999999999996,-7.198333333333329,0.3357216697623808,-1.4942933740968811,False,Normal transmission
2021-12-08,-0.577,EST.B.EU000A2X2A25.WT,B,EU000A2X2A25,WT,A,F,,,,,P1D,,,,"ESA 2010 Sectors: S.121, S.122, S.123, S.124, S.125, S.126, S.127, S.128, S.129",,3,,,,,A,Euro short-term rate,"Euro short-term rate, Volume-weighted trimmed mean rate - Unsecured - Overnight - Borrowing - Financial corporations",,PC,0,-0.5,True,-7.699999999999996,-7.204999999999996,0.341693191749783,-1.448668021347295,False,Normal transmission
2021-12-09,-0.578,EST.B.EU000A2X2A25.WT,B,EU000A2X2A25,WT,A,F,,,,,P1D,,,,"ESA 2010 Sectors: S.121, S.122, S.123, S.124, S.125, S.126, S.127, S.128, S.129",,3,,,,,A,Euro short-term rate,"Euro short-term rate, Volume-weighted trimmed mean rate - Unsecured - Overnight - Borrowing - Financial corporations",,PC,0,-0.5,True,-7.799999999999995,-7.223333333333329,0.34364283126560946,-1.67809892772344,False,Normal transmission
2021-12-10,-0.577,EST.B.EU000A2X2A25.WT,B,EU000A2X2A25,WT,A,F,,,,,P1D,,,,"ESA 2010 Sectors: S.121, S.122, S.123, S.124, S.125, S.126, S.127, S.128, S.129",,3,,,,,A,Euro short-term rate,"Euro short-term rate, Volume-weighted trimmed mean rate - Unsecured - Overnight - Borrowing - Financial corporations",,PC,0,-0.5,True,-7.699999999999996,-7.233333333333329,0.3486859918378896,-1.3383579426489507,False,Normal transmission
2021-12-13,-0.579,EST.B.EU000A2X2A25.WT,B,EU000A2X2A25,WT,A,F,,,,,P1D,,,,"ESA 2010 Sectors: S.121, S.122, S.123, S.124, S.125, S.126, S.127, S.128, S.129",,3,,,,,A,Euro short-term rate,"Euro short-term rate, Volume-weighted trimmed mean rate - Unsecured - Overnight - Borrowing - Financial corporations",,PC,0,-0.5,True,-7.899999999999996,-7.2549999999999955,0.34905441273656057,-1.8478494368349294,False,Normal transmission
2021-12-14,-0.577,EST.B.EU000A2X2A25.WT,B,EU000A2X2A25,WT,A,F,,,,,P1D,,,,"ESA 2010 Sectors: S.121, S.122, S.123, S.124, S.125, S.126, S.127, S.128, S.129",,3,,,,,A,Euro short-term rate,"Euro short-term rate, Volume-weighted trimmed mean rate - Unsecured - Overnight - Borrowing - Financial corporations",,PC,0,-0.5,True,-7.699999999999996,-7.264999999999995,0.3531096723087371,-1.2319118792635724,False,Normal transmission
2021-12-15,-0.577,EST.B.EU000A2X2A25.WT,B,EU000A2X2A25,WT,A,F,,,,,P1D,,,,"ESA 2010 Sectors: S.121, S.122, S.123, S.124, S.125, S.126, S.127, S.128, S.129",,3,,,,,A,Euro short-term rate,"Euro short-term rate, Volume-weighted trimmed mean rate - Unsecured - Overnight - Borrowing - Financial corporations",,PC,0,-0.5,True,-7.699999999999996,-7.283333333333329,0.3464916985660097,-1.2025300126700966,False,Normal transmission
2021-12-16,-0.577,EST.B.EU000A2X2A25.WT,B,EU000A2X2A25,WT,A,F,,,,,P1D,,,,"ESA 2010 Sectors: S.121, S.122, S.123, S.124, S.125, S.126, S.127, S.128, S.129",,3,,,,,A,Euro short-term rate,"Euro short-term rate, Volume-weighted trimmed mean rate - Unsecured - Overnight - Borrowing - Financial corporations",,PC,0,-0.5,True,-7.699999999999996,-7.294999999999996,0.34856850115869203,-1.1618950038621416,False,Normal transmission
2021-12-17,-0.576,EST.B.EU000A2X2A25.WT,B,EU000A2X2A25,WT,A,F,,,,,P1D,,,,"ESA 2010 Sectors: S.121, S.122, S.123, S.124, S.125, S.126, S.127, S.128, S.129",,3,,,,,A,Euro short-term rate,"Euro short-term rate, Volume-weighted trimmed mean rate - Unsecured - Overnight - Borrowing - Financial corporations",,PC,0,-0.5,True,-7.599999999999996,-7.306666666666662,0.3468339448651925,-0.8457457456978347,False,Normal transmission
2021-12-20,-0.576,EST.B.EU000A2X2A25.WT,B,EU000A2X2A25,WT,A,F,,,,,P1D,,,,"ESA 2010 Sectors: S.121, S.122, S.123, S.124, S.125, S.126, S.127, S.128, S.129",,3,,,,,A,Euro short-term rate,"Euro short-term rate, Volume-weighted trimmed mean rate - Unsecured - Overnight - Borrowing - Financial corporations",,PC,0,-0.5,True,-7.599999999999996,-7.314999999999996,0.3477896305507984,-0.8194608894711506,False,Normal transmission
2021-12-21,-0.571,EST.B.EU000A2X2A25.WT,B,EU000A2X2A25,WT,A,F,,,,,P1D,,,,"ESA 2010 Sectors: S.121, S.122, S.123, S.124, S.125, S.126, S.127, S.128, S.129",,3,,,,,A,Euro short-term rate,"Euro short-term rate, Volume-weighted trimmed mean rate - Unsecured - Overnight - Borrowing - Financial corporations",,PC,0,-0.5,True,-7.099999999999995,-7.311666666666662,0.34889251740411664,0.6066815884775676,False,Normal transmission
2021-12-22,-0.574,EST.B.EU000A2X2A25.WT,B,EU000A2X2A25,WT,A,F,,,,,P1D,,,,"ESA 2010 Sectors: S.121, S.122, S.123, S.124, S.125, S.126, S.127, S.128, S.129",,3,,,,,A,Euro short-term rate,"Euro short-term rate, Volume-weighted trimmed mean rate - Unsecured - Overnight - Borrowing - Financial corporations",,PC,0,-0.5,True,-7.399999999999995,-7.314999999999995,0.3487629470290039,-0.24371855073506754,False,Normal transmission
2021-12-23,-0.576,EST.B.EU000A2X2A25.WT,B,EU000A2X2A25,WT,A,F,,,,,P1D,,,,"ESA 2010 Sectors: S.121, S.122, S.123, S.124, S.125, S.126, S.127, S.128, S.129",,3,,,,,A,Euro short-term rate,"Euro short-term rate, Volume-weighted trimmed mean rate - Unsecured - Overnight - Borrowing - Financial corporations",,PC,0,-0.5,True,-7.599999999999996,-7.308333333333328,0.3391373236519422,-0.8600252650634418,False,Normal transmission
2021-12-24,-0.58,EST.B.EU000A2X2A25.WT,B,EU000A2X2A25,WT,A,F,,,,,P1D,,,,"ESA 2010 Sectors: S.121, S.122, S.123, S.124, S.125, S.126, S.127, S.128, S.129",,3,,,,,A,Euro short-term rate,"Euro short-term rate, Volume-weighted trimmed mean rate - Unsecured - Overnight - Borrowing - Financial corporations",,PC,0,-0.5,True,-7.9999999999999964,-7.323333333333329,0.34951136189029985,-1.9360362507444067,False,Normal transmission
2021-12-27,-0.576,EST.B.EU000A2X2A25.WT,B,EU000A2X2A25,WT,A,F,,,,,P1D,,,,"ESA 2010 Sectors: S.121, S.122, S.123, S.124, S.125, S.126, S.127, S.128, S.129",,3,,,,,A,Euro short-term rate,"Euro short-term rate, Volume-weighted trimmed mean rate - Unsecured - Overnight - Borrowing - Financial corporations",,PC,0,-0.5,True,-7.599999999999996,-7.3349999999999955,0.34681358251511085,-0.7640992549317309,False,Normal transmission
2021-12-28,-0.575,EST.B.EU000A2X2A25.WT,B,EU000A2X2A25,WT,A,F,,,,,P1D,,,,"ESA 2010 Sectors: S.121, S.122, S.123, S.124, S.125, S.126, S.127, S.128, S.129",,3,,,,,A,Euro short-term rate,"Euro short-term rate, Volume-weighted trimmed mean rate - Unsecured - Overnight - Borrowing - Financial corporations",,PC,0,-0.5,True,-7.499999999999996,-7.344999999999995,0.34268382423138505,-0.45231198276619566,False,Normal transmission
2021-12-29,-0.578,EST.B.EU000A2X2A25.WT,B,EU000A2X2A25,WT,A,F,,,,,P1D,,,,"ESA 2010 Sectors: S.121, S.122, S.123, S.124, S.125, S.126, S.127, S.128, S.129",,3,,,,,A,Euro short-term rate,"Euro short-term rate, Volume-weighted trimmed mean rate - Unsecured - Overnight - Borrowing - Financial corporations",,PC,0,-0.5,True,-7.799999999999995,-7.359999999999996,0.34257252108627434,-1.2843995735699676,False,Normal transmission
2021-12-30,-0.58,EST.B.EU000A2X2A25.WT,B,EU000A2X2A25,WT,A,F,,,,,P1D,,,,"ESA 2010 Sectors: S.121, S.122, S.123, S.124, S.125, S.126, S.127, S.128, S.129",,3,,,,,A,Euro short-term rate,"Euro short-term rate, Volume-weighted trimmed mean rate - Unsecured - Overnight - Borrowing - Financial corporations",,PC,0,-0.5,True,-7.9999999999999964,-7.3799999999999955,0.34434905428424867,-1.8004986286043685,False,Normal transmission
2021-12-31,-0.59,EST.B.EU000A2X2A25.WT,B,EU000A2X2A25,WT,A,F,,,,,P1D,,,,"ESA 2010 Sectors: S.121, S.122, S.123, S.124, S.125, S.126, S.127, S.128, S.129",,3,,,,,A,Euro short-term rate,"Euro short-term rate, Volume-weighted trimmed mean rate - Unsecured - Overnight - Borrowing - Financial corporations",,PC,0,-0.5,True,-8.999999999999996,-7.416666666666662,0.3949540486752693,-4.008905184398172,True,Unusually below policy rate
2022-01-03,-0.578,EST.B.EU000A2X2A25.WT,B,EU000A2X2A25,WT,A,F,,,,,P1D,,,,"ESA 2010 Sectors: S.121, S.122, S.123, S.124, S.125, S.126, S.127, S.128, S.129",,3,,,,,A,Euro short-term rate,"Euro short-term rate, Volume-weighted trimmed mean rate - Unsecured - Overnight - Borrowing - Financial corporations",,PC,0,-0.5,True,-7.799999999999995,-7.429999999999996,0.39415216884270066,-0.9387237449089361,False,Normal transmission
2022-01-04,-0.578,EST.B.EU000A2X2A25.WT,B,EU000A2X2A25,WT,A,F,,,,,P1D,,,,"ESA 2010 Sectors: S.121, S.122, S.123, S.124, S.125, S.126, S.127, S.128, S.129",,3,,,,,A,Euro short-term rate,"Euro short-term rate, Volume-weighted trimmed mean rate - Unsecured - Overnight - Borrowing - Financial corporations",,PC,0,-0.5,True,-7.799999999999995,-7.456666666666662,0.36236823048287753,-0.9474708444386014,False,Normal transmission
2022-01-05,-0.578,EST.B.EU000A2X2A25.WT,B,EU000A2X2A25,WT,A,F,,,,,P1D,,,,"ESA 2010 Sectors: S.121, S.122, S.123, S.124, S.125, S.126, S.127, S.128, S.129",,3,,,,,A,Euro short-term rate,"Euro short-term rate, Volume-weighted trimmed mean rate - Unsecured - Overnight - Borrowing - Financial corporations",,PC,0,-0.5,True,-7.799999999999995,-7.471666666666662,0.3575299758283688,-0.9183379171847358,False,Normal transmission
2022-01-06,-0.578,EST.B.EU000A2X2A25.WT,B,EU000A2X2A25,WT,A,F,,,,,P1D,,,,"ESA 2010 Sectors: S.121, S.122, S.123, S.124, S.125, S.126, S.127, S.128, S.129",,3,,,,,A,Euro short-term rate,"Euro short-term rate, Volume-weighted trimmed mean rate - Unsecured - Overnight - Borrowing - Financial corporations",,PC,0,-0.5,True,-7.799999999999995,-7.484999999999996,0.35454673856985774,-0.8884583208144046,False,Normal transmission
2022-01-07,-0.58,EST.B.EU000A2X2A25.WT,B,EU000A2X2A25,WT,A,F,,,,,P1D,,,,"ESA 2010 Sectors: S.121, S.122, S.123, S.124, S.125, S.126, S.127, S.128, S.129",,3,,,,,A,Euro short-term rate,"Euro short-term rate, Volume-weighted trimmed mean rate - Unsecured - Overnight - Borrowing - Financial corporations",,PC,0,-0.5,True,-7.9999999999999964,-7.4983333333333295,0.35866592107122125,-1.3987017923764484,False,Normal transmission
2022-01-10,-0.579,EST.B.EU000A2X2A25.WT,B,EU000A2X2A25,WT,A,F,,,,,P1D,,,,"ESA 2010 Sectors: S.121, S.122, S.123, S.124, S.125, S.126, S.127, S.128, S.129",,3,,,,,A,Euro short-term rate,"Euro short-term rate, Volume-weighted trimmed mean rate - Unsecured - Overnight - Borrowing - Financial corporations",,PC,0,-0.5,True,-7.899999999999996,-7.506666666666662,0.3621342885420647,-1.0861532469539814,False,Normal transmission
2022-01-11,-0.579,EST.B.EU000A2X2A25.WT,B,EU000A2X2A25,WT,A,F,,,,,P1D,,,,"ESA 2010 Sectors: S.121, S.122, S.123, S.124, S.125, S.126, S.127, S.128, S.129",,3,,,,,A,Euro short-term rate,"Euro short-term rate, Volume-weighted trimmed mean rate - Unsecured - Overnight - Borrowing - Financial corporations",,PC,0,-0.5,True,-7.899999999999996,-7.516666666666662,0.3646064359105017,-1.0513619497035671,False,Normal transmission
2022-01-12,-0.578,EST.B.EU000A2X2A25.WT,B,EU000A2X2A25,WT,A,F,,,,,P1D,,,,"ESA 2010 Sectors: S.121, S.122, S.123, S.124, S.125, S.126, S.127, S.128, S.129",,3,,,,,A,Euro short-term rate,"Euro short-term rate, Volume-weighted trimmed mean rate - Unsecured - Overnight - Borrowing - Financial corporations",,PC,0,-0.5,True,-7.799999999999995,-7.528333333333328,0.36223958111215254,-0.7499640592355837,False,Normal transmission
2022-01-13,-0.578,EST.B.EU000A2X2A25.WT,B,EU000A2X2A25,WT,A,F,,,,,P1D,,,,"ESA 2010 Sectors: S.121, S.122, S.123, S.124, S.125, S.126, S.127, S.128, S.129",,3,,,,,A,Euro short-term rate,"Euro short-term rate, Volume-weighted trimmed mean rate - Unsecured - Overnight - Borrowing - Financial corporations",,PC,0,-0.5,True,-7.799999999999995,-7.536666666666663,0.36264876160521925,-0.7261387910652742,False,Normal transmission
2022-01-14,-0.578,EST.B.EU000A2X2A25.WT,B,EU000A2X2A25,WT,A,F,,,,,P1D,,,,"ESA 2010 Sectors: S.121, S.122, S.123, S.124, S.125, S.126, S.127, S.128, S.129",,3,,,,,A,Euro short-term rate,"Euro short-term rate, Volume-weighted trimmed mean rate - Unsecured - Overnight - Borrowing - Financial corporations",,PC,0,-0.5,True,-7.799999999999995,-7.551666666666662,0.3543873523141587,-0.7007398308989018,False,Normal transmission
2022-01-17,-0.578,EST.B.EU000A2X2A25.WT,B,EU000A2X2A25,WT,A,F,,,,,P1D,,,,"ESA 2010 Sectors: S.121, S.122, S.123, S.124, S.125, S.126, S.127, S.128, S.129",,3,,,,,A,Euro short-term rate,"Euro short-term rate, Volume-weighted trimmed mean rate - Unsecured - Overnight - Borrowing - Financial corporations",,PC,0,-0.5,True,-7.799999999999995,-7.563333333333329,0.350769936030174,-0.6747062457664781,False,Normal transmission
2022-01-18,-0.579,EST.B.EU000A2X2A25.WT,B,EU000A2X2A25,WT,A,F,,,,,P1D,,,,"ESA 2010 Sectors: S.121, S.122, S.123, S.124, S.125, S.126, S.127, S.128, S.129",,3,,,,,A,Euro short-term rate,"Euro short-term rate, Volume-weighted trimmed mean rate - Unsecured - Overnight - Borrowing - Financial corporations",,PC,0,-0.5,True,-7.899999999999996,-7.57833333333333,0.34547519063551585,-0.9310847070521829,False,Normal transmission
2022-01-19,-0.578,EST.B.EU000A2X2A25.WT,B,EU000A2X2A25,WT,A,F,,,,,P1D,,,,"ESA 2010 Sectors: S.121, S.122, S.123, S.124, S.125, S.126, S.127, S.128, S.129",,3,,,,,A,Euro short-term rate,"Euro short-term rate, Volume-weighted trimmed mean rate - Unsecured - Overnight - Borrowing - Financial corporations",,PC,0,-0.5,True,-7.799999999999995,-7.586666666666662,0.34467703707531605,-0.6189368898593554,False,Normal transmission
2022-01-20,-0.579,EST.B.EU000A2X2A25.WT,B,EU000A2X2A25,WT,A,F,,,,,P1D,,,,"ESA 2010 Sectors: S.121, S.122, S.123, S.124, S.125, S.126, S.127, S.128, S.129",,3,,,,,A,Euro short-term rate,"Euro short-term rate, Volume-weighted trimmed mean rate - Unsecured - Overnight - Borrowing - Financial corporations",,PC,0,-0.5,True,-7.899999999999996,-7.596666666666662,0.3449228195008884,-0.8794237904359715,False,Normal transmission
2022-01-21,-0.579,EST.B.EU000A2X2A25.WT,B,EU000A2X2A25,WT,A,F,,,,,P1D,,,,"ESA 2010 Sectors: S.121, S.122, S.123, S.124, S.125, S.126, S.127, S.128, S.129",,3,,,,,A,Euro short-term rate,"Euro short-term rate, Volume-weighted trimmed mean rate - Unsecured - Overnight - Borrowing - Financial corporations",,PC,0,-0.5,True,-7.899999999999996,-7.598333333333329,0.34616135488501926,-0.8714625778110563,False,Normal transmission
2022-01-24,-0.579,EST.B.EU000A2X2A25.WT,B,EU000A2X2A25,WT,A,F,,,,,P1D,,,,"ESA 2010 Sectors: S.121, S.122, S.123, S.124, S.125, S.126, S.127, S.128, S.129",,3,,,,,A,Euro short-term rate,"Euro short-term rate, Volume-weighted trimmed mean rate - Unsecured - Overnight - Borrowing - Financial corporations",,PC,0,-0.5,True,-7.899999999999996,-7.598333333333328,0.34616135488501926,-0.8714625778110588,False,Normal transmission
2022-01-25,-0.578,EST.B.EU000A2X2A25.WT,B,EU000A2X2A25,WT,A,F,,,,,P1D,,,,"ESA 2010 Sectors: S.121, S.122, S.123, S.124, S.125, S.126, S.127, S.128, S.129",,3,,,,,A,Euro short-term rate,"Euro short-term rate, Volume-weighted trimmed mean rate - Unsecured - Overnight - Borrowing - Financial corporations",,PC,0,-0.5,True,-7.799999999999995,-7.613333333333329,0.3346977724306951,-0.5577170870036761,False,Normal transmission
2022-01-26,-0.576,EST.B.EU000A2X2A25.WT,B,EU000A2X2A25,WT,A,F,,,,,P1D,,,,"ESA 2010 Sectors: S.121, S.122, S.123, S.124, S.125, S.126, S.127, S.128, S.129",,3,,,,,A,Euro short-term rate,"Euro short-term rate, Volume-weighted trimmed mean rate - Unsecured - Overnight - Borrowing - Financial corporations",,PC,0,-0.5,True,-7.599999999999996,-7.616666666666663,0.3335310148293861,0.049970365350257596,False,Normal transmission
2022-01-27,-0.573,EST.B.EU000A2X2A25.WT,B,EU000A2X2A25,WT,A,F,,,,,P1D,,,,"ESA 2010 Sectors: S.121, S.122, S.123, S.124, S.125, S.126, S.127, S.128, S.129",,3,,,,,A,Euro short-term rate,"Euro short-term rate, Volume-weighted trimmed mean rate - Unsecured - Overnight - Borrowing - Financial corporations",,PC,0,-0.5,True,-7.299999999999995,-7.616666666666662,0.3335310148293861,0.949436941654897,False,Normal transmission
2022-01-28,-0.573,EST.B.EU000A2X2A25.WT,B,EU000A2X2A25,WT,A,F,,,,,P1D,,,,"ESA 2010 Sectors: S.121, S.122, S.123, S.124, S.125, S.126, S.127, S.128, S.129",,3,,,,,A,Euro short-term rate,"Euro short-term rate, Volume-weighted trimmed mean rate - Unsecured - Overnight - Borrowing - Financial corporations",,PC,0,-0.5,True,-7.299999999999995,-7.618333333333329,0.3316582203734075,0.9598234380409089,False,Normal transmission
2022-01-31,-0.579,EST.B.EU000A2X2A25.WT,B,EU000A2X2A25,WT,A,F,,,,,P1D,,,,"ESA 2010 Sectors: S.121, S.122, S.123, S.124, S.125, S.126, S.127, S.128, S.129",,3,,,,,A,Euro short-term rate,"Euro short-term rate, Volume-weighted trimmed mean rate - Unsecured - Overnight - Borrowing - Financial corporations",,PC,0,-0.5,True,-7.899999999999996,-7.624999999999996,0.33325564066330676,-0.8251923341871864,False,Normal transmission
2022-02-01,-0.578,EST.B.EU000A2X2A25.WT,B,EU000A2X2A25,WT,A,F,,,,,P1D,,,,"ESA 2010 Sectors: S.121, S.122, S.123, S.124, S.125, S.126, S.127, S.128, S.129",,3,,,,,A,Euro short-term rate,"Euro short-term rate, Volume-weighted trimmed mean rate - Unsecured - Overnight - Borrowing - Financial corporations",,PC,0,-0.5,True,-7.799999999999995,-7.6299999999999955,0.3335987643760585,-0.5095942136295286,False,Normal transmission
2022-02-02,-0.578,EST.B.EU000A2X2A25.WT,B,EU000A2X2A25,WT,A,F,,,,,P1D,,,,"ESA 2010 Sectors: S.121, S.122, S.123, S.124, S.125, S.126, S.127, S.128, S.129",,3,,,,,A,Euro short-term rate,"Euro short-term rate, Volume-weighted trimmed mean rate - Unsecured - Overnight - Borrowing - Financial corporations",,PC,0,-0.5,True,-7.799999999999995,-7.633333333333329,0.33429240558138795,-0.4985655189408389,False,Normal transmission
2022-02-03,-0.577,EST.B.EU000A2X2A25.WT,B,EU000A2X2A25,WT,A,F,,,,,P1D,,,,"ESA 2010 Sectors: S.121, S.122, S.123, S.124, S.125, S.126, S.127, S.128, S.129",,3,,,,,A,Euro short-term rate,"Euro short-term rate, Volume-weighted trimmed mean rate - Unsecured - Overnight - Borrowing - Financial corporations",,PC,0,-0.5,True,-7.699999999999996,-7.636666666666662,0.33393730593301174,-0.18965635826875304,False,Normal transmission
2022-02-04,-0.578,EST.B.EU000A2X2A25.WT,B,EU000A2X2A25,WT,A,F,,,,,P1D,,,,"ESA 2010 Sectors: S.121, S.122, S.123, S.124, S.125, S.126, S.127, S.128, S.129",,3,,,,,A,Euro short-term rate,"Euro short-term rate, Volume-weighted trimmed mean rate - Unsecured - Overnight - Borrowing - Financial corporations",,PC,0,-0.5,True,-7.799999999999995,-7.646666666666663,0.329594854877309,-0.46521761812820306,False,Normal transmission
2022-02-07,-0.578,EST.B.EU000A2X2A25.WT,B,EU000A2X2A25,WT,A,F,,,,,P1D,,,,"ESA 2010 Sectors: S.121, S.122, S.123, S.124, S.125, S.126, S.127, S.128, S.129",,3,,,,,A,Euro short-term rate,"Euro short-term rate, Volume-weighted trimmed mean rate - Unsecured - Overnight - Borrowing - Financial corporations",,PC,0,-0.5,True,-7.799999999999995,-7.661666666666662,0.3152032794002071,-0.43887022240556917,False,Normal transmission
2022-02-08,-0.574,EST.B.EU000A2X2A25.WT,B,EU000A2X2A25,WT,A,F,,,,,P1D,,,,"ESA 2010 Sectors: S.121, S.122, S.123, S.124, S.125, S.126, S.127, S.128, S.129",,3,,,,,A,Euro short-term rate,"Euro short-term rate, Volume-weighted trimmed mean rate - Unsecured - Overnight - Borrowing - Financial corporations",,PC,0,-0.5,True,-7.399999999999995,-7.6666666666666625,0.30844974134835207,0.8645384674370783,False,Normal transmission
2022-02-09,-0.578,EST.B.EU000A2X2A25.WT,B,EU000A2X2A25,WT,A,F,,,,,P1D,,,,"ESA 2010 Sectors: S.121, S.122, S.123, S.124, S.125, S.126, S.127, S.128, S.129",,3,,,,,A,Euro short-term rate,"Euro short-term rate, Volume-weighted trimmed mean rate - Unsecured - Overnight - Borrowing - Financial corporations",,PC,0,-0.5,True,-7.799999999999995,-7.678333333333328,0.29976921443156235,-0.4058677836460878,False,Normal transmission
2022-02-10,-0.572,EST.B.EU000A2X2A25.WT,B,EU000A2X2A25,WT,A,F,,,,,P1D,,,,"ESA 2010 Sectors: S.121, S.122, S.123, S.124, S.125, S.126, S.127, S.128, S.129",,3,,,,,A,Euro short-term rate,"Euro short-term rate, Volume-weighted trimmed mean rate - Unsecured - Overnight - Borrowing - Financial corporations",,PC,0,-0.5,True,-7.199999999999996,-7.679999999999995,0.29676218864636633,1.6174567325758158,False,Normal transmission
2022-02-11,-0.578,EST.B.EU000A2X2A25.WT,B,EU000A2X2A25,WT,A,F,,,,,P1D,,,,"ESA 2010 Sectors: S.121, S.122, S.123, S.124, S.125, S.126, S.127, S.128, S.129",,3,,,,,A,Euro short-term rate,"Euro short-term rate, Volume-weighted trimmed mean rate - Unsecured - Overnight - Borrowing - Financial corporations",,PC,0,-0.5,True,-7.799999999999995,-7.688333333333329,0.2929057618257899,-0.38123752148338336,False,Normal transmission
2022-02-14,-0.578,EST.B.EU000A2X2A25.WT,B,EU000A2X2A25,WT,A,F,,,,,P1D,,,,"ESA 2010 Sectors: S.121, S.122, S.123, S.124, S.125, S.126, S.127, S.128, S.129",,3,,,,,A,Euro short-term rate,"Euro short-term rate, Volume-weighted trimmed mean rate - Unsecured - Overnight - Borrowing - Financial corporations",,PC,0,-0.5,True,-7.799999999999995,-7.696666666666662,0.28875340876508826,-0.35786013323707305,False,Normal transmission
2022-02-15,-0.576,EST.B.EU000A2X2A25.WT,B,EU000A2X2A25,WT,A,F,,,,,P1D,,,,"ESA 2010 Sectors: S.121, S.122, S.123, S.124, S.125, S.126, S.127, S.128, S.129",,3,,,,,A,Euro short-term rate,"Euro short-term rate, Volume-weighted trimmed mean rate - Unsecured - Overnight - Borrowing - Financial corporations",,PC,0,-0.5,True,-7.599999999999996,-7.699999999999995,0.28641560415783307,0.3491429885394528,False,Normal transmission
2022-02-16,-0.576,EST.B.EU000A2X2A25.WT,B,EU000A2X2A25,WT,A,F,,,,,P1D,,,,"ESA 2010 Sectors: S.121, S.122, S.123, S.124, S.125, S.126, S.127, S.128, S.129",,3,,,,,A,Euro short-term rate,"Euro short-term rate, Volume-weighted trimmed mean rate - Unsecured - Overnight - Borrowing - Financial corporations",,PC,0,-0.5,True,-7.599999999999996,-7.7099999999999955,0.2716553150032283,0.4049248953538502,False,Normal transmission
2022-02-17,-0.576,EST.B.EU000A2X2A25.WT,B,EU000A2X2A25,WT,A,F,,,,,P1D,,,,"ESA 2010 Sectors: S.121, S.122, S.123, S.124, S.125, S.126, S.127, S.128, S.129",,3,,,,,A,Euro short-term rate,"Euro short-term rate, Volume-weighted trimmed mean rate - Unsecured - Overnight - Borrowing - Financial corporations",,PC,0,-0.5,True,-7.599999999999996,-7.714999999999995,0.26669667910208295,0.4312014697265166,False,Normal transmission
2022-02-18,-0.576,EST.B.EU000A2X2A25.WT,B,EU000A2X2A25,WT,A,F,,,,,P1D,,,,"ESA 2010 Sectors: S.121, S.122, S.123, S.124, S.125, S.126, S.127, S.128, S.129",,3,,,,,A,Euro short-term rate,"Euro short-term rate, Volume-weighted trimmed mean rate - Unsecured - Overnight - Borrowing - Financial corporations",,PC,0,-0.5,True,-7.599999999999996,-7.719999999999996,0.26154689763219996,0.4588087302367852,False,Normal transmission
2022-02-21,-0.576,EST.B.EU000A2X2A25.WT,B,EU000A2X2A25,WT,A,F,,,,,P1D,,,,"ESA 2010 Sectors: S.121, S.122, S.123, S.124, S.125, S.126, S.127, S.128, S.129",,3,,,,,A,Euro short-term rate,"Euro short-term rate, Volume-weighted trimmed mean rate - Unsecured - Overnight - Borrowing - Financial corporations",,PC,0,-0.5,True,-7.599999999999996,-7.724999999999996,0.2561944441637064,0.48791065867191835,False,Normal transmission
2022-02-22,-0.575,EST.B.EU000A2X2A25.WT,B,EU000A2X2A25,WT,A,F,,,,,P1D,,,,"ESA 2010 Sectors: S.121, S.122, S.123, S.124, S.125, S.126, S.127, S.128, S.129",,3,,,,,A,Euro short-term rate,"Euro short-term rate, Volume-weighted trimmed mean rate - Unsecured - Overnight - Borrowing - Financial corporations",,PC,0,-0.5,True,-7.499999999999996,-7.724999999999996,0.25619444416370646,0.8782391856094549,False,Normal transmission
2022-02-23,-0.576,EST.B.EU000A2X2A25.WT,B,EU000A2X2A25,WT,A,F,,,,,P1D,,,,"ESA 2010 Sectors: S.121, S.122, S.123, S.124, S.125, S.126, S.127, S.128, S.129",,3,,,,,A,Euro short-term rate,"Euro short-term rate, Volume-weighted trimmed mean rate - Unsecured - Overnight - Borrowing - Financial corporations",,PC,0,-0.5,True,-7.599999999999996,-7.728333333333329,0.25317754650937874,0.5068906587598161,False,Normal transmission
2022-02-24,-0.576,EST.B.EU000A2X2A25.WT,B,EU000A2X2A25,WT,A,F,,,,,P1D,,,,"ESA 2010 Sectors: S.121, S.122, S.123, S.124, S.125, S.126, S.127, S.128, S.129",,3,,,,,A,Euro short-term rate,"Euro short-term rate, Volume-weighted trimmed mean rate - Unsecured - Overnight - Borrowing - Financial corporations",,PC,0,-0.5,True,-7.599999999999996,-7.729999999999996,0.25197524764099405,0.5159236917795178,False,Normal transmission
2022-02-25,-0.575,EST.B.EU000A2X2A25.WT,B,EU000A2X2A25,WT,A,F,,,,,P1D,,,,"ESA 2010 Sectors: S.121, S.122, S.123, S.124, S.125, S.126, S.127, S.128, S.129",,3,,,,,A,Euro short-term rate,"Euro short-term rate, Volume-weighted trimmed mean rate - Unsecured - Overnight - Borrowing - Financial corporations",,PC,0,-0.5,True,-7.499999999999996,-7.724999999999995,0.25353433893056904,0.8874537506401309,False,Normal transmission
2022-02-28,-0.58,EST.B.EU000A2X2A25.WT,B,EU000A2X2A25,WT,A,F,,,,,P1D,,,,"ESA 2010 Sectors: S.121, S.122, S.123, S.124, S.125, S.126, S.127, S.128, S.129",,3,,,,,A,Euro short-term rate,"Euro short-term rate, Volume-weighted trimmed mean rate - Unsecured - Overnight - Borrowing - Financial corporations",,PC,0,-0.5,True,-7.9999999999999964,-7.728333333333328,0.2558413615111882,-1.0618559292446075,False,Normal transmission
2022-03-01,-0.577,EST.B.EU000A2X2A25.WT,B,EU000A2X2A25,WT,A,F,,,,,P1D,,,,"ESA 2010 Sectors: S.121, S.122, S.123, S.124, S.125, S.126, S.127, S.128, S.129",,3,,,,,A,Euro short-term rate,"Euro short-term rate, Volume-weighted trimmed mean rate - Unsecured - Overnight - Borrowing - Financial corporations",,PC,0,-0.5,True,-7.699999999999996,-7.728333333333329,0.2558413615111882,0.11074571041201357,False,Normal transmission
2022-03-02,-0.578,EST.B.EU000A2X2A25.WT,B,EU000A2X2A25,WT,A,F,,,,,P1D,,,,"ESA 2010 Sectors: S.121, S.122, S.123, S.124, S.125, S.126, S.127, S.128, S.129",,3,,,,,A,Euro short-term rate,"Euro short-term rate, Volume-weighted trimmed mean rate - Unsecured - Overnight - Borrowing - Financial corporations",,PC,0,-0.5,True,-7.799999999999995,-7.729999999999995,0.25597934238689074,-0.27345956649189807,False,Normal transmission
2022-03-03,-0.579,EST.B.EU000A2X2A25.WT,B,EU000A2X2A25,WT,A,F,,,,,P1D,,,,"ESA 2010 Sectors: S.121, S.122, S.123, S.124, S.125, S.126, S.127, S.128, S.129",,3,,,,,A,Euro short-term rate,"Euro short-term rate, Volume-weighted trimmed mean rate - Unsecured - Overnight - Borrowing - Financial corporations",,PC,0,-0.5,True,-7.899999999999996,-7.731666666666663,0.2567671679383579,-0.6555874517950239,False,Normal transmission
2022-03-04,-0.577,EST.B.EU000A2X2A25.WT,B,EU000A2X2A25,WT,A,F,,,,,P1D,,,,"ESA 2010 Sectors: S.121, S.122, S.123, S.124, S.125, S.126, S.127, S.128, S.129",,3,,,,,A,Euro short-term rate,"Euro short-term rate, Volume-weighted trimmed mean rate - Unsecured - Overnight - Borrowing - Financial corporations",,PC,0,-0.5,True,-7.699999999999996,-7.731666666666663,0.2567671679383579,0.1233283325158978,False,Normal transmission
2022-03-07,-0.579,EST.B.EU000A2X2A25.WT,B,EU000A2X2A25,WT,A,F,,,,,P1D,,,,"ESA 2010 Sectors: S.121, S.122, S.123, S.124, S.125, S.126, S.127, S.128, S.129",,3,,,,,A,Euro short-term rate,"Euro short-term rate, Volume-weighted trimmed mean rate - Unsecured - Overnight - Borrowing - Financial corporations",,PC,0,-0.5,True,-7.899999999999996,-7.731666666666663,0.2567671679383579,-0.6555874517950239,False,Normal transmission
2022-03-08,-0.579,EST.B.EU000A2X2A25.WT,B,EU000A2X2A25,WT,A,F,,,,,P1D,,,,"ESA 2010 Sectors: S.121, S.122, S.123, S.124, S.125, S.126, S.127, S.128, S.129",,3,,,,,A,Euro short-term rate,"Euro short-term rate, Volume-weighted trimmed mean rate - Unsecured - Overnight - Borrowing - Financial corporations",,PC,0,-0.5,True,-7.899999999999996,-7.734999999999996,0.2576457954871665,-0.6404140990851869,False,Normal transmission
2022-03-09,-0.58,EST.B.EU000A2X2A25.WT,B,EU000A2X2A25,WT,A,F,,,,,P1D,,,,"ESA 2010 Sectors: S.121, S.122, S.123, S.124, S.125, S.126, S.127, S.128, S.129",,3,,,,,A,Euro short-term rate,"Euro short-term rate, Volume-weighted trimmed mean rate - Unsecured - Overnight - Borrowing - Financial corporations",,PC,0,-0.5,True,-7.9999999999999964,-7.739999999999996,0.25985654451798007,-1.0005520564520962,False,Normal transmission
2022-03-10,-0.576,EST.B.EU000A2X2A25.WT,B,EU000A2X2A25,WT,A,F,,,,,P1D,,,,"ESA 2010 Sectors: S.121, S.122, S.123, S.124, S.125, S.126, S.127, S.128, S.129",,3,,,,,A,Euro short-term rate,"Euro short-term rate, Volume-weighted trimmed mean rate - Unsecured - Overnight - Borrowing - Financial corporations",,PC,0,-0.5,True,-7.599999999999996,-7.738333333333329,0.2604374850435909,0.5311575379027298,False,Normal transmission
2022-03-11,-0.577,EST.B.EU000A2X2A25.WT,B,EU000A2X2A25,WT,A,F,,,,,P1D,,,,"ESA 2010 Sectors: S.121, S.122, S.123, S.124, S.125, S.126, S.127, S.128, S.129",,3,,,,,A,Euro short-term rate,"Euro short-term rate, Volume-weighted trimmed mean rate - Unsecured - Overnight - Borrowing - Financial corporations",,PC,0,-0.5,True,-7.699999999999996,-7.739999999999996,0.25985654451798007,0.15393108560801455,False,Normal transmission
2022-03-14,-0.577,EST.B.EU000A2X2A25.WT,B,EU000A2X2A25,WT,A,F,,,,,P1D,,,,"ESA 2010 Sectors: S.121, S.122, S.123, S.124, S.125, S.126, S.127, S.128, S.129",,3,,,,,A,Euro short-term rate,"Euro short-term rate, Volume-weighted trimmed mean rate - Unsecured - Overnight - Borrowing - Financial corporations",,PC,0,-0.5,True,-7.699999999999996,-7.741666666666662,0.259263406836185,0.16071171468094247,False,Normal transmission
2022-03-15,-0.573,EST.B.EU000A2X2A25.WT,B,EU000A2X2A25,WT,A,F,,,,,P1D,,,,"ESA 2010 Sectors: S.121, S.122, S.123, S.124, S.125, S.126, S.127, S.128, S.129",,3,,,,,A,Euro short-term rate,"Euro short-term rate, Volume-weighted trimmed mean rate - Unsecured - Overnight - Borrowing - Financial corporations",,PC,0,-0.5,True,-7.299999999999995,-7.744999999999996,0.2520593150532154,1.7654574674459096,False,Normal transmission
2022-03-16,-0.577,EST.B.EU000A2X2A25.WT,B,EU000A2X2A25,WT,A,F,,,,,P1D,,,,"ESA 2010 Sectors: S.121, S.122, S.123, S.124, S.125, S.126, S.127, S.128, S.129",,3,,,,,A,Euro short-term rate,"Euro short-term rate, Volume-weighted trimmed mean rate - Unsecured - Overnight - Borrowing - Financial corporations",,PC,0,-0.5,True,-7.699999999999996,-7.7499999999999964,0.2480431892409563,0.20157779841892481,False,Normal transmission
2022-03-17,-0.578,EST.B.EU000A2X2A25.WT,B,EU000A2X2A25,WT,A,F,,,,,P1D,,,,"ESA 2010 Sectors: S.121, S.122, S.123, S.124, S.125, S.126, S.127, S.128, S.129",,3,,,,,A,Euro short-term rate,"Euro short-term rate, Volume-weighted trimmed mean rate - Unsecured - Overnight - Borrowing - Financial corporations",,PC,0,-0.5,True,-7.799999999999995,-7.753333333333329,0.2473360896491839,-0.18867714263962426,False,Normal transmission
2022-03-18,-0.578,EST.B.EU000A2X2A25.WT,B,EU000A2X2A25,WT,A,F,,,,,P1D,,,,"ESA 2010 Sectors: S.121, S.122, S.123, S.124, S.125, S.126, S.127, S.128, S.129",,3,,,,,A,Euro short-term rate,"Euro short-term rate, Volume-weighted trimmed mean rate - Unsecured - Overnight - Borrowing - Financial corporations",,PC,0,-0.5,True,-7.799999999999995,-7.749999999999996,0.24529470341904047,-0.2038364436862059,False,Normal transmission
2022-03-21,-0.578,EST.B.EU000A2X2A25.WT,B,EU000A2X2A25,WT,A,F,,,,,P1D,,,,"ESA 2010 Sectors: S.121, S.122, S.123, S.124, S.125, S.126, S.127, S.128, S.129",,3,,,,,A,Euro short-term rate,"Euro short-term rate, Volume-weighted trimmed mean rate - Unsecured - Overnight - Borrowing - Financial corporations",,PC,0,-0.5,True,-7.799999999999995,-7.753333333333329,0.24457965786131786,-0.19080354872818986,False,Normal transmission
2022-03-22,-0.578,EST.B.EU000A2X2A25.WT,B,EU000A2X2A25,WT,A,F,,,,,P1D,,,,"ESA 2010 Sectors: S.121, S.122, S.123, S.124, S.125, S.126, S.127, S.128, S.129",,3,,,,,A,Euro short-term rate,"Euro short-term rate, Volume-weighted trimmed mean rate - Unsecured - Overnight - Borrowing - Financial corporations",,PC,0,-0.5,True,-7.799999999999995,-7.758333333333329,0.24236942433631883,-0.1719138739581615,False,Normal transmission
2022-03-23,-0.578,EST.B.EU000A2X2A25.WT,B,EU000A2X2A25,WT,A,F,,,,,P1D,,,,"ESA 2010 Sectors: S.121, S.122, S.123, S.124, S.125, S.126, S.127, S.128, S.129",,3,,,,,A,Euro short-term rate,"Euro short-term rate, Volume-weighted trimmed mean rate - Unsecured - Overnight - Borrowing - Financial corporations",,PC,0,-0.5,True,-7.799999999999995,-7.758333333333329,0.24236942433631883,-0.1719138739581615,False,Normal transmission
2022-03-24,-0.579,EST.B.EU000A2X2A25.WT,B,EU000A2X2A25,WT,A,F,,,,,P1D,,,,"ESA 2010 Sectors: S.121, S.122, S.123, S.124, S.125, S.126, S.127, S.128, S.129",,3,,,,,A,Euro short-term rate,"Euro short-term rate, Volume-weighted trimmed mean rate - Unsecured - Overnight - Borrowing - Financial corporations",,PC,0,-0.5,True,-7.899999999999996,-7.756666666666662,0.24101949190934172,-0.5946960231218463,False,Normal transmission
2022-03-25,-0.581,EST.B.EU000A2X2A25.WT,B,EU000A2X2A25,WT,A,F,,,,,P1D,,,,"ESA 2010 Sectors: S.121, S.122, S.123, S.124, S.125, S.126, S.127, S.128, S.129",,3,,,,,A,Euro short-term rate,"Euro short-term rate, Volume-weighted trimmed mean rate - Unsecured - Overnight - Borrowing - Financial corporations",,PC,0,-0.5,True,-8.099999999999996,-7.741666666666662,0.1834616910703888,-1.95317796997659,False,Normal transmission
2022-03-28,-0.58,EST.B.EU000A2X2A25.WT,B,EU000A2X2A25,WT,A,F,,,,,P1D,,,,"ESA 2010 Sectors: S.121, S.122, S.123, S.124, S.125, S.126, S.127, S.128, S.129",,3,,,,,A,Euro short-term rate,"Euro short-term rate, Volume-weighted trimmed mean rate - Unsecured - Overnight - Borrowing - Financial corporations",,PC,0,-0.5,True,-7.9999999999999964,-7.744999999999995,0.186333944795526,-1.3685107148878672,False,Normal transmission
2022-03-29,-0.579,EST.B.EU000A2X2A25.WT,B,EU000A2X2A25,WT,A,F,,,,,P1D,,,,"ESA 2010 Sectors: S.121, S.122, S.123, S.124, S.125, S.126, S.127, S.128, S.129",,3,,,,,A,Euro short-term rate,"Euro short-term rate, Volume-weighted trimmed mean rate - Unsecured - Overnight - Borrowing - Financial corporations",,PC,0,-0.5,True,-7.899999999999996,-7.7466666666666635,0.18727906003527167,-0.8187425401668185,False,Normal transmission
2022-03-30,-0.579,EST.B.EU000A2X2A25.WT,B,EU000A2X2A25,WT,A,F,,,,,P1D,,,,"ESA 2010 Sectors: S.121, S.122, S.123, S.124, S.125, S.126, S.127, S.128, S.129",,3,,,,,A,Euro short-term rate,"Euro short-term rate, Volume-weighted trimmed mean rate - Unsecured - Overnight - Borrowing - Financial corporations",,PC,0,-0.5,True,-7.899999999999996,-7.7483333333333295,0.1882044206569376,-0.8058613402239213,False,Normal transmission
2022-03-31,-0.593,EST.B.EU000A2X2A25.WT,B,EU000A2X2A25,WT,A,F,,,,,P1D,,,,"ESA 2010 Sectors: S.121, S.122, S.123, S.124, S.125, S.126, S.127, S.128, S.129",,3,,,,,A,Euro short-term rate,"Euro short-term rate, Volume-weighted trimmed mean rate - Unsecured - Overnight - Borrowing - Financial corporations",,PC,0,-0.5,True,-9.299999999999997,-7.773333333333329,0.2748600054552885,-5.554342706709329,True,Unusually below policy rate
2022-04-01,-0.582,EST.B.EU000A2X2A25.WT,B,EU000A2X2A25,WT,A,F,,,,,P1D,,,,"ESA 2010 Sectors: S.121, S.122, S.123, S.124, S.125, S.126, S.127, S.128, S.129",,3,,,,,A,Euro short-term rate,"Euro short-term rate, Volume-weighted trimmed mean rate - Unsecured - Overnight - Borrowing - Financial corporations",,PC,0,-0.5,True,-8.199999999999996,-7.776666666666662,0.27883940257680523,-1.5181976773054098,False,Normal transmission
2022-04-04,-0.585,EST.B.EU000A2X2A25.WT,B,EU000A2X2A25,WT,A,F,,,,,P1D,,,,"ESA 2010 Sectors: S.121, S.122, S.123, S.124, S.125, S.126, S.127, S.128, S.129",,3,,,,,A,Euro short-term rate,"Euro short-term rate, Volume-weighted trimmed mean rate - Unsecured - Overnight - Borrowing - Financial corporations",,PC,0,-0.5,True,-8.499999999999996,-7.786666666666663,0.2937003353856798,-2.428779430560073,True,Unusually below policy rate
2022-04-05,-0.586,EST.B.EU000A2X2A25.WT,B,EU000A2X2A25,WT,A,F,,,,,P1D,,,,"ESA 2010 Sectors: S.121, S.122, S.123, S.124, S.125, S.126, S.127, S.128, S.129",,3,,,,,A,Euro short-term rate,"Euro short-term rate, Volume-weighted trimmed mean rate - Unsecured - Overnight - Borrowing - Financial corporations",,PC,0,-0.5,True,-8.599999999999996,-7.798333333333329,0.3116341111127769,-2.572461223208497,True,Unusually below policy rate
2022-04-06,-0.584,EST.B.EU000A2X2A25.WT,B,EU000A2X2A25,WT,A,F,,,,,P1D,,,,"ESA 2010 Sectors: S.121, S.122, S.123, S.124, S.125, S.126, S.127, S.128, S.129",,3,,,,,A,Euro short-term rate,"Euro short-term rate, Volume-weighted trimmed mean rate - Unsecured - Overnight - Borrowing - Financial corporations",,PC,0,-0.5,True,-8.399999999999997,-7.808333333333329,0.3211692972781416,-1.8422267373654582,False,Normal transmission
2022-04-07,-0.582,EST.B.EU000A2X2A25.WT,B,EU000A2X2A25,WT,A,F,,,,,P1D,,,,"ESA 2010 Sectors: S.121, S.122, S.123, S.124, S.125, S.126, S.127, S.128, S.129",,3,,,,,A,Euro short-term rate,"Euro short-term rate, Volume-weighted trimmed mean rate - Unsecured - Overnight - Borrowing - Financial corporations",,PC,0,-0.5,True,-8.199999999999996,-7.814999999999996,0.32512057737171823,-1.1841760466604363,False,Normal transmission
2022-04-08,-0.583,EST.B.EU000A2X2A25.WT,B,EU000A2X2A25,WT,A,F,,,,,P1D,,,,"ESA 2010 Sectors: S.121, S.122, S.123, S.124, S.125, S.126, S.127, S.128, S.129",,3,,,,,A,Euro short-term rate,"Euro short-term rate, Volume-weighted trimmed mean rate - Unsecured - Overnight - Borrowing - Financial corporations",,PC,0,-0.5,True,-8.299999999999997,-7.823333333333329,0.3310827981171031,-1.4397204245509385,False,Normal transmission
2022-04-11,-0.584,EST.B.EU000A2X2A25.WT,B,EU000A2X2A25,WT,A,F,,,,,P1D,,,,"ESA 2010 Sectors: S.121, S.122, S.123, S.124, S.125, S.126, S.127, S.128, S.129",,3,,,,,A,Euro short-term rate,"Euro short-term rate, Volume-weighted trimmed mean rate - Unsecured - Overnight - Borrowing - Financial corporations",,PC,0,-0.5,True,-8.399999999999997,-7.8333333333333295,0.3393246866024693,-1.669983614633194,False,Normal transmission
2022-04-12,-0.583,EST.B.EU000A2X2A25.WT,B,EU000A2X2A25,WT,A,F,,,,,P1D,,,,"ESA 2010 Sectors: S.121, S.122, S.123, S.124, S.125, S.126, S.127, S.128, S.129",,3,,,,,A,Euro short-term rate,"Euro short-term rate, Volume-weighted trimmed mean rate - Unsecured - Overnight - Borrowing - Financial corporations",,PC,0,-0.5,True,-8.299999999999997,-7.839999999999995,0.34454588142479736,-1.3350906941559366,False,Normal transmission
2022-04-13,-0.585,EST.B.EU000A2X2A25.WT,B,EU000A2X2A25,WT,A,F,,,,,P1D,,,,"ESA 2010 Sectors: S.121, S.122, S.123, S.124, S.125, S.126, S.127, S.128, S.129",,3,,,,,A,Euro short-term rate,"Euro short-term rate, Volume-weighted trimmed mean rate - Unsecured - Overnight - Borrowing - Financial corporations",,PC,0,-0.5,True,-8.499999999999996,-7.851666666666663,0.3548652963183132,-1.8269843235157608,False,Normal transmission
2022-04-14,-0.586,EST.B.EU000A2X2A25.WT,B,EU000A2X2A25,WT,A,F,,,,,P1D,,,,"ESA 2010 Sectors: S.121, S.122, S.123, S.124, S.125, S.126, S.127, S.128, S.129",,3,,,,,A,Euro short-term rate,"Euro short-term rate, Volume-weighted trimmed mean rate - Unsecured - Overnight - Borrowing - Financial corporations",,PC,0,-0.5,True,-8.599999999999996,-7.863333333333329,0.3677539093648334,-2.0031511505588124,True,Unusually below policy rate
2022-04-19,-0.58,EST.B.EU000A2X2A25.WT,B,EU000A2X2A25,WT,A,F,,,,,P1D,,,,"ESA 2010 Sectors: S.121, S.122, S.123, S.124, S.125, S.126, S.127, S.128, S.129",,3,,,,,A,Euro short-term rate,"Euro short-term rate, Volume-weighted trimmed mean rate - Unsecured - Overnight - Borrowing - Financial corporations",,PC,0,-0.5,True,-7.9999999999999964,-7.864999999999996,0.36814928806816327,-0.3666990657741141,False,Normal transmission
2022-04-20,-0.583,EST.B.EU000A2X2A25.WT,B,EU000A2X2A25,WT,A,F,,,,,P1D,,,,"ESA 2010 Sectors: S.121, S.122, S.123, S.124, S.125, S.126, S.127, S.128, S.129",,3,,,,,A,Euro short-term rate,"Euro short-term rate, Volume-weighted trimmed mean rate - Unsecured - Overnight - Borrowing - Financial corporations",,PC,0,-0.5,True,-8.299999999999997,-7.8716666666666635,0.37239111327064256,-1.150224369135345,False,Normal transmission
2022-04-21,-0.585,EST.B.EU000A2X2A25.WT,B,EU000A2X2A25,WT,A,F,,,,,P1D,,,,"ESA 2010 Sectors: S.121, S.122, S.123, S.124, S.125, S.126, S.127, S.128, S.129",,3,,,,,A,Euro short-term rate,"Euro short-term rate, Volume-weighted trimmed mean rate - Unsecured - Overnight - Borrowing - Financial corporations",,PC,0,-0.5,True,-8.499999999999996,-7.883333333333329,0.38097407121464805,-1.6186578385782726,False,Normal transmission
2022-04-22,-0.583,EST.B.EU000A2X2A25.WT,B,EU000A2X2A25,WT,A,F,,,,,P1D,,,,"ESA 2010 Sectors: S.121, S.122, S.123, S.124, S.125, S.126, S.127, S.128, S.129",,3,,,,,A,Euro short-term rate,"Euro short-term rate, Volume-weighted trimmed mean rate - Unsecured - Overnight - Borrowing - Financial corporations",,PC,0,-0.5,True,-8.299999999999997,-7.894999999999995,0.3828638736714688,-1.057817223955499,False,Normal transmission
2022-04-25,-0.585,EST.B.EU000A2X2A25.WT,B,EU000A2X2A25,WT,A,F,,,,,P1D,,,,"ESA 2010 Sectors: S.121, S.122, S.123, S.124, S.125, S.126, S.127, S.128, S.129",,3,,,,,A,Euro short-term rate,"Euro short-term rate, Volume-weighted trimmed mean rate - Unsecured - Overnight - Borrowing - Financial corporations",,PC,0,-0.5,True,-8.499999999999996,-7.914999999999996,0.3825981650925861,-1.5290193560087642,False,Normal transmission
2022-04-26,-0.582,EST.B.EU000A2X2A25.WT,B,EU000A2X2A25,WT,A,F,,,,,P1D,,,,"ESA 2010 Sectors: S.121, S.122, S.123, S.124, S.125, S.126, S.127, S.128, S.129",,3,,,,,A,Euro short-term rate,"Euro short-term rate, Volume-weighted trimmed mean rate - Unsecured - Overnight - Borrowing - Financial corporations",,PC,0,-0.5,True,-8.199999999999996,-7.929999999999996,0.3756576154795838,-0.7187395885886773,False,Normal transmission
2022-04-27,-0.583,EST.B.EU000A2X2A25.WT,B,EU000A2X2A25,WT,A,F,,,,,P1D,,,,"ESA 2010 Sectors: S.121, S.122, S.123, S.124, S.125, S.126, S.127, S.128, S.129",,3,,,,,A,Euro short-term rate,"Euro short-term rate, Volume-weighted trimmed mean rate - Unsecured - Overnight - Borrowing - Financial corporations",,PC,0,-0.5,True,-8.299999999999997,-7.936666666666663,0.3786535766019602,-0.9595402124387415,False,Normal transmission
2022-04-28,-0.583,EST.B.EU000A2X2A25.WT,B,EU000A2X2A25,WT,A,F,,,,,P1D,,,,"ESA 2010 Sectors: S.121, S.122, S.123, S.124, S.125, S.126, S.127, S.128, S.129",,3,,,,,A,Euro short-term rate,"Euro short-term rate, Volume-weighted trimmed mean rate - Unsecured - Overnight - Borrowing - Financial corporations",,PC,0,-0.5,True,-8.299999999999997,-7.944999999999996,0.38108898378112716,-0.9315409657810795,False,Normal transmission
2022-04-29,-0.586,EST.B.EU000A2X2A25.WT,B,EU000A2X2A25,WT,A,F,,,,,P1D,,,,"ESA 2010 Sectors: S.121, S.122, S.123, S.124, S.125, S.126, S.127, S.128, S.129",,3,,,,,A,Euro short-term rate,"Euro short-term rate, Volume-weighted trimmed mean rate - Unsecured - Overnight - Borrowing - Financial corporations",,PC,0,-0.5,True,-8.599999999999996,-7.9583333333333295,0.38982467448350194,-1.6460391264786987,False,Normal transmission
2022-05-02,-0.583,EST.B.EU000A2X2A25.WT,B,EU000A2X2A25,WT,A,F,,,,,P1D,,,,"ESA 2010 Sectors: S.121, S.122, S.123, S.124, S.125, S.126, S.127, S.128, S.129",,3,,,,,A,Euro short-term rate,"Euro short-term rate, Volume-weighted trimmed mean rate - Unsecured - Overnight - Borrowing - Financial corporations",,PC,0,-0.5,True,-8.299999999999997,-7.968333333333329,0.3907800398536658,-0.848729804088423,False,Normal transmission
2022-05-03,-0.579,EST.B.EU000A2X2A25.WT,B,EU000A2X2A25,WT,A,F,,,,,P1D,,,,"ESA 2010 Sectors: S.121, S.122, S.123, S.124, S.125, S.126, S.127, S.128, S.129",,3,,,,,A,Euro short-term rate,"Euro short-term rate, Volume-weighted trimmed mean rate - Unsecured - Overnight - Borrowing - Financial corporations",,PC,0,-0.5,True,-7.899999999999996,-7.969999999999996,0.3902628405905086,0.17936629553068117,False,Normal transmission
2022-05-04,-0.585,EST.B.EU000A2X2A25.WT,B,EU000A2X2A25,WT,A,F,,,,,P1D,,,,"ESA 2010 Sectors: S.121, S.122, S.123, S.124, S.125, S.126, S.127, S.128, S.129",,3,,,,,A,Euro short-term rate,"Euro short-term rate, Volume-weighted trimmed mean rate - Unsecured - Overnight - Borrowing - Financial corporations",,PC,0,-0.5,True,-8.499999999999996,-7.981666666666664,0.3955222536183705,-1.3105035901050954,False,Normal transmission
2022-05-05,-0.585,EST.B.EU000A2X2A25.WT,B,EU000A2X2A25,WT,A,F,,,,,P1D,,,,"ESA 2010 Sectors: S.121, S.122, S.123, S.124, S.125, S.126, S.127, S.128, S.129",,3,,,,,A,Euro short-term rate,"Euro short-term rate, Volume-weighted trimmed mean rate - Unsecured - Overnight - Borrowing - Financial corporations",,PC,0,-0.5,True,-8.499999999999996,-7.9999999999999964,0.39359275175909675,-1.2703485970342032,False,Normal transmission
2022-05-06,-0.585,EST.B.EU000A2X2A25.WT,B,EU000A2X2A25,WT,A,F,,,,,P1D,,,,"ESA 2010 Sectors: S.121, S.122, S.123, S.124, S.125, S.126, S.127, S.128, S.129",,3,,,,,A,Euro short-term rate,"Euro short-term rate, Volume-weighted trimmed mean rate - Unsecured - Overnight - Borrowing - Financial corporations",,PC,0,-0.5,True,-8.499999999999996,-8.011666666666663,0.3979147624706831,-1.2272310036984666,False,Normal transmission
2022-05-09,-0.586,EST.B.EU000A2X2A25.WT,B,EU000A2X2A25,WT,A,F,,,,,P1D,,,,"ESA 2010 Sectors: S.121, S.122, S.123, S.124, S.125, S.126, S.127, S.128, S.129",,3,,,,,A,Euro short-term rate,"Euro short-term rate, Volume-weighted trimmed mean rate - Unsecured - Overnight - Borrowing - Financial corporations",,PC,0,-0.5,True,-8.599999999999996,-8.034999999999997,0.3904907820262436,-1.446897150985827,False,Normal transmission
2022-05-10,-0.584,EST.B.EU000A2X2A25.WT,B,EU000A2X2A25,WT,A,F,,,,,P1D,,,,"ESA 2010 Sectors: S.121, S.122, S.123, S.124, S.125, S.126, S.127, S.128, S.129",,3,,,,,A,Euro short-term rate,"Euro short-term rate, Volume-weighted trimmed mean rate - Unsecured - Overnight - Borrowing - Financial corporations",,PC,0,-0.5,True,-8.399999999999997,-8.044999999999996,0.3920502389114412,-0.9054961960632553,False,Normal transmission
2022-05-11,-0.584,EST.B.EU000A2X2A25.WT,B,EU000A2X2A25,WT,A,F,,,,,P1D,,,,"ESA 2010 Sectors: S.121, S.122, S.123, S.124, S.125, S.126, S.127, S.128, S.129",,3,,,,,A,Euro short-term rate,"Euro short-term rate, Volume-weighted trimmed mean rate - Unsecured - Overnight - Borrowing - Financial corporations",,PC,0,-0.5,True,-8.399999999999997,-8.054999999999996,0.39334506350412024,-0.8770924870050818,False,Normal transmission
2022-05-12,-0.577,EST.B.EU000A2X2A25.WT,B,EU000A2X2A25,WT,A,F,,,,,P1D,,,,"ESA 2010 Sectors: S.121, S.122, S.123, S.124, S.125, S.126, S.127, S.128, S.129",,3,,,,,A,Euro short-term rate,"Euro short-term rate, Volume-weighted trimmed mean rate - Unsecured - Overnight - Borrowing - Financial corporations",,PC,0,-0.5,True,-7.699999999999996,-8.056666666666663,0.3915924319600305,0.9108109288053656,False,Normal transmission
2022-05-13,-0.586,EST.B.EU000A2X2A25.WT,B,EU000A2X2A25,WT,A,F,,,,,P1D,,,,"ESA 2010 Sectors: S.121, S.122, S.123, S.124, S.125, S.126, S.127, S.128, S.129",,3,,,,,A,Euro short-term rate,"Euro short-term rate, Volume-weighted trimmed mean rate - Unsecured - Overnight - Borrowing - Financial corporations",,PC,0,-0.5,True,-8.599999999999996,-8.073333333333329,0.39310440527465107,-1.3397628202581449,False,Normal transmission
2022-05-16,-0.585,EST.B.EU000A2X2A25.WT,B,EU000A2X2A25,WT,A,F,,,,,P1D,,,,"ESA 2010 Sectors: S.121, S.122, S.123, S.124, S.125, S.126, S.127, S.128, S.129",,3,,,,,A,Euro short-term rate,"Euro short-term rate, Volume-weighted trimmed mean rate - Unsecured - Overnight - Borrowing - Financial corporations",,PC,0,-0.5,True,-8.499999999999996,-8.08833333333333,0.3919061054388351,-1.0504216723179272,False,Normal transmission
2022-05-17,-0.585,EST.B.EU000A2X2A25.WT,B,EU000A2X2A25,WT,A,F,,,,,P1D,,,,"ESA 2010 Sectors: S.121, S.122, S.123, S.124, S.125, S.126, S.127, S.128, S.129",,3,,,,,A,Euro short-term rate,"Euro short-term rate, Volume-weighted trimmed mean rate - Unsecured - Overnight - Borrowing - Financial corporations",,PC,0,-0.5,True,-8.499999999999996,-8.10333333333333,0.390118046744174,-1.0167862522053148,False,Normal transmission
2022-05-18,-0.585,EST.B.EU000A2X2A25.WT,B,EU000A2X2A25,WT,A,F,,,,,P1D,,,,"ESA 2010 Sectors: S.121, S.122, S.123, S.124, S.125, S.126, S.127, S.128, S.129",,3,,,,,A,Euro short-term rate,"Euro short-term rate, Volume-weighted trimmed mean rate - Unsecured - Overnight - Borrowing - Financial corporations",,PC,0,-0.5,True,-8.499999999999996,-8.118333333333329,0.38773207011040445,-0.9843567145683625,False,Normal transmission
2022-05-19,-0.585,EST.B.EU000A2X2A25.WT,B,EU000A2X2A25,WT,A,F,,,,,P1D,,,,"ESA 2010 Sectors: S.121, S.122, S.123, S.124, S.125, S.126, S.127, S.128, S.129",,3,,,,,A,Euro short-term rate,"Euro short-term rate, Volume-weighted trimmed mean rate - Unsecured - Overnight - Borrowing - Financial corporations",,PC,0,-0.5,True,-8.499999999999996,-8.134999999999996,0.38215490691781656,-0.9551100702692127,False,Normal transmission
2022-05-20,-0.585,EST.B.EU000A2X2A25.WT,B,EU000A2X2A25,WT,A,F,,,,,P1D,,,,"ESA 2010 Sectors: S.121, S.122, S.123, S.124, S.125, S.126, S.127, S.128, S.129",,3,,,,,A,Euro short-term rate,"Euro short-term rate, Volume-weighted trimmed mean rate - Unsecured - Overnight - Borrowing - Financial corporations",,PC,0,-0.5,True,-8.499999999999996,-8.149999999999997,0.37844463133074013,-0.9248380635478446,False,Normal transmission
2022-05-23,-0.586,EST.B.EU000A2X2A25.WT,B,EU000A2X2A25,WT,A,F,,,,,P1D,,,,"ESA 2010 Sectors: S.121, S.122, S.123, S.124, S.125, S.126, S.127, S.128, S.129",,3,,,,,A,Euro short-term rate,"Euro short-term rate, Volume-weighted trimmed mean rate - Unsecured - Overnight - Borrowing - Financial corporations",,PC,0,-0.5,True,-8.599999999999996,-8.166666666666663,0.37582301400142615,-1.1530250069563042,False,Normal transmission
2022-05-24,-0.587,EST.B.EU000A2X2A25.WT,B,EU000A2X2A25,WT,A,F,,,,,P1D,,,,"ESA 2010 Sectors: S.121, S.122, S.123, S.124, S.125, S.126, S.127, S.128, S.129",,3,,,,,A,Euro short-term rate,"Euro short-term rate, Volume-weighted trimmed mean rate - Unsecured - Overnight - Borrowing - Financial corporations",,PC,0,-0.5,True,-8.699999999999996,-8.186666666666664,0.3716507685789434,-1.3812250013531002,False,Normal transmission
2022-05-25,-0.587,EST.B.EU000A2X2A25.WT,B,EU000A2X2A25,WT,A,F,,,,,P1D,,,,"ESA 2010 Sectors: S.121, S.122, S.123, S.124, S.125, S.126, S.127, S.128, S.129",,3,,,,,A,Euro short-term rate,"Euro short-term rate, Volume-weighted trimmed mean rate - Unsecured - Overnight - Borrowing - Financial corporations",,PC,0,-0.5,True,-8.699999999999996,-8.19833333333333,0.37664516712804436,-1.3319344317940458,False,Normal transmission
2022-05-26,-0.59,EST.B.EU000A2X2A25.WT,B,EU000A2X2A25,WT,A,F,,,,,P1D,,,,"ESA 2010 Sectors: S.121, S.122, S.123, S.124, S.125, S.126, S.127, S.128, S.129",,3,,,,,A,Euro short-term rate,"Euro short-term rate, Volume-weighted trimmed mean rate - Unsecured - Overnight - Borrowing - Financial corporations",,PC,0,-0.5,True,-8.999999999999996,-8.219999999999995,0.3847957855930568,-2.0270492276775998,True,Unusually below policy rate
2022-05-27,-0.585,EST.B.EU000A2X2A25.WT,B,EU000A2X2A25,WT,A,F,,,,,P1D,,,,"ESA 2010 Sectors: S.121, S.122, S.123, S.124, S.125, S.126, S.127, S.128, S.129",,3,,,,,A,Euro short-term rate,"Euro short-term rate, Volume-weighted trimmed mean rate - Unsecured - Overnight - Borrowing - Financial corporations",,PC,0,-0.5,True,-8.499999999999996,-8.231666666666664,0.38245046944922045,-0.7016159078579988,False,Normal transmission
2022-05-30,-0.586,EST.B.EU000A2X2A25.WT,B,EU000A2X2A25,WT,A,F,,,,,P1D,,,,"ESA 2010 Sectors: S.121, S.122, S.123, S.124, S.125, S.126, S.127, S.128, S.129",,3,,,,,A,Euro short-term rate,"Euro short-term rate, Volume-weighted trimmed mean rate - Unsecured - Overnight - Borrowing - Financial corporations",,PC,0,-0.5,True,-8.599999999999996,-8.243333333333329,0.3828380489860178,-0.9316385025243238,False,Normal transmission
2022-05-31,-0.589,EST.B.EU000A2X2A25.WT,B,EU000A2X2A25,WT,A,F,,,,,P1D,,,,"ESA 2010 Sectors: S.121, S.122, S.123, S.124, S.125, S.126, S.127, S.128, S.129",,3,,,,,A,Euro short-term rate,"Euro short-term rate, Volume-weighted trimmed mean rate - Unsecured - Overnight - Borrowing - Financial corporations",,PC,0,-0.5,True,-8.899999999999997,-8.26333333333333,0.38530932617335667,-1.652352080313313,False,Normal transmission
2022-06-01,-0.582,EST.B.EU000A2X2A25.WT,B,EU000A2X2A25,WT,A,F,,,,,P1D,,,,"ESA 2010 Sectors: S.121, S.122, S.123, S.124, S.125, S.126, S.127, S.128, S.129",,3,,,,,A,Euro short-term rate,"Euro short-term rate, Volume-weighted trimmed mean rate - Unsecured - Overnight - Borrowing - Financial corporations",,PC,0,-0.5,True,-8.199999999999996,-8.268333333333329,0.38245046944922007,0.17867237405079542,False,Normal transmission
2022-06-02,-0.585,EST.B.EU000A2X2A25.WT,B,EU000A2X2A25,WT,A,F,,,,,P1D,,,,"ESA 2010 Sectors: S.121, S.122, S.123, S.124, S.125, S.126, S.127, S.128, S.129",,3,,,,,A,Euro short-term rate,"Euro short-term rate, Volume-weighted trimmed mean rate - Unsecured - Overnight - Borrowing - Financial corporations",,PC,0,-0.5,True,-8.499999999999996,-8.27833333333333,0.38049551397907433,-0.5825736665028238,False,Normal transmission
2022-06-03,-0.587,EST.B.EU000A2X2A25.WT,B,EU000A2X2A25,WT,A,F,,,,,P1D,,,,"ESA 2010 Sectors: S.121, S.122, S.123, S.124, S.125, S.126, S.127, S.128, S.129",,3,,,,,A,Euro short-term rate,"Euro short-term rate, Volume-weighted trimmed mean rate - Unsecured - Overnight - Borrowing - Financial corporations",,PC,0,-0.5,True,-8.699999999999996,-8.289999999999997,0.3825427859087858,-1.0717755375414646,False,Normal transmission
2022-06-06,-0.59,EST.B.EU000A2X2A25.WT,B,EU000A2X2A25,WT,A,F,,,,,P1D,,,,"ESA 2010 Sectors: S.121, S.122, S.123, S.124, S.125, S.126, S.127, S.128, S.129",,3,,,,,A,Euro short-term rate,"Euro short-term rate, Volume-weighted trimmed mean rate - Unsecured - Overnight - Borrowing - Financial corporations",,PC,0,-0.5,True,-8.999999999999996,-8.313333333333329,0.3824393899765781,-1.7954914809081806,False,Normal transmission
2022-06-07,-0.583,EST.B.EU000A2X2A25.WT,B,EU000A2X2A25,WT,A,F,,,,,P1D,,,,"ESA 2010 Sectors: S.121, S.122, S.123, S.124, S.125, S.126, S.127, S.128, S.129",,3,,,,,A,Euro short-term rate,"Euro short-term rate, Volume-weighted trimmed mean rate - Unsecured - Overnight - Borrowing - Financial corporations",,PC,0,-0.5,True,-8.299999999999997,-8.323333333333329,0.3738787380080213,0.06240882660952775,False,Normal transmission
2022-06-08,-0.582,EST.B.EU000A2X2A25.WT,B,EU000A2X2A25,WT,A,F,,,,,P1D,,,,"ESA 2010 Sectors: S.121, S.122, S.123, S.124, S.125, S.126, S.127, S.128, S.129",,3,,,,,A,Euro short-term rate,"Euro short-term rate, Volume-weighted trimmed mean rate - Unsecured - Overnight - Borrowing - Financial corporations",,PC,0,-0.5,True,-8.199999999999996,-8.331666666666663,0.3652218581215051,0.3605114637548986,False,Normal transmission
2022-06-09,-0.582,EST.B.EU000A2X2A25.WT,B,EU000A2X2A25,WT,A,F,,,,,P1D,,,,"ESA 2010 Sectors: S.121, S.122, S.123, S.124, S.125, S.126, S.127, S.128, S.129",,3,,,,,A,Euro short-term rate,"Euro short-term rate, Volume-weighted trimmed mean rate - Unsecured - Overnight - Borrowing - Financial corporations",,PC,0,-0.5,True,-8.199999999999996,-8.346666666666662,0.3397240488669269,0.43172294441868375,False,Normal transmission
2022-06-10,-0.581,EST.B.EU000A2X2A25.WT,B,EU000A2X2A25,WT,A,F,,,,,P1D,,,,"ESA 2010 Sectors: S.121, S.122, S.123, S.124, S.125, S.126, S.127, S.128, S.129",,3,,,,,A,Euro short-term rate,"Euro short-term rate, Volume-weighted trimmed mean rate - Unsecured - Overnight - Borrowing - Financial corporations",,PC,0,-0.5,True,-8.099999999999996,-8.35333333333333,0.33062173924786586,0.7662331397495034,False,Normal transmission
2022-06-13,-0.58,EST.B.EU000A2X2A25.WT,B,EU000A2X2A25,WT,A,F,,,,,P1D,,,,"ESA 2010 Sectors: S.121, S.122, S.123, S.124, S.125, S.126, S.127, S.128, S.129",,3,,,,,A,Euro short-term rate,"Euro short-term rate, Volume-weighted trimmed mean rate - Unsecured - Overnight - Borrowing - Financial corporations",,PC,0,-0.5,True,-7.9999999999999964,-8.356666666666662,0.32592328652701685,1.0943270438490142,False,Normal transmission
2022-06-14,-0.578,EST.B.EU000A2X2A25.WT,B,EU000A2X2A25,WT,A,F,,,,,P1D,,,,"ESA 2010 Sectors: S.121, S.122, S.123, S.124, S.125, S.126, S.127, S.128, S.129",,3,,,,,A,Euro short-term rate,"Euro short-term rate, Volume-weighted trimmed mean rate - Unsecured - Overnight - Borrowing - Financial corporations",,PC,0,-0.5,True,-7.799999999999995,-8.356666666666664,0.32592328652701685,1.707968376848472,False,Normal transmission
2022-06-15,-0.58,EST.B.EU000A2X2A25.WT,B,EU000A2X2A25,WT,A,F,,,,,P1D,,,,"ESA 2010 Sectors: S.121, S.122, S.123, S.124, S.125, S.126, S.127, S.128, S.129",,3,,,,,A,Euro short-term rate,"Euro short-term rate, Volume-weighted trimmed mean rate - Unsecured - Overnight - Borrowing - Financial corporations",,PC,0,-0.5,True,-7.9999999999999964,-8.359999999999996,0.3211209181411318,1.1210730278299104,False,Normal transmission
2022-06-16,-0.582,EST.B.EU000A2X2A25.WT,B,EU000A2X2A25,WT,A,F,,,,,P1D,,,,"ESA 2010 Sectors: S.121, S.122, S.123, S.124, S.125, S.126, S.127, S.128, S.129",,3,,,,,A,Euro short-term rate,"Euro short-term rate, Volume-weighted trimmed mean rate - Unsecured - Overnight - Borrowing - Financial corporations",,PC,0,-0.5,True,-8.199999999999996,-8.366666666666664,0.31335617178457964,0.5318761258713768,False,Normal transmission
2022-06-17,-0.582,EST.B.EU000A2X2A25.WT,B,EU000A2X2A25,WT,A,F,,,,,P1D,,,,"ESA 2010 Sectors: S.121, S.122, S.123, S.124, S.125, S.126, S.127, S.128, S.129",,3,,,,,A,Euro short-term rate,"Euro short-term rate, Volume-weighted trimmed mean rate - Unsecured - Overnight - Borrowing - Financial corporations",,PC,0,-0.5,True,-8.199999999999996,-8.37333333333333,0.3052460339512121,0.5678479457690117,False,Normal transmission
2022-06-20,-0.581,EST.B.EU000A2X2A25.WT,B,EU000A2X2A25,WT,A,F,,,,,P1D,,,,"ESA 2010 Sectors: S.121, S.122, S.123, S.124, S.125, S.126, S.127, S.128, S.129",,3,,,,,A,Euro short-term rate,"Euro short-term rate, Volume-weighted trimmed mean rate - Unsecured - Overnight - Borrowing - Financial corporations",,PC,0,-0.5,True,-8.099999999999996,-8.376666666666663,0.3010527667396341,0.9189972564043659,False,Normal transmission
2022-06-21,-0.582,EST.B.EU000A2X2A25.WT,B,EU000A2X2A25,WT,A,F,,,,,P1D,,,,"ESA 2010 Sectors: S.121, S.122, S.123, S.124, S.125, S.126, S.127, S.128, S.129",,3,,,,,A,Euro short-term rate,"Euro short-term rate, Volume-weighted trimmed mean rate - Unsecured - Overnight - Borrowing - Financial corporations",,PC,0,-0.5,True,-8.199999999999996,-8.37833333333333,0.29976921443155324,0.5949020938374366,False,Normal transmission
2022-06-22,-0.579,EST.B.EU000A2X2A25.WT,B,EU000A2X2A25,WT,A,F,,,,,P1D,,,,"ESA 2010 Sectors: S.121, S.122, S.123, S.124, S.125, S.126, S.127, S.128, S.129",,3,,,,,A,Euro short-term rate,"Euro short-term rate, Volume-weighted trimmed mean rate - Unsecured - Overnight - Borrowing - Financial corporations",,PC,0,-0.5,True,-7.899999999999996,-8.376666666666663,0.30217666101683544,1.5774436882804477,False,Normal transmission
2022-06-23,-0.578,EST.B.EU000A2X2A25.WT,B,EU000A2X2A25,WT,A,F,,,,,P1D,,,,"ESA 2010 Sectors: S.121, S.122, S.123, S.124, S.125, S.126, S.127, S.128, S.129",,3,,,,,A,Euro short-term rate,"Euro short-term rate, Volume-weighted trimmed mean rate - Unsecured - Overnight - Borrowing - Financial corporations",,PC,0,-0.5,True,-7.799999999999995,-8.374999999999996,0.3051118161248262,1.884555004466819,False,Normal transmission
2022-06-24,-0.58,EST.B.EU000A2X2A25.WT,B,EU000A2X2A25,WT,A,F,,,,,P1D,,,,"ESA 2010 Sectors: S.121, S.122, S.123, S.124, S.125, S.126, S.127, S.128, S.129",,3,,,,,A,Euro short-term rate,"Euro short-term rate, Volume-weighted trimmed mean rate - Unsecured - Overnight - Borrowing - Financial corporations",,PC,0,-0.5,True,-7.9999999999999964,-8.376666666666663,0.30273704351157776,1.2442040864822737,False,Normal transmission
2022-06-27,-0.579,EST.B.EU000A2X2A25.WT,B,EU000A2X2A25,WT,A,F,,,,,P1D,,,,"ESA 2010 Sectors: S.121, S.122, S.123, S.124, S.125, S.126, S.127, S.128, S.129",,3,,,,,A,Euro short-term rate,"Euro short-term rate, Volume-weighted trimmed mean rate - Unsecured - Overnight - Borrowing - Financial corporations",,PC,0,-0.5,True,-7.899999999999996,-8.35333333333333,0.28372024097911996,1.5978180892871034,False,Normal transmission
2022-06-28,-0.581,EST.B.EU000A2X2A25.WT,B,EU000A2X2A25,WT,A,F,,,,,P1D,,,,"ESA 2010 Sectors: S.121, S.122, S.123, S.124, S.125, S.126, S.127, S.128, S.129",,3,,,,,A,Euro short-term rate,"Euro short-term rate, Volume-weighted trimmed mean rate - Unsecured - Overnight - Borrowing - Financial corporations",,PC,0,-0.5,True,-8.099999999999996,-8.351666666666663,0.2849273869237846,0.8832659765836599,False,Normal transmission
2022-06-29,-0.578,EST.B.EU000A2X2A25.WT,B,EU000A2X2A25,WT,A,F,,,,,P1D,,,,"ESA 2010 Sectors: S.121, S.122, S.123, S.124, S.125, S.126, S.127, S.128, S.129",,3,,,,,A,Euro short-term rate,"Euro short-term rate, Volume-weighted trimmed mean rate - Unsecured - Overnight - Borrowing - Financial corporations",,PC,0,-0.5,True,-7.799999999999995,-8.339999999999996,0.2929684427964614,1.8432019327595761,False,Normal transmission
2022-06-30,-0.591,EST.B.EU000A2X2A25.WT,B,EU000A2X2A25,WT,A,F,,,,,P1D,,,,"ESA 2010 Sectors: S.121, S.122, S.123, S.124, S.125, S.126, S.127, S.128, S.129",,3,,,,,A,Euro short-term rate,"Euro short-term rate, Volume-weighted trimmed mean rate - Unsecured - Overnight - Borrowing - Financial corporations",,PC,0,-0.5,True,-9.099999999999998,-8.348333333333331,0.30725226573984277,-2.4464153742095416,True,Unusually below policy rate
2022-07-01,-0.58,EST.B.EU000A2X2A25.WT,B,EU000A2X2A25,WT,A,F,,,,,P1D,,,,"ESA 2010 Sectors: S.121, S.122, S.123, S.124, S.125, S.126, S.127, S.128, S.129",,3,,,,,A,Euro short-term rate,"Euro short-term rate, Volume-weighted trimmed mean rate - Unsecured - Overnight - Borrowing - Financial corporations",,PC,0,-0.5,True,-7.9999999999999964,-8.341666666666663,0.3104352694156744,1.1006051835211204,False,Normal transmission
2022-07-04,-0.58,EST.B.EU000A2X2A25.WT,B,EU000A2X2A25,WT,A,F,,,,,P1D,,,,"ESA 2010 Sectors: S.121, S.122, S.123, S.124, S.125, S.126, S.127, S.128, S.129",,3,,,,,A,Euro short-term rate,"Euro short-term rate, Volume-weighted trimmed mean rate - Unsecured - Overnight - Borrowing - Financial corporations",,PC,0,-0.5,True,-7.9999999999999964,-8.33833333333333,0.31304500497731985,1.0807817660526007,False,Normal transmission
2022-07-05,-0.58,EST.B.EU000A2X2A25.WT,B,EU000A2X2A25,WT,A,F,,,,,P1D,,,,"ESA 2010 Sectors: S.121, S.122, S.123, S.124, S.125, S.126, S.127, S.128, S.129",,3,,,,,A,Euro short-term rate,"Euro short-term rate, Volume-weighted trimmed mean rate - Unsecured - Overnight - Borrowing - Financial corporations",,PC,0,-0.5,True,-7.9999999999999964,-8.33333333333333,0.31604905576464687,1.05468859106973,False,Normal transmission
2022-07-06,-0.58,EST.B.EU000A2X2A25.WT,B,EU000A2X2A25,WT,A,F,,,,,P1D,,,,"ESA 2010 Sectors: S.121, S.122, S.123, S.124, S.125, S.126, S.127, S.128, S.129",,3,,,,,A,Euro short-term rate,"Euro short-term rate, Volume-weighted trimmed mean rate - Unsecured - Overnight - Borrowing - Financial corporations",,PC,0,-0.5,True,-7.9999999999999964,-8.326666666666663,0.3188255283287895,1.0245938221414645,False,Normal transmission
2022-07-07,-0.579,EST.B.EU000A2X2A25.WT,B,EU000A2X2A25,WT,A,F,,,,,P1D,,,,"ESA 2010 Sectors: S.121, S.122, S.123, S.124, S.125, S.126, S.127, S.128, S.129",,3,,,,,A,Euro short-term rate,"Euro short-term rate, Volume-weighted trimmed mean rate - Unsecured - Overnight - Borrowing - Financial corporations",,PC,0,-0.5,True,-7.899999999999996,-8.319999999999997,0.3235397442381732,1.2981403598156354,False,Normal transmission
2022-07-08,-0.579,EST.B.EU000A2X2A25.WT,B,EU000A2X2A25,WT,A,F,,,,,P1D,,,,"ESA 2010 Sectors: S.121, S.122, S.123, S.124, S.125, S.126, S.127, S.128, S.129",,3,,,,,A,Euro short-term rate,"Euro short-term rate, Volume-weighted trimmed mean rate - Unsecured - Overnight - Borrowing - Financial corporations",,PC,0,-0.5,True,-7.899999999999996,-8.309999999999995,0.327134451185671,1.2533073129839707,False,Normal transmission
2022-07-11,-0.58,EST.B.EU000A2X2A25.WT,B,EU000A2X2A25,WT,A,F,,,,,P1D,,,,"ESA 2010 Sectors: S.121, S.122, S.123, S.124, S.125, S.126, S.127, S.128, S.129",,3,,,,,A,Euro short-term rate,"Euro short-term rate, Volume-weighted trimmed mean rate - Unsecured - Overnight - Borrowing - Financial corporations",,PC,0,-0.5,True,-7.9999999999999964,-8.299999999999995,0.32728984718106463,0.9166187175798084,False,Normal transmission
2022-07-12,-0.58,EST.B.EU000A2X2A25.WT,B,EU000A2X2A25,WT,A,F,,,,,P1D,,,,"ESA 2010 Sectors: S.121, S.122, S.123, S.124, S.125, S.126, S.127, S.128, S.129",,3,,,,,A,Euro short-term rate,"Euro short-term rate, Volume-weighted trimmed mean rate - Unsecured - Overnight - Borrowing - Financial corporations",,PC,0,-0.5,True,-7.9999999999999964,-8.299999999999995,0.32728984718106463,0.9166187175798084,False,Normal transmission
2022-07-13,-0.581,EST.B.EU000A2X2A25.WT,B,EU000A2X2A25,WT,A,F,,,,,P1D,,,,"ESA 2010 Sectors: S.121, S.122, S.123, S.124, S.125, S.126, S.127, S.128, S.129",,3,,,,,A,Euro short-term rate,"Euro short-term rate, Volume-weighted trimmed mean rate - Unsecured - Overnight - Borrowing - Financial corporations",,PC,0,-0.5,True,-8.099999999999996,-8.296666666666663,0.32830673269744465,0.599033303553686,False,Normal transmission
2022-07-14,-0.582,EST.B.EU000A2X2A25.WT,B,EU000A2X2A25,WT,A,F,,,,,P1D,,,,"ESA 2010 Sectors: S.121, S.122, S.123, S.124, S.125, S.126, S.127, S.128, S.129",,3,,,,,A,Euro short-term rate,"Euro short-term rate, Volume-weighted trimmed mean rate - Unsecured - Overnight - Borrowing - Financial corporations",,PC,0,-0.5,True,-8.199999999999996,-8.291666666666663,0.327440855917984,0.27994877551146846,False,Normal transmission
2022-07-15,-0.582,EST.B.EU000A2X2A25.WT,B,EU000A2X2A25,WT,A,F,,,,,P1D,,,,"ESA 2010 Sectors: S.121, S.122, S.123, S.124, S.125, S.126, S.127, S.128, S.129",,3,,,,,A,Euro short-term rate,"Euro short-term rate, Volume-weighted trimmed mean rate - Unsecured - Overnight - Borrowing - Financial corporations",,PC,0,-0.5,True,-8.199999999999996,-8.289999999999997,0.3276521512265684,0.2746815476812404,False,Normal transmission
2022-07-18,-0.582,EST.B.EU000A2X2A25.WT,B,EU000A2X2A25,WT,A,F,,,,,P1D,,,,"ESA 2010 Sectors: S.121, S.122, S.123, S.124, S.125, S.126, S.127, S.128, S.129",,3,,,,,A,Euro short-term rate,"Euro short-term rate, Volume-weighted trimmed mean rate - Unsecured - Overnight - Borrowing - Financial corporations",,PC,0,-0.5,True,-8.199999999999996,-8.284999999999997,0.32668079065512734,0.26019283175341107,False,Normal transmission
2022-07-19,-0.583,EST.B.EU000A2X2A25.WT,B,EU000A2X2A25,WT,A,F,,,,,P1D,,,,"ESA 2010 Sectors: S.121, S.122, S.123, S.124, S.125, S.126, S.127, S.128, S.129",,3,,,,,A,Euro short-term rate,"Euro short-term rate, Volume-weighted trimmed mean rate - Unsecured - Overnight - Borrowing - Financial corporations",,PC,0,-0.5,True,-8.299999999999997,-8.286666666666664,0.32649482393524315,-0.04083780922658109,False,Normal transmission
2022-07-20,-0.582,EST.B.EU000A2X2A25.WT,B,EU000A2X2A25,WT,A,F,,,,,P1D,,,,"ESA 2010 Sectors: S.121, S.122, S.123, S.124, S.125, S.126, S.127, S.128, S.129",,3,,,,,A,Euro short-term rate,"Euro short-term rate, Volume-weighted trimmed mean rate - Unsecured - Overnight - Borrowing - Financial corporations",,PC,0,-0.5,True,-8.199999999999996,-8.284999999999997,0.32668079065512734,0.26019283175341107,False,Normal transmission
2022-07-21,-0.584,EST.B.EU000A2X2A25.WT,B,EU000A2X2A25,WT,A,F,,,,,P1D,,,,"ESA 2010 Sectors: S.121, S.122, S.123, S.124, S.125, S.126, S.127, S.128, S.129",,3,,,,,A,Euro short-term rate,"Euro short-term rate, Volume-weighted trimmed mean rate - Unsecured - Overnight - Borrowing - Financial corporations",,PC,0,-0.5,True,-8.399999999999997,-8.286666666666664,0.32701353658121385,-0.3465707704891505,False,Normal transmission
2022-07-22,-0.582,EST.B.EU000A2X2A25.WT,B,EU000A2X2A25,WT,A,F,,,,,P1D,,,,"ESA 2010 Sectors: S.121, S.122, S.123, S.124, S.125, S.126, S.127, S.128, S.129",,3,,,,,A,Euro short-term rate,"Euro short-term rate, Volume-weighted trimmed mean rate - Unsecured - Overnight - Borrowing - Financial corporations",,PC,0,-0.5,True,-8.199999999999996,-8.279999999999996,0.32458578558433243,0.24646797103570275,False,Normal transmission
2022-07-25,-0.583,EST.B.EU000A2X2A25.WT,B,EU000A2X2A25,WT,A,F,,,,,P1D,,,,"ESA 2010 Sectors: S.121, S.122, S.123, S.124, S.125, S.126, S.127, S.128, S.129",,3,,,,,A,Euro short-term rate,"Euro short-term rate, Volume-weighted trimmed mean rate - Unsecured - Overnight - Borrowing - Financial corporations",,PC,0,-0.5,True,-8.299999999999997,-8.279999999999996,0.32458578558433243,-0.061616992758929796,False,Normal transmission
2022-07-26,-0.581,EST.B.EU000A2X2A25.WT,B,EU000A2X2A25,WT,A,F,,,,,P1D,,,,"ESA 2010 Sectors: S.121, S.122, S.123, S.124, S.125, S.126, S.127, S.128, S.129",,3,,,,,A,Euro short-term rate,"Euro short-term rate, Volume-weighted trimmed mean rate - Unsecured - Overnight - Borrowing - Financial corporations",,PC,0,-0.5,True,-8.099999999999996,-8.28333333333333,0.3216307318706099,0.570011865057371,False,Normal transmission
2022-07-27,-0.085,EST.B.EU000A2X2A25.WT,B,EU000A2X2A25,WT,A,F,,,,,P1D,,,,"ESA 2010 Sectors: S.121, S.122, S.123, S.124, S.125, S.126, S.127, S.128, S.129",,3,,,,,A,Euro short-term rate,"Euro short-term rate, Volume-weighted trimmed mean rate - Unsecured - Overnight - Borrowing - Financial corporations",,PC,0,0.0,True,-8.5,-8.28333333333333,0.3216307318706099,-0.6736503859769035,False,Normal transmission
2022-07-28,-0.087,EST.B.EU000A2X2A25.WT,B,EU000A2X2A25,WT,A,F,,,,,P1D,,,,"ESA 2010 Sectors: S.121, S.122, S.123, S.124, S.125, S.126, S.127, S.128, S.129",,3,,,,,A,Euro short-term rate,"Euro short-term rate, Volume-weighted trimmed mean rate - Unsecured - Overnight - Borrowing - Financial corporations",,PC,0,0.0,True,-8.7,-8.286666666666664,0.3249337177086477,-1.2720543015605161,False,Normal transmission
2022-07-29,-0.091,EST.B.EU000A2X2A25.WT,B,EU000A2X2A25,WT,A,F,,,,,P1D,,,,"ESA 2010 Sectors: S.121, S.122, S.123, S.124, S.125, S.126, S.127, S.128, S.129",,3,,,,,A,Euro short-term rate,"Euro short-term rate, Volume-weighted trimmed mean rate - Unsecured - Overnight - Borrowing - Financial corporations",,PC,0,0.0,True,-9.1,-8.296666666666663,0.3404715905252749,-2.3594724367280238,True,Unusually below policy rate
2022-08-01,-0.088,EST.B.EU000A2X2A25.WT,B,EU000A2X2A25,WT,A,F,,,,,P1D,,,,"ESA 2010 Sectors: S.121, S.122, S.123, S.124, S.125, S.126, S.127, S.128, S.129",,3,,,,,A,Euro short-term rate,"Euro short-term rate, Volume-weighted trimmed mean rate - Unsecured - Overnight - Borrowing - Financial corporations",,PC,0,0.0,True,-8.799999999999999,-8.299999999999995,0.3444474819135979,-1.4516001023500726,False,Normal transmission
2022-08-02,-0.087,EST.B.EU000A2X2A25.WT,B,EU000A2X2A25,WT,A,F,,,,,P1D,,,,"ESA 2010 Sectors: S.121, S.122, S.123, S.124, S.125, S.126, S.127, S.128, S.129",,3,,,,,A,Euro short-term rate,"Euro short-term rate, Volume-weighted trimmed mean rate - Unsecured - Overnight - Borrowing - Financial corporations",,PC,0,0.0,True,-8.7,-8.304999999999996,0.3480819112639447,-1.1347903674904876,False,Normal transmission
2022-08-03,-0.087,EST.B.EU000A2X2A25.WT,B,EU000A2X2A25,WT,A,F,,,,,P1D,,,,"ESA 2010 Sectors: S.121, S.122, S.123, S.124, S.125, S.126, S.127, S.128, S.129",,3,,,,,A,Euro short-term rate,"Euro short-term rate, Volume-weighted trimmed mean rate - Unsecured - Overnight - Borrowing - Financial corporations",,PC,0,0.0,True,-8.7,-8.309999999999997,0.35160648265365624,-1.1091945661996367,False,Normal transmission
2022-08-04,-0.084,EST.B.EU000A2X2A25.WT,B,EU000A2X2A25,WT,A,F,,,,,P1D,,,,"ESA 2010 Sectors: S.121, S.122, S.123, S.124, S.125, S.126, S.127, S.128, S.129",,3,,,,,A,Euro short-term rate,"Euro short-term rate, Volume-weighted trimmed mean rate - Unsecured - Overnight - Borrowing - Financial corporations",,PC,0,0.0,True,-8.4,-8.321666666666664,0.34251891778346477,-0.22869783029869853,False,Normal transmission
2022-08-05,-0.085,EST.B.EU000A2X2A25.WT,B,EU000A2X2A25,WT,A,F,,,,,P1D,,,,"ESA 2010 Sectors: S.121, S.122, S.123, S.124, S.125, S.126, S.127, S.128, S.129",,3,,,,,A,Euro short-term rate,"Euro short-term rate, Volume-weighted trimmed mean rate - Unsecured - Overnight - Borrowing - Financial corporations",,PC,0,0.0,True,-8.5,-8.319999999999997,0.3413830295743534,-0.5272669828504148,False,Normal transmission
2022-08-08,-0.085,EST.B.EU000A2X2A25.WT,B,EU000A2X2A25,WT,A,F,,,,,P1D,,,,"ESA 2010 Sectors: S.121, S.122, S.123, S.124, S.125, S.126, S.127, S.128, S.129",,3,,,,,A,Euro short-term rate,"Euro short-term rate, Volume-weighted trimmed mean rate - Unsecured - Overnight - Borrowing - Financial corporations",,PC,0,0.0,True,-8.5,-8.319999999999997,0.34138302957435346,-0.5272669828504147,False,Normal transmission
2022-08-09,-0.085,EST.B.EU000A2X2A25.WT,B,EU000A2X2A25,WT,A,F,,,,,P1D,,,,"ESA 2010 Sectors: S.121, S.122, S.123, S.124, S.125, S.126, S.127, S.128, S.129",,3,,,,,A,Euro short-term rate,"Euro short-term rate, Volume-weighted trimmed mean rate - Unsecured - Overnight - Borrowing - Financial corporations",,PC,0,0.0,True,-8.5,-8.319999999999997,0.34138302957435346,-0.5272669828504147,False,Normal transmission
2022-08-10,-0.086,EST.B.EU000A2X2A25.WT,B,EU000A2X2A25,WT,A,F,,,,,P1D,,,,"ESA 2010 Sectors: S.121, S.122, S.123, S.124, S.125, S.126, S.127, S.128, S.129",,3,,,,,A,Euro short-term rate,"Euro short-term rate, Volume-weighted trimmed mean rate - Unsecured - Overnight - Borrowing - Financial corporations",,PC,0,0.0,True,-8.6,-8.321666666666664,0.3425189177834649,-0.812607184252795,False,Normal transmission
2022-08-11,-0.085,EST.B.EU000A2X2A25.WT,B,EU000A2X2A25,WT,A,F,,,,,P1D,,,,"ESA 2010 Sectors: S.121, S.122, S.123, S.124, S.125, S.126, S.127, S.128, S.129",,3,,,,,A,Euro short-term rate,"Euro short-term rate, Volume-weighted trimmed mean rate - Unsecured - Overnight - Borrowing - Financial corporations",,PC,0,0.0,True,-8.5,-8.321666666666664,0.34251891778346494,-0.5206525072757466,False,Normal transmission
2022-08-12,-0.088,EST.B.EU000A2X2A25.WT,B,EU000A2X2A25,WT,A,F,,,,,P1D,,,,"ESA 2010 Sectors: S.121, S.122, S.123, S.124, S.125, S.126, S.127, S.128, S.129",,3,,,,,A,Euro short-term rate,"Euro short-term rate, Volume-weighted trimmed mean rate - Unsecured - Overnight - Borrowing - Financial corporations",,PC,0,0.0,True,-8.799999999999999,-8.326666666666663,0.3473222831342525,-1.3628072724328373,False,Normal transmission
2022-08-15,-0.088,EST.B.EU000A2X2A25.WT,B,EU000A2X2A25,WT,A,F,,,,,P1D,,,,"ESA 2010 Sectors: S.121, S.122, S.123, S.124, S.125, S.126, S.127, S.128, S.129",,3,,,,,A,Euro short-term rate,"Euro short-term rate, Volume-weighted trimmed mean rate - Unsecured - Overnight - Borrowing - Financial corporations",,PC,0,0.0,True,-8.799999999999999,-8.329999999999997,0.3509309652522691,-1.339294751781564,False,Normal transmission
2022-08-16,-0.087,EST.B.EU000A2X2A25.WT,B,EU000A2X2A25,WT,A,F,,,,,P1D,,,,"ESA 2010 Sectors: S.121, S.122, S.123, S.124, S.125, S.126, S.127, S.128, S.129",,3,,,,,A,Euro short-term rate,"Euro short-term rate, Volume-weighted trimmed mean rate - Unsecured - Overnight - Borrowing - Financial corporations",,PC,0,0.0,True,-8.7,-8.329999999999997,0.35093096525226913,-1.0543384216152762,False,Normal transmission
2022-08-17,-0.087,EST.B.EU000A2X2A25.WT,B,EU000A2X2A25,WT,A,F,,,,,P1D,,,,"ESA 2010 Sectors: S.121, S.122, S.123, S.124, S.125, S.126, S.127, S.128, S.129",,3,,,,,A,Euro short-term rate,"Euro short-term rate, Volume-weighted trimmed mean rate - Unsecured - Overnight - Borrowing - Financial corporations",,PC,0,0.0,True,-8.7,-8.329999999999997,0.3509309652522692,-1.054338421615276,False,Normal transmission
2022-08-18,-0.084,EST.B.EU000A2X2A25.WT,B,EU000A2X2A25,WT,A,F,,,,,P1D,,,,"ESA 2010 Sectors: S.121, S.122, S.123, S.124, S.125, S.126, S.127, S.128, S.129",,3,,,,,A,Euro short-term rate,"Euro short-term rate, Volume-weighted trimmed mean rate - Unsecured - Overnight - Borrowing - Financial corporations",,PC,0,0.0,True,-8.4,-8.319999999999997,0.339890311319434,-0.23537005126579919,False,Normal transmission
2022-08-19,-0.084,EST.B.EU000A2X2A25.WT,B,EU000A2X2A25,WT,A,F,,,,,P1D,,,,"ESA 2010 Sectors: S.121, S.122, S.123, S.124, S.125, S.126, S.127, S.128, S.129",,3,,,,,A,Euro short-term rate,"Euro short-term rate, Volume-weighted trimmed mean rate - Unsecured - Overnight - Borrowing - Financial corporations",,PC,0,0.0,True,-8.4,-8.31833333333333,0.3392372634366146,-0.24073613210810996,False,Normal transmission
2022-08-22,-0.082,EST.B.EU000A2X2A25.WT,B,EU000A2X2A25,WT,A,F,,,,,P1D,,,,"ESA 2010 Sectors: S.121, S.122, S.123, S.124, S.125, S.126, S.127, S.128, S.129",,3,,,,,A,Euro short-term rate,"Euro short-term rate, Volume-weighted trimmed mean rate - Unsecured - Overnight - Borrowing - Financial corporations",,PC,0,0.0,True,-8.200000000000001,-8.311666666666664,0.3375342627513269,0.3308306118508967,False,Normal transmission
2022-08-23,-0.08,EST.B.EU000A2X2A25.WT,B,EU000A2X2A25,WT,A,F,,,,,P1D,,,,"ESA 2010 Sectors: S.121, S.122, S.123, S.124, S.125, S.126, S.127, S.128, S.129",,3,,,,,A,Euro short-term rate,"Euro short-term rate, Volume-weighted trimmed mean rate - Unsecured - Overnight - Borrowing - Financial corporations",,PC,0,0.0,True,-8.0,-8.296666666666663,0.33087796237995226,0.8966044898632336,False,Normal transmission
2022-08-24,-0.082,EST.B.EU000A2X2A25.WT,B,EU000A2X2A25,WT,A,F,,,,,P1D,,,,"ESA 2010 Sectors: S.121, S.122, S.123, S.124, S.125, S.126, S.127, S.128, S.129",,3,,,,,A,Euro short-term rate,"Euro short-term rate, Volume-weighted trimmed mean rate - Unsecured - Overnight - Borrowing - Financial corporations",,PC,0,0.0,True,-8.200000000000001,-8.296666666666663,0.33087796237995226,0.2921520247868863,False,Normal transmission
2022-08-25,-0.08,EST.B.EU000A2X2A25.WT,B,EU000A2X2A25,WT,A,F,,,,,P1D,,,,"ESA 2010 Sectors: S.121, S.122, S.123, S.124, S.125, S.126, S.127, S.128, S.129",,3,,,,,A,Euro short-term rate,"Euro short-term rate, Volume-weighted trimmed mean rate - Unsecured - Overnight - Borrowing - Financial corporations",,PC,0,0.0,True,-8.0,-8.28833333333333,0.3319647044065981,0.8685662346204526,False,Normal transmission
2022-08-26,-0.08,EST.B.EU000A2X2A25.WT,B,EU000A2X2A25,WT,A,F,,,,,P1D,,,,"ESA 2010 Sectors: S.121, S.122, S.123, S.124, S.125, S.126, S.127, S.128, S.129",,3,,,,,A,Euro short-term rate,"Euro short-term rate, Volume-weighted trimmed mean rate - Unsecured - Overnight - Borrowing - Financial corporations",,PC,0,0.0,True,-8.0,-8.276666666666664,0.3295434266625659,0.8395453960911651,False,Normal transmission
2022-08-29,-0.081,EST.B.EU000A2X2A25.WT,B,EU000A2X2A25,WT,A,F,,,,,P1D,,,,"ESA 2010 Sectors: S.121, S.122, S.123, S.124, S.125, S.126, S.127, S.128, S.129",,3,,,,,A,Euro short-term rate,"Euro short-term rate, Volume-weighted trimmed mean rate - Unsecured - Overnight - Borrowing - Financial corporations",,PC,0,0.0,True,-8.1,-8.261666666666663,0.31627689363331096,0.5111554777507668,False,Normal transmission
2022-08-30,-0.084,EST.B.EU000A2X2A25.WT,B,EU000A2X2A25,WT,A,F,,,,,P1D,,,,"ESA 2010 Sectors: S.121, S.122, S.123, S.124, S.125, S.126, S.127, S.128, S.129",,3,,,,,A,Euro short-term rate,"Euro short-term rate, Volume-weighted trimmed mean rate - Unsecured - Overnight - Borrowing - Financial corporations",,PC,0,0.0,True,-8.4,-8.263333333333332,0.3167454555567107,-0.4314715942063435,False,Normal transmission
2022-08-31,-0.091,EST.B.EU000A2X2A25.WT,B,EU000A2X2A25,WT,A,F,,,,,P1D,,,,"ESA 2010 Sectors: S.121, S.122, S.123, S.124, S.125, S.126, S.127, S.128, S.129",,3,,,,,A,Euro short-term rate,"Euro short-term rate, Volume-weighted trimmed mean rate - Unsecured - Overnight - Borrowing - Financial corporations",,PC,0,0.0,True,-9.1,-8.27833333333333,0.33450781788472084,-2.456345181594035,True,Unusually below policy rate
2022-09-01,-0.084,EST.B.EU000A2X2A25.WT,B,EU000A2X2A25,WT,A,F,,,,,P1D,,,,"ESA 2010 Sectors: S.121, S.122, S.123, S.124, S.125, S.126, S.127, S.128, S.129",,3,,,,,A,Euro short-term rate,"Euro short-term rate, Volume-weighted trimmed mean rate - Unsecured - Overnight - Borrowing - Financial corporations",,PC,0,0.0,True,-8.4,-8.281666666666665,0.33471043223409763,-0.3535394237445611,False,Normal transmission
2022-09-02,-0.083,EST.B.EU000A2X2A25.WT,B,EU000A2X2A25,WT,A,F,,,,,P1D,,,,"ESA 2010 Sectors: S.121, S.122, S.123, S.124, S.125, S.126, S.127, S.128, S.129",,3,,,,,A,Euro short-term rate,"Euro short-term rate, Volume-weighted trimmed mean rate - Unsecured - Overnight - Borrowing - Financial corporations",,PC,0,0.0,True,-8.3,-8.284999999999998,0.33386539457530484,-0.044928286200740186,False,Normal transmission
2022-09-05,-0.087,EST.B.EU000A2X2A25.WT,B,EU000A2X2A25,WT,A,F,,,,,P1D,,,,"ESA 2010 Sectors: S.121, S.122, S.123, S.124, S.125, S.126, S.127, S.128, S.129",,3,,,,,A,Euro short-term rate,"Euro short-term rate, Volume-weighted trimmed mean rate - Unsecured - Overnight - Borrowing - Financial corporations",,PC,0,0.0,True,-8.7,-8.296666666666665,0.33596139137880665,-1.2005347747788186,False,Normal transmission
2022-09-06,-0.085,EST.B.EU000A2X2A25.WT,B,EU000A2X2A25,WT,A,F,,,,,P1D,,,,"ESA 2010 Sectors: S.121, S.122, S.123, S.124, S.125, S.126, S.127, S.128, S.129",,3,,,,,A,Euro short-term rate,"Euro short-term rate, Volume-weighted trimmed mean rate - Unsecured - Overnight - Borrowing - Financial corporations",,PC,0,0.0,True,-8.5,-8.308333333333332,0.33053201422764916,-0.57987322987316,False,Normal transmission
2022-09-07,-0.076,EST.B.EU000A2X2A25.WT,B,EU000A2X2A25,WT,A,F,,,,,P1D,,,,"ESA 2010 Sectors: S.121, S.122, S.123, S.124, S.125, S.126, S.127, S.128, S.129",,3,,,,,A,Euro short-term rate,"Euro short-term rate, Volume-weighted trimmed mean rate - Unsecured - Overnight - Borrowing - Financial corporations",,PC,0,0.0,True,-7.6,-8.301666666666664,0.34073284264435905,2.0592868630483947,True,Unusually above policy rate
2022-09-08,-0.086,EST.B.EU000A2X2A25.WT,B,EU000A2X2A25,WT,A,F,,,,,P1D,,,,"ESA 2010 Sectors: S.121, S.122, S.123, S.124, S.125, S.126, S.127, S.128, S.129",,3,,,,,A,Euro short-term rate,"Euro short-term rate, Volume-weighted trimmed mean rate - Unsecured - Overnight - Borrowing - Financial corporations",,PC,0,0.0,True,-8.6,-8.308333333333332,0.3426178711768051,-0.851288538058062,False,Normal transmission
2022-09-09,-0.085,EST.B.EU000A2X2A25.WT,B,EU000A2X2A25,WT,A,F,,,,,P1D,,,,"ESA 2010 Sectors: S.121, S.122, S.123, S.124, S.125, S.126, S.127, S.128, S.129",,3,,,,,A,Euro short-term rate,"Euro short-term rate, Volume-weighted trimmed mean rate - Unsecured - Overnight - Borrowing - Financial corporations",,PC,0,0.0,True,-8.5,-8.31333333333333,0.34319864617225915,-0.5439026894441098,False,Normal transmission
2022-09-12,-0.086,EST.B.EU000A2X2A25.WT,B,EU000A2X2A25,WT,A,F,,,,,P1D,,,,"ESA 2010 Sectors: S.121, S.122, S.123, S.124, S.125, S.126, S.127, S.128, S.129",,3,,,,,A,Euro short-term rate,"Euro short-term rate, Volume-weighted trimmed mean rate - Unsecured - Overnight - Borrowing - Financial corporations",,PC,0,0.0,True,-8.6,-8.321666666666665,0.34400022993029894,-0.8091079863223635,False,Normal transmission
2022-09-13,-0.083,EST.B.EU000A2X2A25.WT,B,EU000A2X2A25,WT,A,F,,,,,P1D,,,,"ESA 2010 Sectors: S.121, S.122, S.123, S.124, S.125, S.126, S.127, S.128, S.129",,3,,,,,A,Euro short-term rate,"Euro short-term rate, Volume-weighted trimmed mean rate - Unsecured - Overnight - Borrowing - Financial corporations",,PC,0,0.0,True,-8.3,-8.32333333333333,0.34364283126559486,0.06789995661308004,False,Normal transmission
2022-09-14,0.662,EST.B.EU000A2X2A25.WT,B,EU000A2X2A25,WT,A,F,,,,,P1D,,,,"ESA 2010 Sectors: S.121, S.122, S.123, S.124, S.125, S.126, S.127, S.128, S.129",,3,,,,,A,Euro short-term rate,"Euro short-term rate, Volume-weighted trimmed mean rate - Unsecured - Overnight - Borrowing - Financial corporations",,PC,0,0.75,True,-8.799999999999997,-8.338333333333331,0.34449258517847037,-1.3401352787535081,False,Normal transmission
2022-09-15,0.66,EST.B.EU000A2X2A25.WT,B,EU000A2X2A25,WT,A,F,,,,,P1D,,,,"ESA 2010 Sectors: S.121, S.122, S.123, S.124, S.125, S.126, S.127, S.128, S.129",,3,,,,,A,Euro short-term rate,"Euro short-term rate, Volume-weighted trimmed mean rate - Unsecured - Overnight - Borrowing - Financial corporations",,PC,0,0.75,True,-8.999999999999996,-8.35833333333333,0.34752961910922003,-1.8463654071021947,False,Normal transmission
2022-09-16,0.66,EST.B.EU000A2X2A25.WT,B,EU000A2X2A25,WT,A,F,,,,,P1D,,,,"ESA 2010 Sectors: S.121, S.122, S.123, S.124, S.125, S.126, S.127, S.128, S.129",,3,,,,,A,Euro short-term rate,"Euro short-term rate, Volume-weighted trimmed mean rate - Unsecured - Overnight - Borrowing - Financial corporations",,PC,0,0.75,True,-8.999999999999996,-8.374999999999998,0.3539726121743019,-1.765673327551788,False,Normal transmission
2022-09-19,0.657,EST.B.EU000A2X2A25.WT,B,EU000A2X2A25,WT,A,F,,,,,P1D,,,,"ESA 2010 Sectors: S.121, S.122, S.123, S.124, S.125, S.126, S.127, S.128, S.129",,3,,,,,A,Euro short-term rate,"Euro short-term rate, Volume-weighted trimmed mean rate - Unsecured - Overnight - Borrowing - Financial corporations",,PC,0,0.75,True,-9.299999999999997,-8.398333333333332,0.3679957933928174,-2.450209167755841,True,Unusually below policy rate
2022-09-20,0.659,EST.B.EU000A2X2A25.WT,B,EU000A2X2A25,WT,A,F,,,,,P1D,,,,"ESA 2010 Sectors: S.121, S.122, S.123, S.124, S.125, S.126, S.127, S.128, S.129",,3,,,,,A,Euro short-term rate,"Euro short-term rate, Volume-weighted trimmed mean rate - Unsecured - Overnight - Borrowing - Financial corporations",,PC,0,0.75,True,-9.099999999999998,-8.414999999999997,0.3767951383327459,-1.8179640083229536,False,Normal transmission
2022-09-21,0.661,EST.B.EU000A2X2A25.WT,B,EU000A2X2A25,WT,A,F,,,,,P1D,,,,"ESA 2010 Sectors: S.121, S.122, S.123, S.124, S.125, S.126, S.127, S.128, S.129",,3,,,,,A,Euro short-term rate,"Euro short-term rate, Volume-weighted trimmed mean rate - Unsecured - Overnight - Borrowing - Financial corporations",,PC,0,0.75,True,-8.899999999999997,-8.433333333333332,0.3731072761928249,-1.2507573463281585,False,Normal transmission
2022-09-22,0.661,EST.B.EU000A2X2A25.WT,B,EU000A2X2A25,WT,A,F,,,,,P1D,,,,"ESA 2010 Sectors: S.121, S.122, S.123, S.124, S.125, S.126, S.127, S.128, S.129",,3,,,,,A,Euro short-term rate,"Euro short-term rate, Volume-weighted trimmed mean rate - Unsecured - Overnight - Borrowing - Financial corporations",,PC,0,0.75,True,-8.899999999999997,-8.429999999999998,0.36790750495660757,-1.277495005315079,False,Normal transmission
2022-09-23,0.662,EST.B.EU000A2X2A25.WT,B,EU000A2X2A25,WT,A,F,,,,,P1D,,,,"ESA 2010 Sectors: S.121, S.122, S.123, S.124, S.125, S.126, S.127, S.128, S.129",,3,,,,,A,Euro short-term rate,"Euro short-term rate, Volume-weighted trimmed mean rate - Unsecured - Overnight - Borrowing - Financial corporations",,PC,0,0.75,True,-8.799999999999997,-8.443333333333332,0.3665536549004935,-0.9730271732346745,False,Normal transmission
2022-09-26,0.663,EST.B.EU000A2X2A25.WT,B,EU000A2X2A25,WT,A,F,,,,,P1D,,,,"ESA 2010 Sectors: S.121, S.122, S.123, S.124, S.125, S.126, S.127, S.128, S.129",,3,,,,,A,Euro short-term rate,"Euro short-term rate, Volume-weighted trimmed mean rate - Unsecured - Overnight - Borrowing - Financial corporations",,PC,0,0.75,True,-8.699999999999996,-8.454999999999998,0.3633297050562713,-0.6743186604080518,False,Normal transmission
2022-09-27,0.662,EST.B.EU000A2X2A25.WT,B,EU000A2X2A25,WT,A,F,,,,,P1D,,,,"ESA 2010 Sectors: S.121, S.122, S.123, S.124, S.125, S.126, S.127, S.128, S.129",,3,,,,,A,Euro short-term rate,"Euro short-term rate, Volume-weighted trimmed mean rate - Unsecured - Overnight - Borrowing - Financial corporations",,PC,0,0.75,True,-8.799999999999997,-8.468333333333332,0.3610209941154338,-0.9186908021216551,False,Normal transmission
2022-09-28,0.662,EST.B.EU000A2X2A25.WT,B,EU000A2X2A25,WT,A,F,,,,,P1D,,,,"ESA 2010 Sectors: S.121, S.122, S.123, S.124, S.125, S.126, S.127, S.128, S.129",,3,,,,,A,Euro short-term rate,"Euro short-term rate, Volume-weighted trimmed mean rate - Unsecured - Overnight - Borrowing - Financial corporations",,PC,0,0.75,True,-8.799999999999997,-8.481666666666664,0.3581930483510409,-0.8887200206670575,False,Normal transmission
2022-09-29,0.661,EST.B.EU000A2X2A25.WT,B,EU000A2X2A25,WT,A,F,,,,,P1D,,,,"ESA 2010 Sectors: S.121, S.122, S.123, S.124, S.125, S.126, S.127, S.128, S.129",,3,,,,,A,Euro short-term rate,"Euro short-term rate, Volume-weighted trimmed mean rate - Unsecured - Overnight - Borrowing - Financial corporations",,PC,0,0.75,True,-8.899999999999997,-8.498333333333331,0.3539087628604068,-1.1349441122063881,False,Normal transmission
2022-09-30,0.642,EST.B.EU000A2X2A25.WT,B,EU000A2X2A25,WT,A,F,,,,,P1D,,,,"ESA 2010 Sectors: S.121, S.122, S.123, S.124, S.125, S.126, S.127, S.128, S.129",,3,,,,,A,Euro short-term rate,"Euro short-term rate, Volume-weighted trimmed mean rate - Unsecured - Overnight - Borrowing - Financial corporations",,PC,0,0.75,True,-10.799999999999999,-8.546666666666665,0.45453148412018873,-4.957485701337028,True,Unusually below policy rate
2022-10-03,0.656,EST.B.EU000A2X2A25.WT,B,EU000A2X2A25,WT,A,F,,,,,P1D,,,,"ESA 2010 Sectors: S.121, S.122, S.123, S.124, S.125, S.126, S.127, S.128, S.129",,3,,,,,A,Euro short-term rate,"Euro short-term rate, Volume-weighted trimmed mean rate - Unsecured - Overnight - Borrowing - Financial corporations",,PC,0,0.75,True,-9.399999999999997,-8.569999999999999,0.46186798319250144,-1.7970503048574888,False,Normal transmission
2022-10-04,0.657,EST.B.EU000A2X2A25.WT,B,EU000A2X2A25,WT,A,F,,,,,P1D,,,,"ESA 2010 Sectors: S.121, S.122, S.123, S.124, S.125, S.126, S.127, S.128, S.129",,3,,,,,A,Euro short-term rate,"Euro short-term rate, Volume-weighted trimmed mean rate - Unsecured - Overnight - Borrowing - Financial corporations",,PC,0,0.75,True,-9.299999999999997,-8.591666666666665,0.4651559485776554,-1.522786789031205,False,Normal transmission
2022-10-05,0.652,EST.B.EU000A2X2A25.WT,B,EU000A2X2A25,WT,A,F,,,,,P1D,,,,"ESA 2010 Sectors: S.121, S.122, S.123, S.124, S.125, S.126, S.127, S.128, S.129",,3,,,,,A,Euro short-term rate,"Euro short-term rate, Volume-weighted trimmed mean rate - Unsecured - Overnight - Borrowing - Financial corporations",,PC,0,0.75,True,-9.799999999999997,-8.62,0.4860076026468219,-2.4279455579988016,True,Unusually below policy rate
2022-10-06,0.655,EST.B.EU000A2X2A25.WT,B,EU000A2X2A25,WT,A,F,,,,,P1D,,,,"ESA 2010 Sectors: S.121, S.122, S.123, S.124, S.125, S.126, S.127, S.128, S.129",,3,,,,,A,Euro short-term rate,"Euro short-term rate, Volume-weighted trimmed mean rate - Unsecured - Overnight - Borrowing - Financial corporations",,PC,0,0.75,True,-9.499999999999996,-8.641666666666664,0.4958443121796459,-1.7310541076093975,False,Normal transmission
2022-10-07,0.656,EST.B.EU000A2X2A25.WT,B,EU000A2X2A25,WT,A,F,,,,,P1D,,,,"ESA 2010 Sectors: S.121, S.122, S.123, S.124, S.125, S.126, S.127, S.128, S.129",,3,,,,,A,Euro short-term rate,"Euro short-term rate, Volume-weighted trimmed mean rate - Unsecured - Overnight - Borrowing - Financial corporations",,PC,0,0.75,True,-9.399999999999997,-8.661666666666665,0.5018919009368358,-1.4711003145401471,False,Normal transmission
2022-10-10,0.655,EST.B.EU000A2X2A25.WT,B,EU000A2X2A25,WT,A,F,,,,,P1D,,,,"ESA 2010 Sectors: S.121, S.122, S.123, S.124, S.125, S.126, S.127, S.128, S.129",,3,,,,,A,Euro short-term rate,"Euro short-term rate, Volume-weighted trimmed mean rate - Unsecured - Overnight - Borrowing - Financial corporations",,PC,0,0.75,True,-9.499999999999996,-8.683333333333332,0.5096248758884275,-1.6024858779567464,False,Normal transmission
2022-10-11,0.657,EST.B.EU000A2X2A25.WT,B,EU000A2X2A25,WT,A,F,,,,,P1D,,,,"ESA 2010 Sectors: S.121, S.122, S.123, S.124, S.125, S.126, S.127, S.128, S.129",,3,,,,,A,Euro short-term rate,"Euro short-term rate, Volume-weighted trimmed mean rate - Unsecured - Overnight - Borrowing - Financial corporations",,PC,0,0.75,True,-9.299999999999997,-8.7,0.5132151892807496,-1.169100238129884,False,Normal transmission
2022-10-12,0.658,EST.B.EU000A2X2A25.WT,B,EU000A2X2A25,WT,A,F,,,,,P1D,,,,"ESA 2010 Sectors: S.121, S.122, S.123, S.124, S.125, S.126, S.127, S.128, S.129",,3,,,,,A,Euro short-term rate,"Euro short-term rate, Volume-weighted trimmed mean rate - Unsecured - Overnight - Borrowing - Financial corporations",,PC,0,0.75,True,-9.199999999999998,-8.716666666666665,0.5129399035294183,-0.9422806258737719,False,Normal transmission
2022-10-13,0.658,EST.B.EU000A2X2A25.WT,B,EU000A2X2A25,WT,A,F,,,,,P1D,,,,"ESA 2010 Sectors: S.121, S.122, S.123, S.124, S.125, S.126, S.127, S.128, S.129",,3,,,,,A,Euro short-term rate,"Euro short-term rate, Volume-weighted trimmed mean rate - Unsecured - Overnight - Borrowing - Financial corporations",,PC,0,0.75,True,-9.199999999999998,-8.729999999999999,0.5149625624042649,-0.9126877064725946,False,Normal transmission
2022-10-14,0.657,EST.B.EU000A2X2A25.WT,B,EU000A2X2A25,WT,A,F,,,,,P1D,,,,"ESA 2010 Sectors: S.121, S.122, S.123, S.124, S.125, S.126, S.127, S.128, S.129",,3,,,,,A,Euro short-term rate,"Euro short-term rate, Volume-weighted trimmed mean rate - Unsecured - Overnight - Borrowing - Financial corporations",,PC,0,0.75,True,-9.299999999999997,-8.748333333333331,0.5153546307934235,-1.070460288320952,False,Normal transmission
2022-10-17,0.658,EST.B.EU000A2X2A25.WT,B,EU000A2X2A25,WT,A,F,,,,,P1D,,,,"ESA 2010 Sectors: S.121, S.122, S.123, S.124, S.125, S.126, S.127, S.128, S.129",,3,,,,,A,Euro short-term rate,"Euro short-term rate, Volume-weighted trimmed mean rate - Unsecured - Overnight - Borrowing - Financial corporations",,PC,0,0.75,True,-9.199999999999998,-8.763333333333332,0.5151819381330546,-0.8475970028162925,False,Normal transmission
2022-10-18,0.657,EST.B.EU000A2X2A25.WT,B,EU000A2X2A25,WT,A,F,,,,,P1D,,,,"ESA 2010 Sectors: S.121, S.122, S.123, S.124, S.125, S.126, S.127, S.128, S.129",,3,,,,,A,Euro short-term rate,"Euro short-term rate, Volume-weighted trimmed mean rate - Unsecured - Overnight - Borrowing - Financial corporations",,PC,0,0.75,True,-9.299999999999997,-8.783333333333331,0.5122786141652531,-1.0085657538301942,False,Normal transmission
2022-10-19,0.656,EST.B.EU000A2X2A25.WT,B,EU000A2X2A25,WT,A,F,,,,,P1D,,,,"ESA 2010 Sectors: S.121, S.122, S.123, S.124, S.125, S.126, S.127, S.128, S.129",,3,,,,,A,Euro short-term rate,"Euro short-term rate, Volume-weighted trimmed mean rate - Unsecured - Overnight - Borrowing - Financial corporations",,PC,0,0.75,True,-9.399999999999997,-8.79833333333333,0.516996432032622,-1.163773344239834,False,Normal transmission
2022-10-20,0.656,EST.B.EU000A2X2A25.WT,B,EU000A2X2A25,WT,A,F,,,,,P1D,,,,"ESA 2010 Sectors: S.121, S.122, S.123, S.124, S.125, S.126, S.127, S.128, S.129",,3,,,,,A,Euro short-term rate,"Euro short-term rate, Volume-weighted trimmed mean rate - Unsecured - Overnight - Borrowing - Financial corporations",,PC,0,0.75,True,-9.399999999999997,-8.809999999999999,0.5226075430643865,-1.1289542369412542,False,Normal transmission
2022-10-21,0.657,EST.B.EU000A2X2A25.WT,B,EU000A2X2A25,WT,A,F,,,,,P1D,,,,"ESA 2010 Sectors: S.121, S.122, S.123, S.124, S.125, S.126, S.127, S.128, S.129",,3,,,,,A,Euro short-term rate,"Euro short-term rate, Volume-weighted trimmed mean rate - Unsecured - Overnight - Borrowing - Financial corporations",,PC,0,0.75,True,-9.299999999999997,-8.813333333333333,0.5251203789888337,-0.9267716244488261,False,Normal transmission
2022-10-24,0.658,EST.B.EU000A2X2A25.WT,B,EU000A2X2A25,WT,A,F,,,,,P1D,,,,"ESA 2010 Sectors: S.121, S.122, S.123, S.124, S.125, S.126, S.127, S.128, S.129",,3,,,,,A,Euro short-term rate,"Euro short-term rate, Volume-weighted trimmed mean rate - Unsecured - Overnight - Borrowing - Financial corporations",,PC,0,0.75,True,-9.199999999999998,-8.819999999999997,0.5274820263625964,-0.7204036934118869,False,Normal transmission
2022-10-25,0.656,EST.B.EU000A2X2A25.WT,B,EU000A2X2A25,WT,A,F,,,,,P1D,,,,"ESA 2010 Sectors: S.121, S.122, S.123, S.124, S.125, S.126, S.127, S.128, S.129",,3,,,,,A,Euro short-term rate,"Euro short-term rate, Volume-weighted trimmed mean rate - Unsecured - Overnight - Borrowing - Financial corporations",,PC,0,0.75,True,-9.399999999999997,-8.831666666666667,0.5325002320892814,-1.0672921795798211,False,Normal transmission
2022-10-26,0.656,EST.B.EU000A2X2A25.WT,B,EU000A2X2A25,WT,A,F,,,,,P1D,,,,"ESA 2010 Sectors: S.121, S.122, S.123, S.124, S.125, S.126, S.127, S.128, S.129",,3,,,,,A,Euro short-term rate,"Euro short-term rate, Volume-weighted trimmed mean rate - Unsecured - Overnight - Borrowing - Financial corporations",,PC,0,0.75,True,-9.399999999999997,-8.843333333333332,0.5372139890737154,-1.0362102960618924,False,Normal transmission
2022-10-27,0.657,EST.B.EU000A2X2A25.WT,B,EU000A2X2A25,WT,A,F,,,,,P1D,,,,"ESA 2010 Sectors: S.121, S.122, S.123, S.124, S.125, S.126, S.127, S.128, S.129",,3,,,,,A,Euro short-term rate,"Euro short-term rate, Volume-weighted trimmed mean rate - Unsecured - Overnight - Borrowing - Financial corporations",,PC,0,0.75,True,-9.299999999999997,-8.85833333333333,0.5371903259810995,-0.8221791147486264,False,Normal transmission
2022-10-28,0.656,EST.B.EU000A2X2A25.WT,B,EU000A2X2A25,WT,A,F,,,,,P1D,,,,"ESA 2010 Sectors: S.121, S.122, S.123, S.124, S.125, S.126, S.127, S.128, S.129",,3,,,,,A,Euro short-term rate,"Euro short-term rate, Volume-weighted trimmed mean rate - Unsecured - Overnight - Borrowing - Financial corporations",,PC,0,0.75,True,-9.399999999999997,-8.873333333333331,0.5395750577425249,-0.9760767461530458,False,Normal transmission
2022-10-31,0.648,EST.B.EU000A2X2A25.WT,B,EU000A2X2A25,WT,A,F,,,,,P1D,,,,"ESA 2010 Sectors: S.121, S.122, S.123, S.124, S.125, S.126, S.127, S.128, S.129",,3,,,,,A,Euro short-term rate,"Euro short-term rate, Volume-weighted trimmed mean rate - Unsecured - Overnight - Borrowing - Financial corporations",,PC,0,0.75,True,-10.199999999999998,-8.901666666666666,0.5637320155097896,-2.3031037755754102,True,Unusually below policy rate
2022-11-01,0.659,EST.B.EU000A2X2A25.WT,B,EU000A2X2A25,WT,A,F,,,,,P1D,,,,"ESA 2010 Sectors: S.121, S.122, S.123, S.124, S.125, S.126, S.127, S.128, S.129",,3,,,,,A,Euro short-term rate,"Euro short-term rate, Volume-weighted trimmed mean rate - Unsecured - Overnight - Borrowing - Financial corporations",,PC,0,0.75,True,-9.099999999999998,-8.911666666666665,0.5618044978329256,-0.3352293085224476,False,Normal transmission
2022-11-02,1.403,EST.B.EU000A2X2A25.WT,B,EU000A2X2A25,WT,A,F,,,,,P1D,,,,"ESA 2010 Sectors: S.121, S.122, S.123, S.124, S.125, S.126, S.127, S.128, S.129",,3,,,,,A,Euro short-term rate,"Euro short-term rate, Volume-weighted trimmed mean rate - Unsecured - Overnight - Borrowing - Financial corporations",,PC,0,1.5,True,-9.699999999999998,-8.929999999999998,0.5693588424933946,-1.3523984217544363,False,Normal transmission
2022-11-03,1.403,EST.B.EU000A2X2A25.WT,B,EU000A2X2A25,WT,A,F,,,,,P1D,,,,"ESA 2010 Sectors: S.121, S.122, S.123, S.124, S.125, S.126, S.127, S.128, S.129",,3,,,,,A,Euro short-term rate,"Euro short-term rate, Volume-weighted trimmed mean rate - Unsecured - Overnight - Borrowing - Financial corporations",,PC,0,1.5,True,-9.699999999999998,-8.949999999999998,0.5750460556352759,-1.3042433604234458,False,Normal transmission
2022-11-04,1.401,EST.B.EU000A2X2A25.WT,B,EU000A2X2A25,WT,A,F,,,,,P1D,,,,"ESA 2010 Sectors: S.121, S.122, S.123, S.124, S.125, S.126, S.127, S.128, S.129",,3,,,,,A,Euro short-term rate,"Euro short-term rate, Volume-weighted trimmed mean rate - Unsecured - Overnight - Borrowing - Financial corporations",,PC,0,1.5,True,-9.899999999999999,-8.968333333333332,0.5875809837200077,-1.5855970368003292,False,Normal transmission
2022-11-07,1.4,EST.B.EU000A2X2A25.WT,B,EU000A2X2A25,WT,A,F,,,,,P1D,,,,"ESA 2010 Sectors: S.121, S.122, S.123, S.124, S.125, S.126, S.127, S.128, S.129",,3,,,,,A,Euro short-term rate,"Euro short-term rate, Volume-weighted trimmed mean rate - Unsecured - Overnight - Borrowing - Financial corporations",,PC,0,1.5,True,-10.000000000000009,-8.988333333333332,0.6019999624603418,-1.6805095178611797,False,Normal transmission
2022-11-08,1.4,EST.B.EU000A2X2A25.WT,B,EU000A2X2A25,WT,A,F,,,,,P1D,,,,"ESA 2010 Sectors: S.121, S.122, S.123, S.124, S.125, S.126, S.127, S.128, S.129",,3,,,,,A,Euro short-term rate,"Euro short-term rate, Volume-weighted trimmed mean rate - Unsecured - Overnight - Borrowing - Financial corporations",,PC,0,1.5,True,-10.000000000000009,-9.009999999999998,0.6147067648722063,-1.6105240035967812,False,Normal transmission
2022-11-09,1.4,EST.B.EU000A2X2A25.WT,B,EU000A2X2A25,WT,A,F,,,,,P1D,,,,"ESA 2010 Sectors: S.121, S.122, S.123, S.124, S.125, S.126, S.127, S.128, S.129",,3,,,,,A,Euro short-term rate,"Euro short-term rate, Volume-weighted trimmed mean rate - Unsecured - Overnight - Borrowing - Financial corporations",,PC,0,1.5,True,-10.000000000000009,-9.031666666666665,0.6263944895169239,-1.5458841824744085,False,Normal transmission
2022-11-10,1.402,EST.B.EU000A2X2A25.WT,B,EU000A2X2A25,WT,A,F,,,,,P1D,,,,"ESA 2010 Sectors: S.121, S.122, S.123, S.124, S.125, S.126, S.127, S.128, S.129",,3,,,,,A,Euro short-term rate,"Euro short-term rate, Volume-weighted trimmed mean rate - Unsecured - Overnight - Borrowing - Financial corporations",,PC,0,1.5,True,-9.800000000000008,-9.055,0.628537446803204,-1.185291351834553,False,Normal transmission
2022-11-11,1.404,EST.B.EU000A2X2A25.WT,B,EU000A2X2A25,WT,A,F,,,,,P1D,,,,"ESA 2010 Sectors: S.121, S.122, S.123, S.124, S.125, S.126, S.127, S.128, S.129",,3,,,,,A,Euro short-term rate,"Euro short-term rate, Volume-weighted trimmed mean rate - Unsecured - Overnight - Borrowing - Financial corporations",,PC,0,1.5,True,-9.600000000000009,-9.075,0.626430566174161,-0.8380817098475493,False,Normal transmission
2022-11-14,1.401,EST.B.EU000A2X2A25.WT,B,EU000A2X2A25,WT,A,F,,,,,P1D,,,,"ESA 2010 Sectors: S.121, S.122, S.123, S.124, S.125, S.126, S.127, S.128, S.129",,3,,,,,A,Euro short-term rate,"Euro short-term rate, Volume-weighted trimmed mean rate - Unsecured - Overnight - Borrowing - Financial corporations",,PC,0,1.5,True,-9.899999999999999,-9.103333333333332,0.6246264420358671,-1.2754289813125153,False,Normal transmission
2022-11-15,1.4,EST.B.EU000A2X2A25.WT,B,EU000A2X2A25,WT,A,F,,,,,P1D,,,,"ESA 2010 Sectors: S.121, S.122, S.123, S.124, S.125, S.126, S.127, S.128, S.129",,3,,,,,A,Euro short-term rate,"Euro short-term rate, Volume-weighted trimmed mean rate - Unsecured - Overnight - Borrowing - Financial corporations",,PC,0,1.5,True,-10.000000000000009,-9.136666666666665,0.6180797674006543,-1.3967992140627867,False,Normal transmission
2022-11-16,1.401,EST.B.EU000A2X2A25.WT,B,EU000A2X2A25,WT,A,F,,,,,P1D,,,,"ESA 2010 Sectors: S.121, S.122, S.123, S.124, S.125, S.126, S.127, S.128, S.129",,3,,,,,A,Euro short-term rate,"Euro short-term rate, Volume-weighted trimmed mean rate - Unsecured - Overnight - Borrowing - Financial corporations",,PC,0,1.5,True,-9.899999999999999,-9.165,0.6133611207166373,-1.198315274925222,False,Normal transmission
2022-11-17,1.402,EST.B.EU000A2X2A25.WT,B,EU000A2X2A25,WT,A,F,,,,,P1D,,,,"ESA 2010 Sectors: S.121, S.122, S.123, S.124, S.125, S.126, S.127, S.128, S.129",,3,,,,,A,Euro short-term rate,"Euro short-term rate, Volume-weighted trimmed mean rate - Unsecured - Overnight - Borrowing - Financial corporations",,PC,0,1.5,True,-9.800000000000008,-9.195,0.5992721574076814,-1.0095579988516463,False,Normal transmission
2022-11-18,1.403,EST.B.EU000A2X2A25.WT,B,EU000A2X2A25,WT,A,F,,,,,P1D,,,,"ESA 2010 Sectors: S.121, S.122, S.123, S.124, S.125, S.126, S.127, S.128, S.129",,3,,,,,A,Euro short-term rate,"Euro short-term rate, Volume-weighted trimmed mean rate - Unsecured - Overnight - Borrowing - Financial corporations",,PC,0,1.5,True,-9.699999999999998,-9.223333333333333,0.5817468337095285,-0.8193713124782881,False,Normal transmission
2022-11-21,1.403,EST.B.EU000A2X2A25.WT,B,EU000A2X2A25,WT,A,F,,,,,P1D,,,,"ESA 2010 Sectors: S.121, S.122, S.123, S.124, S.125, S.126, S.127, S.128, S.129",,3,,,,,A,Euro short-term rate,"Euro short-term rate, Volume-weighted trimmed mean rate - Unsecured - Overnight - Borrowing - Financial corporations",,PC,0,1.5,True,-9.699999999999998,-9.25,0.5658352158759751,-0.7952845411068098,False,Normal transmission
2022-11-22,1.404,EST.B.EU000A2X2A25.WT,B,EU000A2X2A25,WT,A,F,,,,,P1D,,,,"ESA 2010 Sectors: S.121, S.122, S.123, S.124, S.125, S.126, S.127, S.128, S.129",,3,,,,,A,Euro short-term rate,"Euro short-term rate, Volume-weighted trimmed mean rate - Unsecured - Overnight - Borrowing - Financial corporations",,PC,0,1.5,True,-9.600000000000009,-9.270000000000001,0.5564110174493045,-0.5930867463997942,False,Normal transmission
2022-11-23,1.405,EST.B.EU000A2X2A25.WT,B,EU000A2X2A25,WT,A,F,,,,,P1D,,,,"ESA 2010 Sectors: S.121, S.122, S.123, S.124, S.125, S.126, S.127, S.128, S.129",,3,,,,,A,Euro short-term rate,"Euro short-term rate, Volume-weighted trimmed mean rate - Unsecured - Overnight - Borrowing - Financial corporations",,PC,0,1.5,True,-9.499999999999996,-9.276666666666667,0.556735846034611,-0.4011477524287973,False,Normal transmission
2022-11-24,1.405,EST.B.EU000A2X2A25.WT,B,EU000A2X2A25,WT,A,F,,,,,P1D,,,,"ESA 2010 Sectors: S.121, S.122, S.123, S.124, S.125, S.126, S.127, S.128, S.129",,3,,,,,A,Euro short-term rate,"Euro short-term rate, Volume-weighted trimmed mean rate - Unsecured - Overnight - Borrowing - Financial corporations",,PC,0,1.5,True,-9.499999999999996,-9.294999999999998,0.5453734531399719,-0.37588921649874363,False,Normal transmission
2022-11-25,1.403,EST.B.EU000A2X2A25.WT,B,EU000A2X2A25,WT,A,F,,,,,P1D,,,,"ESA 2010 Sectors: S.121, S.122, S.123, S.124, S.125, S.126, S.127, S.128, S.129",,3,,,,,A,Euro short-term rate,"Euro short-term rate, Volume-weighted trimmed mean rate - Unsecured - Overnight - Borrowing - Financial corporations",,PC,0,1.5,True,-9.699999999999998,-9.318333333333332,0.5318632635118093,-0.7176029871786614,False,Normal transmission
2022-11-28,1.403,EST.B.EU000A2X2A25.WT,B,EU000A2X2A25,WT,A,F,,,,,P1D,,,,"ESA 2010 Sectors: S.121, S.122, S.123, S.124, S.125, S.126, S.127, S.128, S.129",,3,,,,,A,Euro short-term rate,"Euro short-term rate, Volume-weighted trimmed mean rate - Unsecured - Overnight - Borrowing - Financial corporations",,PC,0,1.5,True,-9.699999999999998,-9.335,0.5278112785482112,-0.6915350520814173,False,Normal transmission
2022-11-29,1.402,EST.B.EU000A2X2A25.WT,B,EU000A2X2A25,WT,A,F,,,,,P1D,,,,"ESA 2010 Sectors: S.121, S.122, S.123, S.124, S.125, S.126, S.127, S.128, S.129",,3,,,,,A,Euro short-term rate,"Euro short-term rate, Volume-weighted trimmed mean rate - Unsecured - Overnight - Borrowing - Financial corporations",,PC,0,1.5,True,-9.800000000000008,-9.356666666666666,0.5195717489046842,-0.8532668188136459,False,Normal transmission
2022-11-30,1.391,EST.B.EU000A2X2A25.WT,B,EU000A2X2A25,WT,A,F,,,,,P1D,,,,"ESA 2010 Sectors: S.121, S.122, S.123, S.124, S.125, S.126, S.127, S.128, S.129",,3,,,,,A,Euro short-term rate,"Euro short-term rate, Volume-weighted trimmed mean rate - Unsecured - Overnight - Borrowing - Financial corporations",,PC,0,1.5,True,-10.899999999999999,-9.411666666666665,0.5049221006091923,-2.9476494127265336,True,Unusually below policy rate
2022-12-01,1.4,EST.B.EU000A2X2A25.WT,B,EU000A2X2A25,WT,A,F,,,,,P1D,,,,"ESA 2010 Sectors: S.121, S.122, S.123, S.124, S.125, S.126, S.127, S.128, S.129",,3,,,,,A,Euro short-term rate,"Euro short-term rate, Volume-weighted trimmed mean rate - Unsecured - Overnight - Borrowing - Financial corporations",,PC,0,1.5,True,-10.000000000000009,-9.434999999999999,0.4990923965950254,-1.132054913788766,False,Normal transmission
2022-12-02,1.4,EST.B.EU000A2X2A25.WT,B,EU000A2X2A25,WT,A,F,,,,,P1D,,,,"ESA 2010 Sectors: S.121, S.122, S.123, S.124, S.125, S.126, S.127, S.128, S.129",,3,,,,,A,Euro short-term rate,"Euro short-term rate, Volume-weighted trimmed mean rate - Unsecured - Overnight - Borrowing - Financial corporations",,PC,0,1.5,True,-10.000000000000009,-9.459999999999999,0.48892826412226337,-1.1044565013426493,False,Normal transmission
2022-12-05,1.398,EST.B.EU000A2X2A25.WT,B,EU000A2X2A25,WT,A,F,,,,,P1D,,,,"ESA 2010 Sectors: S.121, S.122, S.123, S.124, S.125, S.126, S.127, S.128, S.129",,3,,,,,A,Euro short-term rate,"Euro short-term rate, Volume-weighted trimmed mean rate - Unsecured - Overnight - Borrowing - Financial corporations",,PC,0,1.5,True,-10.20000000000001,-9.486666666666666,0.4848437339263711,-1.4712644165917408,False,Normal transmission
2022-12-06,1.406,EST.B.EU000A2X2A25.WT,B,EU000A2X2A25,WT,A,F,,,,,P1D,,,,"ESA 2010 Sectors: S.121, S.122, S.123, S.124, S.125, S.126, S.127, S.128, S.129",,3,,,,,A,Euro short-term rate,"Euro short-term rate, Volume-weighted trimmed mean rate - Unsecured - Overnight - Borrowing - Financial corporations",,PC,0,1.5,True,-9.40000000000001,-9.504999999999999,0.4593381384380253,0.22858977126750504,False,Normal transmission
2022-12-07,1.399,EST.B.EU000A2X2A25.WT,B,EU000A2X2A25,WT,A,F,,,,,P1D,,,,"ESA 2010 Sectors: S.121, S.122, S.123, S.124, S.125, S.126, S.127, S.128, S.129",,3,,,,,A,Euro short-term rate,"Euro short-term rate, Volume-weighted trimmed mean rate - Unsecured - Overnight - Borrowing - Financial corporations",,PC,0,1.5,True,-10.099999999999998,-9.526666666666666,0.45616926187568463,-1.2568434159195436,False,Normal transmission
2022-12-08,1.4,EST.B.EU000A2X2A25.WT,B,EU000A2X2A25,WT,A,F,,,,,P1D,,,,"ESA 2010 Sectors: S.121, S.122, S.123, S.124, S.125, S.126, S.127, S.128, S.129",,3,,,,,A,Euro short-term rate,"Euro short-term rate, Volume-weighted trimmed mean rate - Unsecured - Overnight - Borrowing - Financial corporations",,PC,0,1.5,True,-10.000000000000009,-9.543333333333331,0.4548669638501355,-1.0039565476492487,False,Normal transmission
2022-12-09,1.4,EST.B.EU000A2X2A25.WT,B,EU000A2X2A25,WT,A,F,,,,,P1D,,,,"ESA 2010 Sectors: S.121, S.122, S.123, S.124, S.125, S.126, S.127, S.128, S.129",,3,,,,,A,Euro short-term rate,"Euro short-term rate, Volume-weighted trimmed mean rate - Unsecured - Overnight - Borrowing - Financial corporations",,PC,0,1.5,True,-10.000000000000009,-9.56,0.45293768045158433,-0.9714360694418779,False,Normal transmission
2022-12-12,1.4,EST.B.EU000A2X2A25.WT,B,EU000A2X2A25,WT,A,F,,,,,P1D,,,,"ESA 2010 Sectors: S.121, S.122, S.123, S.124, S.125, S.126, S.127, S.128, S.129",,3,,,,,A,Euro short-term rate,"Euro short-term rate, Volume-weighted trimmed mean rate - Unsecured - Overnight - Borrowing - Financial corporations",,PC,0,1.5,True,-10.000000000000009,-9.571666666666665,0.4551370315785172,-0.9411085093379185,False,Normal transmission
2022-12-13,1.4,EST.B.EU000A2X2A25.WT,B,EU000A2X2A25,WT,A,F,,,,,P1D,,,,"ESA 2010 Sectors: S.121, S.122, S.123, S.124, S.125, S.126, S.127, S.128, S.129",,3,,,,,A,Euro short-term rate,"Euro short-term rate, Volume-weighted trimmed mean rate - Unsecured - Overnight - Borrowing - Financial corporations",,PC,0,1.5,True,-10.000000000000009,-9.586666666666668,0.4541584382191189,-0.9101082321714327,False,Normal transmission
2022-12-14,1.402,EST.B.EU000A2X2A25.WT,B,EU000A2X2A25,WT,A,F,,,,,P1D,,,,"ESA 2010 Sectors: S.121, S.122, S.123, S.124, S.125, S.126, S.127, S.128, S.129",,3,,,,,A,Euro short-term rate,"Euro short-term rate, Volume-weighted trimmed mean rate - Unsecured - Overnight - Borrowing - Financial corporations",,PC,0,1.5,True,-9.800000000000008,-9.601666666666667,0.4458819736917561,-0.4448112842311307,False,Normal transmission
2022-12-15,1.403,EST.B.EU000A2X2A25.WT,B,EU000A2X2A25,WT,A,F,,,,,P1D,,,,"ESA 2010 Sectors: S.121, S.122, S.123, S.124, S.125, S.126, S.127, S.128, S.129",,3,,,,,A,Euro short-term rate,"Euro short-term rate, Volume-weighted trimmed mean rate - Unsecured - Overnight - Borrowing - Financial corporations",,PC,0,1.5,True,-9.699999999999998,-9.615000000000002,0.43640480352804484,-0.1947732914780649,False,Normal transmission
2022-12-16,1.402,EST.B.EU000A2X2A25.WT,B,EU000A2X2A25,WT,A,F,,,,,P1D,,,,"ESA 2010 Sectors: S.121, S.122, S.123, S.124, S.125, S.126, S.127, S.128, S.129",,3,,,,,A,Euro short-term rate,"Euro short-term rate, Volume-weighted trimmed mean rate - Unsecured - Overnight - Borrowing - Financial corporations",,PC,0,1.5,True,-9.800000000000008,-9.631666666666668,0.42366106803074277,-0.3973301915981694,False,Normal transmission
2022-12-19,1.403,EST.B.EU000A2X2A25.WT,B,EU000A2X2A25,WT,A,F,,,,,P1D,,,,"ESA 2010 Sectors: S.121, S.122, S.123, S.124, S.125, S.126, S.127, S.128, S.129",,3,,,,,A,Euro short-term rate,"Euro short-term rate, Volume-weighted trimmed mean rate - Unsecured - Overnight - Borrowing - Financial corporations",,PC,0,1.5,True,-9.699999999999998,-9.648333333333335,0.4056765291801595,-0.1273592701334647,False,Normal transmission
2022-12-20,1.403,EST.B.EU000A2X2A25.WT,B,EU000A2X2A25,WT,A,F,,,,,P1D,,,,"ESA 2010 Sectors: S.121, S.122, S.123, S.124, S.125, S.126, S.127, S.128, S.129",,3,,,,,A,Euro short-term rate,"Euro short-term rate, Volume-weighted trimmed mean rate - Unsecured - Overnight - Borrowing - Financial corporations",,PC,0,1.5,True,-9.699999999999998,-9.663333333333334,0.3901180467441321,-0.09398864516183789,False,Normal transmission
2022-12-21,1.902,EST.B.EU000A2X2A25.WT,B,EU000A2X2A25,WT,A,F,,,,,P1D,,,,"ESA 2010 Sectors: S.121, S.122, S.123, S.124, S.125, S.126, S.127, S.128, S.129",,3,,,,,A,Euro short-term rate,"Euro short-term rate, Volume-weighted trimmed mean rate - Unsecured - Overnight - Borrowing - Financial corporations",,PC,0,2.0,True,-9.800000000000008,-9.680000000000001,0.3736217610618511,-0.3211804356870449,False,Normal transmission
2022-12-22,1.904,EST.B.EU000A2X2A25.WT,B,EU000A2X2A25,WT,A,F,,,,,P1D,,,,"ESA 2010 Sectors: S.121, S.122, S.123, S.124, S.125, S.126, S.127, S.128, S.129",,3,,,,,A,Euro short-term rate,"Euro short-term rate, Volume-weighted trimmed mean rate - Unsecured - Overnight - Borrowing - Financial corporations",,PC,0,2.0,True,-9.600000000000009,-9.691666666666668,0.3595155246013082,0.2549727630491485,False,Normal transmission
2022-12-23,1.907,EST.B.EU000A2X2A25.WT,B,EU000A2X2A25,WT,A,F,,,,,P1D,,,,"ESA 2010 Sectors: S.121, S.122, S.123, S.124, S.125, S.126, S.127, S.128, S.129",,3,,,,,A,Euro short-term rate,"Euro short-term rate, Volume-weighted trimmed mean rate - Unsecured - Overnight - Borrowing - Financial corporations",,PC,0,2.0,True,-9.299999999999997,-9.666666666666668,0.3322581529864468,1.1035595767054887,False,Normal transmission
2022-12-27,1.906,EST.B.EU000A2X2A25.WT,B,EU000A2X2A25,WT,A,F,,,,,P1D,,,,"ESA 2010 Sectors: S.121, S.122, S.123, S.124, S.125, S.126, S.127, S.128, S.129",,3,,,,,A,Euro short-term rate,"Euro short-term rate, Volume-weighted trimmed mean rate - Unsecured - Overnight - Borrowing - Financial corporations",,PC,0,2.0,True,-9.40000000000001,-9.666666666666668,0.3322581529864466,0.8025887830585046,False,Normal transmission
2022-12-28,1.906,EST.B.EU000A2X2A25.WT,B,EU000A2X2A25,WT,A,F,,,,,P1D,,,,"ESA 2010 Sectors: S.121, S.122, S.123, S.124, S.125, S.126, S.127, S.128, S.129",,3,,,,,A,Euro short-term rate,"Euro short-term rate, Volume-weighted trimmed mean rate - Unsecured - Overnight - Borrowing - Financial corporations",,PC,0,2.0,True,-9.40000000000001,-9.668333333333333,0.3306345551201872,0.8115707483622919,False,Normal transmission
2022-12-29,1.905,EST.B.EU000A2X2A25.WT,B,EU000A2X2A25,WT,A,F,,,,,P1D,,,,"ESA 2010 Sectors: S.121, S.122, S.123, S.124, S.125, S.126, S.127, S.128, S.129",,3,,,,,A,Euro short-term rate,"Euro short-term rate, Volume-weighted trimmed mean rate - Unsecured - Overnight - Borrowing - Financial corporations",,PC,0,2.0,True,-9.499999999999996,-9.663333333333334,0.3308779623799035,0.4936361798124332,False,Normal transmission
2022-12-30,1.89,EST.B.EU000A2X2A25.WT,B,EU000A2X2A25,WT,A,F,,,,,P1D,,,,"ESA 2010 Sectors: S.121, S.122, S.123, S.124, S.125, S.126, S.127, S.128, S.129",,3,,,,,A,Euro short-term rate,"Euro short-term rate, Volume-weighted trimmed mean rate - Unsecured - Overnight - Borrowing - Financial corporations",,PC,0,2.0,True,-11.00000000000001,-9.688333333333336,0.3723911132705957,-3.522282406652277,True,Unusually below policy rate
2023-01-02,1.906,EST.B.EU000A2X2A25.WT,B,EU000A2X2A25,WT,A,F,,,,,P1D,,,,"ESA 2010 Sectors: S.121, S.122, S.123, S.124, S.125, S.126, S.127, S.128, S.129",,3,,,,,A,Euro short-term rate,"Euro short-term rate, Volume-weighted trimmed mean rate - Unsecured - Overnight - Borrowing - Financial corporations",,PC,0,2.0,True,-9.40000000000001,-9.688333333333336,0.37239111327059554,0.7742755480950787,False,Normal transmission
2023-01-03,1.904,EST.B.EU000A2X2A25.WT,B,EU000A2X2A25,WT,A,F,,,,,P1D,,,,"ESA 2010 Sectors: S.121, S.122, S.123, S.124, S.125, S.126, S.127, S.128, S.129",,3,,,,,A,Euro short-term rate,"Euro short-term rate, Volume-weighted trimmed mean rate - Unsecured - Overnight - Borrowing - Financial corporations",,PC,0,2.0,True,-9.600000000000009,-9.690000000000003,0.3717571651367113,0.24209351813541402,False,Normal transmission
2023-01-04,1.904,EST.B.EU000A2X2A25.WT,B,EU000A2X2A25,WT,A,F,,,,,P1D,,,,"ESA 2010 Sectors: S.121, S.122, S.123, S.124, S.125, S.126, S.127, S.128, S.129",,3,,,,,A,Euro short-term rate,"Euro short-term rate, Volume-weighted trimmed mean rate - Unsecured - Overnight - Borrowing - Financial corporations",,PC,0,2.0,True,-9.600000000000009,-9.695000000000002,0.3684254173310638,0.25785408804905385,False,Normal transmission
2023-01-05,1.9,EST.B.EU000A2X2A25.WT,B,EU000A2X2A25,WT,A,F,,,,,P1D,,,,"ESA 2010 Sectors: S.121, S.122, S.123, S.124, S.125, S.126, S.127, S.128, S.129",,3,,,,,A,Euro short-term rate,"Euro short-term rate, Volume-weighted trimmed mean rate - Unsecured - Overnight - Borrowing - Financial corporations",,PC,0,2.0,True,-10.000000000000009,-9.708333333333337,0.36466453897887496,-0.7998218512921205,False,Normal transmission
2023-01-06,1.898,EST.B.EU000A2X2A25.WT,B,EU000A2X2A25,WT,A,F,,,,,P1D,,,,"ESA 2010 Sectors: S.121, S.122, S.123, S.124, S.125, S.126, S.127, S.128, S.129",,3,,,,,A,Euro short-term rate,"Euro short-term rate, Volume-weighted trimmed mean rate - Unsecured - Overnight - Borrowing - Financial corporations",,PC,0,2.0,True,-10.20000000000001,-9.725000000000001,0.3638890685872035,-1.3053428668362927,False,Normal transmission
2023-01-09,1.9,EST.B.EU000A2X2A25.WT,B,EU000A2X2A25,WT,A,F,,,,,P1D,,,,"ESA 2010 Sectors: S.121, S.122, S.123, S.124, S.125, S.126, S.127, S.128, S.129",,3,,,,,A,Euro short-term rate,"Euro short-term rate, Volume-weighted trimmed mean rate - Unsecured - Overnight - Borrowing - Financial corporations",,PC,0,2.0,True,-10.000000000000009,-9.73666666666667,0.36124392748005735,-0.7289626573664035,False,Normal transmission
2023-01-10,1.9,EST.B.EU000A2X2A25.WT,B,EU000A2X2A25,WT,A,F,,,,,P1D,,,,"ESA 2010 Sectors: S.121, S.122, S.123, S.124, S.125, S.126, S.127, S.128, S.129",,3,,,,,A,Euro short-term rate,"Euro short-term rate, Volume-weighted trimmed mean rate - Unsecured - Overnight - Borrowing - Financial corporations",,PC,0,2.0,True,-10.000000000000009,-9.750000000000002,0.35582322786954057,-0.7025960657398886,False,Normal transmission
2023-01-11,1.9,EST.B.EU000A2X2A25.WT,B,EU000A2X2A25,WT,A,F,,,,,P1D,,,,"ESA 2010 Sectors: S.121, S.122, S.123, S.124, S.125, S.126, S.127, S.128, S.129",,3,,,,,A,Euro short-term rate,"Euro short-term rate, Volume-weighted trimmed mean rate - Unsecured - Overnight - Borrowing - Financial corporations",,PC,0,2.0,True,-10.000000000000009,-9.761666666666672,0.3522766953070701,-0.6765515190426891,False,Normal transmission
2023-01-12,1.9,EST.B.EU000A2X2A25.WT,B,EU000A2X2A25,WT,A,F,,,,,P1D,,,,"ESA 2010 Sectors: S.121, S.122, S.123, S.124, S.125, S.126, S.127, S.128, S.129",,3,,,,,A,Euro short-term rate,"Euro short-term rate, Volume-weighted trimmed mean rate - Unsecured - Overnight - Borrowing - Financial corporations",,PC,0,2.0,True,-10.000000000000009,-9.771666666666672,0.3503468821797622,-0.651735023051182,False,Normal transmission
2023-01-13,1.901,EST.B.EU000A2X2A25.WT,B,EU000A2X2A25,WT,A,F,,,,,P1D,,,,"ESA 2010 Sectors: S.121, S.122, S.123, S.124, S.125, S.126, S.127, S.128, S.129",,3,,,,,A,Euro short-term rate,"Euro short-term rate, Volume-weighted trimmed mean rate - Unsecured - Overnight - Borrowing - Financial corporations",,PC,0,2.0,True,-9.899999999999999,-9.780000000000005,0.3472897486127367,-0.34553280216113164,False,Normal transmission
2023-01-16,1.902,EST.B.EU000A2X2A25.WT,B,EU000A2X2A25,WT,A,F,,,,,P1D,,,,"ESA 2010 Sectors: S.121, S.122, S.123, S.124, S.125, S.126, S.127, S.128, S.129",,3,,,,,A,Euro short-term rate,"Euro short-term rate, Volume-weighted trimmed mean rate - Unsecured - Overnight - Borrowing - Financial corporations",,PC,0,2.0,True,-9.800000000000008,-9.788333333333336,0.3415278069759843,-0.03416022481440999,False,Normal transmission
2023-01-17,1.901,EST.B.EU000A2X2A25.WT,B,EU000A2X2A25,WT,A,F,,,,,P1D,,,,"ESA 2010 Sectors: S.121, S.122, S.123, S.124, S.125, S.126, S.127, S.128, S.129",,3,,,,,A,Euro short-term rate,"Euro short-term rate, Volume-weighted trimmed mean rate - Unsecured - Overnight - Borrowing - Financial corporations",,PC,0,2.0,True,-9.899999999999999,-9.800000000000004,0.3329376182216275,-0.30035656689724693,False,Normal transmission
2023-01-18,1.902,EST.B.EU000A2X2A25.WT,B,EU000A2X2A25,WT,A,F,,,,,P1D,,,,"ESA 2010 Sectors: S.121, S.122, S.123, S.124, S.125, S.126, S.127, S.128, S.129",,3,,,,,A,Euro short-term rate,"Euro short-term rate, Volume-weighted trimmed mean rate - Unsecured - Overnight - Borrowing - Financial corporations",,PC,0,2.0,True,-9.800000000000008,-9.80666666666667,0.3287710380799945,0.020277536323136492,False,Normal transmission
2023-01-19,1.903,EST.B.EU000A2X2A25.WT,B,EU000A2X2A25,WT,A,F,,,,,P1D,,,,"ESA 2010 Sectors: S.121, S.122, S.123, S.124, S.125, S.126, S.127, S.128, S.129",,3,,,,,A,Euro short-term rate,"Euro short-term rate, Volume-weighted trimmed mean rate - Unsecured - Overnight - Borrowing - Financial corporations",,PC,0,2.0,True,-9.699999999999998,-9.811666666666671,0.32473805175842574,0.3438668984494089,False,Normal transmission
2023-01-20,1.903,EST.B.EU000A2X2A25.WT,B,EU000A2X2A25,WT,A,F,,,,,P1D,,,,"ESA 2010 Sectors: S.121, S.122, S.123, S.124, S.125, S.126, S.127, S.128, S.129",,3,,,,,A,Euro short-term rate,"Euro short-term rate, Volume-weighted trimmed mean rate - Unsecured - Overnight - Borrowing - Financial corporations",,PC,0,2.0,True,-9.699999999999998,-9.818333333333337,0.3180937217537934,0.3720077613632694,False,Normal transmission
2023-01-23,1.902,EST.B.EU000A2X2A25.WT,B,EU000A2X2A25,WT,A,F,,,,,P1D,,,,"ESA 2010 Sectors: S.121, S.122, S.123, S.124, S.125, S.126, S.127, S.128, S.129",,3,,,,,A,Euro short-term rate,"Euro short-term rate, Volume-weighted trimmed mean rate - Unsecured - Overnight - Borrowing - Financial corporations",,PC,0,2.0,True,-9.800000000000008,-9.825000000000006,0.31333363385003105,0.0797871575190175,False,Normal transmission
2023-01-24,1.904,EST.B.EU000A2X2A25.WT,B,EU000A2X2A25,WT,A,F,,,,,P1D,,,,"ESA 2010 Sectors: S.121, S.122, S.123, S.124, S.125, S.126, S.127, S.128, S.129",,3,,,,,A,Euro short-term rate,"Euro short-term rate, Volume-weighted trimmed mean rate - Unsecured - Overnight - Borrowing - Financial corporations",,PC,0,2.0,True,-9.600000000000009,-9.815000000000003,0.3107263224408223,0.6919272184960809,False,Normal transmission
2023-01-25,1.904,EST.B.EU000A2X2A25.WT,B,EU000A2X2A25,WT,A,F,,,,,P1D,,,,"ESA 2010 Sectors: S.121, S.122, S.123, S.124, S.125, S.126, S.127, S.128, S.129",,3,,,,,A,Euro short-term rate,"Euro short-term rate, Volume-weighted trimmed mean rate - Unsecured - Overnight - Borrowing - Financial corporations",,PC,0,2.0,True,-9.600000000000009,-9.823333333333336,0.2976556232569234,0.7503077915667521,False,Normal transmission
2023-01-26,1.904,EST.B.EU000A2X2A25.WT,B,EU000A2X2A25,WT,A,F,,,,,P1D,,,,"ESA 2010 Sectors: S.121, S.122, S.123, S.124, S.125, S.126, S.127, S.128, S.129",,3,,,,,A,Euro short-term rate,"Euro short-term rate, Volume-weighted trimmed mean rate - Unsecured - Overnight - Borrowing - Financial corporations",,PC,0,2.0,True,-9.600000000000009,-9.82166666666667,0.29863626005423277,0.7422630682101606,False,Normal transmission
2023-01-27,1.906,EST.B.EU000A2X2A25.WT,B,EU000A2X2A25,WT,A,F,,,,,P1D,,,,"ESA 2010 Sectors: S.121, S.122, S.123, S.124, S.125, S.126, S.127, S.128, S.129",,3,,,,,A,Euro short-term rate,"Euro short-term rate, Volume-weighted trimmed mean rate - Unsecured - Overnight - Borrowing - Financial corporations",,PC,0,2.0,True,-9.40000000000001,-9.81666666666667,0.3031846037561483,1.3743002167807512,False,Normal transmission
2023-01-30,1.904,EST.B.EU000A2X2A25.WT,B,EU000A2X2A25,WT,A,F,,,,,P1D,,,,"ESA 2010 Sectors: S.121, S.122, S.123, S.124, S.125, S.126, S.127, S.128, S.129",,3,,,,,A,Euro short-term rate,"Euro short-term rate, Volume-weighted trimmed mean rate - Unsecured - Overnight - Borrowing - Financial corporations",,PC,0,2.0,True,-9.600000000000009,-9.811666666666671,0.30425884757497873,0.6956795779439127,False,Normal transmission
2023-01-31,1.894,EST.B.EU000A2X2A25.WT,B,EU000A2X2A25,WT,A,F,,,,,P1D,,,,"ESA 2010 Sectors: S.121, S.122, S.123, S.124, S.125, S.126, S.127, S.128, S.129",,3,,,,,A,Euro short-term rate,"Euro short-term rate, Volume-weighted trimmed mean rate - Unsecured - Overnight - Borrowing - Financial corporations",,PC,0,2.0,True,-10.600000000000009,-9.82166666666667,0.3200061793188222,-2.432244699118401,True,Unusually below policy rate
2023-02-01,1.901,EST.B.EU000A2X2A25.WT,B,EU000A2X2A25,WT,A,F,,,,,P1D,,,,"ESA 2010 Sectors: S.121, S.122, S.123, S.124, S.125, S.126, S.127, S.128, S.129",,3,,,,,A,Euro short-term rate,"Euro short-term rate, Volume-weighted trimmed mean rate - Unsecured - Overnight - Borrowing - Financial corporations",,PC,0,2.0,True,-9.899999999999999,-9.820000000000004,0.31932131418821,-0.25053135022750855,False,Normal transmission
2023-02-02,1.902,EST.B.EU000A2X2A25.WT,B,EU000A2X2A25,WT,A,F,,,,,P1D,,,,"ESA 2010 Sectors: S.121, S.122, S.123, S.124, S.125, S.126, S.127, S.128, S.129",,3,,,,,A,Euro short-term rate,"Euro short-term rate, Volume-weighted trimmed mean rate - Unsecured - Overnight - Borrowing - Financial corporations",,PC,0,2.0,True,-9.800000000000008,-9.816666666666672,0.3184531823965674,0.05233631688412228,False,Normal transmission
2023-02-03,1.898,EST.B.EU000A2X2A25.WT,B,EU000A2X2A25,WT,A,F,,,,,P1D,,,,"ESA 2010 Sectors: S.121, S.122, S.123, S.124, S.125, S.126, S.127, S.128, S.129",,3,,,,,A,Euro short-term rate,"Euro short-term rate, Volume-weighted trimmed mean rate - Unsecured - Overnight - Borrowing - Financial corporations",,PC,0,2.0,True,-10.20000000000001,-9.82333333333334,0.32226248206175506,-1.1688194798750726,False,Normal transmission
2023-02-06,1.901,EST.B.EU000A2X2A25.WT,B,EU000A2X2A25,WT,A,F,,,,,P1D,,,,"ESA 2010 Sectors: S.121, S.122, S.123, S.124, S.125, S.126, S.127, S.128, S.129",,3,,,,,A,Euro short-term rate,"Euro short-term rate, Volume-weighted trimmed mean rate - Unsecured - Overnight - Borrowing - Financial corporations",,PC,0,2.0,True,-9.899999999999999,-9.828333333333338,0.32106373339872085,-0.22321632502061234,False,Normal transmission
2023-02-07,1.902,EST.B.EU000A2X2A25.WT,B,EU000A2X2A25,WT,A,F,,,,,P1D,,,,"ESA 2010 Sectors: S.121, S.122, S.123, S.124, S.125, S.126, S.127, S.128, S.129",,3,,,,,A,Euro short-term rate,"Euro short-term rate, Volume-weighted trimmed mean rate - Unsecured - Overnight - Borrowing - Financial corporations",,PC,0,2.0,True,-9.800000000000008,-9.826666666666672,0.3209449325312433,0.08308798165575582,False,Normal transmission
2023-02-08,2.401,EST.B.EU000A2X2A25.WT,B,EU000A2X2A25,WT,A,F,,,,,P1D,,,,"ESA 2010 Sectors: S.121, S.122, S.123, S.124, S.125, S.126, S.127, S.128, S.129",,3,,,,,A,Euro short-term rate,"Euro short-term rate, Volume-weighted trimmed mean rate - Unsecured - Overnight - Borrowing - Financial corporations",,PC,0,2.5,True,-9.90000000000002,-9.825000000000006,0.3202885351720884,-0.23416386090659355,False,Normal transmission
2023-02-09,2.401,EST.B.EU000A2X2A25.WT,B,EU000A2X2A25,WT,A,F,,,,,P1D,,,,"ESA 2010 Sectors: S.121, S.122, S.123, S.124, S.125, S.126, S.127, S.128, S.129",,3,,,,,A,Euro short-term rate,"Euro short-term rate, Volume-weighted trimmed mean rate - Unsecured - Overnight - Borrowing - Financial corporations",,PC,0,2.5,True,-9.90000000000002,-9.825000000000006,0.3202885351720885,-0.23416386090659347,False,Normal transmission
2023-02-10,2.401,EST.B.EU000A2X2A25.WT,B,EU000A2X2A25,WT,A,F,,,,,P1D,,,,"ESA 2010 Sectors: S.121, S.122, S.123, S.124, S.125, S.126, S.127, S.128, S.129",,3,,,,,A,Euro short-term rate,"Euro short-term rate, Volume-weighted trimmed mean rate - Unsecured - Overnight - Borrowing - Financial corporations",,PC,0,2.5,True,-9.90000000000002,-9.826666666666672,0.32041639575189806,-0.2288688541086117,False,Normal transmission
2023-02-13,2.4,EST.B.EU000A2X2A25.WT,B,EU000A2X2A25,WT,A,F,,,,,P1D,,,,"ESA 2010 Sectors: S.121, S.122, S.123, S.124, S.125, S.126, S.127, S.128, S.129",,3,,,,,A,Euro short-term rate,"Euro short-term rate, Volume-weighted trimmed mean rate - Unsecured - Overnight - Borrowing - Financial corporations",,PC,0,2.5,True,-10.000000000000009,-9.831666666666672,0.3207468333022424,-0.5248168207937213,False,Normal transmission
2023-02-14,2.4,EST.B.EU000A2X2A25.WT,B,EU000A2X2A25,WT,A,F,,,,,P1D,,,,"ESA 2010 Sectors: S.121, S.122, S.123, S.124, S.125, S.126, S.127, S.128, S.129",,3,,,,,A,Euro short-term rate,"Euro short-term rate, Volume-weighted trimmed mean rate - Unsecured - Overnight - Borrowing - Financial corporations",,PC,0,2.5,True,-10.000000000000009,-9.836666666666673,0.3209977383449436,-0.5088301686344533,False,Normal transmission
2023-02-15,2.405,EST.B.EU000A2X2A25.WT,B,EU000A2X2A25,WT,A,F,,,,,P1D,,,,"ESA 2010 Sectors: S.121, S.122, S.123, S.124, S.125, S.126, S.127, S.128, S.129",,3,,,,,A,Euro short-term rate,"Euro short-term rate, Volume-weighted trimmed mean rate - Unsecured - Overnight - Borrowing - Financial corporations",,PC,0,2.5,True,-9.50000000000002,-9.835000000000006,0.3225034489369704,1.0387485811522548,False,Normal transmission
2023-02-16,2.4,EST.B.EU000A2X2A25.WT,B,EU000A2X2A25,WT,A,F,,,,,P1D,,,,"ESA 2010 Sectors: S.121, S.122, S.123, S.124, S.125, S.126, S.127, S.128, S.129",,3,,,,,A,Euro short-term rate,"Euro short-term rate, Volume-weighted trimmed mean rate - Unsecured - Overnight - Borrowing - Financial corporations",,PC,0,2.5,True,-10.000000000000009,-9.843333333333339,0.3201518001530095,-0.48935119712522146,False,Normal transmission
2023-02-17,2.398,EST.B.EU000A2X2A25.WT,B,EU000A2X2A25,WT,A,F,,,,,P1D,,,,"ESA 2010 Sectors: S.121, S.122, S.123, S.124, S.125, S.126, S.127, S.128, S.129",,3,,,,,A,Euro short-term rate,"Euro short-term rate, Volume-weighted trimmed mean rate - Unsecured - Overnight - Borrowing - Financial corporations",,PC,0,2.5,True,-10.199999999999987,-9.855000000000008,0.32018268090655894,-1.0775098734983202,False,Normal transmission
2023-02-20,2.4,EST.B.EU000A2X2A25.WT,B,EU000A2X2A25,WT,A,F,,,,,P1D,,,,"ESA 2010 Sectors: S.121, S.122, S.123, S.124, S.125, S.126, S.127, S.128, S.129",,3,,,,,A,Euro short-term rate,"Euro short-term rate, Volume-weighted trimmed mean rate - Unsecured - Overnight - Borrowing - Financial corporations",,PC,0,2.5,True,-10.000000000000009,-9.860000000000007,0.32006355301107076,-0.4374131283706641,False,Normal transmission
2023-02-21,2.398,EST.B.EU000A2X2A25.WT,B,EU000A2X2A25,WT,A,F,,,,,P1D,,,,"ESA 2010 Sectors: S.121, S.122, S.123, S.124, S.125, S.126, S.127, S.128, S.129",,3,,,,,A,Euro short-term rate,"Euro short-term rate, Volume-weighted trimmed mean rate - Unsecured - Overnight - Borrowing - Financial corporations",,PC,0,2.5,True,-10.199999999999987,-9.86833333333334,0.32232821816582713,-1.0289718615204084,False,Normal transmission
2023-02-22,2.399,EST.B.EU000A2X2A25.WT,B,EU000A2X2A25,WT,A,F,,,,,P1D,,,,"ESA 2010 Sectors: S.121, S.122, S.123, S.124, S.125, S.126, S.127, S.128, S.129",,3,,,,,A,Euro short-term rate,"Euro short-term rate, Volume-weighted trimmed mean rate - Unsecured - Overnight - Borrowing - Financial corporations",,PC,0,2.5,True,-10.099999999999998,-9.87333333333334,0.32357466676444185,-0.7005080741740146,False,Normal transmission
2023-02-23,2.399,EST.B.EU000A2X2A25.WT,B,EU000A2X2A25,WT,A,F,,,,,P1D,,,,"ESA 2010 Sectors: S.121, S.122, S.123, S.124, S.125, S.126, S.127, S.128, S.129",,3,,,,,A,Euro short-term rate,"Euro short-term rate, Volume-weighted trimmed mean rate - Unsecured - Overnight - Borrowing - Financial corporations",,PC,0,2.5,True,-10.099999999999998,-9.860000000000007,0.29584695997894284,-0.8112302388271069,False,Normal transmission
2023-02-24,2.398,EST.B.EU000A2X2A25.WT,B,EU000A2X2A25,WT,A,F,,,,,P1D,,,,"ESA 2010 Sectors: S.121, S.122, S.123, S.124, S.125, S.126, S.127, S.128, S.129",,3,,,,,A,Euro short-term rate,"Euro short-term rate, Volume-weighted trimmed mean rate - Unsecured - Overnight - Borrowing - Financial corporations",,PC,0,2.5,True,-10.199999999999987,-9.86333333333334,0.298565307659516,-1.1276148233892642,False,Normal transmission
2023-02-27,2.398,EST.B.EU000A2X2A25.WT,B,EU000A2X2A25,WT,A,F,,,,,P1D,,,,"ESA 2010 Sectors: S.121, S.122, S.123, S.124, S.125, S.126, S.127, S.128, S.129",,3,,,,,A,Euro short-term rate,"Euro short-term rate, Volume-weighted trimmed mean rate - Unsecured - Overnight - Borrowing - Financial corporations",,PC,0,2.5,True,-10.199999999999987,-9.866666666666672,0.3012216182095903,-1.1066049485909764,False,Normal transmission
2023-02-28,2.388,EST.B.EU000A2X2A25.WT,B,EU000A2X2A25,WT,A,F,,,,,P1D,,,,"ESA 2010 Sectors: S.121, S.122, S.123, S.124, S.125, S.126, S.127, S.128, S.129",,3,,,,,A,Euro short-term rate,"Euro short-term rate, Volume-weighted trimmed mean rate - Unsecured - Overnight - Borrowing - Financial corporations",,PC,0,2.5,True,-11.20000000000001,-9.883333333333338,0.3445294834578302,-3.821637130883835,True,Unusually below policy rate
2023-03-01,2.398,EST.B.EU000A2X2A25.WT,B,EU000A2X2A25,WT,A,F,,,,,P1D,,,,"ESA 2010 Sectors: S.121, S.122, S.123, S.124, S.125, S.126, S.127, S.128, S.129",,3,,,,,A,Euro short-term rate,"Euro short-term rate, Volume-weighted trimmed mean rate - Unsecured - Overnight - Borrowing - Financial corporations",,PC,0,2.5,True,-10.199999999999987,-9.896666666666674,0.3409690411248757,-0.8896213343375687,False,Normal transmission
2023-03-02,2.399,EST.B.EU000A2X2A25.WT,B,EU000A2X2A25,WT,A,F,,,,,P1D,,,,"ESA 2010 Sectors: S.121, S.122, S.123, S.124, S.125, S.126, S.127, S.128, S.129",,3,,,,,A,Euro short-term rate,"Euro short-term rate, Volume-weighted trimmed mean rate - Unsecured - Overnight - Borrowing - Financial corporations",,PC,0,2.5,True,-10.099999999999998,-9.896666666666672,0.3409690411248757,-0.5963395757647619,False,Normal transmission
2023-03-03,2.4,EST.B.EU000A2X2A25.WT,B,EU000A2X2A25,WT,A,F,,,,,P1D,,,,"ESA 2010 Sectors: S.121, S.122, S.123, S.124, S.125, S.126, S.127, S.128, S.129",,3,,,,,A,Euro short-term rate,"Euro short-term rate, Volume-weighted trimmed mean rate - Unsecured - Overnight - Borrowing - Financial corporations",,PC,0,2.5,True,-10.000000000000009,-9.896666666666672,0.3409690411248757,-0.30305781719194996,False,Normal transmission
2023-03-06,2.399,EST.B.EU000A2X2A25.WT,B,EU000A2X2A25,WT,A,F,,,,,P1D,,,,"ESA 2010 Sectors: S.121, S.122, S.123, S.124, S.125, S.126, S.127, S.128, S.129",,3,,,,,A,Euro short-term rate,"Euro short-term rate, Volume-weighted trimmed mean rate - Unsecured - Overnight - Borrowing - Financial corporations",,PC,0,2.5,True,-10.099999999999998,-9.898333333333339,0.34172625909953047,-0.5901409718938868,False,Normal transmission
2023-03-07,2.398,EST.B.EU000A2X2A25.WT,B,EU000A2X2A25,WT,A,F,,,,,P1D,,,,"ESA 2010 Sectors: S.121, S.122, S.123, S.124, S.125, S.126, S.127, S.128, S.129",,3,,,,,A,Euro short-term rate,"Euro short-term rate, Volume-weighted trimmed mean rate - Unsecured - Overnight - Borrowing - Financial corporations",,PC,0,2.5,True,-10.199999999999987,-9.901666666666673,0.3437044782390084,-0.8679937336337423,False,Normal transmission
2023-03-08,2.399,EST.B.EU000A2X2A25.WT,B,EU000A2X2A25,WT,A,F,,,,,P1D,,,,"ESA 2010 Sectors: S.121, S.122, S.123, S.124, S.125, S.126, S.127, S.128, S.129",,3,,,,,A,Euro short-term rate,"Euro short-term rate, Volume-weighted trimmed mean rate - Unsecured - Overnight - Borrowing - Financial corporations",,PC,0,2.5,True,-10.099999999999998,-9.903333333333336,0.344431079261946,-0.570989897566977,False,Normal transmission
2023-03-09,2.401,EST.B.EU000A2X2A25.WT,B,EU000A2X2A25,WT,A,F,,,,,P1D,,,,"ESA 2010 Sectors: S.121, S.122, S.123, S.124, S.125, S.126, S.127, S.128, S.129",,3,,,,,A,Euro short-term rate,"Euro short-term rate, Volume-weighted trimmed mean rate - Unsecured - Overnight - Borrowing - Financial corporations",,PC,0,2.5,True,-9.90000000000002,-9.905000000000005,0.3441644266078931,0.014527939593481868,False,Normal transmission
2023-03-10,2.403,EST.B.EU000A2X2A25.WT,B,EU000A2X2A25,WT,A,F,,,,,P1D,,,,"ESA 2010 Sectors: S.121, S.122, S.123, S.124, S.125, S.126, S.127, S.128, S.129",,3,,,,,A,Euro short-term rate,"Euro short-term rate, Volume-weighted trimmed mean rate - Unsecured - Overnight - Borrowing - Financial corporations",,PC,0,2.5,True,-9.699999999999998,-9.905000000000003,0.3441644266078931,0.5956455233345836,False,Normal transmission
2023-03-13,2.401,EST.B.EU000A2X2A25.WT,B,EU000A2X2A25,WT,A,F,,,,,P1D,,,,"ESA 2010 Sectors: S.121, S.122, S.123, S.124, S.125, S.126, S.127, S.128, S.129",,3,,,,,A,Euro short-term rate,"Euro short-term rate, Volume-weighted trimmed mean rate - Unsecured - Overnight - Borrowing - Financial corporations",,PC,0,2.5,True,-9.90000000000002,-9.906666666666672,0.34388935285294403,0.019386080468453935,False,Normal transmission
2023-03-14,2.401,EST.B.EU000A2X2A25.WT,B,EU000A2X2A25,WT,A,F,,,,,P1D,,,,"ESA 2010 Sectors: S.121, S.122, S.123, S.124, S.125, S.126, S.127, S.128, S.129",,3,,,,,A,Euro short-term rate,"Euro short-term rate, Volume-weighted trimmed mean rate - Unsecured - Overnight - Borrowing - Financial corporations",,PC,0,2.5,True,-9.90000000000002,-9.910000000000004,0.34281981233408954,0.029169842699285013,False,Normal transmission
2023-03-15,2.4,EST.B.EU000A2X2A25.WT,B,EU000A2X2A25,WT,A,F,,,,,P1D,,,,"ESA 2010 Sectors: S.121, S.122, S.123, S.124, S.125, S.126, S.127, S.128, S.129",,3,,,,,A,Euro short-term rate,"Euro short-term rate, Volume-weighted trimmed mean rate - Unsecured - Overnight - Borrowing - Financial corporations",,PC,0,2.5,True,-10.000000000000009,-9.915000000000004,0.34189154787511383,-0.24861685095255182,False,Normal transmission
2023-03-16,2.399,EST.B.EU000A2X2A25.WT,B,EU000A2X2A25,WT,A,F,,,,,P1D,,,,"ESA 2010 Sectors: S.121, S.122, S.123, S.124, S.125, S.126, S.127, S.128, S.129",,3,,,,,A,Euro short-term rate,"Euro short-term rate, Volume-weighted trimmed mean rate - Unsecured - Overnight - Borrowing - Financial corporations",,PC,0,2.5,True,-10.099999999999998,-9.920000000000005,0.34237455948568574,-0.5257399973595824,False,Normal transmission
2023-03-17,2.402,EST.B.EU000A2X2A25.WT,B,EU000A2X2A25,WT,A,F,,,,,P1D,,,,"ESA 2010 Sectors: S.121, S.122, S.123, S.124, S.125, S.126, S.127, S.128, S.129",,3,,,,,A,Euro short-term rate,"Euro short-term rate, Volume-weighted trimmed mean rate - Unsecured - Overnight - Borrowing - Financial corporations",,PC,0,2.5,True,-9.799999999999986,-9.923333333333337,0.3401727709918305,0.3625608627455746,False,Normal transmission
2023-03-20,2.398,EST.B.EU000A2X2A25.WT,B,EU000A2X2A25,WT,A,F,,,,,P1D,,,,"ESA 2010 Sectors: S.121, S.122, S.123, S.124, S.125, S.126, S.127, S.128, S.129",,3,,,,,A,Euro short-term rate,"Euro short-term rate, Volume-weighted trimmed mean rate - Unsecured - Overnight - Borrowing - Financial corporations",,PC,0,2.5,True,-10.199999999999987,-9.938333333333338,0.33196470440653386,-0.78823640945335,False,Normal transmission
2023-03-21,2.399,EST.B.EU000A2X2A25.WT,B,EU000A2X2A25,WT,A,F,,,,,P1D,,,,"ESA 2010 Sectors: S.121, S.122, S.123, S.124, S.125, S.126, S.127, S.128, S.129",,3,,,,,A,Euro short-term rate,"Euro short-term rate, Volume-weighted trimmed mean rate - Unsecured - Overnight - Borrowing - Financial corporations",,PC,0,2.5,True,-10.099999999999998,-9.950000000000006,0.3249511045356653,-0.4616079093324888,False,Normal transmission
2023-03-22,2.898,EST.B.EU000A2X2A25.WT,B,EU000A2X2A25,WT,A,F,,,,,P1D,,,,"ESA 2010 Sectors: S.121, S.122, S.123, S.124, S.125, S.126, S.127, S.128, S.129",,3,,,,,A,Euro short-term rate,"Euro short-term rate, Volume-weighted trimmed mean rate - Unsecured - Overnight - Borrowing - Financial corporations",,PC,0,3.0,True,-10.199999999999987,-9.963333333333338,0.31834671785386304,-0.7434242396533529,False,Normal transmission
2023-03-23,2.899,EST.B.EU000A2X2A25.WT,B,EU000A2X2A25,WT,A,F,,,,,P1D,,,,"ESA 2010 Sectors: S.121, S.122, S.123, S.124, S.125, S.126, S.127, S.128, S.129",,3,,,,,A,Euro short-term rate,"Euro short-term rate, Volume-weighted trimmed mean rate - Unsecured - Overnight - Borrowing - Financial corporations",,PC,0,3.0,True,-10.099999999999998,-9.973333333333338,0.3129231598248481,-0.4047852090511892,False,Normal transmission
2023-03-24,2.899,EST.B.EU000A2X2A25.WT,B,EU000A2X2A25,WT,A,F,,,,,P1D,,,,"ESA 2010 Sectors: S.121, S.122, S.123, S.124, S.125, S.126, S.127, S.128, S.129",,3,,,,,A,Euro short-term rate,"Euro short-term rate, Volume-weighted trimmed mean rate - Unsecured - Overnight - Borrowing - Financial corporations",,PC,0,3.0,True,-10.099999999999998,-9.958333333333337,0.28301743772506727,-0.5005580850614589,False,Normal transmission
2023-03-27,2.898,EST.B.EU000A2X2A25.WT,B,EU000A2X2A25,WT,A,F,,,,,P1D,,,,"ESA 2010 Sectors: S.121, S.122, S.123, S.124, S.125, S.126, S.127, S.128, S.129",,3,,,,,A,Euro short-term rate,"Euro short-term rate, Volume-weighted trimmed mean rate - Unsecured - Overnight - Borrowing - Financial corporations",,PC,0,3.0,True,-10.199999999999987,-9.97166666666667,0.27499871597023073,-0.8303069071712871,False,Normal transmission
2023-03-28,2.894,EST.B.EU000A2X2A25.WT,B,EU000A2X2A25,WT,A,F,,,,,P1D,,,,"ESA 2010 Sectors: S.121, S.122, S.123, S.124, S.125, S.126, S.127, S.128, S.129",,3,,,,,A,Euro short-term rate,"Euro short-term rate, Volume-weighted trimmed mean rate - Unsecured - Overnight - Borrowing - Financial corporations",,PC,0,3.0,True,-10.599999999999987,-9.988333333333337,0.28229787529388983,-2.1667420133072803,True,Unusually below policy rate
2023-03-29,2.894,EST.B.EU000A2X2A25.WT,B,EU000A2X2A25,WT,A,F,,,,,P1D,,,,"ESA 2010 Sectors: S.121, S.122, S.123, S.124, S.125, S.126, S.127, S.128, S.129",,3,,,,,A,Euro short-term rate,"Euro short-term rate, Volume-weighted trimmed mean rate - Unsecured - Overnight - Borrowing - Financial corporations",,PC,0,3.0,True,-10.599999999999987,-10.005,0.28843528781028366,-2.062854391073479,True,Unusually below policy rate
2023-03-30,2.896,EST.B.EU000A2X2A25.WT,B,EU000A2X2A25,WT,A,F,,,,,P1D,,,,"ESA 2010 Sectors: S.121, S.122, S.123, S.124, S.125, S.126, S.127, S.128, S.129",,3,,,,,A,Euro short-term rate,"Euro short-term rate, Volume-weighted trimmed mean rate - Unsecured - Overnight - Borrowing - Financial corporations",,PC,0,3.0,True,-10.40000000000001,-10.011666666666668,0.29290576182570793,-1.3257961568008227,False,Normal transmission
2023-03-31,2.884,EST.B.EU000A2X2A25.WT,B,EU000A2X2A25,WT,A,F,,,,,P1D,,,,"ESA 2010 Sectors: S.121, S.122, S.123, S.124, S.125, S.126, S.127, S.128, S.129",,3,,,,,A,Euro short-term rate,"Euro short-term rate, Volume-weighted trimmed mean rate - Unsecured - Overnight - Borrowing - Financial corporations",,PC,0,3.0,True,-11.60000000000001,-10.035000000000004,0.35692899165619724,-4.384625616255496,True,Unusually below policy rate
2023-04-03,2.898,EST.B.EU000A2X2A25.WT,B,EU000A2X2A25,WT,A,F,,,,,P1D,,,,"ESA 2010 Sectors: S.121, S.122, S.123, S.124, S.125, S.126, S.127, S.128, S.129",,3,,,,,A,Euro short-term rate,"Euro short-term rate, Volume-weighted trimmed mean rate - Unsecured - Overnight - Borrowing - Financial corporations",,PC,0,3.0,True,-10.199999999999987,-10.038333333333336,0.35752997582829754,-0.45217653790319084,False,Normal transmission
2023-04-04,2.898,EST.B.EU000A2X2A25.WT,B,EU000A2X2A25,WT,A,F,,,,,P1D,,,,"ESA 2010 Sectors: S.121, S.122, S.123, S.124, S.125, S.126, S.127, S.128, S.129",,3,,,,,A,Euro short-term rate,"Euro short-term rate, Volume-weighted trimmed mean rate - Unsecured - Overnight - Borrowing - Financial corporations",,PC,0,3.0,True,-10.199999999999987,-10.04166666666667,0.35809839887494593,-0.4421503526147011,False,Normal transmission
2023-04-05,2.902,EST.B.EU000A2X2A25.WT,B,EU000A2X2A25,WT,A,F,,,,,P1D,,,,"ESA 2010 Sectors: S.121, S.122, S.123, S.124, S.125, S.126, S.127, S.128, S.129",,3,,,,,A,Euro short-term rate,"Euro short-term rate, Volume-weighted trimmed mean rate - Unsecured - Overnight - Borrowing - Financial corporations",,PC,0,3.0,True,-9.799999999999986,-10.038333333333334,0.35942122338444754,0.6631031164189743,False,Normal transmission
2023-04-06,2.903,EST.B.EU000A2X2A25.WT,B,EU000A2X2A25,WT,A,F,,,,,P1D,,,,"ESA 2010 Sectors: S.121, S.122, S.123, S.124, S.125, S.126, S.127, S.128, S.129",,3,,,,,A,Euro short-term rate,"Euro short-term rate, Volume-weighted trimmed mean rate - Unsecured - Overnight - Borrowing - Financial corporations",,PC,0,3.0,True,-9.699999999999998,-10.033333333333333,0.36204066943873525,0.9207068748660089,False,Normal transmission
2023-04-11,2.897,EST.B.EU000A2X2A25.WT,B,EU000A2X2A25,WT,A,F,,,,,P1D,,,,"ESA 2010 Sectors: S.121, S.122, S.123, S.124, S.125, S.126, S.127, S.128, S.129",,3,,,,,A,Euro short-term rate,"Euro short-term rate, Volume-weighted trimmed mean rate - Unsecured - Overnight - Borrowing - Financial corporations",,PC,0,3.0,True,-10.30000000000002,-10.040000000000001,0.36322472849435045,-0.7158102948490835,False,Normal transmission
2023-04-12,2.898,EST.B.EU000A2X2A25.WT,B,EU000A2X2A25,WT,A,F,,,,,P1D,,,,"ESA 2010 Sectors: S.121, S.122, S.123, S.124, S.125, S.126, S.127, S.128, S.129",,3,,,,,A,Euro short-term rate,"Euro short-term rate, Volume-weighted trimmed mean rate - Unsecured - Overnight - Borrowing - Financial corporations",,PC,0,3.0,True,-10.199999999999987,-10.04666666666667,0.3624150007495904,-0.4230877116459693,False,Normal transmission
2023-04-13,2.899,EST.B.EU000A2X2A25.WT,B,EU000A2X2A25,WT,A,F,,,,,P1D,,,,"ESA 2010 Sectors: S.121, S.122, S.123, S.124, S.125, S.126, S.127, S.128, S.129",,3,,,,,A,Euro short-term rate,"Euro short-term rate, Volume-weighted trimmed mean rate - Unsecured - Overnight - Borrowing - Financial corporations",,PC,0,3.0,True,-10.099999999999998,-10.050000000000002,0.3619626350226033,-0.13813580508627102,False,Normal transmission
2023-04-14,2.896,EST.B.EU000A2X2A25.WT,B,EU000A2X2A25,WT,A,F,,,,,P1D,,,,"ESA 2010 Sectors: S.121, S.122, S.123, S.124, S.125, S.126, S.127, S.128, S.129",,3,,,,,A,Euro short-term rate,"Euro short-term rate, Volume-weighted trimmed mean rate - Unsecured - Overnight - Borrowing - Financial corporations",,PC,0,3.0,True,-10.40000000000001,-10.060000000000002,0.36322472849435034,-0.9360596163410592,False,Normal transmission
2023-04-17,2.897,EST.B.EU000A2X2A25.WT,B,EU000A2X2A25,WT,A,F,,,,,P1D,,,,"ESA 2010 Sectors: S.121, S.122, S.123, S.124, S.125, S.126, S.127, S.128, S.129",,3,,,,,A,Euro short-term rate,"Euro short-term rate, Volume-weighted trimmed mean rate - Unsecured - Overnight - Borrowing - Financial corporations",,PC,0,3.0,True,-10.30000000000002,-10.07,0.36140028983315636,-0.6364134353799259,False,Normal transmission
2023-04-18,2.901,EST.B.EU000A2X2A25.WT,B,EU000A2X2A25,WT,A,F,,,,,P1D,,,,"ESA 2010 Sectors: S.121, S.122, S.123, S.124, S.125, S.126, S.127, S.128, S.129",,3,,,,,A,Euro short-term rate,"Euro short-term rate, Volume-weighted trimmed mean rate - Unsecured - Overnight - Borrowing - Financial corporations",,PC,0,3.0,True,-9.90000000000002,-10.073333333333336,0.358843087688595,0.4830337807251707,False,Normal transmission
2023-04-19,2.902,EST.B.EU000A2X2A25.WT,B,EU000A2X2A25,WT,A,F,,,,,P1D,,,,"ESA 2010 Sectors: S.121, S.122, S.123, S.124, S.125, S.126, S.127, S.128, S.129",,3,,,,,A,Euro short-term rate,"Euro short-term rate, Volume-weighted trimmed mean rate - Unsecured - Overnight - Borrowing - Financial corporations",,PC,0,3.0,True,-9.799999999999986,-10.073333333333334,0.3588430876885953,0.7617071157590385,False,Normal transmission
2023-04-20,2.904,EST.B.EU000A2X2A25.WT,B,EU000A2X2A25,WT,A,F,,,,,P1D,,,,"ESA 2010 Sectors: S.121, S.122, S.123, S.124, S.125, S.126, S.127, S.128, S.129",,3,,,,,A,Euro short-term rate,"Euro short-term rate, Volume-weighted trimmed mean rate - Unsecured - Overnight - Borrowing - Financial corporations",,PC,0,3.0,True,-9.600000000000009,-10.073333333333336,0.3588430876885953,1.3190537858265419,False,Normal transmission
2023-04-21,2.902,EST.B.EU000A2X2A25.WT,B,EU000A2X2A25,WT,A,F,,,,,P1D,,,,"ESA 2010 Sectors: S.121, S.122, S.123, S.124, S.125, S.126, S.127, S.128, S.129",,3,,,,,A,Euro short-term rate,"Euro short-term rate, Volume-weighted trimmed mean rate - Unsecured - Overnight - Borrowing - Financial corporations",,PC,0,3.0,True,-9.799999999999986,-10.07666666666667,0.3552829698993876,0.7787220050120397,False,Normal transmission
2023-04-24,2.905,EST.B.EU000A2X2A25.WT,B,EU000A2X2A25,WT,A,F,,,,,P1D,,,,"ESA 2010 Sectors: S.121, S.122, S.123, S.124, S.125, S.126, S.127, S.128, S.129",,3,,,,,A,Euro short-term rate,"Euro short-term rate, Volume-weighted trimmed mean rate - Unsecured - Overnight - Borrowing - Financial corporations",,PC,0,3.0,True,-9.50000000000002,-10.075000000000001,0.35778271978427795,1.6071206578860848,False,Normal transmission
2023-04-25,2.901,EST.B.EU000A2X2A25.WT,B,EU000A2X2A25,WT,A,F,,,,,P1D,,,,"ESA 2010 Sectors: S.121, S.122, S.123, S.124, S.125, S.126, S.127, S.128, S.129",,3,,,,,A,Euro short-term rate,"Euro short-term rate, Volume-weighted trimmed mean rate - Unsecured - Overnight - Borrowing - Financial corporations",,PC,0,3.0,True,-9.90000000000002,-10.083333333333337,0.34746865078277217,0.5276255366356274,False,Normal transmission
2023-04-26,2.9,EST.B.EU000A2X2A25.WT,B,EU000A2X2A25,WT,A,F,,,,,P1D,,,,"ESA 2010 Sectors: S.121, S.122, S.123, S.124, S.125, S.126, S.127, S.128, S.129",,3,,,,,A,Euro short-term rate,"Euro short-term rate, Volume-weighted trimmed mean rate - Unsecured - Overnight - Borrowing - Financial corporations",,PC,0,3.0,True,-10.000000000000009,-10.090000000000003,0.34182957395035707,0.2632890974291913,False,Normal transmission
2023-04-27,2.9,EST.B.EU000A2X2A25.WT,B,EU000A2X2A25,WT,A,F,,,,,P1D,,,,"ESA 2010 Sectors: S.121, S.122, S.123, S.124, S.125, S.126, S.127, S.128, S.129",,3,,,,,A,Euro short-term rate,"Euro short-term rate, Volume-weighted trimmed mean rate - Unsecured - Overnight - Borrowing - Financial corporations",,PC,0,3.0,True,-10.000000000000009,-10.080000000000004,0.3353722950262147,0.2385408728939326,False,Normal transmission
2023-04-28,2.894,EST.B.EU000A2X2A25.WT,B,EU000A2X2A25,WT,A,F,,,,,P1D,,,,"ESA 2010 Sectors: S.121, S.122, S.123, S.124, S.125, S.126, S.127, S.128, S.129",,3,,,,,A,Euro short-term rate,"Euro short-term rate, Volume-weighted trimmed mean rate - Unsecured - Overnight - Borrowing - Financial corporations",,PC,0,3.0,True,-10.599999999999987,-10.091666666666669,0.3411305563814808,-1.4901430664125486,False,Normal transmission
2023-05-02,2.896,EST.B.EU000A2X2A25.WT,B,EU000A2X2A25,WT,A,F,,,,,P1D,,,,"ESA 2010 Sectors: S.121, S.122, S.123, S.124, S.125, S.126, S.127, S.128, S.129",,3,,,,,A,Euro short-term rate,"Euro short-term rate, Volume-weighted trimmed mean rate - Unsecured - Overnight - Borrowing - Financial corporations",,PC,0,3.0,True,-10.40000000000001,-10.101666666666668,0.34122991238651423,-0.8742883390463612,False,Normal transmission
2023-05-03,2.896,EST.B.EU000A2X2A25.WT,B,EU000A2X2A25,WT,A,F,,,,,P1D,,,,"ESA 2010 Sectors: S.121, S.122, S.123, S.124, S.125, S.126, S.127, S.128, S.129",,3,,,,,A,Euro short-term rate,"Euro short-term rate, Volume-weighted trimmed mean rate - Unsecured - Overnight - Borrowing - Financial corporations",,PC,0,3.0,True,-10.40000000000001,-10.105,0.3431780681230104,-0.8596120422656719,False,Normal transmission
2023-05-04,2.897,EST.B.EU000A2X2A25.WT,B,EU000A2X2A25,WT,A,F,,,,,P1D,,,,"ESA 2010 Sectors: S.121, S.122, S.123, S.124, S.125, S.126, S.127, S.128, S.129",,3,,,,,A,Euro short-term rate,"Euro short-term rate, Volume-weighted trimmed mean rate - Unsecured - Overnight - Borrowing - Financial corporations",,PC,0,3.0,True,-10.30000000000002,-10.111666666666668,0.343013399286907,-0.5490553247333184,False,Normal transmission
2023-05-05,2.898,EST.B.EU000A2X2A25.WT,B,EU000A2X2A25,WT,A,F,,,,,P1D,,,,"ESA 2010 Sectors: S.121, S.122, S.123, S.124, S.125, S.126, S.127, S.128, S.129",,3,,,,,A,Euro short-term rate,"Euro short-term rate, Volume-weighted trimmed mean rate - Unsecured - Overnight - Borrowing - Financial corporations",,PC,0,3.0,True,-10.199999999999987,-10.118333333333336,0.34073284264429327,-0.23967946862083564,False,Normal transmission
2023-05-08,2.892,EST.B.EU000A2X2A25.WT,B,EU000A2X2A25,WT,A,F,,,,,P1D,,,,"ESA 2010 Sectors: S.121, S.122, S.123, S.124, S.125, S.126, S.127, S.128, S.129",,3,,,,,A,Euro short-term rate,"Euro short-term rate, Volume-weighted trimmed mean rate - Unsecured - Overnight - Borrowing - Financial corporations",,PC,0,3.0,True,-10.80000000000001,-10.133333333333333,0.3506249464988313,-1.9013668973747675,False,Normal transmission
2023-05-09,2.894,EST.B.EU000A2X2A25.WT,B,EU000A2X2A25,WT,A,F,,,,,P1D,,,,"ESA 2010 Sectors: S.121, S.122, S.123, S.124, S.125, S.126, S.127, S.128, S.129",,3,,,,,A,Euro short-term rate,"Euro short-term rate, Volume-weighted trimmed mean rate - Unsecured - Overnight - Borrowing - Financial corporations",,PC,0,3.0,True,-10.599999999999987,-10.145000000000001,0.35435546646006877,-1.2840213939559992,False,Normal transmission
2023-05-10,3.145,EST.B.EU000A2X2A25.WT,B,EU000A2X2A25,WT,A,F,,,,,P1D,,,,"ESA 2010 Sectors: S.121, S.122, S.123, S.124, S.125, S.126, S.127, S.128, S.129",,3,,,,,A,Euro short-term rate,"Euro short-term rate, Volume-weighted trimmed mean rate - Unsecured - Overnight - Borrowing - Financial corporations",,PC,0,3.25,True,-10.499999999999998,-10.155000000000001,0.3557875008522296,-0.9696799330319563,False,Normal transmission
2023-05-11,3.145,EST.B.EU000A2X2A25.WT,B,EU000A2X2A25,WT,A,F,,,,,P1D,,,,"ESA 2010 Sectors: S.121, S.122, S.123, S.124, S.125, S.126, S.127, S.128, S.129",,3,,,,,A,Euro short-term rate,"Euro short-term rate, Volume-weighted trimmed mean rate - Unsecured - Overnight - Borrowing - Financial corporations",,PC,0,3.25,True,-10.499999999999998,-10.163333333333334,0.3579445400970297,-0.9405553904395425,False,Normal transmission
2023-05-12,3.148,EST.B.EU000A2X2A25.WT,B,EU000A2X2A25,WT,A,F,,,,,P1D,,,,"ESA 2010 Sectors: S.121, S.122, S.123, S.124, S.125, S.126, S.127, S.128, S.129",,3,,,,,A,Euro short-term rate,"Euro short-term rate, Volume-weighted trimmed mean rate - Unsecured - Overnight - Borrowing - Financial corporations",,PC,0,3.25,True,-10.199999999999987,-10.166666666666666,0.3573284424995754,-0.09328485888262418,False,Normal transmission
2023-05-15,3.145,EST.B.EU000A2X2A25.WT,B,EU000A2X2A25,WT,A,F,,,,,P1D,,,,"ESA 2010 Sectors: S.121, S.122, S.123, S.124, S.125, S.126, S.127, S.128, S.129",,3,,,,,A,Euro short-term rate,"Euro short-term rate, Volume-weighted trimmed mean rate - Unsecured - Overnight - Borrowing - Financial corporations",,PC,0,3.25,True,-10.499999999999998,-10.183333333333334,0.3489289504030041,-0.9075391030206083,False,Normal transmission
2023-05-16,3.147,EST.B.EU000A2X2A25.WT,B,EU000A2X2A25,WT,A,F,,,,,P1D,,,,"ESA 2010 Sectors: S.121, S.122, S.123, S.124, S.125, S.126, S.127, S.128, S.129",,3,,,,,A,Euro short-term rate,"Euro short-term rate, Volume-weighted trimmed mean rate - Unsecured - Overnight - Borrowing - Financial corporations",,PC,0,3.25,True,-10.30000000000002,-10.188333333333333,0.34840638003584423,-0.3205069512653567,False,Normal transmission
2023-05-17,3.151,EST.B.EU000A2X2A25.WT,B,EU000A2X2A25,WT,A,F,,,,,P1D,,,,"ESA 2010 Sectors: S.121, S.122, S.123, S.124, S.125, S.126, S.127, S.128, S.129",,3,,,,,A,Euro short-term rate,"Euro short-term rate, Volume-weighted trimmed mean rate - Unsecured - Overnight - Borrowing - Financial corporations",,PC,0,3.25,True,-9.90000000000002,-10.183333333333335,0.3503831639532419,0.8086385491145511,False,Normal transmission
2023-05-18,3.153,EST.B.EU000A2X2A25.WT,B,EU000A2X2A25,WT,A,F,,,,,P1D,,,,"ESA 2010 Sectors: S.121, S.122, S.123, S.124, S.125, S.126, S.127, S.128, S.129",,3,,,,,A,Euro short-term rate,"Euro short-term rate, Volume-weighted trimmed mean rate - Unsecured - Overnight - Borrowing - Financial corporations",,PC,0,3.25,True,-9.699999999999998,-10.178333333333335,0.3551517539891161,1.3468420976684687,False,Normal transmission
2023-05-19,3.151,EST.B.EU000A2X2A25.WT,B,EU000A2X2A25,WT,A,F,,,,,P1D,,,,"ESA 2010 Sectors: S.121, S.122, S.123, S.124, S.125, S.126, S.127, S.128, S.129",,3,,,,,A,Euro short-term rate,"Euro short-term rate, Volume-weighted trimmed mean rate - Unsecured - Overnight - Borrowing - Financial corporations",,PC,0,3.25,True,-9.90000000000002,-10.173333333333334,0.35694877696736077,0.7657494603442986,False,Normal transmission
2023-05-22,3.15,EST.B.EU000A2X2A25.WT,B,EU000A2X2A25,WT,A,F,,,,,P1D,,,,"ESA 2010 Sectors: S.121, S.122, S.123, S.124, S.125, S.126, S.127, S.128, S.129",,3,,,,,A,Euro short-term rate,"Euro short-term rate, Volume-weighted trimmed mean rate - Unsecured - Overnight - Borrowing - Financial corporations",,PC,0,3.25,True,-10.000000000000009,-10.171666666666669,0.3575299758282972,0.48014622066011664,False,Normal transmission
2023-05-23,3.157,EST.B.EU000A2X2A25.WT,B,EU000A2X2A25,WT,A,F,,,,,P1D,,,,"ESA 2010 Sectors: S.121, S.122, S.123, S.124, S.125, S.126, S.127, S.128, S.129",,3,,,,,A,Euro short-term rate,"Euro short-term rate, Volume-weighted trimmed mean rate - Unsecured - Overnight - Borrowing - Financial corporations",,PC,0,3.25,True,-9.299999999999997,-10.158333333333335,0.3747503877347007,2.290413463003494,True,Unusually above policy rate
2023-05-24,3.148,EST.B.EU000A2X2A25.WT,B,EU000A2X2A25,WT,A,F,,,,,P1D,,,,"ESA 2010 Sectors: S.121, S.122, S.123, S.124, S.125, S.126, S.127, S.128, S.129",,3,,,,,A,Euro short-term rate,"Euro short-term rate, Volume-weighted trimmed mean rate - Unsecured - Overnight - Borrowing - Financial corporations",,PC,0,3.25,True,-10.199999999999987,-10.158333333333333,0.3747503877347007,-0.11118511956324105,False,Normal transmission
2023-05-25,3.148,EST.B.EU000A2X2A25.WT,B,EU000A2X2A25,WT,A,F,,,,,P1D,,,,"ESA 2010 Sectors: S.121, S.122, S.123, S.124, S.125, S.126, S.127, S.128, S.129",,3,,,,,A,Euro short-term rate,"Euro short-term rate, Volume-weighted trimmed mean rate - Unsecured - Overnight - Borrowing - Financial corporations",,PC,0,3.25,True,-10.199999999999987,-10.158333333333335,0.3747503877347007,-0.1111851195632363,False,Normal transmission
2023-05-26,3.152,EST.B.EU000A2X2A25.WT,B,EU000A2X2A25,WT,A,F,,,,,P1D,,,,"ESA 2010 Sectors: S.121, S.122, S.123, S.124, S.125, S.126, S.127, S.128, S.129",,3,,,,,A,Euro short-term rate,"Euro short-term rate, Volume-weighted trimmed mean rate - Unsecured - Overnight - Borrowing - Financial corporations",,PC,0,3.25,True,-9.799999999999986,-10.135,0.3516667336063902,0.952606453742561,False,Normal transmission
2023-05-29,3.147,EST.B.EU000A2X2A25.WT,B,EU000A2X2A25,WT,A,F,,,,,P1D,,,,"ESA 2010 Sectors: S.121, S.122, S.123, S.124, S.125, S.126, S.127, S.128, S.129",,3,,,,,A,Euro short-term rate,"Euro short-term rate, Volume-weighted trimmed mean rate - Unsecured - Overnight - Borrowing - Financial corporations",,PC,0,3.25,True,-10.30000000000002,-10.136666666666667,0.35221654869569297,-0.46372986714621917,False,Normal transmission
2023-05-30,3.148,EST.B.EU000A2X2A25.WT,B,EU000A2X2A25,WT,A,F,,,,,P1D,,,,"ESA 2010 Sectors: S.121, S.122, S.123, S.124, S.125, S.126, S.127, S.128, S.129",,3,,,,,A,Euro short-term rate,"Euro short-term rate, Volume-weighted trimmed mean rate - Unsecured - Overnight - Borrowing - Financial corporations",,PC,0,3.25,True,-10.199999999999987,-10.138333333333334,0.3522766953070574,-0.17505179164038162,False,Normal transmission
2023-05-31,3.144,EST.B.EU000A2X2A25.WT,B,EU000A2X2A25,WT,A,F,,,,,P1D,,,,"ESA 2010 Sectors: S.121, S.122, S.123, S.124, S.125, S.126, S.127, S.128, S.129",,3,,,,,A,Euro short-term rate,"Euro short-term rate, Volume-weighted trimmed mean rate - Unsecured - Overnight - Borrowing - Financial corporations",,PC,0,3.25,True,-10.599999999999987,-10.148333333333335,0.3567706696667022,-1.2659859822238257,False,Normal transmission
2023-06-01,3.147,EST.B.EU000A2X2A25.WT,B,EU000A2X2A25,WT,A,F,,,,,P1D,,,,"ESA 2010 Sectors: S.121, S.122, S.123, S.124, S.125, S.126, S.127, S.128, S.129",,3,,,,,A,Euro short-term rate,"Euro short-term rate, Volume-weighted trimmed mean rate - Unsecured - Overnight - Borrowing - Financial corporations",,PC,0,3.25,True,-10.30000000000002,-10.151666666666669,0.3572454251425407,-0.4152140878337806,False,Normal transmission
2023-06-02,3.148,EST.B.EU000A2X2A25.WT,B,EU000A2X2A25,WT,A,F,,,,,P1D,,,,"ESA 2010 Sectors: S.121, S.122, S.123, S.124, S.125, S.126, S.127, S.128, S.129",,3,,,,,A,Euro short-term rate,"Euro short-term rate, Volume-weighted trimmed mean rate - Unsecured - Overnight - Borrowing - Financial corporations",,PC,0,3.25,True,-10.199999999999987,-10.151666666666667,0.3572454251425407,-0.13529447805814337,False,Normal transmission
2023-06-05,3.148,EST.B.EU000A2X2A25.WT,B,EU000A2X2A25,WT,A,F,,,,,P1D,,,,"ESA 2010 Sectors: S.121, S.122, S.123, S.124, S.125, S.126, S.127, S.128, S.129",,3,,,,,A,Euro short-term rate,"Euro short-term rate, Volume-weighted trimmed mean rate - Unsecured - Overnight - Borrowing - Financial corporations",,PC,0,3.25,True,-10.199999999999987,-10.153333333333334,0.35723356394521977,-0.1306334884977627,False,Normal transmission
2023-06-06,3.145,EST.B.EU000A2X2A25.WT,B,EU000A2X2A25,WT,A,F,,,,,P1D,,,,"ESA 2010 Sectors: S.121, S.122, S.123, S.124, S.125, S.126, S.127, S.128, S.129",,3,,,,,A,Euro short-term rate,"Euro short-term rate, Volume-weighted trimmed mean rate - Unsecured - Overnight - Borrowing - Financial corporations",,PC,0,3.25,True,-10.499999999999998,-10.163333333333332,0.35841774068274307,-0.9393136233305754,False,Normal transmission
2023-06-07,3.144,EST.B.EU000A2X2A25.WT,B,EU000A2X2A25,WT,A,F,,,,,P1D,,,,"ESA 2010 Sectors: S.121, S.122, S.123, S.124, S.125, S.126, S.127, S.128, S.129",,3,,,,,A,Euro short-term rate,"Euro short-term rate, Volume-weighted trimmed mean rate - Unsecured - Overnight - Borrowing - Financial corporations",,PC,0,3.25,True,-10.599999999999987,-10.178333333333335,0.35752997582829693,-1.1793882895826258,False,Normal transmission
2023-06-08,3.146,EST.B.EU000A2X2A25.WT,B,EU000A2X2A25,WT,A,F,,,,,P1D,,,,"ESA 2010 Sectors: S.121, S.122, S.123, S.124, S.125, S.126, S.127, S.128, S.129",,3,,,,,A,Euro short-term rate,"Euro short-term rate, Volume-weighted trimmed mean rate - Unsecured - Overnight - Borrowing - Financial corporations",,PC,0,3.25,True,-10.40000000000001,-10.186666666666666,0.35675879268513566,-0.5979763854667628,False,Normal transmission
2023-06-09,3.147,EST.B.EU000A2X2A25.WT,B,EU000A2X2A25,WT,A,F,,,,,P1D,,,,"ESA 2010 Sectors: S.121, S.122, S.123, S.124, S.125, S.126, S.127, S.128, S.129",,3,,,,,A,Euro short-term rate,"Euro short-term rate, Volume-weighted trimmed mean rate - Unsecured - Overnight - Borrowing - Financial corporations",,PC,0,3.25,True,-10.30000000000002,-10.193333333333333,0.35504435944696394,-0.30043194273762464,False,Normal transmission
2023-06-12,3.147,EST.B.EU000A2X2A25.WT,B,EU000A2X2A25,WT,A,F,,,,,P1D,,,,"ESA 2010 Sectors: S.121, S.122, S.123, S.124, S.125, S.126, S.127, S.128, S.129",,3,,,,,A,Euro short-term rate,"Euro short-term rate, Volume-weighted trimmed mean rate - Unsecured - Overnight - Borrowing - Financial corporations",,PC,0,3.25,True,-10.30000000000002,-10.198333333333334,0.35438735231408824,-0.28688006499899144,False,Normal transmission
2023-06-13,3.147,EST.B.EU000A2X2A25.WT,B,EU000A2X2A25,WT,A,F,,,,,P1D,,,,"ESA 2010 Sectors: S.121, S.122, S.123, S.124, S.125, S.126, S.127, S.128, S.129",,3,,,,,A,Euro short-term rate,"Euro short-term rate, Volume-weighted trimmed mean rate - Unsecured - Overnight - Borrowing - Financial corporations",,PC,0,3.25,True,-10.30000000000002,-10.201666666666666,0.3543873523140883,-0.277474161228538,False,Normal transmission
2023-06-14,3.15,EST.B.EU000A2X2A25.WT,B,EU000A2X2A25,WT,A,F,,,,,P1D,,,,"ESA 2010 Sectors: S.121, S.122, S.123, S.124, S.125, S.126, S.127, S.128, S.129",,3,,,,,A,Euro short-term rate,"Euro short-term rate, Volume-weighted trimmed mean rate - Unsecured - Overnight - Borrowing - Financial corporations",,PC,0,3.25,True,-10.000000000000009,-10.205000000000002,0.35147389420133074,0.5832581121446396,False,Normal transmission
2023-06-15,3.147,EST.B.EU000A2X2A25.WT,B,EU000A2X2A25,WT,A,F,,,,,P1D,,,,"ESA 2010 Sectors: S.121, S.122, S.123, S.124, S.125, S.126, S.127, S.128, S.129",,3,,,,,A,Euro short-term rate,"Euro short-term rate, Volume-weighted trimmed mean rate - Unsecured - Overnight - Borrowing - Financial corporations",,PC,0,3.25,True,-10.30000000000002,-10.206666666666669,0.35168681496350207,-0.2653876385528914,False,Normal transmission
2023-06-16,3.144,EST.B.EU000A2X2A25.WT,B,EU000A2X2A25,WT,A,F,,,,,P1D,,,,"ESA 2010 Sectors: S.121, S.122, S.123, S.124, S.125, S.126, S.127, S.128, S.129",,3,,,,,A,Euro short-term rate,"Euro short-term rate, Volume-weighted trimmed mean rate - Unsecured - Overnight - Borrowing - Financial corporations",,PC,0,3.25,True,-10.599999999999987,-10.215000000000002,0.35502446800371257,-1.0844322988914656,False,Normal transmission
2023-06-19,3.144,EST.B.EU000A2X2A25.WT,B,EU000A2X2A25,WT,A,F,,,,,P1D,,,,"ESA 2010 Sectors: S.121, S.122, S.123, S.124, S.125, S.126, S.127, S.128, S.129",,3,,,,,A,Euro short-term rate,"Euro short-term rate, Volume-weighted trimmed mean rate - Unsecured - Overnight - Borrowing - Financial corporations",,PC,0,3.25,True,-10.599999999999987,-10.221666666666668,0.3584768468359945,-1.0553912663330516,False,Normal transmission
2023-06-20,3.144,EST.B.EU000A2X2A25.WT,B,EU000A2X2A25,WT,A,F,,,,,P1D,,,,"ESA 2010 Sectors: S.121, S.122, S.123, S.124, S.125, S.126, S.127, S.128, S.129",,3,,,,,A,Euro short-term rate,"Euro short-term rate, Volume-weighted trimmed mean rate - Unsecured - Overnight - Borrowing - Financial corporations",,PC,0,3.25,True,-10.599999999999987,-10.23,0.36140028983315453,-1.0237955264806302,False,Normal transmission
2023-06-21,3.395,EST.B.EU000A2X2A25.WT,B,EU000A2X2A25,WT,A,F,,,,,P1D,,,,"ESA 2010 Sectors: S.121, S.122, S.123, S.124, S.125, S.126, S.127, S.128, S.129",,3,,,,,A,Euro short-term rate,"Euro short-term rate, Volume-weighted trimmed mean rate - Unsecured - Overnight - Borrowing - Financial corporations",,PC,0,3.5,True,-10.499999999999998,-10.236666666666668,0.36264876160514853,-0.7261387910654085,False,Normal transmission
2023-06-22,3.397,EST.B.EU000A2X2A25.WT,B,EU000A2X2A25,WT,A,F,,,,,P1D,,,,"ESA 2010 Sectors: S.121, S.122, S.123, S.124, S.125, S.126, S.127, S.128, S.129",,3,,,,,A,Euro short-term rate,"Euro short-term rate, Volume-weighted trimmed mean rate - Unsecured - Overnight - Borrowing - Financial corporations",,PC,0,3.5,True,-10.30000000000002,-10.238333333333335,0.3627071782789856,-0.1700177729023402,False,Normal transmission
2023-06-23,3.4,EST.B.EU000A2X2A25.WT,B,EU000A2X2A25,WT,A,F,,,,,P1D,,,,"ESA 2010 Sectors: S.121, S.122, S.123, S.124, S.125, S.126, S.127, S.128, S.129",,3,,,,,A,Euro short-term rate,"Euro short-term rate, Volume-weighted trimmed mean rate - Unsecured - Overnight - Borrowing - Financial corporations",,PC,0,3.5,True,-10.000000000000009,-10.228333333333335,0.3608331539253485,0.6327947719032644,False,Normal transmission
2023-06-26,3.4,EST.B.EU000A2X2A25.WT,B,EU000A2X2A25,WT,A,F,,,,,P1D,,,,"ESA 2010 Sectors: S.121, S.122, S.123, S.124, S.125, S.126, S.127, S.128, S.129",,3,,,,,A,Euro short-term rate,"Euro short-term rate, Volume-weighted trimmed mean rate - Unsecured - Overnight - Borrowing - Financial corporations",,PC,0,3.5,True,-10.000000000000009,-10.218333333333337,0.35866592107114964,0.6087373249214189,False,Normal transmission
2023-06-27,3.397,EST.B.EU000A2X2A25.WT,B,EU000A2X2A25,WT,A,F,,,,,P1D,,,,"ESA 2010 Sectors: S.121, S.122, S.123, S.124, S.125, S.126, S.127, S.128, S.129",,3,,,,,A,Euro short-term rate,"Euro short-term rate, Volume-weighted trimmed mean rate - Unsecured - Overnight - Borrowing - Financial corporations",,PC,0,3.5,True,-10.30000000000002,-10.216666666666669,0.3580392302464121,-0.23274916906730997,False,Normal transmission
2023-06-28,3.4,EST.B.EU000A2X2A25.WT,B,EU000A2X2A25,WT,A,F,,,,,P1D,,,,"ESA 2010 Sectors: S.121, S.122, S.123, S.124, S.125, S.126, S.127, S.128, S.129",,3,,,,,A,Euro short-term rate,"Euro short-term rate, Volume-weighted trimmed mean rate - Unsecured - Overnight - Borrowing - Financial corporations",,PC,0,3.5,True,-10.000000000000009,-10.190000000000001,0.30956503109127037,0.6137644143145287,False,Normal transmission
2023-06-29,3.4,EST.B.EU000A2X2A25.WT,B,EU000A2X2A25,WT,A,F,,,,,P1D,,,,"ESA 2010 Sectors: S.121, S.122, S.123, S.124, S.125, S.126, S.127, S.128, S.129",,3,,,,,A,Euro short-term rate,"Euro short-term rate, Volume-weighted trimmed mean rate - Unsecured - Overnight - Borrowing - Financial corporations",,PC,0,3.5,True,-10.000000000000009,-10.18666666666667,0.3105308012597726,0.6011212604655777,False,Normal transmission
2023-06-30,3.4,EST.B.EU000A2X2A25.WT,B,EU000A2X2A25,WT,A,F,,,,,P1D,,,,"ESA 2010 Sectors: S.121, S.122, S.123, S.124, S.125, S.126, S.127, S.128, S.129",,3,,,,,A,Euro short-term rate,"Euro short-term rate, Volume-weighted trimmed mean rate - Unsecured - Overnight - Borrowing - Financial corporations",,PC,0,3.5,True,-10.000000000000009,-10.183333333333335,0.3114572999906682,0.5886307154747038,False,Normal transmission
2023-07-03,3.399,EST.B.EU000A2X2A25.WT,B,EU000A2X2A25,WT,A,F,,,,,P1D,,,,"ESA 2010 Sectors: S.121, S.122, S.123, S.124, S.125, S.126, S.127, S.128, S.129",,3,,,,,A,Euro short-term rate,"Euro short-term rate, Volume-weighted trimmed mean rate - Unsecured - Overnight - Borrowing - Financial corporations",,PC,0,3.5,True,-10.099999999999998,-10.188333333333336,0.30758306948323905,0.28718529105566315,False,Normal transmission
2023-07-04,3.401,EST.B.EU000A2X2A25.WT,B,EU000A2X2A25,WT,A,F,,,,,P1D,,,,"ESA 2010 Sectors: S.121, S.122, S.123, S.124, S.125, S.126, S.127, S.128, S.129",,3,,,,,A,Euro short-term rate,"Euro short-term rate, Volume-weighted trimmed mean rate - Unsecured - Overnight - Borrowing - Financial corporations",,PC,0,3.5,True,-9.90000000000002,-10.191666666666672,0.30325447537690287,0.9617884989303159,False,Normal transmission
2023-07-05,3.404,EST.B.EU000A2X2A25.WT,B,EU000A2X2A25,WT,A,F,,,,,P1D,,,,"ESA 2010 Sectors: S.121, S.122, S.123, S.124, S.125, S.126, S.127, S.128, S.129",,3,,,,,A,Euro short-term rate,"Euro short-term rate, Volume-weighted trimmed mean rate - Unsecured - Overnight - Borrowing - Financial corporations",,PC,0,3.5,True,-9.600000000000009,-10.180000000000003,0.31234487675302225,1.8569217655476804,False,Normal transmission
2023-07-06,3.406,EST.B.EU000A2X2A25.WT,B,EU000A2X2A25,WT,A,F,,,,,P1D,,,,"ESA 2010 Sectors: S.121, S.122, S.123, S.124, S.125, S.126, S.127, S.128, S.129",,3,,,,,A,Euro short-term rate,"Euro short-term rate, Volume-weighted trimmed mean rate - Unsecured - Overnight - Borrowing - Financial corporations",,PC,0,3.5,True,-9.399999999999986,-10.16666666666667,0.32815181824754835,2.3363169851106296,True,Unusually above policy rate
2023-07-07,3.406,EST.B.EU000A2X2A25.WT,B,EU000A2X2A25,WT,A,F,,,,,P1D,,,,"ESA 2010 Sectors: S.121, S.122, S.123, S.124, S.125, S.126, S.127, S.128, S.129",,3,,,,,A,Euro short-term rate,"Euro short-term rate, Volume-weighted trimmed mean rate - Unsecured - Overnight - Borrowing - Financial corporations",,PC,0,3.5,True,-9.399999999999986,-10.155000000000005,0.34268382423130805,2.203197077345563,True,Unusually above policy rate
2023-07-10,3.402,EST.B.EU000A2X2A25.WT,B,EU000A2X2A25,WT,A,F,,,,,P1D,,,,"ESA 2010 Sectors: S.121, S.122, S.123, S.124, S.125, S.126, S.127, S.128, S.129",,3,,,,,A,Euro short-term rate,"Euro short-term rate, Volume-weighted trimmed mean rate - Unsecured - Overnight - Borrowing - Financial corporations",,PC,0,3.5,True,-9.799999999999986,-10.145000000000003,0.3441644266078885,1.002427831953359,False,Normal transmission
2023-07-11,3.404,EST.B.EU000A2X2A25.WT,B,EU000A2X2A25,WT,A,F,,,,,P1D,,,,"ESA 2010 Sectors: S.121, S.122, S.123, S.124, S.125, S.126, S.127, S.128, S.129",,3,,,,,A,Euro short-term rate,"Euro short-term rate, Volume-weighted trimmed mean rate - Unsecured - Overnight - Borrowing - Financial corporations",,PC,0,3.5,True,-9.600000000000009,-10.133333333333336,0.3506249464988313,1.5210935178997755,False,Normal transmission
2023-07-12,3.404,EST.B.EU000A2X2A25.WT,B,EU000A2X2A25,WT,A,F,,,,,P1D,,,,"ESA 2010 Sectors: S.121, S.122, S.123, S.124, S.125, S.126, S.127, S.128, S.129",,3,,,,,A,Euro short-term rate,"Euro short-term rate, Volume-weighted trimmed mean rate - Unsecured - Overnight - Borrowing - Financial corporations",,PC,0,3.5,True,-9.600000000000009,-10.128333333333336,0.3561049486643518,1.4836450190174413,False,Normal transmission
2023-07-13,3.401,EST.B.EU000A2X2A25.WT,B,EU000A2X2A25,WT,A,F,,,,,P1D,,,,"ESA 2010 Sectors: S.121, S.122, S.123, S.124, S.125, S.126, S.127, S.128, S.129",,3,,,,,A,Euro short-term rate,"Euro short-term rate, Volume-weighted trimmed mean rate - Unsecured - Overnight - Borrowing - Financial corporations",,PC,0,3.5,True,-9.90000000000002,-10.130000000000003,0.35477374026219083,0.6483005191703428,False,Normal transmission
2023-07-14,3.402,EST.B.EU000A2X2A25.WT,B,EU000A2X2A25,WT,A,F,,,,,P1D,,,,"ESA 2010 Sectors: S.121, S.122, S.123, S.124, S.125, S.126, S.127, S.128, S.129",,3,,,,,A,Euro short-term rate,"Euro short-term rate, Volume-weighted trimmed mean rate - Unsecured - Overnight - Borrowing - Financial corporations",,PC,0,3.5,True,-9.799999999999986,-10.133333333333335,0.35062494649883125,0.9506834486874117,False,Normal transmission
2023-07-17,3.4,EST.B.EU000A2X2A25.WT,B,EU000A2X2A25,WT,A,F,,,,,P1D,,,,"ESA 2010 Sectors: S.121, S.122, S.123, S.124, S.125, S.126, S.127, S.128, S.129",,3,,,,,A,Euro short-term rate,"Euro short-term rate, Volume-weighted trimmed mean rate - Unsecured - Overnight - Borrowing - Financial corporations",,PC,0,3.5,True,-10.000000000000009,-10.136666666666668,0.3483455651624188,0.3923307207971421,False,Normal transmission
2023-07-18,3.399,EST.B.EU000A2X2A25.WT,B,EU000A2X2A25,WT,A,F,,,,,P1D,,,,"ESA 2010 Sectors: S.121, S.122, S.123, S.124, S.125, S.126, S.127, S.128, S.129",,3,,,,,A,Euro short-term rate,"Euro short-term rate, Volume-weighted trimmed mean rate - Unsecured - Overnight - Borrowing - Financial corporations",,PC,0,3.5,True,-10.099999999999998,-10.14666666666667,0.33822400894370636,0.1379756180302367,False,Normal transmission
2023-07-19,3.4,EST.B.EU000A2X2A25.WT,B,EU000A2X2A25,WT,A,F,,,,,P1D,,,,"ESA 2010 Sectors: S.121, S.122, S.123, S.124, S.125, S.126, S.127, S.128, S.129",,3,,,,,A,Euro short-term rate,"Euro short-term rate, Volume-weighted trimmed mean rate - Unsecured - Overnight - Borrowing - Financial corporations",,PC,0,3.5,True,-10.000000000000009,-10.148333333333335,0.33723284048343916,0.43985435440001486,False,Normal transmission
2023-07-20,3.403,EST.B.EU000A2X2A25.WT,B,EU000A2X2A25,WT,A,F,,,,,P1D,,,,"ESA 2010 Sectors: S.121, S.122, S.123, S.124, S.125, S.126, S.127, S.128, S.129",,3,,,,,A,Euro short-term rate,"Euro short-term rate, Volume-weighted trimmed mean rate - Unsecured - Overnight - Borrowing - Financial corporations",,PC,0,3.5,True,-9.699999999999998,-10.143333333333336,0.3416642551933112,1.2975701338218828,False,Normal transmission
2023-07-21,3.404,EST.B.EU000A2X2A25.WT,B,EU000A2X2A25,WT,A,F,,,,,P1D,,,,"ESA 2010 Sectors: S.121, S.122, S.123, S.124, S.125, S.126, S.127, S.128, S.129",,3,,,,,A,Euro short-term rate,"Euro short-term rate, Volume-weighted trimmed mean rate - Unsecured - Overnight - Borrowing - Financial corporations",,PC,0,3.5,True,-9.600000000000009,-10.136666666666668,0.3483455651624196,1.5406157572766392,False,Normal transmission
2023-07-24,3.405,EST.B.EU000A2X2A25.WT,B,EU000A2X2A25,WT,A,F,,,,,P1D,,,,"ESA 2010 Sectors: S.121, S.122, S.123, S.124, S.125, S.126, S.127, S.128, S.129",,3,,,,,A,Euro short-term rate,"Euro short-term rate, Volume-weighted trimmed mean rate - Unsecured - Overnight - Borrowing - Financial corporations",,PC,0,3.5,True,-9.50000000000002,-10.118333333333338,0.3524690954917895,1.7542909186706885,False,Normal transmission
2023-07-25,3.405,EST.B.EU000A2X2A25.WT,B,EU000A2X2A25,WT,A,F,,,,,P1D,,,,"ESA 2010 Sectors: S.121, S.122, S.123, S.124, S.125, S.126, S.127, S.128, S.129",,3,,,,,A,Euro short-term rate,"Euro short-term rate, Volume-weighted trimmed mean rate - Unsecured - Overnight - Borrowing - Financial corporations",,PC,0,3.5,True,-9.50000000000002,-10.103333333333335,0.35936227255767533,1.6789000387804611,False,Normal transmission
2023-07-26,3.402,EST.B.EU000A2X2A25.WT,B,EU000A2X2A25,WT,A,F,,,,,P1D,,,,"ESA 2010 Sectors: S.121, S.122, S.123, S.124, S.125, S.126, S.127, S.128, S.129",,3,,,,,A,Euro short-term rate,"Euro short-term rate, Volume-weighted trimmed mean rate - Unsecured - Overnight - Borrowing - Financial corporations",,PC,0,3.5,True,-9.799999999999986,-10.093333333333335,0.3593151049326098,0.8163679436420135,False,Normal transmission
2023-07-27,3.403,EST.B.EU000A2X2A25.WT,B,EU000A2X2A25,WT,A,F,,,,,P1D,,,,"ESA 2010 Sectors: S.121, S.122, S.123, S.124, S.125, S.126, S.127, S.128, S.129",,3,,,,,A,Euro short-term rate,"Euro short-term rate, Volume-weighted trimmed mean rate - Unsecured - Overnight - Borrowing - Financial corporations",,PC,0,3.5,True,-9.699999999999998,-10.083333333333337,0.36180651569896305,1.0594981480441001,False,Normal transmission
2023-07-28,3.404,EST.B.EU000A2X2A25.WT,B,EU000A2X2A25,WT,A,F,,,,,P1D,,,,"ESA 2010 Sectors: S.121, S.122, S.123, S.124, S.125, S.126, S.127, S.128, S.129",,3,,,,,A,Euro short-term rate,"Euro short-term rate, Volume-weighted trimmed mean rate - Unsecured - Overnight - Borrowing - Financial corporations",,PC,0,3.5,True,-9.600000000000009,-10.073333333333336,0.3667847781005802,1.2904933944764996,False,Normal transmission
2023-07-31,3.392,EST.B.EU000A2X2A25.WT,B,EU000A2X2A25,WT,A,F,,,,,P1D,,,,"ESA 2010 Sectors: S.121, S.122, S.123, S.124, S.125, S.126, S.127, S.128, S.129",,3,,,,,A,Euro short-term rate,"Euro short-term rate, Volume-weighted trimmed mean rate - Unsecured - Overnight - Borrowing - Financial corporations",,PC,0,3.5,True,-10.80000000000001,-10.073333333333336,0.3667847781005802,-1.981179999971008,False,Normal transmission
2023-08-01,3.404,EST.B.EU000A2X2A25.WT,B,EU000A2X2A25,WT,A,F,,,,,P1D,,,,"ESA 2010 Sectors: S.121, S.122, S.123, S.124, S.125, S.126, S.127, S.128, S.129",,3,,,,,A,Euro short-term rate,"Euro short-term rate, Volume-weighted trimmed mean rate - Unsecured - Overnight - Borrowing - Financial corporations",,PC,0,3.5,True,-9.600000000000009,-10.05666666666667,0.3651638437309013,1.2505801834071808,False,Normal transmission
2023-08-02,3.655,EST.B.EU000A2X2A25.WT,B,EU000A2X2A25,WT,A,F,,,,,P1D,,,,"ESA 2010 Sectors: S.121, S.122, S.123, S.124, S.125, S.126, S.127, S.128, S.129",,3,,,,,A,Euro short-term rate,"Euro short-term rate, Volume-weighted trimmed mean rate - Unsecured - Overnight - Borrowing - Financial corporations",,PC,0,3.75,True,-9.50000000000002,-10.040000000000003,0.36740039581827094,1.4697861138589683,False,Normal transmission
2023-08-03,3.653,EST.B.EU000A2X2A25.WT,B,EU000A2X2A25,WT,A,F,,,,,P1D,,,,"ESA 2010 Sectors: S.121, S.122, S.123, S.124, S.125, S.126, S.127, S.128, S.129",,3,,,,,A,Euro short-term rate,"Euro short-term rate, Volume-weighted trimmed mean rate - Unsecured - Overnight - Borrowing - Financial corporations",,PC,0,3.75,True,-9.699999999999998,-10.02666666666667,0.36493169394134944,0.8951446862249626,False,Normal transmission
2023-08-04,3.653,EST.B.EU000A2X2A25.WT,B,EU000A2X2A25,WT,A,F,,,,,P1D,,,,"ESA 2010 Sectors: S.121, S.122, S.123, S.124, S.125, S.126, S.127, S.128, S.129",,3,,,,,A,Euro short-term rate,"Euro short-term rate, Volume-weighted trimmed mean rate - Unsecured - Overnight - Borrowing - Financial corporations",,PC,0,3.75,True,-9.699999999999998,-10.018333333333336,0.3666114493605253,0.8683125796769375,False,Normal transmission
2023-08-07,3.653,EST.B.EU000A2X2A25.WT,B,EU000A2X2A25,WT,A,F,,,,,P1D,,,,"ESA 2010 Sectors: S.121, S.122, S.123, S.124, S.125, S.126, S.127, S.128, S.129",,3,,,,,A,Euro short-term rate,"Euro short-term rate, Volume-weighted trimmed mean rate - Unsecured - Overnight - Borrowing - Financial corporations",,PC,0,3.75,True,-9.699999999999998,-10.005000000000003,0.3633297050562156,0.8394579241816037,False,Normal transmission
2023-08-08,3.652,EST.B.EU000A2X2A25.WT,B,EU000A2X2A25,WT,A,F,,,,,P1D,,,,"ESA 2010 Sectors: S.121, S.122, S.123, S.124, S.125, S.126, S.127, S.128, S.129",,3,,,,,A,Euro short-term rate,"Euro short-term rate, Volume-weighted trimmed mean rate - Unsecured - Overnight - Borrowing - Financial corporations",,PC,0,3.75,True,-9.799999999999986,-9.99666666666667,0.362181089018882,0.5430064479607055,False,Normal transmission
2023-08-09,3.649,EST.B.EU000A2X2A25.WT,B,EU000A2X2A25,WT,A,F,,,,,P1D,,,,"ESA 2010 Sectors: S.121, S.122, S.123, S.124, S.125, S.126, S.127, S.128, S.129",,3,,,,,A,Euro short-term rate,"Euro short-term rate, Volume-weighted trimmed mean rate - Unsecured - Overnight - Borrowing - Financial corporations",,PC,0,3.75,True,-10.099999999999998,-10.000000000000002,0.3621966878340159,-0.2760930824575159,False,Normal transmission
2023-08-10,3.652,EST.B.EU000A2X2A25.WT,B,EU000A2X2A25,WT,A,F,,,,,P1D,,,,"ESA 2010 Sectors: S.121, S.122, S.123, S.124, S.125, S.126, S.127, S.128, S.129",,3,,,,,A,Euro short-term rate,"Euro short-term rate, Volume-weighted trimmed mean rate - Unsecured - Overnight - Borrowing - Financial corporations",,PC,0,3.75,True,-9.799999999999986,-10.001666666666669,0.36102099411537814,0.5586009399836506,False,Normal transmission
2023-08-11,3.653,EST.B.EU000A2X2A25.WT,B,EU000A2X2A25,WT,A,F,,,,,P1D,,,,"ESA 2010 Sectors: S.121, S.122, S.123, S.124, S.125, S.126, S.127, S.128, S.129",,3,,,,,A,Euro short-term rate,"Euro short-term rate, Volume-weighted trimmed mean rate - Unsecured - Overnight - Borrowing - Financial corporations",,PC,0,3.75,True,-9.699999999999998,-9.998333333333337,0.3628940484431315,0.82209486381282,False,Normal transmission
2023-08-14,3.656,EST.B.EU000A2X2A25.WT,B,EU000A2X2A25,WT,A,F,,,,,P1D,,,,"ESA 2010 Sectors: S.121, S.122, S.123, S.124, S.125, S.126, S.127, S.128, S.129",,3,,,,,A,Euro short-term rate,"Euro short-term rate, Volume-weighted trimmed mean rate - Unsecured - Overnight - Borrowing - Financial corporations",,PC,0,3.75,True,-9.399999999999986,-9.988333333333335,0.3710231692096352,1.5857051045804886,False,Normal transmission
2023-08-15,3.657,EST.B.EU000A2X2A25.WT,B,EU000A2X2A25,WT,A,F,,,,,P1D,,,,"ESA 2010 Sectors: S.121, S.122, S.123, S.124, S.125, S.126, S.127, S.128, S.129",,3,,,,,A,Euro short-term rate,"Euro short-term rate, Volume-weighted trimmed mean rate - Unsecured - Overnight - Borrowing - Financial corporations",,PC,0,3.75,True,-9.299999999999997,-9.988333333333335,0.3710231692096352,1.8552300515346427,False,Normal transmission
2023-08-16,3.654,EST.B.EU000A2X2A25.WT,B,EU000A2X2A25,WT,A,F,,,,,P1D,,,,"ESA 2010 Sectors: S.121, S.122, S.123, S.124, S.125, S.126, S.127, S.128, S.129",,3,,,,,A,Euro short-term rate,"Euro short-term rate, Volume-weighted trimmed mean rate - Unsecured - Overnight - Borrowing - Financial corporations",,PC,0,3.75,True,-9.600000000000009,-9.978333333333335,0.3733002911123953,1.013482556378227,False,Normal transmission
2023-08-17,3.654,EST.B.EU000A2X2A25.WT,B,EU000A2X2A25,WT,A,F,,,,,P1D,,,,"ESA 2010 Sectors: S.121, S.122, S.123, S.124, S.125, S.126, S.127, S.128, S.129",,3,,,,,A,Euro short-term rate,"Euro short-term rate, Volume-weighted trimmed mean rate - Unsecured - Overnight - Borrowing - Financial corporations",,PC,0,3.75,True,-9.600000000000009,-9.968333333333335,0.375292729437073,0.981456085988703,False,Normal transmission
2023-08-18,3.655,EST.B.EU000A2X2A25.WT,B,EU000A2X2A25,WT,A,F,,,,,P1D,,,,"ESA 2010 Sectors: S.121, S.122, S.123, S.124, S.125, S.126, S.127, S.128, S.129",,3,,,,,A,Euro short-term rate,"Euro short-term rate, Volume-weighted trimmed mean rate - Unsecured - Overnight - Borrowing - Financial corporations",,PC,0,3.75,True,-9.50000000000002,-9.963333333333336,0.3795477534844693,1.2207510888409885,False,Normal transmission
2023-08-21,3.654,EST.B.EU000A2X2A25.WT,B,EU000A2X2A25,WT,A,F,,,,,P1D,,,,"ESA 2010 Sectors: S.121, S.122, S.123, S.124, S.125, S.126, S.127, S.128, S.129",,3,,,,,A,Euro short-term rate,"Euro short-term rate, Volume-weighted trimmed mean rate - Unsecured - Overnight - Borrowing - Financial corporations",,PC,0,3.75,True,-9.600000000000009,-9.95166666666667,0.3797821260628287,0.9259695033896456,False,Normal transmission
2023-08-22,3.655,EST.B.EU000A2X2A25.WT,B,EU000A2X2A25,WT,A,F,,,,,P1D,,,,"ESA 2010 Sectors: S.121, S.122, S.123, S.124, S.125, S.126, S.127, S.128, S.129",,3,,,,,A,Euro short-term rate,"Euro short-term rate, Volume-weighted trimmed mean rate - Unsecured - Overnight - Borrowing - Financial corporations",,PC,0,3.75,True,-9.50000000000002,-9.940000000000003,0.3827642545696207,1.1495326294110682,False,Normal transmission
2023-08-23,3.652,EST.B.EU000A2X2A25.WT,B,EU000A2X2A25,WT,A,F,,,,,P1D,,,,"ESA 2010 Sectors: S.121, S.122, S.123, S.124, S.125, S.126, S.127, S.128, S.129",,3,,,,,A,Euro short-term rate,"Euro short-term rate, Volume-weighted trimmed mean rate - Unsecured - Overnight - Borrowing - Financial corporations",,PC,0,3.75,True,-9.799999999999986,-9.926666666666671,0.3731981191782173,0.3394086415698043,False,Normal transmission
2023-08-24,3.649,EST.B.EU000A2X2A25.WT,B,EU000A2X2A25,WT,A,F,,,,,P1D,,,,"ESA 2010 Sectors: S.121, S.122, S.123, S.124, S.125, S.126, S.127, S.128, S.129",,3,,,,,A,Euro short-term rate,"Euro short-term rate, Volume-weighted trimmed mean rate - Unsecured - Overnight - Borrowing - Financial corporations",,PC,0,3.75,True,-10.099999999999998,-9.923333333333336,0.37069182534620004,-0.4765863571490094,False,Normal transmission
2023-08-25,3.652,EST.B.EU000A2X2A25.WT,B,EU000A2X2A25,WT,A,F,,,,,P1D,,,,"ESA 2010 Sectors: S.121, S.122, S.123, S.124, S.125, S.126, S.127, S.128, S.129",,3,,,,,A,Euro short-term rate,"Euro short-term rate, Volume-weighted trimmed mean rate - Unsecured - Overnight - Borrowing - Financial corporations",,PC,0,3.75,True,-9.799999999999986,-9.91666666666667,0.36922578947818113,0.3159764837433637,False,Normal transmission
2023-08-28,3.651,EST.B.EU000A2X2A25.WT,B,EU000A2X2A25,WT,A,F,,,,,P1D,,,,"ESA 2010 Sectors: S.121, S.122, S.123, S.124, S.125, S.126, S.127, S.128, S.129",,3,,,,,A,Euro short-term rate,"Euro short-term rate, Volume-weighted trimmed mean rate - Unsecured - Overnight - Borrowing - Financial corporations",,PC,0,3.75,True,-9.90000000000002,-9.91166666666667,0.3673504153850693,0.03175895868913426,False,Normal transmission
2023-08-29,3.652,EST.B.EU000A2X2A25.WT,B,EU000A2X2A25,WT,A,F,,,,,P1D,,,,"ESA 2010 Sectors: S.121, S.122, S.123, S.124, S.125, S.126, S.127, S.128, S.129",,3,,,,,A,Euro short-term rate,"Euro short-term rate, Volume-weighted trimmed mean rate - Unsecured - Overnight - Borrowing - Financial corporations",,PC,0,3.75,True,-9.799999999999986,-9.900000000000004,0.3593779937236681,0.27825855157093765,False,Normal transmission
2023-08-30,3.652,EST.B.EU000A2X2A25.WT,B,EU000A2X2A25,WT,A,F,,,,,P1D,,,,"ESA 2010 Sectors: S.121, S.122, S.123, S.124, S.125, S.126, S.127, S.128, S.129",,3,,,,,A,Euro short-term rate,"Euro short-term rate, Volume-weighted trimmed mean rate - Unsecured - Overnight - Borrowing - Financial corporations",,PC,0,3.75,True,-9.799999999999986,-9.886666666666672,0.34761495680142773,0.24931800249375685,False,Normal transmission
2023-08-31,3.646,EST.B.EU000A2X2A25.WT,B,EU000A2X2A25,WT,A,F,,,,,P1D,,,,"ESA 2010 Sectors: S.121, S.122, S.123, S.124, S.125, S.126, S.127, S.128, S.129",,3,,,,,A,Euro short-term rate,"Euro short-term rate, Volume-weighted trimmed mean rate - Unsecured - Overnight - Borrowing - Financial corporations",,PC,0,3.75,True,-10.40000000000001,-9.886666666666672,0.34761495680142773,-1.4767297070780956,False,Normal transmission
2023-09-01,3.652,EST.B.EU000A2X2A25.WT,B,EU000A2X2A25,WT,A,F,,,,,P1D,,,,"ESA 2010 Sectors: S.121, S.122, S.123, S.124, S.125, S.126, S.127, S.128, S.129",,3,,,,,A,Euro short-term rate,"Euro short-term rate, Volume-weighted trimmed mean rate - Unsecured - Overnight - Borrowing - Financial corporations",,PC,0,3.75,True,-9.799999999999986,-9.878333333333336,0.3435071689808103,0.22803987924259347,False,Normal transmission
2023-09-04,3.652,EST.B.EU000A2X2A25.WT,B,EU000A2X2A25,WT,A,F,,,,,P1D,,,,"ESA 2010 Sectors: S.121, S.122, S.123, S.124, S.125, S.126, S.127, S.128, S.129",,3,,,,,A,Euro short-term rate,"Euro short-term rate, Volume-weighted trimmed mean rate - Unsecured - Overnight - Borrowing - Financial corporations",,PC,0,3.75,True,-9.799999999999986,-9.870000000000001,0.339141488397557,0.20640352889516522,False,Normal transmission
2023-09-05,3.651,EST.B.EU000A2X2A25.WT,B,EU000A2X2A25,WT,A,F,,,,,P1D,,,,"ESA 2010 Sectors: S.121, S.122, S.123, S.124, S.125, S.126, S.127, S.128, S.129",,3,,,,,A,Euro short-term rate,"Euro short-term rate, Volume-weighted trimmed mean rate - Unsecured - Overnight - Borrowing - Financial corporations",,PC,0,3.75,True,-9.90000000000002,-9.863333333333337,0.33444447572743746,-0.10963454124015888,False,Normal transmission
2023-09-06,3.652,EST.B.EU000A2X2A25.WT,B,EU000A2X2A25,WT,A,F,,,,,P1D,,,,"ESA 2010 Sectors: S.121, S.122, S.123, S.124, S.125, S.126, S.127, S.128, S.129",,3,,,,,A,Euro short-term rate,"Euro short-term rate, Volume-weighted trimmed mean rate - Unsecured - Overnight - Borrowing - Financial corporations",,PC,0,3.75,True,-9.799999999999986,-9.860000000000003,0.33405571442343396,0.17961075775510665,False,Normal transmission
2023-09-07,3.652,EST.B.EU000A2X2A25.WT,B,EU000A2X2A25,WT,A,F,,,,,P1D,,,,"ESA 2010 Sectors: S.121, S.122, S.123, S.124, S.125, S.126, S.127, S.128, S.129",,3,,,,,A,Euro short-term rate,"Euro short-term rate, Volume-weighted trimmed mean rate - Unsecured - Overnight - Borrowing - Financial corporations",,PC,0,3.75,True,-9.799999999999986,-9.851666666666667,0.32909308696320755,0.15699711939696984,False,Normal transmission
2023-09-08,3.653,EST.B.EU000A2X2A25.WT,B,EU000A2X2A25,WT,A,F,,,,,P1D,,,,"ESA 2010 Sectors: S.121, S.122, S.123, S.124, S.125, S.126, S.127, S.128, S.129",,3,,,,,A,Euro short-term rate,"Euro short-term rate, Volume-weighted trimmed mean rate - Unsecured - Overnight - Borrowing - Financial corporations",,PC,0,3.75,True,-9.699999999999998,-9.836666666666668,0.3145977612959089,0.43441716210473086,False,Normal transmission
2023-09-11,3.652,EST.B.EU000A2X2A25.WT,B,EU000A2X2A25,WT,A,F,,,,,P1D,,,,"ESA 2010 Sectors: S.121, S.122, S.123, S.124, S.125, S.126, S.127, S.128, S.129",,3,,,,,A,Euro short-term rate,"Euro short-term rate, Volume-weighted trimmed mean rate - Unsecured - Overnight - Borrowing - Financial corporations",,PC,0,3.75,True,-9.799999999999986,-9.823333333333334,0.2982245011854551,0.07824083279742826,False,Normal transmission
2023-09-12,3.654,EST.B.EU000A2X2A25.WT,B,EU000A2X2A25,WT,A,F,,,,,P1D,,,,"ESA 2010 Sectors: S.121, S.122, S.123, S.124, S.125, S.126, S.127, S.128, S.129",,3,,,,,A,Euro short-term rate,"Euro short-term rate, Volume-weighted trimmed mean rate - Unsecured - Overnight - Borrowing - Financial corporations",,PC,0,3.75,True,-9.600000000000009,-9.806666666666668,0.28156142519557187,0.7340020619767418,False,Normal transmission
2023-09-13,3.652,EST.B.EU000A2X2A25.WT,B,EU000A2X2A25,WT,A,F,,,,,P1D,,,,"ESA 2010 Sectors: S.121, S.122, S.123, S.124, S.125, S.126, S.127, S.128, S.129",,3,,,,,A,Euro short-term rate,"Euro short-term rate, Volume-weighted trimmed mean rate - Unsecured - Overnight - Borrowing - Financial corporations",,PC,0,3.75,True,-9.799999999999986,-9.795,0.2664423491558702,-0.01876578560362994,False,Normal transmission
2023-09-14,3.653,EST.B.EU000A2X2A25.WT,B,EU000A2X2A25,WT,A,F,,,,,P1D,,,,"ESA 2010 Sectors: S.121, S.122, S.123, S.124, S.125, S.126, S.127, S.128, S.129",,3,,,,,A,Euro short-term rate,"Euro short-term rate, Volume-weighted trimmed mean rate - Unsecured - Overnight - Borrowing - Financial corporations",,PC,0,3.75,True,-9.699999999999998,-9.785000000000002,0.25830280482995255,0.32907114599844206,False,Normal transmission
2023-09-15,3.65,EST.B.EU000A2X2A25.WT,B,EU000A2X2A25,WT,A,F,,,,,P1D,,,,"ESA 2010 Sectors: S.121, S.122, S.123, S.124, S.125, S.126, S.127, S.128, S.129",,3,,,,,A,Euro short-term rate,"Euro short-term rate, Volume-weighted trimmed mean rate - Unsecured - Overnight - Borrowing - Financial corporations",,PC,0,3.75,True,-10.000000000000009,-9.785,0.25830280482995255,-0.8323564281136971,False,Normal transmission
2023-09-18,3.648,EST.B.EU000A2X2A25.WT,B,EU000A2X2A25,WT,A,F,,,,,P1D,,,,"ESA 2010 Sectors: S.121, S.122, S.123, S.124, S.125, S.126, S.127, S.128, S.129",,3,,,,,A,Euro short-term rate,"Euro short-term rate, Volume-weighted trimmed mean rate - Unsecured - Overnight - Borrowing - Financial corporations",,PC,0,3.75,True,-10.199999999999987,-9.788333333333334,0.2623826075949604,-1.5689556195818513,False,Normal transmission
2023-09-19,3.651,EST.B.EU000A2X2A25.WT,B,EU000A2X2A25,WT,A,F,,,,,P1D,,,,"ESA 2010 Sectors: S.121, S.122, S.123, S.124, S.125, S.126, S.127, S.128, S.129",,3,,,,,A,Euro short-term rate,"Euro short-term rate, Volume-weighted trimmed mean rate - Unsecured - Overnight - Borrowing - Financial corporations",,PC,0,3.75,True,-9.90000000000002,-9.781666666666668,0.2541130581604434,-0.46567198942857096,False,Normal transmission
2023-09-20,3.901,EST.B.EU000A2X2A25.WT,B,EU000A2X2A25,WT,A,F,,,,,P1D,,,,"ESA 2010 Sectors: S.121, S.122, S.123, S.124, S.125, S.126, S.127, S.128, S.129",,3,,,,,A,Euro short-term rate,"Euro short-term rate, Volume-weighted trimmed mean rate - Unsecured - Overnight - Borrowing - Financial corporations",,PC,0,4.0,True,-9.90000000000002,-9.780000000000001,0.25298221281340966,-0.47434164902544484,False,Normal transmission
2023-09-21,3.902,EST.B.EU000A2X2A25.WT,B,EU000A2X2A25,WT,A,F,,,,,P1D,,,,"ESA 2010 Sectors: S.121, S.122, S.123, S.124, S.125, S.126, S.127, S.128, S.129",,3,,,,,A,Euro short-term rate,"Euro short-term rate, Volume-weighted trimmed mean rate - Unsecured - Overnight - Borrowing - Financial corporations",,PC,0,4.0,True,-9.799999999999986,-9.776666666666669,0.2513466555236157,-0.09283327556003672,False,Normal transmission
2023-09-22,3.905,EST.B.EU000A2X2A25.WT,B,EU000A2X2A25,WT,A,F,,,,,P1D,,,,"ESA 2010 Sectors: S.121, S.122, S.123, S.124, S.125, S.126, S.127, S.128, S.129",,3,,,,,A,Euro short-term rate,"Euro short-term rate, Volume-weighted trimmed mean rate - Unsecured - Overnight - Borrowing - Financial corporations",,PC,0,4.0,True,-9.50000000000002,-9.768333333333336,0.2521041395437814,1.0643749595659329,False,Normal transmission
2023-09-25,3.904,EST.B.EU000A2X2A25.WT,B,EU000A2X2A25,WT,A,F,,,,,P1D,,,,"ESA 2010 Sectors: S.121, S.122, S.123, S.124, S.125, S.126, S.127, S.128, S.129",,3,,,,,A,Euro short-term rate,"Euro short-term rate, Volume-weighted trimmed mean rate - Unsecured - Overnight - Borrowing - Financial corporations",,PC,0,4.0,True,-9.600000000000009,-9.760000000000002,0.24920211659458977,0.6420491213575297,False,Normal transmission
2023-09-26,3.904,EST.B.EU000A2X2A25.WT,B,EU000A2X2A25,WT,A,F,,,,,P1D,,,,"ESA 2010 Sectors: S.121, S.122, S.123, S.124, S.125, S.126, S.127, S.128, S.129",,3,,,,,A,Euro short-term rate,"Euro short-term rate, Volume-weighted trimmed mean rate - Unsecured - Overnight - Borrowing - Financial corporations",,PC,0,4.0,True,-9.600000000000009,-9.755,0.24935510041237202,0.6216034873305594,False,Normal transmission
2023-09-27,3.905,EST.B.EU000A2X2A25.WT,B,EU000A2X2A25,WT,A,F,,,,,P1D,,,,"ESA 2010 Sectors: S.121, S.122, S.123, S.124, S.125, S.126, S.127, S.128, S.129",,3,,,,,A,Euro short-term rate,"Euro short-term rate, Volume-weighted trimmed mean rate - Unsecured - Overnight - Borrowing - Financial corporations",,PC,0,4.0,True,-9.50000000000002,-9.753333333333336,0.2507390206911247,1.0103466649707755,False,Normal transmission
2023-09-28,3.906,EST.B.EU000A2X2A25.WT,B,EU000A2X2A25,WT,A,F,,,,,P1D,,,,"ESA 2010 Sectors: S.121, S.122, S.123, S.124, S.125, S.126, S.127, S.128, S.129",,3,,,,,A,Euro short-term rate,"Euro short-term rate, Volume-weighted trimmed mean rate - Unsecured - Overnight - Borrowing - Financial corporations",,PC,0,4.0,True,-9.399999999999986,-9.753333333333334,0.2507390206911247,1.409167716933077,False,Normal transmission
2023-09-29,3.88,EST.B.EU000A2X2A25.WT,B,EU000A2X2A25,WT,A,F,,,,,P1D,,,,"ESA 2010 Sectors: S.121, S.122, S.123, S.124, S.125, S.126, S.127, S.128, S.129",,3,,,,,A,Euro short-term rate,"Euro short-term rate, Volume-weighted trimmed mean rate - Unsecured - Overnight - Borrowing - Financial corporations",,PC,0,4.0,True,-12.00000000000001,-9.796666666666669,0.3799940528823547,-5.7983363597942645,True,Unusually below policy rate
2023-10-02,3.899,EST.B.EU000A2X2A25.WT,B,EU000A2X2A25,WT,A,F,,,,,P1D,,,,"ESA 2010 Sectors: S.121, S.122, S.123, S.124, S.125, S.126, S.127, S.128, S.129",,3,,,,,A,Euro short-term rate,"Euro short-term rate, Volume-weighted trimmed mean rate - Unsecured - Overnight - Borrowing - Financial corporations",,PC,0,4.0,True,-10.099999999999998,-9.80166666666667,0.3820070398972281,-0.7809629199859497,False,Normal transmission
2023-10-03,3.9,EST.B.EU000A2X2A25.WT,B,EU000A2X2A25,WT,A,F,,,,,P1D,,,,"ESA 2010 Sectors: S.121, S.122, S.123, S.124, S.125, S.126, S.127, S.128, S.129",,3,,,,,A,Euro short-term rate,"Euro short-term rate, Volume-weighted trimmed mean rate - Unsecured - Overnight - Borrowing - Financial corporations",,PC,0,4.0,True,-10.000000000000009,-9.808333333333335,0.38191829220511675,-0.5018525443231067,False,Normal transmission
2023-10-04,3.901,EST.B.EU000A2X2A25.WT,B,EU000A2X2A25,WT,A,F,,,,,P1D,,,,"ESA 2010 Sectors: S.121, S.122, S.123, S.124, S.125, S.126, S.127, S.128, S.129",,3,,,,,A,Euro short-term rate,"Euro short-term rate, Volume-weighted trimmed mean rate - Unsecured - Overnight - Borrowing - Financial corporations",,PC,0,4.0,True,-9.90000000000002,-9.813333333333334,0.3811075148210494,-0.2274073937045829,False,Normal transmission
2023-10-05,3.9,EST.B.EU000A2X2A25.WT,B,EU000A2X2A25,WT,A,F,,,,,P1D,,,,"ESA 2010 Sectors: S.121, S.122, S.123, S.124, S.125, S.126, S.127, S.128, S.129",,3,,,,,A,Euro short-term rate,"Euro short-term rate, Volume-weighted trimmed mean rate - Unsecured - Overnight - Borrowing - Financial corporations",,PC,0,4.0,True,-10.000000000000009,-9.815000000000001,0.3817111340142929,-0.48465969031199496,False,Normal transmission
2023-10-06,3.899,EST.B.EU000A2X2A25.WT,B,EU000A2X2A25,WT,A,F,,,,,P1D,,,,"ESA 2010 Sectors: S.121, S.122, S.123, S.124, S.125, S.126, S.127, S.128, S.129",,3,,,,,A,Euro short-term rate,"Euro short-term rate, Volume-weighted trimmed mean rate - Unsecured - Overnight - Borrowing - Financial corporations",,PC,0,4.0,True,-10.099999999999998,-9.820000000000002,0.38347209475735783,-0.7301704708843703,False,Normal transmission
2023-10-09,3.9,EST.B.EU000A2X2A25.WT,B,EU000A2X2A25,WT,A,F,,,,,P1D,,,,"ESA 2010 Sectors: S.121, S.122, S.123, S.124, S.125, S.126, S.127, S.128, S.129",,3,,,,,A,Euro short-term rate,"Euro short-term rate, Volume-weighted trimmed mean rate - Unsecured - Overnight - Borrowing - Financial corporations",,PC,0,4.0,True,-10.000000000000009,-9.820000000000002,0.38347209475735783,-0.46939530271140567,False,Normal transmission
2023-10-10,3.899,EST.B.EU000A2X2A25.WT,B,EU000A2X2A25,WT,A,F,,,,,P1D,,,,"ESA 2010 Sectors: S.121, S.122, S.123, S.124, S.125, S.126, S.127, S.128, S.129",,3,,,,,A,Euro short-term rate,"Euro short-term rate, Volume-weighted trimmed mean rate - Unsecured - Overnight - Borrowing - Financial corporations",,PC,0,4.0,True,-10.099999999999998,-9.820000000000002,0.38347209475735783,-0.7301704708843703,False,Normal transmission
2023-10-11,3.901,EST.B.EU000A2X2A25.WT,B,EU000A2X2A25,WT,A,F,,,,,P1D,,,,"ESA 2010 Sectors: S.121, S.122, S.123, S.124, S.125, S.126, S.127, S.128, S.129",,3,,,,,A,Euro short-term rate,"Euro short-term rate, Volume-weighted trimmed mean rate - Unsecured - Overnight - Borrowing - Financial corporations",,PC,0,4.0,True,-9.90000000000002,-9.818333333333335,0.382893385464854,-0.21328826709173065,False,Normal transmission
2023-10-12,3.901,EST.B.EU000A2X2A25.WT,B,EU000A2X2A25,WT,A,F,,,,,P1D,,,,"ESA 2010 Sectors: S.121, S.122, S.123, S.124, S.125, S.126, S.127, S.128, S.129",,3,,,,,A,Euro short-term rate,"Euro short-term rate, Volume-weighted trimmed mean rate - Unsecured - Overnight - Borrowing - Financial corporations",,PC,0,4.0,True,-9.90000000000002,-9.821666666666669,0.38271628056877627,-0.20467729571612506,False,Normal transmission
2023-10-13,3.903,EST.B.EU000A2X2A25.WT,B,EU000A2X2A25,WT,A,F,,,,,P1D,,,,"ESA 2010 Sectors: S.121, S.122, S.123, S.124, S.125, S.126, S.127, S.128, S.129",,3,,,,,A,Euro short-term rate,"Euro short-term rate, Volume-weighted trimmed mean rate - Unsecured - Overnight - Borrowing - Financial corporations",,PC,0,4.0,True,-9.699999999999998,-9.823333333333334,0.3819515750061602,0.3229030625972611,False,Normal transmission
2023-10-16,3.902,EST.B.EU000A2X2A25.WT,B,EU000A2X2A25,WT,A,F,,,,,P1D,,,,"ESA 2010 Sectors: S.121, S.122, S.123, S.124, S.125, S.126, S.127, S.128, S.129",,3,,,,,A,Euro short-term rate,"Euro short-term rate, Volume-weighted trimmed mean rate - Unsecured - Overnight - Borrowing - Financial corporations",,PC,0,4.0,True,-9.799999999999986,-9.828333333333335,0.37960356960448394,0.07463927002285424,False,Normal transmission
2023-10-17,3.904,EST.B.EU000A2X2A25.WT,B,EU000A2X2A25,WT,A,F,,,,,P1D,,,,"ESA 2010 Sectors: S.121, S.122, S.123, S.124, S.125, S.126, S.127, S.128, S.129",,3,,,,,A,Euro short-term rate,"Euro short-term rate, Volume-weighted trimmed mean rate - Unsecured - Overnight - Borrowing - Financial corporations",,PC,0,4.0,True,-9.600000000000009,-9.830000000000002,0.37835504803405307,0.6078946248902503,False,Normal transmission
2023-10-18,3.903,EST.B.EU000A2X2A25.WT,B,EU000A2X2A25,WT,A,F,,,,,P1D,,,,"ESA 2010 Sectors: S.121, S.122, S.123, S.124, S.125, S.126, S.127, S.128, S.129",,3,,,,,A,Euro short-term rate,"Euro short-term rate, Volume-weighted trimmed mean rate - Unsecured - Overnight - Borrowing - Financial corporations",,PC,0,4.0,True,-9.699999999999998,-9.828333333333337,0.37870952451023926,0.33887009707322374,False,Normal transmission
2023-10-19,3.905,EST.B.EU000A2X2A25.WT,B,EU000A2X2A25,WT,A,F,,,,,P1D,,,,"ESA 2010 Sectors: S.121, S.122, S.123, S.124, S.125, S.126, S.127, S.128, S.129",,3,,,,,A,Euro short-term rate,"Euro short-term rate, Volume-weighted trimmed mean rate - Unsecured - Overnight - Borrowing - Financial corporations",,PC,0,4.0,True,-9.50000000000002,-9.825000000000001,0.3807330129088009,0.8536165475039345,False,Normal transmission
2023-10-20,3.905,EST.B.EU000A2X2A25.WT,B,EU000A2X2A25,WT,A,F,,,,,P1D,,,,"ESA 2010 Sectors: S.121, S.122, S.123, S.124, S.125, S.126, S.127, S.128, S.129",,3,,,,,A,Euro short-term rate,"Euro short-term rate, Volume-weighted trimmed mean rate - Unsecured - Overnight - Borrowing - Financial corporations",,PC,0,4.0,True,-9.50000000000002,-9.823333333333334,0.3819515750061602,0.846529650592748,False,Normal transmission
2023-10-23,3.905,EST.B.EU000A2X2A25.WT,B,EU000A2X2A25,WT,A,F,,,,,P1D,,,,"ESA 2010 Sectors: S.121, S.122, S.123, S.124, S.125, S.126, S.127, S.128, S.129",,3,,,,,A,Euro short-term rate,"Euro short-term rate, Volume-weighted trimmed mean rate - Unsecured - Overnight - Borrowing - Financial corporations",,PC,0,4.0,True,-9.50000000000002,-9.80166666666667,0.3619587328601895,0.8334283421838918,False,Normal transmission
2023-10-24,3.904,EST.B.EU000A2X2A25.WT,B,EU000A2X2A25,WT,A,F,,,,,P1D,,,,"ESA 2010 Sectors: S.121, S.122, S.123, S.124, S.125, S.126, S.127, S.128, S.129",,3,,,,,A,Euro short-term rate,"Euro short-term rate, Volume-weighted trimmed mean rate - Unsecured - Overnight - Borrowing - Financial corporations",,PC,0,4.0,True,-9.600000000000009,-9.80166666666667,0.3619587328601895,0.5571537536146609,False,Normal transmission
2023-10-25,3.9,EST.B.EU000A2X2A25.WT,B,EU000A2X2A25,WT,A,F,,,,,P1D,,,,"ESA 2010 Sectors: S.121, S.122, S.123, S.124, S.125, S.126, S.127, S.128, S.129",,3,,,,,A,Euro short-term rate,"Euro short-term rate, Volume-weighted trimmed mean rate - Unsecured - Overnight - Borrowing - Financial corporations",,PC,0,4.0,True,-10.000000000000009,-9.810000000000002,0.36064913227420686,-0.5268278307004127,False,Normal transmission
2023-10-26,3.901,EST.B.EU000A2X2A25.WT,B,EU000A2X2A25,WT,A,F,,,,,P1D,,,,"ESA 2010 Sectors: S.121, S.122, S.123, S.124, S.125, S.126, S.127, S.128, S.129",,3,,,,,A,Euro short-term rate,"Euro short-term rate, Volume-weighted trimmed mean rate - Unsecured - Overnight - Borrowing - Financial corporations",,PC,0,4.0,True,-9.90000000000002,-9.813333333333336,0.3605394577087792,-0.2403805320434236,False,Normal transmission
2023-10-27,3.903,EST.B.EU000A2X2A25.WT,B,EU000A2X2A25,WT,A,F,,,,,P1D,,,,"ESA 2010 Sectors: S.121, S.122, S.123, S.124, S.125, S.126, S.127, S.128, S.129",,3,,,,,A,Euro short-term rate,"Euro short-term rate, Volume-weighted trimmed mean rate - Unsecured - Overnight - Borrowing - Financial corporations",,PC,0,4.0,True,-9.699999999999998,-9.813333333333336,0.3605394577087792,0.31434377267212193,False,Normal transmission
2023-10-30,3.899,EST.B.EU000A2X2A25.WT,B,EU000A2X2A25,WT,A,F,,,,,P1D,,,,"ESA 2010 Sectors: S.121, S.122, S.123, S.124, S.125, S.126, S.127, S.128, S.129",,3,,,,,A,Euro short-term rate,"Euro short-term rate, Volume-weighted trimmed mean rate - Unsecured - Overnight - Borrowing - Financial corporations",,PC,0,4.0,True,-10.099999999999998,-9.820000000000002,0.36210308486364123,-0.7732604656086723,False,Normal transmission
2023-10-31,3.882,EST.B.EU000A2X2A25.WT,B,EU000A2X2A25,WT,A,F,,,,,P1D,,,,"ESA 2010 Sectors: S.121, S.122, S.123, S.124, S.125, S.126, S.127, S.128, S.129",,3,,,,,A,Euro short-term rate,"Euro short-term rate, Volume-weighted trimmed mean rate - Unsecured - Overnight - Borrowing - Financial corporations",,PC,0,4.0,True,-11.799999999999988,-9.853333333333335,0.4432035407474098,-4.392263345603766,True,Unusually below policy rate
2023-11-01,3.9,EST.B.EU000A2X2A25.WT,B,EU000A2X2A25,WT,A,F,,,,,P1D,,,,"ESA 2010 Sectors: S.121, S.122, S.123, S.124, S.125, S.126, S.127, S.128, S.129",,3,,,,,A,Euro short-term rate,"Euro short-term rate, Volume-weighted trimmed mean rate - Unsecured - Overnight - Borrowing - Financial corporations",,PC,0,4.0,True,-10.000000000000009,-9.851666666666668,0.4424476093342773,-0.3352562658356958,False,Normal transmission
2023-11-02,3.903,EST.B.EU000A2X2A25.WT,B,EU000A2X2A25,WT,A,F,,,,,P1D,,,,"ESA 2010 Sectors: S.121, S.122, S.123, S.124, S.125, S.126, S.127, S.128, S.129",,3,,,,,A,Euro short-term rate,"Euro short-term rate, Volume-weighted trimmed mean rate - Unsecured - Overnight - Borrowing - Financial corporations",,PC,0,4.0,True,-9.699999999999998,-9.850000000000003,0.442833710229045,0.33872760030491317,False,Normal transmission
2023-11-03,3.902,EST.B.EU000A2X2A25.WT,B,EU000A2X2A25,WT,A,F,,,,,P1D,,,,"ESA 2010 Sectors: S.121, S.122, S.123, S.124, S.125, S.126, S.127, S.128, S.129",,3,,,,,A,Euro short-term rate,"Euro short-term rate, Volume-weighted trimmed mean rate - Unsecured - Overnight - Borrowing - Financial corporations",,PC,0,4.0,True,-9.799999999999986,-9.851666666666668,0.4424476093342773,0.11677465439223728,False,Normal transmission
2023-11-06,3.9,EST.B.EU000A2X2A25.WT,B,EU000A2X2A25,WT,A,F,,,,,P1D,,,,"ESA 2010 Sectors: S.121, S.122, S.123, S.124, S.125, S.126, S.127, S.128, S.129",,3,,,,,A,Euro short-term rate,"Euro short-term rate, Volume-weighted trimmed mean rate - Unsecured - Overnight - Borrowing - Financial corporations",,PC,0,4.0,True,-10.000000000000009,-9.86166666666667,0.43883191124581045,-0.3152307974609712,False,Normal transmission
2023-11-07,3.902,EST.B.EU000A2X2A25.WT,B,EU000A2X2A25,WT,A,F,,,,,P1D,,,,"ESA 2010 Sectors: S.121, S.122, S.123, S.124, S.125, S.126, S.127, S.128, S.129",,3,,,,,A,Euro short-term rate,"Euro short-term rate, Volume-weighted trimmed mean rate - Unsecured - Overnight - Borrowing - Financial corporations",,PC,0,4.0,True,-9.799999999999986,-9.870000000000005,0.4326896566628534,0.16177876896780366,False,Normal transmission
2023-11-08,3.902,EST.B.EU000A2X2A25.WT,B,EU000A2X2A25,WT,A,F,,,,,P1D,,,,"ESA 2010 Sectors: S.121, S.122, S.123, S.124, S.125, S.126, S.127, S.128, S.129",,3,,,,,A,Euro short-term rate,"Euro short-term rate, Volume-weighted trimmed mean rate - Unsecured - Overnight - Borrowing - Financial corporations",,PC,0,4.0,True,-9.799999999999986,-9.873333333333337,0.4313426679278418,0.17001177668242612,False,Normal transmission
2023-11-09,3.902,EST.B.EU000A2X2A25.WT,B,EU000A2X2A25,WT,A,F,,,,,P1D,,,,"ESA 2010 Sectors: S.121, S.122, S.123, S.124, S.125, S.126, S.127, S.128, S.129",,3,,,,,A,Euro short-term rate,"Euro short-term rate, Volume-weighted trimmed mean rate - Unsecured - Overnight - Borrowing - Financial corporations",,PC,0,4.0,True,-9.799999999999986,-9.876666666666669,0.4299651805636619,0.17830901229298662,False,Normal transmission
2023-11-10,3.904,EST.B.EU000A2X2A25.WT,B,EU000A2X2A25,WT,A,F,,,,,P1D,,,,"ESA 2010 Sectors: S.121, S.122, S.123, S.124, S.125, S.126, S.127, S.128, S.129",,3,,,,,A,Euro short-term rate,"Euro short-term rate, Volume-weighted trimmed mean rate - Unsecured - Overnight - Borrowing - Financial corporations",,PC,0,4.0,True,-9.600000000000009,-9.878333333333336,0.42867223726947506,0.6492917178547282,False,Normal transmission
2023-11-13,3.903,EST.B.EU000A2X2A25.WT,B,EU000A2X2A25,WT,A,F,,,,,P1D,,,,"ESA 2010 Sectors: S.121, S.122, S.123, S.124, S.125, S.126, S.127, S.128, S.129",,3,,,,,A,Euro short-term rate,"Euro short-term rate, Volume-weighted trimmed mean rate - Unsecured - Overnight - Borrowing - Financial corporations",,PC,0,4.0,True,-9.699999999999998,-9.880000000000003,0.4277651819017358,0.42079161094825573,False,Normal transmission
2023-11-14,3.902,EST.B.EU000A2X2A25.WT,B,EU000A2X2A25,WT,A,F,,,,,P1D,,,,"ESA 2010 Sectors: S.121, S.122, S.123, S.124, S.125, S.126, S.127, S.128, S.129",,3,,,,,A,Euro short-term rate,"Euro short-term rate, Volume-weighted trimmed mean rate - Unsecured - Overnight - Borrowing - Financial corporations",,PC,0,4.0,True,-9.799999999999986,-9.885000000000002,0.42499252236688156,0.2000035189481227,False,Normal transmission
2023-11-15,3.899,EST.B.EU000A2X2A25.WT,B,EU000A2X2A25,WT,A,F,,,,,P1D,,,,"ESA 2010 Sectors: S.121, S.122, S.123, S.124, S.125, S.126, S.127, S.128, S.129",,3,,,,,A,Euro short-term rate,"Euro short-term rate, Volume-weighted trimmed mean rate - Unsecured - Overnight - Borrowing - Financial corporations",,PC,0,4.0,True,-10.099999999999998,-9.890000000000002,0.4257396355615756,-0.4932592186841922,False,Normal transmission
2023-11-16,3.906,EST.B.EU000A2X2A25.WT,B,EU000A2X2A25,WT,A,F,,,,,P1D,,,,"ESA 2010 Sectors: S.121, S.122, S.123, S.124, S.125, S.126, S.127, S.128, S.129",,3,,,,,A,Euro short-term rate,"Euro short-term rate, Volume-weighted trimmed mean rate - Unsecured - Overnight - Borrowing - Financial corporations",,PC,0,4.0,True,-9.399999999999986,-9.878333333333336,0.42946228368427486,1.1137959059636604,False,Normal transmission
2023-11-17,3.902,EST.B.EU000A2X2A25.WT,B,EU000A2X2A25,WT,A,F,,,,,P1D,,,,"ESA 2010 Sectors: S.121, S.122, S.123, S.124, S.125, S.126, S.127, S.128, S.129",,3,,,,,A,Euro short-term rate,"Euro short-term rate, Volume-weighted trimmed mean rate - Unsecured - Overnight - Borrowing - Financial corporations",,PC,0,4.0,True,-9.799999999999986,-9.878333333333334,0.42946228368427486,0.18239863268397088,False,Normal transmission
2023-11-20,3.903,EST.B.EU000A2X2A25.WT,B,EU000A2X2A25,WT,A,F,,,,,P1D,,,,"ESA 2010 Sectors: S.121, S.122, S.123, S.124, S.125, S.126, S.127, S.128, S.129",,3,,,,,A,Euro short-term rate,"Euro short-term rate, Volume-weighted trimmed mean rate - Unsecured - Overnight - Borrowing - Financial corporations",,PC,0,4.0,True,-9.699999999999998,-9.875000000000002,0.43006700305721207,0.4069133385169843,False,Normal transmission
2023-11-21,3.901,EST.B.EU000A2X2A25.WT,B,EU000A2X2A25,WT,A,F,,,,,P1D,,,,"ESA 2010 Sectors: S.121, S.122, S.123, S.124, S.125, S.126, S.127, S.128, S.129",,3,,,,,A,Euro short-term rate,"Euro short-term rate, Volume-weighted trimmed mean rate - Unsecured - Overnight - Borrowing - Financial corporations",,PC,0,4.0,True,-9.90000000000002,-9.876666666666669,0.42996518056366273,-0.05426796026311332,False,Normal transmission
2023-11-22,3.902,EST.B.EU000A2X2A25.WT,B,EU000A2X2A25,WT,A,F,,,,,P1D,,,,"ESA 2010 Sectors: S.121, S.122, S.123, S.124, S.125, S.126, S.127, S.128, S.129",,3,,,,,A,Euro short-term rate,"Euro short-term rate, Volume-weighted trimmed mean rate - Unsecured - Overnight - Borrowing - Financial corporations",,PC,0,4.0,True,-9.799999999999986,-9.876666666666667,0.42996518056366273,0.17830901229298216,False,Normal transmission
2023-11-23,3.902,EST.B.EU000A2X2A25.WT,B,EU000A2X2A25,WT,A,F,,,,,P1D,,,,"ESA 2010 Sectors: S.121, S.122, S.123, S.124, S.125, S.126, S.127, S.128, S.129",,3,,,,,A,Euro short-term rate,"Euro short-term rate, Volume-weighted trimmed mean rate - Unsecured - Overnight - Borrowing - Financial corporations",,PC,0,4.0,True,-9.799999999999986,-9.866666666666669,0.4245303154081378,0.15703629222000312,False,Normal transmission
2023-11-24,3.904,EST.B.EU000A2X2A25.WT,B,EU000A2X2A25,WT,A,F,,,,,P1D,,,,"ESA 2010 Sectors: S.121, S.122, S.123, S.124, S.125, S.126, S.127, S.128, S.129",,3,,,,,A,Euro short-term rate,"Euro short-term rate, Volume-weighted trimmed mean rate - Unsecured - Overnight - Borrowing - Financial corporations",,PC,0,4.0,True,-9.600000000000009,-9.863333333333337,0.4258457851949805,0.6183772212580589,False,Normal transmission
2023-11-27,3.903,EST.B.EU000A2X2A25.WT,B,EU000A2X2A25,WT,A,F,,,,,P1D,,,,"ESA 2010 Sectors: S.121, S.122, S.123, S.124, S.125, S.126, S.127, S.128, S.129",,3,,,,,A,Euro short-term rate,"Euro short-term rate, Volume-weighted trimmed mean rate - Unsecured - Overnight - Borrowing - Financial corporations",,PC,0,4.0,True,-9.699999999999998,-9.86166666666667,0.4262933129906366,0.37923810142014436,False,Normal transmission
2023-11-28,3.903,EST.B.EU000A2X2A25.WT,B,EU000A2X2A25,WT,A,F,,,,,P1D,,,,"ESA 2010 Sectors: S.121, S.122, S.123, S.124, S.125, S.126, S.127, S.128, S.129",,3,,,,,A,Euro short-term rate,"Euro short-term rate, Volume-weighted trimmed mean rate - Unsecured - Overnight - Borrowing - Financial corporations",,PC,0,4.0,True,-9.699999999999998,-9.858333333333336,0.42677015870553775,0.3710037595261789,False,Normal transmission
2023-11-29,3.902,EST.B.EU000A2X2A25.WT,B,EU000A2X2A25,WT,A,F,,,,,P1D,,,,"ESA 2010 Sectors: S.121, S.122, S.123, S.124, S.125, S.126, S.127, S.128, S.129",,3,,,,,A,Euro short-term rate,"Euro short-term rate, Volume-weighted trimmed mean rate - Unsecured - Overnight - Borrowing - Financial corporations",,PC,0,4.0,True,-9.799999999999986,-9.858333333333336,0.42677015870553775,0.13668559561494154,False,Normal transmission
2023-11-30,3.891,EST.B.EU000A2X2A25.WT,B,EU000A2X2A25,WT,A,F,,,,,P1D,,,,"ESA 2010 Sectors: S.121, S.122, S.123, S.124, S.125, S.126, S.127, S.128, S.129",,3,,,,,A,Euro short-term rate,"Euro short-term rate, Volume-weighted trimmed mean rate - Unsecured - Overnight - Borrowing - Financial corporations",,PC,0,4.0,True,-10.899999999999999,-9.876666666666669,0.4473525385926388,-2.2875321922900316,True,Unusually below policy rate
2023-12-01,3.904,EST.B.EU000A2X2A25.WT,B,EU000A2X2A25,WT,A,F,,,,,P1D,,,,"ESA 2010 Sectors: S.121, S.122, S.123, S.124, S.125, S.126, S.127, S.128, S.129",,3,,,,,A,Euro short-term rate,"Euro short-term rate, Volume-weighted trimmed mean rate - Unsecured - Overnight - Borrowing - Financial corporations",,PC,0,4.0,True,-9.600000000000009,-9.875000000000002,0.4482073521356406,0.6135553080279911,False,Normal transmission
2023-12-04,3.904,EST.B.EU000A2X2A25.WT,B,EU000A2X2A25,WT,A,F,,,,,P1D,,,,"ESA 2010 Sectors: S.121, S.122, S.123, S.124, S.125, S.126, S.127, S.128, S.129",,3,,,,,A,Euro short-term rate,"Euro short-term rate, Volume-weighted trimmed mean rate - Unsecured - Overnight - Borrowing - Financial corporations",,PC,0,4.0,True,-9.600000000000009,-9.87166666666667,0.44951637539847195,0.6043532149987715,False,Normal transmission
2023-12-05,3.905,EST.B.EU000A2X2A25.WT,B,EU000A2X2A25,WT,A,F,,,,,P1D,,,,"ESA 2010 Sectors: S.121, S.122, S.123, S.124, S.125, S.126, S.127, S.128, S.129",,3,,,,,A,Euro short-term rate,"Euro short-term rate, Volume-weighted trimmed mean rate - Unsecured - Overnight - Borrowing - Financial corporations",,PC,0,4.0,True,-9.50000000000002,-9.870000000000003,0.45072446391653603,0.8209006380192819,False,Normal transmission
2023-12-06,3.904,EST.B.EU000A2X2A25.WT,B,EU000A2X2A25,WT,A,F,,,,,P1D,,,,"ESA 2010 Sectors: S.121, S.122, S.123, S.124, S.125, S.126, S.127, S.128, S.129",,3,,,,,A,Euro short-term rate,"Euro short-term rate, Volume-weighted trimmed mean rate - Unsecured - Overnight - Borrowing - Financial corporations",,PC,0,4.0,True,-9.600000000000009,-9.86666666666667,0.45198870042369627,0.5899852505531391,False,Normal transmission
2023-12-07,3.903,EST.B.EU000A2X2A25.WT,B,EU000A2X2A25,WT,A,F,,,,,P1D,,,,"ESA 2010 Sectors: S.121, S.122, S.123, S.124, S.125, S.126, S.127, S.128, S.129",,3,,,,,A,Euro short-term rate,"Euro short-term rate, Volume-weighted trimmed mean rate - Unsecured - Overnight - Borrowing - Financial corporations",,PC,0,4.0,True,-9.699999999999998,-9.86666666666667,0.45198870042369627,0.3687407815957326,False,Normal transmission
2023-12-08,3.903,EST.B.EU000A2X2A25.WT,B,EU000A2X2A25,WT,A,F,,,,,P1D,,,,"ESA 2010 Sectors: S.121, S.122, S.123, S.124, S.125, S.126, S.127, S.128, S.129",,3,,,,,A,Euro short-term rate,"Euro short-term rate, Volume-weighted trimmed mean rate - Unsecured - Overnight - Borrowing - Financial corporations",,PC,0,4.0,True,-9.699999999999998,-9.86166666666667,0.4521480433522985,0.35755250751070305,False,Normal transmission
2023-12-11,3.902,EST.B.EU000A2X2A25.WT,B,EU000A2X2A25,WT,A,F,,,,,P1D,,,,"ESA 2010 Sectors: S.121, S.122, S.123, S.124, S.125, S.126, S.127, S.128, S.129",,3,,,,,A,Euro short-term rate,"Euro short-term rate, Volume-weighted trimmed mean rate - Unsecured - Overnight - Borrowing - Financial corporations",,PC,0,4.0,True,-9.799999999999986,-9.855,0.45001883199762877,0.12221710757274205,False,Normal transmission
2023-12-12,3.905,EST.B.EU000A2X2A25.WT,B,EU000A2X2A25,WT,A,F,,,,,P1D,,,,"ESA 2010 Sectors: S.121, S.122, S.123, S.124, S.125, S.126, S.127, S.128, S.129",,3,,,,,A,Euro short-term rate,"Euro short-term rate, Volume-weighted trimmed mean rate - Unsecured - Overnight - Borrowing - Financial corporations",,PC,0,4.0,True,-9.50000000000002,-9.848333333333336,0.4522979618875715,0.770141284474553,False,Normal transmission
2023-12-13,3.905,EST.B.EU000A2X2A25.WT,B,EU000A2X2A25,WT,A,F,,,,,P1D,,,,"ESA 2010 Sectors: S.121, S.122, S.123, S.124, S.125, S.126, S.127, S.128, S.129",,3,,,,,A,Euro short-term rate,"Euro short-term rate, Volume-weighted trimmed mean rate - Unsecured - Overnight - Borrowing - Financial corporations",,PC,0,4.0,True,-9.50000000000002,-9.84166666666667,0.454466223192182,0.7517977117568291,False,Normal transmission
2023-12-14,3.907,EST.B.EU000A2X2A25.WT,B,EU000A2X2A25,WT,A,F,,,,,P1D,,,,"ESA 2010 Sectors: S.121, S.122, S.123, S.124, S.125, S.126, S.127, S.128, S.129",,3,,,,,A,Euro short-term rate,"Euro short-term rate, Volume-weighted trimmed mean rate - Unsecured - Overnight - Borrowing - Financial corporations",,PC,0,4.0,True,-9.299999999999997,-9.833333333333336,0.45979607368756265,1.159934509783886,False,Normal transmission
2023-12-15,3.904,EST.B.EU000A2X2A25.WT,B,EU000A2X2A25,WT,A,F,,,,,P1D,,,,"ESA 2010 Sectors: S.121, S.122, S.123, S.124, S.125, S.126, S.127, S.128, S.129",,3,,,,,A,Euro short-term rate,"Euro short-term rate, Volume-weighted trimmed mean rate - Unsecured - Overnight - Borrowing - Financial corporations",,PC,0,4.0,True,-9.600000000000009,-9.835000000000003,0.45874737333563065,0.5122645134538186,False,Normal transmission
2023-12-18,3.901,EST.B.EU000A2X2A25.WT,B,EU000A2X2A25,WT,A,F,,,,,P1D,,,,"ESA 2010 Sectors: S.121, S.122, S.123, S.124, S.125, S.126, S.127, S.128, S.129",,3,,,,,A,Euro short-term rate,"Euro short-term rate, Volume-weighted trimmed mean rate - Unsecured - Overnight - Borrowing - Financial corporations",,PC,0,4.0,True,-9.90000000000002,-9.840000000000002,0.4577764979046718,-0.13106832761107096,False,Normal transmission
2023-12-19,3.901,EST.B.EU000A2X2A25.WT,B,EU000A2X2A25,WT,A,F,,,,,P1D,,,,"ESA 2010 Sectors: S.121, S.122, S.123, S.124, S.125, S.126, S.127, S.128, S.129",,3,,,,,A,Euro short-term rate,"Euro short-term rate, Volume-weighted trimmed mean rate - Unsecured - Overnight - Borrowing - Financial corporations",,PC,0,4.0,True,-9.90000000000002,-9.845000000000002,0.4567478999051493,-0.12041653614923915,False,Normal transmission
2023-12-20,3.901,EST.B.EU000A2X2A25.WT,B,EU000A2X2A25,WT,A,F,,,,,P1D,,,,"ESA 2010 Sectors: S.121, S.122, S.123, S.124, S.125, S.126, S.127, S.128, S.129",,3,,,,,A,Euro short-term rate,"Euro short-term rate, Volume-weighted trimmed mean rate - Unsecured - Overnight - Borrowing - Financial corporations",,PC,0,4.0,True,-9.90000000000002,-9.851666666666668,0.45454080634497074,-0.10633442071352618,False,Normal transmission
2023-12-21,3.899,EST.B.EU000A2X2A25.WT,B,EU000A2X2A25,WT,A,F,,,,,P1D,,,,"ESA 2010 Sectors: S.121, S.122, S.123, S.124, S.125, S.126, S.127, S.128, S.129",,3,,,,,A,Euro short-term rate,"Euro short-term rate, Volume-weighted trimmed mean rate - Unsecured - Overnight - Borrowing - Financial corporations",,PC,0,4.0,True,-10.099999999999998,-9.863333333333337,0.4517261307198297,-0.523916263798002,False,Normal transmission
2023-12-22,3.899,EST.B.EU000A2X2A25.WT,B,EU000A2X2A25,WT,A,F,,,,,P1D,,,,"ESA 2010 Sectors: S.121, S.122, S.123, S.124, S.125, S.126, S.127, S.128, S.129",,3,,,,,A,Euro short-term rate,"Euro short-term rate, Volume-weighted trimmed mean rate - Unsecured - Overnight - Borrowing - Financial corporations",,PC,0,4.0,True,-10.099999999999998,-9.83166666666667,0.3558192583780921,-0.7541281901279143,False,Normal transmission
2023-12-27,3.9,EST.B.EU000A2X2A25.WT,B,EU000A2X2A25,WT,A,F,,,,,P1D,,,,"ESA 2010 Sectors: S.121, S.122, S.123, S.124, S.125, S.126, S.127, S.128, S.129",,3,,,,,A,Euro short-term rate,"Euro short-term rate, Volume-weighted trimmed mean rate - Unsecured - Overnight - Borrowing - Financial corporations",,PC,0,4.0,True,-10.000000000000009,-9.830000000000004,0.35477374026219616,-0.47917864460421017,False,Normal transmission
2023-12-28,3.9,EST.B.EU000A2X2A25.WT,B,EU000A2X2A25,WT,A,F,,,,,P1D,,,,"ESA 2010 Sectors: S.121, S.122, S.123, S.124, S.125, S.126, S.127, S.128, S.129",,3,,,,,A,Euro short-term rate,"Euro short-term rate, Volume-weighted trimmed mean rate - Unsecured - Overnight - Borrowing - Financial corporations",,PC,0,4.0,True,-10.000000000000009,-9.830000000000004,0.35477374026219616,-0.47917864460421017,False,Normal transmission
2023-12-29,3.882,EST.B.EU000A2X2A25.WT,B,EU000A2X2A25,WT,A,F,,,,,P1D,,,,"ESA 2010 Sectors: S.121, S.122, S.123, S.124, S.125, S.126, S.127, S.128, S.129",,3,,,,,A,Euro short-term rate,"Euro short-term rate, Volume-weighted trimmed mean rate - Unsecured - Overnight - Borrowing - Financial corporations",,PC,0,4.0,True,-11.799999999999988,-9.86166666666667,0.4365083596250646,-4.440541150227305,True,Unusually below policy rate
2024-01-02,3.906,EST.B.EU000A2X2A25.WT,B,EU000A2X2A25,WT,A,F,,,,,P1D,,,,"ESA 2010 Sectors: S.121, S.122, S.123, S.124, S.125, S.126, S.127, S.128, S.129",,3,,,,,A,Euro short-term rate,"Euro short-term rate, Volume-weighted trimmed mean rate - Unsecured - Overnight - Borrowing - Financial corporations",,PC,0,4.0,True,-9.399999999999986,-9.851666666666668,0.440143145693002,1.026181302802152,False,Normal transmission
2024-01-03,3.904,EST.B.EU000A2X2A25.WT,B,EU000A2X2A25,WT,A,F,,,,,P1D,,,,"ESA 2010 Sectors: S.121, S.122, S.123, S.124, S.125, S.126, S.127, S.128, S.129",,3,,,,,A,Euro short-term rate,"Euro short-term rate, Volume-weighted trimmed mean rate - Unsecured - Overnight - Borrowing - Financial corporations",,PC,0,4.0,True,-9.600000000000009,-9.843333333333335,0.4400950077189871,0.5529109148375118,False,Normal transmission
2024-01-04,3.902,EST.B.EU000A2X2A25.WT,B,EU000A2X2A25,WT,A,F,,,,,P1D,,,,"ESA 2010 Sectors: S.121, S.122, S.123, S.124, S.125, S.126, S.127, S.128, S.129",,3,,,,,A,Euro short-term rate,"Euro short-term rate, Volume-weighted trimmed mean rate - Unsecured - Overnight - Borrowing - Financial corporations",,PC,0,4.0,True,-9.799999999999986,-9.840000000000002,0.4396454657939584,0.09098240084832648,False,Normal transmission
2024-01-05,3.905,EST.B.EU000A2X2A25.WT,B,EU000A2X2A25,WT,A,F,,,,,P1D,,,,"ESA 2010 Sectors: S.121, S.122, S.123, S.124, S.125, S.126, S.127, S.128, S.129",,3,,,,,A,Euro short-term rate,"Euro short-term rate, Volume-weighted trimmed mean rate - Unsecured - Overnight - Borrowing - Financial corporations",,PC,0,4.0,True,-9.50000000000002,-9.830000000000004,0.4404543109108665,0.7492264051577537,False,Normal transmission
2024-01-08,3.904,EST.B.EU000A2X2A25.WT,B,EU000A2X2A25,WT,A,F,,,,,P1D,,,,"ESA 2010 Sectors: S.121, S.122, S.123, S.124, S.125, S.126, S.127, S.128, S.129",,3,,,,,A,Euro short-term rate,"Euro short-term rate, Volume-weighted trimmed mean rate - Unsecured - Overnight - Borrowing - Financial corporations",,PC,0,4.0,True,-9.600000000000009,-9.825000000000001,0.44134808891983046,0.5098016863529755,False,Normal transmission
2024-01-09,3.904,EST.B.EU000A2X2A25.WT,B,EU000A2X2A25,WT,A,F,,,,,P1D,,,,"ESA 2010 Sectors: S.121, S.122, S.123, S.124, S.125, S.126, S.127, S.128, S.129",,3,,,,,A,Euro short-term rate,"Euro short-term rate, Volume-weighted trimmed mean rate - Unsecured - Overnight - Borrowing - Financial corporations",,PC,0,4.0,True,-9.600000000000009,-9.82,0.44218256832306235,0.4975320506964397,False,Normal transmission
2024-01-10,3.906,EST.B.EU000A2X2A25.WT,B,EU000A2X2A25,WT,A,F,,,,,P1D,,,,"ESA 2010 Sectors: S.121, S.122, S.123, S.124, S.125, S.126, S.127, S.128, S.129",,3,,,,,A,Euro short-term rate,"Euro short-term rate, Volume-weighted trimmed mean rate - Unsecured - Overnight - Borrowing - Financial corporations",,PC,0,4.0,True,-9.399999999999986,-9.815000000000001,0.44524797889696344,0.9320648709694691,False,Normal transmission
2024-01-11,3.905,EST.B.EU000A2X2A25.WT,B,EU000A2X2A25,WT,A,F,,,,,P1D,,,,"ESA 2010 Sectors: S.121, S.122, S.123, S.124, S.125, S.126, S.127, S.128, S.129",,3,,,,,A,Euro short-term rate,"Euro short-term rate, Volume-weighted trimmed mean rate - Unsecured - Overnight - Borrowing - Financial corporations",,PC,0,4.0,True,-9.50000000000002,-9.810000000000004,0.4470998826713244,0.693357372736942,False,Normal transmission
2024-01-12,3.904,EST.B.EU000A2X2A25.WT,B,EU000A2X2A25,WT,A,F,,,,,P1D,,,,"ESA 2010 Sectors: S.121, S.122, S.123, S.124, S.125, S.126, S.127, S.128, S.129",,3,,,,,A,Euro short-term rate,"Euro short-term rate, Volume-weighted trimmed mean rate - Unsecured - Overnight - Borrowing - Financial corporations",,PC,0,4.0,True,-9.600000000000009,-9.810000000000002,0.4470998826713244,0.4696937041121315,False,Normal transmission
2024-01-15,3.902,EST.B.EU000A2X2A25.WT,B,EU000A2X2A25,WT,A,F,,,,,P1D,,,,"ESA 2010 Sectors: S.121, S.122, S.123, S.124, S.125, S.126, S.127, S.128, S.129",,3,,,,,A,Euro short-term rate,"Euro short-term rate, Volume-weighted trimmed mean rate - Unsecured - Overnight - Borrowing - Financial corporations",,PC,0,4.0,True,-9.799999999999986,-9.81166666666667,0.44686920949585063,0.026107564403116547,False,Normal transmission
2024-01-16,3.905,EST.B.EU000A2X2A25.WT,B,EU000A2X2A25,WT,A,F,,,,,P1D,,,,"ESA 2010 Sectors: S.121, S.122, S.123, S.124, S.125, S.126, S.127, S.128, S.129",,3,,,,,A,Euro short-term rate,"Euro short-term rate, Volume-weighted trimmed mean rate - Unsecured - Overnight - Borrowing - Financial corporations",,PC,0,4.0,True,-9.50000000000002,-9.81166666666667,0.44686920949585063,0.697444934767974,False,Normal transmission
2024-01-17,3.904,EST.B.EU000A2X2A25.WT,B,EU000A2X2A25,WT,A,F,,,,,P1D,,,,"ESA 2010 Sectors: S.121, S.122, S.123, S.124, S.125, S.126, S.127, S.128, S.129",,3,,,,,A,Euro short-term rate,"Euro short-term rate, Volume-weighted trimmed mean rate - Unsecured - Overnight - Borrowing - Financial corporations",,PC,0,4.0,True,-9.600000000000009,-9.813333333333336,0.44587247042957473,0.4784626714625196,False,Normal transmission
2024-01-18,3.907,EST.B.EU000A2X2A25.WT,B,EU000A2X2A25,WT,A,F,,,,,P1D,,,,"ESA 2010 Sectors: S.121, S.122, S.123, S.124, S.125, S.126, S.127, S.128, S.129",,3,,,,,A,Euro short-term rate,"Euro short-term rate, Volume-weighted trimmed mean rate - Unsecured - Overnight - Borrowing - Financial corporations",,PC,0,4.0,True,-9.299999999999997,-9.810000000000002,0.4489913365967652,1.135879377686147,False,Normal transmission
2024-01-19,3.904,EST.B.EU000A2X2A25.WT,B,EU000A2X2A25,WT,A,F,,,,,P1D,,,,"ESA 2010 Sectors: S.121, S.122, S.123, S.124, S.125, S.126, S.127, S.128, S.129",,3,,,,,A,Euro short-term rate,"Euro short-term rate, Volume-weighted trimmed mean rate - Unsecured - Overnight - Borrowing - Financial corporations",,PC,0,4.0,True,-9.600000000000009,-9.810000000000002,0.4489913365967652,0.46771503787074786,False,Normal transmission
2024-01-22,3.902,EST.B.EU000A2X2A25.WT,B,EU000A2X2A25,WT,A,F,,,,,P1D,,,,"ESA 2010 Sectors: S.121, S.122, S.123, S.124, S.125, S.126, S.127, S.128, S.129",,3,,,,,A,Euro short-term rate,"Euro short-term rate, Volume-weighted trimmed mean rate - Unsecured - Overnight - Borrowing - Financial corporations",,PC,0,4.0,True,-9.799999999999986,-9.806666666666668,0.4482987301034836,0.014871036251079746,False,Normal transmission
2024-01-23,3.902,EST.B.EU000A2X2A25.WT,B,EU000A2X2A25,WT,A,F,,,,,P1D,,,,"ESA 2010 Sectors: S.121, S.122, S.123, S.124, S.125, S.126, S.127, S.128, S.129",,3,,,,,A,Euro short-term rate,"Euro short-term rate, Volume-weighted trimmed mean rate - Unsecured - Overnight - Borrowing - Financial corporations",,PC,0,4.0,True,-9.799999999999986,-9.805000000000001,0.44813171489894765,0.011157433927974674,False,Normal transmission
2024-01-24,3.905,EST.B.EU000A2X2A25.WT,B,EU000A2X2A25,WT,A,F,,,,,P1D,,,,"ESA 2010 Sectors: S.121, S.122, S.123, S.124, S.125, S.126, S.127, S.128, S.129",,3,,,,,A,Euro short-term rate,"Euro short-term rate, Volume-weighted trimmed mean rate - Unsecured - Overnight - Borrowing - Financial corporations",,PC,0,4.0,True,-9.50000000000002,-9.80166666666667,0.4496671713297713,0.6708665562010026,False,Normal transmission
2024-01-25,3.905,EST.B.EU000A2X2A25.WT,B,EU000A2X2A25,WT,A,F,,,,,P1D,,,,"ESA 2010 Sectors: S.121, S.122, S.123, S.124, S.125, S.126, S.127, S.128, S.129",,3,,,,,A,Euro short-term rate,"Euro short-term rate, Volume-weighted trimmed mean rate - Unsecured - Overnight - Borrowing - Financial corporations",,PC,0,4.0,True,-9.50000000000002,-9.791666666666668,0.4495917796863598,0.6487366536597226,False,Normal transmission
2024-01-26,3.904,EST.B.EU000A2X2A25.WT,B,EU000A2X2A25,WT,A,F,,,,,P1D,,,,"ESA 2010 Sectors: S.121, S.122, S.123, S.124, S.125, S.126, S.127, S.128, S.129",,3,,,,,A,Euro short-term rate,"Euro short-term rate, Volume-weighted trimmed mean rate - Unsecured - Overnight - Borrowing - Financial corporations",,PC,0,4.0,True,-9.600000000000009,-9.755000000000003,0.3647265053828433,0.42497596887644573,False,Normal transmission
2024-01-29,3.907,EST.B.EU000A2X2A25.WT,B,EU000A2X2A25,WT,A,F,,,,,P1D,,,,"ESA 2010 Sectors: S.121, S.122, S.123, S.124, S.125, S.126, S.127, S.128, S.129",,3,,,,,A,Euro short-term rate,"Euro short-term rate, Volume-weighted trimmed mean rate - Unsecured - Overnight - Borrowing - Financial corporations",,PC,0,4.0,True,-9.299999999999997,-9.743333333333336,0.36793821638070456,1.2049124380018819,False,Normal transmission
2024-01-30,3.907,EST.B.EU000A2X2A25.WT,B,EU000A2X2A25,WT,A,F,,,,,P1D,,,,"ESA 2010 Sectors: S.121, S.122, S.123, S.124, S.125, S.126, S.127, S.128, S.129",,3,,,,,A,Euro short-term rate,"Euro short-term rate, Volume-weighted trimmed mean rate - Unsecured - Overnight - Borrowing - Financial corporations",,PC,0,4.0,True,-9.299999999999997,-9.73666666666667,0.37233421594254523,1.1727814634528637,False,Normal transmission
2024-01-31,3.894,EST.B.EU000A2X2A25.WT,B,EU000A2X2A25,WT,A,F,,,,,P1D,,,,"ESA 2010 Sectors: S.121, S.122, S.123, S.124, S.125, S.126, S.127, S.128, S.129",,3,,,,,A,Euro short-term rate,"Euro short-term rate, Volume-weighted trimmed mean rate - Unsecured - Overnight - Borrowing - Financial corporations",,PC,0,4.0,True,-10.599999999999987,-9.750000000000002,0.38860899262949355,-2.1872885499857433,True,Unusually below policy rate
2024-02-01,3.905,EST.B.EU000A2X2A25.WT,B,EU000A2X2A25,WT,A,F,,,,,P1D,,,,"ESA 2010 Sectors: S.121, S.122, S.123, S.124, S.125, S.126, S.127, S.128, S.129",,3,,,,,A,Euro short-term rate,"Euro short-term rate, Volume-weighted trimmed mean rate - Unsecured - Overnight - Borrowing - Financial corporations",,PC,0,4.0,True,-9.50000000000002,-9.741666666666669,0.38851811757443583,0.6220216142696323,False,Normal transmission
2024-02-02,3.906,EST.B.EU000A2X2A25.WT,B,EU000A2X2A25,WT,A,F,,,,,P1D,,,,"ESA 2010 Sectors: S.121, S.122, S.123, S.124, S.125, S.126, S.127, S.128, S.129",,3,,,,,A,Euro short-term rate,"Euro short-term rate, Volume-weighted trimmed mean rate - Unsecured - Overnight - Borrowing - Financial corporations",,PC,0,4.0,True,-9.399999999999986,-9.735000000000001,0.3909245885056,0.8569427706776652,False,Normal transmission
2024-02-05,3.907,EST.B.EU000A2X2A25.WT,B,EU000A2X2A25,WT,A,F,,,,,P1D,,,,"ESA 2010 Sectors: S.121, S.122, S.123, S.124, S.125, S.126, S.127, S.128, S.129",,3,,,,,A,Euro short-term rate,"Euro short-term rate, Volume-weighted trimmed mean rate - Unsecured - Overnight - Borrowing - Financial corporations",,PC,0,4.0,True,-9.299999999999997,-9.726666666666668,0.39482528496752245,1.0806467643068198,False,Normal transmission
2024-02-06,3.908,EST.B.EU000A2X2A25.WT,B,EU000A2X2A25,WT,A,F,,,,,P1D,,,,"ESA 2010 Sectors: S.121, S.122, S.123, S.124, S.125, S.126, S.127, S.128, S.129",,3,,,,,A,Euro short-term rate,"Euro short-term rate, Volume-weighted trimmed mean rate - Unsecured - Overnight - Borrowing - Financial corporations",,PC,0,4.0,True,-9.200000000000008,-9.71666666666667,0.4004940451816438,1.2900732804462258,False,Normal transmission
2024-02-07,3.908,EST.B.EU000A2X2A25.WT,B,EU000A2X2A25,WT,A,F,,,,,P1D,,,,"ESA 2010 Sectors: S.121, S.122, S.123, S.124, S.125, S.126, S.127, S.128, S.129",,3,,,,,A,Euro short-term rate,"Euro short-term rate, Volume-weighted trimmed mean rate - Unsecured - Overnight - Borrowing - Financial corporations",,PC,0,4.0,True,-9.200000000000008,-9.710000000000003,0.4057635614450588,1.256889598917446,False,Normal transmission
2024-02-08,3.908,EST.B.EU000A2X2A25.WT,B,EU000A2X2A25,WT,A,F,,,,,P1D,,,,"ESA 2010 Sectors: S.121, S.122, S.123, S.124, S.125, S.126, S.127, S.128, S.129",,3,,,,,A,Euro short-term rate,"Euro short-term rate, Volume-weighted trimmed mean rate - Unsecured - Overnight - Borrowing - Financial corporations",,PC,0,4.0,True,-9.200000000000008,-9.70166666666667,0.411072044766691,1.2203862389897826,False,Normal transmission
2024-02-09,3.91,EST.B.EU000A2X2A25.WT,B,EU000A2X2A25,WT,A,F,,,,,P1D,,,,"ESA 2010 Sectors: S.121, S.122, S.123, S.124, S.125, S.126, S.127, S.128, S.129",,3,,,,,A,Euro short-term rate,"Euro short-term rate, Volume-weighted trimmed mean rate - Unsecured - Overnight - Borrowing - Financial corporations",,PC,0,4.0,True,-8.999999999999986,-9.688333333333336,0.42069017814618515,1.6362001517757379,False,Normal transmission
2024-02-12,3.909,EST.B.EU000A2X2A25.WT,B,EU000A2X2A25,WT,A,F,,,,,P1D,,,,"ESA 2010 Sectors: S.121, S.122, S.123, S.124, S.125, S.126, S.127, S.128, S.129",,3,,,,,A,Euro short-term rate,"Euro short-term rate, Volume-weighted trimmed mean rate - Unsecured - Overnight - Borrowing - Financial corporations",,PC,0,4.0,True,-9.10000000000002,-9.67166666666667,0.4239010384458248,1.348585199891439,False,Normal transmission
2024-02-13,3.909,EST.B.EU000A2X2A25.WT,B,EU000A2X2A25,WT,A,F,,,,,P1D,,,,"ESA 2010 Sectors: S.121, S.122, S.123, S.124, S.125, S.126, S.127, S.128, S.129",,3,,,,,A,Euro short-term rate,"Euro short-term rate, Volume-weighted trimmed mean rate - Unsecured - Overnight - Borrowing - Financial corporations",,PC,0,4.0,True,-9.10000000000002,-9.66666666666667,0.42889952466732223,1.3212107593408686,False,Normal transmission
2024-02-14,3.911,EST.B.EU000A2X2A25.WT,B,EU000A2X2A25,WT,A,F,,,,,P1D,,,,"ESA 2010 Sectors: S.121, S.122, S.123, S.124, S.125, S.126, S.127, S.128, S.129",,3,,,,,A,Euro short-term rate,"Euro short-term rate, Volume-weighted trimmed mean rate - Unsecured - Overnight - Borrowing - Financial corporations",,PC,0,4.0,True,-8.899999999999997,-9.65166666666667,0.439757894357436,1.709273844338808,False,Normal transmission
2024-02-15,3.911,EST.B.EU000A2X2A25.WT,B,EU000A2X2A25,WT,A,F,,,,,P1D,,,,"ESA 2010 Sectors: S.121, S.122, S.123, S.124, S.125, S.126, S.127, S.128, S.129",,3,,,,,A,Euro short-term rate,"Euro short-term rate, Volume-weighted trimmed mean rate - Unsecured - Overnight - Borrowing - Financial corporations",,PC,0,4.0,True,-8.899999999999997,-9.638333333333337,0.4502698500378145,1.6397574327291373,False,Normal transmission
2024-02-16,3.909,EST.B.EU000A2X2A25.WT,B,EU000A2X2A25,WT,A,F,,,,,P1D,,,,"ESA 2010 Sectors: S.121, S.122, S.123, S.124, S.125, S.126, S.127, S.128, S.129",,3,,,,,A,Euro short-term rate,"Euro short-term rate, Volume-weighted trimmed mean rate - Unsecured - Overnight - Borrowing - Financial corporations",,PC,0,4.0,True,-9.10000000000002,-9.625000000000004,0.4542175242348122,1.1558338725138673,False,Normal transmission
2024-02-19,3.91,EST.B.EU000A2X2A25.WT,B,EU000A2X2A25,WT,A,F,,,,,P1D,,,,"ESA 2010 Sectors: S.121, S.122, S.123, S.124, S.125, S.126, S.127, S.128, S.129",,3,,,,,A,Euro short-term rate,"Euro short-term rate, Volume-weighted trimmed mean rate - Unsecured - Overnight - Borrowing - Financial corporations",,PC,0,4.0,True,-8.999999999999986,-9.611666666666672,0.4606891178189529,1.3277211095467334,False,Normal transmission
2024-02-20,3.911,EST.B.EU000A2X2A25.WT,B,EU000A2X2A25,WT,A,F,,,,,P1D,,,,"ESA 2010 Sectors: S.121, S.122, S.123, S.124, S.125, S.126, S.127, S.128, S.129",,3,,,,,A,Euro short-term rate,"Euro short-term rate, Volume-weighted trimmed mean rate - Unsecured - Overnight - Borrowing - Financial corporations",,PC,0,4.0,True,-8.899999999999997,-9.59666666666667,0.4690295305894299,1.4853364686679127,False,Normal transmission
2024-02-21,3.91,EST.B.EU000A2X2A25.WT,B,EU000A2X2A25,WT,A,F,,,,,P1D,,,,"ESA 2010 Sectors: S.121, S.122, S.123, S.124, S.125, S.126, S.127, S.128, S.129",,3,,,,,A,Euro short-term rate,"Euro short-term rate, Volume-weighted trimmed mean rate - Unsecured - Overnight - Borrowing - Financial corporations",,PC,0,4.0,True,-8.999999999999986,-9.58666666666667,0.4753113757893576,1.2342786151339142,False,Normal transmission
2024-02-22,3.909,EST.B.EU000A2X2A25.WT,B,EU000A2X2A25,WT,A,F,,,,,P1D,,,,"ESA 2010 Sectors: S.121, S.122, S.123, S.124, S.125, S.126, S.127, S.128, S.129",,3,,,,,A,Euro short-term rate,"Euro short-term rate, Volume-weighted trimmed mean rate - Unsecured - Overnight - Borrowing - Financial corporations",,PC,0,4.0,True,-9.10000000000002,-9.576666666666672,0.47918244876978644,0.994749845054649,False,Normal transmission
2024-02-23,3.907,EST.B.EU000A2X2A25.WT,B,EU000A2X2A25,WT,A,F,,,,,P1D,,,,"ESA 2010 Sectors: S.121, S.122, S.123, S.124, S.125, S.126, S.127, S.128, S.129",,3,,,,,A,Euro short-term rate,"Euro short-term rate, Volume-weighted trimmed mean rate - Unsecured - Overnight - Borrowing - Financial corporations",,PC,0,4.0,True,-9.299999999999997,-9.570000000000002,0.480218876650528,0.5622436208322842,False,Normal transmission
2024-02-26,3.904,EST.B.EU000A2X2A25.WT,B,EU000A2X2A25,WT,A,F,,,,,P1D,,,,"ESA 2010 Sectors: S.121, S.122, S.123, S.124, S.125, S.126, S.127, S.128, S.129",,3,,,,,A,Euro short-term rate,"Euro short-term rate, Volume-weighted trimmed mean rate - Unsecured - Overnight - Borrowing - Financial corporations",,PC,0,4.0,True,-9.600000000000009,-9.56666666666667,0.4792885499615691,-0.06954752692508785,False,Normal transmission
2024-02-27,3.905,EST.B.EU000A2X2A25.WT,B,EU000A2X2A25,WT,A,F,,,,,P1D,,,,"ESA 2010 Sectors: S.121, S.122, S.123, S.124, S.125, S.126, S.127, S.128, S.129",,3,,,,,A,Euro short-term rate,"Euro short-term rate, Volume-weighted trimmed mean rate - Unsecured - Overnight - Borrowing - Financial corporations",,PC,0,4.0,True,-9.50000000000002,-9.543333333333338,0.44621446035817636,0.09711324303236413,False,Normal transmission
2024-02-28,3.906,EST.B.EU000A2X2A25.WT,B,EU000A2X2A25,WT,A,F,,,,,P1D,,,,"ESA 2010 Sectors: S.121, S.122, S.123, S.124, S.125, S.126, S.127, S.128, S.129",,3,,,,,A,Euro short-term rate,"Euro short-term rate, Volume-weighted trimmed mean rate - Unsecured - Overnight - Borrowing - Financial corporations",,PC,0,4.0,True,-9.399999999999986,-9.540000000000003,0.44653088415970166,0.3135281454573377,False,Normal transmission
2024-02-29,3.887,EST.B.EU000A2X2A25.WT,B,EU000A2X2A25,WT,A,F,,,,,P1D,,,,"ESA 2010 Sectors: S.121, S.122, S.123, S.124, S.125, S.126, S.127, S.128, S.129",,3,,,,,A,Euro short-term rate,"Euro short-term rate, Volume-weighted trimmed mean rate - Unsecured - Overnight - Borrowing - Financial corporations",,PC,0,4.0,True,-11.299999999999999,-9.568333333333337,0.5010130979263466,-3.456330131555228,True,Unusually below policy rate
2024-03-01,3.904,EST.B.EU000A2X2A25.WT,B,EU000A2X2A25,WT,A,F,,,,,P1D,,,,"ESA 2010 Sectors: S.121, S.122, S.123, S.124, S.125, S.126, S.127, S.128, S.129",,3,,,,,A,Euro short-term rate,"Euro short-term rate, Volume-weighted trimmed mean rate - Unsecured - Overnight - Borrowing - Financial corporations",,PC,0,4.0,True,-9.600000000000009,-9.570000000000004,0.5009482533579118,-0.05988642499282382,False,Normal transmission
2024-03-04,3.903,EST.B.EU000A2X2A25.WT,B,EU000A2X2A25,WT,A,F,,,,,P1D,,,,"ESA 2010 Sectors: S.121, S.122, S.123, S.124, S.125, S.126, S.127, S.128, S.129",,3,,,,,A,Euro short-term rate,"Euro short-term rate, Volume-weighted trimmed mean rate - Unsecured - Overnight - Borrowing - Financial corporations",,PC,0,4.0,True,-9.699999999999998,-9.571666666666669,0.5012160353822127,-0.2560439496622754,False,Normal transmission
2024-03-05,3.911,EST.B.EU000A2X2A25.WT,B,EU000A2X2A25,WT,A,F,,,,,P1D,,,,"ESA 2010 Sectors: S.121, S.122, S.123, S.124, S.125, S.126, S.127, S.128, S.129",,3,,,,,A,Euro short-term rate,"Euro short-term rate, Volume-weighted trimmed mean rate - Unsecured - Overnight - Borrowing - Financial corporations",,PC,0,4.0,True,-8.899999999999997,-9.558333333333335,0.5083344910609843,1.295079017674524,False,Normal transmission
2024-03-06,3.905,EST.B.EU000A2X2A25.WT,B,EU000A2X2A25,WT,A,F,,,,,P1D,,,,"ESA 2010 Sectors: S.121, S.122, S.123, S.124, S.125, S.126, S.127, S.128, S.129",,3,,,,,A,Euro short-term rate,"Euro short-term rate, Volume-weighted trimmed mean rate - Unsecured - Overnight - Borrowing - Financial corporations",,PC,0,4.0,True,-9.50000000000002,-9.555000000000005,0.5080454403805781,0.10825803290112174,False,Normal transmission
2024-03-07,3.908,EST.B.EU000A2X2A25.WT,B,EU000A2X2A25,WT,A,F,,,,,P1D,,,,"ESA 2010 Sectors: S.121, S.122, S.123, S.124, S.125, S.126, S.127, S.128, S.129",,3,,,,,A,Euro short-term rate,"Euro short-term rate, Volume-weighted trimmed mean rate - Unsecured - Overnight - Borrowing - Financial corporations",,PC,0,4.0,True,-9.200000000000008,-9.545000000000005,0.5090453011707683,0.6777392880486696,False,Normal transmission
2024-03-08,3.907,EST.B.EU000A2X2A25.WT,B,EU000A2X2A25,WT,A,F,,,,,P1D,,,,"ESA 2010 Sectors: S.121, S.122, S.123, S.124, S.125, S.126, S.127, S.128, S.129",,3,,,,,A,Euro short-term rate,"Euro short-term rate, Volume-weighted trimmed mean rate - Unsecured - Overnight - Borrowing - Financial corporations",,PC,0,4.0,True,-9.299999999999997,-9.54166666666667,0.50999889221102,0.47385723843235156,False,Normal transmission
2024-03-11,3.904,EST.B.EU000A2X2A25.WT,B,EU000A2X2A25,WT,A,F,,,,,P1D,,,,"ESA 2010 Sectors: S.121, S.122, S.123, S.124, S.125, S.126, S.127, S.128, S.129",,3,,,,,A,Euro short-term rate,"Euro short-term rate, Volume-weighted trimmed mean rate - Unsecured - Overnight - Borrowing - Financial corporations",,PC,0,4.0,True,-9.600000000000009,-9.543333333333335,0.5100238168804289,-0.11110592249059383,False,Normal transmission
2024-03-12,3.905,EST.B.EU000A2X2A25.WT,B,EU000A2X2A25,WT,A,F,,,,,P1D,,,,"ESA 2010 Sectors: S.121, S.122, S.123, S.124, S.125, S.126, S.127, S.128, S.129",,3,,,,,A,Euro short-term rate,"Euro short-term rate, Volume-weighted trimmed mean rate - Unsecured - Overnight - Borrowing - Financial corporations",,PC,0,4.0,True,-9.50000000000002,-9.546666666666672,0.5090591742988466,0.09167238117440678,False,Normal transmission
2024-03-13,3.907,EST.B.EU000A2X2A25.WT,B,EU000A2X2A25,WT,A,F,,,,,P1D,,,,"ESA 2010 Sectors: S.121, S.122, S.123, S.124, S.125, S.126, S.127, S.128, S.129",,3,,,,,A,Euro short-term rate,"Euro short-term rate, Volume-weighted trimmed mean rate - Unsecured - Overnight - Borrowing - Financial corporations",,PC,0,4.0,True,-9.299999999999997,-9.54166666666667,0.50999889221102,0.47385723843235156,False,Normal transmission
2024-03-14,3.908,EST.B.EU000A2X2A25.WT,B,EU000A2X2A25,WT,A,F,,,,,P1D,,,,"ESA 2010 Sectors: S.121, S.122, S.123, S.124, S.125, S.126, S.127, S.128, S.129",,3,,,,,A,Euro short-term rate,"Euro short-term rate, Volume-weighted trimmed mean rate - Unsecured - Overnight - Borrowing - Financial corporations",,PC,0,4.0,True,-9.200000000000008,-9.530000000000005,0.5096692180859828,0.6474787730741952,False,Normal transmission
2024-03-15,3.909,EST.B.EU000A2X2A25.WT,B,EU000A2X2A25,WT,A,F,,,,,P1D,,,,"ESA 2010 Sectors: S.121, S.122, S.123, S.124, S.125, S.126, S.127, S.128, S.129",,3,,,,,A,Euro short-term rate,"Euro short-term rate, Volume-weighted trimmed mean rate - Unsecured - Overnight - Borrowing - Financial corporations",,PC,0,4.0,True,-9.10000000000002,-9.516666666666671,0.510289604269927,0.8165297963747042,False,Normal transmission
2024-03-18,3.909,EST.B.EU000A2X2A25.WT,B,EU000A2X2A25,WT,A,F,,,,,P1D,,,,"ESA 2010 Sectors: S.121, S.122, S.123, S.124, S.125, S.126, S.127, S.128, S.129",,3,,,,,A,Euro short-term rate,"Euro short-term rate, Volume-weighted trimmed mean rate - Unsecured - Overnight - Borrowing - Financial corporations",,PC,0,4.0,True,-9.10000000000002,-9.503333333333337,0.5105552532945248,0.7899895862997746,False,Normal transmission
2024-03-19,3.908,EST.B.EU000A2X2A25.WT,B,EU000A2X2A25,WT,A,F,,,,,P1D,,,,"ESA 2010 Sectors: S.121, S.122, S.123, S.124, S.125, S.126, S.127, S.128, S.129",,3,,,,,A,Euro short-term rate,"Euro short-term rate, Volume-weighted trimmed mean rate - Unsecured - Overnight - Borrowing - Financial corporations",,PC,0,4.0,True,-9.200000000000008,-9.488333333333337,0.5059281340626632,0.5699096648727116,False,Normal transmission
2024-03-20,3.908,EST.B.EU000A2X2A25.WT,B,EU000A2X2A25,WT,A,F,,,,,P1D,,,,"ESA 2010 Sectors: S.121, S.122, S.123, S.124, S.125, S.126, S.127, S.128, S.129",,3,,,,,A,Euro short-term rate,"Euro short-term rate, Volume-weighted trimmed mean rate - Unsecured - Overnight - Borrowing - Financial corporations",,PC,0,4.0,True,-9.200000000000008,-9.473333333333336,0.5008016172966855,0.5457916346372333,False,Normal transmission
2024-03-21,3.907,EST.B.EU000A2X2A25.WT,B,EU000A2X2A25,WT,A,F,,,,,P1D,,,,"ESA 2010 Sectors: S.121, S.122, S.123, S.124, S.125, S.126, S.127, S.128, S.129",,3,,,,,A,Euro short-term rate,"Euro short-term rate, Volume-weighted trimmed mean rate - Unsecured - Overnight - Borrowing - Financial corporations",,PC,0,4.0,True,-9.299999999999997,-9.46166666666667,0.4964592142486628,0.3256393718290381,False,Normal transmission
2024-03-22,3.909,EST.B.EU000A2X2A25.WT,B,EU000A2X2A25,WT,A,F,,,,,P1D,,,,"ESA 2010 Sectors: S.121, S.122, S.123, S.124, S.125, S.126, S.127, S.128, S.129",,3,,,,,A,Euro short-term rate,"Euro short-term rate, Volume-weighted trimmed mean rate - Unsecured - Overnight - Borrowing - Financial corporations",,PC,0,4.0,True,-9.10000000000002,-9.446666666666669,0.4935058485963872,0.7024570583157779,False,Normal transmission
2024-03-25,3.909,EST.B.EU000A2X2A25.WT,B,EU000A2X2A25,WT,A,F,,,,,P1D,,,,"ESA 2010 Sectors: S.121, S.122, S.123, S.124, S.125, S.126, S.127, S.128, S.129",,3,,,,,A,Euro short-term rate,"Euro short-term rate, Volume-weighted trimmed mean rate - Unsecured - Overnight - Borrowing - Financial corporations",,PC,0,4.0,True,-9.10000000000002,-9.40166666666667,0.38685681083621526,0.7797889508900728,False,Normal transmission
2024-03-26,3.906,EST.B.EU000A2X2A25.WT,B,EU000A2X2A25,WT,A,F,,,,,P1D,,,,"ESA 2010 Sectors: S.121, S.122, S.123, S.124, S.125, S.126, S.127, S.128, S.129",,3,,,,,A,Euro short-term rate,"Euro short-term rate, Volume-weighted trimmed mean rate - Unsecured - Overnight - Borrowing - Financial corporations",,PC,0,4.0,True,-9.399999999999986,-9.40166666666667,0.38685681083621526,0.004308226248058258,False,Normal transmission
2024-03-27,3.906,EST.B.EU000A2X2A25.WT,B,EU000A2X2A25,WT,A,F,,,,,P1D,,,,"ESA 2010 Sectors: S.121, S.122, S.123, S.124, S.125, S.126, S.127, S.128, S.129",,3,,,,,A,Euro short-term rate,"Euro short-term rate, Volume-weighted trimmed mean rate - Unsecured - Overnight - Borrowing - Financial corporations",,PC,0,4.0,True,-9.399999999999986,-9.398333333333337,0.3859795668020165,-0.004318017869334673,False,Normal transmission
2024-03-28,3.899,EST.B.EU000A2X2A25.WT,B,EU000A2X2A25,WT,A,F,,,,,P1D,,,,"ESA 2010 Sectors: S.121, S.122, S.123, S.124, S.125, S.126, S.127, S.128, S.129",,3,,,,,A,Euro short-term rate,"Euro short-term rate, Volume-weighted trimmed mean rate - Unsecured - Overnight - Borrowing - Financial corporations",,PC,0,4.0,True,-10.099999999999998,-9.403333333333338,0.39314751907062095,-1.7720235608087815,False,Normal transmission
2024-04-02,3.906,EST.B.EU000A2X2A25.WT,B,EU000A2X2A25,WT,A,F,,,,,P1D,,,,"ESA 2010 Sectors: S.121, S.122, S.123, S.124, S.125, S.126, S.127, S.128, S.129",,3,,,,,A,Euro short-term rate,"Euro short-term rate, Volume-weighted trimmed mean rate - Unsecured - Overnight - Borrowing - Financial corporations",,PC,0,4.0,True,-9.399999999999986,-9.401666666666669,0.3929426864088854,0.004241500667475528,False,Normal transmission
2024-04-03,3.911,EST.B.EU000A2X2A25.WT,B,EU000A2X2A25,WT,A,F,,,,,P1D,,,,"ESA 2010 Sectors: S.121, S.122, S.123, S.124, S.125, S.126, S.127, S.128, S.129",,3,,,,,A,Euro short-term rate,"Euro short-term rate, Volume-weighted trimmed mean rate - Unsecured - Overnight - Borrowing - Financial corporations",,PC,0,4.0,True,-8.899999999999997,-9.390000000000004,0.3973215407948995,1.2332580786324625,False,Normal transmission
2024-04-04,3.912,EST.B.EU000A2X2A25.WT,B,EU000A2X2A25,WT,A,F,,,,,P1D,,,,"ESA 2010 Sectors: S.121, S.122, S.123, S.124, S.125, S.126, S.127, S.128, S.129",,3,,,,,A,Euro short-term rate,"Euro short-term rate, Volume-weighted trimmed mean rate - Unsecured - Overnight - Borrowing - Financial corporations",,PC,0,4.0,True,-8.800000000000008,-9.37666666666667,0.4035296249249395,1.4290565823362495,False,Normal transmission
2024-04-05,3.907,EST.B.EU000A2X2A25.WT,B,EU000A2X2A25,WT,A,F,,,,,P1D,,,,"ESA 2010 Sectors: S.121, S.122, S.123, S.124, S.125, S.126, S.127, S.128, S.129",,3,,,,,A,Euro short-term rate,"Euro short-term rate, Volume-weighted trimmed mean rate - Unsecured - Overnight - Borrowing - Financial corporations",,PC,0,4.0,True,-9.299999999999997,-9.375000000000004,0.40363811615546336,0.18581000405600878,False,Normal transmission
2024-04-08,3.908,EST.B.EU000A2X2A25.WT,B,EU000A2X2A25,WT,A,F,,,,,P1D,,,,"ESA 2010 Sectors: S.121, S.122, S.123, S.124, S.125, S.126, S.127, S.128, S.129",,3,,,,,A,Euro short-term rate,"Euro short-term rate, Volume-weighted trimmed mean rate - Unsecured - Overnight - Borrowing - Financial corporations",,PC,0,4.0,True,-9.200000000000008,-9.370000000000003,0.4039214556975815,0.4208739040772191,False,Normal transmission
2024-04-09,3.909,EST.B.EU000A2X2A25.WT,B,EU000A2X2A25,WT,A,F,,,,,P1D,,,,"ESA 2010 Sectors: S.121, S.122, S.123, S.124, S.125, S.126, S.127, S.128, S.129",,3,,,,,A,Euro short-term rate,"Euro short-term rate, Volume-weighted trimmed mean rate - Unsecured - Overnight - Borrowing - Financial corporations",,PC,0,4.0,True,-9.10000000000002,-9.361666666666672,0.4042535144618709,0.6472835913745231,False,Normal transmission
2024-04-10,3.907,EST.B.EU000A2X2A25.WT,B,EU000A2X2A25,WT,A,F,,,,,P1D,,,,"ESA 2010 Sectors: S.121, S.122, S.123, S.124, S.125, S.126, S.127, S.128, S.129",,3,,,,,A,Euro short-term rate,"Euro short-term rate, Volume-weighted trimmed mean rate - Unsecured - Overnight - Borrowing - Financial corporations",,PC,0,4.0,True,-9.299999999999997,-9.353333333333335,0.40019769126066634,0.1332674687985638,False,Normal transmission
2024-04-11,3.907,EST.B.EU000A2X2A25.WT,B,EU000A2X2A25,WT,A,F,,,,,P1D,,,,"ESA 2010 Sectors: S.121, S.122, S.123, S.124, S.125, S.126, S.127, S.128, S.129",,3,,,,,A,Euro short-term rate,"Euro short-term rate, Volume-weighted trimmed mean rate - Unsecured - Overnight - Borrowing - Financial corporations",,PC,0,4.0,True,-9.299999999999997,-9.350000000000003,0.3997880794552889,0.12506626027502127,False,Normal transmission
2024-04-12,3.91,EST.B.EU000A2X2A25.WT,B,EU000A2X2A25,WT,A,F,,,,,P1D,,,,"ESA 2010 Sectors: S.121, S.122, S.123, S.124, S.125, S.126, S.127, S.128, S.129",,3,,,,,A,Euro short-term rate,"Euro short-term rate, Volume-weighted trimmed mean rate - Unsecured - Overnight - Borrowing - Financial corporations",,PC,0,4.0,True,-8.999999999999986,-9.340000000000003,0.4009311196600193,0.8480259658774556,False,Normal transmission
2024-04-15,3.907,EST.B.EU000A2X2A25.WT,B,EU000A2X2A25,WT,A,F,,,,,P1D,,,,"ESA 2010 Sectors: S.121, S.122, S.123, S.124, S.125, S.126, S.127, S.128, S.129",,3,,,,,A,Euro short-term rate,"Euro short-term rate, Volume-weighted trimmed mean rate - Unsecured - Overnight - Borrowing - Financial corporations",,PC,0,4.0,True,-9.299999999999997,-9.340000000000003,0.4009311196600193,0.09976776069147579,False,Normal transmission
2024-04-16,3.911,EST.B.EU000A2X2A25.WT,B,EU000A2X2A25,WT,A,F,,,,,P1D,,,,"ESA 2010 Sectors: S.121, S.122, S.123, S.124, S.125, S.126, S.127, S.128, S.129",,3,,,,,A,Euro short-term rate,"Euro short-term rate, Volume-weighted trimmed mean rate - Unsecured - Overnight - Borrowing - Financial corporations",,PC,0,4.0,True,-8.899999999999997,-9.328333333333337,0.40341410219906765,1.0617708478668295,False,Normal transmission
2024-04-17,3.908,EST.B.EU000A2X2A25.WT,B,EU000A2X2A25,WT,A,F,,,,,P1D,,,,"ESA 2010 Sectors: S.121, S.122, S.123, S.124, S.125, S.126, S.127, S.128, S.129",,3,,,,,A,Euro short-term rate,"Euro short-term rate, Volume-weighted trimmed mean rate - Unsecured - Overnight - Borrowing - Financial corporations",,PC,0,4.0,True,-9.200000000000008,-9.318333333333337,0.398935731057143,0.29662254874928423,False,Normal transmission
2024-04-18,3.909,EST.B.EU000A2X2A25.WT,B,EU000A2X2A25,WT,A,F,,,,,P1D,,,,"ESA 2010 Sectors: S.121, S.122, S.123, S.124, S.125, S.126, S.127, S.128, S.129",,3,,,,,A,Euro short-term rate,"Euro short-term rate, Volume-weighted trimmed mean rate - Unsecured - Overnight - Borrowing - Financial corporations",,PC,0,4.0,True,-9.10000000000002,-9.30666666666667,0.3948252849675291,0.5234382764610618,False,Normal transmission
2024-04-19,3.91,EST.B.EU000A2X2A25.WT,B,EU000A2X2A25,WT,A,F,,,,,P1D,,,,"ESA 2010 Sectors: S.121, S.122, S.123, S.124, S.125, S.126, S.127, S.128, S.129",,3,,,,,A,Euro short-term rate,"Euro short-term rate, Volume-weighted trimmed mean rate - Unsecured - Overnight - Borrowing - Financial corporations",,PC,0,4.0,True,-8.999999999999986,-9.298333333333337,0.3959505476169534,0.7534610954041722,False,Normal transmission
2024-04-22,3.91,EST.B.EU000A2X2A25.WT,B,EU000A2X2A25,WT,A,F,,,,,P1D,,,,"ESA 2010 Sectors: S.121, S.122, S.123, S.124, S.125, S.126, S.127, S.128, S.129",,3,,,,,A,Euro short-term rate,"Euro short-term rate, Volume-weighted trimmed mean rate - Unsecured - Overnight - Borrowing - Financial corporations",,PC,0,4.0,True,-8.999999999999986,-9.290000000000003,0.39689472625469197,0.7306723441165619,False,Normal transmission
2024-04-23,3.908,EST.B.EU000A2X2A25.WT,B,EU000A2X2A25,WT,A,F,,,,,P1D,,,,"ESA 2010 Sectors: S.121, S.122, S.123, S.124, S.125, S.126, S.127, S.128, S.129",,3,,,,,A,Euro short-term rate,"Euro short-term rate, Volume-weighted trimmed mean rate - Unsecured - Overnight - Borrowing - Financial corporations",,PC,0,4.0,True,-9.200000000000008,-9.283333333333335,0.3949540486752163,0.21099500970517857,False,Normal transmission
2024-04-24,3.911,EST.B.EU000A2X2A25.WT,B,EU000A2X2A25,WT,A,F,,,,,P1D,,,,"ESA 2010 Sectors: S.121, S.122, S.123, S.124, S.125, S.126, S.127, S.128, S.129",,3,,,,,A,Euro short-term rate,"Euro short-term rate, Volume-weighted trimmed mean rate - Unsecured - Overnight - Borrowing - Financial corporations",,PC,0,4.0,True,-8.899999999999997,-9.276666666666669,0.398031881299786,0.9463228559397178,False,Normal transmission
2024-04-25,3.909,EST.B.EU000A2X2A25.WT,B,EU000A2X2A25,WT,A,F,,,,,P1D,,,,"ESA 2010 Sectors: S.121, S.122, S.123, S.124, S.125, S.126, S.127, S.128, S.129",,3,,,,,A,Euro short-term rate,"Euro short-term rate, Volume-weighted trimmed mean rate - Unsecured - Overnight - Borrowing - Financial corporations",,PC,0,4.0,True,-9.10000000000002,-9.273333333333335,0.3986701056102878,0.43477885824415097,False,Normal transmission
2024-04-26,3.907,EST.B.EU000A2X2A25.WT,B,EU000A2X2A25,WT,A,F,,,,,P1D,,,,"ESA 2010 Sectors: S.121, S.122, S.123, S.124, S.125, S.126, S.127, S.128, S.129",,3,,,,,A,Euro short-term rate,"Euro short-term rate, Volume-weighted trimmed mean rate - Unsecured - Overnight - Borrowing - Financial corporations",,PC,0,4.0,True,-9.299999999999997,-9.25166666666667,0.35866592107116546,-0.13475864444823157,False,Normal transmission
2024-04-29,3.906,EST.B.EU000A2X2A25.WT,B,EU000A2X2A25,WT,A,F,,,,,P1D,,,,"ESA 2010 Sectors: S.121, S.122, S.123, S.124, S.125, S.126, S.127, S.128, S.129",,3,,,,,A,Euro short-term rate,"Euro short-term rate, Volume-weighted trimmed mean rate - Unsecured - Overnight - Borrowing - Financial corporations",,PC,0,4.0,True,-9.399999999999986,-9.250000000000004,0.35772349894141625,-0.41931827359361656,False,Normal transmission
2024-04-30,3.889,EST.B.EU000A2X2A25.WT,B,EU000A2X2A25,WT,A,F,,,,,P1D,,,,"ESA 2010 Sectors: S.121, S.122, S.123, S.124, S.125, S.126, S.127, S.128, S.129",,3,,,,,A,Euro short-term rate,"Euro short-term rate, Volume-weighted trimmed mean rate - Unsecured - Overnight - Borrowing - Financial corporations",,PC,0,4.0,True,-11.100000000000021,-9.278333333333338,0.4298567623734296,-4.23784578055363,True,Unusually below policy rate
2024-05-02,3.91,EST.B.EU000A2X2A25.WT,B,EU000A2X2A25,WT,A,F,,,,,P1D,,,,"ESA 2010 Sectors: S.121, S.122, S.123, S.124, S.125, S.126, S.127, S.128, S.129",,3,,,,,A,Euro short-term rate,"Euro short-term rate, Volume-weighted trimmed mean rate - Unsecured - Overnight - Borrowing - Financial corporations",,PC,0,4.0,True,-8.999999999999986,-9.273333333333337,0.43134266792785125,0.6336802585434707,False,Normal transmission
2024-05-03,3.908,EST.B.EU000A2X2A25.WT,B,EU000A2X2A25,WT,A,F,,,,,P1D,,,,"ESA 2010 Sectors: S.121, S.122, S.123, S.124, S.125, S.126, S.127, S.128, S.129",,3,,,,,A,Euro short-term rate,"Euro short-term rate, Volume-weighted trimmed mean rate - Unsecured - Overnight - Borrowing - Financial corporations",,PC,0,4.0,True,-9.200000000000008,-9.273333333333337,0.43134266792785125,0.17001177668237297,False,Normal transmission
2024-05-06,3.909,EST.B.EU000A2X2A25.WT,B,EU000A2X2A25,WT,A,F,,,,,P1D,,,,"ESA 2010 Sectors: S.121, S.122, S.123, S.124, S.125, S.126, S.127, S.128, S.129",,3,,,,,A,Euro short-term rate,"Euro short-term rate, Volume-weighted trimmed mean rate - Unsecured - Overnight - Borrowing - Financial corporations",,PC,0,4.0,True,-9.10000000000002,-9.27166666666667,0.43182375040333826,0.39753873312041843,False,Normal transmission
2024-05-07,3.906,EST.B.EU000A2X2A25.WT,B,EU000A2X2A25,WT,A,F,,,,,P1D,,,,"ESA 2010 Sectors: S.121, S.122, S.123, S.124, S.125, S.126, S.127, S.128, S.129",,3,,,,,A,Euro short-term rate,"Euro short-term rate, Volume-weighted trimmed mean rate - Unsecured - Overnight - Borrowing - Financial corporations",,PC,0,4.0,True,-9.399999999999986,-9.275000000000002,0.4320330338907622,-0.289329727577243,False,Normal transmission
2024-05-08,3.905,EST.B.EU000A2X2A25.WT,B,EU000A2X2A25,WT,A,F,,,,,P1D,,,,"ESA 2010 Sectors: S.121, S.122, S.123, S.124, S.125, S.126, S.127, S.128, S.129",,3,,,,,A,Euro short-term rate,"Euro short-term rate, Volume-weighted trimmed mean rate - Unsecured - Overnight - Borrowing - Financial corporations",,PC,0,4.0,True,-9.50000000000002,-9.283333333333337,0.4314605336416883,-0.5021703024328438,False,Normal transmission
2024-05-09,3.901,EST.B.EU000A2X2A25.WT,B,EU000A2X2A25,WT,A,F,,,,,P1D,,,,"ESA 2010 Sectors: S.121, S.122, S.123, S.124, S.125, S.126, S.127, S.128, S.129",,3,,,,,A,Euro short-term rate,"Euro short-term rate, Volume-weighted trimmed mean rate - Unsecured - Overnight - Borrowing - Financial corporations",,PC,0,4.0,True,-9.90000000000002,-9.29666666666667,0.43801039638872497,-1.3774406687778797,False,Normal transmission
2024-05-10,3.906,EST.B.EU000A2X2A25.WT,B,EU000A2X2A25,WT,A,F,,,,,P1D,,,,"ESA 2010 Sectors: S.121, S.122, S.123, S.124, S.125, S.126, S.127, S.128, S.129",,3,,,,,A,Euro short-term rate,"Euro short-term rate, Volume-weighted trimmed mean rate - Unsecured - Overnight - Borrowing - Financial corporations",,PC,0,4.0,True,-9.399999999999986,-9.30166666666667,0.4374392613204809,-0.224793113074674,False,Normal transmission
2024-05-13,3.907,EST.B.EU000A2X2A25.WT,B,EU000A2X2A25,WT,A,F,,,,,P1D,,,,"ESA 2010 Sectors: S.121, S.122, S.123, S.124, S.125, S.126, S.127, S.128, S.129",,3,,,,,A,Euro short-term rate,"Euro short-term rate, Volume-weighted trimmed mean rate - Unsecured - Overnight - Borrowing - Financial corporations",,PC,0,4.0,True,-9.299999999999997,-9.308333333333335,0.43425044194296286,0.019190155100481717,False,Normal transmission
2024-05-14,3.907,EST.B.EU000A2X2A25.WT,B,EU000A2X2A25,WT,A,F,,,,,P1D,,,,"ESA 2010 Sectors: S.121, S.122, S.123, S.124, S.125, S.126, S.127, S.128, S.129",,3,,,,,A,Euro short-term rate,"Euro short-term rate, Volume-weighted trimmed mean rate - Unsecured - Overnight - Borrowing - Financial corporations",,PC,0,4.0,True,-9.299999999999997,-9.315000000000003,0.43093316167415485,0.034808182182433145,False,Normal transmission
2024-05-15,3.908,EST.B.EU000A2X2A25.WT,B,EU000A2X2A25,WT,A,F,,,,,P1D,,,,"ESA 2010 Sectors: S.121, S.122, S.123, S.124, S.125, S.126, S.127, S.128, S.129",,3,,,,,A,Euro short-term rate,"Euro short-term rate, Volume-weighted trimmed mean rate - Unsecured - Overnight - Borrowing - Financial corporations",,PC,0,4.0,True,-9.200000000000008,-9.316666666666668,0.43028042360515073,0.27114100541492414,False,Normal transmission
2024-05-16,3.904,EST.B.EU000A2X2A25.WT,B,EU000A2X2A25,WT,A,F,,,,,P1D,,,,"ESA 2010 Sectors: S.121, S.122, S.123, S.124, S.125, S.126, S.127, S.128, S.129",,3,,,,,A,Euro short-term rate,"Euro short-term rate, Volume-weighted trimmed mean rate - Unsecured - Overnight - Borrowing - Financial corporations",,PC,0,4.0,True,-9.600000000000009,-9.32666666666667,0.4297680362378361,-0.6360020063988066,False,Normal transmission
2024-05-17,3.901,EST.B.EU000A2X2A25.WT,B,EU000A2X2A25,WT,A,F,,,,,P1D,,,,"ESA 2010 Sectors: S.121, S.122, S.123, S.124, S.125, S.126, S.127, S.128, S.129",,3,,,,,A,Euro short-term rate,"Euro short-term rate, Volume-weighted trimmed mean rate - Unsecured - Overnight - Borrowing - Financial corporations",,PC,0,4.0,True,-9.90000000000002,-9.343333333333337,0.4323239003365814,-1.2876148328447616,False,Normal transmission
2024-05-20,3.904,EST.B.EU000A2X2A25.WT,B,EU000A2X2A25,WT,A,F,,,,,P1D,,,,"ESA 2010 Sectors: S.121, S.122, S.123, S.124, S.125, S.126, S.127, S.128, S.129",,3,,,,,A,Euro short-term rate,"Euro short-term rate, Volume-weighted trimmed mean rate - Unsecured - Overnight - Borrowing - Financial corporations",,PC,0,4.0,True,-9.600000000000009,-9.353333333333337,0.4311854635244287,-0.5720662859328899,False,Normal transmission
2024-05-21,3.912,EST.B.EU000A2X2A25.WT,B,EU000A2X2A25,WT,A,F,,,,,P1D,,,,"ESA 2010 Sectors: S.121, S.122, S.123, S.124, S.125, S.126, S.127, S.128, S.129",,3,,,,,A,Euro short-term rate,"Euro short-term rate, Volume-weighted trimmed mean rate - Unsecured - Overnight - Borrowing - Financial corporations",,PC,0,4.0,True,-8.800000000000008,-9.348333333333336,0.4358866540067696,1.2579722923216925,False,Normal transmission
2024-05-22,3.91,EST.B.EU000A2X2A25.WT,B,EU000A2X2A25,WT,A,F,,,,,P1D,,,,"ESA 2010 Sectors: S.121, S.122, S.123, S.124, S.125, S.126, S.127, S.128, S.129",,3,,,,,A,Euro short-term rate,"Euro short-term rate, Volume-weighted trimmed mean rate - Unsecured - Overnight - Borrowing - Financial corporations",,PC,0,4.0,True,-8.999999999999986,-9.343333333333337,0.4381651521572047,0.7835706049260862,False,Normal transmission
2024-05-23,3.912,EST.B.EU000A2X2A25.WT,B,EU000A2X2A25,WT,A,F,,,,,P1D,,,,"ESA 2010 Sectors: S.121, S.122, S.123, S.124, S.125, S.126, S.127, S.128, S.129",,3,,,,,A,Euro short-term rate,"Euro short-term rate, Volume-weighted trimmed mean rate - Unsecured - Overnight - Borrowing - Financial corporations",,PC,0,4.0,True,-8.800000000000008,-9.330000000000004,0.4423741801396324,1.1980807736850847,False,Normal transmission
2024-05-24,3.91,EST.B.EU000A2X2A25.WT,B,EU000A2X2A25,WT,A,F,,,,,P1D,,,,"ESA 2010 Sectors: S.121, S.122, S.123, S.124, S.125, S.126, S.127, S.128, S.129",,3,,,,,A,Euro short-term rate,"Euro short-term rate, Volume-weighted trimmed mean rate - Unsecured - Overnight - Borrowing - Financial corporations",,PC,0,4.0,True,-8.999999999999986,-9.321666666666669,0.44382454414855815,0.7247608788373229,False,Normal transmission
2024-05-27,3.911,EST.B.EU000A2X2A25.WT,B,EU000A2X2A25,WT,A,F,,,,,P1D,,,,"ESA 2010 Sectors: S.121, S.122, S.123, S.124, S.125, S.126, S.127, S.128, S.129",,3,,,,,A,Euro short-term rate,"Euro short-term rate, Volume-weighted trimmed mean rate - Unsecured - Overnight - Borrowing - Financial corporations",,PC,0,4.0,True,-8.899999999999997,-9.313333333333336,0.4470114193614333,0.9246594503643689,False,Normal transmission
2024-05-28,3.909,EST.B.EU000A2X2A25.WT,B,EU000A2X2A25,WT,A,F,,,,,P1D,,,,"ESA 2010 Sectors: S.121, S.122, S.123, S.124, S.125, S.126, S.127, S.128, S.129",,3,,,,,A,Euro short-term rate,"Euro short-term rate, Volume-weighted trimmed mean rate - Unsecured - Overnight - Borrowing - Financial corporations",,PC,0,4.0,True,-9.10000000000002,-9.276666666666669,0.3637687227013824,0.48565656045056815,False,Normal transmission
2024-05-29,3.909,EST.B.EU000A2X2A25.WT,B,EU000A2X2A25,WT,A,F,,,,,P1D,,,,"ESA 2010 Sectors: S.121, S.122, S.123, S.124, S.125, S.126, S.127, S.128, S.129",,3,,,,,A,Euro short-term rate,"Euro short-term rate, Volume-weighted trimmed mean rate - Unsecured - Overnight - Borrowing - Financial corporations",,PC,0,4.0,True,-9.10000000000002,-9.268333333333336,0.3619587328601996,0.46506222409153175,False,Normal transmission
2024-05-30,3.91,EST.B.EU000A2X2A25.WT,B,EU000A2X2A25,WT,A,F,,,,,P1D,,,,"ESA 2010 Sectors: S.121, S.122, S.123, S.124, S.125, S.126, S.127, S.128, S.129",,3,,,,,A,Euro short-term rate,"Euro short-term rate, Volume-weighted trimmed mean rate - Unsecured - Overnight - Borrowing - Financial corporations",,PC,0,4.0,True,-8.999999999999986,-9.25666666666667,0.359079173870222,0.7147912921272563,False,Normal transmission
2024-05-31,3.892,EST.B.EU000A2X2A25.WT,B,EU000A2X2A25,WT,A,F,,,,,P1D,,,,"ESA 2010 Sectors: S.121, S.122, S.123, S.124, S.125, S.126, S.127, S.128, S.129",,3,,,,,A,Euro short-term rate,"Euro short-term rate, Volume-weighted trimmed mean rate - Unsecured - Overnight - Borrowing - Financial corporations",,PC,0,4.0,True,-10.80000000000001,-9.288333333333338,0.40759387674688896,-3.7087570567341945,True,Unusually below policy rate
2024-06-03,3.913,EST.B.EU000A2X2A25.WT,B,EU000A2X2A25,WT,A,F,,,,,P1D,,,,"ESA 2010 Sectors: S.121, S.122, S.123, S.124, S.125, S.126, S.127, S.128, S.129",,3,,,,,A,Euro short-term rate,"Euro short-term rate, Volume-weighted trimmed mean rate - Unsecured - Overnight - Borrowing - Financial corporations",,PC,0,4.0,True,-8.700000000000019,-9.275000000000002,0.4135931842207682,1.3902550185475475,False,Normal transmission
2024-06-04,3.911,EST.B.EU000A2X2A25.WT,B,EU000A2X2A25,WT,A,F,,,,,P1D,,,,"ESA 2010 Sectors: S.121, S.122, S.123, S.124, S.125, S.126, S.127, S.128, S.129",,3,,,,,A,Euro short-term rate,"Euro short-term rate, Volume-weighted trimmed mean rate - Unsecured - Overnight - Borrowing - Financial corporations",,PC,0,4.0,True,-8.899999999999997,-9.270000000000005,0.416319629489508,0.8887402221550371,False,Normal transmission
2024-06-05,3.913,EST.B.EU000A2X2A25.WT,B,EU000A2X2A25,WT,A,F,,,,,P1D,,,,"ESA 2010 Sectors: S.121, S.122, S.123, S.124, S.125, S.126, S.127, S.128, S.129",,3,,,,,A,Euro short-term rate,"Euro short-term rate, Volume-weighted trimmed mean rate - Unsecured - Overnight - Borrowing - Financial corporations",,PC,0,4.0,True,-8.700000000000019,-9.260000000000002,0.42274326062842876,1.3246810822424822,False,Normal transmission
2024-06-06,3.911,EST.B.EU000A2X2A25.WT,B,EU000A2X2A25,WT,A,F,,,,,P1D,,,,"ESA 2010 Sectors: S.121, S.122, S.123, S.124, S.125, S.126, S.127, S.128, S.129",,3,,,,,A,Euro short-term rate,"Euro short-term rate, Volume-weighted trimmed mean rate - Unsecured - Overnight - Borrowing - Financial corporations",,PC,0,4.0,True,-8.899999999999997,-9.248333333333338,0.42286018311405604,0.8237553386278209,False,Normal transmission
2024-06-07,3.912,EST.B.EU000A2X2A25.WT,B,EU000A2X2A25,WT,A,F,,,,,P1D,,,,"ESA 2010 Sectors: S.121, S.122, S.123, S.124, S.125, S.126, S.127, S.128, S.129",,3,,,,,A,Euro short-term rate,"Euro short-term rate, Volume-weighted trimmed mean rate - Unsecured - Overnight - Borrowing - Financial corporations",,PC,0,4.0,True,-8.800000000000008,-9.23666666666667,0.42544758750930795,1.0263700617578626,False,Normal transmission
2024-06-10,3.912,EST.B.EU000A2X2A25.WT,B,EU000A2X2A25,WT,A,F,,,,,P1D,,,,"ESA 2010 Sectors: S.121, S.122, S.123, S.124, S.125, S.126, S.127, S.128, S.129",,3,,,,,A,Euro short-term rate,"Euro short-term rate, Volume-weighted trimmed mean rate - Unsecured - Overnight - Borrowing - Financial corporations",,PC,0,4.0,True,-8.800000000000008,-9.228333333333337,0.42906744231702476,0.998289059221713,False,Normal transmission
2024-06-11,3.909,EST.B.EU000A2X2A25.WT,B,EU000A2X2A25,WT,A,F,,,,,P1D,,,,"ESA 2010 Sectors: S.121, S.122, S.123, S.124, S.125, S.126, S.127, S.128, S.129",,3,,,,,A,Euro short-term rate,"Euro short-term rate, Volume-weighted trimmed mean rate - Unsecured - Overnight - Borrowing - Financial corporations",,PC,0,4.0,True,-9.10000000000002,-9.226666666666668,0.4293734760332549,0.2950034730529998,False,Normal transmission
2024-06-12,3.662,EST.B.EU000A2X2A25.WT,B,EU000A2X2A25,WT,A,F,,,,,P1D,,,,"ESA 2010 Sectors: S.121, S.122, S.123, S.124, S.125, S.126, S.127, S.128, S.129",,3,,,,,A,Euro short-term rate,"Euro short-term rate, Volume-weighted trimmed mean rate - Unsecured - Overnight - Borrowing - Financial corporations",,PC,0,3.75,True,-8.800000000000008,-9.22166666666667,0.43260804143485415,0.974708341685229,False,Normal transmission
2024-06-13,3.661,EST.B.EU000A2X2A25.WT,B,EU000A2X2A25,WT,A,F,,,,,P1D,,,,"ESA 2010 Sectors: S.121, S.122, S.123, S.124, S.125, S.126, S.127, S.128, S.129",,3,,,,,A,Euro short-term rate,"Euro short-term rate, Volume-weighted trimmed mean rate - Unsecured - Overnight - Borrowing - Financial corporations",,PC,0,3.75,True,-8.899999999999997,-9.218333333333335,0.43432849657584005,0.7329321834579487,False,Normal transmission
2024-06-14,3.662,EST.B.EU000A2X2A25.WT,B,EU000A2X2A25,WT,A,F,,,,,P1D,,,,"ESA 2010 Sectors: S.121, S.122, S.123, S.124, S.125, S.126, S.127, S.128, S.129",,3,,,,,A,Euro short-term rate,"Euro short-term rate, Volume-weighted trimmed mean rate - Unsecured - Overnight - Borrowing - Financial corporations",,PC,0,3.75,True,-8.800000000000008,-9.211666666666671,0.4376716773737108,0.9405832909657468,False,Normal transmission
2024-06-17,3.662,EST.B.EU000A2X2A25.WT,B,EU000A2X2A25,WT,A,F,,,,,P1D,,,,"ESA 2010 Sectors: S.121, S.122, S.123, S.124, S.125, S.126, S.127, S.128, S.129",,3,,,,,A,Euro short-term rate,"Euro short-term rate, Volume-weighted trimmed mean rate - Unsecured - Overnight - Borrowing - Financial corporations",,PC,0,3.75,True,-8.800000000000008,-9.205000000000004,0.4408870103917553,0.9186027042169564,False,Normal transmission
2024-06-18,3.666,EST.B.EU000A2X2A25.WT,B,EU000A2X2A25,WT,A,F,,,,,P1D,,,,"ESA 2010 Sectors: S.121, S.122, S.123, S.124, S.125, S.126, S.127, S.128, S.129",,3,,,,,A,Euro short-term rate,"Euro short-term rate, Volume-weighted trimmed mean rate - Unsecured - Overnight - Borrowing - Financial corporations",,PC,0,3.75,True,-8.400000000000007,-9.190000000000003,0.45275053931214054,1.7448902461833284,False,Normal transmission
2024-06-19,3.663,EST.B.EU000A2X2A25.WT,B,EU000A2X2A25,WT,A,F,,,,,P1D,,,,"ESA 2010 Sectors: S.121, S.122, S.123, S.124, S.125, S.126, S.127, S.128, S.129",,3,,,,,A,Euro short-term rate,"Euro short-term rate, Volume-weighted trimmed mean rate - Unsecured - Overnight - Borrowing - Financial corporations",,PC,0,3.75,True,-8.700000000000019,-9.183333333333337,0.45702303716240766,1.0575688620299484,False,Normal transmission
2024-06-20,3.663,EST.B.EU000A2X2A25.WT,B,EU000A2X2A25,WT,A,F,,,,,P1D,,,,"ESA 2010 Sectors: S.121, S.122, S.123, S.124, S.125, S.126, S.127, S.128, S.129",,3,,,,,A,Euro short-term rate,"Euro short-term rate, Volume-weighted trimmed mean rate - Unsecured - Overnight - Borrowing - Financial corporations",,PC,0,3.75,True,-8.700000000000019,-9.176666666666671,0.46115796281387444,1.0336299166518725,False,Normal transmission
2024-06-21,3.664,EST.B.EU000A2X2A25.WT,B,EU000A2X2A25,WT,A,F,,,,,P1D,,,,"ESA 2010 Sectors: S.121, S.122, S.123, S.124, S.125, S.126, S.127, S.128, S.129",,3,,,,,A,Euro short-term rate,"Euro short-term rate, Volume-weighted trimmed mean rate - Unsecured - Overnight - Borrowing - Financial corporations",,PC,0,3.75,True,-8.599999999999985,-9.163333333333338,0.46612963449899736,1.208533617346236,False,Normal transmission
2024-06-24,3.663,EST.B.EU000A2X2A25.WT,B,EU000A2X2A25,WT,A,F,,,,,P1D,,,,"ESA 2010 Sectors: S.121, S.122, S.123, S.124, S.125, S.126, S.127, S.128, S.129",,3,,,,,A,Euro short-term rate,"Euro short-term rate, Volume-weighted trimmed mean rate - Unsecured - Overnight - Borrowing - Financial corporations",,PC,0,3.75,True,-8.700000000000019,-9.15166666666667,0.46885785011642495,0.9633339114499115,False,Normal transmission
2024-06-25,3.663,EST.B.EU000A2X2A25.WT,B,EU000A2X2A25,WT,A,F,,,,,P1D,,,,"ESA 2010 Sectors: S.121, S.122, S.123, S.124, S.125, S.126, S.127, S.128, S.129",,3,,,,,A,Euro short-term rate,"Euro short-term rate, Volume-weighted trimmed mean rate - Unsecured - Overnight - Borrowing - Financial corporations",,PC,0,3.75,True,-8.700000000000019,-9.128333333333337,0.4555092760470951,0.9403394307364954,False,Normal transmission
2024-06-26,3.661,EST.B.EU000A2X2A25.WT,B,EU000A2X2A25,WT,A,F,,,,,P1D,,,,"ESA 2010 Sectors: S.121, S.122, S.123, S.124, S.125, S.126, S.127, S.128, S.129",,3,,,,,A,Euro short-term rate,"Euro short-term rate, Volume-weighted trimmed mean rate - Unsecured - Overnight - Borrowing - Financial corporations",,PC,0,3.75,True,-8.899999999999997,-9.120000000000005,0.4550284029130538,0.48348630237494217,False,Normal transmission
2024-06-27,3.662,EST.B.EU000A2X2A25.WT,B,EU000A2X2A25,WT,A,F,,,,,P1D,,,,"ESA 2010 Sectors: S.121, S.122, S.123, S.124, S.125, S.126, S.127, S.128, S.129",,3,,,,,A,Euro short-term rate,"Euro short-term rate, Volume-weighted trimmed mean rate - Unsecured - Overnight - Borrowing - Financial corporations",,PC,0,3.75,True,-8.800000000000008,-9.11833333333334,0.4560299078307643,0.6980536317180915,False,Normal transmission
2024-06-28,3.656,EST.B.EU000A2X2A25.WT,B,EU000A2X2A25,WT,A,F,,,,,P1D,,,,"ESA 2010 Sectors: S.121, S.122, S.123, S.124, S.125, S.126, S.127, S.128, S.129",,3,,,,,A,Euro short-term rate,"Euro short-term rate, Volume-weighted trimmed mean rate - Unsecured - Overnight - Borrowing - Financial corporations",,PC,0,3.75,True,-9.399999999999986,-9.128333333333337,0.4555092760470951,-0.5964020514009492,False,Normal transmission
2024-07-01,3.665,EST.B.EU000A2X2A25.WT,B,EU000A2X2A25,WT,A,F,,,,,P1D,,,,"ESA 2010 Sectors: S.121, S.122, S.123, S.124, S.125, S.126, S.127, S.128, S.129",,3,,,,,A,Euro short-term rate,"Euro short-term rate, Volume-weighted trimmed mean rate - Unsecured - Overnight - Borrowing - Financial corporations",,PC,0,3.75,True,-8.499999999999996,-9.115000000000006,0.46206060208589234,1.3309942402007409,False,Normal transmission
2024-07-02,3.662,EST.B.EU000A2X2A25.WT,B,EU000A2X2A25,WT,A,F,,,,,P1D,,,,"ESA 2010 Sectors: S.121, S.122, S.123, S.124, S.125, S.126, S.127, S.128, S.129",,3,,,,,A,Euro short-term rate,"Euro short-term rate, Volume-weighted trimmed mean rate - Unsecured - Overnight - Borrowing - Financial corporations",,PC,0,3.75,True,-8.800000000000008,-9.108333333333338,0.46369615514231155,0.6649469268053353,False,Normal transmission
2024-07-03,3.663,EST.B.EU000A2X2A25.WT,B,EU000A2X2A25,WT,A,F,,,,,P1D,,,,"ESA 2010 Sectors: S.121, S.122, S.123, S.124, S.125, S.126, S.127, S.128, S.129",,3,,,,,A,Euro short-term rate,"Euro short-term rate, Volume-weighted trimmed mean rate - Unsecured - Overnight - Borrowing - Financial corporations",,PC,0,3.75,True,-8.700000000000019,-9.10166666666667,0.46668381727965635,0.8606826544961509,False,Normal transmission
2024-07-04,3.663,EST.B.EU000A2X2A25.WT,B,EU000A2X2A25,WT,A,F,,,,,P1D,,,,"ESA 2010 Sectors: S.121, S.122, S.123, S.124, S.125, S.126, S.127, S.128, S.129",,3,,,,,A,Euro short-term rate,"Euro short-term rate, Volume-weighted trimmed mean rate - Unsecured - Overnight - Borrowing - Financial corporations",,PC,0,3.75,True,-8.700000000000019,-9.091666666666672,0.4687855447916743,0.8354922011102279,False,Normal transmission
2024-07-05,3.663,EST.B.EU000A2X2A25.WT,B,EU000A2X2A25,WT,A,F,,,,,P1D,,,,"ESA 2010 Sectors: S.121, S.122, S.123, S.124, S.125, S.126, S.127, S.128, S.129",,3,,,,,A,Euro short-term rate,"Euro short-term rate, Volume-weighted trimmed mean rate - Unsecured - Overnight - Borrowing - Financial corporations",,PC,0,3.75,True,-8.700000000000019,-9.081666666666672,0.4706618731850219,0.8109147743025629,False,Normal transmission
2024-07-08,3.662,EST.B.EU000A2X2A25.WT,B,EU000A2X2A25,WT,A,F,,,,,P1D,,,,"ESA 2010 Sectors: S.121, S.122, S.123, S.124, S.125, S.126, S.127, S.128, S.129",,3,,,,,A,Euro short-term rate,"Euro short-term rate, Volume-weighted trimmed mean rate - Unsecured - Overnight - Borrowing - Financial corporations",,PC,0,3.75,True,-8.800000000000008,-9.078333333333338,0.4719564999585072,0.5897436169600393,False,Normal transmission
2024-07-09,3.662,EST.B.EU000A2X2A25.WT,B,EU000A2X2A25,WT,A,F,,,,,P1D,,,,"ESA 2010 Sectors: S.121, S.122, S.123, S.124, S.125, S.126, S.127, S.128, S.129",,3,,,,,A,Euro short-term rate,"Euro short-term rate, Volume-weighted trimmed mean rate - Unsecured - Overnight - Borrowing - Financial corporations",,PC,0,3.75,True,-8.800000000000008,-9.070000000000004,0.47239024373166144,0.5715613384965841,False,Normal transmission
2024-07-10,3.663,EST.B.EU000A2X2A25.WT,B,EU000A2X2A25,WT,A,F,,,,,P1D,,,,"ESA 2010 Sectors: S.121, S.122, S.123, S.124, S.125, S.126, S.127, S.128, S.129",,3,,,,,A,Euro short-term rate,"Euro short-term rate, Volume-weighted trimmed mean rate - Unsecured - Overnight - Borrowing - Financial corporations",,PC,0,3.75,True,-8.700000000000019,-9.066666666666672,0.4743118714647635,0.7730497352603002,False,Normal transmission
2024-07-11,3.662,EST.B.EU000A2X2A25.WT,B,EU000A2X2A25,WT,A,F,,,,,P1D,,,,"ESA 2010 Sectors: S.121, S.122, S.123, S.124, S.125, S.126, S.127, S.128, S.129",,3,,,,,A,Euro short-term rate,"Euro short-term rate, Volume-weighted trimmed mean rate - Unsecured - Overnight - Borrowing - Financial corporations",,PC,0,3.75,True,-8.800000000000008,-9.060000000000006,0.47521627547312945,0.5471193084478004,False,Normal transmission
2024-07-12,3.661,EST.B.EU000A2X2A25.WT,B,EU000A2X2A25,WT,A,F,,,,,P1D,,,,"ESA 2010 Sectors: S.121, S.122, S.123, S.124, S.125, S.126, S.127, S.128, S.129",,3,,,,,A,Euro short-term rate,"Euro short-term rate, Volume-weighted trimmed mean rate - Unsecured - Overnight - Borrowing - Financial corporations",,PC,0,3.75,True,-8.899999999999997,-9.056666666666672,0.4756321989736839,0.3293861664637707,False,Normal transmission
2024-07-15,3.661,EST.B.EU000A2X2A25.WT,B,EU000A2X2A25,WT,A,F,,,,,P1D,,,,"ESA 2010 Sectors: S.121, S.122, S.123, S.124, S.125, S.126, S.127, S.128, S.129",,3,,,,,A,Euro short-term rate,"Euro short-term rate, Volume-weighted trimmed mean rate - Unsecured - Overnight - Borrowing - Financial corporations",,PC,0,3.75,True,-8.899999999999997,-9.055000000000005,0.47600918663686415,0.3256239676698802,False,Normal transmission
2024-07-16,3.662,EST.B.EU000A2X2A25.WT,B,EU000A2X2A25,WT,A,F,,,,,P1D,,,,"ESA 2010 Sectors: S.121, S.122, S.123, S.124, S.125, S.126, S.127, S.128, S.129",,3,,,,,A,Euro short-term rate,"Euro short-term rate, Volume-weighted trimmed mean rate - Unsecured - Overnight - Borrowing - Financial corporations",,PC,0,3.75,True,-8.800000000000008,-9.051666666666671,0.477099878207161,0.5274926240022796,False,Normal transmission
2024-07-17,3.662,EST.B.EU000A2X2A25.WT,B,EU000A2X2A25,WT,A,F,,,,,P1D,,,,"ESA 2010 Sectors: S.121, S.122, S.123, S.124, S.125, S.126, S.127, S.128, S.129",,3,,,,,A,Euro short-term rate,"Euro short-term rate, Volume-weighted trimmed mean rate - Unsecured - Overnight - Borrowing - Financial corporations",,PC,0,3.75,True,-8.800000000000008,-9.045000000000007,0.4777862084833826,0.5127816493022952,False,Normal transmission
2024-07-18,3.663,EST.B.EU000A2X2A25.WT,B,EU000A2X2A25,WT,A,F,,,,,P1D,,,,"ESA 2010 Sectors: S.121, S.122, S.123, S.124, S.125, S.126, S.127, S.128, S.129",,3,,,,,A,Euro short-term rate,"Euro short-term rate, Volume-weighted trimmed mean rate - Unsecured - Overnight - Borrowing - Financial corporations",,PC,0,3.75,True,-8.700000000000019,-9.041666666666675,0.4795095187074501,0.7125336481070103,False,Normal transmission
2024-07-19,3.663,EST.B.EU000A2X2A25.WT,B,EU000A2X2A25,WT,A,F,,,,,P1D,,,,"ESA 2010 Sectors: S.121, S.122, S.123, S.124, S.125, S.126, S.127, S.128, S.129",,3,,,,,A,Euro short-term rate,"Euro short-term rate, Volume-weighted trimmed mean rate - Unsecured - Overnight - Borrowing - Financial corporations",,PC,0,3.75,True,-8.700000000000019,-9.035000000000005,0.48146140525045167,0.6957982433207139,False,Normal transmission
2024-07-22,3.664,EST.B.EU000A2X2A25.WT,B,EU000A2X2A25,WT,A,F,,,,,P1D,,,,"ESA 2010 Sectors: S.121, S.122, S.123, S.124, S.125, S.126, S.127, S.128, S.129",,3,,,,,A,Euro short-term rate,"Euro short-term rate, Volume-weighted trimmed mean rate - Unsecured - Overnight - Borrowing - Financial corporations",,PC,0,3.75,True,-8.599999999999985,-9.023333333333339,0.4834083323849378,0.8757261821384023,False,Normal transmission
2024-07-23,3.665,EST.B.EU000A2X2A25.WT,B,EU000A2X2A25,WT,A,F,,,,,P1D,,,,"ESA 2010 Sectors: S.121, S.122, S.123, S.124, S.125, S.126, S.127, S.128, S.129",,3,,,,,A,Euro short-term rate,"Euro short-term rate, Volume-weighted trimmed mean rate - Unsecured - Overnight - Borrowing - Financial corporations",,PC,0,3.75,True,-8.499999999999996,-9.008333333333338,0.4854812976783538,1.0470708877237287,False,Normal transmission
2024-07-24,3.665,EST.B.EU000A2X2A25.WT,B,EU000A2X2A25,WT,A,F,,,,,P1D,,,,"ESA 2010 Sectors: S.121, S.122, S.123, S.124, S.125, S.126, S.127, S.128, S.129",,3,,,,,A,Euro short-term rate,"Euro short-term rate, Volume-weighted trimmed mean rate - Unsecured - Overnight - Borrowing - Financial corporations",,PC,0,3.75,True,-8.499999999999996,-8.965000000000005,0.4049795977283905,1.1482059901493418,False,Normal transmission
2024-07-25,3.665,EST.B.EU000A2X2A25.WT,B,EU000A2X2A25,WT,A,F,,,,,P1D,,,,"ESA 2010 Sectors: S.121, S.122, S.123, S.124, S.125, S.126, S.127, S.128, S.129",,3,,,,,A,Euro short-term rate,"Euro short-term rate, Volume-weighted trimmed mean rate - Unsecured - Overnight - Borrowing - Financial corporations",,PC,0,3.75,True,-8.499999999999996,-8.956666666666672,0.40936770867269545,1.115541497269873,False,Normal transmission
2024-07-26,3.663,EST.B.EU000A2X2A25.WT,B,EU000A2X2A25,WT,A,F,,,,,P1D,,,,"ESA 2010 Sectors: S.121, S.122, S.123, S.124, S.125, S.126, S.127, S.128, S.129",,3,,,,,A,Euro short-term rate,"Euro short-term rate, Volume-weighted trimmed mean rate - Unsecured - Overnight - Borrowing - Financial corporations",,PC,0,3.75,True,-8.700000000000019,-8.948333333333341,0.4094194594609406,0.6065499027825615,False,Normal transmission
2024-07-29,3.663,EST.B.EU000A2X2A25.WT,B,EU000A2X2A25,WT,A,F,,,,,P1D,,,,"ESA 2010 Sectors: S.121, S.122, S.123, S.124, S.125, S.126, S.127, S.128, S.129",,3,,,,,A,Euro short-term rate,"Euro short-term rate, Volume-weighted trimmed mean rate - Unsecured - Overnight - Borrowing - Financial corporations",,PC,0,3.75,True,-8.700000000000019,-8.941666666666674,0.41016394682713664,0.5891952926045569,False,Normal transmission
2024-07-30,3.665,EST.B.EU000A2X2A25.WT,B,EU000A2X2A25,WT,A,F,,,,,P1D,,,,"ESA 2010 Sectors: S.121, S.122, S.123, S.124, S.125, S.126, S.127, S.128, S.129",,3,,,,,A,Euro short-term rate,"Euro short-term rate, Volume-weighted trimmed mean rate - Unsecured - Overnight - Borrowing - Financial corporations",,PC,0,3.75,True,-8.499999999999996,-8.926666666666675,0.40957467259262653,1.041731081577527,False,Normal transmission
2024-07-31,3.653,EST.B.EU000A2X2A25.WT,B,EU000A2X2A25,WT,A,F,,,,,P1D,,,,"ESA 2010 Sectors: S.121, S.122, S.123, S.124, S.125, S.126, S.127, S.128, S.129",,3,,,,,A,Euro short-term rate,"Euro short-term rate, Volume-weighted trimmed mean rate - Unsecured - Overnight - Borrowing - Financial corporations",,PC,0,3.75,True,-9.699999999999998,-8.930000000000005,0.4150964764313723,-1.8549904509423032,False,Normal transmission
2024-08-01,3.664,EST.B.EU000A2X2A25.WT,B,EU000A2X2A25,WT,A,F,,,,,P1D,,,,"ESA 2010 Sectors: S.121, S.122, S.123, S.124, S.125, S.126, S.127, S.128, S.129",,3,,,,,A,Euro short-term rate,"Euro short-term rate, Volume-weighted trimmed mean rate - Unsecured - Overnight - Borrowing - Financial corporations",,PC,0,3.75,True,-8.599999999999985,-8.908333333333339,0.3971473136010657,0.7763701850016133,False,Normal transmission
2024-08-02,3.664,EST.B.EU000A2X2A25.WT,B,EU000A2X2A25,WT,A,F,,,,,P1D,,,,"ESA 2010 Sectors: S.121, S.122, S.123, S.124, S.125, S.126, S.127, S.128, S.129",,3,,,,,A,Euro short-term rate,"Euro short-term rate, Volume-weighted trimmed mean rate - Unsecured - Overnight - Borrowing - Financial corporations",,PC,0,3.75,True,-8.599999999999985,-8.895000000000005,0.39377572555183904,0.7491574032061148,False,Normal transmission
2024-08-05,3.664,EST.B.EU000A2X2A25.WT,B,EU000A2X2A25,WT,A,F,,,,,P1D,,,,"ESA 2010 Sectors: S.121, S.122, S.123, S.124, S.125, S.126, S.127, S.128, S.129",,3,,,,,A,Euro short-term rate,"Euro short-term rate, Volume-weighted trimmed mean rate - Unsecured - Overnight - Borrowing - Financial corporations",,PC,0,3.75,True,-8.599999999999985,-8.883333333333338,0.39193854009145235,0.7229024562556201,False,Normal transmission
2024-08-06,3.663,EST.B.EU000A2X2A25.WT,B,EU000A2X2A25,WT,A,F,,,,,P1D,,,,"ESA 2010 Sectors: S.121, S.122, S.123, S.124, S.125, S.126, S.127, S.128, S.129",,3,,,,,A,Euro short-term rate,"Euro short-term rate, Volume-weighted trimmed mean rate - Unsecured - Overnight - Borrowing - Financial corporations",,PC,0,3.75,True,-8.700000000000019,-8.873333333333338,0.3887688811335505,0.4458518717545601,False,Normal transmission
2024-08-07,3.663,EST.B.EU000A2X2A25.WT,B,EU000A2X2A25,WT,A,F,,,,,P1D,,,,"ESA 2010 Sectors: S.121, S.122, S.123, S.124, S.125, S.126, S.127, S.128, S.129",,3,,,,,A,Euro short-term rate,"Euro short-term rate, Volume-weighted trimmed mean rate - Unsecured - Overnight - Borrowing - Financial corporations",,PC,0,3.75,True,-8.700000000000019,-8.865000000000007,0.3870028248484209,0.4263534770440365,False,Normal transmission
2024-08-08,3.665,EST.B.EU000A2X2A25.WT,B,EU000A2X2A25,WT,A,F,,,,,P1D,,,,"ESA 2010 Sectors: S.121, S.122, S.123, S.124, S.125, S.126, S.127, S.128, S.129",,3,,,,,A,Euro short-term rate,"Euro short-term rate, Volume-weighted trimmed mean rate - Unsecured - Overnight - Borrowing - Financial corporations",,PC,0,3.75,True,-8.499999999999996,-8.846666666666673,0.3775328773051528,0.9182423240624743,False,Normal transmission
2024-08-09,3.663,EST.B.EU000A2X2A25.WT,B,EU000A2X2A25,WT,A,F,,,,,P1D,,,,"ESA 2010 Sectors: S.121, S.122, S.123, S.124, S.125, S.126, S.127, S.128, S.129",,3,,,,,A,Euro short-term rate,"Euro short-term rate, Volume-weighted trimmed mean rate - Unsecured - Overnight - Borrowing - Financial corporations",,PC,0,3.75,True,-8.700000000000019,-8.826666666666672,0.3516868149635249,0.3601689380359338,False,Normal transmission
2024-08-12,3.664,EST.B.EU000A2X2A25.WT,B,EU000A2X2A25,WT,A,F,,,,,P1D,,,,"ESA 2010 Sectors: S.121, S.122, S.123, S.124, S.125, S.126, S.127, S.128, S.129",,3,,,,,A,Euro short-term rate,"Euro short-term rate, Volume-weighted trimmed mean rate - Unsecured - Overnight - Borrowing - Financial corporations",,PC,0,3.75,True,-8.599999999999985,-8.810000000000004,0.33783959688041126,0.6215967634911505,False,Normal transmission
2024-08-13,3.664,EST.B.EU000A2X2A25.WT,B,EU000A2X2A25,WT,A,F,,,,,P1D,,,,"ESA 2010 Sectors: S.121, S.122, S.123, S.124, S.125, S.126, S.127, S.128, S.129",,3,,,,,A,Euro short-term rate,"Euro short-term rate, Volume-weighted trimmed mean rate - Unsecured - Overnight - Borrowing - Financial corporations",,PC,0,3.75,True,-8.599999999999985,-8.806666666666672,0.33892485376135395,0.6097713530687426,False,Normal transmission
2024-08-14,3.662,EST.B.EU000A2X2A25.WT,B,EU000A2X2A25,WT,A,F,,,,,P1D,,,,"ESA 2010 Sectors: S.121, S.122, S.123, S.124, S.125, S.126, S.127, S.128, S.129",,3,,,,,A,Euro short-term rate,"Euro short-term rate, Volume-weighted trimmed mean rate - Unsecured - Overnight - Borrowing - Financial corporations",,PC,0,3.75,True,-8.800000000000008,-8.803333333333338,0.3379733550156656,0.009862710429275693,False,Normal transmission
2024-08-15,3.662,EST.B.EU000A2X2A25.WT,B,EU000A2X2A25,WT,A,F,,,,,P1D,,,,"ESA 2010 Sectors: S.121, S.122, S.123, S.124, S.125, S.126, S.127, S.128, S.129",,3,,,,,A,Euro short-term rate,"Euro short-term rate, Volume-weighted trimmed mean rate - Unsecured - Overnight - Borrowing - Financial corporations",,PC,0,3.75,True,-8.800000000000008,-8.80333333333334,0.3379733550156656,0.00986271042928095,False,Normal transmission
2024-08-16,3.664,EST.B.EU000A2X2A25.WT,B,EU000A2X2A25,WT,A,F,,,,,P1D,,,,"ESA 2010 Sectors: S.121, S.122, S.123, S.124, S.125, S.126, S.127, S.128, S.129",,3,,,,,A,Euro short-term rate,"Euro short-term rate, Volume-weighted trimmed mean rate - Unsecured - Overnight - Borrowing - Financial corporations",,PC,0,3.75,True,-8.599999999999985,-8.796666666666672,0.33797335501566617,0.5818999153278536,False,Normal transmission
2024-08-19,3.664,EST.B.EU000A2X2A25.WT,B,EU000A2X2A25,WT,A,F,,,,,P1D,,,,"ESA 2010 Sectors: S.121, S.122, S.123, S.124, S.125, S.126, S.127, S.128, S.129",,3,,,,,A,Euro short-term rate,"Euro short-term rate, Volume-weighted trimmed mean rate - Unsecured - Overnight - Borrowing - Financial corporations",,PC,0,3.75,True,-8.599999999999985,-8.791666666666673,0.3386371823100922,0.5659941574022943,False,Normal transmission
2024-08-20,3.664,EST.B.EU000A2X2A25.WT,B,EU000A2X2A25,WT,A,F,,,,,P1D,,,,"ESA 2010 Sectors: S.121, S.122, S.123, S.124, S.125, S.126, S.127, S.128, S.129",,3,,,,,A,Euro short-term rate,"Euro short-term rate, Volume-weighted trimmed mean rate - Unsecured - Overnight - Borrowing - Financial corporations",,PC,0,3.75,True,-8.599999999999985,-8.783333333333339,0.33706945754402073,0.543903724381228,False,Normal transmission
2024-08-21,3.663,EST.B.EU000A2X2A25.WT,B,EU000A2X2A25,WT,A,F,,,,,P1D,,,,"ESA 2010 Sectors: S.121, S.122, S.123, S.124, S.125, S.126, S.127, S.128, S.129",,3,,,,,A,Euro short-term rate,"Euro short-term rate, Volume-weighted trimmed mean rate - Unsecured - Overnight - Borrowing - Financial corporations",,PC,0,3.75,True,-8.700000000000019,-8.77666666666667,0.3346471284277702,0.22909704029687986,False,Normal transmission
2024-08-22,3.664,EST.B.EU000A2X2A25.WT,B,EU000A2X2A25,WT,A,F,,,,,P1D,,,,"ESA 2010 Sectors: S.121, S.122, S.123, S.124, S.125, S.126, S.127, S.128, S.129",,3,,,,,A,Euro short-term rate,"Euro short-term rate, Volume-weighted trimmed mean rate - Unsecured - Overnight - Borrowing - Financial corporations",,PC,0,3.75,True,-8.599999999999985,-8.770000000000005,0.33410644807313866,0.5088198715722034,False,Normal transmission
2024-08-23,3.664,EST.B.EU000A2X2A25.WT,B,EU000A2X2A25,WT,A,F,,,,,P1D,,,,"ESA 2010 Sectors: S.121, S.122, S.123, S.124, S.125, S.126, S.127, S.128, S.129",,3,,,,,A,Euro short-term rate,"Euro short-term rate, Volume-weighted trimmed mean rate - Unsecured - Overnight - Borrowing - Financial corporations",,PC,0,3.75,True,-8.599999999999985,-8.733333333333338,0.20224726154447994,0.6592590293442792,False,Normal transmission
2024-08-26,3.665,EST.B.EU000A2X2A25.WT,B,EU000A2X2A25,WT,A,F,,,,,P1D,,,,"ESA 2010 Sectors: S.121, S.122, S.123, S.124, S.125, S.126, S.127, S.128, S.129",,3,,,,,A,Euro short-term rate,"Euro short-term rate, Volume-weighted trimmed mean rate - Unsecured - Overnight - Borrowing - Financial corporations",,PC,0,3.75,True,-8.499999999999996,-8.730000000000006,0.20444219273299002,1.1250123906682943,False,Normal transmission
2024-08-27,3.665,EST.B.EU000A2X2A25.WT,B,EU000A2X2A25,WT,A,F,,,,,P1D,,,,"ESA 2010 Sectors: S.121, S.122, S.123, S.124, S.125, S.126, S.127, S.128, S.129",,3,,,,,A,Euro short-term rate,"Euro short-term rate, Volume-weighted trimmed mean rate - Unsecured - Overnight - Borrowing - Financial corporations",,PC,0,3.75,True,-8.499999999999996,-8.723333333333336,0.20532460176602607,1.0877085912375726,False,Normal transmission
2024-08-28,3.666,EST.B.EU000A2X2A25.WT,B,EU000A2X2A25,WT,A,F,,,,,P1D,,,,"ESA 2010 Sectors: S.121, S.122, S.123, S.124, S.125, S.126, S.127, S.128, S.129",,3,,,,,A,Euro short-term rate,"Euro short-term rate, Volume-weighted trimmed mean rate - Unsecured - Overnight - Borrowing - Financial corporations",,PC,0,3.75,True,-8.400000000000007,-8.718333333333337,0.20951248226769323,1.5194003234928821,False,Normal transmission
2024-08-29,3.664,EST.B.EU000A2X2A25.WT,B,EU000A2X2A25,WT,A,F,,,,,P1D,,,,"ESA 2010 Sectors: S.121, S.122, S.123, S.124, S.125, S.126, S.127, S.128, S.129",,3,,,,,A,Euro short-term rate,"Euro short-term rate, Volume-weighted trimmed mean rate - Unsecured - Overnight - Borrowing - Financial corporations",,PC,0,3.75,True,-8.599999999999985,-8.713333333333336,0.20868162975895124,0.5430920463112288,False,Normal transmission
2024-08-30,3.654,EST.B.EU000A2X2A25.WT,B,EU000A2X2A25,WT,A,F,,,,,P1D,,,,"ESA 2010 Sectors: S.121, S.122, S.123, S.124, S.125, S.126, S.127, S.128, S.129",,3,,,,,A,Euro short-term rate,"Euro short-term rate, Volume-weighted trimmed mean rate - Unsecured - Overnight - Borrowing - Financial corporations",,PC,0,3.75,True,-9.600000000000009,-8.72666666666667,0.23783391631849804,-3.6720302421619464,True,Unusually below policy rate
2024-09-02,3.664,EST.B.EU000A2X2A25.WT,B,EU000A2X2A25,WT,A,F,,,,,P1D,,,,"ESA 2010 Sectors: S.121, S.122, S.123, S.124, S.125, S.126, S.127, S.128, S.129",,3,,,,,A,Euro short-term rate,"Euro short-term rate, Volume-weighted trimmed mean rate - Unsecured - Overnight - Borrowing - Financial corporations",,PC,0,3.75,True,-8.599999999999985,-8.723333333333334,0.23818997308202997,0.5177939765368479,False,Normal transmission
2024-09-03,3.663,EST.B.EU000A2X2A25.WT,B,EU000A2X2A25,WT,A,F,,,,,P1D,,,,"ESA 2010 Sectors: S.121, S.122, S.123, S.124, S.125, S.126, S.127, S.128, S.129",,3,,,,,A,Euro short-term rate,"Euro short-term rate, Volume-weighted trimmed mean rate - Unsecured - Overnight - Borrowing - Financial corporations",,PC,0,3.75,True,-8.700000000000019,-8.71666666666667,0.23301026868083807,0.07152760589053865,False,Normal transmission
2024-09-04,3.663,EST.B.EU000A2X2A25.WT,B,EU000A2X2A25,WT,A,F,,,,,P1D,,,,"ESA 2010 Sectors: S.121, S.122, S.123, S.124, S.125, S.126, S.127, S.128, S.129",,3,,,,,A,Euro short-term rate,"Euro short-term rate, Volume-weighted trimmed mean rate - Unsecured - Overnight - Borrowing - Financial corporations",,PC,0,3.75,True,-8.700000000000019,-8.715000000000003,0.23276160787740918,0.06444361738506625,False,Normal transmission
2024-09-05,3.662,EST.B.EU000A2X2A25.WT,B,EU000A2X2A25,WT,A,F,,,,,P1D,,,,"ESA 2010 Sectors: S.121, S.122, S.123, S.124, S.125, S.126, S.127, S.128, S.129",,3,,,,,A,Euro short-term rate,"Euro short-term rate, Volume-weighted trimmed mean rate - Unsecured - Overnight - Borrowing - Financial corporations",,PC,0,3.75,True,-8.800000000000008,-8.713333333333336,0.23177039095681684,-0.37393329798895214,False,Normal transmission
2024-09-06,3.663,EST.B.EU000A2X2A25.WT,B,EU000A2X2A25,WT,A,F,,,,,P1D,,,,"ESA 2010 Sectors: S.121, S.122, S.123, S.124, S.125, S.126, S.127, S.128, S.129",,3,,,,,A,Euro short-term rate,"Euro short-term rate, Volume-weighted trimmed mean rate - Unsecured - Overnight - Borrowing - Financial corporations",,PC,0,3.75,True,-8.700000000000019,-8.71166666666667,0.2314959945230326,0.05039684030252176,False,Normal transmission
2024-09-09,3.663,EST.B.EU000A2X2A25.WT,B,EU000A2X2A25,WT,A,F,,,,,P1D,,,,"ESA 2010 Sectors: S.121, S.122, S.123, S.124, S.125, S.126, S.127, S.128, S.129",,3,,,,,A,Euro short-term rate,"Euro short-term rate, Volume-weighted trimmed mean rate - Unsecured - Overnight - Borrowing - Financial corporations",,PC,0,3.75,True,-8.700000000000019,-8.710000000000004,0.23120905501001907,0.04325090122249858,False,Normal transmission
2024-09-10,3.664,EST.B.EU000A2X2A25.WT,B,EU000A2X2A25,WT,A,F,,,,,P1D,,,,"ESA 2010 Sectors: S.121, S.122, S.123, S.124, S.125, S.126, S.127, S.128, S.129",,3,,,,,A,Euro short-term rate,"Euro short-term rate, Volume-weighted trimmed mean rate - Unsecured - Overnight - Borrowing - Financial corporations",,PC,0,3.75,True,-8.599999999999985,-8.713333333333336,0.22808463093781337,0.4968915830381007,False,Normal transmission
2024-09-11,3.664,EST.B.EU000A2X2A25.WT,B,EU000A2X2A25,WT,A,F,,,,,P1D,,,,"ESA 2010 Sectors: S.121, S.122, S.123, S.124, S.125, S.126, S.127, S.128, S.129",,3,,,,,A,Euro short-term rate,"Euro short-term rate, Volume-weighted trimmed mean rate - Unsecured - Overnight - Borrowing - Financial corporations",,PC,0,3.75,True,-8.599999999999985,-8.71166666666667,0.2285486015639087,0.4885904612960799,False,Normal transmission
2024-09-12,3.664,EST.B.EU000A2X2A25.WT,B,EU000A2X2A25,WT,A,F,,,,,P1D,,,,"ESA 2010 Sectors: S.121, S.122, S.123, S.124, S.125, S.126, S.127, S.128, S.129",,3,,,,,A,Euro short-term rate,"Euro short-term rate, Volume-weighted trimmed mean rate - Unsecured - Overnight - Borrowing - Financial corporations",,PC,0,3.75,True,-8.599999999999985,-8.710000000000003,0.22899929686809933,0.4803508198690051,False,Normal transmission
2024-09-13,3.663,EST.B.EU000A2X2A25.WT,B,EU000A2X2A25,WT,A,F,,,,,P1D,,,,"ESA 2010 Sectors: S.121, S.122, S.123, S.124, S.125, S.126, S.127, S.128, S.129",,3,,,,,A,Euro short-term rate,"Euro short-term rate, Volume-weighted trimmed mean rate - Unsecured - Overnight - Borrowing - Financial corporations",,PC,0,3.75,True,-8.700000000000019,-8.71166666666667,0.2285486015639087,0.05104676461294556,False,Normal transmission
2024-09-16,3.662,EST.B.EU000A2X2A25.WT,B,EU000A2X2A25,WT,A,F,,,,,P1D,,,,"ESA 2010 Sectors: S.121, S.122, S.123, S.124, S.125, S.126, S.127, S.128, S.129",,3,,,,,A,Euro short-term rate,"Euro short-term rate, Volume-weighted trimmed mean rate - Unsecured - Overnight - Borrowing - Financial corporations",,PC,0,3.75,True,-8.800000000000008,-8.713333333333336,0.2288265323796305,-0.3787439584273758,False,Normal transmission
2024-09-17,3.665,EST.B.EU000A2X2A25.WT,B,EU000A2X2A25,WT,A,F,,,,,P1D,,,,"ESA 2010 Sectors: S.121, S.122, S.123, S.124, S.125, S.126, S.127, S.128, S.129",,3,,,,,A,Euro short-term rate,"Euro short-term rate, Volume-weighted trimmed mean rate - Unsecured - Overnight - Borrowing - Financial corporations",,PC,0,3.75,True,-8.499999999999996,-8.710000000000003,0.23047482306703007,0.911162430696089,False,Normal transmission
2024-09-18,3.416,EST.B.EU000A2X2A25.WT,B,EU000A2X2A25,WT,A,F,,,,,P1D,,,,"ESA 2010 Sectors: S.121, S.122, S.123, S.124, S.125, S.126, S.127, S.128, S.129",,3,,,,,A,Euro short-term rate,"Euro short-term rate, Volume-weighted trimmed mean rate - Unsecured - Overnight - Borrowing - Financial corporations",,PC,0,3.5,True,-8.400000000000007,-8.70166666666667,0.23251875569810426,1.2973863796963447,False,Normal transmission
2024-09-19,3.414,EST.B.EU000A2X2A25.WT,B,EU000A2X2A25,WT,A,F,,,,,P1D,,,,"ESA 2010 Sectors: S.121, S.122, S.123, S.124, S.125, S.126, S.127, S.128, S.129",,3,,,,,A,Euro short-term rate,"Euro short-term rate, Volume-weighted trimmed mean rate - Unsecured - Overnight - Borrowing - Financial corporations",,PC,0,3.5,True,-8.599999999999985,-8.698333333333334,0.23251875569810437,0.42290495249777554,False,Normal transmission
2024-09-20,3.412,EST.B.EU000A2X2A25.WT,B,EU000A2X2A25,WT,A,F,,,,,P1D,,,,"ESA 2010 Sectors: S.121, S.122, S.123, S.124, S.125, S.126, S.127, S.128, S.129",,3,,,,,A,Euro short-term rate,"Euro short-term rate, Volume-weighted trimmed mean rate - Unsecured - Overnight - Borrowing - Financial corporations",,PC,0,3.5,True,-8.800000000000008,-8.688333333333334,0.21399482542976891,-0.5218194712998863,False,Normal transmission
2024-09-23,3.414,EST.B.EU000A2X2A25.WT,B,EU000A2X2A25,WT,A,F,,,,,P1D,,,,"ESA 2010 Sectors: S.121, S.122, S.123, S.124, S.125, S.126, S.127, S.128, S.129",,3,,,,,A,Euro short-term rate,"Euro short-term rate, Volume-weighted trimmed mean rate - Unsecured - Overnight - Borrowing - Financial corporations",,PC,0,3.5,True,-8.599999999999985,-8.690000000000001,0.21288972238764345,0.42275408596821784,False,Normal transmission
2024-09-24,3.415,EST.B.EU000A2X2A25.WT,B,EU000A2X2A25,WT,A,F,,,,,P1D,,,,"ESA 2010 Sectors: S.121, S.122, S.123, S.124, S.125, S.126, S.127, S.128, S.129",,3,,,,,A,Euro short-term rate,"Euro short-term rate, Volume-weighted trimmed mean rate - Unsecured - Overnight - Borrowing - Financial corporations",,PC,0,3.5,True,-8.499999999999996,-8.685000000000002,0.21378351159640754,0.8653614051829177,False,Normal transmission
2024-09-25,3.416,EST.B.EU000A2X2A25.WT,B,EU000A2X2A25,WT,A,F,,,,,P1D,,,,"ESA 2010 Sectors: S.121, S.122, S.123, S.124, S.125, S.126, S.127, S.128, S.129",,3,,,,,A,Euro short-term rate,"Euro short-term rate, Volume-weighted trimmed mean rate - Unsecured - Overnight - Borrowing - Financial corporations",,PC,0,3.5,True,-8.400000000000007,-8.680000000000001,0.21691207310246682,1.2908456223537415,False,Normal transmission
2024-09-26,3.415,EST.B.EU000A2X2A25.WT,B,EU000A2X2A25,WT,A,F,,,,,P1D,,,,"ESA 2010 Sectors: S.121, S.122, S.123, S.124, S.125, S.126, S.127, S.128, S.129",,3,,,,,A,Euro short-term rate,"Euro short-term rate, Volume-weighted trimmed mean rate - Unsecured - Overnight - Borrowing - Financial corporations",,PC,0,3.5,True,-8.499999999999996,-8.676666666666668,0.218132805657328,0.8099041596897748,False,Normal transmission
2024-09-27,3.415,EST.B.EU000A2X2A25.WT,B,EU000A2X2A25,WT,A,F,,,,,P1D,,,,"ESA 2010 Sectors: S.121, S.122, S.123, S.124, S.125, S.126, S.127, S.128, S.129",,3,,,,,A,Euro short-term rate,"Euro short-term rate, Volume-weighted trimmed mean rate - Unsecured - Overnight - Borrowing - Financial corporations",,PC,0,3.5,True,-8.499999999999996,-8.673333333333336,0.21929522448108357,0.7904108889899281,False,Normal transmission
2024-09-30,3.41,EST.B.EU000A2X2A25.WT,B,EU000A2X2A25,WT,A,F,,,,,P1D,,,,"ESA 2010 Sectors: S.121, S.122, S.123, S.124, S.125, S.126, S.127, S.128, S.129",,3,,,,,A,Euro short-term rate,"Euro short-term rate, Volume-weighted trimmed mean rate - Unsecured - Overnight - Borrowing - Financial corporations",,PC,0,3.5,True,-8.999999999999986,-8.676666666666668,0.2227460868545668,-1.451578063162231,False,Normal transmission
2024-10-01,3.416,EST.B.EU000A2X2A25.WT,B,EU000A2X2A25,WT,A,F,,,,,P1D,,,,"ESA 2010 Sectors: S.121, S.122, S.123, S.124, S.125, S.126, S.127, S.128, S.129",,3,,,,,A,Euro short-term rate,"Euro short-term rate, Volume-weighted trimmed mean rate - Unsecured - Overnight - Borrowing - Financial corporations",,PC,0,3.5,True,-8.400000000000007,-8.67,0.22496704090045724,1.2001758076173534,False,Normal transmission
2024-10-02,3.41,EST.B.EU000A2X2A25.WT,B,EU000A2X2A25,WT,A,F,,,,,P1D,,,,"ESA 2010 Sectors: S.121, S.122, S.123, S.124, S.125, S.126, S.127, S.128, S.129",,3,,,,,A,Euro short-term rate,"Euro short-term rate, Volume-weighted trimmed mean rate - Unsecured - Overnight - Borrowing - Financial corporations",,PC,0,3.5,True,-8.999999999999986,-8.675,0.2289437796431048,-1.4195624817001804,False,Normal transmission
2024-10-03,3.407,EST.B.EU000A2X2A25.WT,B,EU000A2X2A25,WT,A,F,,,,,P1D,,,,"ESA 2010 Sectors: S.121, S.122, S.123, S.124, S.125, S.126, S.127, S.128, S.129",,3,,,,,A,Euro short-term rate,"Euro short-term rate, Volume-weighted trimmed mean rate - Unsecured - Overnight - Borrowing - Financial corporations",,PC,0,3.5,True,-9.299999999999997,-8.683333333333334,0.24228199473286022,-2.5452434769104464,True,Unusually below policy rate
2024-10-04,3.414,EST.B.EU000A2X2A25.WT,B,EU000A2X2A25,WT,A,F,,,,,P1D,,,,"ESA 2010 Sectors: S.121, S.122, S.123, S.124, S.125, S.126, S.127, S.128, S.129",,3,,,,,A,Euro short-term rate,"Euro short-term rate, Volume-weighted trimmed mean rate - Unsecured - Overnight - Borrowing - Financial corporations",,PC,0,3.5,True,-8.599999999999985,-8.678333333333335,0.24082602671062217,0.32526938389211096,False,Normal transmission
2024-10-07,3.413,EST.B.EU000A2X2A25.WT,B,EU000A2X2A25,WT,A,F,,,,,P1D,,,,"ESA 2010 Sectors: S.121, S.122, S.123, S.124, S.125, S.126, S.127, S.128, S.129",,3,,,,,A,Euro short-term rate,"Euro short-term rate, Volume-weighted trimmed mean rate - Unsecured - Overnight - Borrowing - Financial corporations",,PC,0,3.5,True,-8.700000000000019,-8.675,0.23908370280957034,-0.10456588929413799,False,Normal transmission
2024-10-08,3.414,EST.B.EU000A2X2A25.WT,B,EU000A2X2A25,WT,A,F,,,,,P1D,,,,"ESA 2010 Sectors: S.121, S.122, S.123, S.124, S.125, S.126, S.127, S.128, S.129",,3,,,,,A,Euro short-term rate,"Euro short-term rate, Volume-weighted trimmed mean rate - Unsecured - Overnight - Borrowing - Financial corporations",,PC,0,3.5,True,-8.599999999999985,-8.671666666666665,0.23870531202443518,0.30023071568404586,False,Normal transmission
2024-10-09,3.415,EST.B.EU000A2X2A25.WT,B,EU000A2X2A25,WT,A,F,,,,,P1D,,,,"ESA 2010 Sectors: S.121, S.122, S.123, S.124, S.125, S.126, S.127, S.128, S.129",,3,,,,,A,Euro short-term rate,"Euro short-term rate, Volume-weighted trimmed mean rate - Unsecured - Overnight - Borrowing - Financial corporations",,PC,0,3.5,True,-8.499999999999996,-8.666666666666666,0.23911323937189308,0.6970198183273858,False,Normal transmission
2024-10-10,3.414,EST.B.EU000A2X2A25.WT,B,EU000A2X2A25,WT,A,F,,,,,P1D,,,,"ESA 2010 Sectors: S.121, S.122, S.123, S.124, S.125, S.126, S.127, S.128, S.129",,3,,,,,A,Euro short-term rate,"Euro short-term rate, Volume-weighted trimmed mean rate - Unsecured - Overnight - Borrowing - Financial corporations",,PC,0,3.5,True,-8.599999999999985,-8.665,0.23922544504986173,0.27171022708920356,False,Normal transmission
2024-10-11,3.413,EST.B.EU000A2X2A25.WT,B,EU000A2X2A25,WT,A,F,,,,,P1D,,,,"ESA 2010 Sectors: S.121, S.122, S.123, S.124, S.125, S.126, S.127, S.128, S.129",,3,,,,,A,Euro short-term rate,"Euro short-term rate, Volume-weighted trimmed mean rate - Unsecured - Overnight - Borrowing - Financial corporations",,PC,0,3.5,True,-8.700000000000019,-8.665,0.23922544504986173,-0.14630550689423794,False,Normal transmission
2024-10-14,3.413,EST.B.EU000A2X2A25.WT,B,EU000A2X2A25,WT,A,F,,,,,P1D,,,,"ESA 2010 Sectors: S.121, S.122, S.123, S.124, S.125, S.126, S.127, S.128, S.129",,3,,,,,A,Euro short-term rate,"Euro short-term rate, Volume-weighted trimmed mean rate - Unsecured - Overnight - Borrowing - Financial corporations",,PC,0,3.5,True,-8.700000000000019,-8.666666666666666,0.23911323937189308,-0.1394039636655559,False,Normal transmission
2024-10-15,3.413,EST.B.EU000A2X2A25.WT,B,EU000A2X2A25,WT,A,F,,,,,P1D,,,,"ESA 2010 Sectors: S.121, S.122, S.123, S.124, S.125, S.126, S.127, S.128, S.129",,3,,,,,A,Euro short-term rate,"Euro short-term rate, Volume-weighted trimmed mean rate - Unsecured - Overnight - Borrowing - Financial corporations",,PC,0,3.5,True,-8.700000000000019,-8.67,0.23814252960519683,-0.12597497830292734,False,Normal transmission
2024-10-16,3.414,EST.B.EU000A2X2A25.WT,B,EU000A2X2A25,WT,A,F,,,,,P1D,,,,"ESA 2010 Sectors: S.121, S.122, S.123, S.124, S.125, S.126, S.127, S.128, S.129",,3,,,,,A,Euro short-term rate,"Euro short-term rate, Volume-weighted trimmed mean rate - Unsecured - Overnight - Borrowing - Financial corporations",,PC,0,3.5,True,-8.599999999999985,-8.671666666666665,0.23728097245035906,0.3020329271521038,False,Normal transmission
2024-10-17,3.415,EST.B.EU000A2X2A25.WT,B,EU000A2X2A25,WT,A,F,,,,,P1D,,,,"ESA 2010 Sectors: S.121, S.122, S.123, S.124, S.125, S.126, S.127, S.128, S.129",,3,,,,,A,Euro short-term rate,"Euro short-term rate, Volume-weighted trimmed mean rate - Unsecured - Overnight - Borrowing - Financial corporations",,PC,0,3.5,True,-8.499999999999996,-8.671666666666665,0.23728097245035906,0.7234742208525909,False,Normal transmission
2024-10-18,3.415,EST.B.EU000A2X2A25.WT,B,EU000A2X2A25,WT,A,F,,,,,P1D,,,,"ESA 2010 Sectors: S.121, S.122, S.123, S.124, S.125, S.126, S.127, S.128, S.129",,3,,,,,A,Euro short-term rate,"Euro short-term rate, Volume-weighted trimmed mean rate - Unsecured - Overnight - Borrowing - Financial corporations",,PC,0,3.5,True,-8.499999999999996,-8.668333333333331,0.23827890414003186,0.7064550424254451,False,Normal transmission
2024-10-21,3.415,EST.B.EU000A2X2A25.WT,B,EU000A2X2A25,WT,A,F,,,,,P1D,,,,"ESA 2010 Sectors: S.121, S.122, S.123, S.124, S.125, S.126, S.127, S.128, S.129",,3,,,,,A,Euro short-term rate,"Euro short-term rate, Volume-weighted trimmed mean rate - Unsecured - Overnight - Borrowing - Financial corporations",,PC,0,3.5,True,-8.499999999999996,-8.665,0.23922544504986176,0.6897259610724593,False,Normal transmission
2024-10-22,3.416,EST.B.EU000A2X2A25.WT,B,EU000A2X2A25,WT,A,F,,,,,P1D,,,,"ESA 2010 Sectors: S.121, S.122, S.123, S.124, S.125, S.126, S.127, S.128, S.129",,3,,,,,A,Euro short-term rate,"Euro short-term rate, Volume-weighted trimmed mean rate - Unsecured - Overnight - Borrowing - Financial corporations",,PC,0,3.5,True,-8.400000000000007,-8.663333333333332,0.24073803658721926,1.0938584407616834,False,Normal transmission
2024-10-23,3.166,EST.B.EU000A2X2A25.WT,B,EU000A2X2A25,WT,A,F,,,,,P1D,,,,"ESA 2010 Sectors: S.121, S.122, S.123, S.124, S.125, S.126, S.127, S.128, S.129",,3,,,,,A,Euro short-term rate,"Euro short-term rate, Volume-weighted trimmed mean rate - Unsecured - Overnight - Borrowing - Financial corporations",,PC,0,3.25,True,-8.400000000000007,-8.641666666666667,0.20109165349990762,1.2017737308364767,False,Normal transmission
2024-10-24,3.166,EST.B.EU000A2X2A25.WT,B,EU000A2X2A25,WT,A,F,,,,,P1D,,,,"ESA 2010 Sectors: S.121, S.122, S.123, S.124, S.125, S.126, S.127, S.128, S.129",,3,,,,,A,Euro short-term rate,"Euro short-term rate, Volume-weighted trimmed mean rate - Unsecured - Overnight - Borrowing - Financial corporations",,PC,0,3.25,True,-8.400000000000007,-8.638333333333332,0.20343796511393766,1.1715282995474479,False,Normal transmission
2024-10-25,3.166,EST.B.EU000A2X2A25.WT,B,EU000A2X2A25,WT,A,F,,,,,P1D,,,,"ESA 2010 Sectors: S.121, S.122, S.123, S.124, S.125, S.126, S.127, S.128, S.129",,3,,,,,A,Euro short-term rate,"Euro short-term rate, Volume-weighted trimmed mean rate - Unsecured - Overnight - Borrowing - Financial corporations",,PC,0,3.25,True,-8.400000000000007,-8.635,0.20570259921064687,1.1424260116389868,False,Normal transmission
2024-10-28,3.164,EST.B.EU000A2X2A25.WT,B,EU000A2X2A25,WT,A,F,,,,,P1D,,,,"ESA 2010 Sectors: S.121, S.122, S.123, S.124, S.125, S.126, S.127, S.128, S.129",,3,,,,,A,Euro short-term rate,"Euro short-term rate, Volume-weighted trimmed mean rate - Unsecured - Overnight - Borrowing - Financial corporations",,PC,0,3.25,True,-8.599999999999985,-8.635,0.20570259921064687,0.17014855492503084,False,Normal transmission
2024-10-29,3.164,EST.B.EU000A2X2A25.WT,B,EU000A2X2A25,WT,A,F,,,,,P1D,,,,"ESA 2010 Sectors: S.121, S.122, S.123, S.124, S.125, S.126, S.127, S.128, S.129",,3,,,,,A,Euro short-term rate,"Euro short-term rate, Volume-weighted trimmed mean rate - Unsecured - Overnight - Borrowing - Financial corporations",,PC,0,3.25,True,-8.599999999999985,-8.633333333333333,0.20557209685565744,0.16214911383013447,False,Normal transmission
2024-10-30,3.165,EST.B.EU000A2X2A25.WT,B,EU000A2X2A25,WT,A,F,,,,,P1D,,,,"ESA 2010 Sectors: S.121, S.122, S.123, S.124, S.125, S.126, S.127, S.128, S.129",,3,,,,,A,Euro short-term rate,"Euro short-term rate, Volume-weighted trimmed mean rate - Unsecured - Overnight - Borrowing - Financial corporations",,PC,0,3.25,True,-8.499999999999996,-8.629999999999999,0.20609361045691954,0.6307813217100047,False,Normal transmission
2024-10-31,3.155,EST.B.EU000A2X2A25.WT,B,EU000A2X2A25,WT,A,F,,,,,P1D,,,,"ESA 2010 Sectors: S.121, S.122, S.123, S.124, S.125, S.126, S.127, S.128, S.129",,3,,,,,A,Euro short-term rate,"Euro short-term rate, Volume-weighted trimmed mean rate - Unsecured - Overnight - Borrowing - Financial corporations",,PC,0,3.25,True,-9.50000000000002,-8.646666666666667,0.2339539768348014,-3.6474410261292767,True,Unusually below policy rate
2024-11-01,3.163,EST.B.EU000A2X2A25.WT,B,EU000A2X2A25,WT,A,F,,,,,P1D,,,,"ESA 2010 Sectors: S.121, S.122, S.123, S.124, S.125, S.126, S.127, S.128, S.129",,3,,,,,A,Euro short-term rate,"Euro short-term rate, Volume-weighted trimmed mean rate - Unsecured - Overnight - Borrowing - Financial corporations",,PC,0,3.25,True,-8.700000000000019,-8.646666666666667,0.2339539768348014,-0.2279650641331557,False,Normal transmission
2024-11-04,3.163,EST.B.EU000A2X2A25.WT,B,EU000A2X2A25,WT,A,F,,,,,P1D,,,,"ESA 2010 Sectors: S.121, S.122, S.123, S.124, S.125, S.126, S.127, S.128, S.129",,3,,,,,A,Euro short-term rate,"Euro short-term rate, Volume-weighted trimmed mean rate - Unsecured - Overnight - Borrowing - Financial corporations",,PC,0,3.25,True,-8.700000000000019,-8.648333333333333,0.23397208776495113,-0.220824061366627,False,Normal transmission
2024-11-05,3.163,EST.B.EU000A2X2A25.WT,B,EU000A2X2A25,WT,A,F,,,,,P1D,,,,"ESA 2010 Sectors: S.121, S.122, S.123, S.124, S.125, S.126, S.127, S.128, S.129",,3,,,,,A,Euro short-term rate,"Euro short-term rate, Volume-weighted trimmed mean rate - Unsecured - Overnight - Borrowing - Financial corporations",,PC,0,3.25,True,-8.700000000000019,-8.65,0.2339781244301421,-0.2136951910431557,False,Normal transmission
2024-11-06,3.162,EST.B.EU000A2X2A25.WT,B,EU000A2X2A25,WT,A,F,,,,,P1D,,,,"ESA 2010 Sectors: S.121, S.122, S.123, S.124, S.125, S.126, S.127, S.128, S.129",,3,,,,,A,Euro short-term rate,"Euro short-term rate, Volume-weighted trimmed mean rate - Unsecured - Overnight - Borrowing - Financial corporations",,PC,0,3.25,True,-8.800000000000008,-8.650000000000002,0.2339781244301421,-0.6410855731292545,False,Normal transmission
2024-11-07,3.163,EST.B.EU000A2X2A25.WT,B,EU000A2X2A25,WT,A,F,,,,,P1D,,,,"ESA 2010 Sectors: S.121, S.122, S.123, S.124, S.125, S.126, S.127, S.128, S.129",,3,,,,,A,Euro short-term rate,"Euro short-term rate, Volume-weighted trimmed mean rate - Unsecured - Overnight - Borrowing - Financial corporations",,PC,0,3.25,True,-8.700000000000019,-8.648333333333335,0.2332465536770962,-0.22151095419060446,False,Normal transmission
2024-11-08,3.163,EST.B.EU000A2X2A25.WT,B,EU000A2X2A25,WT,A,F,,,,,P1D,,,,"ESA 2010 Sectors: S.121, S.122, S.123, S.124, S.125, S.126, S.127, S.128, S.129",,3,,,,,A,Euro short-term rate,"Euro short-term rate, Volume-weighted trimmed mean rate - Unsecured - Overnight - Borrowing - Financial corporations",,PC,0,3.25,True,-8.700000000000019,-8.650000000000002,0.23325260911938284,-0.2143598744244949,False,Normal transmission
2024-11-11,3.162,EST.B.EU000A2X2A25.WT,B,EU000A2X2A25,WT,A,F,,,,,P1D,,,,"ESA 2010 Sectors: S.121, S.122, S.123, S.124, S.125, S.126, S.127, S.128, S.129",,3,,,,,A,Euro short-term rate,"Euro short-term rate, Volume-weighted trimmed mean rate - Unsecured - Overnight - Borrowing - Financial corporations",,PC,0,3.25,True,-8.800000000000008,-8.653333333333336,0.23395397683480146,-0.6269039263659769,False,Normal transmission
2024-11-12,3.163,EST.B.EU000A2X2A25.WT,B,EU000A2X2A25,WT,A,F,,,,,P1D,,,,"ESA 2010 Sectors: S.121, S.122, S.123, S.124, S.125, S.126, S.127, S.128, S.129",,3,,,,,A,Euro short-term rate,"Euro short-term rate, Volume-weighted trimmed mean rate - Unsecured - Overnight - Borrowing - Financial corporations",,PC,0,3.25,True,-8.700000000000019,-8.655000000000003,0.23392378883523904,-0.1923703451627617,False,Normal transmission
2024-11-13,3.164,EST.B.EU000A2X2A25.WT,B,EU000A2X2A25,WT,A,F,,,,,P1D,,,,"ESA 2010 Sectors: S.121, S.122, S.123, S.124, S.125, S.126, S.127, S.128, S.129",,3,,,,,A,Euro short-term rate,"Euro short-term rate, Volume-weighted trimmed mean rate - Unsecured - Overnight - Borrowing - Financial corporations",,PC,0,3.25,True,-8.599999999999985,-8.653333333333336,0.23395397683480146,0.22796506413314807,False,Normal transmission
2024-11-14,3.165,EST.B.EU000A2X2A25.WT,B,EU000A2X2A25,WT,A,F,,,,,P1D,,,,"ESA 2010 Sectors: S.121, S.122, S.123, S.124, S.125, S.126, S.127, S.128, S.129",,3,,,,,A,Euro short-term rate,"Euro short-term rate, Volume-weighted trimmed mean rate - Unsecured - Overnight - Borrowing - Financial corporations",,PC,0,3.25,True,-8.499999999999996,-8.651666666666669,0.2346953789573571,0.6462277499474314,False,Normal transmission
2024-11-15,3.165,EST.B.EU000A2X2A25.WT,B,EU000A2X2A25,WT,A,F,,,,,P1D,,,,"ESA 2010 Sectors: S.121, S.122, S.123, S.124, S.125, S.126, S.127, S.128, S.129",,3,,,,,A,Euro short-term rate,"Euro short-term rate, Volume-weighted trimmed mean rate - Unsecured - Overnight - Borrowing - Financial corporations",,PC,0,3.25,True,-8.499999999999996,-8.650000000000002,0.23542244755660402,0.6371524956809409,False,Normal transmission
2024-11-18,3.165,EST.B.EU000A2X2A25.WT,B,EU000A2X2A25,WT,A,F,,,,,P1D,,,,"ESA 2010 Sectors: S.121, S.122, S.123, S.124, S.125, S.126, S.127, S.128, S.129",,3,,,,,A,Euro short-term rate,"Euro short-term rate, Volume-weighted trimmed mean rate - Unsecured - Overnight - Borrowing - Financial corporations",,PC,0,3.25,True,-8.499999999999996,-8.650000000000002,0.23542244755660402,0.6371524956809409,False,Normal transmission
2024-11-19,3.166,EST.B.EU000A2X2A25.WT,B,EU000A2X2A25,WT,A,F,,,,,P1D,,,,"ESA 2010 Sectors: S.121, S.122, S.123, S.124, S.125, S.126, S.127, S.128, S.129",,3,,,,,A,Euro short-term rate,"Euro short-term rate, Volume-weighted trimmed mean rate - Unsecured - Overnight - Borrowing - Financial corporations",,PC,0,3.25,True,-8.400000000000007,-8.648333333333335,0.23685200032188822,1.0484747141499167,False,Normal transmission
2024-11-20,3.167,EST.B.EU000A2X2A25.WT,B,EU000A2X2A25,WT,A,F,,,,,P1D,,,,"ESA 2010 Sectors: S.121, S.122, S.123, S.124, S.125, S.126, S.127, S.128, S.129",,3,,,,,A,Euro short-term rate,"Euro short-term rate, Volume-weighted trimmed mean rate - Unsecured - Overnight - Borrowing - Financial corporations",,PC,0,3.25,True,-8.300000000000018,-8.64666666666667,0.23897143057853334,1.450661553255113,False,Normal transmission
2024-11-21,3.167,EST.B.EU000A2X2A25.WT,B,EU000A2X2A25,WT,A,F,,,,,P1D,,,,"ESA 2010 Sectors: S.121, S.122, S.123, S.124, S.125, S.126, S.127, S.128, S.129",,3,,,,,A,Euro short-term rate,"Euro short-term rate, Volume-weighted trimmed mean rate - Unsecured - Overnight - Borrowing - Financial corporations",,PC,0,3.25,True,-8.300000000000018,-8.641666666666671,0.24306772904673507,1.4056438837298706,False,Normal transmission
2024-11-22,3.168,EST.B.EU000A2X2A25.WT,B,EU000A2X2A25,WT,A,F,,,,,P1D,,,,"ESA 2010 Sectors: S.121, S.122, S.123, S.124, S.125, S.126, S.127, S.128, S.129",,3,,,,,A,Euro short-term rate,"Euro short-term rate, Volume-weighted trimmed mean rate - Unsecured - Overnight - Borrowing - Financial corporations",,PC,0,3.25,True,-8.199999999999985,-8.618333333333336,0.2151008172506631,1.9448244719863386,False,Normal transmission
2024-11-25,3.167,EST.B.EU000A2X2A25.WT,B,EU000A2X2A25,WT,A,F,,,,,P1D,,,,"ESA 2010 Sectors: S.121, S.122, S.123, S.124, S.125, S.126, S.127, S.128, S.129",,3,,,,,A,Euro short-term rate,"Euro short-term rate, Volume-weighted trimmed mean rate - Unsecured - Overnight - Borrowing - Financial corporations",,PC,0,3.25,True,-8.300000000000018,-8.613333333333337,0.21898584945121247,1.4308382670320687,False,Normal transmission
2024-11-26,3.165,EST.B.EU000A2X2A25.WT,B,EU000A2X2A25,WT,A,F,,,,,P1D,,,,"ESA 2010 Sectors: S.121, S.122, S.123, S.124, S.125, S.126, S.127, S.128, S.129",,3,,,,,A,Euro short-term rate,"Euro short-term rate, Volume-weighted trimmed mean rate - Unsecured - Overnight - Borrowing - Financial corporations",,PC,0,3.25,True,-8.499999999999996,-8.610000000000003,0.21916637129146163,0.5019018171073399,False,Normal transmission
2024-11-27,3.165,EST.B.EU000A2X2A25.WT,B,EU000A2X2A25,WT,A,F,,,,,P1D,,,,"ESA 2010 Sectors: S.121, S.122, S.123, S.124, S.125, S.126, S.127, S.128, S.129",,3,,,,,A,Euro short-term rate,"Euro short-term rate, Volume-weighted trimmed mean rate - Unsecured - Overnight - Borrowing - Financial corporations",,PC,0,3.25,True,-8.499999999999996,-8.606666666666667,0.21929522448108174,0.48640670091688604,False,Normal transmission
2024-11-28,3.164,EST.B.EU000A2X2A25.WT,B,EU000A2X2A25,WT,A,F,,,,,P1D,,,,"ESA 2010 Sectors: S.121, S.122, S.123, S.124, S.125, S.126, S.127, S.128, S.129",,3,,,,,A,Euro short-term rate,"Euro short-term rate, Volume-weighted trimmed mean rate - Unsecured - Overnight - Borrowing - Financial corporations",,PC,0,3.25,True,-8.599999999999985,-8.603333333333335,0.21782177963554936,0.015303030481740811,False,Normal transmission
2024-11-29,3.163,EST.B.EU000A2X2A25.WT,B,EU000A2X2A25,WT,A,F,,,,,P1D,,,,"ESA 2010 Sectors: S.121, S.122, S.123, S.124, S.125, S.126, S.127, S.128, S.129",,3,,,,,A,Euro short-term rate,"Euro short-term rate, Volume-weighted trimmed mean rate - Unsecured - Overnight - Borrowing - Financial corporations",,PC,0,3.25,True,-8.700000000000019,-8.603333333333335,0.21782177963554936,-0.4437878839683632,False,Normal transmission
2024-12-02,3.165,EST.B.EU000A2X2A25.WT,B,EU000A2X2A25,WT,A,F,,,,,P1D,,,,"ESA 2010 Sectors: S.121, S.122, S.123, S.124, S.125, S.126, S.127, S.128, S.129",,3,,,,,A,Euro short-term rate,"Euro short-term rate, Volume-weighted trimmed mean rate - Unsecured - Overnight - Borrowing - Financial corporations",,PC,0,3.25,True,-8.499999999999996,-8.600000000000001,0.2178477154312756,0.45903625751609944,False,Normal transmission
2024-12-03,3.164,EST.B.EU000A2X2A25.WT,B,EU000A2X2A25,WT,A,F,,,,,P1D,,,,"ESA 2010 Sectors: S.121, S.122, S.123, S.124, S.125, S.126, S.127, S.128, S.129",,3,,,,,A,Euro short-term rate,"Euro short-term rate, Volume-weighted trimmed mean rate - Unsecured - Overnight - Borrowing - Financial corporations",,PC,0,3.25,True,-8.599999999999985,-8.600000000000001,0.2178477154312756,7.338709760142396e-14,False,Normal transmission
2024-12-04,3.165,EST.B.EU000A2X2A25.WT,B,EU000A2X2A25,WT,A,F,,,,,P1D,,,,"ESA 2010 Sectors: S.121, S.122, S.123, S.124, S.125, S.126, S.127, S.128, S.129",,3,,,,,A,Euro short-term rate,"Euro short-term rate, Volume-weighted trimmed mean rate - Unsecured - Overnight - Borrowing - Financial corporations",,PC,0,3.25,True,-8.499999999999996,-8.598333333333334,0.2182299103819014,0.45059512310322236,False,Normal transmission
2024-12-05,3.165,EST.B.EU000A2X2A25.WT,B,EU000A2X2A25,WT,A,F,,,,,P1D,,,,"ESA 2010 Sectors: S.121, S.122, S.123, S.124, S.125, S.126, S.127, S.128, S.129",,3,,,,,A,Euro short-term rate,"Euro short-term rate, Volume-weighted trimmed mean rate - Unsecured - Overnight - Borrowing - Financial corporations",,PC,0,3.25,True,-8.499999999999996,-8.596666666666668,0.21859851494107932,0.4422109944009752,False,Normal transmission
2024-12-06,3.165,EST.B.EU000A2X2A25.WT,B,EU000A2X2A25,WT,A,F,,,,,P1D,,,,"ESA 2010 Sectors: S.121, S.122, S.123, S.124, S.125, S.126, S.127, S.128, S.129",,3,,,,,A,Euro short-term rate,"Euro short-term rate, Volume-weighted trimmed mean rate - Unsecured - Overnight - Borrowing - Financial corporations",,PC,0,3.25,True,-8.499999999999996,-8.593333333333335,0.21852096565172066,0.42711386092853887,False,Normal transmission
2024-12-09,3.164,EST.B.EU000A2X2A25.WT,B,EU000A2X2A25,WT,A,F,,,,,P1D,,,,"ESA 2010 Sectors: S.121, S.122, S.123, S.124, S.125, S.126, S.127, S.128, S.129",,3,,,,,A,Euro short-term rate,"Euro short-term rate, Volume-weighted trimmed mean rate - Unsecured - Overnight - Borrowing - Financial corporations",,PC,0,3.25,True,-8.599999999999985,-8.590000000000002,0.21683392066861742,-0.046118245563924395,False,Normal transmission
2024-12-10,3.163,EST.B.EU000A2X2A25.WT,B,EU000A2X2A25,WT,A,F,,,,,P1D,,,,"ESA 2010 Sectors: S.121, S.122, S.123, S.124, S.125, S.126, S.127, S.128, S.129",,3,,,,,A,Euro short-term rate,"Euro short-term rate, Volume-weighted trimmed mean rate - Unsecured - Overnight - Borrowing - Financial corporations",,PC,0,3.25,True,-8.700000000000019,-8.593333333333335,0.216964159085471,-0.49163266004991635,False,Normal transmission
2024-12-11,3.164,EST.B.EU000A2X2A25.WT,B,EU000A2X2A25,WT,A,F,,,,,P1D,,,,"ESA 2010 Sectors: S.121, S.122, S.123, S.124, S.125, S.126, S.127, S.128, S.129",,3,,,,,A,Euro short-term rate,"Euro short-term rate, Volume-weighted trimmed mean rate - Unsecured - Overnight - Borrowing - Financial corporations",,PC,0,3.25,True,-8.599999999999985,-8.596666666666668,0.21547477469777165,-0.015469714902792002,False,Normal transmission
2024-12-12,3.164,EST.B.EU000A2X2A25.WT,B,EU000A2X2A25,WT,A,F,,,,,P1D,,,,"ESA 2010 Sectors: S.121, S.122, S.123, S.124, S.125, S.126, S.127, S.128, S.129",,3,,,,,A,Euro short-term rate,"Euro short-term rate, Volume-weighted trimmed mean rate - Unsecured - Overnight - Borrowing - Financial corporations",,PC,0,3.25,True,-8.599999999999985,-8.596666666666668,0.21547477469777165,-0.015469714902792002,False,Normal transmission
2024-12-13,3.167,EST.B.EU000A2X2A25.WT,B,EU000A2X2A25,WT,A,F,,,,,P1D,,,,"ESA 2010 Sectors: S.121, S.122, S.123, S.124, S.125, S.126, S.127, S.128, S.129",,3,,,,,A,Euro short-term rate,"Euro short-term rate, Volume-weighted trimmed mean rate - Unsecured - Overnight - Borrowing - Financial corporations",,PC,0,3.25,True,-8.300000000000018,-8.588333333333335,0.21713985703713184,1.3278692234010727,False,Normal transmission
2024-12-16,3.165,EST.B.EU000A2X2A25.WT,B,EU000A2X2A25,WT,A,F,,,,,P1D,,,,"ESA 2010 Sectors: S.121, S.122, S.123, S.124, S.125, S.126, S.127, S.128, S.129",,3,,,,,A,Euro short-term rate,"Euro short-term rate, Volume-weighted trimmed mean rate - Unsecured - Overnight - Borrowing - Financial corporations",,PC,0,3.25,True,-8.499999999999996,-8.58666666666667,0.21743237145874547,0.39859136928521616,False,Normal transmission
2024-12-17,3.164,EST.B.EU000A2X2A25.WT,B,EU000A2X2A25,WT,A,F,,,,,P1D,,,,"ESA 2010 Sectors: S.121, S.122, S.123, S.124, S.125, S.126, S.127, S.128, S.129",,3,,,,,A,Euro short-term rate,"Euro short-term rate, Volume-weighted trimmed mean rate - Unsecured - Overnight - Borrowing - Financial corporations",,PC,0,3.25,True,-8.599999999999985,-8.588333333333335,0.21713985703713184,-0.053728812507487636,False,Normal transmission
2024-12-18,2.917,EST.B.EU000A2X2A25.WT,B,EU000A2X2A25,WT,A,F,,,,,P1D,,,,"ESA 2010 Sectors: S.121, S.122, S.123, S.124, S.125, S.126, S.127, S.128, S.129",,3,,,,,A,Euro short-term rate,"Euro short-term rate, Volume-weighted trimmed mean rate - Unsecured - Overnight - Borrowing - Financial corporations",,PC,0,3.0,True,-8.300000000000018,-8.586666666666668,0.2189858494512114,1.3090647974974143,False,Normal transmission
2024-12-19,2.919,EST.B.EU000A2X2A25.WT,B,EU000A2X2A25,WT,A,F,,,,,P1D,,,,"ESA 2010 Sectors: S.121, S.122, S.123, S.124, S.125, S.126, S.127, S.128, S.129",,3,,,,,A,Euro short-term rate,"Euro short-term rate, Volume-weighted trimmed mean rate - Unsecured - Overnight - Borrowing - Financial corporations",,PC,0,3.0,True,-8.099999999999996,-8.580000000000002,0.22758868638285423,2.1090679314020915,True,Unusually above policy rate
2024-12-20,2.916,EST.B.EU000A2X2A25.WT,B,EU000A2X2A25,WT,A,F,,,,,P1D,,,,"ESA 2010 Sectors: S.121, S.122, S.123, S.124, S.125, S.126, S.127, S.128, S.129",,3,,,,,A,Euro short-term rate,"Euro short-term rate, Volume-weighted trimmed mean rate - Unsecured - Overnight - Borrowing - Financial corporations",,PC,0,3.0,True,-8.400000000000007,-8.578333333333335,0.22854860156390752,0.7802862590846407,False,Normal transmission
2024-12-23,2.911,EST.B.EU000A2X2A25.WT,B,EU000A2X2A25,WT,A,F,,,,,P1D,,,,"ESA 2010 Sectors: S.121, S.122, S.123, S.124, S.125, S.126, S.127, S.128, S.129",,3,,,,,A,Euro short-term rate,"Euro short-term rate, Volume-weighted trimmed mean rate - Unsecured - Overnight - Borrowing - Financial corporations",,PC,0,3.0,True,-8.899999999999997,-8.57666666666667,0.2257692437255596,-1.432140746887403,False,Normal transmission
2024-12-24,2.909,EST.B.EU000A2X2A25.WT,B,EU000A2X2A25,WT,A,F,,,,,P1D,,,,"ESA 2010 Sectors: S.121, S.122, S.123, S.124, S.125, S.126, S.127, S.128, S.129",,3,,,,,A,Euro short-term rate,"Euro short-term rate, Volume-weighted trimmed mean rate - Unsecured - Overnight - Borrowing - Financial corporations",,PC,0,3.0,True,-9.10000000000002,-8.588333333333335,0.23440633029762234,-2.182819320694235,True,Unusually below policy rate
2024-12-27,2.916,EST.B.EU000A2X2A25.WT,B,EU000A2X2A25,WT,A,F,,,,,P1D,,,,"ESA 2010 Sectors: S.121, S.122, S.123, S.124, S.125, S.126, S.127, S.128, S.129",,3,,,,,A,Euro short-term rate,"Euro short-term rate, Volume-weighted trimmed mean rate - Unsecured - Overnight - Borrowing - Financial corporations",,PC,0,3.0,True,-8.400000000000007,-8.578333333333337,0.22928900175905936,0.7777666262454438,False,Normal transmission
2024-12-30,2.915,EST.B.EU000A2X2A25.WT,B,EU000A2X2A25,WT,A,F,,,,,P1D,,,,"ESA 2010 Sectors: S.121, S.122, S.123, S.124, S.125, S.126, S.127, S.128, S.129",,3,,,,,A,Euro short-term rate,"Euro short-term rate, Volume-weighted trimmed mean rate - Unsecured - Overnight - Borrowing - Financial corporations",,PC,0,3.0,True,-8.499999999999996,-8.565000000000003,0.20897246595043584,0.31104576243754206,False,Normal transmission
2024-12-31,2.905,EST.B.EU000A2X2A25.WT,B,EU000A2X2A25,WT,A,F,,,,,P1D,,,,"ESA 2010 Sectors: S.121, S.122, S.123, S.124, S.125, S.126, S.127, S.128, S.129",,3,,,,,A,Euro short-term rate,"Euro short-term rate, Volume-weighted trimmed mean rate - Unsecured - Overnight - Borrowing - Financial corporations",,PC,0,3.0,True,-9.50000000000002,-8.580000000000004,0.24132403140917452,-3.8123016370471583,True,Unusually below policy rate
2025-01-02,2.92,EST.B.EU000A2X2A25.WT,B,EU000A2X2A25,WT,A,F,,,,,P1D,,,,"ESA 2010 Sectors: S.121, S.122, S.123, S.124, S.125, S.126, S.127, S.128, S.129",,3,,,,,A,Euro short-term rate,"Euro short-term rate, Volume-weighted trimmed mean rate - Unsecured - Overnight - Borrowing - Financial corporations",,PC,0,3.0,True,-8.000000000000007,-8.568333333333335,0.25210413954380845,2.2543593864097105,True,Unusually above policy rate
2025-01-03,2.919,EST.B.EU000A2X2A25.WT,B,EU000A2X2A25,WT,A,F,,,,,P1D,,,,"ESA 2010 Sectors: S.121, S.122, S.123, S.124, S.125, S.126, S.127, S.128, S.129",,3,,,,,A,Euro short-term rate,"Euro short-term rate, Volume-weighted trimmed mean rate - Unsecured - Overnight - Borrowing - Financial corporations",,PC,0,3.0,True,-8.099999999999996,-8.560000000000002,0.2592034735067201,1.7746675759269108,False,Normal transmission
2025-01-06,2.917,EST.B.EU000A2X2A25.WT,B,EU000A2X2A25,WT,A,F,,,,,P1D,,,,"ESA 2010 Sectors: S.121, S.122, S.123, S.124, S.125, S.126, S.127, S.128, S.129",,3,,,,,A,Euro short-term rate,"Euro short-term rate, Volume-weighted trimmed mean rate - Unsecured - Overnight - Borrowing - Financial corporations",,PC,0,3.0,True,-8.300000000000018,-8.55666666666667,0.261265931582425,0.9823962317324856,False,Normal transmission
2025-01-07,2.918,EST.B.EU000A2X2A25.WT,B,EU000A2X2A25,WT,A,F,,,,,P1D,,,,"ESA 2010 Sectors: S.121, S.122, S.123, S.124, S.125, S.126, S.127, S.128, S.129",,3,,,,,A,Euro short-term rate,"Euro short-term rate, Volume-weighted trimmed mean rate - Unsecured - Overnight - Borrowing - Financial corporations",,PC,0,3.0,True,-8.199999999999985,-8.550000000000004,0.26521497516322556,1.3196841535234314,False,Normal transmission
2025-01-08,2.917,EST.B.EU000A2X2A25.WT,B,EU000A2X2A25,WT,A,F,,,,,P1D,,,,"ESA 2010 Sectors: S.121, S.122, S.123, S.124, S.125, S.126, S.127, S.128, S.129",,3,,,,,A,Euro short-term rate,"Euro short-term rate, Volume-weighted trimmed mean rate - Unsecured - Overnight - Borrowing - Financial corporations",,PC,0,3.0,True,-8.300000000000018,-8.543333333333338,0.2664052390858934,0.9133954503607385,False,Normal transmission
2025-01-09,2.92,EST.B.EU000A2X2A25.WT,B,EU000A2X2A25,WT,A,F,,,,,P1D,,,,"ESA 2010 Sectors: S.121, S.122, S.123, S.124, S.125, S.126, S.127, S.128, S.129",,3,,,,,A,Euro short-term rate,"Euro short-term rate, Volume-weighted trimmed mean rate - Unsecured - Overnight - Borrowing - Financial corporations",,PC,0,3.0,True,-8.000000000000007,-8.53166666666667,0.27462866557368826,1.9359474567450285,False,Normal transmission
2025-01-10,2.917,EST.B.EU000A2X2A25.WT,B,EU000A2X2A25,WT,A,F,,,,,P1D,,,,"ESA 2010 Sectors: S.121, S.122, S.123, S.124, S.125, S.126, S.127, S.128, S.129",,3,,,,,A,Euro short-term rate,"Euro short-term rate, Volume-weighted trimmed mean rate - Unsecured - Overnight - Borrowing - Financial corporations",,PC,0,3.0,True,-8.300000000000018,-8.525000000000004,0.2753272321179744,0.8172093921446014,False,Normal transmission
2025-01-13,2.918,EST.B.EU000A2X2A25.WT,B,EU000A2X2A25,WT,A,F,,,,,P1D,,,,"ESA 2010 Sectors: S.121, S.122, S.123, S.124, S.125, S.126, S.127, S.128, S.129",,3,,,,,A,Euro short-term rate,"Euro short-term rate, Volume-weighted trimmed mean rate - Unsecured - Overnight - Borrowing - Financial corporations",,PC,0,3.0,True,-8.199999999999985,-8.518333333333336,0.278307028764761,1.1438206744049657,False,Normal transmission
2025-01-14,2.919,EST.B.EU000A2X2A25.WT,B,EU000A2X2A25,WT,A,F,,,,,P1D,,,,"ESA 2010 Sectors: S.121, S.122, S.123, S.124, S.125, S.126, S.127, S.128, S.129",,3,,,,,A,Euro short-term rate,"Euro short-term rate, Volume-weighted trimmed mean rate - Unsecured - Overnight - Borrowing - Financial corporations",,PC,0,3.0,True,-8.099999999999996,-8.511666666666668,0.2834961313618895,1.452106823077491,False,Normal transmission
2025-01-15,2.92,EST.B.EU000A2X2A25.WT,B,EU000A2X2A25,WT,A,F,,,,,P1D,,,,"ESA 2010 Sectors: S.121, S.122, S.123, S.124, S.125, S.126, S.127, S.128, S.129",,3,,,,,A,Euro short-term rate,"Euro short-term rate, Volume-weighted trimmed mean rate - Unsecured - Overnight - Borrowing - Financial corporations",,PC,0,3.0,True,-8.000000000000007,-8.503333333333336,0.2910918468058125,1.7291220584034508,False,Normal transmission
2025-01-16,2.92,EST.B.EU000A2X2A25.WT,B,EU000A2X2A25,WT,A,F,,,,,P1D,,,,"ESA 2010 Sectors: S.121, S.122, S.123, S.124, S.125, S.126, S.127, S.128, S.129",,3,,,,,A,Euro short-term rate,"Euro short-term rate, Volume-weighted trimmed mean rate - Unsecured - Overnight - Borrowing - Financial corporations",,PC,0,3.0,True,-8.000000000000007,-8.495000000000003,0.2982576522381722,1.6596388937062907,False,Normal transmission
2025-01-17,2.92,EST.B.EU000A2X2A25.WT,B,EU000A2X2A25,WT,A,F,,,,,P1D,,,,"ESA 2010 Sectors: S.121, S.122, S.123, S.124, S.125, S.126, S.127, S.128, S.129",,3,,,,,A,Euro short-term rate,"Euro short-term rate, Volume-weighted trimmed mean rate - Unsecured - Overnight - Borrowing - Financial corporations",,PC,0,3.0,True,-8.000000000000007,-8.488333333333337,0.30481540213465824,1.6020625267406887,False,Normal transmission
2025-01-20,2.919,EST.B.EU000A2X2A25.WT,B,EU000A2X2A25,WT,A,F,,,,,P1D,,,,"ESA 2010 Sectors: S.121, S.122, S.123, S.124, S.125, S.126, S.127, S.128, S.129",,3,,,,,A,Euro short-term rate,"Euro short-term rate, Volume-weighted trimmed mean rate - Unsecured - Overnight - Borrowing - Financial corporations",,PC,0,3.0,True,-8.099999999999996,-8.483333333333336,0.3087243664877447,1.2416685397864666,False,Normal transmission
2025-01-21,2.921,EST.B.EU000A2X2A25.WT,B,EU000A2X2A25,WT,A,F,,,,,P1D,,,,"ESA 2010 Sectors: S.121, S.122, S.123, S.124, S.125, S.126, S.127, S.128, S.129",,3,,,,,A,Euro short-term rate,"Euro short-term rate, Volume-weighted trimmed mean rate - Unsecured - Overnight - Borrowing - Financial corporations",,PC,0,3.0,True,-7.900000000000018,-8.475000000000003,0.317631595576474,1.8102733103626216,False,Normal transmission
2025-01-22,2.92,EST.B.EU000A2X2A25.WT,B,EU000A2X2A25,WT,A,F,,,,,P1D,,,,"ESA 2010 Sectors: S.121, S.122, S.123, S.124, S.125, S.126, S.127, S.128, S.129",,3,,,,,A,Euro short-term rate,"Euro short-term rate, Volume-weighted trimmed mean rate - Unsecured - Overnight - Borrowing - Financial corporations",,PC,0,3.0,True,-8.000000000000007,-8.468333333333337,0.32337817849642503,1.4482527408339263,False,Normal transmission
2025-01-23,2.922,EST.B.EU000A2X2A25.WT,B,EU000A2X2A25,WT,A,F,,,,,P1D,,,,"ESA 2010 Sectors: S.121, S.122, S.123, S.124, S.125, S.126, S.127, S.128, S.129",,3,,,,,A,Euro short-term rate,"Euro short-term rate, Volume-weighted trimmed mean rate - Unsecured - Overnight - Borrowing - Financial corporations",,PC,0,3.0,True,-7.799999999999985,-8.455000000000004,0.33416985430377516,1.9600810532855395,False,Normal transmission
2025-01-24,2.921,EST.B.EU000A2X2A25.WT,B,EU000A2X2A25,WT,A,F,,,,,P1D,,,,"ESA 2010 Sectors: S.121, S.122, S.123, S.124, S.125, S.126, S.127, S.128, S.129",,3,,,,,A,Euro short-term rate,"Euro short-term rate, Volume-weighted trimmed mean rate - Unsecured - Overnight - Borrowing - Financial corporations",,PC,0,3.0,True,-7.900000000000018,-8.443333333333337,0.3411678182741905,1.5925691235527129,False,Normal transmission
2025-01-27,2.921,EST.B.EU000A2X2A25.WT,B,EU000A2X2A25,WT,A,F,,,,,P1D,,,,"ESA 2010 Sectors: S.121, S.122, S.123, S.124, S.125, S.126, S.127, S.128, S.129",,3,,,,,A,Euro short-term rate,"Euro short-term rate, Volume-weighted trimmed mean rate - Unsecured - Overnight - Borrowing - Financial corporations",,PC,0,3.0,True,-7.900000000000018,-8.433333333333339,0.3481995661299559,1.5316886785960808,False,Normal transmission
2025-01-28,2.921,EST.B.EU000A2X2A25.WT,B,EU000A2X2A25,WT,A,F,,,,,P1D,,,,"ESA 2010 Sectors: S.121, S.122, S.123, S.124, S.125, S.126, S.127, S.128, S.129",,3,,,,,A,Euro short-term rate,"Euro short-term rate, Volume-weighted trimmed mean rate - Unsecured - Overnight - Borrowing - Financial corporations",,PC,0,3.0,True,-7.900000000000018,-8.406666666666672,0.32566316521080885,1.5557997366348668,False,Normal transmission
2025-01-29,2.923,EST.B.EU000A2X2A25.WT,B,EU000A2X2A25,WT,A,F,,,,,P1D,,,,"ESA 2010 Sectors: S.121, S.122, S.123, S.124, S.125, S.126, S.127, S.128, S.129",,3,,,,,A,Euro short-term rate,"Euro short-term rate, Volume-weighted trimmed mean rate - Unsecured - Overnight - Borrowing - Financial corporations",,PC,0,3.0,True,-7.699999999999996,-8.390000000000004,0.33582683188948803,2.0546303465920484,True,Unusually above policy rate
2025-01-30,2.923,EST.B.EU000A2X2A25.WT,B,EU000A2X2A25,WT,A,F,,,,,P1D,,,,"ESA 2010 Sectors: S.121, S.122, S.123, S.124, S.125, S.126, S.127, S.128, S.129",,3,,,,,A,Euro short-term rate,"Euro short-term rate, Volume-weighted trimmed mean rate - Unsecured - Overnight - Borrowing - Financial corporations",,PC,0,3.0,True,-7.699999999999996,-8.373333333333337,0.3448736770287432,1.9524057015149419,False,Normal transmission
2025-01-31,2.912,EST.B.EU000A2X2A25.WT,B,EU000A2X2A25,WT,A,F,,,,,P1D,,,,"ESA 2010 Sectors: S.121, S.122, S.123, S.124, S.125, S.126, S.127, S.128, S.129",,3,,,,,A,Euro short-term rate,"Euro short-term rate, Volume-weighted trimmed mean rate - Unsecured - Overnight - Borrowing - Financial corporations",,PC,0,3.0,True,-8.800000000000008,-8.375000000000004,0.3467158265882318,-1.225787712612106,False,Normal transmission
2025-02-03,2.918,EST.B.EU000A2X2A25.WT,B,EU000A2X2A25,WT,A,F,,,,,P1D,,,,"ESA 2010 Sectors: S.121, S.122, S.123, S.124, S.125, S.126, S.127, S.128, S.129",,3,,,,,A,Euro short-term rate,"Euro short-term rate, Volume-weighted trimmed mean rate - Unsecured - Overnight - Borrowing - Financial corporations",,PC,0,3.0,True,-8.199999999999985,-8.365000000000004,0.3428816072788837,0.4812156630665099,False,Normal transmission
2025-02-04,2.917,EST.B.EU000A2X2A25.WT,B,EU000A2X2A25,WT,A,F,,,,,P1D,,,,"ESA 2010 Sectors: S.121, S.122, S.123, S.124, S.125, S.126, S.127, S.128, S.129",,3,,,,,A,Euro short-term rate,"Euro short-term rate, Volume-weighted trimmed mean rate - Unsecured - Overnight - Borrowing - Financial corporations",,PC,0,3.0,True,-8.300000000000018,-8.358333333333336,0.3401354000915829,0.17150032992041137,False,Normal transmission
2025-02-05,2.666,EST.B.EU000A2X2A25.WT,B,EU000A2X2A25,WT,A,F,,,,,P1D,,,,"ESA 2010 Sectors: S.121, S.122, S.123, S.124, S.125, S.126, S.127, S.128, S.129",,3,,,,,A,Euro short-term rate,"Euro short-term rate, Volume-weighted trimmed mean rate - Unsecured - Overnight - Borrowing - Financial corporations",,PC,0,2.75,True,-8.400000000000007,-8.353333333333337,0.3372202753754206,-0.13838630140111635,False,Normal transmission
2025-02-06,2.669,EST.B.EU000A2X2A25.WT,B,EU000A2X2A25,WT,A,F,,,,,P1D,,,,"ESA 2010 Sectors: S.121, S.122, S.123, S.124, S.125, S.126, S.127, S.128, S.129",,3,,,,,A,Euro short-term rate,"Euro short-term rate, Volume-weighted trimmed mean rate - Unsecured - Overnight - Borrowing - Financial corporations",,PC,0,2.75,True,-8.099999999999996,-8.34166666666667,0.33359453043244564,0.7244323411220102,False,Normal transmission
2025-02-07,2.665,EST.B.EU000A2X2A25.WT,B,EU000A2X2A25,WT,A,F,,,,,P1D,,,,"ESA 2010 Sectors: S.121, S.122, S.123, S.124, S.125, S.126, S.127, S.128, S.129",,3,,,,,A,Euro short-term rate,"Euro short-term rate, Volume-weighted trimmed mean rate - Unsecured - Overnight - Borrowing - Financial corporations",,PC,0,2.75,True,-8.499999999999996,-8.338333333333335,0.330941987166991,-0.48850455045187685,False,Normal transmission
2025-02-10,2.664,EST.B.EU000A2X2A25.WT,B,EU000A2X2A25,WT,A,F,,,,,P1D,,,,"ESA 2010 Sectors: S.121, S.122, S.123, S.124, S.125, S.126, S.127, S.128, S.129",,3,,,,,A,Euro short-term rate,"Euro short-term rate, Volume-weighted trimmed mean rate - Unsecured - Overnight - Borrowing - Financial corporations",,PC,0,2.75,True,-8.599999999999985,-8.338333333333335,0.330941987166991,-0.7906723136179621,False,Normal transmission
2025-02-11,2.666,EST.B.EU000A2X2A25.WT,B,EU000A2X2A25,WT,A,F,,,,,P1D,,,,"ESA 2010 Sectors: S.121, S.122, S.123, S.124, S.125, S.126, S.127, S.128, S.129",,3,,,,,A,Euro short-term rate,"Euro short-term rate, Volume-weighted trimmed mean rate - Unsecured - Overnight - Borrowing - Financial corporations",,PC,0,2.75,True,-8.400000000000007,-8.33666666666667,0.3303653173955061,-0.19170696800934653,False,Normal transmission
2025-02-12,2.665,EST.B.EU000A2X2A25.WT,B,EU000A2X2A25,WT,A,F,,,,,P1D,,,,"ESA 2010 Sectors: S.121, S.122, S.123, S.124, S.125, S.126, S.127, S.128, S.129",,3,,,,,A,Euro short-term rate,"Euro short-term rate, Volume-weighted trimmed mean rate - Unsecured - Overnight - Borrowing - Financial corporations",,PC,0,2.75,True,-8.499999999999996,-8.33666666666667,0.3303653173955061,-0.49440218065562797,False,Normal transmission
2025-02-13,2.667,EST.B.EU000A2X2A25.WT,B,EU000A2X2A25,WT,A,F,,,,,P1D,,,,"ESA 2010 Sectors: S.121, S.122, S.123, S.124, S.125, S.126, S.127, S.128, S.129",,3,,,,,A,Euro short-term rate,"Euro short-term rate, Volume-weighted trimmed mean rate - Unsecured - Overnight - Borrowing - Financial corporations",,PC,0,2.75,True,-8.300000000000018,-8.333333333333336,0.3296976872404958,0.10110272113920668,False,Normal transmission
2025-02-14,2.666,EST.B.EU000A2X2A25.WT,B,EU000A2X2A25,WT,A,F,,,,,P1D,,,,"ESA 2010 Sectors: S.121, S.122, S.123, S.124, S.125, S.126, S.127, S.128, S.129",,3,,,,,A,Euro short-term rate,"Euro short-term rate, Volume-weighted trimmed mean rate - Unsecured - Overnight - Borrowing - Financial corporations",,PC,0,2.75,True,-8.400000000000007,-8.333333333333337,0.3296976872404958,-0.2022054422785211,False,Normal transmission
2025-02-17,2.665,EST.B.EU000A2X2A25.WT,B,EU000A2X2A25,WT,A,F,,,,,P1D,,,,"ESA 2010 Sectors: S.121, S.122, S.123, S.124, S.125, S.126, S.127, S.128, S.129",,3,,,,,A,Euro short-term rate,"Euro short-term rate, Volume-weighted trimmed mean rate - Unsecured - Overnight - Borrowing - Financial corporations",,PC,0,2.75,True,-8.499999999999996,-8.336666666666668,0.3303653173955061,-0.49440218065563335,False,Normal transmission
2025-02-18,2.666,EST.B.EU000A2X2A25.WT,B,EU000A2X2A25,WT,A,F,,,,,P1D,,,,"ESA 2010 Sectors: S.121, S.122, S.123, S.124, S.125, S.126, S.127, S.128, S.129",,3,,,,,A,Euro short-term rate,"Euro short-term rate, Volume-weighted trimmed mean rate - Unsecured - Overnight - Borrowing - Financial corporations",,PC,0,2.75,True,-8.400000000000007,-8.338333333333335,0.3304294415139024,-0.18662582360742272,False,Normal transmission
2025-02-19,2.665,EST.B.EU000A2X2A25.WT,B,EU000A2X2A25,WT,A,F,,,,,P1D,,,,"ESA 2010 Sectors: S.121, S.122, S.123, S.124, S.125, S.126, S.127, S.128, S.129",,3,,,,,A,Euro short-term rate,"Euro short-term rate, Volume-weighted trimmed mean rate - Unsecured - Overnight - Borrowing - Financial corporations",,PC,0,2.75,True,-8.499999999999996,-8.343333333333335,0.3305704707897734,-0.47392819537802355,False,Normal transmission
2025-02-20,2.667,EST.B.EU000A2X2A25.WT,B,EU000A2X2A25,WT,A,F,,,,,P1D,,,,"ESA 2010 Sectors: S.121, S.122, S.123, S.124, S.125, S.126, S.127, S.128, S.129",,3,,,,,A,Euro short-term rate,"Euro short-term rate, Volume-weighted trimmed mean rate - Unsecured - Overnight - Borrowing - Financial corporations",,PC,0,2.75,True,-8.300000000000018,-8.343333333333335,0.3305704707897734,0.13108652212579172,False,Normal transmission
2025-02-21,2.666,EST.B.EU000A2X2A25.WT,B,EU000A2X2A25,WT,A,F,,,,,P1D,,,,"ESA 2010 Sectors: S.121, S.122, S.123, S.124, S.125, S.126, S.127, S.128, S.129",,3,,,,,A,Euro short-term rate,"Euro short-term rate, Volume-weighted trimmed mean rate - Unsecured - Overnight - Borrowing - Financial corporations",,PC,0,2.75,True,-8.400000000000007,-8.34166666666667,0.33001883185435255,-0.1767575898792388,False,Normal transmission
2025-02-24,2.666,EST.B.EU000A2X2A25.WT,B,EU000A2X2A25,WT,A,F,,,,,P1D,,,,"ESA 2010 Sectors: S.121, S.122, S.123, S.124, S.125, S.126, S.127, S.128, S.129",,3,,,,,A,Euro short-term rate,"Euro short-term rate, Volume-weighted trimmed mean rate - Unsecured - Overnight - Borrowing - Financial corporations",,PC,0,2.75,True,-8.400000000000007,-8.340000000000002,0.3294576951314635,-0.1821174642045135,False,Normal transmission
2025-02-25,2.666,EST.B.EU000A2X2A25.WT,B,EU000A2X2A25,WT,A,F,,,,,P1D,,,,"ESA 2010 Sectors: S.121, S.122, S.123, S.124, S.125, S.126, S.127, S.128, S.129",,3,,,,,A,Euro short-term rate,"Euro short-term rate, Volume-weighted trimmed mean rate - Unsecured - Overnight - Borrowing - Financial corporations",,PC,0,2.75,True,-8.400000000000007,-8.33666666666667,0.3277900664809664,-0.193213095238856,False,Normal transmission
2025-02-26,2.665,EST.B.EU000A2X2A25.WT,B,EU000A2X2A25,WT,A,F,,,,,P1D,,,,"ESA 2010 Sectors: S.121, S.122, S.123, S.124, S.125, S.126, S.127, S.128, S.129",,3,,,,,A,Euro short-term rate,"Euro short-term rate, Volume-weighted trimmed mean rate - Unsecured - Overnight - Borrowing - Financial corporations",,PC,0,2.75,True,-8.499999999999996,-8.333333333333337,0.32503802472034654,-0.5127605202808324,False,Normal transmission
2025-02-27,2.666,EST.B.EU000A2X2A25.WT,B,EU000A2X2A25,WT,A,F,,,,,P1D,,,,"ESA 2010 Sectors: S.121, S.122, S.123, S.124, S.125, S.126, S.127, S.128, S.129",,3,,,,,A,Euro short-term rate,"Euro short-term rate, Volume-weighted trimmed mean rate - Unsecured - Overnight - Borrowing - Financial corporations",,PC,0,2.75,True,-8.400000000000007,-8.33166666666667,0.32442474077874967,-0.21062922996966713,False,Normal transmission
2025-02-28,2.658,EST.B.EU000A2X2A25.WT,B,EU000A2X2A25,WT,A,F,,,,,P1D,,,,"ESA 2010 Sectors: S.121, S.122, S.123, S.124, S.125, S.126, S.127, S.128, S.129",,3,,,,,A,Euro short-term rate,"Euro short-term rate, Volume-weighted trimmed mean rate - Unsecured - Overnight - Borrowing - Financial corporations",,PC,0,2.75,True,-9.200000000000008,-8.34166666666667,0.34162704744794914,-2.512486466587851,True,Unusually below policy rate
2025-03-03,2.663,EST.B.EU000A2X2A25.WT,B,EU000A2X2A25,WT,A,F,,,,,P1D,,,,"ESA 2010 Sectors: S.121, S.122, S.123, S.124, S.125, S.126, S.127, S.128, S.129",,3,,,,,A,Euro short-term rate,"Euro short-term rate, Volume-weighted trimmed mean rate - Unsecured - Overnight - Borrowing - Financial corporations",,PC,0,2.75,True,-8.700000000000019,-8.345000000000004,0.3441644266079134,-1.031483711140331,False,Normal transmission
2025-03-04,2.664,EST.B.EU000A2X2A25.WT,B,EU000A2X2A25,WT,A,F,,,,,P1D,,,,"ESA 2010 Sectors: S.121, S.122, S.123, S.124, S.125, S.126, S.127, S.128, S.129",,3,,,,,A,Euro short-term rate,"Euro short-term rate, Volume-weighted trimmed mean rate - Unsecured - Overnight - Borrowing - Financial corporations",,PC,0,2.75,True,-8.599999999999985,-8.34666666666667,0.3451684269133461,-0.7339412112479076,False,Normal transmission
2025-03-05,2.664,EST.B.EU000A2X2A25.WT,B,EU000A2X2A25,WT,A,F,,,,,P1D,,,,"ESA 2010 Sectors: S.121, S.122, S.123, S.124, S.125, S.126, S.127, S.128, S.129",,3,,,,,A,Euro short-term rate,"Euro short-term rate, Volume-weighted trimmed mean rate - Unsecured - Overnight - Borrowing - Financial corporations",,PC,0,2.75,True,-8.599999999999985,-8.348333333333336,0.34616135488497257,-0.727021266571702,False,Normal transmission
2025-03-06,2.666,EST.B.EU000A2X2A25.WT,B,EU000A2X2A25,WT,A,F,,,,,P1D,,,,"ESA 2010 Sectors: S.121, S.122, S.123, S.124, S.125, S.126, S.127, S.128, S.129",,3,,,,,A,Euro short-term rate,"Euro short-term rate, Volume-weighted trimmed mean rate - Unsecured - Overnight - Borrowing - Financial corporations",,PC,0,2.75,True,-8.400000000000007,-8.345000000000004,0.34465654729484135,-0.15957915330983902,False,Normal transmission
2025-03-07,2.665,EST.B.EU000A2X2A25.WT,B,EU000A2X2A25,WT,A,F,,,,,P1D,,,,"ESA 2010 Sectors: S.121, S.122, S.123, S.124, S.125, S.126, S.127, S.128, S.129",,3,,,,,A,Euro short-term rate,"Euro short-term rate, Volume-weighted trimmed mean rate - Unsecured - Overnight - Borrowing - Financial corporations",,PC,0,2.75,True,-8.499999999999996,-8.34166666666667,0.3421228180037846,-0.46279676479098397,False,Normal transmission
2025-03-10,2.663,EST.B.EU000A2X2A25.WT,B,EU000A2X2A25,WT,A,F,,,,,P1D,,,,"ESA 2010 Sectors: S.121, S.122, S.123, S.124, S.125, S.126, S.127, S.128, S.129",,3,,,,,A,Euro short-term rate,"Euro short-term rate, Volume-weighted trimmed mean rate - Unsecured - Overnight - Borrowing - Financial corporations",,PC,0,2.75,True,-8.700000000000019,-8.343333333333337,0.3436428312655554,-1.037899336800254,False,Normal transmission
2025-03-11,2.663,EST.B.EU000A2X2A25.WT,B,EU000A2X2A25,WT,A,F,,,,,P1D,,,,"ESA 2010 Sectors: S.121, S.122, S.123, S.124, S.125, S.126, S.127, S.128, S.129",,3,,,,,A,Euro short-term rate,"Euro short-term rate, Volume-weighted trimmed mean rate - Unsecured - Overnight - Borrowing - Financial corporations",,PC,0,2.75,True,-8.700000000000019,-8.345000000000004,0.34514796630437955,-1.0285443770714464,False,Normal transmission
2025-03-12,2.412,EST.B.EU000A2X2A25.WT,B,EU000A2X2A25,WT,A,F,,,,,P1D,,,,"ESA 2010 Sectors: S.121, S.122, S.123, S.124, S.125, S.126, S.127, S.128, S.129",,3,,,,,A,Euro short-term rate,"Euro short-term rate, Volume-weighted trimmed mean rate - Unsecured - Overnight - Borrowing - Financial corporations",,PC,0,2.5,True,-8.800000000000008,-8.353333333333337,0.3500443878229004,-1.2760286472373181,False,Normal transmission
2025-03-13,2.413,EST.B.EU000A2X2A25.WT,B,EU000A2X2A25,WT,A,F,,,,,P1D,,,,"ESA 2010 Sectors: S.121, S.122, S.123, S.124, S.125, S.126, S.127, S.128, S.129",,3,,,,,A,Euro short-term rate,"Euro short-term rate, Volume-weighted trimmed mean rate - Unsecured - Overnight - Borrowing - Financial corporations",,PC,0,2.5,True,-8.700000000000019,-8.356666666666673,0.35240898171792084,-0.9742468300883457,False,Normal transmission
2025-03-14,2.417,EST.B.EU000A2X2A25.WT,B,EU000A2X2A25,WT,A,F,,,,,P1D,,,,"ESA 2010 Sectors: S.121, S.122, S.123, S.124, S.125, S.126, S.127, S.128, S.129",,3,,,,,A,Euro short-term rate,"Euro short-term rate, Volume-weighted trimmed mean rate - Unsecured - Overnight - Borrowing - Financial corporations",,PC,0,2.5,True,-8.300000000000018,-8.351666666666672,0.3510235236052928,0.1471886161246271,False,Normal transmission
2025-03-17,2.417,EST.B.EU000A2X2A25.WT,B,EU000A2X2A25,WT,A,F,,,,,P1D,,,,"ESA 2010 Sectors: S.121, S.122, S.123, S.124, S.125, S.126, S.127, S.128, S.129",,3,,,,,A,Euro short-term rate,"Euro short-term rate, Volume-weighted trimmed mean rate - Unsecured - Overnight - Borrowing - Financial corporations",,PC,0,2.5,True,-8.300000000000018,-8.351666666666672,0.3510235236052928,0.1471886161246271,False,Normal transmission
2025-03-18,2.417,EST.B.EU000A2X2A25.WT,B,EU000A2X2A25,WT,A,F,,,,,P1D,,,,"ESA 2010 Sectors: S.121, S.122, S.123, S.124, S.125, S.126, S.127, S.128, S.129",,3,,,,,A,Euro short-term rate,"Euro short-term rate, Volume-weighted trimmed mean rate - Unsecured - Overnight - Borrowing - Financial corporations",,PC,0,2.5,True,-8.300000000000018,-8.355000000000006,0.34953964882639077,0.15734981763772574,False,Normal transmission
2025-03-19,2.416,EST.B.EU000A2X2A25.WT,B,EU000A2X2A25,WT,A,F,,,,,P1D,,,,"ESA 2010 Sectors: S.121, S.122, S.123, S.124, S.125, S.126, S.127, S.128, S.129",,3,,,,,A,Euro short-term rate,"Euro short-term rate, Volume-weighted trimmed mean rate - Unsecured - Overnight - Borrowing - Financial corporations",,PC,0,2.5,True,-8.400000000000007,-8.355000000000006,0.34953964882639077,-0.12874075988544662,False,Normal transmission
2025-03-20,2.417,EST.B.EU000A2X2A25.WT,B,EU000A2X2A25,WT,A,F,,,,,P1D,,,,"ESA 2010 Sectors: S.121, S.122, S.123, S.124, S.125, S.126, S.127, S.128, S.129",,3,,,,,A,Euro short-term rate,"Euro short-term rate, Volume-weighted trimmed mean rate - Unsecured - Overnight - Borrowing - Financial corporations",,PC,0,2.5,True,-8.300000000000018,-8.345000000000006,0.3421888664742979,0.131506324164312,False,Normal transmission
2025-03-21,2.417,EST.B.EU000A2X2A25.WT,B,EU000A2X2A25,WT,A,F,,,,,P1D,,,,"ESA 2010 Sectors: S.121, S.122, S.123, S.124, S.125, S.126, S.127, S.128, S.129",,3,,,,,A,Euro short-term rate,"Euro short-term rate, Volume-weighted trimmed mean rate - Unsecured - Overnight - Borrowing - Financial corporations",,PC,0,2.5,True,-8.300000000000018,-8.331666666666672,0.3275443645286006,0.09667901541285341,False,Normal transmission
2025-03-24,2.418,EST.B.EU000A2X2A25.WT,B,EU000A2X2A25,WT,A,F,,,,,P1D,,,,"ESA 2010 Sectors: S.121, S.122, S.123, S.124, S.125, S.126, S.127, S.128, S.129",,3,,,,,A,Euro short-term rate,"Euro short-term rate, Volume-weighted trimmed mean rate - Unsecured - Overnight - Borrowing - Financial corporations",,PC,0,2.5,True,-8.199999999999985,-8.328333333333338,0.32785469428536984,0.39143356971930393,False,Normal transmission
2025-03-25,2.418,EST.B.EU000A2X2A25.WT,B,EU000A2X2A25,WT,A,F,,,,,P1D,,,,"ESA 2010 Sectors: S.121, S.122, S.123, S.124, S.125, S.126, S.127, S.128, S.129",,3,,,,,A,Euro short-term rate,"Euro short-term rate, Volume-weighted trimmed mean rate - Unsecured - Overnight - Borrowing - Financial corporations",,PC,0,2.5,True,-8.199999999999985,-8.32333333333334,0.32747967548092055,0.3766137032847401,False,Normal transmission
2025-03-26,2.417,EST.B.EU000A2X2A25.WT,B,EU000A2X2A25,WT,A,F,,,,,P1D,,,,"ESA 2010 Sectors: S.121, S.122, S.123, S.124, S.125, S.126, S.127, S.128, S.129",,3,,,,,A,Euro short-term rate,"Euro short-term rate, Volume-weighted trimmed mean rate - Unsecured - Overnight - Borrowing - Financial corporations",,PC,0,2.5,True,-8.300000000000018,-8.303333333333338,0.2887534087650351,0.011543875265666732,False,Normal transmission
2025-03-27,2.417,EST.B.EU000A2X2A25.WT,B,EU000A2X2A25,WT,A,F,,,,,P1D,,,,"ESA 2010 Sectors: S.121, S.122, S.123, S.124, S.125, S.126, S.127, S.128, S.129",,3,,,,,A,Euro short-term rate,"Euro short-term rate, Volume-weighted trimmed mean rate - Unsecured - Overnight - Borrowing - Financial corporations",,PC,0,2.5,True,-8.300000000000018,-8.308333333333339,0.2859961281393781,0.029137923605942095,False,Normal transmission
2025-03-28,2.417,EST.B.EU000A2X2A25.WT,B,EU000A2X2A25,WT,A,F,,,,,P1D,,,,"ESA 2010 Sectors: S.121, S.122, S.123, S.124, S.125, S.126, S.127, S.128, S.129",,3,,,,,A,Euro short-term rate,"Euro short-term rate, Volume-weighted trimmed mean rate - Unsecured - Overnight - Borrowing - Financial corporations",,PC,0,2.5,True,-8.300000000000018,-8.311666666666673,0.2846893440205501,0.04098034194708788,False,Normal transmission
2025-03-31,2.415,EST.B.EU000A2X2A25.WT,B,EU000A2X2A25,WT,A,F,,,,,P1D,,,,"ESA 2010 Sectors: S.121, S.122, S.123, S.124, S.125, S.126, S.127, S.128, S.129",,3,,,,,A,Euro short-term rate,"Euro short-term rate, Volume-weighted trimmed mean rate - Unsecured - Overnight - Borrowing - Financial corporations",,PC,0,2.5,True,-8.499999999999996,-8.315000000000005,0.28571943094637436,-0.6474883398277298,False,Normal transmission
2025-04-01,2.42,EST.B.EU000A2X2A25.WT,B,EU000A2X2A25,WT,A,F,,,,,P1D,,,,"ESA 2010 Sectors: S.121, S.122, S.123, S.124, S.125, S.126, S.127, S.128, S.129",,3,,,,,A,Euro short-term rate,"Euro short-term rate, Volume-weighted trimmed mean rate - Unsecured - Overnight - Borrowing - Financial corporations",,PC,0,2.5,True,-8.000000000000007,-8.311666666666673,0.28823934655757133,1.0812773148041226,False,Normal transmission
2025-04-02,2.417,EST.B.EU000A2X2A25.WT,B,EU000A2X2A25,WT,A,F,,,,,P1D,,,,"ESA 2010 Sectors: S.121, S.122, S.123, S.124, S.125, S.126, S.127, S.128, S.129",,3,,,,,A,Euro short-term rate,"Euro short-term rate, Volume-weighted trimmed mean rate - Unsecured - Overnight - Borrowing - Financial corporations",,PC,0,2.5,True,-8.300000000000018,-8.311666666666673,0.28823934655757133,0.04047562140973715,False,Normal transmission
2025-04-03,2.416,EST.B.EU000A2X2A25.WT,B,EU000A2X2A25,WT,A,F,,,,,P1D,,,,"ESA 2010 Sectors: S.121, S.122, S.123, S.124, S.125, S.126, S.127, S.128, S.129",,3,,,,,A,Euro short-term rate,"Euro short-term rate, Volume-weighted trimmed mean rate - Unsecured - Overnight - Borrowing - Financial corporations",,PC,0,2.5,True,-8.400000000000007,-8.318333333333339,0.28552162592356717,-0.2860262034530812,False,Normal transmission
2025-04-04,2.415,EST.B.EU000A2X2A25.WT,B,EU000A2X2A25,WT,A,F,,,,,P1D,,,,"ESA 2010 Sectors: S.121, S.122, S.123, S.124, S.125, S.126, S.127, S.128, S.129",,3,,,,,A,Euro short-term rate,"Euro short-term rate, Volume-weighted trimmed mean rate - Unsecured - Overnight - Borrowing - Financial corporations",,PC,0,2.5,True,-8.499999999999996,-8.321666666666673,0.28646984440145407,-0.6225204391266068,False,Normal transmission
2025-04-07,2.414,EST.B.EU000A2X2A25.WT,B,EU000A2X2A25,WT,A,F,,,,,P1D,,,,"ESA 2010 Sectors: S.121, S.122, S.123, S.124, S.125, S.126, S.127, S.128, S.129",,3,,,,,A,Euro short-term rate,"Euro short-term rate, Volume-weighted trimmed mean rate - Unsecured - Overnight - Borrowing - Financial corporations",,PC,0,2.5,True,-8.599999999999985,-8.328333333333338,0.28823934655757083,-0.9425037556848133,False,Normal transmission
2025-04-08,2.415,EST.B.EU000A2X2A25.WT,B,EU000A2X2A25,WT,A,F,,,,,P1D,,,,"ESA 2010 Sectors: S.121, S.122, S.123, S.124, S.125, S.126, S.127, S.128, S.129",,3,,,,,A,Euro short-term rate,"Euro short-term rate, Volume-weighted trimmed mean rate - Unsecured - Overnight - Borrowing - Financial corporations",,PC,0,2.5,True,-8.499999999999996,-8.335000000000006,0.2874935518804932,-0.5739259156274167,False,Normal transmission
2025-04-09,2.415,EST.B.EU000A2X2A25.WT,B,EU000A2X2A25,WT,A,F,,,,,P1D,,,,"ESA 2010 Sectors: S.121, S.122, S.123, S.124, S.125, S.126, S.127, S.128, S.129",,3,,,,,A,Euro short-term rate,"Euro short-term rate, Volume-weighted trimmed mean rate - Unsecured - Overnight - Borrowing - Financial corporations",,PC,0,2.5,True,-8.499999999999996,-8.343333333333339,0.28485301988540257,-0.549991243658519,False,Normal transmission
2025-04-10,2.416,EST.B.EU000A2X2A25.WT,B,EU000A2X2A25,WT,A,F,,,,,P1D,,,,"ESA 2010 Sectors: S.121, S.122, S.123, S.124, S.125, S.126, S.127, S.128, S.129",,3,,,,,A,Euro short-term rate,"Euro short-term rate, Volume-weighted trimmed mean rate - Unsecured - Overnight - Borrowing - Financial corporations",,PC,0,2.5,True,-8.400000000000007,-8.350000000000005,0.28134061628720053,-0.17772051778318798,False,Normal transmission
2025-04-11,2.416,EST.B.EU000A2X2A25.WT,B,EU000A2X2A25,WT,A,F,,,,,P1D,,,,"ESA 2010 Sectors: S.121, S.122, S.123, S.124, S.125, S.126, S.127, S.128, S.129",,3,,,,,A,Euro short-term rate,"Euro short-term rate, Volume-weighted trimmed mean rate - Unsecured - Overnight - Borrowing - Financial corporations",,PC,0,2.5,True,-8.400000000000007,-8.356666666666673,0.27762104806311805,-0.15608806909871908,False,Normal transmission
2025-04-14,2.417,EST.B.EU000A2X2A25.WT,B,EU000A2X2A25,WT,A,F,,,,,P1D,,,,"ESA 2010 Sectors: S.121, S.122, S.123, S.124, S.125, S.126, S.127, S.128, S.129",,3,,,,,A,Euro short-term rate,"Euro short-term rate, Volume-weighted trimmed mean rate - Unsecured - Overnight - Borrowing - Financial corporations",,PC,0,2.5,True,-8.300000000000018,-8.360000000000007,0.27568097504176886,0.2176428750329883,False,Normal transmission
2025-04-15,2.416,EST.B.EU000A2X2A25.WT,B,EU000A2X2A25,WT,A,F,,,,,P1D,,,,"ESA 2010 Sectors: S.121, S.122, S.123, S.124, S.125, S.126, S.127, S.128, S.129",,3,,,,,A,Euro short-term rate,"Euro short-term rate, Volume-weighted trimmed mean rate - Unsecured - Overnight - Borrowing - Financial corporations",,PC,0,2.5,True,-8.400000000000007,-8.36833333333334,0.26901683311115626,-0.11771258437788379,False,Normal transmission
2025-04-16,2.418,EST.B.EU000A2X2A25.WT,B,EU000A2X2A25,WT,A,F,,,,,P1D,,,,"ESA 2010 Sectors: S.121, S.122, S.123, S.124, S.125, S.126, S.127, S.128, S.129",,3,,,,,A,Euro short-term rate,"Euro short-term rate, Volume-weighted trimmed mean rate - Unsecured - Overnight - Borrowing - Financial corporations",,PC,0,2.5,True,-8.199999999999985,-8.371666666666673,0.2655928237407396,0.6463528052032831,False,Normal transmission
2025-04-17,2.417,EST.B.EU000A2X2A25.WT,B,EU000A2X2A25,WT,A,F,,,,,P1D,,,,"ESA 2010 Sectors: S.121, S.122, S.123, S.124, S.125, S.126, S.127, S.128, S.129",,3,,,,,A,Euro short-term rate,"Euro short-term rate, Volume-weighted trimmed mean rate - Unsecured - Overnight - Borrowing - Financial corporations",,PC,0,2.5,True,-8.300000000000018,-8.380000000000006,0.2549842135359023,0.3137449134227421,False,Normal transmission
2025-04-22,2.417,EST.B.EU000A2X2A25.WT,B,EU000A2X2A25,WT,A,F,,,,,P1D,,,,"ESA 2010 Sectors: S.121, S.122, S.123, S.124, S.125, S.126, S.127, S.128, S.129",,3,,,,,A,Euro short-term rate,"Euro short-term rate, Volume-weighted trimmed mean rate - Unsecured - Overnight - Borrowing - Financial corporations",,PC,0,2.5,True,-8.300000000000018,-8.386666666666674,0.24733608964912146,0.35040040775935016,False,Normal transmission
2025-04-23,2.167,EST.B.EU000A2X2A25.WT,B,EU000A2X2A25,WT,A,F,,,,,P1D,,,,"ESA 2010 Sectors: S.121, S.122, S.123, S.124, S.125, S.126, S.127, S.128, S.129",,3,,,,,A,Euro short-term rate,"Euro short-term rate, Volume-weighted trimmed mean rate - Unsecured - Overnight - Borrowing - Financial corporations",,PC,0,2.25,True,-8.300000000000018,-8.39333333333334,0.23925496411378366,0.39009988227008857,False,Normal transmission
2025-04-24,2.169,EST.B.EU000A2X2A25.WT,B,EU000A2X2A25,WT,A,F,,,,,P1D,,,,"ESA 2010 Sectors: S.121, S.122, S.123, S.124, S.125, S.126, S.127, S.128, S.129",,3,,,,,A,Euro short-term rate,"Euro short-term rate, Volume-weighted trimmed mean rate - Unsecured - Overnight - Borrowing - Financial corporations",,PC,0,2.25,True,-8.099999999999996,-8.396666666666672,0.23359146335299433,1.2700235805208542,False,Normal transmission
2025-04-25,2.167,EST.B.EU000A2X2A25.WT,B,EU000A2X2A25,WT,A,F,,,,,P1D,,,,"ESA 2010 Sectors: S.121, S.122, S.123, S.124, S.125, S.126, S.127, S.128, S.129",,3,,,,,A,Euro short-term rate,"Euro short-term rate, Volume-weighted trimmed mean rate - Unsecured - Overnight - Borrowing - Financial corporations",,PC,0,2.25,True,-8.300000000000018,-8.406666666666673,0.2153961007677931,0.49521168807807936,False,Normal transmission
2025-04-28,2.167,EST.B.EU000A2X2A25.WT,B,EU000A2X2A25,WT,A,F,,,,,P1D,,,,"ESA 2010 Sectors: S.121, S.122, S.123, S.124, S.125, S.126, S.127, S.128, S.129",,3,,,,,A,Euro short-term rate,"Euro short-term rate, Volume-weighted trimmed mean rate - Unsecured - Overnight - Borrowing - Financial corporations",,PC,0,2.25,True,-8.300000000000018,-8.416666666666673,0.19499384315930793,0.5983094890403245,False,Normal transmission
2025-04-29,2.167,EST.B.EU000A2X2A25.WT,B,EU000A2X2A25,WT,A,F,,,,,P1D,,,,"ESA 2010 Sectors: S.121, S.122, S.123, S.124, S.125, S.126, S.127, S.128, S.129",,3,,,,,A,Euro short-term rate,"Euro short-term rate, Volume-weighted trimmed mean rate - Unsecured - Overnight - Borrowing - Financial corporations",,PC,0,2.25,True,-8.300000000000018,-8.40833333333334,0.1889235040842204,0.5734243277905104,False,Normal transmission
2025-04-30,2.156,EST.B.EU000A2X2A25.WT,B,EU000A2X2A25,WT,A,F,,,,,P1D,,,,"ESA 2010 Sectors: S.121, S.122, S.123, S.124, S.125, S.126, S.127, S.128, S.129",,3,,,,,A,Euro short-term rate,"Euro short-term rate, Volume-weighted trimmed mean rate - Unsecured - Overnight - Borrowing - Financial corporations",,PC,0,2.25,True,-9.399999999999986,-8.42833333333334,0.22631286778323745,-4.293466280482597,True,Unusually below policy rate
2025-05-02,2.168,EST.B.EU000A2X2A25.WT,B,EU000A2X2A25,WT,A,F,,,,,P1D,,,,"ESA 2010 Sectors: S.121, S.122, S.123, S.124, S.125, S.126, S.127, S.128, S.129",,3,,,,,A,Euro short-term rate,"Euro short-term rate, Volume-weighted trimmed mean rate - Unsecured - Overnight - Borrowing - Financial corporations",,PC,0,2.25,True,-8.199999999999985,-8.426666666666673,0.2276383294604131,0.9957315501478665,False,Normal transmission
2025-05-05,2.167,EST.B.EU000A2X2A25.WT,B,EU000A2X2A25,WT,A,F,,,,,P1D,,,,"ESA 2010 Sectors: S.121, S.122, S.123, S.124, S.125, S.126, S.127, S.128, S.129",,3,,,,,A,Euro short-term rate,"Euro short-term rate, Volume-weighted trimmed mean rate - Unsecured - Overnight - Borrowing - Financial corporations",,PC,0,2.25,True,-8.300000000000018,-8.425000000000006,0.22820225938062091,0.5477596950146701,False,Normal transmission
2025-05-06,2.167,EST.B.EU000A2X2A25.WT,B,EU000A2X2A25,WT,A,F,,,,,P1D,,,,"ESA 2010 Sectors: S.121, S.122, S.123, S.124, S.125, S.126, S.127, S.128, S.129",,3,,,,,A,Euro short-term rate,"Euro short-term rate, Volume-weighted trimmed mean rate - Unsecured - Overnight - Borrowing - Financial corporations",,PC,0,2.25,True,-8.300000000000018,-8.42833333333334,0.2248100265170088,0.5708523561942284,False,Normal transmission
2025-05-07,2.169,EST.B.EU000A2X2A25.WT,B,EU000A2X2A25,WT,A,F,,,,,P1D,,,,"ESA 2010 Sectors: S.121, S.122, S.123, S.124, S.125, S.126, S.127, S.128, S.129",,3,,,,,A,Euro short-term rate,"Euro short-term rate, Volume-weighted trimmed mean rate - Unsecured - Overnight - Borrowing - Financial corporations",,PC,0,2.25,True,-8.099999999999996,-8.421666666666674,0.22854860156390291,1.4074322243303634,False,Normal transmission
2025-05-08,2.171,EST.B.EU000A2X2A25.WT,B,EU000A2X2A25,WT,A,F,,,,,P1D,,,,"ESA 2010 Sectors: S.121, S.122, S.123, S.124, S.125, S.126, S.127, S.128, S.129",,3,,,,,A,Euro short-term rate,"Euro short-term rate, Volume-weighted trimmed mean rate - Unsecured - Overnight - Borrowing - Financial corporations",,PC,0,2.25,True,-7.900000000000018,-8.410000000000007,0.23700103697115596,2.1518893187883323,True,Unusually above policy rate
2025-05-09,2.169,EST.B.EU000A2X2A25.WT,B,EU000A2X2A25,WT,A,F,,,,,P1D,,,,"ESA 2010 Sectors: S.121, S.122, S.123, S.124, S.125, S.126, S.127, S.128, S.129",,3,,,,,A,Euro short-term rate,"Euro short-term rate, Volume-weighted trimmed mean rate - Unsecured - Overnight - Borrowing - Financial corporations",,PC,0,2.25,True,-8.099999999999996,-8.405000000000006,0.2403563738298979,1.2689490823150014,False,Normal transmission
2025-05-12,2.17,EST.B.EU000A2X2A25.WT,B,EU000A2X2A25,WT,A,F,,,,,P1D,,,,"ESA 2010 Sectors: S.121, S.122, S.123, S.124, S.125, S.126, S.127, S.128, S.129",,3,,,,,A,Euro short-term rate,"Euro short-term rate, Volume-weighted trimmed mean rate - Unsecured - Overnight - Borrowing - Financial corporations",,PC,0,2.25,True,-8.000000000000007,-8.396666666666674,0.24561694488735702,1.6149808672548336,False,Normal transmission
2025-05-13,2.172,EST.B.EU000A2X2A25.WT,B,EU000A2X2A25,WT,A,F,,,,,P1D,,,,"ESA 2010 Sectors: S.121, S.122, S.123, S.124, S.125, S.126, S.127, S.128, S.129",,3,,,,,A,Euro short-term rate,"Euro short-term rate, Volume-weighted trimmed mean rate - Unsecured - Overnight - Borrowing - Financial corporations",,PC,0,2.25,True,-7.799999999999985,-8.38833333333334,0.25716292182498285,2.2877844486996364,True,Unusually above policy rate
2025-05-14,2.172,EST.B.EU000A2X2A25.WT,B,EU000A2X2A25,WT,A,F,,,,,P1D,,,,"ESA 2010 Sectors: S.121, S.122, S.123, S.124, S.125, S.126, S.127, S.128, S.129",,3,,,,,A,Euro short-term rate,"Euro short-term rate, Volume-weighted trimmed mean rate - Unsecured - Overnight - Borrowing - Financial corporations",,PC,0,2.25,True,-7.799999999999985,-8.37833333333334,0.2681333254669578,2.1568871841132733,True,Unusually above policy rate
2025-05-15,2.172,EST.B.EU000A2X2A25.WT,B,EU000A2X2A25,WT,A,F,,,,,P1D,,,,"ESA 2010 Sectors: S.121, S.122, S.123, S.124, S.125, S.126, S.127, S.128, S.129",,3,,,,,A,Euro short-term rate,"Euro short-term rate, Volume-weighted trimmed mean rate - Unsecured - Overnight - Borrowing - Financial corporations",,PC,0,2.25,True,-7.799999999999985,-8.366666666666672,0.27780414187502533,2.039806400444569,True,Unusually above policy rate
2025-05-16,2.17,EST.B.EU000A2X2A25.WT,B,EU000A2X2A25,WT,A,F,,,,,P1D,,,,"ESA 2010 Sectors: S.121, S.122, S.123, S.124, S.125, S.126, S.127, S.128, S.129",,3,,,,,A,Euro short-term rate,"Euro short-term rate, Volume-weighted trimmed mean rate - Unsecured - Overnight - Borrowing - Financial corporations",,PC,0,2.25,True,-8.000000000000007,-8.360000000000007,0.28176201040675436,1.2776740181556057,False,Normal transmission
2025-05-19,2.171,EST.B.EU000A2X2A25.WT,B,EU000A2X2A25,WT,A,F,,,,,P1D,,,,"ESA 2010 Sectors: S.121, S.122, S.123, S.124, S.125, S.126, S.127, S.128, S.129",,3,,,,,A,Euro short-term rate,"Euro short-term rate, Volume-weighted trimmed mean rate - Unsecured - Overnight - Borrowing - Financial corporations",,PC,0,2.25,True,-7.900000000000018,-8.350000000000007,0.28730188457672406,1.5662967218713666,False,Normal transmission
2025-05-20,2.172,EST.B.EU000A2X2A25.WT,B,EU000A2X2A25,WT,A,F,,,,,P1D,,,,"ESA 2010 Sectors: S.121, S.122, S.123, S.124, S.125, S.126, S.127, S.128, S.129",,3,,,,,A,Euro short-term rate,"Euro short-term rate, Volume-weighted trimmed mean rate - Unsecured - Overnight - Borrowing - Financial corporations",,PC,0,2.25,True,-7.799999999999985,-8.341666666666672,0.2958994714005469,1.8305766620767483,False,Normal transmission
2025-05-21,2.169,EST.B.EU000A2X2A25.WT,B,EU000A2X2A25,WT,A,F,,,,,P1D,,,,"ESA 2010 Sectors: S.121, S.122, S.123, S.124, S.125, S.126, S.127, S.128, S.129",,3,,,,,A,Euro short-term rate,"Euro short-term rate, Volume-weighted trimmed mean rate - Unsecured - Overnight - Borrowing - Financial corporations",,PC,0,2.25,True,-8.099999999999996,-8.336666666666671,0.2974277674262108,0.7957114048720759,False,Normal transmission
2025-05-22,2.173,EST.B.EU000A2X2A25.WT,B,EU000A2X2A25,WT,A,F,,,,,P1D,,,,"ESA 2010 Sectors: S.121, S.122, S.123, S.124, S.125, S.126, S.127, S.128, S.129",,3,,,,,A,Euro short-term rate,"Euro short-term rate, Volume-weighted trimmed mean rate - Unsecured - Overnight - Borrowing - Financial corporations",,PC,0,2.25,True,-7.699999999999996,-8.325000000000006,0.3084268448822996,2.0264124552404645,True,Unusually above policy rate
2025-05-23,2.17,EST.B.EU000A2X2A25.WT,B,EU000A2X2A25,WT,A,F,,,,,P1D,,,,"ESA 2010 Sectors: S.121, S.122, S.123, S.124, S.125, S.126, S.127, S.128, S.129",,3,,,,,A,Euro short-term rate,"Euro short-term rate, Volume-weighted trimmed mean rate - Unsecured - Overnight - Borrowing - Financial corporations",,PC,0,2.25,True,-8.000000000000007,-8.318333333333339,0.31108975579111325,1.023284526113043,False,Normal transmission
2025-05-26,2.168,EST.B.EU000A2X2A25.WT,B,EU000A2X2A25,WT,A,F,,,,,P1D,,,,"ESA 2010 Sectors: S.121, S.122, S.123, S.124, S.125, S.126, S.127, S.128, S.129",,3,,,,,A,Euro short-term rate,"Euro short-term rate, Volume-weighted trimmed mean rate - Unsecured - Overnight - Borrowing - Financial corporations",,PC,0,2.25,True,-8.199999999999985,-8.313333333333338,0.3105308012598042,0.36496647956842454,False,Normal transmission
2025-05-27,2.172,EST.B.EU000A2X2A25.WT,B,EU000A2X2A25,WT,A,F,,,,,P1D,,,,"ESA 2010 Sectors: S.121, S.122, S.123, S.124, S.125, S.126, S.127, S.128, S.129",,3,,,,,A,Euro short-term rate,"Euro short-term rate, Volume-weighted trimmed mean rate - Unsecured - Overnight - Borrowing - Financial corporations",,PC,0,2.25,True,-7.799999999999985,-8.303333333333338,0.3172801075810611,1.5864005379056358,False,Normal transmission
2025-05-28,2.167,EST.B.EU000A2X2A25.WT,B,EU000A2X2A25,WT,A,F,,,,,P1D,,,,"ESA 2010 Sectors: S.121, S.122, S.123, S.124, S.125, S.126, S.127, S.128, S.129",,3,,,,,A,Euro short-term rate,"Euro short-term rate, Volume-weighted trimmed mean rate - Unsecured - Overnight - Borrowing - Financial corporations",,PC,0,2.25,True,-8.300000000000018,-8.288333333333338,0.2946366142611268,-0.039596798571480796,False,Normal transmission
2025-05-29,2.161,EST.B.EU000A2X2A25.WT,B,EU000A2X2A25,WT,A,F,,,,,P1D,,,,"ESA 2010 Sectors: S.121, S.122, S.123, S.124, S.125, S.126, S.127, S.128, S.129",,3,,,,,A,Euro short-term rate,"Euro short-term rate, Volume-weighted trimmed mean rate - Unsecured - Overnight - Borrowing - Financial corporations",,PC,0,2.25,True,-8.899999999999997,-8.291666666666671,0.30044693638295544,-2.0247613127861355,True,Unusually below policy rate
2025-05-30,2.161,EST.B.EU000A2X2A25.WT,B,EU000A2X2A25,WT,A,F,,,,,P1D,,,,"ESA 2010 Sectors: S.121, S.122, S.123, S.124, S.125, S.126, S.127, S.128, S.129",,3,,,,,A,Euro short-term rate,"Euro short-term rate, Volume-weighted trimmed mean rate - Unsecured - Overnight - Borrowing - Financial corporations",,PC,0,2.25,True,-8.899999999999997,-8.296666666666672,0.30806485486378127,-1.958462069943369,False,Normal transmission
2025-06-02,2.172,EST.B.EU000A2X2A25.WT,B,EU000A2X2A25,WT,A,F,,,,,P1D,,,,"ESA 2010 Sectors: S.121, S.122, S.123, S.124, S.125, S.126, S.127, S.128, S.129",,3,,,,,A,Euro short-term rate,"Euro short-term rate, Volume-weighted trimmed mean rate - Unsecured - Overnight - Borrowing - Financial corporations",,PC,0,2.25,True,-7.799999999999985,-8.283333333333339,0.31200101405018715,1.5491402641903174,False,Normal transmission
2025-06-03,2.172,EST.B.EU000A2X2A25.WT,B,EU000A2X2A25,WT,A,F,,,,,P1D,,,,"ESA 2010 Sectors: S.121, S.122, S.123, S.124, S.125, S.126, S.127, S.128, S.129",,3,,,,,A,Euro short-term rate,"Euro short-term rate, Volume-weighted trimmed mean rate - Unsecured - Overnight - Borrowing - Financial corporations",,PC,0,2.25,True,-7.799999999999985,-8.273333333333337,0.31776052525827264,1.4895913611315676,False,Normal transmission
2025-06-04,2.173,EST.B.EU000A2X2A25.WT,B,EU000A2X2A25,WT,A,F,,,,,P1D,,,,"ESA 2010 Sectors: S.121, S.122, S.123, S.124, S.125, S.126, S.127, S.128, S.129",,3,,,,,A,Euro short-term rate,"Euro short-term rate, Volume-weighted trimmed mean rate - Unsecured - Overnight - Borrowing - Financial corporations",,PC,0,2.25,True,-7.699999999999996,-8.260000000000003,0.3247945895850379,1.7241666516535004,False,Normal transmission
2025-06-05,2.174,EST.B.EU000A2X2A25.WT,B,EU000A2X2A25,WT,A,F,,,,,P1D,,,,"ESA 2010 Sectors: S.121, S.122, S.123, S.124, S.125, S.126, S.127, S.128, S.129",,3,,,,,A,Euro short-term rate,"Euro short-term rate, Volume-weighted trimmed mean rate - Unsecured - Overnight - Borrowing - Financial corporations",,PC,0,2.25,True,-7.600000000000007,-8.24166666666667,0.33053201422761297,1.9413147260972898,False,Normal transmission
2025-06-06,2.173,EST.B.EU000A2X2A25.WT,B,EU000A2X2A25,WT,A,F,,,,,P1D,,,,"ESA 2010 Sectors: S.121, S.122, S.123, S.124, S.125, S.126, S.127, S.128, S.129",,3,,,,,A,Euro short-term rate,"Euro short-term rate, Volume-weighted trimmed mean rate - Unsecured - Overnight - Borrowing - Financial corporations",,PC,0,2.25,True,-7.699999999999996,-8.225000000000003,0.332236897307009,1.5801977572493175,False,Normal transmission
2025-06-09,2.17,EST.B.EU000A2X2A25.WT,B,EU000A2X2A25,WT,A,F,,,,,P1D,,,,"ESA 2010 Sectors: S.121, S.122, S.123, S.124, S.125, S.126, S.127, S.128, S.129",,3,,,,,A,Euro short-term rate,"Euro short-term rate, Volume-weighted trimmed mean rate - Unsecured - Overnight - Borrowing - Financial corporations",,PC,0,2.25,True,-8.000000000000007,-8.21166666666667,0.32473805175844705,0.6518074045234109,False,Normal transmission
2025-06-10,2.174,EST.B.EU000A2X2A25.WT,B,EU000A2X2A25,WT,A,F,,,,,P1D,,,,"ESA 2010 Sectors: S.121, S.122, S.123, S.124, S.125, S.126, S.127, S.128, S.129",,3,,,,,A,Euro short-term rate,"Euro short-term rate, Volume-weighted trimmed mean rate - Unsecured - Overnight - Borrowing - Financial corporations",,PC,0,2.25,True,-7.600000000000007,-8.193333333333337,0.3277383550616497,1.8103872316736327,False,Normal transmission
2025-06-11,1.924,EST.B.EU000A2X2A25.WT,B,EU000A2X2A25,WT,A,F,,,,,P1D,,,,"ESA 2010 Sectors: S.121, S.122, S.123, S.124, S.125, S.126, S.127, S.128, S.129",,3,,,,,A,Euro short-term rate,"Euro short-term rate, Volume-weighted trimmed mean rate - Unsecured - Overnight - Borrowing - Financial corporations",,PC,0,2.0,True,-7.600000000000007,-8.18166666666667,0.3362261479999066,1.7299864098220732,False,Normal transmission
2025-06-12,1.923,EST.B.EU000A2X2A25.WT,B,EU000A2X2A25,WT,A,F,,,,,P1D,,,,"ESA 2010 Sectors: S.121, S.122, S.123, S.124, S.125, S.126, S.127, S.128, S.129",,3,,,,,A,Euro short-term rate,"Euro short-term rate, Volume-weighted trimmed mean rate - Unsecured - Overnight - Borrowing - Financial corporations",,PC,0,2.0,True,-7.699999999999996,-8.17166666666667,0.34152780697600366,1.381049088924741,False,Normal transmission
2025-06-13,1.925,EST.B.EU000A2X2A25.WT,B,EU000A2X2A25,WT,A,F,,,,,P1D,,,,"ESA 2010 Sectors: S.121, S.122, S.123, S.124, S.125, S.126, S.127, S.128, S.129",,3,,,,,A,Euro short-term rate,"Euro short-term rate, Volume-weighted trimmed mean rate - Unsecured - Overnight - Borrowing - Financial corporations",,PC,0,2.0,True,-7.499999999999996,-8.158333333333337,0.35189157934768045,1.8708413953915226,False,Normal transmission
2025-06-16,1.924,EST.B.EU000A2X2A25.WT,B,EU000A2X2A25,WT,A,F,,,,,P1D,,,,"ESA 2010 Sectors: S.121, S.122, S.123, S.124, S.125, S.126, S.127, S.128, S.129",,3,,,,,A,Euro short-term rate,"Euro short-term rate, Volume-weighted trimmed mean rate - Unsecured - Overnight - Borrowing - Financial corporations",,PC,0,2.0,True,-7.600000000000007,-8.145000000000003,0.3576879617293369,1.5236744266288693,False,Normal transmission
2025-06-17,1.924,EST.B.EU000A2X2A25.WT,B,EU000A2X2A25,WT,A,F,,,,,P1D,,,,"ESA 2010 Sectors: S.121, S.122, S.123, S.124, S.125, S.126, S.127, S.128, S.129",,3,,,,,A,Euro short-term rate,"Euro short-term rate, Volume-weighted trimmed mean rate - Unsecured - Overnight - Borrowing - Financial corporations",,PC,0,2.0,True,-7.600000000000007,-8.133333333333335,0.3639084754867073,1.4655699695370499,False,Normal transmission
2025-06-18,1.922,EST.B.EU000A2X2A25.WT,B,EU000A2X2A25,WT,A,F,,,,,P1D,,,,"ESA 2010 Sectors: S.121, S.122, S.123, S.124, S.125, S.126, S.127, S.128, S.129",,3,,,,,A,Euro short-term rate,"Euro short-term rate, Volume-weighted trimmed mean rate - Unsecured - Overnight - Borrowing - Financial corporations",,PC,0,2.0,True,-7.800000000000007,-8.125000000000002,0.36574743531659115,0.8885913300216984,False,Normal transmission
2025-06-19,1.917,EST.B.EU000A2X2A25.WT,B,EU000A2X2A25,WT,A,F,,,,,P1D,,,,"ESA 2010 Sectors: S.121, S.122, S.123, S.124, S.125, S.126, S.127, S.128, S.129",,3,,,,,A,Euro short-term rate,"Euro short-term rate, Volume-weighted trimmed mean rate - Unsecured - Overnight - Borrowing - Financial corporations",,PC,0,2.0,True,-8.299999999999997,-8.126666666666669,0.36632238587815824,-0.47317155602655553,False,Normal transmission
2025-06-20,1.923,EST.B.EU000A2X2A25.WT,B,EU000A2X2A25,WT,A,F,,,,,P1D,,,,"ESA 2010 Sectors: S.121, S.122, S.123, S.124, S.125, S.126, S.127, S.128, S.129",,3,,,,,A,Euro short-term rate,"Euro short-term rate, Volume-weighted trimmed mean rate - Unsecured - Overnight - Borrowing - Financial corporations",,PC,0,2.0,True,-7.699999999999996,-8.118333333333336,0.3702915327266152,1.1297404784089244,False,Normal transmission
2025-06-23,1.925,EST.B.EU000A2X2A25.WT,B,EU000A2X2A25,WT,A,F,,,,,P1D,,,,"ESA 2010 Sectors: S.121, S.122, S.123, S.124, S.125, S.126, S.127, S.128, S.129",,3,,,,,A,Euro short-term rate,"Euro short-term rate, Volume-weighted trimmed mean rate - Unsecured - Overnight - Borrowing - Financial corporations",,PC,0,2.0,True,-7.499999999999996,-8.105000000000002,0.3779628714614395,1.6006863257777157,False,Normal transmission
2025-06-24,1.926,EST.B.EU000A2X2A25.WT,B,EU000A2X2A25,WT,A,F,,,,,P1D,,,,"ESA 2010 Sectors: S.121, S.122, S.123, S.124, S.125, S.126, S.127, S.128, S.129",,3,,,,,A,Euro short-term rate,"Euro short-term rate, Volume-weighted trimmed mean rate - Unsecured - Overnight - Borrowing - Financial corporations",,PC,0,2.0,True,-7.400000000000007,-8.090000000000002,0.3878231293528067,1.7791615501413143,False,Normal transmission
2025-06-25,1.925,EST.B.EU000A2X2A25.WT,B,EU000A2X2A25,WT,A,F,,,,,P1D,,,,"ESA 2010 Sectors: S.121, S.122, S.123, S.124, S.125, S.126, S.127, S.128, S.129",,3,,,,,A,Euro short-term rate,"Euro short-term rate, Volume-weighted trimmed mean rate - Unsecured - Overnight - Borrowing - Financial corporations",,PC,0,2.0,True,-7.499999999999996,-8.076666666666668,0.3941808354974067,1.462949526551669,False,Normal transmission
2025-06-26,1.929,EST.B.EU000A2X2A25.WT,B,EU000A2X2A25,WT,A,F,,,,,P1D,,,,"ESA 2010 Sectors: S.121, S.122, S.123, S.124, S.125, S.126, S.127, S.128, S.129",,3,,,,,A,Euro short-term rate,"Euro short-term rate, Volume-weighted trimmed mean rate - Unsecured - Overnight - Borrowing - Financial corporations",,PC,0,2.0,True,-7.099999999999995,-8.053333333333335,0.4098228913321889,2.3262081096407052,True,Unusually above policy rate
2025-06-27,1.928,EST.B.EU000A2X2A25.WT,B,EU000A2X2A25,WT,A,F,,,,,P1D,,,,"ESA 2010 Sectors: S.121, S.122, S.123, S.124, S.125, S.126, S.127, S.128, S.129",,3,,,,,A,Euro short-term rate,"Euro short-term rate, Volume-weighted trimmed mean rate - Unsecured - Overnight - Borrowing - Financial corporations",,PC,0,2.0,True,-7.200000000000006,-8.040000000000001,0.4243439602611987,1.9795262302848493,False,Normal transmission
2025-06-30,1.921,EST.B.EU000A2X2A25.WT,B,EU000A2X2A25,WT,A,F,,,,,P1D,,,,"ESA 2010 Sectors: S.121, S.122, S.123, S.124, S.125, S.126, S.127, S.128, S.129",,3,,,,,A,Euro short-term rate,"Euro short-term rate, Volume-weighted trimmed mean rate - Unsecured - Overnight - Borrowing - Financial corporations",,PC,0,2.0,True,-7.899999999999996,-8.033333333333335,0.42333088659819157,0.31496245030638087,False,Normal transmission
2025-07-01,1.921,EST.B.EU000A2X2A25.WT,B,EU000A2X2A25,WT,A,F,,,,,P1D,,,,"ESA 2010 Sectors: S.121, S.122, S.123, S.124, S.125, S.126, S.127, S.128, S.129",,3,,,,,A,Euro short-term rate,"Euro short-term rate, Volume-weighted trimmed mean rate - Unsecured - Overnight - Borrowing - Financial corporations",,PC,0,2.0,True,-7.899999999999996,-8.025,0.4209049975340528,0.29697913004677845,False,Normal transmission
2025-07-02,1.923,EST.B.EU000A2X2A25.WT,B,EU000A2X2A25,WT,A,F,,,,,P1D,,,,"ESA 2010 Sectors: S.121, S.122, S.123, S.124, S.125, S.126, S.127, S.128, S.129",,3,,,,,A,Euro short-term rate,"Euro short-term rate, Volume-weighted trimmed mean rate - Unsecured - Overnight - Borrowing - Financial corporations",,PC,0,2.0,True,-7.699999999999996,-8.011666666666667,0.4182658576594613,0.7451401087592955,False,Normal transmission
2025-07-03,1.922,EST.B.EU000A2X2A25.WT,B,EU000A2X2A25,WT,A,F,,,,,P1D,,,,"ESA 2010 Sectors: S.121, S.122, S.123, S.124, S.125, S.126, S.127, S.128, S.129",,3,,,,,A,Euro short-term rate,"Euro short-term rate, Volume-weighted trimmed mean rate - Unsecured - Overnight - Borrowing - Financial corporations",,PC,0,2.0,True,-7.800000000000007,-7.998333333333335,0.41189585102351406,0.48151330692089345,False,Normal transmission
2025-07-04,1.92,EST.B.EU000A2X2A25.WT,B,EU000A2X2A25,WT,A,F,,,,,P1D,,,,"ESA 2010 Sectors: S.121, S.122, S.123, S.124, S.125, S.126, S.127, S.128, S.129",,3,,,,,A,Euro short-term rate,"Euro short-term rate, Volume-weighted trimmed mean rate - Unsecured - Overnight - Borrowing - Financial corporations",,PC,0,2.0,True,-8.000000000000007,-7.990000000000001,0.40659812333346396,-0.024594309285103828,False,Normal transmission
2025-07-07,1.92,EST.B.EU000A2X2A25.WT,B,EU000A2X2A25,WT,A,F,,,,,P1D,,,,"ESA 2010 Sectors: S.121, S.122, S.123, S.124, S.125, S.126, S.127, S.128, S.129",,3,,,,,A,Euro short-term rate,"Euro short-term rate, Volume-weighted trimmed mean rate - Unsecured - Overnight - Borrowing - Financial corporations",,PC,0,2.0,True,-8.000000000000007,-7.981666666666668,0.4010544012579235,-0.04571283415874658,False,Normal transmission
2025-07-08,1.919,EST.B.EU000A2X2A25.WT,B,EU000A2X2A25,WT,A,F,,,,,P1D,,,,"ESA 2010 Sectors: S.121, S.122, S.123, S.124, S.125, S.126, S.127, S.128, S.129",,3,,,,,A,Euro short-term rate,"Euro short-term rate, Volume-weighted trimmed mean rate - Unsecured - Overnight - Borrowing - Financial corporations",,PC,0,2.0,True,-8.099999999999996,-7.976666666666669,0.3976058292834952,-0.3101899525859051,False,Normal transmission
2025-07-09,1.919,EST.B.EU000A2X2A25.WT,B,EU000A2X2A25,WT,A,F,,,,,P1D,,,,"ESA 2010 Sectors: S.121, S.122, S.123, S.124, S.125, S.126, S.127, S.128, S.129",,3,,,,,A,Euro short-term rate,"Euro short-term rate, Volume-weighted trimmed mean rate - Unsecured - Overnight - Borrowing - Financial corporations",,PC,0,2.0,True,-8.099999999999996,-7.971666666666668,0.39406257210556445,-0.3256674000974384,False,Normal transmission
2025-07-10,1.921,EST.B.EU000A2X2A25.WT,B,EU000A2X2A25,WT,A,F,,,,,P1D,,,,"ESA 2010 Sectors: S.121, S.122, S.123, S.124, S.125, S.126, S.127, S.128, S.129",,3,,,,,A,Euro short-term rate,"Euro short-term rate, Volume-weighted trimmed mean rate - Unsecured - Overnight - Borrowing - Financial corporations",,PC,0,2.0,True,-7.899999999999996,-7.965000000000002,0.3917907604831817,0.16590488228932077,False,Normal transmission
2025-07-11,1.923,EST.B.EU000A2X2A25.WT,B,EU000A2X2A25,WT,A,F,,,,,P1D,,,,"ESA 2010 Sectors: S.121, S.122, S.123, S.124, S.125, S.126, S.127, S.128, S.129",,3,,,,,A,Euro short-term rate,"Euro short-term rate, Volume-weighted trimmed mean rate - Unsecured - Overnight - Borrowing - Financial corporations",,PC,0,2.0,True,-7.699999999999996,-7.953333333333334,0.38903037512301225,0.6511916537448618,False,Normal transmission
2025-07-14,1.923,EST.B.EU000A2X2A25.WT,B,EU000A2X2A25,WT,A,F,,,,,P1D,,,,"ESA 2010 Sectors: S.121, S.122, S.123, S.124, S.125, S.126, S.127, S.128, S.129",,3,,,,,A,Euro short-term rate,"Euro short-term rate, Volume-weighted trimmed mean rate - Unsecured - Overnight - Borrowing - Financial corporations",,PC,0,2.0,True,-7.699999999999996,-7.945000000000001,0.3890122214976885,0.6298002645180679,False,Normal transmission
2025-07-15,1.922,EST.B.EU000A2X2A25.WT,B,EU000A2X2A25,WT,A,F,,,,,P1D,,,,"ESA 2010 Sectors: S.121, S.122, S.123, S.124, S.125, S.126, S.127, S.128, S.129",,3,,,,,A,Euro short-term rate,"Euro short-term rate, Volume-weighted trimmed mean rate - Unsecured - Overnight - Borrowing - Financial corporations",,PC,0,2.0,True,-7.800000000000007,-7.936666666666667,0.38662672694563016,0.35348478814781836,False,Normal transmission
2025-07-16,1.923,EST.B.EU000A2X2A25.WT,B,EU000A2X2A25,WT,A,F,,,,,P1D,,,,"ESA 2010 Sectors: S.121, S.122, S.123, S.124, S.125, S.126, S.127, S.128, S.129",,3,,,,,A,Euro short-term rate,"Euro short-term rate, Volume-weighted trimmed mean rate - Unsecured - Overnight - Borrowing - Financial corporations",,PC,0,2.0,True,-7.699999999999996,-7.926666666666667,0.3848251492304217,0.5890120932063871,False,Normal transmission
2025-07-17,1.925,EST.B.EU000A2X2A25.WT,B,EU000A2X2A25,WT,A,F,,,,,P1D,,,,"ESA 2010 Sectors: S.121, S.122, S.123, S.124, S.125, S.126, S.127, S.128, S.129",,3,,,,,A,Euro short-term rate,"Euro short-term rate, Volume-weighted trimmed mean rate - Unsecured - Overnight - Borrowing - Financial corporations",,PC,0,2.0,True,-7.499999999999996,-7.913333333333333,0.38552920558833464,1.072119381208935,False,Normal transmission
2025-07-18,1.923,EST.B.EU000A2X2A25.WT,B,EU000A2X2A25,WT,A,F,,,,,P1D,,,,"ESA 2010 Sectors: S.121, S.122, S.123, S.124, S.125, S.126, S.127, S.128, S.129",,3,,,,,A,Euro short-term rate,"Euro short-term rate, Volume-weighted trimmed mean rate - Unsecured - Overnight - Borrowing - Financial corporations",,PC,0,2.0,True,-7.699999999999996,-7.906666666666667,0.3857050188705244,0.5358153421800468,False,Normal transmission
2025-07-21,1.924,EST.B.EU000A2X2A25.WT,B,EU000A2X2A25,WT,A,F,,,,,P1D,,,,"ESA 2010 Sectors: S.121, S.122, S.123, S.124, S.125, S.126, S.127, S.128, S.129",,3,,,,,A,Euro short-term rate,"Euro short-term rate, Volume-weighted trimmed mean rate - Unsecured - Overnight - Borrowing - Financial corporations",,PC,0,2.0,True,-7.600000000000007,-7.895,0.3841896600837207,0.767849920624381,False,Normal transmission
2025-07-22,1.923,EST.B.EU000A2X2A25.WT,B,EU000A2X2A25,WT,A,F,,,,,P1D,,,,"ESA 2010 Sectors: S.121, S.122, S.123, S.124, S.125, S.126, S.127, S.128, S.129",,3,,,,,A,Euro short-term rate,"Euro short-term rate, Volume-weighted trimmed mean rate - Unsecured - Overnight - Borrowing - Financial corporations",,PC,0,2.0,True,-7.699999999999996,-7.885,0.3812668445848021,0.4852244632010114,False,Normal transmission
2025-07-23,1.924,EST.B.EU000A2X2A25.WT,B,EU000A2X2A25,WT,A,F,,,,,P1D,,,,"ESA 2010 Sectors: S.121, S.122, S.123, S.124, S.125, S.126, S.127, S.128, S.129",,3,,,,,A,Euro short-term rate,"Euro short-term rate, Volume-weighted trimmed mean rate - Unsecured - Overnight - Borrowing - Financial corporations",,PC,0,2.0,True,-7.600000000000007,-7.873333333333332,0.37905621722799854,0.7210891707097846,False,Normal transmission
2025-07-24,1.924,EST.B.EU000A2X2A25.WT,B,EU000A2X2A25,WT,A,F,,,,,P1D,,,,"ESA 2010 Sectors: S.121, S.122, S.123, S.124, S.125, S.126, S.127, S.128, S.129",,3,,,,,A,Euro short-term rate,"Euro short-term rate, Volume-weighted trimmed mean rate - Unsecured - Overnight - Borrowing - Financial corporations",,PC,0,2.0,True,-7.600000000000007,-7.843333333333333,0.32331265587093794,0.752625450673547,False,Normal transmission
2025-07-25,1.925,EST.B.EU000A2X2A25.WT,B,EU000A2X2A25,WT,A,F,,,,,P1D,,,,"ESA 2010 Sectors: S.121, S.122, S.123, S.124, S.125, S.126, S.127, S.128, S.129",,3,,,,,A,Euro short-term rate,"Euro short-term rate, Volume-weighted trimmed mean rate - Unsecured - Overnight - Borrowing - Financial corporations",,PC,0,2.0,True,-7.499999999999996,-7.831666666666666,0.3228536251567086,1.0272973286444722,False,Normal transmission
2025-07-28,1.923,EST.B.EU000A2X2A25.WT,B,EU000A2X2A25,WT,A,F,,,,,P1D,,,,"ESA 2010 Sectors: S.121, S.122, S.123, S.124, S.125, S.126, S.127, S.128, S.129",,3,,,,,A,Euro short-term rate,"Euro short-term rate, Volume-weighted trimmed mean rate - Unsecured - Overnight - Borrowing - Financial corporations",,PC,0,2.0,True,-7.699999999999996,-7.821666666666666,0.317346875749573,0.3833870000430729,False,Normal transmission
2025-07-29,1.923,EST.B.EU000A2X2A25.WT,B,EU000A2X2A25,WT,A,F,,,,,P1D,,,,"ESA 2010 Sectors: S.121, S.122, S.123, S.124, S.125, S.126, S.127, S.128, S.129",,3,,,,,A,Euro short-term rate,"Euro short-term rate, Volume-weighted trimmed mean rate - Unsecured - Overnight - Borrowing - Financial corporations",,PC,0,2.0,True,-7.699999999999996,-7.811666666666666,0.3114164831679479,0.35857660946754616,False,Normal transmission
2025-07-30,1.924,EST.B.EU000A2X2A25.WT,B,EU000A2X2A25,WT,A,F,,,,,P1D,,,,"ESA 2010 Sectors: S.121, S.122, S.123, S.124, S.125, S.126, S.127, S.128, S.129",,3,,,,,A,Euro short-term rate,"Euro short-term rate, Volume-weighted trimmed mean rate - Unsecured - Overnight - Borrowing - Financial corporations",,PC,0,2.0,True,-7.600000000000007,-7.803333333333332,0.3102577750929735,0.6553690178187902,False,Normal transmission
2025-07-31,1.919,EST.B.EU000A2X2A25.WT,B,EU000A2X2A25,WT,A,F,,,,,P1D,,,,"ESA 2010 Sectors: S.121, S.122, S.123, S.124, S.125, S.126, S.127, S.128, S.129",,3,,,,,A,Euro short-term rate,"Euro short-term rate, Volume-weighted trimmed mean rate - Unsecured - Overnight - Borrowing - Financial corporations",,PC,0,2.0,True,-8.099999999999996,-7.806666666666667,0.3123810508080588,-0.9390240943698178,False,Normal transmission
2025-08-01,1.927,EST.B.EU000A2X2A25.WT,B,EU000A2X2A25,WT,A,F,,,,,P1D,,,,"ESA 2010 Sectors: S.121, S.122, S.123, S.124, S.125, S.126, S.127, S.128, S.129",,3,,,,,A,Euro short-term rate,"Euro short-term rate, Volume-weighted trimmed mean rate - Unsecured - Overnight - Borrowing - Financial corporations",,PC,0,2.0,True,-7.299999999999995,-7.793333333333332,0.31669194071009615,1.5577704068729061,False,Normal transmission
2025-08-04,1.925,EST.B.EU000A2X2A25.WT,B,EU000A2X2A25,WT,A,F,,,,,P1D,,,,"ESA 2010 Sectors: S.121, S.122, S.123, S.124, S.125, S.126, S.127, S.128, S.129",,3,,,,,A,Euro short-term rate,"Euro short-term rate, Volume-weighted trimmed mean rate - Unsecured - Overnight - Borrowing - Financial corporations",,PC,0,2.0,True,-7.499999999999996,-7.784999999999998,0.3177382997352331,0.8969645782000135,False,Normal transmission
2025-08-05,1.924,EST.B.EU000A2X2A25.WT,B,EU000A2X2A25,WT,A,F,,,,,P1D,,,,"ESA 2010 Sectors: S.121, S.122, S.123, S.124, S.125, S.126, S.127, S.128, S.129",,3,,,,,A,Euro short-term rate,"Euro short-term rate, Volume-weighted trimmed mean rate - Unsecured - Overnight - Borrowing - Financial corporations",,PC,0,2.0,True,-7.600000000000007,-7.781666666666665,0.3186261114065344,0.5701562432052862,False,Normal transmission
2025-08-06,1.922,EST.B.EU000A2X2A25.WT,B,EU000A2X2A25,WT,A,F,,,,,P1D,,,,"ESA 2010 Sectors: S.121, S.122, S.123, S.124, S.125, S.126, S.127, S.128, S.129",,3,,,,,A,Euro short-term rate,"Euro short-term rate, Volume-weighted trimmed mean rate - Unsecured - Overnight - Borrowing - Financial corporations",,PC,0,2.0,True,-7.800000000000007,-7.781666666666666,0.3186261114065344,-0.057538703442760776,False,Normal transmission
2025-08-07,1.923,EST.B.EU000A2X2A25.WT,B,EU000A2X2A25,WT,A,F,,,,,P1D,,,,"ESA 2010 Sectors: S.121, S.122, S.123, S.124, S.125, S.126, S.127, S.128, S.129",,3,,,,,A,Euro short-term rate,"Euro short-term rate, Volume-weighted trimmed mean rate - Unsecured - Overnight - Borrowing - Financial corporations",,PC,0,2.0,True,-7.699999999999996,-7.779999999999999,0.3187900855485638,0.25094883318702393,False,Normal transmission
2025-08-08,1.922,EST.B.EU000A2X2A25.WT,B,EU000A2X2A25,WT,A,F,,,,,P1D,,,,"ESA 2010 Sectors: S.121, S.122, S.123, S.124, S.125, S.126, S.127, S.128, S.129",,3,,,,,A,Euro short-term rate,"Euro short-term rate, Volume-weighted trimmed mean rate - Unsecured - Overnight - Borrowing - Financial corporations",,PC,0,2.0,True,-7.800000000000007,-7.776666666666666,0.31749371629529693,-0.07349226814819382,False,Normal transmission
2025-08-11,1.918,EST.B.EU000A2X2A25.WT,B,EU000A2X2A25,WT,A,F,,,,,P1D,,,,"ESA 2010 Sectors: S.121, S.122, S.123, S.124, S.125, S.126, S.127, S.128, S.129",,3,,,,,A,Euro short-term rate,"Euro short-term rate, Volume-weighted trimmed mean rate - Unsecured - Overnight - Borrowing - Financial corporations",,PC,0,2.0,True,-8.200000000000006,-7.781666666666665,0.3218019533426328,-1.2999713923051555,False,Normal transmission
2025-08-12,1.922,EST.B.EU000A2X2A25.WT,B,EU000A2X2A25,WT,A,F,,,,,P1D,,,,"ESA 2010 Sectors: S.121, S.122, S.123, S.124, S.125, S.126, S.127, S.128, S.129",,3,,,,,A,Euro short-term rate,"Euro short-term rate, Volume-weighted trimmed mean rate - Unsecured - Overnight - Borrowing - Financial corporations",,PC,0,2.0,True,-7.800000000000007,-7.781666666666666,0.32180195334263284,-0.05697085783012806,False,Normal transmission
2025-08-13,1.923,EST.B.EU000A2X2A25.WT,B,EU000A2X2A25,WT,A,F,,,,,P1D,,,,"ESA 2010 Sectors: S.121, S.122, S.123, S.124, S.125, S.126, S.127, S.128, S.129",,3,,,,,A,Euro short-term rate,"Euro short-term rate, Volume-weighted trimmed mean rate - Unsecured - Overnight - Borrowing - Financial corporations",,PC,0,2.0,True,-7.699999999999996,-7.7749999999999995,0.31922841299140325,0.23494149313715212,False,Normal transmission
2025-08-14,1.926,EST.B.EU000A2X2A25.WT,B,EU000A2X2A25,WT,A,F,,,,,P1D,,,,"ESA 2010 Sectors: S.121, S.122, S.123, S.124, S.125, S.126, S.127, S.128, S.129",,3,,,,,A,Euro short-term rate,"Euro short-term rate, Volume-weighted trimmed mean rate - Unsecured - Overnight - Borrowing - Financial corporations",,PC,0,2.0,True,-7.400000000000007,-7.77,0.32275298840664,1.1463875263451502,False,Normal transmission
2025-08-15,1.924,EST.B.EU000A2X2A25.WT,B,EU000A2X2A25,WT,A,F,,,,,P1D,,,,"ESA 2010 Sectors: S.121, S.122, S.123, S.124, S.125, S.126, S.127, S.128, S.129",,3,,,,,A,Euro short-term rate,"Euro short-term rate, Volume-weighted trimmed mean rate - Unsecured - Overnight - Borrowing - Financial corporations",,PC,0,2.0,True,-7.600000000000007,-7.763333333333334,0.3220520363610309,0.5071644172130769,False,Normal transmission
2025-08-18,1.924,EST.B.EU000A2X2A25.WT,B,EU000A2X2A25,WT,A,F,,,,,P1D,,,,"ESA 2010 Sectors: S.121, S.122, S.123, S.124, S.125, S.126, S.127, S.128, S.129",,3,,,,,A,Euro short-term rate,"Euro short-term rate, Volume-weighted trimmed mean rate - Unsecured - Overnight - Borrowing - Financial corporations",,PC,0,2.0,True,-7.600000000000007,-7.753333333333333,0.31754709602212355,0.4828680068377746,False,Normal transmission
2025-08-19,1.925,EST.B.EU000A2X2A25.WT,B,EU000A2X2A25,WT,A,F,,,,,P1D,,,,"ESA 2010 Sectors: S.121, S.122, S.123, S.124, S.125, S.126, S.127, S.128, S.129",,3,,,,,A,Euro short-term rate,"Euro short-term rate, Volume-weighted trimmed mean rate - Unsecured - Overnight - Borrowing - Financial corporations",,PC,0,2.0,True,-7.499999999999996,-7.748333333333334,0.31915761297656287,0.7780899569253722,False,Normal transmission
2025-08-20,1.926,EST.B.EU000A2X2A25.WT,B,EU000A2X2A25,WT,A,F,,,,,P1D,,,,"ESA 2010 Sectors: S.121, S.122, S.123, S.124, S.125, S.126, S.127, S.128, S.129",,3,,,,,A,Euro short-term rate,"Euro short-term rate, Volume-weighted trimmed mean rate - Unsecured - Overnight - Borrowing - Financial corporations",,PC,0,2.0,True,-7.400000000000007,-7.733333333333334,0.3138965967421773,1.0619208261347128,False,Normal transmission
2025-08-21,1.926,EST.B.EU000A2X2A25.WT,B,EU000A2X2A25,WT,A,F,,,,,P1D,,,,"ESA 2010 Sectors: S.121, S.122, S.123, S.124, S.125, S.126, S.127, S.128, S.129",,3,,,,,A,Euro short-term rate,"Euro short-term rate, Volume-weighted trimmed mean rate - Unsecured - Overnight - Borrowing - Financial corporations",,PC,0,2.0,True,-7.400000000000007,-7.708333333333333,0.27696396795976275,1.1132615394148349,False,Normal transmission
2025-08-22,1.926,EST.B.EU000A2X2A25.WT,B,EU000A2X2A25,WT,A,F,,,,,P1D,,,,"ESA 2010 Sectors: S.121, S.122, S.123, S.124, S.125, S.126, S.127, S.128, S.129",,3,,,,,A,Euro short-term rate,"Euro short-term rate, Volume-weighted trimmed mean rate - Unsecured - Overnight - Borrowing - Financial corporations",,PC,0,2.0,True,-7.400000000000007,-7.6833333333333345,0.23155089982341664,1.2236330480658943,False,Normal transmission
2025-08-25,1.925,EST.B.EU000A2X2A25.WT,B,EU000A2X2A25,WT,A,F,,,,,P1D,,,,"ESA 2010 Sectors: S.121, S.122, S.123, S.124, S.125, S.126, S.127, S.128, S.129",,3,,,,,A,Euro short-term rate,"Euro short-term rate, Volume-weighted trimmed mean rate - Unsecured - Overnight - Borrowing - Financial corporations",,PC,0,2.0,True,-7.499999999999996,-7.678333333333334,0.23222699785138678,0.7679267913865131,False,Normal transmission
2025-08-26,1.926,EST.B.EU000A2X2A25.WT,B,EU000A2X2A25,WT,A,F,,,,,P1D,,,,"ESA 2010 Sectors: S.121, S.122, S.123, S.124, S.125, S.126, S.127, S.128, S.129",,3,,,,,A,Euro short-term rate,"Euro short-term rate, Volume-weighted trimmed mean rate - Unsecured - Overnight - Borrowing - Financial corporations",,PC,0,2.0,True,-7.400000000000007,-7.671666666666668,0.23440633029764898,1.15895618655733,False,Normal transmission
2025-08-27,1.925,EST.B.EU000A2X2A25.WT,B,EU000A2X2A25,WT,A,F,,,,,P1D,,,,"ESA 2010 Sectors: S.121, S.122, S.123, S.124, S.125, S.126, S.127, S.128, S.129",,3,,,,,A,Euro short-term rate,"Euro short-term rate, Volume-weighted trimmed mean rate - Unsecured - Overnight - Borrowing - Financial corporations",,PC,0,2.0,True,-7.499999999999996,-7.668333333333335,0.23541644792749092,0.715044912177022,False,Normal transmission
2025-08-28,1.925,EST.B.EU000A2X2A25.WT,B,EU000A2X2A25,WT,A,F,,,,,P1D,,,,"ESA 2010 Sectors: S.121, S.122, S.123, S.124, S.125, S.126, S.127, S.128, S.129",,3,,,,,A,Euro short-term rate,"Euro short-term rate, Volume-weighted trimmed mean rate - Unsecured - Overnight - Borrowing - Financial corporations",,PC,0,2.0,True,-7.499999999999996,-7.666666666666668,0.23626089189610472,0.7054348492850169,False,Normal transmission
2025-08-29,1.92,EST.B.EU000A2X2A25.WT,B,EU000A2X2A25,WT,A,F,,,,,P1D,,,,"ESA 2010 Sectors: S.121, S.122, S.123, S.124, S.125, S.126, S.127, S.128, S.129",,3,,,,,A,Euro short-term rate,"Euro short-term rate, Volume-weighted trimmed mean rate - Unsecured - Overnight - Borrowing - Financial corporations",,PC,0,2.0,True,-8.000000000000007,-7.671666666666668,0.24012120291717332,-1.3673650196005127,False,Normal transmission
2025-09-01,1.925,EST.B.EU000A2X2A25.WT,B,EU000A2X2A25,WT,A,F,,,,,P1D,,,,"ESA 2010 Sectors: S.121, S.122, S.123, S.124, S.125, S.126, S.127, S.128, S.129",,3,,,,,A,Euro short-term rate,"Euro short-term rate, Volume-weighted trimmed mean rate - Unsecured - Overnight - Borrowing - Financial corporations",,PC,0,2.0,True,-7.499999999999996,-7.663333333333335,0.2371916672348434,0.6886132857762792,False,Normal transmission
2025-09-02,1.922,EST.B.EU000A2X2A25.WT,B,EU000A2X2A25,WT,A,F,,,,,P1D,,,,"ESA 2010 Sectors: S.121, S.122, S.123, S.124, S.125, S.126, S.127, S.128, S.129",,3,,,,,A,Euro short-term rate,"Euro short-term rate, Volume-weighted trimmed mean rate - Unsecured - Overnight - Borrowing - Financial corporations",,PC,0,2.0,True,-7.800000000000007,-7.666666666666668,0.23769134427075353,-0.5609515724790527,False,Normal transmission
2025-09-03,1.923,EST.B.EU000A2X2A25.WT,B,EU000A2X2A25,WT,A,F,,,,,P1D,,,,"ESA 2010 Sectors: S.121, S.122, S.123, S.124, S.125, S.126, S.127, S.128, S.129",,3,,,,,A,Euro short-term rate,"Euro short-term rate, Volume-weighted trimmed mean rate - Unsecured - Overnight - Borrowing - Financial corporations",,PC,0,2.0,True,-7.699999999999996,-7.668333333333334,0.2375665235409643,-0.13329599724180613,False,Normal transmission
2025-09-04,1.925,EST.B.EU000A2X2A25.WT,B,EU000A2X2A25,WT,A,F,,,,,P1D,,,,"ESA 2010 Sectors: S.121, S.122, S.123, S.124, S.125, S.126, S.127, S.128, S.129",,3,,,,,A,Euro short-term rate,"Euro short-term rate, Volume-weighted trimmed mean rate - Unsecured - Overnight - Borrowing - Financial corporations",,PC,0,2.0,True,-7.499999999999996,-7.665000000000001,0.23851589152186398,0.6917778054418665,False,Normal transmission
2025-09-05,1.923,EST.B.EU000A2X2A25.WT,B,EU000A2X2A25,WT,A,F,,,,,P1D,,,,"ESA 2010 Sectors: S.121, S.122, S.123, S.124, S.125, S.126, S.127, S.128, S.129",,3,,,,,A,Euro short-term rate,"Euro short-term rate, Volume-weighted trimmed mean rate - Unsecured - Overnight - Borrowing - Financial corporations",,PC,0,2.0,True,-7.699999999999996,-7.668333333333334,0.2375665235409643,-0.13329599724180613,False,Normal transmission
2025-09-08,1.922,EST.B.EU000A2X2A25.WT,B,EU000A2X2A25,WT,A,F,,,,,P1D,,,,"ESA 2010 Sectors: S.121, S.122, S.123, S.124, S.125, S.126, S.127, S.128, S.129",,3,,,,,A,Euro short-term rate,"Euro short-term rate, Volume-weighted trimmed mean rate - Unsecured - Overnight - Borrowing - Financial corporations",,PC,0,2.0,True,-7.800000000000007,-7.671666666666667,0.2379942077821391,-0.5392288095129482,False,Normal transmission
2025-09-09,1.923,EST.B.EU000A2X2A25.WT,B,EU000A2X2A25,WT,A,F,,,,,P1D,,,,"ESA 2010 Sectors: S.121, S.122, S.123, S.124, S.125, S.126, S.127, S.128, S.129",,3,,,,,A,Euro short-term rate,"Euro short-term rate, Volume-weighted trimmed mean rate - Unsecured - Overnight - Borrowing - Financial corporations",,PC,0,2.0,True,-7.699999999999996,-7.673333333333334,0.2378339163185253,-0.11212306082933908,False,Normal transmission
2025-09-10,1.922,EST.B.EU000A2X2A25.WT,B,EU000A2X2A25,WT,A,F,,,,,P1D,,,,"ESA 2010 Sectors: S.121, S.122, S.123, S.124, S.125, S.126, S.127, S.128, S.129",,3,,,,,A,Euro short-term rate,"Euro short-term rate, Volume-weighted trimmed mean rate - Unsecured - Overnight - Borrowing - Financial corporations",,PC,0,2.0,True,-7.800000000000007,-7.673333333333334,0.2378339163185253,-0.532584538939482,False,Normal transmission
2025-09-11,1.925,EST.B.EU000A2X2A25.WT,B,EU000A2X2A25,WT,A,F,,,,,P1D,,,,"ESA 2010 Sectors: S.121, S.122, S.123, S.124, S.125, S.126, S.127, S.128, S.129",,3,,,,,A,Euro short-term rate,"Euro short-term rate, Volume-weighted trimmed mean rate - Unsecured - Overnight - Borrowing - Financial corporations",,PC,0,2.0,True,-7.499999999999996,-7.66,0.22413676212435224,0.7138498766714393,False,Normal transmission
2025-09-12,1.925,EST.B.EU000A2X2A25.WT,B,EU000A2X2A25,WT,A,F,,,,,P1D,,,,"ESA 2010 Sectors: S.121, S.122, S.123, S.124, S.125, S.126, S.127, S.128, S.129",,3,,,,,A,Euro short-term rate,"Euro short-term rate, Volume-weighted trimmed mean rate - Unsecured - Overnight - Borrowing - Financial corporations",,PC,0,2.0,True,-7.499999999999996,-7.656666666666667,0.22501726236352904,0.6962428794177005,False,Normal transmission
2025-09-15,1.926,EST.B.EU000A2X2A25.WT,B,EU000A2X2A25,WT,A,F,,,,,P1D,,,,"ESA 2010 Sectors: S.121, S.122, S.123, S.124, S.125, S.126, S.127, S.128, S.129",,3,,,,,A,Euro short-term rate,"Euro short-term rate, Volume-weighted trimmed mean rate - Unsecured - Overnight - Borrowing - Financial corporations",,PC,0,2.0,True,-7.400000000000007,-7.655,0.22656237215074257,1.1255178765092122,False,Normal transmission
2025-09-16,1.926,EST.B.EU000A2X2A25.WT,B,EU000A2X2A25,WT,A,F,,,,,P1D,,,,"ESA 2010 Sectors: S.121, S.122, S.123, S.124, S.125, S.126, S.127, S.128, S.129",,3,,,,,A,Euro short-term rate,"Euro short-term rate, Volume-weighted trimmed mean rate - Unsecured - Overnight - Borrowing - Financial corporations",,PC,0,2.0,True,-7.400000000000007,-7.655000000000001,0.22656237215074257,1.1255178765092162,False,Normal transmission
2025-09-17,1.927,EST.B.EU000A2X2A25.WT,B,EU000A2X2A25,WT,A,F,,,,,P1D,,,,"ESA 2010 Sectors: S.121, S.122, S.123, S.124, S.125, S.126, S.127, S.128, S.129",,3,,,,,A,Euro short-term rate,"Euro short-term rate, Volume-weighted trimmed mean rate - Unsecured - Overnight - Borrowing - Financial corporations",,PC,0,2.0,True,-7.299999999999995,-7.651666666666668,0.23032156346913213,1.5268508140090122,False,Normal transmission
2025-09-18,1.926,EST.B.EU000A2X2A25.WT,B,EU000A2X2A25,WT,A,F,,,,,P1D,,,,"ESA 2010 Sectors: S.121, S.122, S.123, S.124, S.125, S.126, S.127, S.128, S.129",,3,,,,,A,Euro short-term rate,"Euro short-term rate, Volume-weighted trimmed mean rate - Unsecured - Overnight - Borrowing - Financial corporations",,PC,0,2.0,True,-7.400000000000007,-7.656666666666667,0.22121901615218295,1.1602378092581886,False,Normal transmission
2025-09-19,1.925,EST.B.EU000A2X2A25.WT,B,EU000A2X2A25,WT,A,F,,,,,P1D,,,,"ESA 2010 Sectors: S.121, S.122, S.123, S.124, S.125, S.126, S.127, S.128, S.129",,3,,,,,A,Euro short-term rate,"Euro short-term rate, Volume-weighted trimmed mean rate - Unsecured - Overnight - Borrowing - Financial corporations",,PC,0,2.0,True,-7.499999999999996,-7.661666666666667,0.21399482542979775,0.7554699808370235,False,Normal transmission
2025-09-22,1.925,EST.B.EU000A2X2A25.WT,B,EU000A2X2A25,WT,A,F,,,,,P1D,,,,"ESA 2010 Sectors: S.121, S.122, S.123, S.124, S.125, S.126, S.127, S.128, S.129",,3,,,,,A,Euro short-term rate,"Euro short-term rate, Volume-weighted trimmed mean rate - Unsecured - Overnight - Borrowing - Financial corporations",,PC,0,2.0,True,-7.499999999999996,-7.655,0.21267066925017514,0.7288264082042759,False,Normal transmission
2025-09-23,1.927,EST.B.EU000A2X2A25.WT,B,EU000A2X2A25,WT,A,F,,,,,P1D,,,,"ESA 2010 Sectors: S.121, S.122, S.123, S.124, S.125, S.126, S.127, S.128, S.129",,3,,,,,A,Euro short-term rate,"Euro short-term rate, Volume-weighted trimmed mean rate - Unsecured - Overnight - Borrowing - Financial corporations",,PC,0,2.0,True,-7.299999999999995,-7.6450000000000005,0.21504827995559525,1.604290906540816,False,Normal transmission
2025-09-24,1.928,EST.B.EU000A2X2A25.WT,B,EU000A2X2A25,WT,A,F,,,,,P1D,,,,"ESA 2010 Sectors: S.121, S.122, S.123, S.124, S.125, S.126, S.127, S.128, S.129",,3,,,,,A,Euro short-term rate,"Euro short-term rate, Volume-weighted trimmed mean rate - Unsecured - Overnight - Borrowing - Financial corporations",,PC,0,2.0,True,-7.200000000000006,-7.636666666666668,0.2224415113882666,1.963062847134092,False,Normal transmission
2025-09-25,1.927,EST.B.EU000A2X2A25.WT,B,EU000A2X2A25,WT,A,F,,,,,P1D,,,,"ESA 2010 Sectors: S.121, S.122, S.123, S.124, S.125, S.126, S.127, S.128, S.129",,3,,,,,A,Euro short-term rate,"Euro short-term rate, Volume-weighted trimmed mean rate - Unsecured - Overnight - Borrowing - Financial corporations",,PC,0,2.0,True,-7.299999999999995,-7.628333333333334,0.22556269876343096,1.4556189260605223,False,Normal transmission
2025-09-26,1.926,EST.B.EU000A2X2A25.WT,B,EU000A2X2A25,WT,A,F,,,,,P1D,,,,"ESA 2010 Sectors: S.121, S.122, S.123, S.124, S.125, S.126, S.127, S.128, S.129",,3,,,,,A,Euro short-term rate,"Euro short-term rate, Volume-weighted trimmed mean rate - Unsecured - Overnight - Borrowing - Financial corporations",,PC,0,2.0,True,-7.400000000000007,-7.618333333333334,0.22207928548053307,0.983132365816559,False,Normal transmission
2025-09-29,1.926,EST.B.EU000A2X2A25.WT,B,EU000A2X2A25,WT,A,F,,,,,P1D,,,,"ESA 2010 Sectors: S.121, S.122, S.123, S.124, S.125, S.126, S.127, S.128, S.129",,3,,,,,A,Euro short-term rate,"Euro short-term rate, Volume-weighted trimmed mean rate - Unsecured - Overnight - Borrowing - Financial corporations",,PC,0,2.0,True,-7.400000000000007,-7.608333333333334,0.21807452206788724,0.9553309178798655,False,Normal transmission
2025-09-30,1.916,EST.B.EU000A2X2A25.WT,B,EU000A2X2A25,WT,A,F,,,,,P1D,,,,"ESA 2010 Sectors: S.121, S.122, S.123, S.124, S.125, S.126, S.127, S.128, S.129",,3,,,,,A,Euro short-term rate,"Euro short-term rate, Volume-weighted trimmed mean rate - Unsecured - Overnight - Borrowing - Financial corporations",,PC,0,2.0,True,-8.400000000000007,-7.613333333333333,0.232500531558828,-3.383504809182036,True,Unusually below policy rate
2025-10-01,1.927,EST.B.EU000A2X2A25.WT,B,EU000A2X2A25,WT,A,F,,,,,P1D,,,,"ESA 2010 Sectors: S.121, S.122, S.123, S.124, S.125, S.126, S.127, S.128, S.129",,3,,,,,A,Euro short-term rate,"Euro short-term rate, Volume-weighted trimmed mean rate - Unsecured - Overnight - Borrowing - Financial corporations",,PC,0,2.0,True,-7.299999999999995,-7.6000000000000005,0.2269921226140025,1.3216317665355801,False,Normal transmission
2025-10-02,1.923,EST.B.EU000A2X2A25.WT,B,EU000A2X2A25,WT,A,F,,,,,P1D,,,,"ESA 2010 Sectors: S.121, S.122, S.123, S.124, S.125, S.126, S.127, S.128, S.129",,3,,,,,A,Euro short-term rate,"Euro short-term rate, Volume-weighted trimmed mean rate - Unsecured - Overnight - Borrowing - Financial corporations",,PC,0,2.0,True,-7.699999999999996,-7.596666666666667,0.2239602466742533,-0.4613914070367398,False,Normal transmission
2025-10-03,1.921,EST.B.EU000A2X2A25.WT,B,EU000A2X2A25,WT,A,F,,,,,P1D,,,,"ESA 2010 Sectors: S.121, S.122, S.123, S.124, S.125, S.126, S.127, S.128, S.129",,3,,,,,A,Euro short-term rate,"Euro short-term rate, Volume-weighted trimmed mean rate - Unsecured - Overnight - Borrowing - Financial corporations",,PC,0,2.0,True,-7.899999999999996,-7.6000000000000005,0.2269921226140025,-1.321631766535537,False,Normal transmission
2025-10-06,1.925,EST.B.EU000A2X2A25.WT,B,EU000A2X2A25,WT,A,F,,,,,P1D,,,,"ESA 2010 Sectors: S.121, S.122, S.123, S.124, S.125, S.126, S.127, S.128, S.129",,3,,,,,A,Euro short-term rate,"Euro short-term rate, Volume-weighted trimmed mean rate - Unsecured - Overnight - Borrowing - Financial corporations",,PC,0,2.0,True,-7.499999999999996,-7.596666666666667,0.22696723176216918,0.42590582753357387,False,Normal transmission
2025-10-07,1.926,EST.B.EU000A2X2A25.WT,B,EU000A2X2A25,WT,A,F,,,,,P1D,,,,"ESA 2010 Sectors: S.121, S.122, S.123, S.124, S.125, S.126, S.127, S.128, S.129",,3,,,,,A,Euro short-term rate,"Euro short-term rate, Volume-weighted trimmed mean rate - Unsecured - Overnight - Borrowing - Financial corporations",,PC,0,2.0,True,-7.400000000000007,-7.590000000000001,0.22676800659166255,0.8378606967345446,False,Normal transmission
2025-10-08,1.924,EST.B.EU000A2X2A25.WT,B,EU000A2X2A25,WT,A,F,,,,,P1D,,,,"ESA 2010 Sectors: S.121, S.122, S.123, S.124, S.125, S.126, S.127, S.128, S.129",,3,,,,,A,Euro short-term rate,"Euro short-term rate, Volume-weighted trimmed mean rate - Unsecured - Overnight - Borrowing - Financial corporations",,PC,0,2.0,True,-7.600000000000007,-7.588333333333335,0.22631286778327658,-0.05155105311044162,False,Normal transmission
2025-10-09,1.927,EST.B.EU000A2X2A25.WT,B,EU000A2X2A25,WT,A,F,,,,,P1D,,,,"ESA 2010 Sectors: S.121, S.122, S.123, S.124, S.125, S.126, S.127, S.128, S.129",,3,,,,,A,Euro short-term rate,"Euro short-term rate, Volume-weighted trimmed mean rate - Unsecured - Overnight - Borrowing - Financial corporations",,PC,0,2.0,True,-7.299999999999995,-7.585,0.229091795679057,1.2440428045676128,False,Normal transmission
2025-10-10,1.926,EST.B.EU000A2X2A25.WT,B,EU000A2X2A25,WT,A,F,,,,,P1D,,,,"ESA 2010 Sectors: S.121, S.122, S.123, S.124, S.125, S.126, S.127, S.128, S.129",,3,,,,,A,Euro short-term rate,"Euro short-term rate, Volume-weighted trimmed mean rate - Unsecured - Overnight - Borrowing - Financial corporations",,PC,0,2.0,True,-7.400000000000007,-7.580000000000001,0.22981200865496818,0.7832488870076418,False,Normal transmission
2025-10-13,1.926,EST.B.EU000A2X2A25.WT,B,EU000A2X2A25,WT,A,F,,,,,P1D,,,,"ESA 2010 Sectors: S.121, S.122, S.123, S.124, S.125, S.126, S.127, S.128, S.129",,3,,,,,A,Euro short-term rate,"Euro short-term rate, Volume-weighted trimmed mean rate - Unsecured - Overnight - Borrowing - Financial corporations",,PC,0,2.0,True,-7.400000000000007,-7.576666666666667,0.23096457037467652,0.7649080825689734,False,Normal transmission
2025-10-14,1.927,EST.B.EU000A2X2A25.WT,B,EU000A2X2A25,WT,A,F,,,,,P1D,,,,"ESA 2010 Sectors: S.121, S.122, S.123, S.124, S.125, S.126, S.127, S.128, S.129",,3,,,,,A,Euro short-term rate,"Euro short-term rate, Volume-weighted trimmed mean rate - Unsecured - Overnight - Borrowing - Financial corporations",,PC,0,2.0,True,-7.299999999999995,-7.570000000000001,0.23310723508901438,1.1582652074136761,False,Normal transmission
2025-10-15,1.928,EST.B.EU000A2X2A25.WT,B,EU000A2X2A25,WT,A,F,,,,,P1D,,,,"ESA 2010 Sectors: S.121, S.122, S.123, S.124, S.125, S.126, S.127, S.128, S.129",,3,,,,,A,Euro short-term rate,"Euro short-term rate, Volume-weighted trimmed mean rate - Unsecured - Overnight - Borrowing - Financial corporations",,PC,0,2.0,True,-7.200000000000006,-7.563333333333334,0.23790517030214967,1.527219155732846,False,Normal transmission
2025-10-16,1.928,EST.B.EU000A2X2A25.WT,B,EU000A2X2A25,WT,A,F,,,,,P1D,,,,"ESA 2010 Sectors: S.121, S.122, S.123, S.124, S.125, S.126, S.127, S.128, S.129",,3,,,,,A,Euro short-term rate,"Euro short-term rate, Volume-weighted trimmed mean rate - Unsecured - Overnight - Borrowing - Financial corporations",,PC,0,2.0,True,-7.200000000000006,-7.556666666666668,0.24242186696319018,1.4712644165916724,False,Normal transmission
2025-10-17,1.928,EST.B.EU000A2X2A25.WT,B,EU000A2X2A25,WT,A,F,,,,,P1D,,,,"ESA 2010 Sectors: S.121, S.122, S.123, S.124, S.125, S.126, S.127, S.128, S.129",,3,,,,,A,Euro short-term rate,"Euro short-term rate, Volume-weighted trimmed mean rate - Unsecured - Overnight - Borrowing - Financial corporations",,PC,0,2.0,True,-7.200000000000006,-7.551666666666668,0.24666704840403675,1.4256734693262991,False,Normal transmission
2025-10-20,1.927,EST.B.EU000A2X2A25.WT,B,EU000A2X2A25,WT,A,F,,,,,P1D,,,,"ESA 2010 Sectors: S.121, S.122, S.123, S.124, S.125, S.126, S.127, S.128, S.129",,3,,,,,A,Euro short-term rate,"Euro short-term rate, Volume-weighted trimmed mean rate - Unsecured - Overnight - Borrowing - Financial corporations",,PC,0,2.0,True,-7.299999999999995,-7.545000000000002,0.24799193535274103,0.9879353522182929,False,Normal transmission
2025-10-21,1.928,EST.B.EU000A2X2A25.WT,B,EU000A2X2A25,WT,A,F,,,,,P1D,,,,"ESA 2010 Sectors: S.121, S.122, S.123, S.124, S.125, S.126, S.127, S.128, S.129",,3,,,,,A,Euro short-term rate,"Euro short-term rate, Volume-weighted trimmed mean rate - Unsecured - Overnight - Borrowing - Financial corporations",,PC,0,2.0,True,-7.200000000000006,-7.536666666666668,0.2510767771471451,1.340891302222491,False,Normal transmission
2025-10-22,1.927,EST.B.EU000A2X2A25.WT,B,EU000A2X2A25,WT,A,F,,,,,P1D,,,,"ESA 2010 Sectors: S.121, S.122, S.123, S.124, S.125, S.126, S.127, S.128, S.129",,3,,,,,A,Euro short-term rate,"Euro short-term rate, Volume-weighted trimmed mean rate - Unsecured - Overnight - Borrowing - Financial corporations",,PC,0,2.0,True,-7.299999999999995,-7.531666666666668,0.25277555306237026,0.9164915825918928,False,Normal transmission
2025-10-23,1.929,EST.B.EU000A2X2A25.WT,B,EU000A2X2A25,WT,A,F,,,,,P1D,,,,"ESA 2010 Sectors: S.121, S.122, S.123, S.124, S.125, S.126, S.127, S.128, S.129",,3,,,,,A,Euro short-term rate,"Euro short-term rate, Volume-weighted trimmed mean rate - Unsecured - Overnight - Borrowing - Financial corporations",,PC,0,2.0,True,-7.099999999999995,-7.515000000000001,0.2475815222699195,1.6762155600108237,False,Normal transmission
2025-10-24,1.928,EST.B.EU000A2X2A25.WT,B,EU000A2X2A25,WT,A,F,,,,,P1D,,,,"ESA 2010 Sectors: S.121, S.122, S.123, S.124, S.125, S.126, S.127, S.128, S.129",,3,,,,,A,Euro short-term rate,"Euro short-term rate, Volume-weighted trimmed mean rate - Unsecured - Overnight - Borrowing - Financial corporations",,PC,0,2.0,True,-7.200000000000006,-7.513333333333335,0.2493834204502763,1.2564320946740863,False,Normal transmission
2025-10-27,1.929,EST.B.EU000A2X2A25.WT,B,EU000A2X2A25,WT,A,F,,,,,P1D,,,,"ESA 2010 Sectors: S.121, S.122, S.123, S.124, S.125, S.126, S.127, S.128, S.129",,3,,,,,A,Euro short-term rate,"Euro short-term rate, Volume-weighted trimmed mean rate - Unsecured - Overnight - Borrowing - Financial corporations",,PC,0,2.0,True,-7.099999999999995,-7.506666666666669,0.2550285239391825,1.594592872927628,False,Normal transmission
2025-10-28,1.93,EST.B.EU000A2X2A25.WT,B,EU000A2X2A25,WT,A,F,,,,,P1D,,,,"ESA 2010 Sectors: S.121, S.122, S.123, S.124, S.125, S.126, S.127, S.128, S.129",,3,,,,,A,Euro short-term rate,"Euro short-term rate, Volume-weighted trimmed mean rate - Unsecured - Overnight - Borrowing - Financial corporations",,PC,0,2.0,True,-7.000000000000006,-7.496666666666668,0.2629472246247384,1.8888454418010034,False,Normal transmission
2025-10-29,1.931,EST.B.EU000A2X2A25.WT,B,EU000A2X2A25,WT,A,F,,,,,P1D,,,,"ESA 2010 Sectors: S.121, S.122, S.123, S.124, S.125, S.126, S.127, S.128, S.129",,3,,,,,A,Euro short-term rate,"Euro short-term rate, Volume-weighted trimmed mean rate - Unsecured - Overnight - Borrowing - Financial corporations",,PC,0,2.0,True,-6.899999999999995,-7.481666666666668,0.27090036111034904,2.1471609129001346,True,Unusually above policy rate
2025-10-30,1.931,EST.B.EU000A2X2A25.WT,B,EU000A2X2A25,WT,A,F,,,,,P1D,,,,"ESA 2010 Sectors: S.121, S.122, S.123, S.124, S.125, S.126, S.127, S.128, S.129",,3,,,,,A,Euro short-term rate,"Euro short-term rate, Volume-weighted trimmed mean rate - Unsecured - Overnight - Borrowing - Financial corporations",,PC,0,2.0,True,-6.899999999999995,-7.468333333333335,0.27952239330969975,2.033230062908229,True,Unusually above policy rate
2025-10-31,1.921,EST.B.EU000A2X2A25.WT,B,EU000A2X2A25,WT,A,F,,,,,P1D,,,,"ESA 2010 Sectors: S.121, S.122, S.123, S.124, S.125, S.126, S.127, S.128, S.129",,3,,,,,A,Euro short-term rate,"Euro short-term rate, Volume-weighted trimmed mean rate - Unsecured - Overnight - Borrowing - Financial corporations",,PC,0,2.0,True,-7.899999999999996,-7.470000000000001,0.28182215813090294,-1.5257849235554628,False,Normal transmission
2025-11-03,1.932,EST.B.EU000A2X2A25.WT,B,EU000A2X2A25,WT,A,F,,,,,P1D,,,,"ESA 2010 Sectors: S.121, S.122, S.123, S.124, S.125, S.126, S.127, S.128, S.129",,3,,,,,A,Euro short-term rate,"Euro short-term rate, Volume-weighted trimmed mean rate - Unsecured - Overnight - Borrowing - Financial corporations",,PC,0,2.0,True,-6.800000000000006,-7.446666666666668,0.2782918031197049,2.3237000135016688,True,Unusually above policy rate
2025-11-04,1.931,EST.B.EU000A2X2A25.WT,B,EU000A2X2A25,WT,A,F,,,,,P1D,,,,"ESA 2010 Sectors: S.121, S.122, S.123, S.124, S.125, S.126, S.127, S.128, S.129",,3,,,,,A,Euro short-term rate,"Euro short-term rate, Volume-weighted trimmed mean rate - Unsecured - Overnight - Borrowing - Financial corporations",,PC,0,2.0,True,-6.899999999999995,-7.4316666666666675,0.2831371870077611,1.8777705333778674,False,Normal transmission
2025-11-05,1.929,EST.B.EU000A2X2A25.WT,B,EU000A2X2A25,WT,A,F,,,,,P1D,,,,"ESA 2010 Sectors: S.121, S.122, S.123, S.124, S.125, S.126, S.127, S.128, S.129",,3,,,,,A,Euro short-term rate,"Euro short-term rate, Volume-weighted trimmed mean rate - Unsecured - Overnight - Borrowing - Financial corporations",,PC,0,2.0,True,-7.099999999999995,-7.421666666666668,0.28409336413936914,1.1322568819624765,False,Normal transmission
2025-11-06,1.93,EST.B.EU000A2X2A25.WT,B,EU000A2X2A25,WT,A,F,,,,,P1D,,,,"ESA 2010 Sectors: S.121, S.122, S.123, S.124, S.125, S.126, S.127, S.128, S.129",,3,,,,,A,Euro short-term rate,"Euro short-term rate, Volume-weighted trimmed mean rate - Unsecured - Overnight - Borrowing - Financial corporations",,PC,0,2.0,True,-7.000000000000006,-7.415000000000001,0.2892567916668949,1.434711342846893,False,Normal transmission
2025-11-07,1.932,EST.B.EU000A2X2A25.WT,B,EU000A2X2A25,WT,A,F,,,,,P1D,,,,"ESA 2010 Sectors: S.121, S.122, S.123, S.124, S.125, S.126, S.127, S.128, S.129",,3,,,,,A,Euro short-term rate,"Euro short-term rate, Volume-weighted trimmed mean rate - Unsecured - Overnight - Borrowing - Financial corporations",,PC,0,2.0,True,-6.800000000000006,-7.401666666666667,0.298863194521423,2.01318421838502,True,Unusually above policy rate
2025-11-10,1.931,EST.B.EU000A2X2A25.WT,B,EU000A2X2A25,WT,A,F,,,,,P1D,,,,"ESA 2010 Sectors: S.121, S.122, S.123, S.124, S.125, S.126, S.127, S.128, S.129",,3,,,,,A,Euro short-term rate,"Euro short-term rate, Volume-weighted trimmed mean rate - Unsecured - Overnight - Borrowing - Financial corporations",,PC,0,2.0,True,-6.899999999999995,-7.390000000000001,0.30459753941381634,1.6086800994616948,False,Normal transmission
2025-11-11,1.93,EST.B.EU000A2X2A25.WT,B,EU000A2X2A25,WT,A,F,,,,,P1D,,,,"ESA 2010 Sectors: S.121, S.122, S.123, S.124, S.125, S.126, S.127, S.128, S.129",,3,,,,,A,Euro short-term rate,"Euro short-term rate, Volume-weighted trimmed mean rate - Unsecured - Overnight - Borrowing - Financial corporations",,PC,0,2.0,True,-7.000000000000006,-7.381666666666667,0.3083535647660932,1.2377566218706773,False,Normal transmission
2025-11-12,1.93,EST.B.EU000A2X2A25.WT,B,EU000A2X2A25,WT,A,F,,,,,P1D,,,,"ESA 2010 Sectors: S.121, S.122, S.123, S.124, S.125, S.126, S.127, S.128, S.129",,3,,,,,A,Euro short-term rate,"Euro short-term rate, Volume-weighted trimmed mean rate - Unsecured - Overnight - Borrowing - Financial corporations",,PC,0,2.0,True,-7.000000000000006,-7.375000000000001,0.3122498999199239,1.200961153538121,False,Normal transmission
2025-11-13,1.93,EST.B.EU000A2X2A25.WT,B,EU000A2X2A25,WT,A,F,,,,,P1D,,,,"ESA 2010 Sectors: S.121, S.122, S.123, S.124, S.125, S.126, S.127, S.128, S.129",,3,,,,,A,Euro short-term rate,"Euro short-term rate, Volume-weighted trimmed mean rate - Unsecured - Overnight - Borrowing - Financial corporations",,PC,0,2.0,True,-7.000000000000006,-7.368333333333335,0.31595519241788356,1.1657771170481972,False,Normal transmission
2025-11-14,1.931,EST.B.EU000A2X2A25.WT,B,EU000A2X2A25,WT,A,F,,,,,P1D,,,,"ESA 2010 Sectors: S.121, S.122, S.123, S.124, S.125, S.126, S.127, S.128, S.129",,3,,,,,A,Euro short-term rate,"Euro short-term rate, Volume-weighted trimmed mean rate - Unsecured - Overnight - Borrowing - Financial corporations",,PC,0,2.0,True,-6.899999999999995,-7.36,0.32164829724195176,1.43013348413277,False,Normal transmission
2025-11-17,1.929,EST.B.EU000A2X2A25.WT,B,EU000A2X2A25,WT,A,F,,,,,P1D,,,,"ESA 2010 Sectors: S.121, S.122, S.123, S.124, S.125, S.126, S.127, S.128, S.129",,3,,,,,A,Euro short-term rate,"Euro short-term rate, Volume-weighted trimmed mean rate - Unsecured - Overnight - Borrowing - Financial corporations",,PC,0,2.0,True,-7.099999999999995,-7.3533333333333335,0.32284050040316825,0.7847012162878315,False,Normal transmission
2025-11-18,1.93,EST.B.EU000A2X2A25.WT,B,EU000A2X2A25,WT,A,F,,,,,P1D,,,,"ESA 2010 Sectors: S.121, S.122, S.123, S.124, S.125, S.126, S.127, S.128, S.129",,3,,,,,A,Euro short-term rate,"Euro short-term rate, Volume-weighted trimmed mean rate - Unsecured - Overnight - Borrowing - Financial corporations",,PC,0,2.0,True,-7.000000000000006,-7.346666666666668,0.3259752858816952,1.0634753052796633,False,Normal transmission
2025-11-19,1.929,EST.B.EU000A2X2A25.WT,B,EU000A2X2A25,WT,A,F,,,,,P1D,,,,"ESA 2010 Sectors: S.121, S.122, S.123, S.124, S.125, S.126, S.127, S.128, S.129",,3,,,,,A,Euro short-term rate,"Euro short-term rate, Volume-weighted trimmed mean rate - Unsecured - Overnight - Borrowing - Financial corporations",,PC,0,2.0,True,-7.099999999999995,-7.340000000000001,0.3268752936933627,0.734224961722394,False,Normal transmission
2025-11-20,1.929,EST.B.EU000A2X2A25.WT,B,EU000A2X2A25,WT,A,F,,,,,P1D,,,,"ESA 2010 Sectors: S.121, S.122, S.123, S.124, S.125, S.126, S.127, S.128, S.129",,3,,,,,A,Euro short-term rate,"Euro short-term rate, Volume-weighted trimmed mean rate - Unsecured - Overnight - Borrowing - Financial corporations",,PC,0,2.0,True,-7.099999999999995,-7.333333333333334,0.32763490773781306,0.7121748257669224,False,Normal transmission
2025-11-21,1.926,EST.B.EU000A2X2A25.WT,B,EU000A2X2A25,WT,A,F,,,,,P1D,,,,"ESA 2010 Sectors: S.121, S.122, S.123, S.124, S.125, S.126, S.127, S.128, S.129",,3,,,,,A,Euro short-term rate,"Euro short-term rate, Volume-weighted trimmed mean rate - Unsecured - Overnight - Borrowing - Financial corporations",,PC,0,2.0,True,-7.400000000000007,-7.323333333333334,0.31588813009429,-0.2427019547831318,False,Normal transmission
2025-11-24,1.924,EST.B.EU000A2X2A25.WT,B,EU000A2X2A25,WT,A,F,,,,,P1D,,,,"ESA 2010 Sectors: S.121, S.122, S.123, S.124, S.125, S.126, S.127, S.128, S.129",,3,,,,,A,Euro short-term rate,"Euro short-term rate, Volume-weighted trimmed mean rate - Unsecured - Overnight - Borrowing - Financial corporations",,PC,0,2.0,True,-7.600000000000007,-7.325000000000001,0.31709753618978337,-0.8672410492505932,False,Normal transmission
2025-11-25,1.926,EST.B.EU000A2X2A25.WT,B,EU000A2X2A25,WT,A,F,,,,,P1D,,,,"ESA 2010 Sectors: S.121, S.122, S.123, S.124, S.125, S.126, S.127, S.128, S.129",,3,,,,,A,Euro short-term rate,"Euro short-term rate, Volume-weighted trimmed mean rate - Unsecured - Overnight - Borrowing - Financial corporations",,PC,0,2.0,True,-7.400000000000007,-7.318333333333333,0.31108975579114795,-0.2625180197881561,False,Normal transmission
2025-11-26,1.928,EST.B.EU000A2X2A25.WT,B,EU000A2X2A25,WT,A,F,,,,,P1D,,,,"ESA 2010 Sectors: S.121, S.122, S.123, S.124, S.125, S.126, S.127, S.128, S.129",,3,,,,,A,Euro short-term rate,"Euro short-term rate, Volume-weighted trimmed mean rate - Unsecured - Overnight - Borrowing - Financial corporations",,PC,0,2.0,True,-7.200000000000006,-7.310000000000001,0.30736716849915946,0.3578781707139154,False,Normal transmission
2025-11-27,1.927,EST.B.EU000A2X2A25.WT,B,EU000A2X2A25,WT,A,F,,,,,P1D,,,,"ESA 2010 Sectors: S.121, S.122, S.123, S.124, S.125, S.126, S.127, S.128, S.129",,3,,,,,A,Euro short-term rate,"Euro short-term rate, Volume-weighted trimmed mean rate - Unsecured - Overnight - Borrowing - Financial corporations",,PC,0,2.0,True,-7.299999999999995,-7.3066666666666675,0.3063545451672574,0.021761278792297382,False,Normal transmission
2025-11-28,1.925,EST.B.EU000A2X2A25.WT,B,EU000A2X2A25,WT,A,F,,,,,P1D,,,,"ESA 2010 Sectors: S.121, S.122, S.123, S.124, S.125, S.126, S.127, S.128, S.129",,3,,,,,A,Euro short-term rate,"Euro short-term rate, Volume-weighted trimmed mean rate - Unsecured - Overnight - Borrowing - Financial corporations",,PC,0,2.0,True,-7.499999999999996,-7.303333333333334,0.3030727756573283,-0.648909049122329,False,Normal transmission
2025-12-01,1.93,EST.B.EU000A2X2A25.WT,B,EU000A2X2A25,WT,A,F,,,,,P1D,,,,"ESA 2010 Sectors: S.121, S.122, S.123, S.124, S.125, S.126, S.127, S.128, S.129",,3,,,,,A,Euro short-term rate,"Euro short-term rate, Volume-weighted trimmed mean rate - Unsecured - Overnight - Borrowing - Financial corporations",,PC,0,2.0,True,-7.000000000000006,-7.290000000000001,0.2984138861675707,0.9718046426202457,False,Normal transmission
2025-12-02,1.929,EST.B.EU000A2X2A25.WT,B,EU000A2X2A25,WT,A,F,,,,,P1D,,,,"ESA 2010 Sectors: S.121, S.122, S.123, S.124, S.125, S.126, S.127, S.128, S.129",,3,,,,,A,Euro short-term rate,"Euro short-term rate, Volume-weighted trimmed mean rate - Unsecured - Overnight - Borrowing - Financial corporations",,PC,0,2.0,True,-7.099999999999995,-7.280000000000001,0.2944687834164851,0.6112702267167688,False,Normal transmission
2025-12-03,1.926,EST.B.EU000A2X2A25.WT,B,EU000A2X2A25,WT,A,F,,,,,P1D,,,,"ESA 2010 Sectors: S.121, S.122, S.123, S.124, S.125, S.126, S.127, S.128, S.129",,3,,,,,A,Euro short-term rate,"Euro short-term rate, Volume-weighted trimmed mean rate - Unsecured - Overnight - Borrowing - Financial corporations",,PC,0,2.0,True,-7.400000000000007,-7.273333333333334,0.28692801120808065,-0.4414580024214275,False,Normal transmission
2025-12-04,1.929,EST.B.EU000A2X2A25.WT,B,EU000A2X2A25,WT,A,F,,,,,P1D,,,,"ESA 2010 Sectors: S.121, S.122, S.123, S.124, S.125, S.126, S.127, S.128, S.129",,3,,,,,A,Euro short-term rate,"Euro short-term rate, Volume-weighted trimmed mean rate - Unsecured - Overnight - Borrowing - Financial corporations",,PC,0,2.0,True,-7.099999999999995,-7.2666666666666675,0.2862182802596783,0.5823061563903605,False,Normal transmission
2025-12-05,1.929,EST.B.EU000A2X2A25.WT,B,EU000A2X2A25,WT,A,F,,,,,P1D,,,,"ESA 2010 Sectors: S.121, S.122, S.123, S.124, S.125, S.126, S.127, S.128, S.129",,3,,,,,A,Euro short-term rate,"Euro short-term rate, Volume-weighted trimmed mean rate - Unsecured - Overnight - Borrowing - Financial corporations",,PC,0,2.0,True,-7.099999999999995,-7.260000000000001,0.2853484340478586,0.5607179886369038,False,Normal transmission
2025-12-08,1.93,EST.B.EU000A2X2A25.WT,B,EU000A2X2A25,WT,A,F,,,,,P1D,,,,"ESA 2010 Sectors: S.121, S.122, S.123, S.124, S.125, S.126, S.127, S.128, S.129",,3,,,,,A,Euro short-term rate,"Euro short-term rate, Volume-weighted trimmed mean rate - Unsecured - Overnight - Borrowing - Financial corporations",,PC,0,2.0,True,-7.000000000000006,-7.253333333333335,0.28669162944788984,0.8836439829833795,False,Normal transmission
2025-12-09,1.929,EST.B.EU000A2X2A25.WT,B,EU000A2X2A25,WT,A,F,,,,,P1D,,,,"ESA 2010 Sectors: S.121, S.122, S.123, S.124, S.125, S.126, S.127, S.128, S.129",,3,,,,,A,Euro short-term rate,"Euro short-term rate, Volume-weighted trimmed mean rate - Unsecured - Overnight - Borrowing - Financial corporations",,PC,0,2.0,True,-7.099999999999995,-7.248333333333334,0.2867064090175829,0.5173701342834017,False,Normal transmission
2025-12-10,1.929,EST.B.EU000A2X2A25.WT,B,EU000A2X2A25,WT,A,F,,,,,P1D,,,,"ESA 2010 Sectors: S.121, S.122, S.123, S.124, S.125, S.126, S.127, S.128, S.129",,3,,,,,A,Euro short-term rate,"Euro short-term rate, Volume-weighted trimmed mean rate - Unsecured - Overnight - Borrowing - Financial corporations",,PC,0,2.0,True,-7.099999999999995,-7.245000000000001,0.2872576354991258,0.50477335353701,False,Normal transmission
2025-12-11,1.93,EST.B.EU000A2X2A25.WT,B,EU000A2X2A25,WT,A,F,,,,,P1D,,,,"ESA 2010 Sectors: S.121, S.122, S.123, S.124, S.125, S.126, S.127, S.128, S.129",,3,,,,,A,Euro short-term rate,"Euro short-term rate, Volume-weighted trimmed mean rate - Unsecured - Overnight - Borrowing - Financial corporations",,PC,0,2.0,True,-7.000000000000006,-7.238333333333334,0.2882393465576155,0.8268591230853628,False,Normal transmission
2025-12-12,1.932,EST.B.EU000A2X2A25.WT,B,EU000A2X2A25,WT,A,F,,,,,P1D,,,,"ESA 2010 Sectors: S.121, S.122, S.123, S.124, S.125, S.126, S.127, S.128, S.129",,3,,,,,A,Euro short-term rate,"Euro short-term rate, Volume-weighted trimmed mean rate - Unsecured - Overnight - Borrowing - Financial corporations",,PC,0,2.0,True,-6.800000000000006,-7.226666666666668,0.29161541115415274,1.463114260587275,False,Normal transmission
2025-12-15,1.93,EST.B.EU000A2X2A25.WT,B,EU000A2X2A25,WT,A,F,,,,,P1D,,,,"ESA 2010 Sectors: S.121, S.122, S.123, S.124, S.125, S.126, S.127, S.128, S.129",,3,,,,,A,Euro short-term rate,"Euro short-term rate, Volume-weighted trimmed mean rate - Unsecured - Overnight - Borrowing - Financial corporations",,PC,0,2.0,True,-7.000000000000006,-7.218333333333335,0.2908151411596215,0.7507632940387049,False,Normal transmission
2025-12-16,1.932,EST.B.EU000A2X2A25.WT,B,EU000A2X2A25,WT,A,F,,,,,P1D,,,,"ESA 2010 Sectors: S.121, S.122, S.123, S.124, S.125, S.126, S.127, S.128, S.129",,3,,,,,A,Euro short-term rate,"Euro short-term rate, Volume-weighted trimmed mean rate - Unsecured - Overnight - Borrowing - Financial corporations",,PC,0,2.0,True,-6.800000000000006,-7.210000000000002,0.29556036981198447,1.3871954493114553,False,Normal transmission
2025-12-17,1.932,EST.B.EU000A2X2A25.WT,B,EU000A2X2A25,WT,A,F,,,,,P1D,,,,"ESA 2010 Sectors: S.121, S.122, S.123, S.124, S.125, S.126, S.127, S.128, S.129",,3,,,,,A,Euro short-term rate,"Euro short-term rate, Volume-weighted trimmed mean rate - Unsecured - Overnight - Borrowing - Financial corporations",,PC,0,2.0,True,-6.800000000000006,-7.203333333333335,0.30026353773044573,1.34326444157003,False,Normal transmission
2025-12-18,1.931,EST.B.EU000A2X2A25.WT,B,EU000A2X2A25,WT,A,F,,,,,P1D,,,,"ESA 2010 Sectors: S.121, S.122, S.123, S.124, S.125, S.126, S.127, S.128, S.129",,3,,,,,A,Euro short-term rate,"Euro short-term rate, Volume-weighted trimmed mean rate - Unsecured - Overnight - Borrowing - Financial corporations",,PC,0,2.0,True,-6.899999999999995,-7.196666666666668,0.30251301508165385,0.9806740598800262,False,Normal transmission
2025-12-19,1.933,EST.B.EU000A2X2A25.WT,B,EU000A2X2A25,WT,A,F,,,,,P1D,,,,"ESA 2010 Sectors: S.121, S.122, S.123, S.124, S.125, S.126, S.127, S.128, S.129",,3,,,,,A,Euro short-term rate,"Euro short-term rate, Volume-weighted trimmed mean rate - Unsecured - Overnight - Borrowing - Financial corporations",,PC,0,2.0,True,-6.699999999999995,-7.185000000000001,0.307986902649119,1.574742288806202,False,Normal transmission
2025-12-22,1.932,EST.B.EU000A2X2A25.WT,B,EU000A2X2A25,WT,A,F,,,,,P1D,,,,"ESA 2010 Sectors: S.121, S.122, S.123, S.124, S.125, S.126, S.127, S.128, S.129",,3,,,,,A,Euro short-term rate,"Euro short-term rate, Volume-weighted trimmed mean rate - Unsecured - Overnight - Borrowing - Financial corporations",,PC,0,2.0,True,-6.800000000000006,-7.175000000000001,0.3106172095159344,1.2072737392251844,False,Normal transmission
2025-12-23,1.925,EST.B.EU000A2X2A25.WT,B,EU000A2X2A25,WT,A,F,,,,,P1D,,,,"ESA 2010 Sectors: S.121, S.122, S.123, S.124, S.125, S.126, S.127, S.128, S.129",,3,,,,,A,Euro short-term rate,"Euro short-term rate, Volume-weighted trimmed mean rate - Unsecured - Overnight - Borrowing - Financial corporations",,PC,0,2.0,True,-7.499999999999996,-7.160000000000001,0.2694627423068611,-1.2617699838176752,False,Normal transmission
2025-12-24,1.926,EST.B.EU000A2X2A25.WT,B,EU000A2X2A25,WT,A,F,,,,,P1D,,,,"ESA 2010 Sectors: S.121, S.122, S.123, S.124, S.125, S.126, S.127, S.128, S.129",,3,,,,,A,Euro short-term rate,"Euro short-term rate, Volume-weighted trimmed mean rate - Unsecured - Overnight - Borrowing - Financial corporations",,PC,0,2.0,True,-7.400000000000007,-7.161666666666667,0.27064998139550456,-0.8805961563509577,False,Normal transmission
2025-12-29,1.934,EST.B.EU000A2X2A25.WT,B,EU000A2X2A25,WT,A,F,,,,,P1D,,,,"ESA 2010 Sectors: S.121, S.122, S.123, S.124, S.125, S.126, S.127, S.128, S.129",,3,,,,,A,Euro short-term rate,"Euro short-term rate, Volume-weighted trimmed mean rate - Unsecured - Overnight - Borrowing - Financial corporations",,PC,0,2.0,True,-6.600000000000006,-7.143333333333334,0.2708221423155252,2.006236745222665,True,Unusually above policy rate
2025-12-30,1.93,EST.B.EU000A2X2A25.WT,B,EU000A2X2A25,WT,A,F,,,,,P1D,,,,"ESA 2010 Sectors: S.121, S.122, S.123, S.124, S.125, S.126, S.127, S.128, S.129",,3,,,,,A,Euro short-term rate,"Euro short-term rate, Volume-weighted trimmed mean rate - Unsecured - Overnight - Borrowing - Financial corporations",,PC,0,2.0,True,-7.000000000000006,-7.128333333333334,0.2525072018886972,0.5082363289974429,False,Normal transmission
2025-12-31,1.921,EST.B.EU000A2X2A25.WT,B,EU000A2X2A25,WT,A,F,,,,,P1D,,,,"ESA 2010 Sectors: S.121, S.122, S.123, S.124, S.125, S.126, S.127, S.128, S.129",,3,,,,,A,Euro short-term rate,"Euro short-term rate, Volume-weighted trimmed mean rate - Unsecured - Overnight - Borrowing - Financial corporations",,PC,0,2.0,True,-7.899999999999996,-7.135000000000002,0.2673314453911559,-2.861616219074626,True,Unusually below policy rate
2026-01-02,1.936,EST.B.EU000A2X2A25.WT,B,EU000A2X2A25,WT,A,F,,,,,P1D,,,,"ESA 2010 Sectors: S.121, S.122, S.123, S.124, S.125, S.126, S.127, S.128, S.129",,3,,,,,A,Euro short-term rate,"Euro short-term rate, Volume-weighted trimmed mean rate - Unsecured - Overnight - Borrowing - Financial corporations",,PC,0,2.0,True,-6.400000000000006,-7.118333333333335,0.2813355958888494,2.553297001269366,True,Unusually above policy rate
2026-01-05,1.933,EST.B.EU000A2X2A25.WT,B,EU000A2X2A25,WT,A,F,,,,,P1D,,,,"ESA 2010 Sectors: S.121, S.122, S.123, S.124, S.125, S.126, S.127, S.128, S.129",,3,,,,,A,Euro short-term rate,"Euro short-term rate, Volume-weighted trimmed mean rate - Unsecured - Overnight - Borrowing - Financial corporations",,PC,0,2.0,True,-6.699999999999995,-7.103333333333334,0.27920387221508436,1.4445835945378014,False,Normal transmission
2026-01-06,1.933,EST.B.EU000A2X2A25.WT,B,EU000A2X2A25,WT,A,F,,,,,P1D,,,,"ESA 2010 Sectors: S.121, S.122, S.123, S.124, S.125, S.126, S.127, S.128, S.129",,3,,,,,A,Euro short-term rate,"Euro short-term rate, Volume-weighted trimmed mean rate - Unsecured - Overnight - Borrowing - Financial corporations",,PC,0,2.0,True,-6.699999999999995,-7.093333333333335,0.28276280211494864,1.3910363399689398,False,Normal transmission
2026-01-07,1.933,EST.B.EU000A2X2A25.WT,B,EU000A2X2A25,WT,A,F,,,,,P1D,,,,"ESA 2010 Sectors: S.121, S.122, S.123, S.124, S.125, S.126, S.127, S.128, S.129",,3,,,,,A,Euro short-term rate,"Euro short-term rate, Volume-weighted trimmed mean rate - Unsecured - Overnight - Borrowing - Financial corporations",,PC,0,2.0,True,-6.699999999999995,-7.081666666666667,0.2843319059978542,1.3423279576283378,False,Normal transmission
2026-01-08,1.933,EST.B.EU000A2X2A25.WT,B,EU000A2X2A25,WT,A,F,,,,,P1D,,,,"ESA 2010 Sectors: S.121, S.122, S.123, S.124, S.125, S.126, S.127, S.128, S.129",,3,,,,,A,Euro short-term rate,"Euro short-term rate, Volume-weighted trimmed mean rate - Unsecured - Overnight - Borrowing - Financial corporations",,PC,0,2.0,True,-6.699999999999995,-7.070000000000001,0.28540782595902214,1.2963905203255697,False,Normal transmission
2026-01-09,1.932,EST.B.EU000A2X2A25.WT,B,EU000A2X2A25,WT,A,F,,,,,P1D,,,,"ESA 2010 Sectors: S.121, S.122, S.123, S.124, S.125, S.126, S.127, S.128, S.129",,3,,,,,A,Euro short-term rate,"Euro short-term rate, Volume-weighted trimmed mean rate - Unsecured - Overnight - Borrowing - Financial corporations",,PC,0,2.0,True,-6.800000000000006,-7.061666666666667,0.2858775764214057,0.9153102175490128,False,Normal transmission
2026-01-12,1.931,EST.B.EU000A2X2A25.WT,B,EU000A2X2A25,WT,A,F,,,,,P1D,,,,"ESA 2010 Sectors: S.121, S.122, S.123, S.124, S.125, S.126, S.127, S.128, S.129",,3,,,,,A,Euro short-term rate,"Euro short-term rate, Volume-weighted trimmed mean rate - Unsecured - Overnight - Borrowing - Financial corporations",,PC,0,2.0,True,-6.899999999999995,-7.056666666666668,0.28604057236615904,0.5477078491722678,False,Normal transmission
2026-01-13,1.93,EST.B.EU000A2X2A25.WT,B,EU000A2X2A25,WT,A,F,,,,,P1D,,,,"ESA 2010 Sectors: S.121, S.122, S.123, S.124, S.125, S.126, S.127, S.128, S.129",,3,,,,,A,Euro short-term rate,"Euro short-term rate, Volume-weighted trimmed mean rate - Unsecured - Overnight - Borrowing - Financial corporations",,PC,0,2.0,True,-7.000000000000006,-7.053333333333334,0.285506785022348,0.18680233231288287,False,Normal transmission
2026-01-14,1.931,EST.B.EU000A2X2A25.WT,B,EU000A2X2A25,WT,A,F,,,,,P1D,,,,"ESA 2010 Sectors: S.121, S.122, S.123, S.124, S.125, S.126, S.127, S.128, S.129",,3,,,,,A,Euro short-term rate,"Euro short-term rate, Volume-weighted trimmed mean rate - Unsecured - Overnight - Borrowing - Financial corporations",,PC,0,2.0,True,-6.899999999999995,-7.048333333333334,0.28552162592362174,0.5195169817820334,False,Normal transmission
2026-01-15,1.93,EST.B.EU000A2X2A25.WT,B,EU000A2X2A25,WT,A,F,,,,,P1D,,,,"ESA 2010 Sectors: S.121, S.122, S.123, S.124, S.125, S.126, S.127, S.128, S.129",,3,,,,,A,Euro short-term rate,"Euro short-term rate, Volume-weighted trimmed mean rate - Unsecured - Overnight - Borrowing - Financial corporations",,PC,0,2.0,True,-7.000000000000006,-7.043333333333334,0.28366049572714647,0.1527647803838363,False,Normal transmission
2026-01-16,1.93,EST.B.EU000A2X2A25.WT,B,EU000A2X2A25,WT,A,F,,,,,P1D,,,,"ESA 2010 Sectors: S.121, S.122, S.123, S.124, S.125, S.126, S.127, S.128, S.129",,3,,,,,A,Euro short-term rate,"Euro short-term rate, Volume-weighted trimmed mean rate - Unsecured - Overnight - Borrowing - Financial corporations",,PC,0,2.0,True,-7.000000000000006,-7.040000000000001,0.2829625357007211,0.1413614699943925,False,Normal transmission
2026-01-19,1.929,EST.B.EU000A2X2A25.WT,B,EU000A2X2A25,WT,A,F,,,,,P1D,,,,"ESA 2010 Sectors: S.121, S.122, S.123, S.124, S.125, S.126, S.127, S.128, S.129",,3,,,,,A,Euro short-term rate,"Euro short-term rate, Volume-weighted trimmed mean rate - Unsecured - Overnight - Borrowing - Financial corporations",,PC,0,2.0,True,-7.099999999999995,-7.036666666666667,0.28101912997595363,-0.2253701850786723,False,Normal transmission
2026-01-20,1.932,EST.B.EU000A2X2A25.WT,B,EU000A2X2A25,WT,A,F,,,,,P1D,,,,"ESA 2010 Sectors: S.121, S.122, S.123, S.124, S.125, S.126, S.127, S.128, S.129",,3,,,,,A,Euro short-term rate,"Euro short-term rate, Volume-weighted trimmed mean rate - Unsecured - Overnight - Borrowing - Financial corporations",,PC,0,2.0,True,-6.800000000000006,-7.031666666666668,0.2825379330564869,0.8199488973409658,False,Normal transmission
2026-01-21,1.932,EST.B.EU000A2X2A25.WT,B,EU000A2X2A25,WT,A,F,,,,,P1D,,,,"ESA 2010 Sectors: S.121, S.122, S.123, S.124, S.125, S.126, S.127, S.128, S.129",,3,,,,,A,Euro short-term rate,"Euro short-term rate, Volume-weighted trimmed mean rate - Unsecured - Overnight - Borrowing - Financial corporations",,PC,0,2.0,True,-6.800000000000006,-7.025000000000001,0.28321699173388676,0.7944438595386509,False,Normal transmission
2026-01-22,1.933,EST.B.EU000A2X2A25.WT,B,EU000A2X2A25,WT,A,F,,,,,P1D,,,,"ESA 2010 Sectors: S.121, S.122, S.123, S.124, S.125, S.126, S.127, S.128, S.129",,3,,,,,A,Euro short-term rate,"Euro short-term rate, Volume-weighted trimmed mean rate - Unsecured - Overnight - Borrowing - Financial corporations",,PC,0,2.0,True,-6.699999999999995,-7.018333333333334,0.2861146307355097,1.1126076723689586,False,Normal transmission
2026-01-23,1.933,EST.B.EU000A2X2A25.WT,B,EU000A2X2A25,WT,A,F,,,,,P1D,,,,"ESA 2010 Sectors: S.121, S.122, S.123, S.124, S.125, S.126, S.127, S.128, S.129",,3,,,,,A,Euro short-term rate,"Euro short-term rate, Volume-weighted trimmed mean rate - Unsecured - Overnight - Borrowing - Financial corporations",,PC,0,2.0,True,-6.699999999999995,-7.0133333333333345,0.2890467481202364,1.0840230356198322,False,Normal transmission
2026-01-26,1.934,EST.B.EU000A2X2A25.WT,B,EU000A2X2A25,WT,A,F,,,,,P1D,,,,"ESA 2010 Sectors: S.121, S.122, S.123, S.124, S.125, S.126, S.127, S.128, S.129",,3,,,,,A,Euro short-term rate,"Euro short-term rate, Volume-weighted trimmed mean rate - Unsecured - Overnight - Borrowing - Financial corporations",,PC,0,2.0,True,-6.600000000000006,-7.008333333333335,0.2935993272672211,1.390784294821227,False,Normal transmission
2026-01-27,1.934,EST.B.EU000A2X2A25.WT,B,EU000A2X2A25,WT,A,F,,,,,P1D,,,,"ESA 2010 Sectors: S.121, S.122, S.123, S.124, S.125, S.126, S.127, S.128, S.129",,3,,,,,A,Euro short-term rate,"Euro short-term rate, Volume-weighted trimmed mean rate - Unsecured - Overnight - Borrowing - Financial corporations",,PC,0,2.0,True,-6.600000000000006,-7.003333333333334,0.29799708033304473,1.3534808223038908,False,Normal transmission
2026-01-28,1.933,EST.B.EU000A2X2A25.WT,B,EU000A2X2A25,WT,A,F,,,,,P1D,,,,"ESA 2010 Sectors: S.121, S.122, S.123, S.124, S.125, S.126, S.127, S.128, S.129",,3,,,,,A,Euro short-term rate,"Euro short-term rate, Volume-weighted trimmed mean rate - Unsecured - Overnight - Borrowing - Financial corporations",,PC,0,2.0,True,-6.699999999999995,-6.983333333333334,0.276274652503326,1.0255495057764246,False,Normal transmission
2026-01-29,1.933,EST.B.EU000A2X2A25.WT,B,EU000A2X2A25,WT,A,F,,,,,P1D,,,,"ESA 2010 Sectors: S.121, S.122, S.123, S.124, S.125, S.126, S.127, S.128, S.129",,3,,,,,A,Euro short-term rate,"Euro short-term rate, Volume-weighted trimmed mean rate - Unsecured - Overnight - Borrowing - Financial corporations",,PC,0,2.0,True,-6.699999999999995,-6.981666666666667,0.2776973518221843,1.0142936719361655,False,Normal transmission
2026-01-30,1.926,EST.B.EU000A2X2A25.WT,B,EU000A2X2A25,WT,A,F,,,,,P1D,,,,"ESA 2010 Sectors: S.121, S.122, S.123, S.124, S.125, S.126, S.127, S.128, S.129",,3,,,,,A,Euro short-term rate,"Euro short-term rate, Volume-weighted trimmed mean rate - Unsecured - Overnight - Borrowing - Financial corporations",,PC,0,2.0,True,-7.400000000000007,-6.990000000000001,0.2826628823966104,-1.4504911169225452,False,Normal transmission
2026-02-02,1.933,EST.B.EU000A2X2A25.WT,B,EU000A2X2A25,WT,A,F,,,,,P1D,,,,"ESA 2010 Sectors: S.121, S.122, S.123, S.124, S.125, S.126, S.127, S.128, S.129",,3,,,,,A,Euro short-term rate,"Euro short-term rate, Volume-weighted trimmed mean rate - Unsecured - Overnight - Borrowing - Financial corporations",,PC,0,2.0,True,-6.699999999999995,-6.983333333333334,0.28473399222379153,0.9950808160293302,False,Normal transmission
2026-02-03,1.931,EST.B.EU000A2X2A25.WT,B,EU000A2X2A25,WT,A,F,,,,,P1D,,,,"ESA 2010 Sectors: S.121, S.122, S.123, S.124, S.125, S.126, S.127, S.128, S.129",,3,,,,,A,Euro short-term rate,"Euro short-term rate, Volume-weighted trimmed mean rate - Unsecured - Overnight - Borrowing - Financial corporations",,PC,0,2.0,True,-6.899999999999995,-6.981666666666667,0.28492738692379793,0.28662273412318057,False,Normal transmission
2026-02-04,1.932,EST.B.EU000A2X2A25.WT,B,EU000A2X2A25,WT,A,F,,,,,P1D,,,,"ESA 2010 Sectors: S.121, S.122, S.123, S.124, S.125, S.126, S.127, S.128, S.129",,3,,,,,A,Euro short-term rate,"Euro short-term rate, Volume-weighted trimmed mean rate - Unsecured - Overnight - Borrowing - Financial corporations",,PC,0,2.0,True,-6.800000000000006,-6.981666666666667,0.28492738692379793,0.6375893473351754,False,Normal transmission
2026-02-05,1.931,EST.B.EU000A2X2A25.WT,B,EU000A2X2A25,WT,A,F,,,,,P1D,,,,"ESA 2010 Sectors: S.121, S.122, S.123, S.124, S.125, S.126, S.127, S.128, S.129",,3,,,,,A,Euro short-term rate,"Euro short-term rate, Volume-weighted trimmed mean rate - Unsecured - Overnight - Borrowing - Financial corporations",,PC,0,2.0,True,-6.899999999999995,-6.981666666666668,0.28492738692379793,0.2866227341231837,False,Normal transmission
2026-02-06,1.93,EST.B.EU000A2X2A25.WT,B,EU000A2X2A25,WT,A,F,,,,,P1D,,,,"ESA 2010 Sectors: S.121, S.122, S.123, S.124, S.125, S.126, S.127, S.128, S.129",,3,,,,,A,Euro short-term rate,"Euro short-term rate, Volume-weighted trimmed mean rate - Unsecured - Overnight - Borrowing - Financial corporations",,PC,0,2.0,True,-7.000000000000006,-6.981666666666668,0.28492738692379793,-0.0643438790888891,False,Normal transmission
2026-02-09,1.93,EST.B.EU000A2X2A25.WT,B,EU000A2X2A25,WT,A,F,,,,,P1D,,,,"ESA 2010 Sectors: S.121, S.122, S.123, S.124, S.125, S.126, S.127, S.128, S.129",,3,,,,,A,Euro short-term rate,"Euro short-term rate, Volume-weighted trimmed mean rate - Unsecured - Overnight - Borrowing - Financial corporations",,PC,0,2.0,True,-7.000000000000006,-6.981666666666667,0.28492738692379793,-0.06434387908889222,False,Normal transmission
2026-02-10,1.929,EST.B.EU000A2X2A25.WT,B,EU000A2X2A25,WT,A,F,,,,,P1D,,,,"ESA 2010 Sectors: S.121, S.122, S.123, S.124, S.125, S.126, S.127, S.128, S.129",,3,,,,,A,Euro short-term rate,"Euro short-term rate, Volume-weighted trimmed mean rate - Unsecured - Overnight - Borrowing - Financial corporations",,PC,0,2.0,True,-7.099999999999995,-6.983333333333333,0.28532863399691527,-0.4088852388643304,False,Normal transmission
2026-02-11,1.93,EST.B.EU000A2X2A25.WT,B,EU000A2X2A25,WT,A,F,,,,,P1D,,,,"ESA 2010 Sectors: S.121, S.122, S.123, S.124, S.125, S.126, S.127, S.128, S.129",,3,,,,,A,Euro short-term rate,"Euro short-term rate, Volume-weighted trimmed mean rate - Unsecured - Overnight - Borrowing - Financial corporations",,PC,0,2.0,True,-7.000000000000006,-6.985,0.2851256041984059,-0.052608393561064,False,Normal transmission
2026-02-12,1.931,EST.B.EU000A2X2A25.WT,B,EU000A2X2A25,WT,A,F,,,,,P1D,,,,"ESA 2010 Sectors: S.121, S.122, S.123, S.124, S.125, S.126, S.127, S.128, S.129",,3,,,,,A,Euro short-term rate,"Euro short-term rate, Volume-weighted trimmed mean rate - Unsecured - Overnight - Borrowing - Financial corporations",,PC,0,2.0,True,-6.899999999999995,-6.981666666666668,0.284927386923798,0.2866227341231836,False,Normal transmission
2026-02-13,1.93,EST.B.EU000A2X2A25.WT,B,EU000A2X2A25,WT,A,F,,,,,P1D,,,,"ESA 2010 Sectors: S.121, S.122, S.123, S.124, S.125, S.126, S.127, S.128, S.129",,3,,,,,A,Euro short-term rate,"Euro short-term rate, Volume-weighted trimmed mean rate - Unsecured - Overnight - Borrowing - Financial corporations",,PC,0,2.0,True,-7.000000000000006,-6.981666666666667,0.284927386923798,-0.0643438790888922,False,Normal transmission
2026-02-16,1.929,EST.B.EU000A2X2A25.WT,B,EU000A2X2A25,WT,A,F,,,,,P1D,,,,"ESA 2010 Sectors: S.121, S.122, S.123, S.124, S.125, S.126, S.127, S.128, S.129",,3,,,,,A,Euro short-term rate,"Euro short-term rate, Volume-weighted trimmed mean rate - Unsecured - Overnight - Borrowing - Financial corporations",,PC,0,2.0,True,-7.099999999999995,-6.981666666666667,0.284927386923798,-0.41531049230088696,False,Normal transmission
2026-02-17,1.931,EST.B.EU000A2X2A25.WT,B,EU000A2X2A25,WT,A,F,,,,,P1D,,,,"ESA 2010 Sectors: S.121, S.122, S.123, S.124, S.125, S.126, S.127, S.128, S.129",,3,,,,,A,Euro short-term rate,"Euro short-term rate, Volume-weighted trimmed mean rate - Unsecured - Overnight - Borrowing - Financial corporations",,PC,0,2.0,True,-6.899999999999995,-6.978333333333334,0.2846893440206093,0.2751537245021318,False,Normal transmission
2026-02-18,1.931,EST.B.EU000A2X2A25.WT,B,EU000A2X2A25,WT,A,F,,,,,P1D,,,,"ESA 2010 Sectors: S.121, S.122, S.123, S.124, S.125, S.126, S.127, S.128, S.129",,3,,,,,A,Euro short-term rate,"Euro short-term rate, Volume-weighted trimmed mean rate - Unsecured - Overnight - Borrowing - Financial corporations",,PC,0,2.0,True,-6.899999999999995,-6.970000000000001,0.27940614991475127,0.2505313502274846,False,Normal transmission
2026-02-19,1.933,EST.B.EU000A2X2A25.WT,B,EU000A2X2A25,WT,A,F,,,,,P1D,,,,"ESA 2010 Sectors: S.121, S.122, S.123, S.124, S.125, S.126, S.127, S.128, S.129",,3,,,,,A,Euro short-term rate,"Euro short-term rate, Volume-weighted trimmed mean rate - Unsecured - Overnight - Borrowing - Financial corporations",,PC,0,2.0,True,-6.699999999999995,-6.955,0.268974827125391,0.9480441077897933,False,Normal transmission
2026-02-20,1.932,EST.B.EU000A2X2A25.WT,B,EU000A2X2A25,WT,A,F,,,,,P1D,,,,"ESA 2010 Sectors: S.121, S.122, S.123, S.124, S.125, S.126, S.127, S.128, S.129",,3,,,,,A,Euro short-term rate,"Euro short-term rate, Volume-weighted trimmed mean rate - Unsecured - Overnight - Borrowing - Financial corporations",,PC,0,2.0,True,-6.800000000000006,-6.945000000000001,0.2632424930924091,0.5508229248880958,False,Normal transmission
2026-02-23,1.931,EST.B.EU000A2X2A25.WT,B,EU000A2X2A25,WT,A,F,,,,,P1D,,,,"ESA 2010 Sectors: S.121, S.122, S.123, S.124, S.125, S.126, S.127, S.128, S.129",,3,,,,,A,Euro short-term rate,"Euro short-term rate, Volume-weighted trimmed mean rate - Unsecured - Overnight - Borrowing - Financial corporations",,PC,0,2.0,True,-6.899999999999995,-6.9399999999999995,0.26115778722933786,0.15316410980645256,False,Normal transmission
2026-02-24,1.932,EST.B.EU000A2X2A25.WT,B,EU000A2X2A25,WT,A,F,,,,,P1D,,,,"ESA 2010 Sectors: S.121, S.122, S.123, S.124, S.125, S.126, S.127, S.128, S.129",,3,,,,,A,Euro short-term rate,"Euro short-term rate, Volume-weighted trimmed mean rate - Unsecured - Overnight - Borrowing - Financial corporations",,PC,0,2.0,True,-6.800000000000006,-6.9316666666666675,0.2574264197434615,0.511473013523142,False,Normal transmission
2026-02-25,1.933,EST.B.EU000A2X2A25.WT,B,EU000A2X2A25,WT,A,F,,,,,P1D,,,,"ESA 2010 Sectors: S.121, S.122, S.123, S.124, S.125, S.126, S.127, S.128, S.129",,3,,,,,A,Euro short-term rate,"Euro short-term rate, Volume-weighted trimmed mean rate - Unsecured - Overnight - Borrowing - Financial corporations",,PC,0,2.0,True,-6.699999999999995,-6.918333333333334,0.24803749488751287,0.8802432609326065,False,Normal transmission
2026-02-26,1.935,EST.B.EU000A2X2A25.WT,B,EU000A2X2A25,WT,A,F,,,,,P1D,,,,"ESA 2010 Sectors: S.121, S.122, S.123, S.124, S.125, S.126, S.127, S.128, S.129",,3,,,,,A,Euro short-term rate,"Euro short-term rate, Volume-weighted trimmed mean rate - Unsecured - Overnight - Borrowing - Financial corporations",,PC,0,2.0,True,-6.499999999999995,-6.91,0.25358447260386335,1.6168182372920223,False,Normal transmission
2026-02-27,1.93,EST.B.EU000A2X2A25.WT,B,EU000A2X2A25,WT,A,F,,,,,P1D,,,,"ESA 2010 Sectors: S.121, S.122, S.123, S.124, S.125, S.126, S.127, S.128, S.129",,3,,,,,A,Euro short-term rate,"Euro short-term rate, Volume-weighted trimmed mean rate - Unsecured - Overnight - Borrowing - Financial corporations",,PC,0,2.0,True,-7.000000000000006,-6.908333333333333,0.2526414131052867,-0.36283309826355153,False,Normal transmission
2026-03-02,1.934,EST.B.EU000A2X2A25.WT,B,EU000A2X2A25,WT,A,F,,,,,P1D,,,,"ESA 2010 Sectors: S.121, S.122, S.123, S.124, S.125, S.126, S.127, S.128, S.129",,3,,,,,A,Euro short-term rate,"Euro short-term rate, Volume-weighted trimmed mean rate - Unsecured - Overnight - Borrowing - Financial corporations",,PC,0,2.0,True,-6.600000000000006,-6.8950000000000005,0.24730753516455933,1.1928467921678996,False,Normal transmission
2026-03-03,1.934,EST.B.EU000A2X2A25.WT,B,EU000A2X2A25,WT,A,F,,,,,P1D,,,,"ESA 2010 Sectors: S.121, S.122, S.123, S.124, S.125, S.126, S.127, S.128, S.129",,3,,,,,A,Euro short-term rate,"Euro short-term rate, Volume-weighted trimmed mean rate - Unsecured - Overnight - Borrowing - Financial corporations",,PC,0,2.0,True,-6.600000000000006,-6.886666666666668,0.24870284949041144,1.152647294769793,False,Normal transmission
2026-03-04,1.934,EST.B.EU000A2X2A25.WT,B,EU000A2X2A25,WT,A,F,,,,,P1D,,,,"ESA 2010 Sectors: S.121, S.122, S.123, S.124, S.125, S.126, S.127, S.128, S.129",,3,,,,,A,Euro short-term rate,"Euro short-term rate, Volume-weighted trimmed mean rate - Unsecured - Overnight - Borrowing - Financial corporations",,PC,0,2.0,True,-6.600000000000006,-6.878333333333333,0.24980783575035764,1.1141897630924438,False,Normal transmission
2026-03-05,1.935,EST.B.EU000A2X2A25.WT,B,EU000A2X2A25,WT,A,F,,,,,P1D,,,,"ESA 2010 Sectors: S.121, S.122, S.123, S.124, S.125, S.126, S.127, S.128, S.129",,3,,,,,A,Euro short-term rate,"Euro short-term rate, Volume-weighted trimmed mean rate - Unsecured - Overnight - Borrowing - Financial corporations",,PC,0,2.0,True,-6.499999999999995,-6.87,0.2539851857417856,1.4567778782821077,False,Normal transmission
2026-03-06,1.933,EST.B.EU000A2X2A25.WT,B,EU000A2X2A25,WT,A,F,,,,,P1D,,,,"ESA 2010 Sectors: S.121, S.122, S.123, S.124, S.125, S.126, S.127, S.128, S.129",,3,,,,,A,Euro short-term rate,"Euro short-term rate, Volume-weighted trimmed mean rate - Unsecured - Overnight - Borrowing - Financial corporations",,PC,0,2.0,True,-6.699999999999995,-6.863333333333334,0.2530938505281385,0.6453469058711098,False,Normal transmission
2026-03-09,1.932,EST.B.EU000A2X2A25.WT,B,EU000A2X2A25,WT,A,F,,,,,P1D,,,,"ESA 2010 Sectors: S.121, S.122, S.123, S.124, S.125, S.126, S.127, S.128, S.129",,3,,,,,A,Euro short-term rate,"Euro short-term rate, Volume-weighted trimmed mean rate - Unsecured - Overnight - Borrowing - Financial corporations",,PC,0,2.0,True,-6.800000000000006,-6.858333333333333,0.2512960754053731,0.2321299019064589,False,Normal transmission
2026-03-10,1.933,EST.B.EU000A2X2A25.WT,B,EU000A2X2A25,WT,A,F,,,,,P1D,,,,"ESA 2010 Sectors: S.121, S.122, S.123, S.124, S.125, S.126, S.127, S.128, S.129",,3,,,,,A,Euro short-term rate,"Euro short-term rate, Volume-weighted trimmed mean rate - Unsecured - Overnight - Borrowing - Financial corporations",,PC,0,2.0,True,-6.699999999999995,-6.853333333333334,0.2514140798524248,0.6098836366815384,False,Normal transmission
2026-03-11,1.931,EST.B.EU000A2X2A25.WT,B,EU000A2X2A25,WT,A,F,,,,,P1D,,,,"ESA 2010 Sectors: S.121, S.122, S.123, S.124, S.125, S.126, S.127, S.128, S.129",,3,,,,,A,Euro short-term rate,"Euro short-term rate, Volume-weighted trimmed mean rate - Unsecured - Overnight - Borrowing - Financial corporations",,PC,0,2.0,True,-6.899999999999995,-6.855,0.2513859885798253,-0.17900759009766873,False,Normal transmission
2026-03-12,1.932,EST.B.EU000A2X2A25.WT,B,EU000A2X2A25,WT,A,F,,,,,P1D,,,,"ESA 2010 Sectors: S.121, S.122, S.123, S.124, S.125, S.126, S.127, S.128, S.129",,3,,,,,A,Euro short-term rate,"Euro short-term rate, Volume-weighted trimmed mean rate - Unsecured - Overnight - Borrowing - Financial corporations",,PC,0,2.0,True,-6.800000000000006,-6.8516666666666675,0.250755919318897,0.20604365714276404,False,Normal transmission
2026-03-13,1.93,EST.B.EU000A2X2A25.WT,B,EU000A2X2A25,WT,A,F,,,,,P1D,,,,"ESA 2010 Sectors: S.121, S.122, S.123, S.124, S.125, S.126, S.127, S.128, S.129",,3,,,,,A,Euro short-term rate,"Euro short-term rate, Volume-weighted trimmed mean rate - Unsecured - Overnight - Borrowing - Financial corporations",,PC,0,2.0,True,-7.000000000000006,-6.855,0.2513859885798253,-0.5768022347592471,False,Normal transmission
2026-03-16,1.932,EST.B.EU000A2X2A25.WT,B,EU000A2X2A25,WT,A,F,,,,,P1D,,,,"ESA 2010 Sectors: S.121, S.122, S.123, S.124, S.125, S.126, S.127, S.128, S.129",,3,,,,,A,Euro short-term rate,"Euro short-term rate, Volume-weighted trimmed mean rate - Unsecured - Overnight - Borrowing - Financial corporations",,PC,0,2.0,True,-6.800000000000006,-6.855,0.2513859885798253,0.21878705456382125,False,Normal transmission
2026-03-17,1.932,EST.B.EU000A2X2A25.WT,B,EU000A2X2A25,WT,A,F,,,,,P1D,,,,"ESA 2010 Sectors: S.121, S.122, S.123, S.124, S.125, S.126, S.127, S.128, S.129",,3,,,,,A,Euro short-term rate,"Euro short-term rate, Volume-weighted trimmed mean rate - Unsecured - Overnight - Borrowing - Financial corporations",,PC,0,2.0,True,-6.800000000000006,-6.853333333333334,0.2514140798524248,0.21213343884572408,False,Normal transmission
2026-03-18,1.933,EST.B.EU000A2X2A25.WT,B,EU000A2X2A25,WT,A,F,,,,,P1D,,,,"ESA 2010 Sectors: S.121, S.122, S.123, S.124, S.125, S.126, S.127, S.128, S.129",,3,,,,,A,Euro short-term rate,"Euro short-term rate, Volume-weighted trimmed mean rate - Unsecured - Overnight - Borrowing - Financial corporations",,PC,0,2.0,True,-6.699999999999995,-6.853333333333334,0.2514140798524248,0.6098836366815384,False,Normal transmission
2026-03-19,1.934,EST.B.EU000A2X2A25.WT,B,EU000A2X2A25,WT,A,F,,,,,P1D,,,,"ESA 2010 Sectors: S.121, S.122, S.123, S.124, S.125, S.126, S.127, S.128, S.129",,3,,,,,A,Euro short-term rate,"Euro short-term rate, Volume-weighted trimmed mean rate - Unsecured - Overnight - Borrowing - Financial corporations",,PC,0,2.0,True,-6.600000000000006,-6.85,0.25345076077142115,0.9863848869069306,False,Normal transmission
2026-03-20,1.932,EST.B.EU000A2X2A25.WT,B,EU000A2X2A25,WT,A,F,,,,,P1D,,,,"ESA 2010 Sectors: S.121, S.122, S.123, S.124, S.125, S.126, S.127, S.128, S.129",,3,,,,,A,Euro short-term rate,"Euro short-term rate, Volume-weighted trimmed mean rate - Unsecured - Overnight - Borrowing - Financial corporations",,PC,0,2.0,True,-6.800000000000006,-6.838333333333334,0.23870531202451278,0.1605885223425246,False,Normal transmission
2026-03-23,1.932,EST.B.EU000A2X2A25.WT,B,EU000A2X2A25,WT,A,F,,,,,P1D,,,,"ESA 2010 Sectors: S.121, S.122, S.123, S.124, S.125, S.126, S.127, S.128, S.129",,3,,,,,A,Euro short-term rate,"Euro short-term rate, Volume-weighted trimmed mean rate - Unsecured - Overnight - Borrowing - Financial corporations",,PC,0,2.0,True,-6.800000000000006,-6.828333333333334,0.22706055838731862,0.12478315712144578,False,Normal transmission
2026-03-24,1.932,EST.B.EU000A2X2A25.WT,B,EU000A2X2A25,WT,A,F,,,,,P1D,,,,"ESA 2010 Sectors: S.121, S.122, S.123, S.124, S.125, S.126, S.127, S.128, S.129",,3,,,,,A,Euro short-term rate,"Euro short-term rate, Volume-weighted trimmed mean rate - Unsecured - Overnight - Borrowing - Financial corporations",,PC,0,2.0,True,-6.800000000000006,-6.831666666666667,0.22511139740794436,0.14067109453936258,False,Normal transmission
2026-03-25,1.93,EST.B.EU000A2X2A25.WT,B,EU000A2X2A25,WT,A,F,,,,,P1D,,,,"ESA 2010 Sectors: S.121, S.122, S.123, S.124, S.125, S.126, S.127, S.128, S.129",,3,,,,,A,Euro short-term rate,"Euro short-term rate, Volume-weighted trimmed mean rate - Unsecured - Overnight - Borrowing - Financial corporations",,PC,0,2.0,True,-7.000000000000006,-6.831666666666667,0.22511139740794436,-0.7477779236041409,False,Normal transmission
2026-03-26,1.93,EST.B.EU000A2X2A25.WT,B,EU000A2X2A25,WT,A,F,,,,,P1D,,,,"ESA 2010 Sectors: S.121, S.122, S.123, S.124, S.125, S.126, S.127, S.128, S.129",,3,,,,,A,Euro short-term rate,"Euro short-term rate, Volume-weighted trimmed mean rate - Unsecured - Overnight - Borrowing - Financial corporations",,PC,0,2.0,True,-7.000000000000006,-6.816666666666667,0.1777130296404153,-1.0316257266239608,False,Normal transmission
2026-03-27,1.93,EST.B.EU000A2X2A25.WT,B,EU000A2X2A25,WT,A,F,,,,,P1D,,,,"ESA 2010 Sectors: S.121, S.122, S.123, S.124, S.125, S.126, S.127, S.128, S.129",,3,,,,,A,Euro short-term rate,"Euro short-term rate, Volume-weighted trimmed mean rate - Unsecured - Overnight - Borrowing - Financial corporations",,PC,0,2.0,True,-7.000000000000006,-6.826666666666668,0.17060874723409827,-1.015969791370084,False,Normal transmission
2026-03-30,1.932,EST.B.EU000A2X2A25.WT,B,EU000A2X2A25,WT,A,F,,,,,P1D,,,,"ESA 2010 Sectors: S.121, S.122, S.123, S.124, S.125, S.126, S.127, S.128, S.129",,3,,,,,A,Euro short-term rate,"Euro short-term rate, Volume-weighted trimmed mean rate - Unsecured - Overnight - Borrowing - Financial corporations",,PC,0,2.0,True,-6.800000000000006,-6.828333333333334,0.1698370771309421,0.16682654819526466,False,Normal transmission
2026-03-31,1.929,EST.B.EU000A2X2A25.WT,B,EU000A2X2A25,WT,A,F,,,,,P1D,,,,"ESA 2010 Sectors: S.121, S.122, S.123, S.124, S.125, S.126, S.127, S.128, S.129",,3,,,,,A,Euro short-term rate,"Euro short-term rate, Volume-weighted trimmed mean rate - Unsecured - Overnight - Borrowing - Financial corporations",,PC,0,2.0,True,-7.099999999999995,-6.835000000000002,0.17254328859940524,-1.5358464658410766,False,Normal transmission
2026-04-01,1.93,EST.B.EU000A2X2A25.WT,B,EU000A2X2A25,WT,A,F,,,,,P1D,,,,"ESA 2010 Sectors: S.121, S.122, S.123, S.124, S.125, S.126, S.127, S.128, S.129",,3,,,,,A,Euro short-term rate,"Euro short-term rate, Volume-weighted trimmed mean rate - Unsecured - Overnight - Borrowing - Financial corporations",,PC,0,2.0,True,-7.000000000000006,-6.840000000000002,0.17291126361450623,-0.9253301182085718,False,Normal transmission
2026-04-02,1.931,EST.B.EU000A2X2A25.WT,B,EU000A2X2A25,WT,A,F,,,,,P1D,,,,"ESA 2010 Sectors: S.121, S.122, S.123, S.124, S.125, S.126, S.127, S.128, S.129",,3,,,,,A,Euro short-term rate,"Euro short-term rate, Volume-weighted trimmed mean rate - Unsecured - Overnight - Borrowing - Financial corporations",,PC,0,2.0,True,-6.899999999999995,-6.843333333333335,0.1720924728425357,-0.3292803324321472,False,Normal transmission
2026-04-07,1.931,EST.B.EU000A2X2A25.WT,B,EU000A2X2A25,WT,A,F,,,,,P1D,,,,"ESA 2010 Sectors: S.121, S.122, S.123, S.124, S.125, S.126, S.127, S.128, S.129",,3,,,,,A,Euro short-term rate,"Euro short-term rate, Volume-weighted trimmed mean rate - Unsecured - Overnight - Borrowing - Financial corporations",,PC,0,2.0,True,-6.899999999999995,-6.8450000000000015,0.1721499149589051,-0.31948897571702467,False,Normal transmission
2026-04-08,1.931,EST.B.EU000A2X2A25.WT,B,EU000A2X2A25,WT,A,F,,,,,P1D,,,,"ESA 2010 Sectors: S.121, S.122, S.123, S.124, S.125, S.126, S.127, S.128, S.129",,3,,,,,A,Euro short-term rate,"Euro short-term rate, Volume-weighted trimmed mean rate - Unsecured - Overnight - Borrowing - Financial corporations",,PC,0,2.0,True,-6.899999999999995,-6.845000000000001,0.1721499149589051,-0.31948897571702983,False,Normal transmission
2026-04-09,1.931,EST.B.EU000A2X2A25.WT,B,EU000A2X2A25,WT,A,F,,,,,P1D,,,,"ESA 2010 Sectors: S.121, S.122, S.123, S.124, S.125, S.126, S.127, S.128, S.129",,3,,,,,A,Euro short-term rate,"Euro short-term rate, Volume-weighted trimmed mean rate - Unsecured - Overnight - Borrowing - Financial corporations",,PC,0,2.0,True,-6.899999999999995,-6.843333333333334,0.17110475200359396,-0.3311811390572663,False,Normal transmission
2026-04-10,1.932,EST.B.EU000A2X2A25.WT,B,EU000A2X2A25,WT,A,F,,,,,P1D,,,,"ESA 2010 Sectors: S.121, S.122, S.123, S.124, S.125, S.126, S.127, S.128, S.129",,3,,,,,A,Euro short-term rate,"Euro short-term rate, Volume-weighted trimmed mean rate - Unsecured - Overnight - Borrowing - Financial corporations",,PC,0,2.0,True,-6.800000000000006,-6.841666666666668,0.17103044299012352,0.24362134564001425,False,Normal transmission
2026-04-13,1.932,EST.B.EU000A2X2A25.WT,B,EU000A2X2A25,WT,A,F,,,,,P1D,,,,"ESA 2010 Sectors: S.121, S.122, S.123, S.124, S.125, S.126, S.127, S.128, S.129",,3,,,,,A,Euro short-term rate,"Euro short-term rate, Volume-weighted trimmed mean rate - Unsecured - Overnight - Borrowing - Financial corporations",,PC,0,2.0,True,-6.800000000000006,-6.838333333333335,0.16983707713094046,0.22570650638184592,False,Normal transmission
2026-04-14,1.932,EST.B.EU000A2X2A25.WT,B,EU000A2X2A25,WT,A,F,,,,,P1D,,,,"ESA 2010 Sectors: S.121, S.122, S.123, S.124, S.125, S.126, S.127, S.128, S.129",,3,,,,,A,Euro short-term rate,"Euro short-term rate, Volume-weighted trimmed mean rate - Unsecured - Overnight - Borrowing - Financial corporations",,PC,0,2.0,True,-6.800000000000006,-6.835000000000002,0.16856824801043535,0.20763103617134943,False,Normal transmission
2026-04-15,1.932,EST.B.EU000A2X2A25.WT,B,EU000A2X2A25,WT,A,F,,,,,P1D,,,,"ESA 2010 Sectors: S.121, S.122, S.123, S.124, S.125, S.126, S.127, S.128, S.129",,3,,,,,A,Euro short-term rate,"Euro short-term rate, Volume-weighted trimmed mean rate - Unsecured - Overnight - Borrowing - Financial corporations",,PC,0,2.0,True,-6.800000000000006,-6.830000000000001,0.16498587510169035,0.18183374777691835,False,Normal transmission
2026-04-16,1.932,EST.B.EU000A2X2A25.WT,B,EU000A2X2A25,WT,A,F,,,,,P1D,,,,"ESA 2010 Sectors: S.121, S.122, S.123, S.124, S.125, S.126, S.127, S.128, S.129",,3,,,,,A,Euro short-term rate,"Euro short-term rate, Volume-weighted trimmed mean rate - Unsecured - Overnight - Borrowing - Financial corporations",,PC,0,2.0,True,-6.800000000000006,-6.830000000000001,0.16498587510169035,0.18183374777691835,False,Normal transmission
2026-04-17,1.932,EST.B.EU000A2X2A25.WT,B,EU000A2X2A25,WT,A,F,,,,,P1D,,,,"ESA 2010 Sectors: S.121, S.122, S.123, S.124, S.125, S.126, S.127, S.128, S.129",,3,,,,,A,Euro short-term rate,"Euro short-term rate, Volume-weighted trimmed mean rate - Unsecured - Overnight - Borrowing - Financial corporations",,PC,0,2.0,True,-6.800000000000006,-6.830000000000001,0.16498587510169035,0.18183374777691835,False,Normal transmission
2026-04-20,1.931,EST.B.EU000A2X2A25.WT,B,EU000A2X2A25,WT,A,F,,,,,P1D,,,,"ESA 2010 Sectors: S.121, S.122, S.123, S.124, S.125, S.126, S.127, S.128, S.129",,3,,,,,A,Euro short-term rate,"Euro short-term rate, Volume-weighted trimmed mean rate - Unsecured - Overnight - Borrowing - Financial corporations",,PC,0,2.0,True,-6.899999999999995,-6.833333333333334,0.16433395789529837,-0.4056779713730028,False,Normal transmission
2026-04-21,1.932,EST.B.EU000A2X2A25.WT,B,EU000A2X2A25,WT,A,F,,,,,P1D,,,,"ESA 2010 Sectors: S.121, S.122, S.123, S.124, S.125, S.126, S.127, S.128, S.129",,3,,,,,A,Euro short-term rate,"Euro short-term rate, Volume-weighted trimmed mean rate - Unsecured - Overnight - Borrowing - Financial corporations",,PC,0,2.0,True,-6.800000000000006,-6.835000000000002,0.16346357081340884,0.21411498492191672,False,Normal transmission
2026-04-22,1.931,EST.B.EU000A2X2A25.WT,B,EU000A2X2A25,WT,A,F,,,,,P1D,,,,"ESA 2010 Sectors: S.121, S.122, S.123, S.124, S.125, S.126, S.127, S.128, S.129",,3,,,,,A,Euro short-term rate,"Euro short-term rate, Volume-weighted trimmed mean rate - Unsecured - Overnight - Borrowing - Financial corporations",,PC,0,2.0,True,-6.899999999999995,-6.840000000000001,0.1607187247168033,-0.3733230219796613,False,Normal transmission
2026-04-23,1.933,EST.B.EU000A2X2A25.WT,B,EU000A2X2A25,WT,A,F,,,,,P1D,,,,"ESA 2010 Sectors: S.121, S.122, S.123, S.124, S.125, S.126, S.127, S.128, S.129",,3,,,,,A,Euro short-term rate,"Euro short-term rate, Volume-weighted trimmed mean rate - Unsecured - Overnight - Borrowing - Financial corporations",,PC,0,2.0,True,-6.699999999999995,-6.841666666666668,0.15869346495438424,0.8927063676339432,False,Normal transmission
2026-04-24,1.933,EST.B.EU000A2X2A25.WT,B,EU000A2X2A25,WT,A,F,,,,,P1D,,,,"ESA 2010 Sectors: S.121, S.122, S.123, S.124, S.125, S.126, S.127, S.128, S.129",,3,,,,,A,Euro short-term rate,"Euro short-term rate, Volume-weighted trimmed mean rate - Unsecured - Overnight - Borrowing - Financial corporations",,PC,0,2.0,True,-6.699999999999995,-6.841666666666668,0.15869346495438424,0.8927063676339432,False,Normal transmission
2026-04-27,1.932,EST.B.EU000A2X2A25.WT,B,EU000A2X2A25,WT,A,F,,,,,P1D,,,,"ESA 2010 Sectors: S.121, S.122, S.123, S.124, S.125, S.126, S.127, S.128, S.129",,3,,,,,A,Euro short-term rate,"Euro short-term rate, Volume-weighted trimmed mean rate - Unsecured - Overnight - Borrowing - Financial corporations",,PC,0,2.0,True,-6.800000000000006,-6.843333333333335,0.15770243021968428,0.2747791094465945,False,Normal transmission
2026-04-28,1.932,EST.B.EU000A2X2A25.WT,B,EU000A2X2A25,WT,A,F,,,,,P1D,,,,"ESA 2010 Sectors: S.121, S.122, S.123, S.124, S.125, S.126, S.127, S.128, S.129",,3,,,,,A,Euro short-term rate,"Euro short-term rate, Volume-weighted trimmed mean rate - Unsecured - Overnight - Borrowing - Financial corporations",,PC,0,2.0,True,-6.800000000000006,-6.833333333333334,0.13981424319034721,0.2384115707578298,False,Normal transmission
2026-04-29,1.932,EST.B.EU000A2X2A25.WT,B,EU000A2X2A25,WT,A,F,,,,,P1D,,,,"ESA 2010 Sectors: S.121, S.122, S.123, S.124, S.125, S.126, S.127, S.128, S.129",,3,,,,,A,Euro short-term rate,"Euro short-term rate, Volume-weighted trimmed mean rate - Unsecured - Overnight - Borrowing - Financial corporations",,PC,0,2.0,True,-6.800000000000006,-6.835000000000002,0.1387901720743446,0.25217923918451185,False,Normal transmission
2026-04-30,1.93,EST.B.EU000A2X2A25.WT,B,EU000A2X2A25,WT,A,F,,,,,P1D,,,,"ESA 2010 Sectors: S.121, S.122, S.123, S.124, S.125, S.126, S.127, S.128, S.129",,3,,,,,A,Euro short-term rate,"Euro short-term rate, Volume-weighted trimmed mean rate - Unsecured - Overnight - Borrowing - Financial corporations",,PC,0,2.0,True,-7.000000000000006,-6.836666666666669,0.14017745009145968,-1.1651897878493984,False,Normal transmission
2026-05-04,1.932,EST.B.EU000A2X2A25.WT,B,EU000A2X2A25,WT,A,F,,,,,P1D,,,,"ESA 2010 Sectors: S.121, S.122, S.123, S.124, S.125, S.126, S.127, S.128, S.129",,3,,,,,A,Euro short-term rate,"Euro short-term rate, Volume-weighted trimmed mean rate - Unsecured - Overnight - Borrowing - Financial corporations",,PC,0,2.0,True,-6.800000000000006,-6.836666666666669,0.14017745009145968,0.26157321768044167,False,Normal transmission
2026-05-05,1.932,EST.B.EU000A2X2A25.WT,B,EU000A2X2A25,WT,A,F,,,,,P1D,,,,"ESA 2010 Sectors: S.121, S.122, S.123, S.124, S.125, S.126, S.127, S.128, S.129",,3,,,,,A,Euro short-term rate,"Euro short-term rate, Volume-weighted trimmed mean rate - Unsecured - Overnight - Borrowing - Financial corporations",,PC,0,2.0,True,-6.800000000000006,-6.835000000000002,0.14000605313797573,0.24998919129234548,False,Normal transmission
2026-05-06,1.931,EST.B.EU000A2X2A25.WT,B,EU000A2X2A25,WT,A,F,,,,,P1D,,,,"ESA 2010 Sectors: S.121, S.122, S.123, S.124, S.125, S.126, S.127, S.128, S.129",,3,,,,,A,Euro short-term rate,"Euro short-term rate, Volume-weighted trimmed mean rate - Unsecured - Overnight - Borrowing - Financial corporations",,PC,0,2.0,True,-6.899999999999995,-6.833333333333334,0.13859667942646414,-0.481012005067789,False,Normal transmission
2026-05-07,1.93,EST.B.EU000A2X2A25.WT,B,EU000A2X2A25,WT,A,F,,,,,P1D,,,,"ESA 2010 Sectors: S.121, S.122, S.123, S.124, S.125, S.126, S.127, S.128, S.129",,3,,,,,A,Euro short-term rate,"Euro short-term rate, Volume-weighted trimmed mean rate - Unsecured - Overnight - Borrowing - Financial corporations",,PC,0,2.0,True,-7.000000000000006,-6.833333333333335,0.13859667942646414,-1.2025300126696072,False,Normal transmission
2026-05-08,1.929,EST.B.EU000A2X2A25.WT,B,EU000A2X2A25,WT,A,F,,,,,P1D,,,,"ESA 2010 Sectors: S.121, S.122, S.123, S.124, S.125, S.126, S.127, S.128, S.129",,3,,,,,A,Euro short-term rate,"Euro short-term rate, Volume-weighted trimmed mean rate - Unsecured - Overnight - Borrowing - Financial corporations",,PC,0,2.0,True,-7.099999999999995,-6.833333333333335,0.13859667942646414,-1.9240480202712715,False,Normal transmission
2026-05-11,1.931,EST.B.EU000A2X2A25.WT,B,EU000A2X2A25,WT,A,F,,,,,P1D,,,,"ESA 2010 Sectors: S.121, S.122, S.123, S.124, S.125, S.126, S.127, S.128, S.129",,3,,,,,A,Euro short-term rate,"Euro short-term rate, Volume-weighted trimmed mean rate - Unsecured - Overnight - Borrowing - Financial corporations",,PC,0,2.0,True,-6.899999999999995,-6.831666666666668,0.13715223098184123,-0.4982298344266407,False,Normal transmission
2026-05-12,1.929,EST.B.EU000A2X2A25.WT,B,EU000A2X2A25,WT,A,F,,,,,P1D,,,,"ESA 2010 Sectors: S.121, S.122, S.123, S.124, S.125, S.126, S.127, S.128, S.129",,3,,,,,A,Euro short-term rate,"Euro short-term rate, Volume-weighted trimmed mean rate - Unsecured - Overnight - Borrowing - Financial corporations",,PC,0,2.0,True,-7.099999999999995,-6.835000000000002,0.1412114654202024,-1.8766181571123421,False,Normal transmission
2026-05-13,1.928,EST.B.EU000A2X2A25.WT,B,EU000A2X2A25,WT,A,F,,,,,P1D,,,,"ESA 2010 Sectors: S.121, S.122, S.123, S.124, S.125, S.126, S.127, S.128, S.129",,3,,,,,A,Euro short-term rate,"Euro short-term rate, Volume-weighted trimmed mean rate - Unsecured - Overnight - Borrowing - Financial corporations",,PC,0,2.0,True,-7.200000000000006,-6.838333333333335,0.14739738362869337,-2.453684439730226,True,Unusually below policy rate
2026-05-14,1.93,EST.B.EU000A2X2A25.WT,B,EU000A2X2A25,WT,A,F,,,,,P1D,,,,"ESA 2010 Sectors: S.121, S.122, S.123, S.124, S.125, S.126, S.127, S.128, S.129",,3,,,,,A,Euro short-term rate,"Euro short-term rate, Volume-weighted trimmed mean rate - Unsecured - Overnight - Borrowing - Financial corporations",,PC,0,2.0,True,-7.000000000000006,-6.836666666666669,0.14493325952842398,-1.1269554956866543,False,Normal transmission
2026-05-15,1.931,EST.B.EU000A2X2A25.WT,B,EU000A2X2A25,WT,A,F,,,,,P1D,,,,"ESA 2010 Sectors: S.121, S.122, S.123, S.124, S.125, S.126, S.127, S.128, S.129",,3,,,,,A,Euro short-term rate,"Euro short-term rate, Volume-weighted trimmed mean rate - Unsecured - Overnight - Borrowing - Financial corporations",,PC,0,2.0,True,-6.899999999999995,-6.836666666666669,0.14493325952842398,-0.43698274322537795,False,Normal transmission
2026-05-18,1.931,EST.B.EU000A2X2A25.WT,B,EU000A2X2A25,WT,A,F,,,,,P1D,,,,"ESA 2010 Sectors: S.121, S.122, S.123, S.124, S.125, S.126, S.127, S.128, S.129",,3,,,,,A,Euro short-term rate,"Euro short-term rate, Volume-weighted trimmed mean rate - Unsecured - Overnight - Borrowing - Financial corporations",,PC,0,2.0,True,-6.899999999999995,-6.836666666666669,0.14493325952842398,-0.43698274322537795,False,Normal transmission
2026-05-19,1.929,EST.B.EU000A2X2A25.WT,B,EU000A2X2A25,WT,A,F,,,,,P1D,,,,"ESA 2010 Sectors: S.121, S.122, S.123, S.124, S.125, S.126, S.127, S.128, S.129",,3,,,,,A,Euro short-term rate,"Euro short-term rate, Volume-weighted trimmed mean rate - Unsecured - Overnight - Borrowing - Financial corporations",,PC,0,2.0,True,-7.099999999999995,-6.843333333333335,0.14771326629509982,-1.7376006441689196,False,Normal transmission
2026-05-20,1.931,EST.B.EU000A2X2A25.WT,B,EU000A2X2A25,WT,A,F,,,,,P1D,,,,"ESA 2010 Sectors: S.121, S.122, S.123, S.124, S.125, S.126, S.127, S.128, S.129",,3,,,,,A,Euro short-term rate,"Euro short-term rate, Volume-weighted trimmed mean rate - Unsecured - Overnight - Borrowing - Financial corporations",,PC,0,2.0,True,-6.899999999999995,-6.8450000000000015,0.14778018490605035,-0.3721743888394723,False,Normal transmission
2026-05-21,1.932,EST.B.EU000A2X2A25.WT,B,EU000A2X2A25,WT,A,F,,,,,P1D,,,,"ESA 2010 Sectors: S.121, S.122, S.123, S.124, S.125, S.126, S.127, S.128, S.129",,3,,,,,A,Euro short-term rate,"Euro short-term rate, Volume-weighted trimmed mean rate - Unsecured - Overnight - Borrowing - Financial corporations",,PC,0,2.0,True,-6.800000000000006,-6.8433333333333355,0.14771326629509982,0.2933611477168112,False,Normal transmission
2026-05-22,1.929,EST.B.EU000A2X2A25.WT,B,EU000A2X2A25,WT,A,F,,,,,P1D,,,,"ESA 2010 Sectors: S.121, S.122, S.123, S.124, S.125, S.126, S.127, S.128, S.129",,3,,,,,A,Euro short-term rate,"Euro short-term rate, Volume-weighted trimmed mean rate - Unsecured - Overnight - Borrowing - Financial corporations",,PC,0,2.0,True,-7.099999999999995,-6.8483333333333345,0.15125650754088282,-1.6638402588968824,False,Normal transmission
2026-05-25,1.931,EST.B.EU000A2X2A25.WT,B,EU000A2X2A25,WT,A,F,,,,,P1D,,,,"ESA 2010 Sectors: S.121, S.122, S.123, S.124, S.125, S.126, S.127, S.128, S.129",,3,,,,,A,Euro short-term rate,"Euro short-term rate, Volume-weighted trimmed mean rate - Unsecured - Overnight - Borrowing - Financial corporations",,PC,0,2.0,True,-6.899999999999995,-6.851666666666669,0.15013176886527888,-0.32193941161579087,False,Normal transmission
2026-05-26,1.932,EST.B.EU000A2X2A25.WT,B,EU000A2X2A25,WT,A,F,,,,,P1D,,,,"ESA 2010 Sectors: S.121, S.122, S.123, S.124, S.125, S.126, S.127, S.128, S.129",,3,,,,,A,Euro short-term rate,"Euro short-term rate, Volume-weighted trimmed mean rate - Unsecured - Overnight - Borrowing - Financial corporations",,PC,0,2.0,True,-6.800000000000006,-6.856666666666668,0.143049910297688,0.39613213701943906,False,Normal transmission
2026-05-27,1.932,EST.B.EU000A2X2A25.WT,B,EU000A2X2A25,WT,A,F,,,,,P1D,,,,"ESA 2010 Sectors: S.121, S.122, S.123, S.124, S.125, S.126, S.127, S.128, S.129",,3,,,,,A,Euro short-term rate,"Euro short-term rate, Volume-weighted trimmed mean rate - Unsecured - Overnight - Borrowing - Financial corporations",,PC,0,2.0,True,-6.800000000000006,-6.853333333333335,0.14197954814132194,0.37564095696545624,False,Normal transmission
2026-05-28,1.933,EST.B.EU000A2X2A25.WT,B,EU000A2X2A25,WT,A,F,,,,,P1D,,,,"ESA 2010 Sectors: S.121, S.122, S.123, S.124, S.125, S.126, S.127, S.128, S.129",,3,,,,,A,Euro short-term rate,"Euro short-term rate, Volume-weighted trimmed mean rate - Unsecured - Overnight - Borrowing - Financial corporations",,PC,0,2.0,True,-6.699999999999995,-6.855000000000001,0.13952097224049775,1.1109440932853227,False,Normal transmission
2026-05-29,1.93,EST.B.EU000A2X2A25.WT,B,EU000A2X2A25,WT,A,F,,,,,P1D,,,,"ESA 2010 Sectors: S.121, S.122, S.123, S.124, S.125, S.126, S.127, S.128, S.129",,3,,,,,A,Euro short-term rate,"Euro short-term rate, Volume-weighted trimmed mean rate - Unsecured - Overnight - Borrowing - Financial corporations",,PC,0,2.0,True,-7.000000000000006,-6.861666666666668,0.1366570204671395,-1.0122665696973956,False,Normal transmission
2026-06-01,1.931,EST.B.EU000A2X2A25.WT,B,EU000A2X2A25,WT,A,F,,,,,P1D,,,,"ESA 2010 Sectors: S.121, S.122, S.123, S.124, S.125, S.126, S.127, S.128, S.129",,3,,,,,A,Euro short-term rate,"Euro short-term rate, Volume-weighted trimmed mean rate - Unsecured - Overnight - Borrowing - Financial corporations",,PC,0,2.0,True,-6.899999999999995,-6.866666666666669,0.13234093959846105,-0.2518746914935288,False,Normal transmission
2026-06-02,1.932,EST.B.EU000A2X2A25.WT,B,EU000A2X2A25,WT,A,F,,,,,P1D,,,,"ESA 2010 Sectors: S.121, S.122, S.123, S.124, S.125, S.126, S.127, S.128, S.129",,3,,,,,A,Euro short-term rate,"Euro short-term rate, Volume-weighted trimmed mean rate - Unsecured - Overnight - Borrowing - Financial corporations",,PC,0,2.0,True,-6.800000000000006,-6.871666666666669,0.12363377667321024,0.5796689917197358,False,Normal transmission
2026-06-03,1.931,EST.B.EU000A2X2A25.WT,B,EU000A2X2A25,WT,A,F,,,,,P1D,,,,"ESA 2010 Sectors: S.121, S.122, S.123, S.124, S.125, S.126, S.127, S.128, S.129",,3,,,,,A,Euro short-term rate,"Euro short-term rate, Volume-weighted trimmed mean rate - Unsecured - Overnight - Borrowing - Financial corporations",,PC,0,2.0,True,-6.899999999999995,-6.875000000000002,0.12160647841804371,-0.20558115262618937,False,Normal transmission
2026-06-04,1.933,EST.B.EU000A2X2A25.WT,B,EU000A2X2A25,WT,A,F,,,,,P1D,,,,"ESA 2010 Sectors: S.121, S.122, S.123, S.124, S.125, S.126, S.127, S.128, S.129",,3,,,,,A,Euro short-term rate,"Euro short-term rate, Volume-weighted trimmed mean rate - Unsecured - Overnight - Borrowing - Financial corporations",,PC,0,2.0,True,-6.699999999999995,-6.873333333333335,0.12332493481871579,1.4055011144999603,False,Normal transmission
2026-06-05,1.931,EST.B.EU000A2X2A25.WT,B,EU000A2X2A25,WT,A,F,,,,,P1D,,,,"ESA 2010 Sectors: S.121, S.122, S.123, S.124, S.125, S.126, S.127, S.128, S.129",,3,,,,,A,Euro short-term rate,"Euro short-term rate, Volume-weighted trimmed mean rate - Unsecured - Overnight - Borrowing - Financial corporations",,PC,0,2.0,True,-6.899999999999995,-6.876666666666667,0.12124588641174248,-0.19244639157562626,False,Normal transmission
2026-06-08,1.93,EST.B.EU000A2X2A25.WT,B,EU000A2X2A25,WT,A,F,,,,,P1D,,,,"ESA 2010 Sectors: S.121, S.122, S.123, S.124, S.125, S.126, S.127, S.128, S.129",,3,,,,,A,Euro short-term rate,"Euro short-term rate, Volume-weighted trimmed mean rate - Unsecured - Overnight - Borrowing - Financial corporations",,PC,0,2.0,True,-7.000000000000006,-6.878333333333335,0.1222551744656787,-0.9951862340258454,False,Normal transmission
2026-06-09,1.93,EST.B.EU000A2X2A25.WT,B,EU000A2X2A25,WT,A,F,,,,,P1D,,,,"ESA 2010 Sectors: S.121, S.122, S.123, S.124, S.125, S.126, S.127, S.128, S.129",,3,,,,,A,Euro short-term rate,"Euro short-term rate, Volume-weighted trimmed mean rate - Unsecured - Overnight - Borrowing - Financial corporations",,PC,0,2.0,True,-7.000000000000006,-6.881666666666669,0.12280847244377092,-0.9635600132353874,False,Normal transmission
2026-06-10,1.93,EST.B.EU000A2X2A25.WT,B,EU000A2X2A25,WT,A,F,,,,,P1D,,,,"ESA 2010 Sectors: S.121, S.122, S.123, S.124, S.125, S.126, S.127, S.128, S.129",,3,,,,,A,Euro short-term rate,"Euro short-term rate, Volume-weighted trimmed mean rate - Unsecured - Overnight - Borrowing - Financial corporations",,PC,0,2.0,True,-7.000000000000006,-6.881666666666669,0.12280847244377092,-0.9635600132353874,False,Normal transmission
2026-06-11,1.931,EST.B.EU000A2X2A25.WT,B,EU000A2X2A25,WT,A,F,,,,,P1D,,,,"ESA 2010 Sectors: S.121, S.122, S.123, S.124, S.125, S.126, S.127, S.128, S.129",,3,,,,,A,Euro short-term rate,"Euro short-term rate, Volume-weighted trimmed mean rate - Unsecured - Overnight - Borrowing - Financial corporations",,PC,0,2.0,True,-6.899999999999995,-6.883333333333335,0.12235910841636176,-0.13621108295385173,False,Normal transmission
2026-06-12,1.931,EST.B.EU000A2X2A25.WT,B,EU000A2X2A25,WT,A,F,,,,,P1D,,,,"ESA 2010 Sectors: S.121, S.122, S.123, S.124, S.125, S.126, S.127, S.128, S.129",,3,,,,,A,Euro short-term rate,"Euro short-term rate, Volume-weighted trimmed mean rate - Unsecured - Overnight - Borrowing - Financial corporations",,PC,0,2.0,True,-6.899999999999995,-6.885000000000001,0.12188491376461395,-0.12306691235769002,False,Normal transmission
2026-06-15,1.931,EST.B.EU000A2X2A25.WT,B,EU000A2X2A25,WT,A,F,,,,,P1D,,,,"ESA 2010 Sectors: S.121, S.122, S.123, S.124, S.125, S.126, S.127, S.128, S.129",,3,,,,,A,Euro short-term rate,"Euro short-term rate, Volume-weighted trimmed mean rate - Unsecured - Overnight - Borrowing - Financial corporations",,PC,0,2.0,True,-6.899999999999995,-6.8883333333333345,0.119450247307983,-0.09766967360544594,False,Normal transmission
2026-06-16,1.931,EST.B.EU000A2X2A25.WT,B,EU000A2X2A25,WT,A,F,,,,,P1D,,,,"ESA 2010 Sectors: S.121, S.122, S.123, S.124, S.125, S.126, S.127, S.128, S.129",,3,,,,,A,Euro short-term rate,"Euro short-term rate, Volume-weighted trimmed mean rate - Unsecured - Overnight - Borrowing - Financial corporations",,PC,0,2.0,True,-6.899999999999995,-6.893333333333334,0.11329677043988357,-0.0588425128163561,False,Normal transmission
2026-06-17,2.182,EST.B.EU000A2X2A25.WT,B,EU000A2X2A25,WT,A,F,,,,,P1D,,,,"ESA 2010 Sectors: S.121, S.122, S.123, S.124, S.125, S.126, S.127, S.128, S.129",,3,,,,,A,Euro short-term rate,"Euro short-term rate, Volume-weighted trimmed mean rate - Unsecured - Overnight - Borrowing - Financial corporations",,PC,0,2.25,True,-6.800000000000006,-6.893333333333334,0.11329677043988357,0.8237951794296909,False,Normal transmission
2026-06-18,2.18,EST.B.EU000A2X2A25.WT,B,EU000A2X2A25,WT,A,F,,,,,P1D,,,,"ESA 2010 Sectors: S.121, S.122, S.123, S.124, S.125, S.126, S.127, S.128, S.129",,3,,,,,A,Euro short-term rate,"Euro short-term rate, Volume-weighted trimmed mean rate - Unsecured - Overnight - Borrowing - Financial corporations",,PC,0,2.25,True,-6.999999999999984,-6.896666666666667,0.11344627141159054,-0.9108570255113673,False,Normal transmission
2026-06-19,2.181,EST.B.EU000A2X2A25.WT,B,EU000A2X2A25,WT,A,F,,,,,P1D,,,,"ESA 2010 Sectors: S.121, S.122, S.123, S.124, S.125, S.126, S.127, S.128, S.129",,3,,,,,A,Euro short-term rate,"Euro short-term rate, Volume-weighted trimmed mean rate - Unsecured - Overnight - Borrowing - Financial corporations",,PC,0,2.25,True,-6.899999999999995,-6.898333333333334,0.11273437607065419,-0.014784014643556083,False,Normal transmission
2026-06-22,2.181,EST.B.EU000A2X2A25.WT,B,EU000A2X2A25,WT,A,F,,,,,P1D,,,,"ESA 2010 Sectors: S.121, S.122, S.123, S.124, S.125, S.126, S.127, S.128, S.129",,3,,,,,A,Euro short-term rate,"Euro short-term rate, Volume-weighted trimmed mean rate - Unsecured - Overnight - Borrowing - Financial corporations",,PC,0,2.25,True,-6.899999999999995,-6.8966666666666665,0.11194227729658177,-0.029777251399818638,False,Normal transmission
2026-06-23,2.182,EST.B.EU000A2X2A25.WT,B,EU000A2X2A25,WT,A,F,,,,,P1D,,,,"ESA 2010 Sectors: S.121, S.122, S.123, S.124, S.125, S.126, S.127, S.128, S.129",,3,,,,,A,Euro short-term rate,"Euro short-term rate, Volume-weighted trimmed mean rate - Unsecured - Overnight - Borrowing - Financial corporations",,PC,0,2.25,True,-6.800000000000006,-6.8933333333333335,0.11179076500883306,0.8348930551280586,False,Normal transmission
2026-06-24,2.181,EST.B.EU000A2X2A25.WT,B,EU000A2X2A25,WT,A,F,,,,,P1D,,,,"ESA 2010 Sectors: S.121, S.122, S.123, S.124, S.125, S.126, S.127, S.128, S.129",,3,,,,,A,Euro short-term rate,"Euro short-term rate, Volume-weighted trimmed mean rate - Unsecured - Overnight - Borrowing - Financial corporations",,PC,0,2.25,True,-6.899999999999995,-6.891666666666667,0.11091555295369031,-0.07513223449201727,False,Normal transmission
2026-06-25,2.183,EST.B.EU000A2X2A25.WT,B,EU000A2X2A25,WT,A,F,,,,,P1D,,,,"ESA 2010 Sectors: S.121, S.122, S.123, S.124, S.125, S.126, S.127, S.128, S.129",,3,,,,,A,Euro short-term rate,"Euro short-term rate, Volume-weighted trimmed mean rate - Unsecured - Overnight - Borrowing - Financial corporations",,PC,0,2.25,True,-6.700000000000017,-6.890000000000001,0.1130471627992775,1.6807144495730577,False,Normal transmission
2026-06-26,2.181,EST.B.EU000A2X2A25.WT,B,EU000A2X2A25,WT,A,F,,,,,P1D,,,,"ESA 2010 Sectors: S.121, S.122, S.123, S.124, S.125, S.126, S.127, S.128, S.129",,3,,,,,A,Euro short-term rate,"Euro short-term rate, Volume-weighted trimmed mean rate - Unsecured - Overnight - Borrowing - Financial corporations",,PC,0,2.25,True,-6.899999999999995,-6.886666666666667,0.10964761224064044,-0.12160167522906044,False,Normal transmission
2026-06-29,2.182,EST.B.EU000A2X2A25.WT,B,EU000A2X2A25,WT,A,F,,,,,P1D,,,,"ESA 2010 Sectors: S.121, S.122, S.123, S.124, S.125, S.126, S.127, S.128, S.129",,3,,,,,A,Euro short-term rate,"Euro short-term rate, Volume-weighted trimmed mean rate - Unsecured - Overnight - Borrowing - Financial corporations",,PC,0,2.25,True,-6.800000000000006,-6.883333333333334,0.10918289222593291,0.7632453366493119,False,Normal transmission
2026-06-30,2.182,EST.B.EU000A2X2A25.WT,B,EU000A2X2A25,WT,A,F,,,,,P1D,,,,"ESA 2010 Sectors: S.121, S.122, S.123, S.124, S.125, S.126, S.127, S.128, S.129",,3,,,,,A,Euro short-term rate,"Euro short-term rate, Volume-weighted trimmed mean rate - Unsecured - Overnight - Borrowing - Financial corporations",,PC,0,2.25,True,-6.800000000000006,-6.881666666666667,0.10968625003319765,0.7445478958569879,False,Normal transmission
2026-07-01,2.183,EST.B.EU000A2X2A25.WT,B,EU000A2X2A25,WT,A,F,,,,,P1D,,,,"ESA 2010 Sectors: S.121, S.122, S.123, S.124, S.125, S.126, S.127, S.128, S.129",,3,,,,,A,Euro short-term rate,"Euro short-term rate, Volume-weighted trimmed mean rate - Unsecured - Overnight - Borrowing - Financial corporations",,PC,0,2.25,True,-6.700000000000017,-6.878333333333334,0.11213137976365536,1.590396316438792,False,Normal transmission
2026-07-02,2.183,EST.B.EU000A2X2A25.WT,B,EU000A2X2A25,WT,A,F,,,,,P1D,,,,"ESA 2010 Sectors: S.121, S.122, S.123, S.124, S.125, S.126, S.127, S.128, S.129",,3,,,,,A,Euro short-term rate,"Euro short-term rate, Volume-weighted trimmed mean rate - Unsecured - Overnight - Borrowing - Financial corporations",,PC,0,2.25,True,-6.700000000000017,-6.875000000000001,0.11442561050307119,1.5293779008964679,False,Normal transmission
2026-07-03,2.183,EST.B.EU000A2X2A25.WT,B,EU000A2X2A25,WT,A,F,,,,,P1D,,,,"ESA 2010 Sectors: S.121, S.122, S.123, S.124, S.125, S.126, S.127, S.128, S.129",,3,,,,,A,Euro short-term rate,"Euro short-term rate, Volume-weighted trimmed mean rate - Unsecured - Overnight - Borrowing - Financial corporations",,PC,0,2.25,True,-6.700000000000017,-6.871666666666669,0.11657785158529695,1.4725495823797008,False,Normal transmission
2026-07-06,2.182,EST.B.EU000A2X2A25.WT,B,EU000A2X2A25,WT,A,F,,,,,P1D,,,,"ESA 2010 Sectors: S.121, S.122, S.123, S.124, S.125, S.126, S.127, S.128, S.129",,3,,,,,A,Euro short-term rate,"Euro short-term rate, Volume-weighted trimmed mean rate - Unsecured - Overnight - Borrowing - Financial corporations",,PC,0,2.25,True,-6.800000000000006,-6.871666666666669,0.11657785158529695,0.6147537091488271,False,Normal transmission
2026-07-07,2.182,EST.B.EU000A2X2A25.WT,B,EU000A2X2A25,WT,A,F,,,,,P1D,,,,"ESA 2010 Sectors: S.121, S.122, S.123, S.124, S.125, S.126, S.127, S.128, S.129",,3,,,,,A,Euro short-term rate,"Euro short-term rate, Volume-weighted trimmed mean rate - Unsecured - Overnight - Borrowing - Financial corporations",,PC,0,2.25,True,-6.800000000000006,-6.871666666666668,0.11657785158529695,0.6147537091488194,False,Normal transmission
2026-07-08,2.182,EST.B.EU000A2X2A25.WT,B,EU000A2X2A25,WT,A,F,,,,,P1D,,,,"ESA 2010 Sectors: S.121, S.122, S.123, S.124, S.125, S.126, S.127, S.128, S.129",,3,,,,,A,Euro short-term rate,"Euro short-term rate, Volume-weighted trimmed mean rate - Unsecured - Overnight - Borrowing - Financial corporations",,PC,0,2.25,True,-6.800000000000006,-6.871666666666668,0.11657785158529695,0.6147537091488194,False,Normal transmission
2026-07-09,2.182,EST.B.EU000A2X2A25.WT,B,EU000A2X2A25,WT,A,F,,,,,P1D,,,,"ESA 2010 Sectors: S.121, S.122, S.123, S.124, S.125, S.126, S.127, S.128, S.129",,3,,,,,A,Euro short-term rate,"Euro short-term rate, Volume-weighted trimmed mean rate - Unsecured - Overnight - Borrowing - Financial corporations",,PC,0,2.25,True,-6.800000000000006,-6.871666666666668,0.11657785158529695,0.6147537091488194,False,Normal transmission
2026-07-10,2.182,EST.B.EU000A2X2A25.WT,B,EU000A2X2A25,WT,A,F,,,,,P1D,,,,"ESA 2010 Sectors: S.121, S.122, S.123, S.124, S.125, S.126, S.127, S.128, S.129",,3,,,,,A,Euro short-term rate,"Euro short-term rate, Volume-weighted trimmed mean rate - Unsecured - Overnight - Borrowing - Financial corporations",,PC,0,2.25,True,-6.800000000000006,-6.871666666666668,0.11657785158529695,0.6147537091488194,False,Normal transmission
2026-07-13,2.184,EST.B.EU000A2X2A25.WT,B,EU000A2X2A25,WT,A,F,,,,,P1D,,,,"ESA 2010 Sectors: S.121, S.122, S.123, S.124, S.125, S.126, S.127, S.128, S.129",,3,,,,,A,Euro short-term rate,"Euro short-term rate, Volume-weighted trimmed mean rate - Unsecured - Overnight - Borrowing - Financial corporations",,PC,0,2.25,True,-6.599999999999984,-6.868333333333334,0.12142050013537732,2.2099508158356556,True,Unusually above policy rate
2026-07-14,2.184,EST.B.EU000A2X2A25.WT,B,EU000A2X2A25,WT,A,F,,,,,P1D,,,,"ESA 2010 Sectors: S.121, S.122, S.123, S.124, S.125, S.126, S.127, S.128, S.129",,3,,,,,A,Euro short-term rate,"Euro short-term rate, Volume-weighted trimmed mean rate - Unsecured - Overnight - Borrowing - Financial corporations",,PC,0,2.25,True,-6.599999999999984,-6.863333333333334,0.12617806447564653,2.086997723635047,True,Unusually above policy rate
2026-07-15,2.184,EST.B.EU000A2X2A25.WT,B,EU000A2X2A25,WT,A,F,,,,,P1D,,,,"ESA 2010 Sectors: S.121, S.122, S.123, S.124, S.125, S.126, S.127, S.128, S.129",,3,,,,,A,Euro short-term rate,"Euro short-term rate, Volume-weighted trimmed mean rate - Unsecured - Overnight - Borrowing - Financial corporations",,PC,0,2.25,True,-6.599999999999984,-6.86,0.1304490289444916,1.993115641440699,False,Normal transmission
2026-07-16,2.185,EST.B.EU000A2X2A25.WT,B,EU000A2X2A25,WT,A,F,,,,,P1D,,,,"ESA 2010 Sectors: S.121, S.122, S.123, S.124, S.125, S.126, S.127, S.128, S.129",,3,,,,,A,Euro short-term rate,"Euro short-term rate, Volume-weighted trimmed mean rate - Unsecured - Overnight - Borrowing - Financial corporations",,PC,0,2.25,True,-6.499999999999995,-6.853333333333334,0.13835188086134517,2.5538744477745605,True,Unusually above policy rate
2026-07-17,2.186,EST.B.EU000A2X2A25.WT,B,EU000A2X2A25,WT,A,F,,,,,P1D,,,,"ESA 2010 Sectors: S.121, S.122, S.123, S.124, S.125, S.126, S.127, S.128, S.129",,3,,,,,A,Euro short-term rate,"Euro short-term rate, Volume-weighted trimmed mean rate - Unsecured - Overnight - Borrowing - Financial corporations",,PC,0,2.25,True,-6.400000000000006,-6.8483333333333345,0.14899854016657418,3.0089780264431503,True,Unusually above policy rate
2026-07-20,2.184,EST.B.EU000A2X2A25.WT,B,EU000A2X2A25,WT,A,F,,,,,P1D,,,,"ESA 2010 Sectors: S.121, S.122, S.123, S.124, S.125, S.126, S.127, S.128, S.129",,3,,,,,A,Euro short-term rate,"Euro short-term rate, Volume-weighted trimmed mean rate - Unsecured - Overnight - Borrowing - Financial corporations",,PC,0,2.25,True,-6.599999999999984,-6.846666666666668,0.15122849102333238,1.6310859481407296,False,Normal transmission
2026-07-21,2.183,EST.B.EU000A2X2A25.WT,B,EU000A2X2A25,WT,A,F,,,,,P1D,,,,"ESA 2010 Sectors: S.121, S.122, S.123, S.124, S.125, S.126, S.127, S.128, S.129",,3,,,,,A,Euro short-term rate,"Euro short-term rate, Volume-weighted trimmed mean rate - Unsecured - Overnight - Borrowing - Financial corporations",,PC,0,2.25,True,-6.700000000000017,-6.845000000000001,0.1522987697069686,0.9520759772319353,False,Normal transmission
2026-07-22,2.184,EST.B.EU000A2X2A25.WT,B,EU000A2X2A25,WT,A,F,,,,,P1D,,,,"ESA 2010 Sectors: S.121, S.122, S.123, S.124, S.125, S.126, S.127, S.128, S.129",,3,,,,,A,Euro short-term rate,"Euro short-term rate, Volume-weighted trimmed mean rate - Unsecured - Overnight - Borrowing - Financial corporations",,PC,0,2.25,True,-6.599999999999984,-6.841666666666668,0.15545631755154213,1.5545631755142952,False,Normal transmission
2026-07-23,2.185,EST.B.EU000A2X2A25.WT,B,EU000A2X2A25,WT,A,F,,,,,P1D,,,,"ESA 2010 Sectors: S.121, S.122, S.123, S.124, S.125, S.126, S.127, S.128, S.129",,3,,,,,A,Euro short-term rate,"Euro short-term rate, Volume-weighted trimmed mean rate - Unsecured - Overnight - Borrowing - Financial corporations",,PC,0,2.25,True,-6.499999999999995,-6.836666666666668,0.16152521623649196,2.08429788556205,True,Unusually above policy rate
2026-07-24,2.186,EST.B.EU000A2X2A25.WT,B,EU000A2X2A25,WT,A,F,,,,,P1D,,,,"ESA 2010 Sectors: S.121, S.122, S.123, S.124, S.125, S.126, S.127, S.128, S.129",,3,,,,,A,Euro short-term rate,"Euro short-term rate, Volume-weighted trimmed mean rate - Unsecured - Overnight - Borrowing - Financial corporations",,PC,0,2.25,True,-6.400000000000006,-6.826666666666667,0.169612386286912,2.5155395546698043,True,Unusually above policy rate
2026-07-27,2.185,EST.B.EU000A2X2A25.WT,B,EU000A2X2A25,WT,A,F,,,,,P1D,,,,"ESA 2010 Sectors: S.121, S.122, S.123, S.124, S.125, S.126, S.127, S.128, S.129",,3,,,,,A,Euro short-term rate,"Euro short-term rate, Volume-weighted trimmed mean rate - Unsecured - Overnight - Borrowing - Financial corporations",,PC,0,2.25,True,-6.499999999999995,-6.821666666666667,0.1747556809451952,1.840665006864926,False,Normal transmission
2026-07-28,2.184,EST.B.EU000A2X2A25.WT,B,EU000A2X2A25,WT,A,F,,,,,P1D,,,,"ESA 2010 Sectors: S.121, S.122, S.123, S.124, S.125, S.126, S.127, S.128, S.129",,3,,,,,A,Euro short-term rate,"Euro short-term rate, Volume-weighted trimmed mean rate - Unsecured - Overnight - Borrowing - Financial corporations",,PC,0,2.25,True,-6.599999999999984,-6.8183333333333325,0.1770680867481574,1.2330473398285635,False,Normal transmission
2026-07-29,2.185,EST.B.EU000A2X2A25.WT,B,EU000A2X2A25,WT,A,F,,,,,P1D,,,,"ESA 2010 Sectors: S.121, S.122, S.123, S.124, S.125, S.126, S.127, S.128, S.129",,3,,,,,A,Euro short-term rate,"Euro short-term rate, Volume-weighted trimmed mean rate - Unsecured - Overnight - Borrowing - Financial corporations",,PC,0,2.25,True,-6.499999999999995,-6.8116666666666665,0.18141783092781041,1.7179494709684293,False,Normal transmission
2026-07-30,2.185,EST.B.EU000A2X2A25.WT,B,EU000A2X2A25,WT,A,F,,,,,P1D,,,,"ESA 2010 Sectors: S.121, S.122, S.123, S.124, S.125, S.126, S.127, S.128, S.129",,3,,,,,A,Euro short-term rate,"Euro short-term rate, Volume-weighted trimmed mean rate - Unsecured - Overnight - Borrowing - Financial corporations",,PC,0,2.25,True,-6.499999999999995,-6.803333333333332,0.18408423520154665,1.6477963634486645,False,Normal transmission
