observation_date,estr_rate,daily_change_bp,rolling_change_volatility_bp,change_z_score,absolute_change_bp,is_month_end,is_quarter_end,funding_regime,is_abnormal_move
2019-10-01,-0.549,,,,,False,False,Insufficient history,False
2019-10-02,-0.551,-0.20000000000000018,,,0.20000000000000018,False,False,Insufficient history,False
2019-10-03,-0.555,-0.40000000000000036,,,0.40000000000000036,False,False,Insufficient history,False
2019-10-04,-0.553,0.20000000000000018,,,0.20000000000000018,False,False,Insufficient history,False
2019-10-07,-0.554,-0.10000000000000009,,,0.10000000000000009,False,False,Insufficient history,False
2019-10-08,-0.552,0.20000000000000018,,,0.20000000000000018,False,False,Insufficient history,False
2019-10-09,-0.552,0.0,,,0.0,False,False,Insufficient history,False
2019-10-10,-0.552,0.0,,,0.0,False,False,Insufficient history,False
2019-10-11,-0.55,0.20000000000000018,,,0.20000000000000018,False,False,Insufficient history,False
2019-10-14,-0.549,0.10000000000000009,,,0.10000000000000009,False,False,Insufficient history,False
2019-10-15,-0.551,-0.20000000000000018,,,0.20000000000000018,False,False,Insufficient history,False
2019-10-16,-0.548,0.30000000000000027,,,0.30000000000000027,False,False,Insufficient history,False
2019-10-17,-0.548,0.0,,,0.0,False,False,Insufficient history,False
2019-10-18,-0.547,0.10000000000000009,,,0.10000000000000009,False,False,Insufficient history,False
2019-10-21,-0.549,-0.20000000000000018,,,0.20000000000000018,False,False,Insufficient history,False
2019-10-22,-0.548,0.10000000000000009,,,0.10000000000000009,False,False,Insufficient history,False
2019-10-23,-0.547,0.10000000000000009,,,0.10000000000000009,False,False,Insufficient history,False
2019-10-24,-0.548,-0.10000000000000009,,,0.10000000000000009,False,False,Insufficient history,False
2019-10-25,-0.548,0.0,,,0.0,False,False,Insufficient history,False
2019-10-28,-0.548,0.0,,,0.0,False,False,Insufficient history,False
2019-10-29,-0.545,0.30000000000000027,0.18238190122579845,1.535240054622226,0.30000000000000027,False,False,Mild tightening,False
2019-10-30,-0.545,0.0,0.17501879598308426,-0.17141016101436074,0.0,False,False,Normal,False
2019-10-31,-0.543,0.20000000000000018,0.14653901941300942,0.9553769402906979,0.20000000000000018,True,False,Normal,False
2019-11-01,-0.549,-0.6000000000000005,0.20416711421361633,-3.03672803716717,0.6000000000000005,False,False,Sharp easing,True
2019-11-04,-0.536,1.3000000000000012,0.3492849839314599,3.464219922598903,1.3000000000000012,False,False,Sharp tightening,True
2019-11-05,-0.541,-0.5000000000000004,0.3720144309594797,-1.4918776096093214,0.5000000000000004,False,False,Mild easing,False
2019-11-06,-0.539,0.20000000000000018,0.3731445324606317,0.3617901061279605,0.20000000000000018,False,False,Normal,False
2019-11-07,-0.537,0.20000000000000018,0.37398986758016833,0.33423365399920935,0.20000000000000018,False,False,Normal,False
2019-11-08,-0.54,-0.30000000000000027,0.38182387783402283,-0.9166529919120034,0.30000000000000027,False,False,Normal,False
2019-11-11,-0.541,-0.10000000000000009,0.38306245196477223,-0.3654756535962314,0.10000000000000009,False,False,Normal,False
2019-11-12,-0.537,0.40000000000000036,0.3867543760171581,0.8532547282292677,0.40000000000000036,False,False,Normal,False
2019-11-13,-0.531,0.6000000000000005,0.401674128197421,1.2821338588849325,0.6000000000000005,False,False,Mild tightening,False
2019-11-14,-0.536,-0.5000000000000004,0.4222745427724533,-1.3261514566407615,0.5000000000000004,False,False,Mild easing,False
2019-11-15,-0.541,-0.5000000000000004,0.44021525835006087,-1.203956450729253,0.5000000000000004,False,False,Mild easing,False
2019-11-18,-0.541,0.0,0.43697524920875436,-0.09153836532487679,0.0,False,False,Normal,False
2019-11-19,-0.542,-0.10000000000000009,0.43781755392665117,-0.2969273361336704,0.10000000000000009,False,False,Normal,False
2019-11-20,-0.511,3.1000000000000028,0.814732762127688,3.583997275836036,3.1000000000000028,False,False,Sharp tightening,True
2019-11-21,-0.542,-3.1000000000000028,1.0964536133899105,-2.854657927865245,3.1000000000000028,False,False,Sharp easing,True
2019-11-22,-0.536,0.6000000000000005,1.103773432128934,0.48923083694672764,0.6000000000000005,False,False,Normal,False
2019-11-25,-0.533,0.30000000000000027,1.104952963990586,0.2036285772630564,0.30000000000000027,False,False,Normal,False
2019-11-26,-0.533,0.0,1.103773432128934,-0.05435898188296973,0.0,False,False,Normal,False
2019-11-27,-0.533,0.0,1.103773432128934,-0.05435898188296973,0.0,False,False,Normal,False
2019-11-28,-0.531,0.20000000000000018,1.103773432128934,0.12683762439359605,0.20000000000000018,False,False,Normal,False
2019-11-29,-0.532,-0.10000000000000009,1.0936539431504022,-0.1691577131492667,0.10000000000000009,True,False,Normal,False
2019-12-02,-0.541,-0.9000000000000008,1.0755047774490782,-0.8135714674139877,0.9000000000000008,False,False,Normal,False
2019-12-03,-0.539,0.20000000000000018,1.0706122203280661,0.17746855153752938,0.20000000000000018,False,False,Normal,False
2019-12-04,-0.54,-0.10000000000000009,1.0699114572317616,-0.08879239432186155,0.10000000000000009,False,False,Normal,False
2019-12-05,-0.54,0.0,1.0688286751589833,0.01403405461382184,0.0,False,False,Normal,False
2019-12-06,-0.541,-0.10000000000000009,1.0669558270341408,-0.08903836278215503,0.10000000000000009,False,False,Normal,False
2019-12-09,-0.541,0.0,1.0667214898192063,0.0,0.0,False,False,Normal,False
2019-12-10,-0.544,-0.30000000000000027,1.064387642088906,-0.24896944451546474,0.30000000000000027,False,False,Normal,False
2019-12-11,-0.544,0.0,1.0539524607275634,0.06167261088334983,0.0,False,False,Normal,False
2019-12-12,-0.544,0.0,1.0490095579314713,0.038131206429496724,0.0,False,False,Normal,False
2019-12-13,-0.543,0.10000000000000009,1.0437281356045902,0.10539142928851053,0.10000000000000009,False,False,Normal,False
2019-12-16,-0.543,0.0,1.0437281356045902,0.00958103902622823,0.0,False,False,Normal,False
2019-12-17,-0.536,0.7000000000000006,1.0553622476117916,0.6348531051931809,0.7000000000000006,False,False,Normal,False
2019-12-18,-0.54,-0.40000000000000036,0.7715159376871382,-0.33051812353279825,0.40000000000000036,False,False,Normal,False
2019-12-19,-0.54,0.0,0.33387675002989725,-0.02995117209899926,0.0,False,False,Normal,False
2019-12-20,-0.54,0.0,0.3036618618064995,0.06586273258360145,0.0,False,False,Normal,False
2019-12-23,-0.545,-0.5000000000000004,0.31187041843486374,-1.4108423691100969,0.5000000000000004,False,False,Mild easing,False
2019-12-24,-0.549,-0.40000000000000036,0.320525883674413,-0.9983593098055479,0.40000000000000036,False,False,Normal,False
2019-12-27,-0.542,0.7000000000000006,0.3648720035126957,2.0418119034284263,0.7000000000000006,False,False,Sharp tightening,True
2019-12-30,-0.541,0.10000000000000009,0.3620119218740559,0.41435099491608784,0.10000000000000009,False,False,Normal,False
2019-12-31,-0.531,1.0000000000000009,0.43100250335089374,2.30857127804183,1.0000000000000009,True,True,Sharp tightening,True
2020-01-02,-0.539,-0.8000000000000007,0.4204008112566667,-1.9267327234187297,0.8000000000000007,False,False,Mild easing,False
2020-01-03,-0.537,0.20000000000000018,0.4204008112566667,0.45194965117229463,0.20000000000000018,False,False,Normal,False
2020-01-06,-0.539,-0.20000000000000018,0.4223680111491702,-0.4853587264865073,0.20000000000000018,False,False,Normal,False
2020-01-07,-0.54,-0.10000000000000009,0.4230217115244239,-0.23639448585188377,0.10000000000000009,False,False,Normal,False
2020-01-08,-0.536,0.40000000000000036,0.4314906841709518,0.8690801765987363,0.40000000000000036,False,False,Normal,False
2020-01-09,-0.539,-0.30000000000000027,0.4375770608824537,-0.7084466433748353,0.30000000000000027,False,False,Normal,False
2020-01-10,-0.538,0.10000000000000009,0.431765043318214,0.16212521389419093,0.10000000000000009,False,False,Normal,False
2020-01-13,-0.537,0.10000000000000009,0.4319783132958124,0.1504705166888529,0.10000000000000009,False,False,Normal,False
2020-01-14,-0.538,-0.10000000000000009,0.4329823139696662,-0.30024321041692165,0.10000000000000009,False,False,Normal,False
2020-01-15,-0.538,0.0,0.43270872663405285,-0.057775585425488385,0.0,False,False,Normal,False
2020-01-16,-0.536,0.20000000000000018,0.4344082484435462,0.3798270419385069,0.20000000000000018,False,False,Normal,False
2020-01-17,-0.537,-0.10000000000000009,0.40584544634107916,-0.2340792556784302,0.10000000000000009,False,False,Normal,False
2020-01-20,-0.538,-0.10000000000000009,0.39590004054718586,-0.2778479129427864,0.10000000000000009,False,False,Normal,False
2020-01-21,-0.535,0.30000000000000027,0.4011496636313923,0.6855296786505392,0.30000000000000027,False,False,Normal,False
2020-01-22,-0.536,-0.10000000000000009,0.402099751960028,-0.29843340965783305,0.10000000000000009,False,False,Normal,False
2020-01-23,-0.537,-0.10000000000000009,0.38443396531031276,-0.36417177625549546,0.10000000000000009,False,False,Normal,False
2020-01-24,-0.537,0.0,0.37049042888411715,-0.16194750342327194,0.0,False,False,Normal,False
2020-01-27,-0.538,-0.10000000000000009,0.33965927199567475,-0.3532952281706834,0.10000000000000009,False,False,Normal,False
2020-01-28,-0.536,0.20000000000000018,0.34162922345108243,0.5122512595151516,0.20000000000000018,False,False,Normal,False
2020-01-29,-0.54,-0.40000000000000036,0.266507628013672,-1.3320444245662966,0.40000000000000036,False,False,Mild easing,False
2020-01-30,-0.539,0.10000000000000009,0.20000000000000004,0.5000000000000003,0.10000000000000009,False,False,Normal,False
2020-01-31,-0.539,0.0,0.19439514830419646,0.05144161306099909,0.0,True,False,Normal,False
2020-02-03,-0.537,0.20000000000000018,0.19439514830419646,0.9773906481589828,0.20000000000000018,False,False,Normal,False
2020-02-04,-0.536,0.10000000000000009,0.19358120830939743,0.41326325369421957,0.10000000000000009,False,False,Normal,False
2020-02-05,-0.536,0.0,0.1716790150557904,0.0,0.0,False,False,Normal,False
2020-02-06,-0.535,0.10000000000000009,0.1576137851304824,0.5075698165218933,0.10000000000000009,False,False,Normal,False
2020-02-07,-0.537,-0.20000000000000018,0.16375527311718605,-1.2518680839871257,0.20000000000000018,False,False,Mild easing,False
2020-02-10,-0.537,0.0,0.1622214211307625,0.0,0.0,False,False,Normal,False
2020-02-11,-0.541,-0.40000000000000036,0.18431951662948315,-2.0887641582411627,0.40000000000000036,False,False,Sharp easing,True
2020-02-12,-0.541,0.0,0.18431951662948315,0.08138042174965568,0.0,False,False,Normal,False
2020-02-13,-0.54,0.10000000000000009,0.17947291248483563,0.6686245759238981,0.10000000000000009,False,False,Normal,False
2020-02-14,-0.538,0.20000000000000018,0.18488972531299783,1.1087690224697877,0.20000000000000018,False,False,Mild tightening,False
2020-02-17,-0.541,-0.30000000000000027,0.1954078056944394,-1.4584883085256932,0.30000000000000027,False,False,Mild easing,False
2020-02-18,-0.536,0.5000000000000004,0.21636956688426456,2.3339696394092404,0.5000000000000004,False,False,Sharp tightening,True
2020-02-19,-0.538,-0.20000000000000018,0.21980852911951398,-0.864388660263013,0.20000000000000018,False,False,Normal,False
2020-02-20,-0.538,0.0,0.21878853044122673,0.022853117528220505,0.0,False,False,Normal,False
2020-02-21,-0.539,-0.10000000000000009,0.21980852911951398,-0.4094472601245851,0.10000000000000009,False,False,Normal,False
2020-02-24,-0.54,-0.10000000000000009,0.21980852911951398,-0.4094472601245851,0.10000000000000009,False,False,Normal,False
2020-02-25,-0.539,0.10000000000000009,0.21588252165910687,0.5326971313666277,0.10000000000000009,False,False,Normal,False
2020-02-26,-0.539,0.0,0.1959457497423847,-0.02551726693012552,0.0,False,False,Normal,False
2020-02-27,-0.538,0.10000000000000009,0.1959457497423847,0.4848280716723849,0.10000000000000009,False,False,Normal,False
2020-02-28,-0.54,-0.20000000000000018,0.20124611797498107,-0.9689627902499097,0.20000000000000018,True,False,Normal,False
2020-03-02,-0.542,-0.20000000000000018,0.19967078166980662,-0.8764427050192839,0.20000000000000018,False,False,Normal,False
2020-03-03,-0.542,0.0,0.19761738683361685,0.15180850471046053,0.0,False,False,Normal,False
2020-03-04,-0.541,0.10000000000000009,0.19967078166980662,0.6260305035852027,0.10000000000000009,False,False,Normal,False
2020-03-05,-0.54,0.10000000000000009,0.19967078166980662,0.6260305035852027,0.10000000000000009,False,False,Normal,False
2020-03-06,-0.541,-0.10000000000000009,0.19628121608924703,-0.40757848149679743,0.10000000000000009,False,False,Normal,False
2020-03-09,-0.539,0.20000000000000018,0.20235456115702616,1.0377823894814073,0.20000000000000018,False,False,Mild tightening,False
2020-03-10,-0.541,-0.20000000000000018,0.18637822325921866,-1.0730867399773205,0.20000000000000018,False,False,Mild easing,False
2020-03-11,-0.543,-0.20000000000000018,0.19166857359844663,-0.9912944852297895,0.20000000000000018,False,False,Normal,False
2020-03-12,-0.54,0.30000000000000027,0.20261449005179114,1.480644350378475,0.30000000000000027,False,False,Mild tightening,False
2020-03-13,-0.541,-0.10000000000000009,0.19808291724745763,-0.42911322783989864,0.10000000000000009,False,False,Normal,False
2020-03-16,-0.536,0.5000000000000004,0.21734038305216813,2.185511929856065,0.5000000000000004,False,False,Sharp tightening,True
2020-03-17,-0.531,0.5000000000000004,0.21734038305216813,2.185511929856065,0.5000000000000004,False,False,Sharp tightening,True
2020-03-18,-0.529,0.20000000000000018,0.21392325234704349,0.7245589168051105,0.20000000000000018,False,False,Normal,False
2020-03-19,-0.526,0.30000000000000027,0.22100250058123302,1.0859605632008873,0.30000000000000027,False,False,Mild tightening,False
2020-03-20,-0.524,0.20000000000000018,0.2197486602557807,0.5688316818610132,0.20000000000000018,False,False,Normal,False
2020-03-23,-0.525,-0.10000000000000009,0.2197486602557807,-0.7963643546054184,0.10000000000000009,False,False,Normal,False
2020-03-24,-0.527,-0.20000000000000018,0.2280350850198276,-1.140175425099139,0.20000000000000018,False,False,Mild easing,False
2020-03-25,-0.527,0.0,0.2280350850198276,-0.26311740579210896,0.0,False,False,Normal,False
2020-03-26,-0.529,-0.20000000000000018,0.23502519461807317,-1.0424414301544844,0.20000000000000018,False,False,Mild easing,False
2020-03-27,-0.53,-0.10000000000000009,0.23055995909273172,-0.6505899835785007,0.10000000000000009,False,False,Normal,False
2020-03-30,-0.528,0.20000000000000018,0.22501461940809186,0.5777402390207768,0.20000000000000018,False,False,Normal,False
2020-03-31,-0.522,0.6000000000000005,0.2533979603623311,1.9731808388870047,0.6000000000000005,True,True,Mild tightening,False
2020-04-01,-0.527,-0.5000000000000004,0.28672378052018904,-1.9879760198678922,0.5000000000000004,False,False,Mild easing,False
2020-04-02,-0.534,-0.7000000000000006,0.3341918768107865,-2.1843738602099947,0.7000000000000006,False,False,Sharp easing,True
2020-04-03,-0.539,-0.5000000000000004,0.35377661700124025,-1.4415876445508906,0.5000000000000004,False,False,Mild easing,False
2020-04-06,-0.533,0.6000000000000005,0.3757098544579876,1.517128159500375,0.6000000000000005,False,False,Mild tightening,False
2020-04-07,-0.533,0.0,0.37190830788473167,-0.10755339193013547,0.0,False,False,Normal,False
2020-04-08,-0.535,-0.20000000000000018,0.37190830788473167,-0.6453203515808128,0.20000000000000018,False,False,Normal,False
2020-04-09,-0.536,-0.10000000000000009,0.3679244773763112,-0.3261538912978186,0.10000000000000009,False,False,Normal,False
2020-04-14,-0.534,0.20000000000000018,0.36888880081729397,0.44728926341605746,0.20000000000000018,False,False,Normal,False
2020-04-15,-0.535,-0.10000000000000009,0.35314377570019495,-0.2973293237062202,0.10000000000000009,False,False,Normal,False
2020-04-16,-0.534,0.10000000000000009,0.33446736918962916,0.34383025249557264,0.10000000000000009,False,False,Normal,False
2020-04-17,-0.538,-0.40000000000000036,0.34101242453055963,-1.041017788394942,0.40000000000000036,False,False,Mild easing,False
2020-04-20,-0.541,-0.30000000000000027,0.33541019662496857,-0.6708203932499373,0.30000000000000027,False,False,Normal,False
2020-04-21,-0.541,0.0,0.32971279367927103,0.2578001267451091,0.0,False,False,Normal,False
2020-04-22,-0.539,0.20000000000000018,0.33576307436235936,0.8041384554056505,0.20000000000000018,False,False,Normal,False
2020-04-23,-0.539,0.0,0.3346640106136303,0.17928429140015914,0.0,False,False,Normal,False
2020-04-24,-0.539,0.0,0.3346640106136303,0.17928429140015914,0.0,False,False,Normal,False
2020-04-27,-0.539,0.0,0.33324560249003654,0.15003948927276528,0.0,False,False,Normal,False
2020-04-28,-0.541,-0.20000000000000018,0.3347819400272678,-0.4331177481921216,0.20000000000000018,False,False,Normal,False
2020-04-29,-0.543,-0.20000000000000018,0.33066917797574963,-0.3780213225956223,0.20000000000000018,False,False,Normal,False
2020-04-30,-0.531,1.200000000000001,0.412278648744422,3.0198022715743305,1.200000000000001,True,False,Sharp tightening,True
2020-05-04,-0.543,-1.200000000000001,0.4774934554525332,-2.345581886433495,1.200000000000001,False,False,Sharp easing,True
2020-05-05,-0.539,0.40000000000000036,0.4655217785622814,0.91295406481856,0.40000000000000036,False,False,Normal,False
2020-05-06,-0.542,-0.30000000000000027,0.456848471942054,-0.6238392322698831,0.30000000000000027,False,False,Normal,False
2020-05-07,-0.541,0.10000000000000009,0.4345596682426455,0.3221651944050827,0.10000000000000009,False,False,Normal,False
2020-05-08,-0.541,0.0,0.4345596682426455,0.09204719840145219,0.0,False,False,Normal,False
2020-05-11,-0.544,-0.30000000000000027,0.43706557378667327,-0.5834364802304536,0.30000000000000027,False,False,Normal,False
2020-05-12,-0.543,0.10000000000000009,0.43802787702683016,0.3081995623573773,0.10000000000000009,False,False,Normal,False
2020-05-13,-0.542,0.10000000000000009,0.4357691325026424,0.3212710344947418,0.10000000000000009,False,False,Normal,False
2020-05-14,-0.541,0.10000000000000009,0.4366137640379294,0.29774599590659445,0.10000000000000009,False,False,Normal,False
2020-05-15,-0.543,-0.20000000000000018,0.43706557378667327,-0.35463786053223645,0.20000000000000018,False,False,Normal,False
2020-05-18,-0.542,0.10000000000000009,0.42993267526806817,0.2791134679986318,0.10000000000000009,False,False,Normal,False
2020-05-19,-0.542,0.0,0.4248529157249603,0.011768778828946265,0.0,False,False,Normal,False
2020-05-20,-0.545,-0.30000000000000027,0.42993267526806817,-0.6512647586634742,0.30000000000000027,False,False,Normal,False
2020-05-21,-0.545,0.0,0.42686124948956156,0.07028044835616695,0.0,False,False,Normal,False
2020-05-22,-0.539,0.6000000000000005,0.4495611895592134,1.3346347815039141,0.6000000000000005,False,False,Mild tightening,False
2020-05-25,-0.54,-0.10000000000000009,0.4501169438689184,-0.21105626280903944,0.10000000000000009,False,False,Normal,False
2020-05-26,-0.541,-0.10000000000000009,0.4506136167260679,-0.19972765282570654,0.10000000000000009,False,False,Normal,False
2020-05-27,-0.541,0.0,0.44838892892102905,0.0,0.0,False,False,Normal,False
2020-05-28,-0.541,0.0,0.44591715067168936,-0.022425690478459756,0.0,False,False,Normal,False
2020-05-29,-0.54,0.10000000000000009,0.34864398973587296,0.41589703040585835,0.10000000000000009,True,False,Normal,False
2020-06-01,-0.546,-0.6000000000000005,0.2580799549711189,-2.2667393911528944,0.6000000000000005,False,False,Sharp easing,True
2020-06-02,-0.542,0.40000000000000036,0.2580799549711189,1.6080287988520534,0.40000000000000036,False,False,Mild tightening,False
2020-06-03,-0.543,-0.10000000000000009,0.2502104377476982,-0.37968040364404837,0.10000000000000009,False,False,Normal,False
2020-06-04,-0.545,-0.20000000000000018,0.252565780905115,-0.7126856193857208,0.20000000000000018,False,False,Normal,False
2020-06-05,-0.544,0.10000000000000009,0.25396850198400595,0.452812057800941,0.10000000000000009,False,False,Normal,False
2020-06-08,-0.547,-0.30000000000000027,0.25396850198400595,-1.1221864041153755,0.30000000000000027,False,False,Mild easing,False
2020-06-09,-0.542,0.5000000000000004,0.2781044862334262,1.7799065621132182,0.5000000000000004,False,False,Mild tightening,False
2020-06-10,-0.548,-0.6000000000000005,0.30796445454493276,-1.850862953785584,0.6000000000000005,False,False,Mild easing,False
2020-06-11,-0.547,0.10000000000000009,0.30796445454493276,0.42212663858267707,0.10000000000000009,False,False,Normal,False
2020-06-12,-0.546,0.10000000000000009,0.30655127501043994,0.3751411570416194,0.10000000000000009,False,False,Normal,False
2020-06-15,-0.547,-0.10000000000000009,0.305863746754903,-0.2452072231368421,0.10000000000000009,False,False,Normal,False
2020-06-16,-0.546,0.10000000000000009,0.30710875837996593,0.39074105418879596,0.10000000000000009,False,False,Normal,False
2020-06-17,-0.544,0.20000000000000018,0.30344513073770213,0.6426202968752137,0.20000000000000018,False,False,Normal,False
2020-06-18,-0.544,0.0,0.30344513073770213,-0.016477443509620864,0.0,False,False,Normal,False
2020-06-19,-0.546,-0.20000000000000018,0.2719810364906464,-0.6066599426525628,0.20000000000000018,False,False,Normal,False
2020-06-22,-0.545,0.10000000000000009,0.27313964040009786,0.457641372804397,0.10000000000000009,False,False,Normal,False
2020-06-23,-0.544,0.10000000000000009,0.27390932037715277,0.41984697651636554,0.10000000000000009,False,False,Normal,False
2020-06-24,-0.546,-0.20000000000000018,0.2769666519922381,-0.6318450208399259,0.20000000000000018,False,False,Normal,False
2020-06-25,-0.547,-0.10000000000000009,0.27739388677664234,-0.25234874788846406,0.10000000000000009,False,False,Normal,False
2020-06-26,-0.547,0.0,0.2758241239783444,0.12689245413047326,0.0,False,False,Normal,False
2020-06-29,-0.545,0.20000000000000018,0.24596747752497689,0.7927877374771988,0.20000000000000018,False,False,Normal,False
2020-06-30,-0.555,-1.0000000000000009,0.3166851333489,-2.9524594038012126,1.0000000000000009,True,True,Sharp easing,True
2020-07-01,-0.548,0.7000000000000006,0.359641634496283,2.015895631815381,0.7000000000000006,False,False,Sharp tightening,True
2020-07-02,-0.548,0.0,0.35729244987382847,0.04198241526037564,0.0,False,False,Normal,False
2020-07-03,-0.549,-0.10000000000000009,0.3567027363299352,-0.21025911034959985,0.10000000000000009,False,False,Normal,False
2020-07-06,-0.55,-0.10000000000000009,0.3513507768897811,-0.241923472469408,0.10000000000000009,False,False,Normal,False
2020-07-07,-0.55,0.0,0.32991226904005555,0.12124435419267031,0.0,False,False,Normal,False
2020-07-08,-0.549,0.10000000000000009,0.3034451307377021,0.3460263137020382,0.10000000000000009,False,False,Normal,False
2020-07-09,-0.549,0.0,0.30244616745881636,0.03306373522277049,0.0,False,False,Normal,False
2020-07-10,-0.549,0.0,0.3013565819319105,0.04977492080590814,0.0,False,False,Normal,False
2020-07-13,-0.552,-0.30000000000000027,0.3075796858667601,-0.8940772509896087,0.30000000000000027,False,False,Normal,False
2020-07-14,-0.551,0.10000000000000009,0.3075796858667601,0.4063987504498221,0.10000000000000009,False,False,Normal,False
2020-07-15,-0.551,0.0,0.3030980386815983,0.1154741883261317,0.0,False,False,Normal,False
2020-07-16,-0.541,1.0000000000000009,0.38151360602073886,2.5818214198799945,1.0000000000000009,False,False,Sharp tightening,True
2020-07-17,-0.551,-1.0000000000000009,0.44233233516988374,-2.2042250192392987,1.0000000000000009,False,False,Sharp easing,True
2020-07-20,-0.551,0.0,0.44140922652699294,0.06796414346849969,0.0,False,False,Normal,False
2020-07-21,-0.549,0.20000000000000018,0.44352060416150874,0.5073045037566419,0.20000000000000018,False,False,Normal,False
2020-07-22,-0.55,-0.10000000000000009,0.4420050011624663,-0.18099342720014774,0.10000000000000009,False,False,Normal,False
2020-07-23,-0.55,0.0,0.44161783907522795,0.03396601919752798,0.0,False,False,Normal,False
2020-07-24,-0.551,-0.10000000000000009,0.4420050011624663,-0.18099342720014774,0.10000000000000009,False,False,Normal,False
2020-07-27,-0.552,-0.10000000000000009,0.4392277912787159,-0.1479869928329597,0.10000000000000009,False,False,Normal,False
2020-07-28,-0.551,0.10000000000000009,0.37640963128793076,0.21253441291146155,0.10000000000000009,False,False,Normal,False
2020-07-29,-0.553,-0.20000000000000018,0.34316637057663,-0.5099567294602434,0.20000000000000018,False,False,Normal,False
2020-07-30,-0.552,0.10000000000000009,0.34427651065600423,0.34855703565527957,0.10000000000000009,False,False,Normal,False
2020-07-31,-0.55,0.20000000000000018,0.34713109915419577,0.5905549819635696,0.20000000000000018,True,False,Normal,False
2020-08-03,-0.552,-0.20000000000000018,0.3492849839314598,-0.543968417598175,0.20000000000000018,False,False,Normal,False
2020-08-04,-0.551,0.10000000000000009,0.3501503436495456,0.29987118934571505,0.10000000000000009,False,False,Normal,False
2020-08-05,-0.552,-0.10000000000000009,0.34984959174208763,-0.24296155263963512,0.10000000000000009,False,False,Normal,False
2020-08-06,-0.553,-0.10000000000000009,0.3503381824826739,-0.22835078789608237,0.10000000000000009,False,False,Normal,False
2020-08-07,-0.553,0.0,0.3503381824826739,0.057087696974020594,0.0,False,False,Normal,False
2020-08-10,-0.554,-0.10000000000000009,0.3447348332605193,-0.2610702235941044,0.10000000000000009,False,False,Normal,False
2020-08-11,-0.552,0.20000000000000018,0.3471310991541959,0.5905549819635695,0.20000000000000018,False,False,Normal,False
2020-08-12,-0.552,0.0,0.3471310991541959,0.014403780047891938,0.0,False,False,Normal,False
2020-08-13,-0.552,0.0,0.25438263760679414,0.2162097245214313,0.0,False,False,Normal,False
2020-08-14,-0.549,0.30000000000000027,0.14104870379448814,2.056027401872039,0.30000000000000027,False,False,Sharp tightening,True
2020-08-17,-0.553,-0.40000000000000036,0.16827296120792615,-2.317662904369393,0.40000000000000036,False,False,Sharp easing,True
2020-08-18,-0.554,-0.10000000000000009,0.16181535936466535,-0.46349123034100165,0.10000000000000009,False,False,Normal,False
2020-08-19,-0.553,0.10000000000000009,0.16311119875071342,0.7050404931163385,0.10000000000000009,False,False,Normal,False
2020-08-20,-0.553,0.0,0.16311119875071342,0.0919618034499572,0.0,False,False,Normal,False
2020-08-21,-0.554,-0.10000000000000009,0.16311119875071342,-0.5211168862164242,0.10000000000000009,False,False,Normal,False
2020-08-24,-0.552,0.20000000000000018,0.16858544608470494,1.18634202800348,0.20000000000000018,False,False,Mild tightening,False
2020-08-25,-0.553,-0.10000000000000009,0.16827296120792615,-0.5348452856237061,0.10000000000000009,False,False,Normal,False
2020-08-26,-0.554,-0.10000000000000009,0.16375527311718613,-0.580133990140375,0.10000000000000009,False,False,Normal,False
2020-08-27,-0.552,0.20000000000000018,0.16858544608470497,1.1863420280034798,0.20000000000000018,False,False,Mild tightening,False
2020-08-28,-0.552,0.0,0.16189665319514632,0.061767799411802854,0.0,False,False,Normal,False
2020-08-31,-0.557,-0.5000000000000004,0.1915999120975516,-2.4791243106529084,0.5000000000000004,True,False,Sharp easing,True
2020-09-01,-0.554,0.30000000000000027,0.20332758116684005,1.5492241544029761,0.30000000000000027,False,False,Mild tightening,False
2020-09-02,-0.555,-0.10000000000000009,0.20332758116684005,-0.4180446130928666,0.10000000000000009,False,False,Normal,False
2020-09-03,-0.551,0.40000000000000036,0.22219005615155604,1.7552540683187954,0.40000000000000036,False,False,Mild tightening,False
2020-09-04,-0.552,-0.10000000000000009,0.2235479461111785,-0.4696978962525551,0.10000000000000009,False,False,Normal,False
2020-09-07,-0.551,0.10000000000000009,0.22307657406087464,0.3810350789088446,0.10000000000000009,False,False,Normal,False
2020-09-08,-0.553,-0.20000000000000018,0.2235479461111785,-0.8722960930404594,0.20000000000000018,False,False,Normal,False
2020-09-09,-0.554,-0.10000000000000009,0.22454632624823545,-0.40080816063098396,0.10000000000000009,False,False,Normal,False
2020-09-10,-0.554,0.0,0.22454632624823545,0.044534240070109324,0.0,False,False,Normal,False
2020-09-11,-0.553,0.10000000000000009,0.2142305693455192,0.560144149206174,0.10000000000000009,False,False,Normal,False
2020-09-14,-0.555,-0.20000000000000018,0.19973666874689108,-0.9512524725280697,0.20000000000000018,False,False,Normal,False
2020-09-15,-0.551,0.40000000000000036,0.21830688201896464,1.763572437292906,0.40000000000000036,False,False,Mild tightening,False
2020-09-16,-0.556,-0.5000000000000004,0.24553914898486268,-1.9752450963732076,0.5000000000000004,False,False,Mild easing,False
2020-09-17,-0.553,0.30000000000000027,0.2554665494634022,1.1743220418882194,0.30000000000000027,False,False,Mild tightening,False
2020-09-18,-0.552,0.10000000000000009,0.25526044491233296,0.35258106688213997,0.10000000000000009,False,False,Normal,False
2020-09-21,-0.552,0.0,0.2513123449750174,0.0,0.0,False,False,Normal,False
2020-09-22,-0.552,0.0,0.2502104377476983,-0.01998317913916043,0.0,False,False,Normal,False
2020-09-23,-0.551,0.10000000000000009,0.24978938496682626,0.3402866779598687,0.10000000000000009,False,False,Normal,False
2020-09-24,-0.553,-0.20000000000000018,0.2502104377476983,-0.7793439864272568,0.20000000000000018,False,False,Normal,False
2020-09-25,-0.554,-0.10000000000000009,0.25110283068684713,-0.35841889855969,0.10000000000000009,False,False,Normal,False
2020-09-28,-0.555,-0.10000000000000009,0.22454632624823545,-0.4898766407712026,0.10000000000000009,False,False,Normal,False
2020-09-29,-0.556,-0.10000000000000009,0.21496633763403403,-0.4186702019979478,0.10000000000000009,False,False,Normal,False
2020-09-30,-0.57,-1.3999999999999901,0.37818820154715604,-3.503546632548179,1.3999999999999901,True,True,Sharp easing,True
2020-10-01,-0.558,1.19999999999999,0.46370930095208457,2.6633065100576956,1.19999999999999,False,False,Sharp tightening,True
2020-10-02,-0.555,0.30000000000000027,0.469350054526691,0.6711408616275911,0.30000000000000027,False,False,Normal,False
2020-10-05,-0.555,0.0,0.4685925174054942,0.04268100589982985,0.0,False,False,Normal,False
2020-10-06,-0.556,-0.10000000000000009,0.46710192734168104,-0.18197313054078518,0.10000000000000009,False,False,Normal,False
2020-10-07,-0.555,0.10000000000000009,0.46732722672887633,0.22468196585712027,0.10000000000000009,False,False,Normal,False
2020-10-08,-0.553,0.20000000000000018,0.469574275274953,0.41526976724996384,0.20000000000000018,False,False,Normal,False
2020-10-09,-0.553,0.0,0.4690415759823401,0.0,0.0,False,False,Normal,False
2020-10-12,-0.556,-0.30000000000000027,0.47181062213338526,-0.6252508658370158,0.30000000000000027,False,False,Normal,False
2020-10-13,-0.555,0.10000000000000009,0.4629425336623127,0.259211438298155,0.10000000000000009,False,False,Normal,False
2020-10-14,-0.556,-0.10000000000000009,0.44956118955921015,-0.22243913025065398,0.10000000000000009,False,False,Normal,False
2020-10-15,-0.556,0.0,0.44399502130920987,0.03378416261463801,0.0,False,False,Normal,False
2020-10-16,-0.553,0.30000000000000027,0.44894613438467723,0.6793688076143731,0.30000000000000027,False,False,Normal,False
2020-10-19,-0.553,0.0,0.44894613438467723,0.011137193567448739,0.0,False,False,Normal,False
2020-10-20,-0.553,0.0,0.44894613438467723,0.011137193567448739,0.0,False,False,Normal,False
2020-10-21,-0.552,0.10000000000000009,0.44894613438467723,0.23388106491642352,0.10000000000000009,False,False,Normal,False
2020-10-22,-0.554,-0.20000000000000018,0.44894613438467723,-0.4343505491305008,0.20000000000000018,False,False,Normal,False
2020-10-23,-0.553,0.10000000000000009,0.44894613438467723,0.21160667778152603,0.10000000000000009,False,False,Normal,False
2020-10-26,-0.552,0.10000000000000009,0.44871160589308945,0.18943124912229767,0.10000000000000009,False,False,Normal,False
2020-10-27,-0.554,-0.20000000000000018,0.45061361672606465,-0.46603118992665193,0.20000000000000018,False,False,Normal,False
2020-10-28,-0.555,-0.10000000000000009,0.3075796858667581,-0.5689582506297528,0.10000000000000009,False,False,Normal,False
2020-10-29,-0.552,0.30000000000000027,0.16889735281961568,1.5986040958756964,0.30000000000000027,False,False,Mild tightening,False
2020-10-30,-0.557,-0.5000000000000004,0.1943951483041966,-2.520639039988954,0.5000000000000004,True,False,Sharp easing,True
2020-11-02,-0.555,0.20000000000000018,0.20000000000000018,1.0,0.20000000000000018,False,False,Mild tightening,False
2020-11-03,-0.553,0.20000000000000018,0.20332758116684016,0.9098618049668268,0.20000000000000018,False,False,Normal,False
2020-11-04,-0.558,-0.5000000000000004,0.2323223713087623,-2.087616432579466,0.5000000000000004,False,False,Sharp easing,True
2020-11-05,-0.556,0.20000000000000018,0.2323223713087623,0.925438212380588,0.20000000000000018,False,False,Normal,False
2020-11-06,-0.558,-0.20000000000000018,0.23591925469711497,-0.7417792168963656,0.20000000000000018,False,False,Normal,False
2020-11-09,-0.558,0.0,0.22687812633774637,0.04407652761162758,0.0,False,False,Normal,False
2020-11-10,-0.557,0.10000000000000009,0.22687812633774637,0.4848418037279034,0.10000000000000009,False,False,Normal,False
2020-11-11,-0.558,-0.10000000000000009,0.22687812633774637,-0.39668874850464825,0.10000000000000009,False,False,Normal,False
2020-11-12,-0.548,1.0000000000000009,0.32019730759248094,2.998151381153413,1.0000000000000009,False,False,Sharp tightening,True
2020-11-13,-0.556,-0.8000000000000007,0.36458339598996986,-2.1531424871076603,0.8000000000000007,False,False,Sharp easing,True
2020-11-16,-0.558,-0.20000000000000018,0.36688589937185506,-0.47698753290768997,0.20000000000000018,False,False,Normal,False
2020-11-17,-0.557,0.10000000000000009,0.3679244773763113,0.32615389129781847,0.10000000000000009,False,False,Normal,False
2020-11-18,-0.557,0.0,0.36688589937185506,0.06814107612967,0.0,False,False,Normal,False
2020-11-19,-0.557,0.0,0.36458339598996986,0.0411428500721209,0.0,False,False,Normal,False
2020-11-20,-0.557,0.0,0.3636076543690874,0.0550043426195275,0.0,False,False,Normal,False
2020-11-23,-0.557,0.0,0.3625567106275277,0.06895472974897919,0.0,False,False,Normal,False
2020-11-24,-0.556,0.10000000000000009,0.3611385504644709,0.3045922398994122,0.10000000000000009,False,False,Normal,False
2020-11-25,-0.554,0.20000000000000018,0.3634266739913587,0.5365594051157532,0.20000000000000018,False,False,Normal,False
2020-11-26,-0.556,-0.20000000000000018,0.35923896166611385,-0.5010592369078745,0.20000000000000018,False,False,Normal,False
2020-11-27,-0.557,-0.10000000000000009,0.34182174486588496,-0.2925501420023336,0.10000000000000009,False,False,Normal,False
2020-11-30,-0.56,-0.30000000000000027,0.34469666298600055,-0.7978029076863127,0.30000000000000027,True,False,Normal,False
2020-12-01,-0.557,0.30000000000000027,0.3488326397089528,0.917345350099667,0.30000000000000027,False,False,Normal,False
2020-12-02,-0.556,0.10000000000000009,0.33070896729999905,0.27214260542973895,0.10000000000000009,False,False,Normal,False
2020-12-03,-0.556,0.0,0.32767120876365047,0.0,0.0,False,False,Normal,False
2020-12-04,-0.555,0.10000000000000009,0.3248886448907496,0.2616281034647519,0.10000000000000009,False,False,Normal,False
2020-12-07,-0.555,0.0,0.3248886448907496,-0.046169665317309164,0.0,False,False,Normal,False
2020-12-08,-0.559,-0.40000000000000036,0.3370147583836965,-1.1572193510765465,0.40000000000000036,False,False,Mild easing,False
2020-12-09,-0.556,0.30000000000000027,0.3432047110460618,0.8449767461411073,0.30000000000000027,False,False,Normal,False
2020-12-10,-0.556,0.0,0.2521486612465377,0.15863657495643074,0.0,False,False,Normal,False
2020-12-11,-0.557,-0.10000000000000009,0.1791059668699543,-0.5304122562760732,0.10000000000000009,False,False,Normal,False
2020-12-14,-0.558,-0.10000000000000009,0.17471781760734592,-0.5723514714723384,0.10000000000000009,False,False,Normal,False
2020-12-15,-0.551,0.7000000000000006,0.23418391333129193,2.8609992482795974,0.7000000000000006,False,False,Sharp tightening,True
2020-12-16,-0.557,-0.6000000000000005,0.2733803981730646,-2.1947440416710786,0.6000000000000005,False,False,Sharp easing,True
2020-12-17,-0.556,0.10000000000000009,0.27429335045761377,0.34634452436235896,0.10000000000000009,False,False,Normal,False
2020-12-18,-0.558,-0.20000000000000018,0.2781044862334265,-0.7011753123476306,0.20000000000000018,False,False,Normal,False
2020-12-21,-0.557,0.10000000000000009,0.27909628596974456,0.35829928604223915,0.10000000000000009,False,False,Normal,False
2020-12-22,-0.558,-0.10000000000000009,0.2789076436460835,-0.3226874632170515,0.10000000000000009,False,False,Normal,False
2020-12-23,-0.559,-0.10000000000000009,0.2750598021100908,-0.2726679777439156,0.10000000000000009,False,False,Normal,False
2020-12-24,-0.555,0.40000000000000036,0.2874113135523634,1.3743369915326433,0.40000000000000036,False,False,Mild tightening,False
2020-12-28,-0.553,0.20000000000000018,0.28946411467435945,0.6218387388104949,0.20000000000000018,False,False,Normal,False
2020-12-29,-0.557,-0.40000000000000036,0.2960707596789023,-1.401691948404768,0.40000000000000036,False,False,Mild easing,False
2020-12-30,-0.555,0.20000000000000018,0.29181825634603864,0.6510901763962903,0.20000000000000018,False,False,Normal,False
2020-12-31,-0.583,-2.7999999999999914,0.6915086481934363,-3.853892510183776,2.7999999999999914,True,True,Sharp easing,True
2021-01-04,-0.566,1.7000000000000015,0.80426494718044,2.175899877440987,1.7000000000000015,False,False,Sharp tightening,True
2021-01-05,-0.563,0.30000000000000027,0.8074651695274526,0.42107079392535984,0.30000000000000027,False,False,Normal,False
2021-01-06,-0.566,-0.30000000000000027,0.8094670111284715,-0.30266829485546076,0.30000000000000027,False,False,Normal,False
2021-01-07,-0.565,0.10000000000000009,0.8059646067715498,0.16129740550362404,0.10000000000000009,False,False,Normal,False
2021-01-08,-0.562,0.29999999999998916,0.8059646067715496,0.40944726012457217,0.29999999999998916,False,False,Normal,False
2021-01-11,-0.564,-0.19999999999998908,0.8068130938582059,-0.19831110974521313,0.19999999999998908,False,False,Normal,False
2021-01-12,-0.563,0.10000000000000009,0.8072696021319725,0.16103665944645237,0.10000000000000009,False,False,Normal,False
2021-01-13,-0.562,0.09999999999998899,0.8075955214807637,0.14858923410070854,0.09999999999998899,False,False,Normal,False
2021-01-14,-0.564,-0.19999999999998908,0.7902531240052121,-0.17083133985699903,0.19999999999998908,False,False,Normal,False
2021-01-15,-0.566,-0.20000000000000018,0.7810081204510766,-0.19846144481888278,0.20000000000000018,False,False,Normal,False
2021-01-18,-0.565,0.10000000000000009,0.7810081204510766,0.185657480637018,0.10000000000000009,False,False,Normal,False
2021-01-19,-0.564,0.10000000000000009,0.7807553697339634,0.166505419033232,0.10000000000000009,False,False,Normal,False
2021-01-20,-0.564,0.0,0.7801990299377374,0.04486034800990793,0.0,False,False,Normal,False
2021-01-21,-0.562,0.19999999999998908,0.7817658823054628,0.2814141739611342,0.19999999999998908,False,False,Normal,False
2021-01-22,-0.561,0.10000000000000009,0.7819678281173228,0.14067074890387463,0.10000000000000009,False,False,Normal,False
2021-01-25,-0.564,-0.29999999999998916,0.7783078811721832,-0.32763384024319886,0.29999999999998916,False,False,Normal,False
2021-01-26,-0.558,0.5999999999999894,0.7899866754372612,0.7911525845091617,0.5999999999999894,False,False,Normal,False
2021-01-27,-0.563,-0.49999999999998934,0.7927965160048756,-0.5928381249307855,0.49999999999998934,False,False,Normal,False
2021-01-28,-0.561,0.19999999999998908,0.7927965160048753,0.2901122739022919,0.19999999999998908,False,False,Normal,False
2021-01-29,-0.564,-0.29999999999998916,0.4605203007125941,-0.8577254887325904,0.29999999999998916,True,False,Normal,False
2021-02-01,-0.566,-0.20000000000000018,0.26754242162396946,-0.7475450015964195,0.20000000000000018,False,False,Normal,False
2021-02-02,-0.564,0.20000000000000018,0.26252819397462007,0.7808685112876622,0.20000000000000018,False,False,Normal,False
2021-02-03,-0.558,0.5999999999999894,0.28543595465624594,1.961911212882781,0.5999999999999894,False,False,Mild tightening,False
2021-02-04,-0.564,-0.5999999999999894,0.31867323637064787,-1.8984964250223881,0.5999999999999894,False,False,Mild easing,False
2021-02-05,-0.565,-0.10000000000000009,0.31165939573092327,-0.272733635386327,0.10000000000000009,False,False,Normal,False
2021-02-08,-0.563,0.20000000000000018,0.31199696354797096,0.6250060826954748,0.20000000000000018,False,False,Normal,False
2021-02-09,-0.564,-0.10000000000000009,0.31199696354797096,-0.30449014285164155,0.10000000000000009,False,False,Normal,False
2021-02-10,-0.564,0.0,0.31102546857976004,0.03215170785100845,0.0,False,False,Normal,False
2021-02-11,-0.565,-0.10000000000000009,0.30860466961026295,-0.3078372084258338,0.10000000000000009,False,False,Normal,False
2021-02-12,-0.564,0.10000000000000009,0.30590676254116617,0.29420729130788237,0.10000000000000009,False,False,Normal,False
2021-02-15,-0.563,0.10000000000000009,0.30590676254116617,0.29420729130788237,0.10000000000000009,False,False,Normal,False
2021-02-16,-0.564,-0.10000000000000009,0.3060787652325985,-0.32671328873143834,0.10000000000000009,False,False,Normal,False
2021-02-17,-0.563,0.10000000000000009,0.3068944615438867,0.30955267006802867,0.10000000000000009,False,False,Normal,False
2021-02-18,-0.562,0.09999999999998899,0.3043543641010671,0.3285643703363555,0.09999999999998899,False,False,Normal,False
2021-02-19,-0.563,-0.09999999999998899,0.3041813863297195,-0.2958760925049944,0.09999999999998899,False,False,Normal,False
2021-02-22,-0.564,-0.10000000000000009,0.2973567766700057,-0.3362963545672812,0.10000000000000009,False,False,Normal,False
2021-02-23,-0.565,-0.10000000000000009,0.26212692787233227,-0.24797147140738843,0.10000000000000009,False,False,Normal,False
2021-02-24,-0.564,0.10000000000000009,0.23946211655114852,0.43848271915517106,0.10000000000000009,False,False,Normal,False
2021-02-25,-0.564,0.0,0.2345768867332668,0.0639449189086378,0.0,False,False,Normal,False
2021-02-26,-0.566,-0.20000000000000018,0.2291862033139696,-0.8290202344323189,0.20000000000000018,True,False,Normal,False
2021-03-01,-0.563,0.30000000000000027,0.23457688673326751,1.2149534592641593,0.30000000000000027,False,False,Mild tightening,False
2021-03-02,-0.565,-0.20000000000000018,0.23502519461807003,-0.8296982811433762,0.20000000000000018,False,False,Normal,False
2021-03-03,-0.565,0.0,0.18715318802914613,0.18701257706894517,0.0,False,False,Normal,False
2021-03-04,-0.565,0.0,0.1316894273021102,0.03796812016297594,0.0,False,False,Normal,False
2021-03-05,-0.562,0.29999999999998916,0.14608937423083665,1.9508605708014026,0.29999999999998916,False,False,Mild tightening,False
2021-03-08,-0.558,0.40000000000000036,0.16503588126605293,2.2722331478659883,0.40000000000000036,False,False,Sharp tightening,True
2021-03-09,-0.56,-0.20000000000000018,0.17044832524535677,-1.2907137672565234,0.20000000000000018,False,False,Mild easing,False
2021-03-10,-0.562,-0.20000000000000018,0.17740824166460212,-1.1837105087655038,0.20000000000000018,False,False,Mild easing,False
2021-03-11,-0.561,0.10000000000000009,0.17651599003161633,0.45321673116226796,0.10000000000000009,False,False,Normal,False
2021-03-12,-0.562,-0.10000000000000009,0.17740824166460212,-0.6200388379247862,0.10000000000000009,False,False,Normal,False
2021-03-15,-0.564,-0.19999999999998908,0.1820208200931084,-1.0713060181810052,0.19999999999998908,False,False,Mild easing,False
2021-03-16,-0.562,0.19999999999998908,0.18609561775433486,1.02098051685886,0.19999999999998908,False,False,Mild tightening,False
2021-03-17,-0.561,0.10000000000000009,0.18609561775433486,0.4836223500910687,0.10000000000000009,False,False,Normal,False
2021-03-18,-0.566,-0.49999999999998934,0.21667341419992275,-2.2153156250037114,0.49999999999998934,False,False,Sharp easing,True
2021-03-19,-0.565,0.10000000000000009,0.21740091511936097,0.5059776309571011,0.10000000000000009,False,False,Normal,False
2021-03-22,-0.566,-0.10000000000000009,0.21740091511936097,-0.41398169805581003,0.10000000000000009,False,False,Normal,False
2021-03-23,-0.563,0.30000000000000027,0.22687812633774343,1.2782193007372165,0.30000000000000027,False,False,Mild tightening,False
2021-03-24,-0.564,-0.10000000000000009,0.22710998958306483,-0.44031528592636116,0.10000000000000009,False,False,Normal,False
2021-03-25,-0.564,0.0,0.22710998958306483,0.0,0.0,False,False,Normal,False
2021-03-26,-0.568,-0.40000000000000036,0.24039441275580697,-1.622333878434034,0.40000000000000036,False,False,Mild easing,False
2021-03-29,-0.57,-0.20000000000000018,0.2323223713087594,-0.7102200234548787,0.20000000000000018,False,False,Normal,False
2021-03-30,-0.57,0.0,0.22912878474778928,0.10910894511799758,0.0,False,False,Normal,False
2021-03-31,-0.574,-0.40000000000000036,0.24381831026617218,-1.4560022157993509,0.40000000000000036,True,True,Mild easing,False
2021-04-01,-0.566,0.8000000000000007,0.3086046696102669,2.608515292450453,0.8000000000000007,False,False,Sharp tightening,True
2021-04-06,-0.567,-0.10000000000000009,0.3006571749386741,-0.24945355125916613,0.10000000000000009,False,False,Normal,False
2021-04-07,-0.567,0.0,0.28372521918222077,0.15860415979130327,0.0,False,False,Normal,False
2021-04-08,-0.57,-0.30000000000000027,0.28745709061939595,-0.8696950193899033,0.30000000000000027,False,False,Normal,False
2021-04-09,-0.568,0.20000000000000018,0.2903718124640947,0.7920879029139228,0.20000000000000018,False,False,Normal,False
2021-04-12,-0.567,0.10000000000000009,0.2903718124640947,0.44770185816873814,0.10000000000000009,False,False,Normal,False
2021-04-13,-0.563,0.40000000000000036,0.3051746695703423,1.3271088343282302,0.40000000000000036,False,False,Mild tightening,False
2021-04-14,-0.56,0.29999999999998916,0.3088177796899503,0.9066835474340457,0.29999999999998916,False,False,Normal,False
2021-04-15,-0.566,-0.5999999999999894,0.33497839678968566,-1.7314549402543704,0.5999999999999894,False,False,Mild easing,False
2021-04-16,-0.565,0.10000000000000009,0.33497839678968566,0.35823205660435736,0.10000000000000009,False,False,Normal,False
2021-04-19,-0.567,-0.20000000000000018,0.3186732363706537,-0.6119120708749847,0.20000000000000018,False,False,Normal,False
2021-04-20,-0.567,0.0,0.3177221560122174,0.031474040480876875,0.0,False,False,Normal,False
2021-04-21,-0.565,0.20000000000000018,0.3203205631205932,0.6087651635608147,0.20000000000000018,False,False,Normal,False
2021-04-22,-0.565,0.0,0.3127130852462201,0.03197819493906478,0.0,False,False,Normal,False
2021-04-23,-0.565,0.0,0.311996963547976,0.0160257969921914,0.0,False,False,Normal,False
2021-04-26,-0.567,-0.20000000000000018,0.31501879643167696,-0.5872665443953088,0.20000000000000018,False,False,Normal,False
2021-04-27,-0.56,0.6999999999999895,0.3393492223902105,1.9448991082144578,0.6999999999999895,False,False,Mild tightening,False
2021-04-28,-0.566,-0.5999999999999894,0.3650522673463823,-1.6983869310191089,0.5999999999999894,False,False,Mild easing,False
2021-04-29,-0.566,0.0,0.3650522673463823,-0.05478667519416578,0.0,False,False,Normal,False
2021-04-30,-0.569,-0.30000000000000027,0.35964163449627967,-0.9036773521931101,0.30000000000000027,True,False,Normal,False
2021-05-03,-0.567,0.20000000000000018,0.31367935354769994,0.6535336090229052,0.20000000000000018,False,False,Normal,False
2021-05-04,-0.564,0.30000000000000027,0.3199917762101128,0.890647889065948,0.30000000000000027,False,False,Normal,False
2021-05-05,-0.566,-0.20000000000000018,0.3235900590496982,-0.6335176074383531,0.20000000000000018,False,False,Normal,False
2021-05-06,-0.565,0.10000000000000009,0.3160196529531498,0.23732701209920914,0.10000000000000009,False,False,Normal,False
2021-05-07,-0.563,0.20000000000000018,0.3160196529531498,0.553763028231488,0.20000000000000018,False,False,Normal,False
2021-05-10,-0.567,-0.40000000000000036,0.3292735225182502,-1.2147955199702705,0.40000000000000036,False,False,Mild easing,False
2021-05-11,-0.564,0.30000000000000027,0.3235900590496982,0.9425505866765741,0.30000000000000027,False,False,Normal,False
2021-05-12,-0.564,0.0,0.31556132109055934,0.06337912368626411,0.0,False,False,Normal,False
2021-05-13,-0.564,0.0,0.28451251013101575,-0.03514783935298693,0.0,False,False,Normal,False
2021-05-14,-0.564,0.0,0.2837252191822199,-0.01762268442125619,0.0,False,False,Normal,False
2021-05-17,-0.565,-0.10000000000000009,0.28078836383147465,-0.39175412577289204,0.10000000000000009,False,False,Normal,False
2021-05-18,-0.558,0.6999999999999895,0.32032056312059126,2.044826575037588,0.6999999999999895,False,False,Sharp tightening,True
2021-05-19,-0.564,-0.5999999999999894,0.34864398973586885,-1.7352945061761562,0.5999999999999894,False,False,Mild easing,False
2021-05-20,-0.563,0.10000000000000009,0.34928498393145563,0.2576692504412439,0.10000000000000009,False,False,Normal,False
2021-05-21,-0.564,-0.10000000000000009,0.35015034364954145,-0.29987118934571866,0.10000000000000009,False,False,Normal,False
2021-05-24,-0.566,-0.20000000000000018,0.3501503436495415,-0.5854627982464029,0.20000000000000018,False,False,Normal,False
2021-05-25,-0.565,0.10000000000000009,0.31098316082352034,0.40195102419367246,0.10000000000000009,False,False,Normal,False
2021-05-26,-0.565,0.0,0.27999060134601655,-0.01785774228121654,0.0,False,False,Normal,False
2021-05-27,-0.564,0.10000000000000009,0.28078836383147465,0.3205261029050935,0.10000000000000009,False,False,Normal,False
2021-05-28,-0.566,-0.20000000000000018,0.27582412397834194,-0.7794822182300568,0.20000000000000018,False,False,Normal,False
2021-05-31,-0.571,-0.5000000000000004,0.29486839169543305,-1.6278448742508427,0.5000000000000004,True,False,Mild easing,False
2021-06-01,-0.564,0.7000000000000006,0.3292735225182518,2.125892159947963,0.7000000000000006,False,False,Sharp tightening,True
2021-06-02,-0.563,0.10000000000000009,0.32650461429801186,0.2603332273963445,0.10000000000000009,False,False,Normal,False
2021-06-03,-0.563,0.0,0.32589956476771825,-0.030684299953353457,0.0,False,False,Normal,False
2021-06-04,-0.563,0.0,0.3228165521093802,0.0,0.0,False,False,Normal,False
2021-06-07,-0.564,-0.10000000000000009,0.30996604228273095,-0.3710083825734193,0.10000000000000009,False,False,Normal,False
2021-06-08,-0.563,0.10000000000000009,0.30344513073769985,0.31307142668279875,0.10000000000000009,False,False,Normal,False
2021-06-09,-0.564,-0.10000000000000009,0.3043543641010707,-0.3285643703363881,0.10000000000000009,False,False,Normal,False
2021-06-10,-0.561,0.29999999999998916,0.3116593957309274,0.9144598362952799,0.29999999999998916,False,False,Normal,False
2021-06-11,-0.566,-0.49999999999998934,0.3322966334941971,-1.4745861095476498,0.49999999999998934,False,False,Mild easing,False
2021-06-14,-0.565,0.10000000000000009,0.3324549831021811,0.3007926037591224,0.10000000000000009,False,False,Normal,False
2021-06-15,-0.561,0.39999999999998925,0.30482954684803293,1.361416582779227,0.39999999999998925,False,False,Mild tightening,False
2021-06-16,-0.562,-0.10000000000000009,0.2731878089288891,-0.40265339962015867,0.10000000000000009,False,False,Normal,False
2021-06-17,-0.563,-0.09999999999998899,0.27338039817306187,-0.36579067361180945,0.09999999999998899,False,False,Normal,False
2021-06-18,-0.563,0.0,0.2723677854047987,-0.018357530765133988,0.0,False,False,Normal,False
2021-06-21,-0.564,-0.10000000000000009,0.2693071031173748,-0.40845562083840653,0.10000000000000009,False,False,Normal,False
2021-06-22,-0.564,0.0,0.26847522673129404,-0.018623692252262448,0.0,False,False,Normal,False
2021-06-23,-0.563,0.10000000000000009,0.2693071031173748,0.3341909625041508,0.10000000000000009,False,False,Normal,False
2021-06-24,-0.565,-0.20000000000000018,0.2723677854047987,-0.7159436998402255,0.20000000000000018,False,False,Normal,False
2021-06-25,-0.565,0.0,0.26847522673129404,-0.018623692252262448,0.0,False,False,Normal,False
2021-06-28,-0.566,-0.10000000000000009,0.24251966822029689,-0.5154221136673097,0.10000000000000009,False,False,Normal,False
2021-06-29,-0.568,-0.20000000000000018,0.18806493839264724,-0.9571162043197607,0.20000000000000018,False,False,Normal,False
2021-06-30,-0.581,-1.3000000000000012,0.34012381646440837,-3.5575279984153045,1.3000000000000012,True,True,Sharp easing,True
2021-07-01,-0.565,1.6000000000000014,0.508765275213587,3.164524149813684,1.6000000000000014,False,False,Sharp tightening,True
2021-07-02,-0.565,0.0,0.508765275213587,0.019655429501948346,0.0,False,False,Normal,False
2021-07-05,-0.566,-0.10000000000000009,0.508765275213587,-0.17689886551753511,0.10000000000000009,False,False,Normal,False
2021-07-06,-0.565,0.10000000000000009,0.508765275213587,0.2162097245214318,0.10000000000000009,False,False,Normal,False
2021-07-07,-0.565,0.0,0.5083254241547478,0.009836218615887824,0.0,False,False,Normal,False
2021-07-08,-0.566,-0.10000000000000009,0.5035400992760624,-0.14894543673448812,0.10000000000000009,False,False,Normal,False
2021-07-09,-0.566,0.0,0.4909711107376352,0.0,0.0,False,False,Normal,False
2021-07-12,-0.568,-0.20000000000000018,0.4923359999452662,-0.37575964386225447,0.20000000000000018,False,False,Normal,False
2021-07-13,-0.566,0.20000000000000018,0.4854460780939965,0.4634912303410001,0.20000000000000018,False,False,Normal,False
2021-07-14,-0.566,0.0,0.4851478342244063,0.041224547630874124,0.0,False,False,Normal,False
2021-07-15,-0.566,0.0,0.4847951276461782,0.03094090502276578,0.0,False,False,Normal,False
2021-07-16,-0.567,-0.10000000000000009,0.4851478342244064,-0.16489819052350105,0.10000000000000009,False,False,Normal,False
2021-07-19,-0.566,0.10000000000000009,0.485473182087658,0.2265830617604296,0.10000000000000009,False,False,Normal,False
2021-07-20,-0.567,-0.10000000000000009,0.48587956055839765,-0.17494047270132895,0.10000000000000009,False,False,Normal,False
2021-07-21,-0.568,-0.10000000000000009,0.4854460780939966,-0.15449707678033373,0.10000000000000009,False,False,Normal,False
2021-07-22,-0.563,0.5000000000000004,0.4972556263077748,0.985408659200804,0.5000000000000004,False,False,Normal,False
2021-07-23,-0.567,-0.40000000000000036,0.505652262455451,-0.7712810343340649,0.40000000000000036,False,False,Normal,False
2021-07-26,-0.567,0.0,0.5052097011195091,0.009896880421972018,0.0,False,False,Normal,False
2021-07-27,-0.563,0.40000000000000036,0.5108043193157039,0.7341363136912525,0.40000000000000036,False,False,Normal,False
2021-07-28,-0.567,-0.40000000000000036,0.4193980649002874,-1.1206537162057333,0.40000000000000036,False,False,Mild easing,False
2021-07-29,-0.567,0.0,0.21496633763403444,0.04651891133310523,0.0,False,False,Normal,False
2021-07-30,-0.571,-0.40000000000000036,0.23192557789991763,-1.5953393470023634,0.40000000000000036,True,False,Mild easing,False
2021-08-02,-0.565,0.6000000000000005,0.2704285098641944,2.200211805696084,0.6000000000000005,False,False,Sharp tightening,True
2021-08-03,-0.57,-0.5000000000000004,0.2917731635146878,-1.6279770019907571,0.5000000000000004,False,False,Mild easing,False
2021-08-04,-0.57,0.0,0.2917731635146878,0.0856830001047767,0.0,False,False,Normal,False
2021-08-05,-0.566,0.40000000000000036,0.30607876523260497,1.3068531549257258,0.40000000000000036,False,False,Mild tightening,False
2021-08-06,-0.569,-0.30000000000000027,0.31334359818945734,-0.9095446712387605,0.30000000000000027,False,False,Normal,False
2021-08-09,-0.568,0.10000000000000009,0.3111946420862002,0.32134229345857546,0.10000000000000009,False,False,Normal,False
2021-08-10,-0.567,0.10000000000000009,0.3086046696102693,0.34024112510223037,0.10000000000000009,False,False,Normal,False
2021-08-11,-0.567,0.0,0.3086046696102693,0.016201958338201445,0.0,False,False,Normal,False
2021-08-12,-0.568,-0.10000000000000009,0.30932864485255174,-0.2909526857523995,0.10000000000000009,False,False,Normal,False
2021-08-13,-0.569,-0.10000000000000009,0.30932864485255174,-0.2909526857523995,0.10000000000000009,False,False,Normal,False
2021-08-16,-0.569,0.0,0.3082633870401641,0.04865968723702384,0.0,False,False,Normal,False
2021-08-17,-0.568,0.10000000000000009,0.3086046696102693,0.34024112510223037,0.10000000000000009,False,False,Normal,False
2021-08-18,-0.567,0.10000000000000009,0.3086046696102693,0.30783720842582746,0.10000000000000009,False,False,Normal,False
2021-08-19,-0.567,0.0,0.2858044970365513,0.06997790520224821,0.0,False,False,Normal,False
2021-08-20,-0.567,0.0,0.27144835701531894,0.0,0.0,False,False,Normal,False
2021-08-23,-0.568,-0.10000000000000009,0.2723677854048016,-0.34879308453754204,0.10000000000000009,False,False,Normal,False
2021-08-24,-0.567,0.10000000000000009,0.2566997016790349,0.4674723001822667,0.10000000000000009,False,False,Normal,False
2021-08-25,-0.564,0.30000000000000027,0.2497893849668266,1.1409612143360288,0.30000000000000027,False,False,Mild tightening,False
2021-08-26,-0.57,-0.6000000000000005,0.28520537383288935,-2.0511534973487917,0.6000000000000005,False,False,Sharp easing,True
2021-08-27,-0.57,0.0,0.27042850986419437,-0.018489174837782223,0.0,False,False,Normal,False
2021-08-30,-0.568,0.20000000000000018,0.23680993933621383,0.9079010813593904,0.20000000000000018,False,False,Normal,False
2021-08-31,-0.57,-0.20000000000000018,0.21275139927797662,-0.9400643223910564,0.20000000000000018,True,False,Normal,False
2021-09-01,-0.569,0.10000000000000009,0.21392325234704393,0.4440844973966797,0.10000000000000009,False,False,Normal,False
2021-09-02,-0.569,0.0,0.19269556026896054,0.07784299741552592,0.0,False,False,Normal,False
2021-09-03,-0.568,0.10000000000000009,0.18202082009311077,0.5219183165497434,0.10000000000000009,False,False,Normal,False
2021-09-06,-0.569,-0.10000000000000009,0.18202082009311077,-0.5219183165497434,0.10000000000000009,False,False,Normal,False
2021-09-07,-0.569,0.0,0.18035053587243333,0.05544757575366048,0.0,False,False,Normal,False
2021-09-08,-0.569,0.0,0.18035053587243333,0.05544757575366048,0.0,False,False,Normal,False
2021-09-09,-0.57,-0.10000000000000009,0.18035053587243333,-0.49902818178294434,0.10000000000000009,False,False,Normal,False
2021-09-10,-0.57,0.0,0.17910596686995447,0.027916434540845934,0.0,False,False,Normal,False
2021-09-13,-0.571,-0.10000000000000009,0.18035053587243333,-0.49902818178294434,0.10000000000000009,False,False,Normal,False
2021-09-14,-0.568,0.30000000000000027,0.1919429739874791,1.5629642167551807,0.30000000000000027,False,False,Mild tightening,False
2021-09-15,-0.573,-0.5000000000000004,0.22028689427533787,-2.1335813078945343,0.5000000000000004,False,False,Sharp easing,True
2021-09-16,-0.567,0.6000000000000005,0.26157418189029896,2.293804364268769,0.6000000000000005,False,False,Sharp tightening,True
2021-09-17,-0.571,-0.40000000000000036,0.2764435794725195,-1.3746023717572904,0.40000000000000036,False,False,Mild easing,False
2021-09-20,-0.566,0.5000000000000004,0.29894551519069806,1.6390946680950482,0.5000000000000004,False,False,Mild tightening,False
2021-09-21,-0.571,-0.5000000000000004,0.31887961760877115,-1.5052702446128294,0.5000000000000004,False,False,Mild easing,False
2021-09-22,-0.566,0.5000000000000004,0.33229663349420085,1.5347732976924693,0.5000000000000004,False,False,Mild tightening,False
2021-09-23,-0.57,-0.40000000000000036,0.3162277660168384,-1.264911064067351,0.40000000000000036,False,False,Mild easing,False
2021-09-24,-0.569,0.10000000000000009,0.31701734968294765,0.2996681414913429,0.10000000000000009,False,False,Normal,False
2021-09-27,-0.571,-0.20000000000000018,0.3166851333489004,-0.5841764595756402,0.20000000000000018,False,False,Normal,False
2021-09-28,-0.573,-0.20000000000000018,0.3166851333489004,-0.5841764595756402,0.20000000000000018,False,False,Normal,False
2021-09-29,-0.572,0.10000000000000009,0.3166851333489004,0.3631367181145872,0.10000000000000009,False,False,Normal,False
2021-09-30,-0.58,-0.8000000000000007,0.3619755734707441,-2.0581499266834196,0.8000000000000007,True,True,Sharp easing,True
2021-10-01,-0.571,0.9000000000000008,0.4196176204217615,2.1805566674734154,0.9000000000000008,False,False,Sharp tightening,True
2021-10-04,-0.569,0.20000000000000018,0.4217756949399831,0.47418569253607495,0.20000000000000018,False,False,Normal,False
2021-10-05,-0.569,0.0,0.4217756949399831,0.0,0.0,False,False,Normal,False
2021-10-06,-0.569,0.0,0.4217756949399831,0.0,0.0,False,False,Normal,False
2021-10-07,-0.568,0.10000000000000009,0.4216508907665332,0.2134467209031293,0.10000000000000009,False,False,Normal,False
2021-10-08,-0.568,0.0,0.4216508907665332,-0.023716302322569924,0.0,False,False,Normal,False
2021-10-11,-0.57,-0.20000000000000018,0.4236122854935313,-0.4839330846157213,0.20000000000000018,False,False,Normal,False
2021-10-12,-0.562,0.7999999999999896,0.45549279270974846,1.6904768029790838,0.7999999999999896,False,False,Mild tightening,False
2021-10-13,-0.569,-0.6999999999999895,0.4697143588899185,-1.532846476530064,0.6999999999999895,False,False,Mild easing,False
2021-10-14,-0.57,-0.10000000000000009,0.44988302573236083,-0.18893800196535374,0.10000000000000009,False,False,Normal,False
2021-10-15,-0.572,-0.20000000000000018,0.44304567900410596,-0.4401352033007707,0.20000000000000018,False,False,Normal,False
2021-10-18,-0.574,-0.20000000000000018,0.42846113869103675,-0.37342943280411744,0.20000000000000018,False,False,Normal,False
2021-10-19,-0.573,0.10000000000000009,0.41536287242539194,0.2648286770497487,0.10000000000000009,False,False,Normal,False
2021-10-20,-0.571,0.20000000000000018,0.4011496636313904,0.5608879188958984,0.20000000000000018,False,False,Normal,False
2021-10-21,-0.573,-0.20000000000000018,0.39373381336820995,-0.469860585295967,0.20000000000000018,False,False,Normal,False
2021-10-22,-0.569,0.40000000000000036,0.4039280811442067,0.9902752957083863,0.40000000000000036,False,False,Normal,False
2021-10-25,-0.571,-0.20000000000000018,0.4039280811442067,-0.4951376478541932,0.20000000000000018,False,False,Normal,False
2021-10-26,-0.57,0.10000000000000009,0.40167412819741904,0.21161432622372775,0.10000000000000009,False,False,Normal,False
2021-10-27,-0.573,-0.30000000000000027,0.40714021895992486,-0.7245660985141764,0.30000000000000027,False,False,Normal,False
2021-10-28,-0.573,0.0,0.36168465473901834,-0.0967693805678736,0.0,False,False,Normal,False
2021-10-29,-0.578,-0.5000000000000004,0.3183427480926125,-1.460689784159061,0.5000000000000004,True,False,Mild easing,False
2021-11-01,-0.579,-0.10000000000000009,0.3137212977016026,-0.1593771298484101,0.10000000000000009,False,False,Normal,False
2021-11-02,-0.569,1.0000000000000009,0.3920257778849683,2.550852664320023,1.0000000000000009,False,False,Sharp tightening,True
2021-11-03,-0.574,-0.5000000000000004,0.40765697654561794,-1.1651953169672948,0.5000000000000004,False,False,Mild easing,False
2021-11-04,-0.573,0.10000000000000009,0.40765697654561794,0.3066303465703408,0.10000000000000009,False,False,Normal,False
2021-11-05,-0.572,0.10000000000000009,0.4085919338668488,0.29369155397743485,0.10000000000000009,False,False,Normal,False
2021-11-08,-0.575,-0.30000000000000027,0.4115119746291189,-0.6682673092267799,0.30000000000000027,False,False,Normal,False
2021-11-09,-0.575,0.0,0.363136917777071,0.1789958465195292,0.0,False,False,Normal,False
2021-11-10,-0.576,-0.10000000000000009,0.3313052337267512,-0.19619370110406933,0.10000000000000009,False,False,Normal,False
2021-11-11,-0.575,0.10000000000000009,0.33225703430041276,0.376214758743017,0.10000000000000009,False,False,Normal,False
2021-11-12,-0.572,0.30000000000000027,0.33717089216941043,0.8897565210026085,0.30000000000000027,False,False,Normal,False
2021-11-15,-0.569,0.30000000000000027,0.34008512866169627,0.8086210681489686,0.30000000000000027,False,False,Normal,False
2021-11-16,-0.571,-0.20000000000000018,0.34320471104606204,-0.6118797127228705,0.20000000000000018,False,False,Normal,False
2021-11-17,-0.571,0.0,0.34027852368936085,0.0,0.0,False,False,Normal,False
2021-11-18,-0.571,0.0,0.33701475838369666,-0.029672291053244766,0.0,False,False,Normal,False
2021-11-19,-0.573,-0.20000000000000018,0.32702808506465164,-0.5504114423824338,0.20000000000000018,False,False,Normal,False
2021-11-22,-0.573,0.0,0.32428058026474926,0.030837492617768865,0.0,False,False,Normal,False
2021-11-23,-0.574,-0.10000000000000009,0.3237933063902932,-0.24707119764721097,0.10000000000000009,False,False,Normal,False
2021-11-24,-0.57,0.40000000000000036,0.3297127936792715,1.167682927021963,0.40000000000000036,False,False,Mild tightening,False
2021-11-25,-0.573,-0.30000000000000027,0.33717089216941043,-0.8897565210026085,0.30000000000000027,False,False,Normal,False
2021-11-26,-0.573,0.0,0.3160196529531541,-0.07910900403306866,0.0,False,False,Normal,False
2021-11-29,-0.573,0.0,0.3147262804071941,-0.09532092445913926,0.0,False,False,Normal,False
2021-11-30,-0.575,-0.20000000000000018,0.22028689427533807,-0.77172089860015,0.20000000000000018,True,False,Normal,False
2021-12-01,-0.574,0.10000000000000009,0.1919429739874793,0.5209880722517263,0.10000000000000009,False,False,Normal,False
2021-12-02,-0.575,-0.10000000000000009,0.19166857359844733,-0.4695605456351617,0.10000000000000009,False,False,Normal,False
2021-12-03,-0.578,-0.30000000000000027,0.2002629849919725,-1.3482271824262637,0.30000000000000027,False,False,Mild easing,False
2021-12-06,-0.578,0.0,0.1899445902583733,0.0789703985756908,0.0,False,False,Normal,False
2021-12-07,-0.577,0.10000000000000009,0.19166857359844733,0.5739073335540865,0.10000000000000009,False,False,Normal,False
2021-12-08,-0.577,0.0,0.19049796241485312,0.026246999897622813,0.0,False,False,Normal,False
2021-12-09,-0.578,-0.10000000000000009,0.1899445902583733,-0.4474989252622478,0.10000000000000009,False,False,Normal,False
2021-12-10,-0.577,0.10000000000000009,0.1773340588298054,0.7048843342607277,0.10000000000000009,False,False,Normal,False
2021-12-13,-0.579,-0.20000000000000018,0.16383560438182582,-0.9155519068396072,0.20000000000000018,False,False,Normal,False
2021-12-14,-0.577,0.20000000000000018,0.16889735281961624,1.361773859449663,0.20000000000000018,False,False,Mild tightening,False
2021-12-15,-0.577,0.0,0.16889735281961624,0.17762267731952125,0.0,False,False,Normal,False
2021-12-16,-0.577,0.0,0.16889735281961624,0.17762267731952125,0.0,False,False,Normal,False
2021-12-17,-0.576,0.10000000000000009,0.16630662866176546,0.6914937842549089,0.10000000000000009,False,False,Normal,False
2021-12-20,-0.576,0.0,0.16630662866176546,0.09019484142455333,0.0,False,False,Normal,False
2021-12-21,-0.571,0.5000000000000004,0.20072237962970346,2.4162726692197345,0.5000000000000004,False,False,Sharp tightening,True
2021-12-22,-0.574,-0.30000000000000027,0.19084300519426747,-1.467174548603319,0.30000000000000027,False,False,Mild easing,False
2021-12-23,-0.576,-0.20000000000000018,0.18431951662948384,-1.0036918682457496,0.20000000000000018,False,False,Mild easing,False
2021-12-24,-0.58,-0.40000000000000036,0.2033275811668406,-1.7951327503399517,0.40000000000000036,False,False,Mild easing,False
2021-12-27,-0.576,0.40000000000000036,0.22542357790099174,1.8409786760738598,0.40000000000000036,False,False,Mild tightening,False
2021-12-28,-0.575,0.10000000000000009,0.2224268064117421,0.4495860980662851,0.10000000000000009,False,False,Normal,False
2021-12-29,-0.578,-0.30000000000000027,0.23078812338319563,-1.2132340082990072,0.30000000000000027,False,False,Mild easing,False
2021-12-30,-0.58,-0.20000000000000018,0.23367769075779363,-0.7488947679707569,0.20000000000000018,False,False,Normal,False
2021-12-31,-0.59,-1.0000000000000009,0.31522757026096554,-2.9819726720661164,1.0000000000000009,True,True,Sharp easing,True
2022-01-03,-0.578,1.200000000000001,0.42302171152442414,2.8367338302226037,1.200000000000001,False,False,Sharp tightening,True
2022-01-04,-0.578,0.0,0.42236801114917044,0.0118380177191831,0.0,False,False,Normal,False
2022-01-05,-0.578,0.0,0.42236801114917044,0.0118380177191831,0.0,False,False,Normal,False
2022-01-06,-0.578,0.0,0.4217756949399832,0.0,0.0,False,False,Normal,False
2022-01-07,-0.58,-0.20000000000000018,0.4233637231805102,-0.4369765047656704,0.20000000000000018,False,False,Normal,False
2022-01-10,-0.579,0.10000000000000009,0.4217756949399832,0.23709284626803745,0.10000000000000009,False,False,Normal,False
2022-01-11,-0.579,0.0,0.41914700348006334,0.0238579780291228,0.0,False,False,Normal,False
2022-01-12,-0.578,0.10000000000000009,0.4198684004354353,0.25007835762612085,0.10000000000000009,False,False,Normal,False
2022-01-13,-0.578,0.0,0.4198684004354353,0.011908493220291468,0.0,False,False,Normal,False
2022-01-14,-0.578,0.0,0.41914700348006334,0.0238579780291228,0.0,False,False,Normal,False
2022-01-17,-0.578,0.0,0.41914700348006334,0.0238579780291228,0.0,False,False,Normal,False
2022-01-18,-0.579,-0.10000000000000009,0.4018378829957758,-0.1493139460936061,0.10000000000000009,False,False,Normal,False
2022-01-19,-0.578,0.10000000000000009,0.3981536333998148,0.3013911965974688,0.10000000000000009,False,False,Normal,False
2022-01-20,-0.579,-0.10000000000000009,0.39639825800243983,-0.21443081114518142,0.10000000000000009,False,False,Normal,False
2022-01-21,-0.579,0.0,0.3859029057050224,-0.012956626980730534,0.0,False,False,Normal,False
2022-01-24,-0.579,0.0,0.37455236440878453,0.04004780486081538,0.0,False,False,Normal,False
2022-01-25,-0.578,0.10000000000000009,0.37455236440878453,0.30703317059958457,0.10000000000000009,False,False,Normal,False
2022-01-26,-0.576,0.20000000000000018,0.3712000453720486,0.5118533857116473,0.20000000000000018,False,False,Normal,False
2022-01-27,-0.573,0.30000000000000027,0.3731445324606319,0.7101805786956257,0.30000000000000027,False,False,Normal,False
2022-01-28,-0.573,0.0,0.28335397241650034,-0.29997814844486836,0.0,False,False,Normal,False
2022-01-31,-0.579,-0.6000000000000005,0.17614288458372052,-3.3779394575385058,0.6000000000000005,True,False,Sharp easing,True
2022-02-01,-0.578,0.10000000000000009,0.17770466332772827,0.5627314338711364,0.10000000000000009,False,False,Normal,False
2022-02-02,-0.578,0.0,0.17770466332772827,0.0,0.0,False,False,Normal,False
2022-02-03,-0.577,0.10000000000000009,0.17910596686995456,0.5304122562760725,0.10000000000000009,False,False,Normal,False
2022-02-04,-0.578,-0.10000000000000009,0.17441631985447678,-0.6306749281935197,0.10000000000000009,False,False,Normal,False
2022-02-07,-0.578,0.0,0.17312909694943399,-0.028880182985419025,0.0,False,False,Normal,False
2022-02-08,-0.574,0.40000000000000036,0.19432745018328484,1.9297325192416697,0.40000000000000036,False,False,Mild tightening,False
2022-02-09,-0.578,-0.40000000000000036,0.21521103473958866,-1.8586407545691672,0.40000000000000036,False,False,Mild easing,False
2022-02-10,-0.572,0.6000000000000005,0.2536055785539515,2.2475846282645553,0.6000000000000005,False,False,Sharp tightening,True
2022-02-11,-0.578,-0.6000000000000005,0.29019050004400515,-2.0676073128135317,0.6000000000000005,False,False,Sharp easing,True
2022-02-14,-0.578,0.0,0.29019050004400515,0.0,0.0,False,False,Normal,False
2022-02-15,-0.576,0.20000000000000018,0.2924938145994675,0.6324920075774381,0.20000000000000018,False,False,Normal,False
2022-02-16,-0.576,0.0,0.2918182563460388,-0.034267904020857366,0.0,False,False,Normal,False
2022-02-17,-0.576,0.0,0.29068883707497317,-0.05160156871153356,0.0,False,False,Normal,False
2022-02-18,-0.576,0.0,0.29068883707497317,-0.05160156871153356,0.0,False,False,Normal,False
2022-02-21,-0.576,0.0,0.29068883707497317,-0.05160156871153356,0.0,False,False,Normal,False
2022-02-22,-0.575,0.10000000000000009,0.29068883707497317,0.29240888936535686,0.10000000000000009,False,False,Normal,False
2022-02-23,-0.576,-0.10000000000000009,0.28837110593268944,-0.34677538055196744,0.10000000000000009,False,False,Normal,False
2022-02-24,-0.576,0.0,0.27961439613567124,0.05364530656254869,0.0,False,False,Normal,False
2022-02-25,-0.575,0.10000000000000009,0.2807883638314775,0.3917541257728881,0.10000000000000009,False,False,Normal,False
2022-02-28,-0.58,-0.5000000000000004,0.2704285098641944,-1.8304283089404398,0.5000000000000004,True,False,Mild easing,False
2022-03-01,-0.577,0.30000000000000027,0.27810448623342665,1.0607523956028253,0.30000000000000027,False,False,Mild tightening,False
2022-03-02,-0.578,-0.10000000000000009,0.2790962859697448,-0.3582992860422389,0.10000000000000009,False,False,Normal,False
2022-03-03,-0.579,-0.10000000000000009,0.27890764364608367,-0.32268746321705133,0.10000000000000009,False,False,Normal,False
2022-03-04,-0.577,0.20000000000000018,0.28186409565791265,0.6918227720520459,0.20000000000000018,False,False,Normal,False
2022-03-07,-0.579,-0.20000000000000018,0.2855742137850469,-0.6828347609381064,0.20000000000000018,False,False,Normal,False
2022-03-08,-0.579,0.0,0.2692582403567257,0.09284766908852585,0.0,False,False,Normal,False
2022-03-09,-0.58,-0.10000000000000009,0.25526044491233335,-0.35258106688213947,0.10000000000000009,False,False,Normal,False
2022-03-10,-0.576,0.40000000000000036,0.23305748105067225,1.802130522077866,0.40000000000000036,False,False,Mild tightening,False
2022-03-11,-0.577,-0.10000000000000009,0.19049796241485298,-0.5511869978500795,0.10000000000000009,False,False,Normal,False
2022-03-14,-0.577,0.0,0.19049796241485298,-0.026246999897622834,0.0,False,False,Normal,False
2022-03-15,-0.573,0.40000000000000036,0.20589982234597845,1.8698413413542219,0.40000000000000036,False,False,Mild tightening,False
2022-03-16,-0.577,-0.40000000000000036,0.22589005243585633,-1.748638312048577,0.40000000000000036,False,False,Mild easing,False
2022-03-17,-0.578,-0.10000000000000009,0.2268781263377467,-0.39668874850464764,0.10000000000000009,False,False,Normal,False
2022-03-18,-0.578,0.0,0.2268781263377467,0.04407652761162752,0.0,False,False,Normal,False
2022-03-21,-0.578,0.0,0.2268781263377467,0.04407652761162752,0.0,False,False,Normal,False
2022-03-22,-0.578,0.0,0.22542357790099166,0.0665413979303805,0.0,False,False,Normal,False
2022-03-23,-0.578,0.0,0.2245463262482359,0.04453424007010924,0.0,False,False,Normal,False
2022-03-24,-0.579,-0.10000000000000009,0.22542357790099166,-0.3770679216054895,0.10000000000000009,False,False,Normal,False
2022-03-25,-0.581,-0.20000000000000018,0.22734161635370687,-0.7477733409597457,0.20000000000000018,False,False,Normal,False
2022-03-28,-0.58,0.10000000000000009,0.2000000000000006,0.49999999999999895,0.10000000000000009,False,False,Normal,False
2022-03-29,-0.579,0.10000000000000009,0.18890264827766712,0.5823105234518026,0.10000000000000009,False,False,Normal,False
2022-03-30,-0.579,0.0,0.18771478925557086,0.026636153815204084,0.0,False,False,Normal,False
2022-03-31,-0.593,-1.4000000000000012,0.3643306768654865,-3.650529819346085,1.4000000000000012,True,True,Sharp easing,True
2022-04-01,-0.582,1.100000000000001,0.44588764220786015,2.5230571415467886,1.100000000000001,False,False,Sharp tightening,True
2022-04-04,-0.585,-0.30000000000000027,0.44850629286203175,-0.6019982423815331,0.30000000000000027,False,False,Normal,False
2022-04-05,-0.586,-0.10000000000000009,0.448711605893093,-0.1448591905052853,0.10000000000000009,False,False,Normal,False
2022-04-06,-0.584,0.20000000000000018,0.4514304749174684,0.487339717240448,0.20000000000000018,False,False,Normal,False
2022-04-07,-0.582,0.20000000000000018,0.44378752621164685,0.5182660314123179,0.20000000000000018,False,False,Normal,False
2022-04-08,-0.583,-0.10000000000000009,0.44378752621164685,-0.15773313999505326,0.10000000000000009,False,False,Normal,False
2022-04-11,-0.584,-0.10000000000000009,0.4439950213092135,-0.1463980379967635,0.10000000000000009,False,False,Normal,False
2022-04-12,-0.583,0.10000000000000009,0.43346826509227376,0.34604609398122643,0.10000000000000009,False,False,Normal,False
2022-04-13,-0.585,-0.20000000000000018,0.42723098645752994,-0.3745046709431629,0.20000000000000018,False,False,Normal,False
2022-04-14,-0.586,-0.10000000000000009,0.42723098645752994,-0.1404392516036861,0.10000000000000009,False,False,Normal,False
2022-04-19,-0.58,0.6000000000000005,0.45061361672606814,1.353709646929788,0.6000000000000005,False,False,Mild tightening,False
2022-04-20,-0.583,-0.30000000000000027,0.4552327340001635,-0.6040866121018035,0.30000000000000027,False,False,Normal,False
2022-04-21,-0.585,-0.20000000000000018,0.4568484719420543,-0.36117008184045846,0.20000000000000018,False,False,Normal,False
2022-04-22,-0.583,0.20000000000000018,0.4598340661815446,0.4893069403674176,0.20000000000000018,False,False,Normal,False
2022-04-25,-0.585,-0.20000000000000018,0.4612340426565061,-0.36857643685811786,0.20000000000000018,False,False,Normal,False
2022-04-26,-0.582,0.30000000000000027,0.4650693213750086,0.6558162105774841,0.30000000000000027,False,False,Normal,False
2022-04-27,-0.583,-0.10000000000000009,0.46484292763085205,-0.18285746635582145,0.10000000000000009,False,False,Normal,False
2022-04-28,-0.583,0.0,0.4640780333657607,0.043096200556937636,0.0,False,False,Normal,False
2022-04-29,-0.586,-0.30000000000000027,0.46822734019412376,-0.5659643879191956,0.30000000000000027,True,False,Normal,False
2022-05-02,-0.583,0.30000000000000027,0.34564965530219566,0.7232757104341083,0.30000000000000027,False,False,Normal,False
2022-05-03,-0.579,0.40000000000000036,0.25807995497111935,1.4917857531519023,0.40000000000000036,False,False,Mild tightening,False
2022-05-04,-0.585,-0.6000000000000005,0.2846974386589167,-2.107500519942625,0.6000000000000005,False,False,Sharp easing,True
2022-05-05,-0.585,0.0,0.28372521918222265,-0.01762268442125602,0.0,False,False,Normal,False
2022-05-06,-0.585,0.0,0.2799906013460194,0.01785774228121636,0.0,False,False,Normal,False
2022-05-09,-0.586,-0.10000000000000009,0.2764435794725195,-0.28938997300153485,0.10000000000000009,False,False,Normal,False
2022-05-10,-0.584,0.20000000000000018,0.2799906013460194,0.7321674335298707,0.20000000000000018,False,False,Normal,False
2022-05-11,-0.584,0.0,0.2790962859697448,0.0,0.0,False,False,Normal,False
2022-05-12,-0.577,0.7000000000000006,0.31970381029288625,2.095689755421438,0.7000000000000006,False,False,Sharp tightening,True
2022-05-13,-0.586,-0.9000000000000008,0.3790222879156877,-2.361338708923341,0.9000000000000008,False,False,Sharp easing,True
2022-05-16,-0.585,0.10000000000000009,0.3790222879156877,0.2506448908913043,0.10000000000000009,False,False,Normal,False
2022-05-17,-0.585,0.0,0.3522484171269211,0.07097263971804335,0.0,False,False,Normal,False
2022-05-18,-0.585,0.0,0.34625819389886736,0.028880182985419077,0.0,False,False,Normal,False
2022-05-19,-0.585,0.0,0.34335803011158134,0.0,0.0,False,False,Normal,False
2022-05-20,-0.585,0.0,0.34012381646441064,0.029401057838142817,0.0,False,False,Normal,False
2022-05-23,-0.586,-0.10000000000000009,0.3379115424579576,-0.28113866519318387,0.10000000000000009,False,False,Normal,False
2022-05-24,-0.587,-0.10000000000000009,0.33066917797574996,-0.2268127935573732,0.10000000000000009,False,False,Normal,False
2022-05-25,-0.587,0.0,0.33023117899275906,0.06056363321295763,0.0,False,False,Normal,False
2022-05-26,-0.59,-0.30000000000000027,0.33603727863375404,-0.7886029820186197,0.30000000000000027,False,False,Normal,False
2022-05-27,-0.585,0.5000000000000004,0.3501503436495459,1.41367846405837,0.5000000000000004,False,False,Mild tightening,False
2022-05-30,-0.586,-0.10000000000000009,0.3437793049709597,-0.2472516488657755,0.10000000000000009,False,False,Normal,False
2022-05-31,-0.589,-0.30000000000000027,0.33482124060145146,-0.7466670858483059,0.30000000000000027,True,False,Normal,False
2022-06-01,-0.582,0.7000000000000006,0.348341937273074,1.9664586049052484,0.7000000000000006,False,False,Mild tightening,False
2022-06-02,-0.585,-0.30000000000000027,0.3554093266554559,-0.8440971508067062,0.30000000000000027,False,False,Normal,False
2022-06-03,-0.587,-0.20000000000000018,0.35821193373990845,-0.5304122562760735,0.20000000000000018,False,False,Normal,False
2022-06-06,-0.59,-0.30000000000000027,0.3636076543690876,-0.7700607966733846,0.30000000000000027,False,False,Normal,False
2022-06-07,-0.583,0.7000000000000006,0.39533463506782573,1.7580043293721601,0.7000000000000006,False,False,Mild tightening,False
2022-06-08,-0.582,0.10000000000000009,0.3959000405471861,0.22733011058955238,0.10000000000000009,False,False,Normal,False
2022-06-09,-0.582,0.0,0.36110211414793136,0.06923249413532474,0.0,False,False,Normal,False
2022-06-10,-0.581,0.10000000000000009,0.297135446697648,0.2524101410099239,0.10000000000000009,False,False,Normal,False
2022-06-13,-0.58,0.10000000000000009,0.297135446697648,0.2524101410099239,0.10000000000000009,False,False,Normal,False
2022-06-14,-0.578,0.20000000000000018,0.299605003120337,0.550725115674145,0.20000000000000018,False,False,Normal,False
2022-06-15,-0.58,-0.20000000000000018,0.30413812651491146,-0.7397954428741073,0.20000000000000018,False,False,Normal,False
2022-06-16,-0.582,-0.20000000000000018,0.30826338704016404,-0.6974555170640085,0.20000000000000018,False,False,Normal,False
2022-06-17,-0.582,0.0,0.30826338704016404,-0.04865968723702385,0.0,False,False,Normal,False
2022-06-20,-0.581,0.10000000000000009,0.30757968586676043,0.243839250269893,0.10000000000000009,False,False,Normal,False
2022-06-21,-0.582,-0.10000000000000009,0.30757968586676043,-0.40639875044982166,0.10000000000000009,False,False,Normal,False
2022-06-22,-0.579,0.30000000000000027,0.3135534874207023,0.8292046187678083,0.30000000000000027,False,False,Normal,False
2022-06-23,-0.578,0.10000000000000009,0.3033150177620625,0.1318760946791573,0.10000000000000009,False,False,Normal,False
2022-06-24,-0.58,-0.20000000000000018,0.28996370008747874,-0.7759591974171949,0.20000000000000018,False,False,Normal,False
2022-06-27,-0.579,0.10000000000000009,0.2888725816360094,0.22501270155816508,0.10000000000000009,False,False,Normal,False
2022-06-28,-0.581,-0.20000000000000018,0.2835860585987598,-0.8463039445093857,0.20000000000000018,False,False,Normal,False
2022-06-29,-0.578,0.30000000000000027,0.24623480450043744,1.137126006894378,0.30000000000000027,False,False,Mild tightening,False
2022-06-30,-0.591,-1.3000000000000012,0.3798891805167457,-3.343080206370918,1.3000000000000012,True,True,Sharp easing,True
2022-07-01,-0.58,1.100000000000001,0.45337912565417904,2.3490274248143126,1.100000000000001,False,False,Sharp tightening,True
2022-07-04,-0.58,0.0,0.44662476891740654,-0.11195079959671124,0.0,False,False,Normal,False
2022-07-05,-0.58,0.0,0.41961762042176143,-0.03574683061431829,0.0,False,False,Normal,False
2022-07-06,-0.58,0.0,0.4191470034800633,-0.023857978029122803,0.0,False,False,Normal,False
2022-07-07,-0.579,0.10000000000000009,0.41961762042176143,0.20256537348113698,0.10000000000000009,False,False,Normal,False
2022-07-08,-0.579,0.0,0.4191470034800633,-0.023857978029122803,0.0,False,False,Normal,False
2022-07-11,-0.58,-0.10000000000000009,0.41927255298219906,-0.23850833852280753,0.10000000000000009,False,False,Normal,False
2022-07-12,-0.58,0.0,0.41662806838764643,0.024002223466844372,0.0,False,False,Normal,False
2022-07-13,-0.581,-0.10000000000000009,0.41482399565167566,-0.22901278854603874,0.10000000000000009,False,False,Normal,False
2022-07-14,-0.582,-0.10000000000000009,0.4129483209670116,-0.24216105241892627,0.10000000000000009,False,False,Normal,False
2022-07-15,-0.582,0.0,0.4129483209670116,0.0,0.0,False,False,Normal,False
2022-07-18,-0.582,0.0,0.4122786487444222,0.012127719966161963,0.0,False,False,Normal,False
2022-07-19,-0.583,-0.10000000000000009,0.4122786487444222,-0.2304266793570773,0.10000000000000009,False,False,Normal,False
2022-07-20,-0.582,0.10000000000000009,0.4068815940528002,0.28263750850591873,0.10000000000000009,False,False,Normal,False
2022-07-21,-0.584,-0.20000000000000018,0.40794736502590545,-0.41672042663936515,0.20000000000000018,False,False,Normal,False
2022-07-22,-0.582,0.20000000000000018,0.408978187553734,0.513474816972749,0.20000000000000018,False,False,Normal,False
2022-07-25,-0.583,-0.10000000000000009,0.40859193386685083,-0.19579436931828892,0.10000000000000009,False,False,Normal,False
2022-07-26,-0.581,0.20000000000000018,0.4091068577433431,0.4888698300077678,0.20000000000000018,False,False,Normal,False
2022-07-27,-0.085,49.599999999999994,11.101743580461394,4.245729480093166,49.599999999999994,False,False,Sharp tightening,True
2022-07-28,-0.087,-0.1999999999999988,11.084821295713102,-0.2453805909394246,0.1999999999999988,False,False,Normal,False
2022-07-29,-0.091,-0.40000000000000036,11.099998814604012,-0.25630633367788286,0.40000000000000036,True,False,Normal,False
2022-08-01,-0.088,0.30000000000000027,11.0967230819686,-0.19465205935523874,0.30000000000000027,False,False,Normal,False
2022-08-02,-0.087,0.10000000000000009,11.09557877810133,-0.21314796166087857,0.10000000000000009,False,False,Normal,False
2022-08-03,-0.087,0.0,11.09557877810133,-0.22216056046260704,0.0,False,False,Normal,False
2022-08-04,-0.084,0.2999999999999989,11.093425032304873,-0.19606208124778782,0.2999999999999989,False,False,Normal,False
2022-08-05,-0.085,-0.10000000000000009,11.094621741138692,-0.23164376938336512,0.10000000000000009,False,False,Normal,False
2022-08-08,-0.085,0.0,11.093425032304873,-0.22310512693713774,0.0,False,False,Normal,False
2022-08-09,-0.085,0.0,11.093425032304873,-0.22310512693713774,0.0,False,False,Normal,False
2022-08-10,-0.086,-0.0999999999999987,11.093425032304873,-0.23211947550025427,0.0999999999999987,False,False,Normal,False
2022-08-11,-0.085,0.0999999999999987,11.091071563246386,-0.21503783348611857,0.0999999999999987,False,False,Normal,False
2022-08-12,-0.088,-0.2999999999999989,11.094811494805269,-0.2496662517697527,0.2999999999999989,False,False,Normal,False
2022-08-15,-0.088,0.0,11.094811494805269,-0.22262658551310088,0.0,False,False,Normal,False
2022-08-16,-0.087,0.10000000000000009,11.092463064716748,-0.21456010140528464,0.10000000000000009,False,False,Normal,False
2022-08-17,-0.087,0.0,11.093614806440874,-0.22310131036486255,0.0,False,False,Normal,False
2022-08-18,-0.084,0.2999999999999989,11.087831167545797,-0.19841571960794507,0.2999999999999989,False,False,Normal,False
2022-08-19,-0.084,0.0,11.090104645702473,-0.22452448191865348,0.0,False,False,Normal,False
2022-08-22,-0.082,0.20000000000000018,11.086619483816849,-0.20790828109187035,0.20000000000000018,False,False,Normal,False
2022-08-23,-0.08,0.20000000000000018,11.086619483816849,-0.20790828109187035,0.20000000000000018,False,False,Normal,False
2022-08-24,-0.082,-0.20000000000000018,0.1954078056945339,-1.1002631099399032,0.20000000000000018,False,False,Mild easing,False
2022-08-25,-0.08,0.20000000000000018,0.19269556026905582,0.856272971570362,0.20000000000000018,False,False,Normal,False
2022-08-26,-0.08,0.0,0.1637552731172985,-0.3358670469231441,0.0,False,False,Normal,False
2022-08-29,-0.081,-0.10000000000000009,0.15652475842510305,-0.8624833627492704,0.10000000000000009,False,False,Normal,False
2022-08-30,-0.084,-0.30000000000000027,0.1725200217214622,-1.825875030949019,0.30000000000000027,False,False,Mild easing,False
2022-08-31,-0.091,-0.6999999999999993,0.23530495331095047,-2.889866917086925,0.6999999999999993,True,False,Sharp easing,True
2022-09-01,-0.084,0.6999999999999993,0.27720408594246015,2.525215303447222,0.6999999999999993,False,False,Sharp tightening,True
2022-09-02,-0.083,0.10000000000000009,0.2770141550630582,0.32489314482688764,0.10000000000000009,False,False,Normal,False
2022-09-05,-0.087,-0.39999999999999897,0.29181825634610153,-1.3364482568131455,0.39999999999999897,False,False,Mild easing,False
2022-09-06,-0.085,0.1999999999999988,0.29558149646530385,0.6766323413058277,0.1999999999999988,False,False,Normal,False
2022-09-07,-0.076,0.9000000000000008,0.3561489930677815,2.3866415925489664,0.9000000000000008,False,False,Sharp tightening,True
2022-09-08,-0.086,-0.9999999999999996,0.4260899336747869,-2.335187765218207,0.9999999999999996,False,False,Sharp easing,True
2022-09-09,-0.085,0.0999999999999987,0.42087002619265407,0.20196258870925116,0.0999999999999987,False,False,Normal,False
2022-09-12,-0.086,-0.0999999999999987,0.42165089076657647,-0.2608793255482391,0.0999999999999987,False,False,Normal,False
2022-09-13,-0.083,0.2999999999999989,0.4262443084973131,0.6569002668613085,0.2999999999999989,False,False,Normal,False
2022-09-14,0.662,74.5,16.65945203496391,4.247138492400796,74.5,False,False,Sharp tightening,True
2022-09-15,0.66,-0.20000000000000018,16.66526801148835,-0.23521973947839983,0.20000000000000018,False,False,Normal,False
2022-09-16,0.66,0.0,16.66526801148835,-0.22321873236215495,0.0,False,False,Normal,False
2022-09-19,0.657,-0.30000000000000027,16.67120034828421,-0.23963481432284292,0.30000000000000027,False,False,Normal,False
2022-09-20,0.659,0.20000000000000018,16.67120034828421,-0.2096429727304971,0.20000000000000018,False,False,Normal,False
2022-09-21,0.661,0.20000000000000018,16.666520964275403,-0.21090184373417728,0.20000000000000018,False,False,Normal,False
2022-09-22,0.661,0.0,16.668800828272907,-0.22227153819702122,0.0,False,False,Normal,False
2022-09-23,0.662,0.10000000000000009,16.667645936143217,-0.21658727416160425,0.10000000000000009,False,False,Normal,False
2022-09-26,0.663,0.10000000000000009,16.665299593056098,-0.21721781716473548,0.10000000000000009,False,False,Normal,False
2022-09-27,0.662,-0.10000000000000009,16.662820257908574,-0.229853046526274,0.10000000000000009,False,False,Normal,False
2022-09-28,0.662,0.0,16.653758071220345,-0.22607509871939138,0.0,False,False,Normal,False
2022-09-29,0.661,-0.10000000000000009,16.6624656986262,-0.22955786191448047,0.10000000000000009,False,False,Normal,False
2022-09-30,0.642,-1.9000000000000017,16.691342697717026,-0.3310099193371477,1.9000000000000017,True,True,Normal,False
2022-10-03,0.656,1.4000000000000012,16.67334068126973,-0.13884440102639975,1.4000000000000012,False,False,Normal,False
2022-10-04,0.657,0.10000000000000009,16.674465193033452,-0.21649869775183245,0.10000000000000009,False,False,Normal,False
2022-10-05,0.652,-0.5000000000000004,16.68981410132665,-0.24805548910643155,0.5000000000000004,False,False,Normal,False
2022-10-06,0.655,0.30000000000000027,16.67331542820506,-0.20421853198074835,0.30000000000000027,False,False,Normal,False
2022-10-07,0.656,0.10000000000000009,16.67331542820506,-0.2162137467813797,0.10000000000000009,False,False,Normal,False
2022-10-10,0.655,-0.10000000000000009,16.67331542820506,-0.22820896158201104,0.10000000000000009,False,False,Normal,False
2022-10-11,0.657,0.20000000000000018,16.674405220987165,-0.2099025394677791,0.20000000000000018,False,False,Normal,False
2022-10-12,0.658,0.10000000000000009,0.5727128425309592,0.20952908873090836,0.10000000000000009,False,False,Normal,False
2022-10-13,0.658,0.0,0.5711484275699976,0.017508583613800546,0.0,False,False,Normal,False
2022-10-14,0.657,-0.10000000000000009,0.5714938872444622,-0.1487329994198879,0.10000000000000009,False,False,Normal,False
2022-10-17,0.658,0.10000000000000009,0.5679835060613873,0.16725837807996585,0.10000000000000009,False,False,Normal,False
2022-10-18,0.657,-0.10000000000000009,0.5665221693993484,-0.15886403897560095,0.10000000000000009,False,False,Normal,False
2022-10-19,0.656,-0.10000000000000009,0.564637750662826,-0.13282852574408613,0.10000000000000009,False,False,Normal,False
2022-10-20,0.656,0.0,0.564637750662826,0.04427617524802871,0.0,False,False,Normal,False
2022-10-21,0.657,0.10000000000000009,0.564637750662826,0.22138087624014355,0.10000000000000009,False,False,Normal,False
2022-10-24,0.658,0.10000000000000009,0.564637750662826,0.22138087624014355,0.10000000000000009,False,False,Normal,False
2022-10-25,0.656,-0.20000000000000018,0.5657784576649999,-0.3004709665009161,0.20000000000000018,False,False,Normal,False
2022-10-26,0.656,0.0,0.5657784576649999,0.05302428820604401,0.0,False,False,Normal,False
2022-10-27,0.657,0.10000000000000009,0.5662433919678531,0.21192300290333943,0.10000000000000009,False,False,Normal,False
2022-10-28,0.656,-0.10000000000000009,0.3555573830360855,-0.47812254255102016,0.10000000000000009,False,False,Normal,False
2022-10-31,0.648,-0.8000000000000007,0.2458069417886116,-3.0918573514233114,0.8000000000000007,True,False,Sharp easing,True
2022-11-01,0.659,1.100000000000001,0.3537766170010858,3.0810402599238365,1.100000000000001,False,False,Sharp tightening,True
2022-11-02,1.403,74.4,16.631437416119983,4.247678551916835,74.4,False,False,Sharp tightening,True
2022-11-03,1.403,0.0,16.63485244267209,-0.22482916592671842,0.0,False,False,Normal,False
2022-11-04,1.401,-0.20000000000000018,16.638442329674213,-0.23589948639602332,0.20000000000000018,False,False,Normal,False
2022-11-07,1.4,-0.10000000000001119,16.638442329674213,-0.22988930839867305,0.10000000000001119,False,False,Normal,False
2022-11-08,1.4,0.0,16.64073236622146,-0.22324738588675164,0.0,False,False,Normal,False
2022-11-09,1.4,0.0,16.641890707362236,-0.22293140035817724,0.0,False,False,Normal,False
2022-11-10,1.402,0.20000000000000018,16.63960399326353,-0.2115434959524912,0.20000000000000018,False,False,Normal,False
2022-11-11,1.404,0.20000000000000018,16.63611401360559,-0.2124895271280874,0.20000000000000018,False,False,Normal,False
2022-11-14,1.401,-0.29999999999998916,16.64095376188706,-0.24127222859038186,0.29999999999998916,False,False,Normal,False
2022-11-15,1.4,-0.10000000000001119,16.64095376188706,-0.22925368669297927,0.10000000000001119,False,False,Normal,False
2022-11-16,1.401,0.10000000000001119,16.638600491501364,-0.21786688140337043,0.10000000000001119,False,False,Normal,False
2022-11-17,1.402,0.09999999999998899,16.63743717612402,-0.21818264204833993,0.09999999999998899,False,False,Normal,False
2022-11-18,1.403,0.10000000000001119,16.63743717612402,-0.21818264204833865,0.10000000000001119,False,False,Normal,False
2022-11-21,1.403,0.0,16.638600491501364,-0.22387700226967103,0.0,False,False,Normal,False
2022-11-22,1.404,0.09999999999998899,16.635010638631055,-0.21881560998505964,0.09999999999998899,False,False,Normal,False
2022-11-23,1.405,0.10000000000001119,16.633842326002604,-0.21913157096012612,0.10000000000001119,False,False,Normal,False
2022-11-24,1.405,0.0,16.635010638631055,-0.22482702784179143,0.0,False,False,Normal,False
2022-11-25,1.403,-0.20000000000000018,16.636240560895963,-0.23653180450211503,0.20000000000000018,False,False,Normal,False
2022-11-28,1.403,0.0,16.625721195279258,-0.22705781936677022,0.0,False,False,Normal,False
2022-11-29,1.402,-0.10000000000001119,16.63804375520151,-0.22929378333960307,0.10000000000001119,False,False,Normal,False
2022-11-30,1.391,-1.0999999999999899,0.27796251167154107,-3.741511737485387,1.0999999999999899,True,False,Sharp easing,True
2022-12-01,1.4,0.8999999999999897,0.3513507768898003,2.604235027170514,0.8999999999999897,False,False,Sharp tightening,True
2022-12-02,1.4,0.0,0.3486439897358923,0.014341276910547637,0.0,False,False,Normal,False
2022-12-05,1.398,-0.20000000000000018,0.3507885853031151,-0.5416367805577879,0.20000000000000018,False,False,Normal,False
2022-12-06,1.406,0.8000000000000007,0.3948350754962363,1.9501813485852286,0.8000000000000007,False,False,Mild tightening,False
2022-12-07,1.399,-0.6999999999999895,0.42732337071345333,-1.6264029716877582,0.6999999999999895,False,False,Mild easing,False
2022-12-08,1.4,0.09999999999998899,0.4253790878981538,0.2585928719333887,0.09999999999998899,False,False,Normal,False
2022-12-09,1.4,0.0,0.42252374582913843,0.04733461775208176,0.0,False,False,Normal,False
2022-12-12,1.4,0.0,0.417353819350355,0.011980242585975288,0.0,False,False,Normal,False
2022-12-13,1.4,0.0,0.4167543767332607,0.0,0.0,False,False,Normal,False
2022-12-14,1.402,0.20000000000000018,0.41861299801281354,0.46582404494289464,0.20000000000000018,False,False,Normal,False
2022-12-15,1.403,0.10000000000001119,0.4186129980128138,0.2269399193311782,0.10000000000001119,False,False,Normal,False
2022-12-16,1.402,-0.10000000000001119,0.4186129980128139,-0.22693991933117819,0.10000000000001119,False,False,Normal,False
2022-12-19,1.403,0.10000000000001119,0.41927255298221416,0.2385083385228254,0.10000000000001119,False,False,Normal,False
2022-12-20,1.403,0.0,0.41861299801281415,0.011944206280585665,0.0,False,False,Normal,False
2022-12-21,1.902,49.89999999999999,11.1681537370658,4.245554020503419,49.89999999999999,False,False,Sharp tightening,True
2022-12-22,1.904,0.20000000000000018,11.165900864026295,-0.20553648361628468,0.20000000000000018,False,False,Normal,False
2022-12-23,1.907,0.30000000000001137,11.160107526363712,-0.19892281456568814,0.30000000000001137,False,False,Normal,False
2022-12-27,1.906,-0.10000000000001119,11.161318305459684,-0.23429132011411719,0.10000000000001119,False,False,Normal,False
2022-12-28,1.906,0.0,11.160107526363712,-0.22580427599348493,0.0,False,False,Normal,False
2022-12-29,1.905,-0.09999999999998899,11.145265693038503,-0.23956360247810962,0.09999999999998899,False,False,Normal,False
2022-12-30,1.89,-1.5000000000000124,11.177067688139996,-0.35340217221654335,1.5000000000000124,True,True,Normal,False
2023-01-02,1.906,1.6000000000000014,11.164327589528883,-0.08330103112275689,1.6000000000000014,False,False,Normal,False
2023-01-03,1.904,-0.20000000000000018,11.164327589528883,-0.24452883329583508,0.20000000000000018,False,False,Normal,False
2023-01-04,1.904,0.0,11.172282431841852,-0.22287299083160586,0.0,False,False,Normal,False
2023-01-05,1.9,-0.40000000000000036,11.167974655000648,-0.2601187851639005,0.40000000000000036,False,False,Normal,False
2023-01-06,1.898,-0.20000000000000018,11.171575773504737,-0.2407896660719776,0.20000000000000018,False,False,Normal,False
2023-01-09,1.9,0.20000000000000018,11.16931887854073,-0.20592124058870942,0.20000000000000018,False,False,Normal,False
2023-01-10,1.9,0.0,11.16931887854073,-0.22382743542251024,0.0,False,False,Normal,False
2023-01-11,1.9,0.0,11.16931887854073,-0.22382743542251024,0.0,False,False,Normal,False
2023-01-12,1.9,0.0,11.171575773504737,-0.22288708866885654,0.0,False,False,Normal,False
2023-01-13,1.901,0.10000000000001119,11.171575773504737,-0.21393579996729506,0.10000000000001119,False,False,Normal,False
2023-01-16,1.902,0.09999999999998899,11.169224635012426,-0.21487615106931196,0.09999999999998899,False,False,Normal,False
2023-01-17,1.901,-0.09999999999998899,11.171575773504737,-0.2318383773704161,0.09999999999998899,False,False,Normal,False
2023-01-18,1.902,0.09999999999998899,11.170425002516339,-0.21440545005767409,0.09999999999998899,False,False,Normal,False
2023-01-19,1.903,0.10000000000001119,0.5276312508203164,0.18004998728243007,0.10000000000001119,False,False,Normal,False
2023-01-20,1.903,0.0,0.52563245113322,0.009512350291957553,0.0,False,False,Normal,False
2023-01-23,1.902,-0.10000000000001119,0.5210061116927122,-0.14395224608083942,0.10000000000001119,False,False,Normal,False
2023-01-24,1.904,0.20000000000000018,0.523047748650663,0.40149298136116546,0.20000000000000018,False,False,Normal,False
2023-01-25,1.904,0.0,0.523047748650663,0.019118713398150737,0.0,False,False,Normal,False
2023-01-26,1.904,0.0,0.5226199182460181,0.009567182239783789,0.0,False,False,Normal,False
2023-01-27,1.906,0.20000000000000018,0.38743420494065645,0.3097300095596376,0.20000000000000018,False,False,Normal,False
2023-01-30,1.904,-0.20000000000000018,0.155258697527703,-1.2237639695908067,0.20000000000000018,False,False,Mild easing,False
2023-01-31,1.894,-1.0000000000000009,0.26852423197543834,-3.5378557570435447,1.0000000000000009,True,False,Sharp easing,True
2023-02-01,1.901,0.7000000000000117,0.3166851333490658,2.2577630734938965,0.7000000000000117,False,False,Sharp tightening,True
2023-02-02,1.902,0.09999999999998899,0.3041813863298977,0.2958760925048192,0.09999999999998899,False,False,Normal,False
2023-02-03,1.898,-0.40000000000000036,0.31455900626298633,-1.2716215146788112,0.40000000000000036,False,False,Mild easing,False
2023-02-06,1.901,0.30000000000001137,0.31867323637082,0.9257131328617062,0.30000000000001137,False,False,Normal,False
2023-02-07,1.902,0.09999999999998899,0.3193743884535907,0.2818009309881377,0.09999999999998899,False,False,Normal,False
2023-02-08,2.401,49.89999999999999,11.160195951873362,4.246789232409868,49.89999999999999,False,False,Sharp tightening,True
2023-02-09,2.401,0.0,11.160195951873362,-0.224458424457996,0.0,False,False,Normal,False
2023-02-10,2.401,0.0,11.161352493030774,-0.2239871916562994,0.0,False,False,Normal,False
2023-02-13,2.4,-0.09999999999998899,11.16370528944014,-0.23200182491828195,0.09999999999998899,False,False,Normal,False
2023-02-14,2.4,0.0,11.16250655684372,-0.22351610610883077,0.0,False,False,Normal,False
2023-02-15,2.405,0.49999999999998934,11.158347123401201,-0.18058230109853524,0.49999999999998934,False,False,Normal,False
2023-02-16,2.4,-0.49999999999998934,11.16598570848563,-0.26732973495851137,0.49999999999998934,False,False,Normal,False
2023-02-17,2.398,-0.19999999999997797,11.168417642243641,-0.2395146819977439,0.19999999999997797,False,False,Normal,False
2023-02-20,2.4,0.19999999999997797,11.16497813889957,-0.20510564118540464,0.19999999999997797,False,False,Normal,False
2023-02-21,2.398,-0.19999999999997797,11.169653436644168,-0.23904054097511546,0.19999999999997797,False,False,Normal,False
2023-02-22,2.399,0.09999999999998899,11.168511892581611,-0.2126514277678786,0.09999999999998899,False,False,Normal,False
2023-02-23,2.399,0.0,11.168511892581611,-0.22160517209494615,0.0,False,False,Normal,False
2023-02-24,2.398,-0.09999999999998899,11.17192910826058,-0.2291457433351518,0.09999999999998899,False,False,Normal,False
2023-02-27,2.398,0.0,11.169512075287804,-0.2211376811584097,0.0,False,False,Normal,False
2023-02-28,2.388,-1.000000000000023,11.169512075287804,-0.31066710672861797,1.000000000000023,True,False,Normal,False
2023-03-01,2.398,1.000000000000023,11.167211167662137,-0.1329785904201598,1.000000000000023,False,False,Normal,False
2023-03-02,2.399,0.09999999999998899,11.167211167662137,-0.2135716755232912,0.09999999999998899,False,False,Normal,False
2023-03-03,2.4,0.09999999999998899,11.160970529389223,-0.21593104234564245,0.09999999999998899,False,False,Normal,False
2023-03-06,2.399,-0.09999999999998899,11.165496665597717,-0.2319646028805957,0.09999999999998899,False,False,Normal,False
2023-03-07,2.398,-0.09999999999998899,11.167839163372088,-0.23102051903306323,0.09999999999998899,False,False,Normal,False
2023-03-08,2.399,0.09999999999998899,0.37682887362844547,0.291909690838734,0.09999999999998899,False,False,Normal,False
2023-03-09,2.401,0.19999999999997797,0.3797506106853179,0.5266614308770892,0.19999999999997797,False,False,Normal,False
2023-03-10,2.403,0.20000000000002238,0.38237485052742726,0.4968946041768843,0.20000000000002238,False,False,Normal,False
2023-03-13,2.401,-0.20000000000002238,0.38453663161357604,-0.5331091582609689,0.20000000000002238,False,False,Normal,False
2023-03-14,2.401,0.0,0.38453663161357604,-0.013002662396606182,0.0,False,False,Normal,False
2023-03-15,2.4,-0.09999999999998899,0.3668858993719693,-0.2044232283889176,0.09999999999998899,False,False,Normal,False
2023-03-16,2.399,-0.09999999999998899,0.35015034364966596,-0.2713120284555236,0.09999999999998899,False,False,Normal,False
2023-03-17,2.402,0.30000000000001137,0.35333002315575035,0.7924602542948506,0.30000000000001137,False,False,Normal,False
2023-03-20,2.398,-0.40000000000000036,0.3625930007744387,-1.0755861231932937,0.40000000000000036,False,False,Mild easing,False
2023-03-21,2.399,0.09999999999998899,0.36051863226553543,0.2635092655350431,0.09999999999998899,False,False,Normal,False
2023-03-22,2.898,49.90000000000001,11.163779542977847,4.246321760251736,49.90000000000001,False,False,Sharp tightening,True
2023-03-23,2.899,0.09999999999998899,11.162625610774374,-0.2150031796895066,0.09999999999998899,False,False,Normal,False
2023-03-24,2.899,0.0,11.161422046731468,-0.2244337674457502,0.0,False,False,Normal,False
2023-03-27,2.898,-0.09999999999998899,11.162625610774374,-0.23292011133029678,0.09999999999998899,False,False,Normal,False
2023-03-28,2.894,-0.40000000000000036,11.15352670211252,-0.26269717895103517,0.40000000000000036,False,False,Normal,False
2023-03-29,2.894,0.0,11.162983943655744,-0.22216282066852364,0.0,False,False,Normal,False
2023-03-30,2.896,0.19999999999997797,11.161884155228318,-0.2047145417585891,0.19999999999997797,False,False,Normal,False
2023-03-31,2.884,-1.200000000000001,11.180273982143264,-0.3237845517723212,1.200000000000001,True,True,Normal,False
2023-04-03,2.898,1.4000000000000234,11.167503372685745,-0.09805235453773885,1.4000000000000234,False,False,Normal,False
2023-04-04,2.898,0.0,11.166302691109257,-0.22388789460190164,0.0,False,False,Normal,False
2023-04-05,2.902,0.40000000000000036,11.163110064663416,-0.18946332946183045,0.40000000000000036,False,False,Normal,False
2023-04-06,2.903,0.09999999999998899,11.164223875256276,-0.2158681182792647,0.09999999999998899,False,False,Normal,False
2023-04-11,2.897,-0.6000000000000227,11.174364458555653,-0.2747359826490603,0.6000000000000227,False,False,Normal,False
2023-04-12,2.898,0.1000000000000334,11.170792508285079,-0.21350320473959905,0.1000000000000334,False,False,Normal,False
2023-04-13,2.899,0.09999999999998899,11.169644012609409,-0.2139727996077531,0.09999999999998899,False,False,Normal,False
2023-04-14,2.896,-0.30000000000001137,11.172174080464854,-0.2488324993844296,0.30000000000001137,False,False,Normal,False
2023-04-17,2.897,0.09999999999998899,11.169832491794002,-0.21396918904162984,0.09999999999998899,False,False,Normal,False
2023-04-18,2.901,0.40000000000000036,11.168822913053912,-0.18757572004758002,0.40000000000000036,False,False,Normal,False
2023-04-19,2.902,0.1000000000000334,11.162559600831049,-0.21679615487291987,0.1000000000000334,False,False,Normal,False
2023-04-20,2.904,0.19999999999997797,11.161440908677289,-0.20830643812238314,0.19999999999997797,False,False,Normal,False
2023-04-21,2.902,-0.19999999999997797,0.48731271706229073,-0.45145548699451754,0.19999999999997797,False,False,Normal,False
2023-04-24,2.905,0.29999999999996696,0.49107829796983204,0.5498104907428727,0.29999999999996696,False,False,Normal,False
2023-04-25,2.901,-0.40000000000000036,0.5004208754955013,-0.8193103447054041,0.40000000000000036,False,False,Normal,False
2023-04-26,2.9,-0.09999999999998899,0.5004208754955013,-0.21981497053069435,0.09999999999998899,False,False,Normal,False
2023-04-27,2.9,0.0,0.49107829796983204,-0.061090054526990886,0.0,False,False,Normal,False
2023-04-28,2.894,-0.5999999999999783,0.5109330989269054,-1.1743220418879436,0.5999999999999783,True,False,Mild easing,False
2023-05-02,2.896,0.19999999999997797,0.5109330989269054,0.3914406806292856,0.19999999999997797,False,False,Normal,False
2023-05-03,2.896,0.0,0.4259972819286876,-0.14084596908307062,0.0,False,False,Normal,False
2023-05-04,2.897,0.09999999999998899,0.2874113135525368,0.36533008635652536,0.09999999999998899,False,False,Normal,False
2023-05-05,2.898,0.1000000000000334,0.28837110593286275,0.3467753805518745,0.1000000000000334,False,False,Normal,False
2023-05-08,2.892,-0.6000000000000227,0.3017492859627823,-1.8227052244553066,0.6000000000000227,False,False,Mild easing,False
2023-05-09,2.894,0.20000000000002238,0.30517466957051126,0.8028189244697915,0.20000000000002238,False,False,Normal,False
2023-05-10,3.145,25.099999999999987,5.6228294057632455,4.24341524136303,25.099999999999987,False,False,Sharp tightening,True
2023-05-11,3.145,0.0,5.623940835954434,-0.21959690473706922,0.0,False,False,Normal,False
2023-05-12,3.148,0.30000000000001137,5.621993933603428,-0.16808982918882115,0.30000000000001137,False,False,Normal,False
2023-05-15,3.145,-0.30000000000001137,5.621993933603428,-0.27481353026109384,0.30000000000001137,False,False,Normal,False
2023-05-16,3.147,0.19999999999997797,5.620966390034262,-0.186800618815588,0.19999999999997797,False,False,Normal,False
2023-05-17,3.151,0.40000000000000036,5.620966390034262,-0.1512195485649965,0.40000000000000036,False,False,Normal,False
2023-05-18,3.153,0.20000000000002238,5.6199339760122555,-0.18772462532532722,0.20000000000002238,False,False,Normal,False
2023-05-19,3.151,-0.20000000000002238,5.624595891916902,-0.2551294399767026,0.20000000000002238,False,False,Normal,False
2023-05-22,3.15,-0.09999999999998899,5.623297403144404,-0.2382943500819811,0.09999999999998899,False,False,Normal,False
2023-05-23,3.157,0.7000000000000117,5.620488834331242,-0.09963546170208186,0.7000000000000117,False,False,Normal,False
2023-05-24,3.148,-0.8999999999999897,5.6293661417512,-0.3792611719044853,0.8999999999999897,False,False,Normal,False
2023-05-25,3.148,0.0,5.6281622690107165,-0.2203205843633148,0.0,False,False,Normal,False
2023-05-26,3.152,0.40000000000000036,5.624233281079303,-0.15290973133940927,0.40000000000000036,False,False,Normal,False
2023-05-29,3.147,-0.5000000000000338,5.6225368876185815,-0.31391523706794133,0.5000000000000338,False,False,Normal,False
2023-05-30,3.148,0.1000000000000334,5.623578182878534,-0.20627436167450952,0.1000000000000334,False,False,Normal,False
2023-05-31,3.144,-0.40000000000000036,5.629003838204978,-0.29134817582980677,0.40000000000000036,True,False,Normal,False
2023-06-01,3.147,0.29999999999996696,5.627049334289365,-0.16882738066841696,0.29999999999996696,False,False,Normal,False
2023-06-02,3.148,0.1000000000000334,5.627049334289365,-0.20436998712491278,0.1000000000000334,False,False,Normal,False
2023-06-05,3.148,0.0,5.618259704326885,-0.2278285567707404,0.0,False,False,Normal,False
2023-06-06,3.145,-0.30000000000001137,5.624427456241779,-0.27647258536054725,0.30000000000001137,False,False,Normal,False
2023-06-07,3.144,-0.09999999999998899,0.3663116303455345,-0.2593420250139968,0.09999999999998899,False,False,Normal,False
2023-06-08,3.146,0.19999999999997797,0.36917404253860775,0.5282061508416743,0.19999999999997797,False,False,Normal,False
2023-06-09,3.147,0.09999999999998899,0.3634266739914777,0.2889166027545157,0.09999999999998899,False,False,Normal,False
2023-06-12,3.147,0.0,0.35673962198615294,-0.02803164937027111,0.0,False,False,Normal,False
2023-06-13,3.147,0.0,0.35392535638863704,0.0,0.0,False,False,Normal,False
2023-06-14,3.15,0.30000000000001137,0.3486439897359979,0.874817891543074,0.30000000000001137,False,False,Normal,False
2023-06-15,3.147,-0.30000000000001137,0.35108853284438657,-0.769036794829419,0.30000000000001137,False,False,Normal,False
2023-06-16,3.144,-0.29999999999996696,0.3543340677651997,-0.7478817988666319,0.29999999999996696,False,False,Normal,False
2023-06-19,3.144,0.0,0.3540740332934871,0.08472804323137792,0.0,False,False,Normal,False
2023-06-20,3.144,0.0,0.3099660422828701,0.20970039015009756,0.0,False,False,Normal,False
2023-06-21,3.395,25.099999999999987,5.622349668019034,4.244666626792803,25.099999999999987,False,False,Sharp tightening,True
2023-06-22,3.397,0.19999999999997797,5.620214923779494,-0.18593594981191158,0.19999999999997797,False,False,Normal,False
2023-06-23,3.4,0.30000000000001137,5.621050660358422,-0.16722852306405814,0.30000000000001137,False,False,Normal,False
2023-06-26,3.4,0.0,5.614012075062488,-0.2253290486529494,0.0,False,False,Normal,False
2023-06-27,3.397,-0.30000000000001137,5.619091048428239,-0.27495550199923774,0.30000000000001137,False,False,Normal,False
2023-06-28,3.4,0.30000000000001137,5.610478917544436,-0.174673145448501,0.30000000000001137,False,False,Normal,False
2023-06-29,3.4,0.0,5.613637060999903,-0.22534410156090112,0.0,False,False,Normal,False
2023-06-30,3.4,0.0,5.614773745265821,-0.22440797388539233,0.0,True,True,Normal,False
2023-07-03,3.399,-0.09999999999998899,5.615999231518921,-0.24127496179046143,0.09999999999998899,False,False,Normal,False
2023-07-04,3.401,0.19999999999997797,5.609822213150605,-0.19251947013013593,0.19999999999997797,False,False,Normal,False
2023-07-05,3.404,0.30000000000001137,5.605354582896613,-0.1784008460501761,0.30000000000001137,False,False,Normal,False
2023-07-06,3.406,0.20000000000002238,5.605354582896613,-0.19624093065519232,0.20000000000002238,False,False,Normal,False
2023-07-07,3.406,0.0,5.606525802932457,-0.23098083296480332,0.0,False,False,Normal,False
2023-07-10,3.402,-0.40000000000000036,5.612099241347832,-0.29846229155379744,0.40000000000000036,False,False,Normal,False
2023-07-11,3.404,0.19999999999997797,5.609885541566222,-0.19340858061376806,0.19999999999997797,False,False,Normal,False
2023-07-12,3.404,0.0,5.6130580838462425,-0.22625812543342796,0.0,False,False,Normal,False
2023-07-13,3.401,-0.30000000000001137,5.6130580838462425,-0.27970492671691694,0.30000000000001137,False,False,Normal,False
2023-07-14,3.402,0.1000000000000334,5.607879794492189,-0.2122014100888418,0.1000000000000334,False,False,Normal,False
2023-07-17,3.4,-0.20000000000002238,5.610478917544437,-0.26379209720794733,0.20000000000002238,False,False,Normal,False
2023-07-18,3.399,-0.09999999999998899,5.611724099456523,-0.24502273733185723,0.09999999999998899,False,False,Normal,False
2023-07-19,3.4,0.09999999999998899,0.20994986870326934,0.3572281348076949,0.09999999999998899,False,False,Normal,False
2023-07-20,3.403,0.30000000000001137,0.21545545393811374,1.2531592729027106,0.30000000000001137,False,False,Mild tightening,False
2023-07-21,3.404,0.09999999999998899,0.20672890969906085,0.3869802250514758,0.09999999999998899,False,False,Normal,False
2023-07-24,3.405,0.09999999999998899,0.2074278568311713,0.3615714935580373,0.09999999999998899,False,False,Normal,False
2023-07-25,3.405,0.0,0.19303667499943028,-0.20721450988584564,0.0,False,False,Normal,False
2023-07-26,3.402,-0.29999999999996696,0.197084005599783,-1.5729333238207208,0.29999999999996696,False,False,Mild easing,False
2023-07-27,3.403,0.09999999999998899,0.19808291724770327,0.4291132278393067,0.09999999999998899,False,False,Normal,False
2023-07-28,3.404,0.09999999999998899,0.19894458366218026,0.40212203080549075,0.09999999999998899,False,False,Normal,False
2023-07-31,3.392,-1.200000000000001,0.33759988775268235,-3.450830531239548,1.200000000000001,True,False,Sharp easing,True
2023-08-01,3.404,1.200000000000001,0.43440824844365866,2.727848755739478,1.200000000000001,False,False,Sharp tightening,True
2023-08-02,3.655,25.099999999999987,5.628917349394629,4.236160973755359,25.099999999999987,False,False,Sharp tightening,True
2023-08-03,3.653,-0.19999999999997797,5.633571831347092,-0.2547229436243546,0.19999999999997797,False,False,Normal,False
2023-08-04,3.653,0.0,5.633571831347092,-0.2192214880669566,0.0,False,False,Normal,False
2023-08-07,3.653,0.0,5.628169282607291,-0.22298547484673584,0.0,False,False,Normal,False
2023-08-08,3.652,-0.09999999999998899,5.631527791208879,-0.23794608668926454,0.09999999999998899,False,False,Normal,False
2023-08-09,3.649,-0.30000000000001137,5.6354026615579835,-0.27061065403592743,0.30000000000001137,False,False,Normal,False
2023-08-10,3.652,0.30000000000001137,5.628449819303812,-0.1696737166821033,0.30000000000001137,False,False,Normal,False
2023-08-11,3.653,0.09999999999998899,5.628449819303812,-0.20520747933804506,0.09999999999998899,False,False,Normal,False
2023-08-14,3.656,0.30000000000001137,5.6227545225674485,-0.17429179880904788,0.30000000000001137,False,False,Normal,False
2023-08-15,3.657,0.09999999999998899,5.620348369049178,-0.21173064761487898,0.09999999999998899,False,False,Normal,False
2023-08-16,3.654,-0.30000000000001137,5.6255151810862305,-0.2790855502938773,0.30000000000001137,False,False,Normal,False
2023-08-17,3.654,0.0,5.62863683600026,-0.2229669521353965,0.0,False,False,Normal,False
2023-08-18,3.655,0.09999999999998899,5.62863683600026,-0.20520066112859392,0.09999999999998899,False,False,Normal,False
2023-08-21,3.654,-0.09999999999998899,5.630974020633792,-0.2388574330251667,0.09999999999998899,False,False,Normal,False
2023-08-22,3.655,0.09999999999998899,5.629854630263094,-0.20426815175976742,0.09999999999998899,False,False,Normal,False
2023-08-23,3.652,-0.29999999999996696,5.629854630263094,-0.2753179436761998,0.29999999999996696,False,False,Normal,False
2023-08-24,3.649,-0.30000000000001137,5.634863282327831,-0.2715238903485782,0.30000000000001137,False,False,Normal,False
2023-08-25,3.652,0.30000000000001137,5.632929498657175,-0.16687586809387106,0.30000000000001137,False,False,Normal,False
2023-08-28,3.651,-0.1000000000000334,5.613187011052874,-0.2485219176295305,0.1000000000000334,False,False,Normal,False
2023-08-29,3.652,0.1000000000000334,5.619552332797756,-0.20286313437220121,0.1000000000000334,False,False,Normal,False
2023-08-30,3.652,0.0,0.19808291724772054,0.0757258637363429,0.0,False,False,Normal,False
2023-08-31,3.646,-0.6000000000000227,0.23457688673349647,-2.4085919455565143,0.6000000000000227,True,False,Sharp easing,True
2023-09-01,3.652,0.6000000000000227,0.2742933504578093,2.2056677604114237,0.6000000000000227,False,False,Sharp tightening,True
2023-09-04,3.652,0.0,0.2742933504578093,0.018228659176950598,0.0,False,False,Normal,False
2023-09-05,3.651,-0.1000000000000334,0.2742933504578101,-0.34634452436222707,0.1000000000000334,False,False,Normal,False
2023-09-06,3.652,0.1000000000000334,0.26611236249710774,0.3194139468096168,0.1000000000000334,False,False,Normal,False
2023-09-07,3.652,0.0,0.2575185225838944,-6.897976974924392e-16,0.0,False,False,Normal,False
2023-09-08,3.653,0.09999999999998899,0.2575185225838944,0.38832158167345343,0.09999999999998899,False,False,Normal,False
2023-09-11,3.652,-0.09999999999998899,0.2483630619202921,-0.322109090544486,0.09999999999998899,False,False,Normal,False
2023-09-12,3.654,0.19999999999997797,0.251887610694054,0.85355527970417,0.19999999999997797,False,False,Normal,False
2023-09-13,3.652,-0.19999999999997797,0.2468752081946637,-0.7696196041287477,0.19999999999997797,False,False,Normal,False
2023-09-14,3.653,0.09999999999998899,0.24809802816437931,0.42321980862507974,0.09999999999998899,False,False,Normal,False
2023-09-15,3.65,-0.30000000000001137,0.25520889276722847,-1.077548658348809,0.30000000000001137,False,False,Mild easing,False
2023-09-18,3.648,-0.19999999999997797,0.25772282132493607,-0.6596233857988222,0.19999999999997797,False,False,Normal,False
2023-09-19,3.651,0.29999999999996696,0.26675437154233683,1.1996054578216324,0.29999999999996696,False,False,Mild tightening,False
2023-09-20,3.901,25.0,5.5973184369133975,4.243996525789862,25.0,False,False,Sharp tightening,True
2023-09-21,3.902,0.1000000000000334,5.592219689231789,-0.2083251490000038,0.1000000000000334,False,False,Normal,False
2023-09-22,3.905,0.29999999999996696,5.592219689231789,-0.17256117492276038,0.29999999999996696,False,False,Normal,False
2023-09-25,3.904,-0.09999999999998899,5.592219689231789,-0.2440891230772627,0.09999999999998899,False,False,Normal,False
2023-09-26,3.904,0.0,5.593360725943431,-0.22526707318478464,0.0,False,False,Normal,False
2023-09-27,3.905,0.09999999999998899,5.592219689231789,-0.2083251490000113,0.09999999999998899,False,False,Normal,False
2023-09-28,3.906,0.1000000000000334,5.582114294781154,-0.21497230916999951,0.1000000000000334,False,False,Normal,False
2023-09-29,3.88,-2.6000000000000245,5.648698033501554,-0.6620994745724876,2.6000000000000245,True,True,Normal,False
2023-10-02,3.899,1.9000000000000128,5.644491958864351,0.11781396888265006,1.9000000000000128,False,False,Normal,False
2023-10-03,3.9,0.09999999999998899,5.642179030350457,-0.20293577957041384,0.09999999999998899,False,False,Normal,False
2023-10-04,3.901,0.09999999999998899,5.642179030350457,-0.20293577957041348,0.09999999999998899,False,False,Normal,False
2023-10-05,3.9,-0.09999999999998899,5.643384576092995,-0.2374461605322123,0.09999999999998899,False,False,Normal,False
2023-10-06,3.899,-0.09999999999998899,5.645687688287787,-0.2355780329044997,0.09999999999998899,False,False,Normal,False
2023-10-09,3.9,0.09999999999998899,5.643384576092995,-0.20200643507964688,0.09999999999998899,False,False,Normal,False
2023-10-10,3.899,-0.09999999999998899,5.646692091742516,-0.23465065537000218,0.09999999999998899,False,False,Normal,False
2023-10-11,3.901,0.19999999999997797,5.6420857472168455,-0.18521519289484445,0.19999999999997797,False,False,Normal,False
2023-10-12,3.901,0.0,5.643198048139585,-0.21973356054884424,0.0,False,False,Normal,False
2023-10-13,3.903,0.20000000000002238,5.6371208589977435,-0.18892623142895168,0.20000000000002238,False,False,Normal,False
2023-10-16,3.902,-0.09999999999998899,5.635797239638407,-0.24308894407419956,0.09999999999998899,False,False,Normal,False
2023-10-17,3.904,0.19999999999997797,5.636747382367927,-0.18893874920338005,0.19999999999997797,False,False,Normal,False
2023-10-18,3.903,-0.09999999999998899,0.7503683306077411,-0.1465946729266928,0.09999999999998899,False,False,Normal,False
2023-10-19,3.905,0.19999999999997797,0.7513321502505401,0.24622931407672244,0.19999999999997797,False,False,Normal,False
2023-10-20,3.905,0.0,0.7483314773548558,-2.3737566748884853e-16,0.0,False,False,Normal,False
2023-10-23,3.905,0.0,0.7479621437085929,-0.0066848302979724515,0.0,False,False,Normal,False
2023-10-24,3.904,-0.09999999999998899,0.7483314773548558,-0.13363062095618566,0.09999999999998899,False,False,Normal,False
2023-10-25,3.9,-0.40000000000000036,0.7531512743834166,-0.497907940615254,0.40000000000000036,False,False,Normal,False
2023-10-26,3.901,0.09999999999998899,0.7531512743834161,0.16596931353840502,0.09999999999998899,False,False,Normal,False
2023-10-27,3.903,0.20000000000002238,0.4475371198954394,0.18992837961660158,0.20000000000002238,False,False,Normal,False
2023-10-30,3.899,-0.40000000000000036,0.18064212949215455,-2.2143228776395314,0.40000000000000036,False,False,Sharp easing,True
2023-10-31,3.882,-1.6999999999999904,0.41914700348017075,-3.841134462687763,1.6999999999999904,True,False,Sharp easing,True
2023-11-01,3.9,1.7999999999999794,0.5951337753198035,3.03293154388698,1.7999999999999794,False,False,Sharp tightening,True
2023-11-02,3.903,0.30000000000001137,0.5984849292391603,0.47620246739099076,0.30000000000001137,False,False,Normal,False
2023-11-03,3.902,-0.09999999999998899,0.5984849292391603,-0.19215187280686669,0.09999999999998899,False,False,Normal,False
2023-11-06,3.9,-0.20000000000002238,0.6000000000000729,-0.33333333333333043,0.20000000000002238,False,False,Normal,False
2023-11-07,3.902,0.20000000000002238,0.6011173806031946,0.3077601912198618,0.20000000000002238,False,False,Normal,False
2023-11-08,3.902,0.0,0.5995392968114277,-0.008339736905643554,0.0,False,False,Normal,False
2023-11-09,3.902,0.0,0.5995392968114277,-0.008339736905643554,0.0,False,False,Normal,False
2023-11-10,3.904,0.19999999999997797,0.5995392968114269,0.3252497393199427,0.19999999999997797,False,False,Normal,False
2023-11-13,3.903,-0.09999999999998899,0.5995392968114269,-0.17513447501843113,0.09999999999998899,False,False,Normal,False
2023-11-14,3.902,-0.09999999999998899,0.5981550582284652,-0.1504626580715377,0.09999999999998899,False,False,Normal,False
2023-11-15,3.899,-0.30000000000001137,0.6014018710699229,-0.4655788640994382,0.30000000000001137,False,False,Normal,False
2023-11-16,3.906,0.7000000000000117,0.6210983480052307,1.1189854267558876,0.7000000000000117,False,False,Mild tightening,False
2023-11-17,3.902,-0.40000000000000036,0.6276732304397059,-0.6133764852936247,0.40000000000000036,False,False,Normal,False
2023-11-20,3.903,0.09999999999998899,0.6281970860704928,0.17510428246024068,0.09999999999998899,False,False,Normal,False
2023-11-21,3.901,-0.20000000000002238,0.6293480335780126,-0.29395499807673553,0.20000000000002238,False,False,Normal,False
2023-11-22,3.902,0.1000000000000334,0.6231498932630695,0.1444275301545107,0.1000000000000334,False,False,Normal,False
2023-11-23,3.902,0.0,0.6227908325053624,-0.00802837764950369,0.0,False,False,Normal,False
2023-11-24,3.904,0.19999999999997797,0.6227908325053616,0.31310672833049386,0.19999999999997797,False,False,Normal,False
2023-11-27,3.903,-0.09999999999998899,0.6160997868596537,-0.1947736431003261,0.09999999999998899,False,False,Normal,False
2023-11-28,3.903,0.0,0.4650693213751065,-0.22577279380531506,0.0,False,False,Normal,False
2023-11-29,3.902,-0.09999999999998899,0.24039441275600756,-0.45758135032712544,0.09999999999998899,False,False,Normal,False
2023-11-30,3.891,-1.100000000000012,0.33623300191837746,-3.0930931647586406,1.100000000000012,True,False,Sharp easing,True
2023-12-01,3.904,1.29999999999999,0.45294358891250147,2.8480367789225736,1.29999999999999,False,False,Sharp tightening,True
2023-12-04,3.904,0.0,0.4502630809930542,-0.04441847631808995,0.0,False,False,Normal,False
2023-12-05,3.905,0.09999999999998899,0.44871160589319714,0.18943124912223078,0.09999999999998899,False,False,Normal,False
2023-12-06,3.904,-0.09999999999998899,0.44944410108498906,-0.24474678771940822,0.09999999999998899,False,False,Normal,False
2023-12-07,3.903,-0.09999999999998899,0.4501169438690222,-0.23327271152570112,0.09999999999998899,False,False,Normal,False
2023-12-08,3.903,0.0,0.4477722635448674,0.011166390612084584,0.0,False,False,Normal,False
2023-12-11,3.902,-0.09999999999998899,0.4477722635448674,-0.21216142162961504,0.09999999999998899,False,False,Normal,False
2023-12-12,3.905,0.29999999999996696,0.45221676218390366,0.6302287394735427,0.29999999999996696,False,False,Normal,False
2023-12-13,3.905,0.0,0.44615314812185325,-0.06724148451330775,0.0,False,False,Normal,False
2023-12-14,3.907,0.20000000000002238,0.41986840043554485,0.4644312355912999,0.20000000000002238,False,False,Normal,False
2023-12-15,3.904,-0.30000000000001137,0.41536287242550524,-0.7463353625945672,0.30000000000001137,False,False,Normal,False
2023-12-18,3.901,-0.30000000000001137,0.42040081125677725,-0.6898178886312397,0.30000000000001137,False,False,Normal,False
2023-12-19,3.901,0.0,0.41801536108779064,-4.2495013455430987e-16,0.0,False,False,Normal,False
2023-12-20,3.901,0.0,0.41735381935045024,0.011980242585974786,0.0,False,False,Normal,False
2023-12-21,3.899,-0.19999999999997797,0.41961762042187056,-0.44087757757642376,0.19999999999997797,False,False,Normal,False
2023-12-22,3.899,0.0,0.4165964853176751,0.0600101078167656,0.0,False,False,Normal,False
2023-12-27,3.9,0.09999999999998899,0.4171015274613829,0.2757122485259577,0.09999999999998899,False,False,Normal,False
2023-12-28,3.9,0.0,0.4171015274613829,0.035962467199042225,0.0,False,False,Normal,False
2023-12-29,3.882,-1.7999999999999794,0.5776540578290821,-2.9429378655952942,1.7999999999999794,True,True,Sharp easing,True
2024-01-02,3.906,2.400000000000002,0.7601073331410666,3.0587785416990707,2.400000000000002,False,False,Sharp tightening,True
2024-01-03,3.904,-0.20000000000002238,0.7048702754856723,-0.2837401532675184,0.20000000000002238,False,False,Normal,False
2024-01-04,3.902,-0.19999999999997797,0.7062875514004526,-0.26901224525795525,0.19999999999997797,False,False,Normal,False
2024-01-05,3.905,0.29999999999996696,0.7093362353192808,0.4229306005563542,0.29999999999996696,False,False,Normal,False
2024-01-08,3.904,-0.09999999999998899,0.7093362353192808,-0.14097686685211838,0.09999999999998899,False,False,Normal,False
2024-01-09,3.904,0.0,0.7089465869570026,-0.007052717499439596,0.0,False,False,Normal,False
2024-01-10,3.906,0.20000000000002238,0.710281634283253,0.26046006410781775,0.20000000000002238,False,False,Normal,False
2024-01-11,3.905,-0.1000000000000334,0.7102816342832532,-0.16190760741839916,0.1000000000000334,False,False,Normal,False
2024-01-12,3.904,-0.09999999999998899,0.7074602462330233,-0.1342831636206151,0.09999999999998899,False,False,Normal,False
2024-01-15,3.902,-0.19999999999997797,0.7087980931423241,-0.26100521684506345,0.19999999999997797,False,False,Normal,False
2024-01-16,3.905,0.29999999999996696,0.710744605844413,0.436162297189251,0.29999999999996696,False,False,Normal,False
2024-01-17,3.904,-0.09999999999998899,0.7078507127770903,-0.14127272628950538,0.09999999999998899,False,False,Normal,False
2024-01-18,3.907,0.30000000000001137,0.707181209562289,0.3817974747478472,0.30000000000001137,False,False,Normal,False
2024-01-19,3.904,-0.30000000000001137,0.7110222440817413,-0.44302411439577793,0.30000000000001137,False,False,Normal,False
2024-01-22,3.902,-0.19999999999997797,0.7126488764130054,-0.2876591920439302,0.19999999999997797,False,False,Normal,False
2024-01-23,3.902,0.0,0.7110222440817413,-0.02109638639979919,0.0,False,False,Normal,False
2024-01-24,3.905,0.29999999999996696,0.7138479861766845,0.3782317877592782,0.29999999999996696,False,False,Normal,False
2024-01-25,3.905,0.0,0.7136820757615011,-0.03502960330525964,0.0,False,False,Normal,False
2024-01-26,3.904,-0.09999999999998899,0.7142165380036937,-0.1680162718373914,0.09999999999998899,False,False,Normal,False
2024-01-29,3.907,0.30000000000001137,0.5729655082850117,0.30542850742240657,0.30000000000001137,False,False,Normal,False
2024-01-30,3.907,0.0,0.20384462607348278,-0.024528485721263045,0.0,False,False,Normal,False
2024-01-31,3.894,-1.29999999999999,0.3546681176597347,-3.5244216713023797,1.29999999999999,True,False,Sharp easing,True
2024-02-01,3.905,1.0999999999999677,0.4356181331106666,2.4907135803833267,1.0999999999999677,False,False,Sharp tightening,True
2024-02-02,3.906,0.1000000000000334,0.4310025033509942,0.22041635317989483,0.1000000000000334,False,False,Normal,False
2024-02-05,3.907,0.09999999999998899,0.43075820546918697,0.19732647903341788,0.09999999999998899,False,False,Normal,False
2024-02-06,3.908,0.09999999999998899,0.4311551192345883,0.18554806943266602,0.09999999999998899,False,False,Normal,False
2024-02-07,3.908,0.0,0.4290748922484059,-0.023305954696155325,0.0,False,False,Normal,False
2024-02-08,3.908,0.0,0.4283075628810897,-0.03502156230700314,0.0,False,False,Normal,False
2024-02-09,3.91,0.20000000000002238,0.4293201479942104,0.3959748937809311,0.20000000000002238,False,False,Normal,False
2024-02-12,3.909,-0.1000000000000334,0.4270769682881445,-0.31610227201235724,0.1000000000000334,False,False,Normal,False
2024-02-13,3.909,0.0,0.4225237458292281,-0.047334617752072136,0.0,False,False,Normal,False
2024-02-14,3.911,0.20000000000002238,0.4233637231806147,0.3897358015477146,0.20000000000002238,False,False,Normal,False
2024-02-15,3.911,0.0,0.41877012913138906,-0.04775889828026678,0.0,False,False,Normal,False
2024-02-16,3.909,-0.20000000000002238,0.4153311931460107,-0.5417363388858749,0.20000000000002238,False,False,Normal,False
2024-02-19,3.91,0.1000000000000334,0.4121828924666754,0.14556644901239837,0.1000000000000334,False,False,Normal,False
2024-02-20,3.911,0.09999999999998899,0.4122786487445304,0.13340491962772058,0.09999999999998899,False,False,Normal,False
2024-02-21,3.91,-0.09999999999998899,0.40894601368072225,-0.3056638182505491,0.09999999999998899,False,False,Normal,False
2024-02-22,3.909,-0.1000000000000334,0.40987803063849465,-0.29277002188456286,0.1000000000000334,False,False,Normal,False
2024-02-23,3.907,-0.19999999999997797,0.41202324921638495,-0.5218152140901781,0.19999999999997797,False,False,Normal,False
2024-02-26,3.904,-0.30000000000001137,0.41202324921638495,-0.6917085396080056,0.30000000000001137,False,False,Normal,False
2024-02-27,3.905,0.09999999999998899,0.41282084810686254,0.26645941091501124,0.09999999999998899,False,False,Normal,False
2024-02-28,3.906,0.1000000000000334,0.27984958365839363,0.1429339271373021,0.1000000000000334,False,False,Normal,False
2024-02-29,3.887,-1.9000000000000128,0.447095892222467,-4.048348534366292,1.9000000000000128,True,False,Sharp easing,True
2024-03-01,3.904,1.6999999999999904,0.5999122742886676,2.8504167580628104,1.6999999999999904,False,False,Sharp tightening,True
2024-03-04,3.903,-0.09999999999998899,0.599649020151386,-0.13341137450669482,0.09999999999998899,False,False,Normal,False
2024-03-05,3.911,0.8000000000000007,0.6268341508179619,1.252324875687845,0.8000000000000007,False,False,Mild tightening,False
2024-03-06,3.905,-0.6000000000000227,0.6417697570412066,-0.9115418630773229,0.6000000000000227,False,False,Normal,False
2024-03-07,3.908,0.30000000000001137,0.6456331042188405,0.46466018864225517,0.30000000000001137,False,False,Normal,False
2024-03-08,3.907,-0.09999999999998899,0.6442253610263813,-0.131941406132423,0.09999999999998899,False,False,Normal,False
2024-03-11,3.904,-0.30000000000001137,0.6471597866630636,-0.4249336959238286,0.30000000000001137,False,False,Normal,False
2024-03-12,3.905,0.09999999999998899,0.6477491392263819,0.18525690384290888,0.09999999999998899,False,False,Normal,False
2024-03-13,3.907,0.20000000000002238,0.6477491392263819,0.3396376570453989,0.20000000000002238,False,False,Normal,False
2024-03-14,3.908,0.09999999999998899,0.6482973651684141,0.1773877331278599,0.09999999999998899,False,False,Normal,False
2024-03-15,3.909,0.09999999999998899,0.6472614374587362,0.1544970767802986,0.09999999999998899,False,False,Normal,False
2024-03-18,3.909,0.0,0.646834396767984,0.007729953794950958,0.0,False,False,Normal,False
2024-03-19,3.908,-0.09999999999998899,0.6466716404222566,-0.13144228799717617,0.09999999999998899,False,False,Normal,False
2024-03-20,3.908,0.0,0.6463663618137218,0.015471102134617073,0.0,False,False,Normal,False
2024-03-21,3.907,-0.09999999999998899,0.6463663618137214,-0.13923991921152556,0.09999999999998899,False,False,Normal,False
2024-03-22,3.909,0.19999999999997797,0.6463663618137214,0.29395094055766424,0.19999999999997797,False,False,Normal,False
2024-03-25,3.909,0.0,0.642261628933331,-0.038924947208071076,0.0,False,False,Normal,False
2024-03-26,3.906,-0.29999999999996696,0.6460202049961384,-0.47212145632781244,0.29999999999996696,False,False,Normal,False
2024-03-27,3.906,0.0,0.6456331042188376,-2.751341013638845e-16,0.0,False,False,Normal,False
2024-03-28,3.899,-0.7000000000000117,0.49884076142918665,-1.5235322747535707,0.7000000000000117,True,True,Mild easing,False
2024-04-02,3.906,0.7000000000000117,0.35526120857178434,1.9422328792212857,0.7000000000000117,False,False,Mild tightening,False
2024-04-03,3.911,0.49999999999998934,0.370490428884245,1.2415975262446262,0.49999999999998934,False,False,Mild tightening,False
2024-04-04,3.912,0.09999999999998899,0.3252124811486048,0.2921167098644637,0.09999999999998899,False,False,Normal,False
2024-04-05,3.907,-0.49999999999998934,0.3160612865287333,-1.6136110992942705,0.49999999999998934,False,False,Mild easing,False
2024-04-08,3.908,0.09999999999998899,0.3094987458525524,0.32310308632924023,0.09999999999998899,False,False,Normal,False
2024-04-09,3.909,0.09999999999998899,0.3093286448527005,0.2909526857522267,0.09999999999998899,False,False,Normal,False
2024-04-10,3.907,-0.19999999999997797,0.304829546848186,-0.7053122055358203,0.19999999999997797,False,False,Normal,False
2024-04-11,3.907,0.0,0.30418138632987596,-0.032875121389435,0.0,False,False,Normal,False
2024-04-12,3.91,0.30000000000001137,0.3082633870403119,0.9245340575030433,0.30000000000001137,False,False,Normal,False
2024-04-15,3.907,-0.30000000000001137,0.31535276821544567,-0.9354603153458644,0.30000000000001137,False,False,Normal,False
2024-04-16,3.911,0.40000000000000036,0.32751054623451276,1.1908013481823605,0.40000000000000036,False,False,Mild tightening,False
2024-04-17,3.908,-0.30000000000001137,0.33478194002740574,-0.881170591149161,0.30000000000001137,False,False,Normal,False
2024-04-18,3.909,0.09999999999998899,0.33478194002740574,0.2837668005395169,0.09999999999998899,False,False,Normal,False
2024-04-19,3.91,0.1000000000000334,0.33544942359402924,0.2682967793945377,0.1000000000000334,False,False,Normal,False
2024-04-22,3.91,0.0,0.3344673691897678,-0.04484742423853655,0.0,False,False,Normal,False
2024-04-23,3.908,-0.20000000000002238,0.3347819400274078,-0.5824686958444022,0.20000000000002238,False,False,Normal,False
2024-04-24,3.911,0.30000000000001137,0.34166773641266934,0.848777830312153,0.30000000000001137,False,False,Normal,False
2024-04-25,3.909,-0.20000000000002238,0.3375998877526799,-0.636848552975605,0.20000000000002238,False,False,Normal,False
2024-04-26,3.907,-0.19999999999997797,0.34101242453069913,-0.6011511172418376,0.19999999999997797,False,False,Normal,False
2024-04-29,3.906,-0.09999999999998899,0.29960500312049376,-0.4505932764603936,0.09999999999998899,False,False,Normal,False
2024-04-30,3.889,-1.7000000000000348,0.4579990806702958,-3.526207951414293,1.7000000000000348,True,False,Sharp easing,True
2024-05-02,3.91,2.100000000000035,0.6605221220249314,3.1868728234973203,2.100000000000035,False,False,Sharp tightening,True
2024-05-03,3.908,-0.20000000000002238,0.6614179346000794,-0.27214260542973934,0.20000000000002238,False,False,Normal,False
2024-05-06,3.909,0.09999999999998899,0.6520413290098651,0.1380280604860681,0.09999999999998899,False,False,Normal,False
2024-05-07,3.906,-0.29999999999996696,0.6552621010349521,-0.4425709949376417,0.29999999999996696,False,False,Normal,False
2024-05-08,3.905,-0.1000000000000334,0.6550210924688273,-0.1221334716085357,0.1000000000000334,False,False,Normal,False
2024-05-09,3.901,-0.40000000000000036,0.6594255873586244,-0.5610943935039895,0.40000000000000036,False,False,Normal,False
2024-05-10,3.906,0.5000000000000338,0.670015710734972,0.7537136695586951,0.5000000000000338,False,False,Normal,False
2024-05-13,3.907,0.09999999999998899,0.6667083320314141,0.17248921976059958,0.09999999999998899,False,False,Normal,False
2024-05-14,3.907,0.0,0.6633249580711629,-2.6779586954870455e-16,0.0,False,False,Normal,False
2024-05-15,3.908,0.09999999999998899,0.6571669658867079,0.1749935799722087,0.09999999999998899,False,False,Normal,False
2024-05-16,3.904,-0.40000000000000036,0.6598245380801938,-0.575910682415112,0.40000000000000036,False,False,Normal,False
2024-05-17,3.901,-0.30000000000001137,0.6620542194365914,-0.3927170802132667,0.30000000000001137,False,False,Normal,False
2024-05-20,3.904,0.30000000000001137,0.6657801122704453,0.49565914318865034,0.30000000000001137,False,False,Normal,False
2024-05-21,3.912,0.8000000000000007,0.6912231721262827,1.142901499626915,0.8000000000000007,False,False,Mild tightening,False
2024-05-22,3.91,-0.19999999999997797,0.6912231721262819,-0.30380925939446607,0.19999999999997797,False,False,Normal,False
2024-05-23,3.912,0.19999999999997797,0.6893742395139025,0.2828652259148506,0.19999999999997797,False,False,Normal,False
2024-05-24,3.91,-0.19999999999997797,0.6893742395139019,-0.297371134936129,0.19999999999997797,False,False,Normal,False
2024-05-27,3.911,0.09999999999998899,0.6879412459613427,0.11628900065178562,0.09999999999998899,False,False,Normal,False
2024-05-28,3.909,-0.20000000000002238,0.6892215288204382,-0.3119461464994871,0.20000000000002238,False,False,Normal,False
2024-05-29,3.909,0.0,0.5591346697777473,-0.17884778999619122,0.0,False,False,Normal,False
2024-05-30,3.91,0.1000000000000334,0.3026201370836311,0.3304472761255724,0.1000000000000334,False,False,Normal,False
2024-05-31,3.892,-1.8000000000000238,0.50325257862711,-3.4177668889292963,1.8000000000000238,True,False,Sharp easing,True
2024-06-03,3.913,2.0999999999999908,0.7008265796450209,2.9679239635196795,2.0999999999999908,False,False,Sharp tightening,True
2024-06-04,3.911,-0.19999999999997797,0.6987771273333923,-0.32199107726751375,0.19999999999997797,False,False,Normal,False
2024-06-05,3.913,0.19999999999997797,0.6991724431520842,0.22884197105745274,0.19999999999997797,False,False,Normal,False
2024-06-06,3.911,-0.19999999999997797,0.6939588945813123,-0.36025188516506057,0.19999999999997797,False,False,Normal,False
2024-06-07,3.912,0.09999999999998899,0.6860259316873252,0.10203695919747575,0.09999999999998899,False,False,Normal,False
2024-06-10,3.912,0.0,0.6858532910486028,-0.0364509441396382,0.0,False,False,Normal,False
2024-06-11,3.909,-0.30000000000001137,0.6896986374688662,-0.4494716723490761,0.30000000000001137,False,False,Normal,False
2024-06-12,3.662,-24.69999999999999,5.56711207378703,-4.215830342361783,24.69999999999999,False,False,Sharp easing,True
2024-06-13,3.661,-0.09999999999998899,5.56986960066581,0.20018421972872139,0.09999999999998899,False,False,Normal,False
2024-06-14,3.662,0.09999999999998899,5.57404464318421,0.2323268080716718,0.09999999999998899,False,False,Normal,False
2024-06-17,3.662,0.0,5.570212128626234,0.21722691561091745,0.0,False,False,Normal,False
2024-06-18,3.666,0.40000000000000036,5.5633291812499674,0.29299003292732934,0.40000000000000036,False,False,Normal,False
2024-06-19,3.663,-0.30000000000001137,5.562399614706253,0.16809292117883318,0.30000000000001137,False,False,Normal,False
2024-06-20,3.663,0.0,5.5598632130087955,0.22392637234077772,0.0,False,False,Normal,False
2024-06-21,3.664,0.1000000000000334,5.563234575979021,0.23906955240440836,0.1000000000000334,False,False,Normal,False
2024-06-24,3.663,-0.1000000000000334,5.560897314945537,0.20500288630327507,0.1000000000000334,False,False,Normal,False
2024-06-25,3.663,0.0,5.563045360610552,0.2211019181524354,0.0,False,False,Normal,False
2024-06-26,3.661,-0.19999999999997797,5.560897314945537,0.1870201769784354,0.19999999999997797,False,False,Normal,False
2024-06-27,3.662,0.09999999999998899,5.560897314945536,0.24096830495297752,0.09999999999998899,False,False,Normal,False
2024-06-28,3.656,-0.5999999999999783,5.561010888792002,0.10429758394629066,0.5999999999999783,True,True,Normal,False
2024-07-01,3.665,0.8999999999999897,5.530147042872326,0.38696981895954885,0.8999999999999897,False,False,Normal,False
2024-07-02,3.662,-0.30000000000001137,5.529202378948384,0.17091072730452694,0.30000000000001137,False,False,Normal,False
2024-07-03,3.663,0.09999999999998899,5.527871961347575,0.24421694450225434,0.09999999999998899,False,False,Normal,False
2024-07-04,3.663,0.0,5.530051869938525,0.2242293615256425,0.0,False,False,Normal,False
2024-07-05,3.663,0.0,5.528821612337722,0.22518360824334568,0.0,False,False,Normal,False
2024-07-08,3.662,-0.09999999999998899,5.527681535498838,0.20804382318603137,0.09999999999998899,False,False,Normal,False
2024-07-09,3.662,0.0,5.530801312458692,0.22329494954339363,0.0,False,False,Normal,False
2024-07-10,3.663,0.09999999999998899,0.29285347512845866,0.3243943066009987,0.09999999999998899,False,False,Normal,False
2024-07-11,3.662,-0.09999999999998899,0.29285347512845866,-0.3585410757168959,0.09999999999998899,False,False,Normal,False
2024-07-12,3.661,-0.09999999999998899,0.29285347512845866,-0.3243943066010012,0.09999999999998899,False,False,Normal,False
2024-07-15,3.661,0.0,0.29285347512845866,0.01707338455794615,0.0,False,False,Normal,False
2024-07-16,3.662,0.09999999999998899,0.27834094957552347,0.43112592733117955,0.09999999999998899,False,False,Normal,False
2024-07-17,3.662,0.0,0.2704285098643371,0.018489174837769098,0.0,False,False,Normal,False
2024-07-18,3.663,0.09999999999998899,0.27144835701546083,0.3683941988062685,0.09999999999998899,False,False,Normal,False
2024-07-19,3.663,0.0,0.2704285098643361,0.01848917483777738,0.0,False,False,Normal,False
2024-07-22,3.664,0.1000000000000334,0.2704285098643361,0.3512943219177938,0.1000000000000334,False,False,Normal,False
2024-07-23,3.665,0.09999999999998899,0.2712543960353414,0.3317918578110768,0.09999999999998899,False,False,Normal,False
2024-07-24,3.665,0.0,0.26675437154228493,-0.07497534111387578,0.0,False,False,Normal,False
2024-07-25,3.665,0.0,0.26611236249705045,-0.05636716708404399,0.0,False,False,Normal,False
2024-07-26,3.663,-0.20000000000002238,0.23004576203803082,-1.0215358801574934,0.20000000000002238,False,False,Mild easing,False
2024-07-29,3.663,0.0,0.10711528467313385,0.09335735820070987,0.0,False,False,Normal,False
2024-07-30,3.665,0.20000000000002238,0.09333020044910319,1.98220939320611,0.20000000000002238,False,False,Mild tightening,False
2024-07-31,3.653,-1.200000000000001,0.28562028528888095,-4.026324666810251,1.200000000000001,True,False,Sharp easing,True
2024-08-01,3.664,1.100000000000012,0.384536631613574,2.8475830648571088,1.100000000000012,False,False,Sharp tightening,True
2024-08-02,3.664,0.0,0.384536631613574,-0.01300266239661295,0.0,False,False,Normal,False
2024-08-05,3.664,0.0,0.38374882135951754,-0.02605871195792654,0.0,False,False,Normal,False
2024-08-06,3.663,-0.1000000000000334,0.3845366316135746,-0.2730559103288473,0.1000000000000334,False,False,Normal,False
2024-08-07,3.663,0.0,0.38388594797506476,-9.254607253900492e-16,0.0,False,False,Normal,False
2024-08-08,3.665,0.20000000000002238,0.3856300381400191,0.47973441304603315,0.20000000000002238,False,False,Normal,False
2024-08-09,3.663,-0.20000000000002238,0.3878415303080147,-0.5414582595970177,0.20000000000002238,False,False,Normal,False
2024-08-12,3.664,0.1000000000000334,0.3883500862286093,0.21887467780809422,0.1000000000000334,False,False,Normal,False
2024-08-13,3.664,0.0,0.38784153030801527,-0.02578372664747814,0.0,False,False,Normal,False
2024-08-14,3.662,-0.20000000000002238,0.3906809170505428,-0.5119267188935889,0.20000000000002238,False,False,Normal,False
2024-08-15,3.662,0.0,0.3899730085127763,0.012821400176046502,0.0,False,False,Normal,False
2024-08-16,3.664,0.20000000000002238,0.392662973205268,0.49660908541555404,0.20000000000002238,False,False,Normal,False
2024-08-19,3.664,0.0,0.39202577788507825,-9.062449153131898e-16,0.0,False,False,Normal,False
2024-08-20,3.664,0.0,0.39132030224287295,0.012777256818369326,0.0,False,False,Normal,False
2024-08-21,3.663,-0.1000000000000334,0.39189149948487834,-0.22965540237114893,0.1000000000000334,False,False,Normal,False
2024-08-22,3.664,0.1000000000000334,0.39266297320526866,0.26740489214689117,0.1000000000000334,False,False,Normal,False
2024-08-23,3.664,0.0,0.38997300851277683,-0.012821400176054001,0.0,False,False,Normal,False
2024-08-26,3.665,0.09999999999998899,0.3905461762577619,0.23044650151839455,0.09999999999998899,False,False,Normal,False
2024-08-27,3.665,0.0,0.38797721039973254,-9.157016400886391e-16,0.0,False,False,Normal,False
2024-08-28,3.666,0.09999999999998899,0.2661123624970638,0.13152338986271372,0.09999999999998899,False,False,Normal,False
2024-08-29,3.664,-0.19999999999997797,0.1169795303734732,-1.7097008285248787,0.19999999999997797,False,False,Mild easing,False
2024-08-30,3.654,-1.000000000000023,0.2523573072577861,-3.7645036330554342,1.000000000000023,True,False,Sharp easing,True
2024-09-02,3.664,1.000000000000023,0.3448874721139346,2.8994964469734916,1.000000000000023,False,False,Sharp tightening,True
2024-09-03,3.663,-0.1000000000000334,0.3448874721139346,-0.2899496446974405,0.1000000000000334,False,False,Normal,False
2024-09-04,3.663,0.0,0.3448874721139346,-1.0301080688795943e-15,0.0,False,False,Normal,False
2024-09-05,3.662,-0.09999999999998899,0.34224491076925484,-0.2483601576687774,0.09999999999998899,False,False,Normal,False
2024-09-06,3.663,0.09999999999998899,0.340278523689487,0.29387690682248646,0.09999999999998899,False,False,Normal,False
2024-09-09,3.663,0.0,0.33946552417785963,0.014729036216890212,0.0,False,False,Normal,False
2024-09-10,3.664,0.1000000000000334,0.340278523689487,0.29387690682261697,0.1000000000000334,False,False,Normal,False
2024-09-11,3.664,0.0,0.3370147583838233,-0.029672291053237966,0.0,False,False,Normal,False
2024-09-12,3.664,0.0,0.3370147583838233,-0.029672291053237966,0.0,False,False,Normal,False
2024-09-13,3.663,-0.1000000000000334,0.33478194002739553,-0.2837668005396532,0.1000000000000334,False,False,Normal,False
2024-09-16,3.662,-0.09999999999998899,0.33544942359401836,-0.26829677939441565,0.09999999999998899,False,False,Normal,False
2024-09-17,3.665,0.30000000000001137,0.34255233945084035,0.8611822662572912,0.30000000000001137,False,False,Normal,False
2024-09-18,3.416,-24.900000000000013,5.580631448897264,-4.240559552571104,24.900000000000013,False,False,Sharp easing,True
2024-09-19,3.414,-0.19999999999997797,5.5772564468279855,0.18826460823711982,0.19999999999997797,False,False,Normal,False
2024-09-20,3.412,-0.20000000000002238,5.575076114656251,0.19013193330461572,0.20000000000002238,False,False,Normal,False
2024-09-23,3.414,0.20000000000002238,5.576404708563066,0.26092080400221657,0.20000000000002238,False,False,Normal,False
2024-09-24,3.415,0.09999999999998899,5.577633906953747,0.24203811553800916,0.09999999999998899,False,False,Normal,False
2024-09-25,3.416,0.09999999999998899,5.577633906953747,0.24203811553800916,0.09999999999998899,False,False,Normal,False
2024-09-26,3.415,-0.09999999999998899,5.57866943200429,0.2052460741680187,0.09999999999998899,False,False,Normal,False
2024-09-27,3.415,0.0,5.585458092696004,0.2139484318327762,0.0,False,False,Normal,False
2024-09-30,3.41,-0.49999999999998934,5.5644643190422975,0.138378100002362,0.49999999999998934,True,True,Normal,False
2024-10-01,3.416,0.5999999999999783,5.574403437517834,0.3291832068790961,0.5999999999999783,False,False,Normal,False
2024-10-02,3.41,-0.5999999999999783,5.569019095335429,0.11941061587614578,0.5999999999999783,False,False,Normal,False
2024-10-03,3.407,-0.30000000000001137,5.566996260859277,0.17513933085514496,0.30000000000001137,False,False,Normal,False
2024-10-04,3.414,0.7000000000000117,5.576404708563066,0.3487910404015851,0.7000000000000117,False,False,Normal,False
2024-10-07,3.413,-0.1000000000000334,5.575274361906007,0.20626787586590056,0.1000000000000334,False,False,Normal,False
2024-10-08,3.414,0.1000000000000334,5.575274361906007,0.24214054992954848,0.1000000000000334,False,False,Normal,False
2024-10-09,3.415,0.09999999999998899,5.576499090402801,0.24119075036069582,0.09999999999998899,False,False,Normal,False
2024-10-10,3.414,-0.09999999999998899,5.575368762880656,0.20626438338149206,0.09999999999998899,False,False,Normal,False
2024-10-11,3.413,-0.1000000000000334,5.575368762880656,0.2062643833814841,0.1000000000000334,False,False,Normal,False
2024-10-14,3.413,0.0,5.576499090402801,0.2232583525643634,0.0,False,False,Normal,False
2024-10-15,3.413,0.0,5.572526593169301,0.22610928434948796,0.0,False,False,Normal,False
2024-10-16,3.414,0.1000000000000334,0.304181386329858,0.3616263352838645,0.1000000000000334,False,False,Normal,False
2024-10-17,3.415,0.09999999999998899,0.3017056774234695,0.3148764080652305,0.09999999999998899,False,False,Normal,False
2024-10-18,3.415,0.0,0.2978431236672586,-0.050362082613525344,0.0,False,False,Normal,False
2024-10-21,3.415,0.0,0.294645192517652,-0.016969562466899096,0.0,False,False,Normal,False
2024-10-22,3.416,0.09999999999998899,0.294645192517652,0.32242168687105865,0.09999999999998899,False,False,Normal,False
2024-10-23,3.166,-25.0,5.5978849389277165,-4.2426738418366545,25.0,False,False,Sharp easing,True
2024-10-24,3.166,0.0,5.599010720889152,0.22236071014386055,0.0,False,False,Normal,False
2024-10-25,3.166,0.0,5.599010720889152,0.22236071014386055,0.0,False,False,Normal,False
2024-10-28,3.164,-0.19999999999997797,5.601512953517213,0.1838788928182841,0.19999999999997797,False,False,Normal,False
2024-10-29,3.164,0.0,5.592796118316198,0.2252898144943181,0.0,False,False,Normal,False
2024-10-30,3.165,0.09999999999998899,5.599330317100438,0.2366354411979268,0.09999999999998899,False,False,Normal,False
2024-10-31,3.155,-1.000000000000023,5.595430466484527,0.04646648753073139,1.000000000000023,True,False,Normal,False
2024-11-01,3.163,0.8000000000000007,5.597318436913395,0.3671400909491972,0.8000000000000007,False,False,Normal,False
2024-11-04,3.163,0.0,5.598449033343741,0.22327612389701834,0.0,False,False,Normal,False
2024-11-05,3.163,0.0,5.597224406134854,0.22421827479785422,0.0,False,False,Normal,False
2024-11-06,3.162,-0.09999999999998899,5.594854308812893,0.20822704858729357,0.09999999999998899,False,False,Normal,False
2024-11-07,3.163,0.09999999999998899,5.597224406134854,0.24208427278971315,0.09999999999998899,False,False,Normal,False
2024-11-08,3.163,0.0,5.59835502155486,0.22327987331765012,0.0,False,False,Normal,False
2024-11-11,3.162,-0.09999999999998899,5.597224406134854,0.2063522768059949,0.09999999999998899,False,False,Normal,False
2024-11-12,3.163,0.09999999999998899,5.598449033343741,0.24113821380877784,0.09999999999998899,False,False,Normal,False
2024-11-13,3.164,0.1000000000000334,5.598449033343741,0.24113821380878578,0.1000000000000334,False,False,Normal,False
2024-11-14,3.165,0.09999999999998899,5.598449033343741,0.24113821380877784,0.09999999999998899,False,False,Normal,False
2024-11-15,3.165,0.0,5.598449033343741,0.22327612389701834,0.0,False,False,Normal,False
2024-11-18,3.165,0.0,5.598449033343741,0.22327612389701834,0.0,False,False,Normal,False
2024-11-19,3.166,0.09999999999998899,5.598449033343741,0.24113821380877784,0.09999999999998899,False,False,Normal,False
2024-11-20,3.167,0.09999999999998899,0.3051746695704995,0.31129713397803116,0.09999999999998899,False,False,Normal,False
2024-11-21,3.167,0.0,0.3051746695704995,-0.0163840596830555,0.0,False,False,Normal,False
2024-11-22,3.168,0.1000000000000334,0.3059067625413281,0.29420729130783074,0.1000000000000334,False,False,Normal,False
2024-11-25,3.167,-0.1000000000000334,0.3030980386817571,-0.3794151902143395,0.1000000000000334,False,False,Normal,False
2024-11-26,3.165,-0.19999999999997797,0.30689446154404876,-0.6679820775147941,0.19999999999997797,False,False,Normal,False
2024-11-27,3.165,0.0,0.3060787652327612,-1.1607187699214607e-15,0.0,False,False,Normal,False
2024-11-28,3.164,-0.09999999999998899,0.19861361590068763,-0.7300607228886821,0.09999999999998899,False,False,Normal,False
2024-11-29,3.163,-0.1000000000000334,0.09176629354873524,-1.0897247358794737,0.1000000000000334,True,False,Mild easing,False
2024-12-02,3.165,0.20000000000002238,0.10208355710726921,1.8612204098684497,0.20000000000002238,False,False,Mild tightening,False
2024-12-03,3.164,-0.09999999999998899,0.10500626547767386,-0.9999403323444145,0.09999999999998899,False,False,Normal,False
2024-12-04,3.165,0.09999999999998899,0.10399898784977787,0.8173156465980895,0.09999999999998899,False,False,Normal,False
2024-12-05,3.165,0.0,0.10208355710726921,-0.0979589689404484,0.0,False,False,Normal,False
2024-12-06,3.165,0.0,0.10208355710726921,-0.0979589689404484,0.0,False,False,Normal,False
2024-12-09,3.164,-0.09999999999998899,0.10208355710726921,-1.07754865834468,0.09999999999998899,False,False,Mild easing,False
2024-12-10,3.163,-0.1000000000000334,0.10259783520897661,-0.974679434476844,0.1000000000000334,False,False,Normal,False
2024-12-11,3.164,0.1000000000000334,0.10259783520897661,0.9746794344768369,0.1000000000000334,False,False,Normal,False
2024-12-12,3.164,0.0,0.09986833437391993,0.05006591960649357,0.0,False,False,Normal,False
2024-12-13,3.167,0.29999999999996696,0.12096106376624734,2.3974656883010033,0.29999999999996696,False,False,Sharp tightening,True
2024-12-16,3.165,-0.19999999999997797,0.12977713690496928,-1.541103500737811,0.19999999999997797,False,False,Mild easing,False
2024-12-17,3.164,-0.09999999999998899,0.12937094768670604,-0.6956739639717326,0.09999999999998899,False,False,Normal,False
2024-12-18,2.917,-24.70000000000003,5.521012492955309,-4.24740933477722,24.70000000000003,False,False,Sharp easing,True
2024-12-19,2.919,0.20000000000002238,5.5235762633317815,0.2607006640895772,0.20000000000002238,False,False,Normal,False
2024-12-20,2.916,-0.30000000000001137,5.519191397678712,0.17393852302417903,0.30000000000001137,False,False,Normal,False
2024-12-23,2.911,-0.49999999999998934,5.515490148567718,0.14141988816761145,0.49999999999998934,False,False,Normal,False
2024-12-24,2.909,-0.20000000000002238,5.515490148567717,0.19581215284745576,0.20000000000002238,False,False,Normal,False
2024-12-27,2.916,0.7000000000000117,5.526250751497006,0.35195652305012237,0.7000000000000117,False,False,Normal,False
2024-12-30,2.915,-0.09999999999998899,5.526250751497006,0.20719291459763065,0.09999999999998899,False,False,Normal,False
2024-12-31,2.905,-1.000000000000023,5.520097253147873,0.05253530630001166,1.000000000000023,True,True,Normal,False
2025-01-02,2.92,1.5000000000000124,5.546157987386656,0.49133111718009853,1.5000000000000124,False,False,Normal,False
2025-01-03,2.919,-0.09999999999998899,5.546157987386656,0.20284312177160138,0.09999999999998899,False,False,Normal,False
2025-01-06,2.917,-0.20000000000002238,5.5427904809571915,0.18763112254973408,0.20000000000002238,False,False,Normal,False
2025-01-07,2.918,0.1000000000000334,5.544012892063708,0.2408003058418378,0.1000000000000334,False,False,Normal,False
2025-01-08,2.917,-0.1000000000000334,5.542885435165388,0.20566905329984544,0.1000000000000334,False,False,Normal,False
2025-01-09,2.92,0.30000000000001137,5.547934656011063,0.27397582960951533,0.30000000000001137,False,False,Normal,False
2025-01-10,2.917,-0.30000000000001137,5.545989542002417,0.16768874029722847,0.30000000000001137,False,False,Normal,False
2025-01-13,2.918,0.1000000000000334,5.545989542002417,0.23981292967238946,0.1000000000000334,False,False,Normal,False
2025-01-14,2.919,0.09999999999998899,5.54720176020498,0.23885916851003955,0.09999999999998899,False,False,Normal,False
2025-01-15,2.92,0.09999999999998899,5.544487542168648,0.2407796915128105,0.09999999999998899,False,False,Normal,False
2025-01-16,2.92,0.0,5.546632453926215,0.22085472765242936,0.0,False,False,Normal,False
2025-01-17,2.92,0.0,5.547744918812571,0.21990917352074782,0.0,False,False,Normal,False
2025-01-20,2.919,-0.09999999999998899,0.4843878393885037,-0.22709075467058715,0.09999999999998899,False,False,Normal,False
2025-01-21,2.921,0.19999999999997797,0.48438783938850277,0.3922476671582777,0.19999999999997797,False,False,Normal,False
2025-01-22,2.92,-0.09999999999998899,0.47969288420612183,-0.25016005855201706,0.09999999999998899,False,False,Normal,False
2025-01-23,2.922,0.20000000000002238,0.46506932137510915,0.3117814771597659,0.20000000000002238,False,False,Normal,False
2025-01-24,2.921,-0.1000000000000334,0.4627150993408241,-0.34578512831754793,0.1000000000000334,False,False,Normal,False
2025-01-27,2.921,0.0,0.4375469899578167,-0.05713672033810594,0.0,False,False,Normal,False
2025-01-28,2.921,0.0,0.4366137640380359,-0.06871061443996483,0.0,False,False,Normal,False
2025-01-29,2.923,0.20000000000002238,0.3640416401863456,0.30216323589717387,0.20000000000002238,False,False,Normal,False
2025-01-30,2.923,0.0,0.14964871146185835,-0.10023474210684429,0.0,False,False,Normal,False
2025-01-31,2.912,-1.100000000000012,0.29068883707512877,-3.6637113785169597,1.100000000000012,True,False,Sharp easing,True
2025-02-03,2.918,0.6000000000000227,0.32032056312073764,1.8575142170181214,0.6000000000000227,False,False,Mild tightening,False
2025-02-04,2.917,-0.1000000000000334,0.32032056312073764,-0.2965779001962605,0.1000000000000334,False,False,Normal,False
2025-02-05,2.666,-25.099999999999987,5.62161945200473,-4.241660290878745,25.099999999999987,False,False,Sharp easing,True
2025-02-06,2.669,0.30000000000001137,5.62161945200473,0.27661068367861164,0.30000000000001137,False,False,Normal,False
2025-02-07,2.665,-0.40000000000000036,5.620769754364522,0.15300395454416346,0.40000000000000036,False,False,Normal,False
2025-02-10,2.664,-0.09999999999998899,5.618400221827531,0.20824433180366023,0.09999999999998899,False,False,Normal,False
2025-02-11,2.666,0.19999999999997797,5.619727938722943,0.2606887763917078,0.19999999999997797,False,False,Normal,False
2025-02-12,2.665,-0.09999999999998899,5.617348597261697,0.20917341689863975,0.09999999999998899,False,False,Normal,False
2025-02-13,2.667,0.19999999999997797,5.619915245661727,0.26068008785913266,0.19999999999997797,False,False,Normal,False
2025-02-14,2.666,-0.09999999999998899,5.618774917982337,0.20823044472835892,0.09999999999998899,False,False,Normal,False
2025-02-17,2.665,-0.09999999999998899,5.618774917982337,0.20823044472835892,0.09999999999998899,False,False,Normal,False
2025-02-18,2.666,0.09999999999998899,5.6174422911799375,0.24477332008535344,0.09999999999998899,False,False,Normal,False
2025-02-19,2.665,-0.09999999999998899,5.6174422911799375,0.209169928072942,0.09999999999998899,False,False,Normal,False
2025-02-20,2.667,0.19999999999997797,5.617442291179937,0.26257501609155964,0.19999999999997797,False,False,Normal,False
2025-02-21,2.666,-0.09999999999998899,5.6174422911799375,0.209169928072942,0.09999999999998899,False,False,Normal,False
2025-02-24,2.666,0.0,5.6174422911799375,0.22697162407914773,0.0,False,False,Normal,False
2025-02-25,2.666,0.0,5.6174422911799375,0.22697162407914773,0.0,False,False,Normal,False
2025-02-26,2.665,-0.09999999999998899,5.613695658598574,0.21198156657767356,0.09999999999998899,False,False,Normal,False
2025-02-27,2.666,0.09999999999998899,5.614949500639957,0.24666294858789653,0.09999999999998899,False,False,Normal,False
2025-02-28,2.658,-0.8000000000000007,5.615870368874273,0.08369139049308444,0.8000000000000007,True,False,Normal,False
2025-03-03,2.663,0.49999999999998934,5.614162073673482,0.31616472355215874,0.49999999999998934,False,False,Normal,False
2025-03-04,2.664,0.1000000000000334,5.616542765044971,0.24303206743038158,0.1000000000000334,False,False,Normal,False
2025-03-05,2.664,0.0,0.2673456268776753,0.03740476370153632,0.0,False,False,Normal,False
2025-03-06,2.666,0.19999999999997797,0.2621269278725089,0.820213328500718,0.19999999999997797,False,False,Normal,False
2025-03-07,2.665,-0.09999999999998899,0.2470883072487188,-0.4047136066998487,0.09999999999998899,False,False,Normal,False
2025-03-10,2.663,-0.20000000000002238,0.250210437747879,-0.7793439864267776,0.20000000000002238,False,False,Normal,False
2025-03-11,2.663,0.0,0.24553914898504772,0.06109005452696119,0.0,False,False,Normal,False
2025-03-12,2.412,-25.099999999999987,5.615511880871644,-4.244492845111798,25.099999999999987,False,False,Sharp easing,True
2025-03-13,2.413,0.09999999999998899,5.6141831669067415,0.24402481345381904,0.09999999999998899,False,False,Normal,False
2025-03-14,2.417,0.40000000000000036,5.6207767771854655,0.29266417529281674,0.40000000000000036,False,False,Normal,False
2025-03-17,2.417,0.0,5.621893294124887,0.22056626391252435,0.0,False,False,Normal,False
2025-03-18,2.417,0.0,5.620683138851405,0.22150332428353506,0.0,False,False,Normal,False
2025-03-19,2.416,-0.09999999999998899,5.620683138851405,0.20371189261417677,0.09999999999998899,False,False,Normal,False
2025-03-20,2.417,0.09999999999998899,5.61937437986229,0.240240266752448,0.09999999999998899,False,False,Normal,False
2025-03-21,2.417,0.0,5.6204958575031965,0.22151070502755765,0.0,False,False,Normal,False
2025-03-24,2.418,0.1000000000000334,5.621706053091756,0.23836180464524206,0.1000000000000334,False,False,Normal,False
2025-03-25,2.418,0.0,5.621706053091756,0.2205736102687259,0.0,False,False,Normal,False
2025-03-26,2.417,-0.1000000000000334,5.6217060530917555,0.20278541589221022,0.1000000000000334,False,False,Normal,False
2025-03-27,2.417,0.0,5.6204958575031965,0.22151070502755765,0.0,False,False,Normal,False
2025-03-28,2.417,0.0,5.626672850665935,0.21415853240114793,0.0,False,False,Normal,False
2025-03-31,2.415,-0.19999999999997797,5.617678861369146,0.18512984199786578,0.19999999999997797,True,True,Normal,False
2025-04-01,2.42,0.49999999999998934,5.623409716720392,0.30586425080957913,0.49999999999998934,False,False,Normal,False
2025-04-02,2.417,-0.30000000000001137,5.620383485698805,0.1663587551239375,0.30000000000001137,False,False,Normal,False
2025-04-03,2.416,-0.09999999999998899,5.616751261792013,0.20474469072947793,0.09999999999998899,False,False,Normal,False
2025-04-04,2.415,-0.09999999999998899,5.616751261792013,0.20474469072947793,0.09999999999998899,False,False,Normal,False
2025-04-07,2.414,-0.09999999999998899,5.617779576346968,0.2038171815820085,0.09999999999998899,False,False,Normal,False
2025-04-08,2.415,0.09999999999998899,5.61899035695729,0.2384770065214356,0.09999999999998899,False,False,Normal,False
2025-04-09,2.415,0.0,0.18144159564904322,-0.08267123063123273,0.0,False,False,Normal,False
2025-04-10,2.416,0.09999999999998899,0.18144159564904322,0.46847030691022407,0.09999999999998899,False,False,Normal,False
2025-04-11,2.416,0.0,0.15719582155986658,0.031807461231371785,0.0,False,False,Normal,False
2025-04-14,2.417,0.09999999999998899,0.1589438828480941,0.6291528696046809,0.09999999999998899,False,False,Normal,False
2025-04-15,2.416,-0.09999999999998899,0.1605090586067607,-0.5918669066070297,0.09999999999998899,False,False,Normal,False
2025-04-16,2.418,0.20000000000002238,0.16511558949665872,1.1507090310443748,0.20000000000002238,False,False,Mild tightening,False
2025-04-17,2.417,-0.1000000000000334,0.16543403837398257,-0.6044705248261686,0.1000000000000334,False,False,Normal,False
2025-04-22,2.417,0.0,0.16543403837398257,-2.147510701980922e-15,0.0,False,False,Normal,False
2025-04-23,2.167,-25.0,5.591391409545295,-4.246706814240178,25.0,False,False,Sharp easing,True
2025-04-24,2.169,0.20000000000002238,5.59393233310598,0.2583156023265122,0.20000000000002238,False,False,Normal,False
2025-04-25,2.167,-0.20000000000002238,5.592899633981425,0.1877380372821946,0.20000000000002238,False,False,Normal,False
2025-04-28,2.167,0.0,5.592899633981425,0.22349766343118882,0.0,False,False,Normal,False
2025-04-29,2.167,0.0,5.592899633981425,0.22349766343118882,0.0,False,False,Normal,False
2025-04-30,2.156,-1.0999999999999677,5.587624954448807,0.034898548415418375,1.0999999999999677,True,False,Normal,False
2025-05-02,2.168,1.200000000000001,5.6016350996359785,0.43915748816981354,1.200000000000001,False,False,Normal,False
2025-05-05,2.167,-0.1000000000000334,5.603617252792125,0.2052245805023449,0.1000000000000334,False,False,Normal,False
2025-05-06,2.167,0.0,5.604741883347301,0.22213333386486894,0.0,False,False,Normal,False
2025-05-07,2.169,0.20000000000002238,5.6083678083453385,0.2549761443734414,0.20000000000002238,False,False,Normal,False
2025-05-08,2.171,0.19999999999997797,5.611949187600562,0.2521405580660603,0.19999999999997797,False,False,Normal,False
2025-05-09,2.169,-0.19999999999997797,5.608649335483645,0.18364492739519842,0.19999999999997797,False,False,Normal,False
2025-05-12,2.17,0.09999999999998899,5.609848013702527,0.23619178215943906,0.09999999999998899,False,False,Normal,False
2025-05-13,2.172,0.20000000000002238,5.611135545080269,0.25306820492779725,0.20000000000002238,False,False,Normal,False
2025-05-14,2.172,0.0,5.611135545080269,0.21742479578303361,0.0,False,False,Normal,False
2025-05-15,2.172,0.0,5.609941832891063,0.2183623353842688,0.0,False,False,Normal,False
2025-05-16,2.17,-0.20000000000002238,5.608930848491357,0.18363571023112507,0.20000000000002238,False,False,Normal,False
2025-05-19,2.171,0.09999999999998899,5.607633425214154,0.23806834341155367,0.09999999999998899,False,False,Normal,False
2025-05-20,2.172,0.1000000000000334,5.609941832891063,0.23618783215033753,0.1000000000000334,False,False,Normal,False
2025-05-21,2.169,-0.30000000000001137,5.606894252426634,0.16765074525761925,0.30000000000001137,False,False,Normal,False
2025-05-22,2.173,0.40000000000000036,0.41051956809579127,0.9012968656189917,0.40000000000000036,False,False,Normal,False
2025-05-23,2.17,-0.30000000000001137,0.41482399565177314,-0.735251584279241,0.30000000000001137,False,False,Normal,False
2025-05-26,2.168,-0.19999999999997797,0.41482399565177197,-0.4941854910728675,0.19999999999997797,False,False,Normal,False
2025-05-27,2.172,0.40000000000000036,0.4241089730867667,0.8842067105316318,0.40000000000000036,False,False,Normal,False
2025-05-28,2.167,-0.5000000000000338,0.44009568337623794,-1.136116573932819,0.5000000000000338,False,False,Mild easing,False
2025-05-29,2.161,-0.5999999999999783,0.3850837229542363,-1.6230236770465982,0.5999999999999783,False,False,Mild easing,False
2025-05-30,2.161,0.0,0.2680828622883526,0.1305566484229562,0.0,True,False,Normal,False
2025-06-02,2.172,1.100000000000012,0.36831765466364413,2.9186762741029177,1.100000000000012,False,False,Sharp tightening,True
2025-06-03,2.172,0.0,0.36831765466364413,-0.067876192421003,0.0,False,False,Normal,False
2025-06-04,2.173,0.09999999999998899,0.36649118607924125,0.21828628637931644,0.09999999999998899,False,False,Normal,False
2025-06-05,2.174,0.09999999999998899,0.3645833959900863,0.2331428170752443,0.09999999999998899,False,False,Normal,False
2025-06-06,2.173,-0.09999999999998899,0.36215727900585903,-0.3313477512571216,0.09999999999998899,False,False,Normal,False
2025-06-09,2.17,-0.30000000000001137,0.36849623293094397,-0.8141195843818343,0.30000000000001137,False,False,Normal,False
2025-06-10,2.174,0.40000000000000036,0.37682887362844897,1.034952540246528,0.40000000000000036,False,False,Mild tightening,False
2025-06-11,1.924,-25.0,5.605204348591919,-4.238917713315614,25.0,False,False,Sharp easing,True
2025-06-12,1.923,-0.09999999999998899,5.6040845066696505,0.20431526302597686,0.09999999999998899,False,False,Normal,False
2025-06-13,1.925,0.20000000000000018,5.60872206103091,0.25406857114579096,0.20000000000000018,False,False,Normal,False
2025-06-16,1.924,-0.10000000000001119,5.606413151120127,0.20244672831027835,0.10000000000001119,False,False,Normal,False
2025-06-17,1.924,0.0,5.605204348591919,0.2212229783043504,0.0,False,False,Normal,False
2025-06-18,1.922,-0.20000000000000018,5.606131511685743,0.18461928655126736,0.20000000000000018,False,False,Normal,False
2025-06-19,1.917,-0.49999999999998934,5.595919566029677,0.13938727867624137,0.49999999999998934,False,False,Normal,False
2025-06-20,1.923,0.6000000000000005,5.607821136122025,0.3272215635017483,0.6000000000000005,False,False,Normal,False
2025-06-23,1.925,0.20000000000000018,5.612418092240219,0.25211949230161457,0.20000000000000018,False,False,Normal,False
2025-06-24,1.926,0.09999999999998899,5.608273962825402,0.23714961302103488,0.09999999999998899,False,False,Normal,False
2025-06-25,1.925,-0.09999999999998899,5.611726444171224,0.19780009076403604,0.09999999999998899,False,False,Normal,False
2025-06-26,1.929,0.40000000000000036,5.621893294124889,0.27748659008349813,0.40000000000000036,False,False,Normal,False
2025-06-27,1.928,-0.10000000000001119,5.620851686729566,0.18947306553460197,0.10000000000001119,False,False,Normal,False
2025-06-30,1.921,-0.6999999999999895,5.59703633983859,0.09915962061022032,0.6999999999999895,True,True,Normal,False
2025-07-01,1.921,0.0,5.59703633983859,0.22422580876725065,0.0,False,False,Normal,False
2025-07-02,1.923,0.20000000000000018,5.598355021554858,0.25900465304847425,0.20000000000000018,False,False,Normal,False
2025-07-03,1.922,-0.10000000000001119,5.5959948083193325,0.2072911144012258,0.10000000000001119,False,False,Normal,False
2025-07-04,1.92,-0.20000000000000018,5.594948379424169,0.1903502816784897,0.20000000000000018,False,False,Normal,False
2025-07-07,1.92,0.0,5.59807297671544,0.22329112271298268,0.0,False,False,Normal,False
2025-07-08,1.919,-0.09999999999998899,5.591429061283753,0.21014305772668396,0.09999999999998899,False,False,Normal,False
2025-07-09,1.919,0.0,0.28261001583935064,0.08846112522144416,0.0,False,False,Normal,False
2025-07-10,1.921,0.20000000000000018,0.2863564212656782,0.7333518105576695,0.20000000000000018,False,False,Normal,False
2025-07-11,1.923,0.20000000000000018,0.2863564212656782,0.7333518105576695,0.20000000000000018,False,False,Normal,False
2025-07-14,1.923,0.0,0.2855742137851977,0.017508583613785163,0.0,False,False,Normal,False
2025-07-15,1.922,-0.10000000000001119,0.2863564212656782,-0.31429363309618463,0.10000000000001119,False,False,Normal,False
2025-07-16,1.923,0.10000000000001119,0.28372521918237487,0.3348310040037206,0.10000000000001119,False,False,Normal,False
2025-07-17,1.925,0.20000000000000018,0.2603641175052695,0.6145240040489126,0.20000000000000018,False,False,Normal,False
2025-07-18,1.923,-0.20000000000000018,0.2294157338707518,-0.871779788707415,0.20000000000000018,False,False,Normal,False
2025-07-21,1.924,0.09999999999998899,0.22589005243604854,0.464827905733988,0.09999999999998899,False,False,Normal,False
2025-07-22,1.923,-0.09999999999998899,0.22542357790118425,-0.37706792160512215,0.09999999999998899,False,False,Normal,False
2025-07-23,1.924,0.09999999999998899,0.22589005243604854,0.464827905733988,0.09999999999998899,False,False,Normal,False
2025-07-24,1.924,0.0,0.2048748013070747,0.12202574372496501,0.0,False,False,Normal,False
2025-07-25,1.925,0.10000000000001119,0.20589982234618934,0.5585240370273619,0.10000000000001119,False,False,Normal,False
2025-07-28,1.923,-0.20000000000000018,0.13726654823097192,-1.5298701883771673,0.20000000000000018,False,False,Mild easing,False
2025-07-29,1.923,0.0,0.13726654823097192,-0.07285096135129615,0.0,False,False,Normal,False
2025-07-30,1.924,0.09999999999998899,0.1316894273024438,0.7213942830946326,0.09999999999998899,False,False,Normal,False
2025-07-31,1.919,-0.49999999999998934,0.1725200217216074,-2.8112679047920963,0.49999999999998934,True,False,Sharp easing,True
2025-08-01,1.927,0.8000000000000007,0.2455391489850399,3.115592780875075,0.8000000000000007,False,False,Sharp tightening,True
2025-08-04,1.925,-0.20000000000000018,0.25105042479462325,-0.8962342931069198,0.20000000000000018,False,False,Normal,False
2025-08-05,1.924,-0.10000000000001119,0.2510504247946238,-0.4979079406149958,0.10000000000001119,False,False,Normal,False
2025-08-06,1.922,-0.20000000000000018,0.25603248149216284,-0.839737203447685,0.20000000000000018,False,False,Normal,False
2025-08-07,1.923,0.10000000000001119,0.2531901719221783,0.3554640344715815,0.10000000000001119,False,False,Normal,False
2025-08-08,1.922,-0.10000000000001119,0.2502104377478731,-0.37968040364382655,0.10000000000001119,False,False,Normal,False
2025-08-11,1.918,-0.40000000000000036,0.2653200649068833,-1.413387261651734,0.40000000000000036,False,False,Mild easing,False
2025-08-12,1.922,0.40000000000000036,0.28097574347466386,1.4236104336033861,0.40000000000000036,False,False,Mild tightening,False
2025-08-13,1.923,0.10000000000001119,0.28097574347466386,0.35590260840088506,0.10000000000001119,False,False,Normal,False
2025-08-14,1.926,0.29999999999998916,0.2855742137851989,1.0330064332134703,0.29999999999998916,False,False,Mild tightening,False
2025-08-15,1.924,-0.20000000000000018,0.2855742137851989,-0.7178519281653187,0.20000000000000018,False,False,Normal,False
2025-08-18,1.924,0.0,0.2846974386590695,-1.2478909875458846e-15,0.0,False,False,Normal,False
2025-08-19,1.925,0.10000000000001119,0.2845125101311718,0.31633055417674666,0.10000000000001119,False,False,Normal,False
2025-08-20,1.926,0.09999999999998899,0.2845125101311718,0.3163305541766686,0.09999999999998899,False,False,Normal,False
2025-08-21,1.926,0.0,0.2845125101311718,-0.035147839352968904,0.0,False,False,Normal,False
2025-08-22,1.926,0.0,0.28372521918237614,-0.01762268442124578,0.0,False,False,Normal,False
2025-08-25,1.925,-0.09999999999998899,0.28078836383163236,-0.3917541257726338,0.09999999999998899,False,False,Normal,False
2025-08-26,1.926,0.09999999999998899,0.28149039433939893,0.3019641227881576,0.09999999999998899,False,False,Normal,False
2025-08-27,1.925,-0.09999999999998899,0.28186409565806664,-0.37251995418163125,0.09999999999998899,False,False,Normal,False
2025-08-28,1.925,0.0,0.2556724878682086,-0.11733761520506057,0.0,False,False,Normal,False
2025-08-29,1.92,-0.5000000000000115,0.2109502310974988,-2.2043114035987643,0.5000000000000115,True,False,Sharp easing,True
2025-09-01,1.925,0.5000000000000115,0.23841582427189417,2.097176232018061,0.5000000000000115,False,False,Sharp tightening,True
2025-09-02,1.922,-0.30000000000001137,0.24687520819462958,-1.1746825536705319,0.30000000000001137,False,False,Mild easing,False
2025-09-03,1.923,0.10000000000001119,0.2438183102663576,0.3896343957770365,0.10000000000001119,False,False,Normal,False
2025-09-04,1.925,0.20000000000000018,0.24687520819462963,0.7696196041289372,0.20000000000000018,False,False,Normal,False
2025-09-05,1.923,-0.20000000000000018,0.25021043774787594,-0.8193103447049996,0.20000000000000018,False,False,Normal,False
2025-09-08,1.922,-0.10000000000001119,0.23305748105086288,-0.5148944348790183,0.10000000000001119,False,False,Normal,False
2025-09-09,1.923,0.10000000000001119,0.2163695668844706,0.4390635955320603,0.10000000000001119,False,False,Normal,False
2025-09-10,1.922,-0.10000000000001119,0.21636956688447057,-0.4390635955320637,0.10000000000001119,False,False,Normal,False
2025-09-11,1.925,0.30000000000001137,0.21636956688447223,1.4096252277607106,0.30000000000001137,False,False,Mild tightening,False
2025-09-12,1.925,0.0,0.21144863753611504,-0.02364640443307148,0.0,False,False,Normal,False
2025-09-15,1.926,0.09999999999998899,0.21250386993401293,0.42352169881864066,0.09999999999998899,False,False,Normal,False
2025-09-16,1.926,0.0,0.2114486375361145,-0.023646404433066287,0.0,False,False,Normal,False
2025-09-17,1.927,0.10000000000001119,0.21144863753611504,0.4492816842283245,0.10000000000001119,False,False,Normal,False
2025-09-18,1.926,-0.10000000000001119,0.2127513992781877,-0.47003216119511576,0.10000000000001119,False,False,Normal,False
2025-09-19,1.925,-0.09999999999998899,0.21392325234725357,-0.4440844973961969,0.09999999999998899,False,False,Normal,False
2025-09-22,1.925,0.0,0.2127513992781877,-1.6698896885538569e-15,0.0,False,False,Normal,False
2025-09-23,1.927,0.20000000000000018,0.21636956688447276,0.9012358013551718,0.20000000000000018,False,False,Normal,False
2025-09-24,1.928,0.09999999999998899,0.21588252165931562,0.3937326623140327,0.09999999999998899,False,False,Normal,False
2025-09-25,1.927,-0.09999999999998899,0.21740091511957085,-0.5059776309565632,0.09999999999998899,False,False,Normal,False
2025-09-26,1.926,-0.10000000000001119,0.18381913307460696,-0.7072169138522064,0.10000000000001119,False,False,Normal,False
2025-09-29,1.926,0.0,0.1468081454791807,-0.03405805572762902,0.0,False,False,Normal,False
2025-09-30,1.916,-1.0000000000000009,0.26177531547027555,-3.7054677911758422,1.0000000000000009,True,True,Sharp easing,True
2025-10-01,1.927,1.100000000000012,0.3636076543692107,2.9702345014535068,1.100000000000012,False,False,Sharp tightening,True
2025-10-02,1.923,-0.40000000000000036,0.3726152241431472,-1.0466561072399307,0.40000000000000036,False,False,Mild easing,False
2025-10-03,1.921,-0.20000000000000018,0.3726152241431472,-0.5099093855784284,0.20000000000000018,False,False,Normal,False
2025-10-06,1.925,0.40000000000000036,0.3828906673686166,1.0055089685154226,0.40000000000000036,False,False,Mild tightening,False
2025-10-07,1.926,0.09999999999998899,0.3828906673686163,0.22199548655532522,0.09999999999998899,False,False,Normal,False
2025-10-08,1.924,-0.20000000000000018,0.3851178903579704,-0.5452875736434984,0.20000000000000018,False,False,Normal,False
2025-10-09,1.927,0.30000000000001137,0.3851178903579704,0.7530161731267626,0.30000000000001137,False,False,Normal,False
2025-10-10,1.926,-0.10000000000001119,0.3859029057051379,-0.27208916659528803,0.10000000000001119,False,False,Normal,False
2025-10-13,1.926,0.0,0.38525452967053964,-9.221731102911875e-16,0.0,False,False,Normal,False
2025-10-14,1.927,0.10000000000001119,0.38590290570513824,0.24617591263383265,0.10000000000001119,False,False,Normal,False
2025-10-15,1.928,0.09999999999998899,0.3859029057051379,0.2461759126337782,0.09999999999998899,False,False,Normal,False
2025-10-16,1.928,0.0,0.3851178903579704,-0.025966074935405568,0.0,False,False,Normal,False
2025-10-17,1.928,0.0,0.3842627938493808,-0.039035785509536874,0.0,False,False,Normal,False
2025-10-20,1.927,-0.09999999999998899,0.3851178903579704,-0.2856268242894232,0.09999999999998899,False,False,Normal,False
2025-10-21,1.928,0.09999999999998899,0.3831654857548806,0.2479346484269796,0.09999999999998899,False,False,Normal,False
2025-10-22,1.927,-0.09999999999998899,0.3831654857548806,-0.24793464842698149,0.09999999999998899,False,False,Normal,False
2025-10-23,1.929,0.20000000000000018,0.3851178903579704,0.4933554237726873,0.20000000000000018,False,False,Normal,False
2025-10-24,1.928,-0.10000000000001119,0.3851178903579704,-0.28562682428948083,0.10000000000001119,False,False,Normal,False
2025-10-27,1.929,0.10000000000001119,0.3856300381400275,0.2204185141022277,0.10000000000001119,False,False,Normal,False
2025-10-28,1.93,0.09999999999998899,0.3027940067544357,0.0990772582375397,0.09999999999998899,False,False,Normal,False
2025-10-29,1.931,0.10000000000001119,0.18238190122603992,0.43864001560582844,0.10000000000001119,False,False,Normal,False
2025-10-30,1.931,0.0,0.15355437919026987,-0.2604940361253795,0.0,False,False,Normal,False
2025-10-31,1.921,-1.0000000000000009,0.27529888064483427,-3.6324157862817863,1.0000000000000009,True,False,Sharp easing,True
2025-11-03,1.932,1.0999999999999899,0.3602265369109054,2.9564729159956245,1.0999999999999899,False,False,Sharp tightening,True
2025-11-04,1.931,-0.09999999999998899,0.3611021141480513,-0.3461624706764805,0.09999999999998899,False,False,Normal,False
2025-11-05,1.929,-0.20000000000000018,0.3611021141480513,-0.6230924472177182,0.20000000000000018,False,False,Normal,False
2025-11-06,1.93,0.09999999999998899,0.3558163334614943,0.23888729101635714,0.09999999999998899,False,False,Normal,False
2025-11-07,1.932,0.20000000000000018,0.3570345700497541,0.47614436881086797,0.20000000000000018,False,False,Normal,False
2025-11-10,1.931,-0.09999999999998899,0.3581751997058099,-0.3489912202259109,0.09999999999998899,False,False,Normal,False
2025-11-11,1.93,-0.10000000000001119,0.35876249290564893,-0.3205463287664658,0.10000000000001119,False,False,Normal,False
2025-11-12,1.93,0.0,0.3582119337400286,-0.027916434540837604,0.0,False,False,Normal,False
2025-11-13,1.93,0.0,0.3582119337400286,-0.027916434540837604,0.0,False,False,Normal,False
2025-11-14,1.931,0.10000000000001119,0.3587624929056492,0.23692554734913265,0.10000000000001119,False,False,Normal,False
2025-11-17,1.929,-0.20000000000000018,0.36113855046459054,-0.5814942761714135,0.20000000000000018,False,False,Normal,False
2025-11-18,1.93,0.09999999999998899,0.36113855046459054,0.24921183264485933,0.09999999999998899,False,False,Normal,False
2025-11-19,1.929,-0.09999999999998899,0.36113855046459054,-0.3045922398992815,0.09999999999998899,False,False,Normal,False
2025-11-20,1.929,0.0,0.3583588322222093,-9.913844335215247e-16,0.0,False,False,Normal,False
2025-11-21,1.926,-0.30000000000001137,0.3640416401863399,-0.7966121673651703,0.30000000000001137,False,False,Normal,False
2025-11-24,1.924,-0.20000000000000018,0.3654485347884625,-0.47886359730870875,0.20000000000000018,False,False,Normal,False
2025-11-25,1.926,0.20000000000000018,0.3679244773764291,0.5979488007124748,0.20000000000000018,False,False,Normal,False
2025-11-26,1.928,0.20000000000000018,0.37031281229179097,0.5805902276764581,0.20000000000000018,False,False,Normal,False
2025-11-27,1.927,-0.09999999999998899,0.3707744384536412,-0.21576460430670144,0.09999999999998899,False,False,Normal,False
2025-11-28,1.925,-0.20000000000000018,0.2948683916955821,-0.7460955673645936,0.20000000000000018,True,False,Normal,False
2025-12-01,1.93,0.49999999999998934,0.1916685735986741,2.6608430919293755,0.49999999999998934,False,False,Sharp tightening,True
2025-12-02,1.929,-0.09999999999998899,0.1916685735986741,-0.46956054563455013,0.09999999999998899,False,False,Normal,False
2025-12-03,1.926,-0.30000000000001137,0.19808291724767857,-1.4387914109910516,0.30000000000001137,False,False,Mild easing,False
2025-12-04,1.929,0.30000000000001137,0.20894471693950564,1.4597162563737618,0.30000000000001137,False,False,Mild tightening,False
2025-12-05,1.929,0.0,0.20332758116705646,0.07377257878101111,0.0,False,False,Normal,False
2025-12-08,1.93,0.09999999999998899,0.20384462607347634,0.5150982001465256,0.09999999999998899,False,False,Normal,False
2025-12-09,1.929,-0.09999999999998899,0.20384462607347578,-0.46604122870399906,0.09999999999998899,False,False,Normal,False
2025-12-10,1.929,0.0,0.20384462607347578,0.024528485721261272,0.0,False,False,Normal,False
2025-12-11,1.93,0.09999999999998899,0.20519567041724449,0.4873397172398853,0.09999999999998899,False,False,Normal,False
2025-12-12,1.932,0.20000000000000018,0.20894471693950456,0.9332612130913959,0.20000000000000018,False,False,Normal,False
2025-12-15,1.93,-0.20000000000000018,0.20894471693950456,-0.9811207624806964,0.20000000000000018,False,False,Normal,False
2025-12-16,1.932,0.20000000000000018,0.21250386993400805,0.8941013641728186,0.20000000000000018,False,False,Normal,False
2025-12-17,1.932,0.0,0.21095023109749805,-0.07110681947092552,0.0,False,False,Normal,False
2025-12-18,1.931,-0.09999999999998899,0.21250386993400805,-0.517637631889477,0.09999999999998899,False,False,Normal,False
2025-12-19,1.933,0.20000000000000018,0.2033275811670547,0.8114983665911739,0.20000000000000018,False,False,Normal,False
2025-12-22,1.932,-0.10000000000001119,0.19841477024838414,-0.7055926321652041,0.10000000000001119,False,False,Normal,False
2025-12-23,1.925,-0.6999999999999895,0.25438263760696433,-2.7321047007689456,0.6999999999999895,False,False,Sharp easing,True
2025-12-24,1.926,0.09999999999998899,0.2511028306870194,0.4380675426837194,0.09999999999998899,False,False,Normal,False
2025-12-29,1.934,0.8000000000000007,0.30826338704030437,2.4816440490870875,0.8000000000000007,False,False,Sharp tightening,True
2025-12-30,1.93,-0.40000000000000036,0.31933318682938844,-1.3308983141394157,0.40000000000000036,False,False,Mild easing,False
2025-12-31,1.921,-0.8999999999999897,0.3605186322655358,-2.3715833898156204,0.8999999999999897,True,True,Sharp easing,True
2026-01-02,1.936,1.4999999999999902,0.49870885927149367,2.937585673011785,1.4999999999999902,False,False,Sharp tightening,True
2026-01-05,1.933,-0.29999999999998916,0.49870885927149294,-0.6717346078217931,0.29999999999998916,False,False,Normal,False
2026-01-06,1.933,0.0,0.49481522335437683,-0.04041912830494459,0.0,False,False,Normal,False
2026-01-07,1.933,0.0,0.49481522335437683,-0.04041912830494459,0.0,False,False,Normal,False
2026-01-08,1.933,0.0,0.49446941260312965,-0.030335546785459515,0.0,False,False,Normal,False
2026-01-09,1.932,-0.10000000000001119,0.49446941260312993,-0.23257252535519743,0.10000000000001119,False,False,Normal,False
2026-01-12,1.931,-0.09999999999998899,0.49513421891132336,-0.2221619831524711,0.09999999999998899,False,False,Normal,False
2026-01-13,1.93,-0.10000000000001119,0.4952405051031481,-0.20192209435531464,0.10000000000001119,False,False,Normal,False
2026-01-14,1.931,0.10000000000001119,0.49361715401404627,0.21271546004056094,0.10000000000001119,False,False,Normal,False
2026-01-15,1.93,-0.10000000000001119,0.4920419323167279,-0.20323471117425304,0.10000000000001119,False,False,Normal,False
2026-01-16,1.93,0.0,0.48979050301347204,0.020416892402923124,0.0,False,False,Normal,False
2026-01-19,1.929,-0.09999999999998899,0.4901933023658066,-0.17340098199986964,0.09999999999998899,False,False,Normal,False
2026-01-20,1.932,0.29999999999998916,0.4946822478277079,0.596342402209538,0.29999999999998916,False,False,Normal,False
2026-01-21,1.932,0.0,0.49254975703778303,0.010151258687184082,0.0,False,False,Normal,False
2026-01-22,1.933,0.10000000000001119,0.49254975703778303,0.19287391505651055,0.10000000000001119,False,False,Normal,False
2026-01-23,1.933,0.0,0.4638511557999261,-0.08623455929740892,0.0,False,False,Normal,False
2026-01-26,1.934,0.09999999999998899,0.4638511557999261,0.12935183894608754,0.09999999999998899,False,False,Normal,False
2026-01-27,1.934,0.0,0.4279695021107546,-8.301324419797305e-16,0.0,False,False,Normal,False
2026-01-28,1.933,-0.09999999999998899,0.4183614654692263,-0.2748819131107309,0.09999999999998899,False,False,Normal,False
2026-01-29,1.933,0.0,0.358945824969791,-0.16715614398091977,0.0,False,False,Normal,False
2026-01-30,1.926,-0.7000000000000117,0.19330913339188047,-3.3624898554706046,0.7000000000000117,True,False,Sharp easing,True
2026-02-02,1.933,0.7000000000000117,0.247088307248718,2.832995246899298,0.7000000000000117,False,False,Sharp tightening,True
2026-02-03,1.931,-0.20000000000000018,0.2511028306870252,-0.7566621191810327,0.20000000000000018,False,False,Normal,False
2026-02-04,1.932,0.09999999999998899,0.25230516193080843,0.4161627102531661,0.09999999999998899,False,False,Normal,False
2026-02-05,1.931,-0.09999999999998899,0.2531901719221818,-0.3554640344714917,0.09999999999998899,False,False,Normal,False
2026-02-06,1.93,-0.10000000000001119,0.2531901719221818,-0.35546403447157937,0.10000000000001119,False,False,Normal,False
2026-02-09,1.93,0.0,0.25230516193080843,0.019817271916820284,0.0,False,False,Normal,False
2026-02-10,1.929,-0.09999999999998899,0.252305161930808,-0.37652816641953063,0.09999999999998899,False,False,Normal,False
2026-02-11,1.93,0.09999999999998899,0.25230516193080754,0.4161627102531676,0.09999999999998899,False,False,Normal,False
2026-02-12,1.931,0.10000000000001119,0.25230516193080754,0.37652816641961206,0.10000000000001119,False,False,Normal,False
2026-02-13,1.93,-0.10000000000001119,0.25339796036250667,-0.39463616777717275,0.10000000000001119,False,False,Normal,False
2026-02-16,1.929,-0.09999999999998899,0.25339796036250667,-0.3946361677770851,0.09999999999998899,False,False,Normal,False
2026-02-17,1.931,0.20000000000000018,0.24809802816434626,0.8262862930301171,0.20000000000000018,False,False,Normal,False
2026-02-18,1.931,0.0,0.24809802816434626,0.020153324220243178,0.0,False,False,Normal,False
2026-02-19,1.933,0.20000000000000018,0.25131234497519495,0.7958224257536582,0.20000000000000018,False,False,Normal,False
2026-02-20,1.932,-0.10000000000001119,0.2523051619308085,-0.3765281664196135,0.10000000000001119,False,False,Normal,False
2026-02-23,1.931,-0.09999999999998899,0.2518876106940197,-0.3374520873249442,0.09999999999998899,False,False,Normal,False
2026-02-24,1.932,0.09999999999998899,0.25319017192218185,0.43445604213182965,0.09999999999998899,False,False,Normal,False
2026-02-25,1.933,0.10000000000001119,0.25339796036250767,0.39463616777716837,0.10000000000001119,False,False,Normal,False
2026-02-26,1.935,0.20000000000000018,0.2573140616365126,0.7383972674932857,0.20000000000000018,False,False,Normal,False
2026-02-27,1.93,-0.5000000000000115,0.23078812338338844,-2.2531488725534663,0.5000000000000115,True,False,Sharp easing,True
2026-03-02,1.934,0.40000000000000036,0.19049796241508452,2.0735129919096846,0.40000000000000036,False,False,Sharp tightening,True
2026-03-03,1.934,0.0,0.18431951662972307,-0.08138042174954868,0.0,False,False,Normal,False
2026-03-04,1.934,0.0,0.18324559303980434,-0.05457157159478416,0.0,False,False,Normal,False
2026-03-05,1.935,0.10000000000001119,0.18238190122604167,0.4386400156058242,0.10000000000001119,False,False,Normal,False
2026-03-06,1.933,-0.20000000000000018,0.187153188029385,-1.1487915448506487,0.20000000000000018,False,False,Mild easing,False
2026-03-09,1.932,-0.10000000000001119,0.1889026482779015,-0.5823105234511408,0.10000000000001119,False,False,Normal,False
2026-03-10,1.933,0.10000000000001119,0.1880649383928876,0.42538497969718486,0.10000000000001119,False,False,Normal,False
2026-03-11,1.931,-0.20000000000000018,0.193241054807841,-1.0608511747353748,0.20000000000000018,False,False,Mild easing,False
2026-03-12,1.932,0.09999999999998899,0.19324105480784043,0.4916139590236531,0.09999999999998899,False,False,Normal,False
2026-03-13,1.93,-0.20000000000000018,0.19735087641341098,-1.013423419417911,0.20000000000000018,False,False,Mild easing,False
2026-03-16,1.932,0.20000000000000018,0.2007223796299243,0.921671018154968,0.20000000000000018,False,False,Normal,False
2026-03-17,1.932,0.0,0.19594574974261159,-0.025517266930094956,0.0,False,False,Normal,False
2026-03-18,1.933,0.10000000000001119,0.19708400559976175,0.45665806175455376,0.10000000000001119,False,False,Normal,False
2026-03-19,1.934,0.09999999999998899,0.19324105480784043,0.4916139590236531,0.09999999999998899,False,False,Normal,False
2026-03-20,1.932,-0.20000000000000018,0.19735087641341098,-1.013423419417911,0.20000000000000018,False,False,Mild easing,False
2026-03-23,1.932,0.0,0.19594574974261159,-0.025517266930094956,0.0,False,False,Normal,False
2026-03-24,1.932,0.0,0.19466570535714367,-1.825033162509293e-15,0.0,False,False,Normal,False
2026-03-25,1.93,-0.20000000000000018,0.19808291724768196,-0.9339523194151913,0.20000000000000018,False,False,Normal,False
2026-03-26,1.93,0.0,0.19159991209778335,0.13048022687631208,0.0,False,False,Normal,False
2026-03-27,1.93,0.0,0.1555973210433835,-2.2832743230906507e-15,0.0,False,False,Normal,False
2026-03-30,1.932,0.20000000000000018,0.1333771857714009,1.5744821633883102,0.20000000000000018,False,False,Mild tightening,False
2026-03-31,1.929,-0.29999999999998916,0.14823523268985092,-1.855159498925374,0.29999999999998916,True,True,Mild easing,False
2026-04-01,1.93,0.09999999999998899,0.1507874069853015,0.7958224257526098,0.09999999999998899,False,False,Normal,False
2026-04-02,1.931,0.10000000000001119,0.1507874069853015,0.795822425752757,0.10000000000001119,False,False,Normal,False
2026-04-07,1.931,0.0,0.14473205733748287,0.06909319320101893,0.0,False,False,Normal,False
2026-04-08,1.931,0.0,0.14317821063306976,0.03492151478839789,0.0,False,False,Normal,False
2026-04-09,1.931,0.0,0.14104870379479859,0.07089749661611865,0.0,False,False,Normal,False
2026-04-10,1.932,0.09999999999998899,0.13562719801792236,0.7004494775998799,0.09999999999998899,False,False,Normal,False
2026-04-13,1.932,0.0,0.13377121081231502,-2.655813352683982e-15,0.0,False,False,Normal,False
2026-04-14,1.932,0.0,0.1252366181530121,-0.0798488504997997,0.0,False,False,Normal,False
2026-04-15,1.932,0.0,0.1169795303734946,-3.0370387600782167e-15,0.0,False,False,Normal,False
2026-04-16,1.932,0.0,0.1169795303734946,-3.0370387600782167e-15,0.0,False,False,Normal,False
2026-04-17,1.932,0.0,0.11459310165736789,0.04363264391734634,0.0,False,False,Normal,False
2026-04-20,1.931,-0.09999999999998899,0.11367080817723779,-0.7477733409571277,0.09999999999998899,False,False,Normal,False
2026-04-21,1.932,0.09999999999998899,0.10760551737019981,0.9293203772809753,0.09999999999998899,False,False,Normal,False
2026-04-22,1.931,-0.09999999999998899,0.1099042645601537,-0.8643886602598002,0.09999999999998899,False,False,Normal,False
2026-04-23,1.933,0.20000000000000018,0.11909748329164221,1.6373141951496097,0.20000000000000018,False,False,Mild tightening,False
2026-04-24,1.933,0.0,0.10894228312606073,-0.13768758621153485,0.0,False,False,Normal,False
2026-04-27,1.932,-0.10000000000001119,0.11192102478784322,-0.9828358899369164,0.10000000000001119,False,False,Normal,False
2026-04-28,1.932,0.0,0.11192102478784322,-0.08934871726698626,0.0,False,False,Normal,False
2026-04-29,1.932,0.0,0.10259783520894095,-3.4627569593114554e-15,0.0,False,False,Normal,False
2026-04-30,1.93,-0.20000000000000018,0.0887041208327959,-2.311053850434048,0.20000000000000018,True,False,Sharp easing,True
2026-05-04,1.932,0.20000000000000018,0.09679060415515223,1.9630004550383415,0.20000000000000018,False,False,Mild tightening,False
2026-05-05,1.932,0.0,0.09445132413929741,-0.05293732031353815,0.0,False,False,Normal,False
2026-05-06,1.931,-0.09999999999998899,0.09733285267890728,-1.0274023338233058,0.09999999999998899,False,False,Mild easing,False
2026-05-07,1.93,-0.10000000000001119,0.09986833437388437,-0.951252472523999,0.10000000000001119,False,False,Normal,False
2026-05-08,1.929,-0.09999999999998899,0.10208355710723686,-0.8816307204640804,0.09999999999998899,False,False,Normal,False
2026-05-11,1.931,0.20000000000000018,0.10990426456015583,1.8652597405607771,0.20000000000000018,False,False,Mild tightening,False
2026-05-12,1.929,-0.20000000000000018,0.1182103388482327,-1.565006934270935,0.20000000000000018,False,False,Mild easing,False
2026-05-13,1.928,-0.10000000000001119,0.11964860832359056,-0.6686245759219441,0.10000000000001119,False,False,Normal,False
2026-05-14,1.93,0.20000000000000018,0.12937094768668483,1.6232392492678132,0.20000000000000018,False,False,Mild tightening,False
2026-05-15,1.931,0.10000000000001119,0.13168942730244448,0.7973305234205481,0.10000000000001119,False,False,Normal,False
2026-05-18,1.931,0.0,0.13168942730244448,0.03796812016287265,0.0,False,False,Normal,False
2026-05-19,1.929,-0.20000000000000018,0.13726654823097256,-1.3841682656745737,0.20000000000000018,False,False,Mild easing,False
2026-05-20,1.931,0.20000000000000018,0.14317821063307137,1.4317821063245517,0.20000000000000018,False,False,Mild tightening,False
2026-05-21,1.932,0.09999999999998899,0.1431782106330714,0.663508780979597,0.09999999999998899,False,False,Normal,False
2026-05-22,1.929,-0.29999999999998916,0.1507874069853015,-1.856918993422862,0.29999999999998916,False,False,Mild easing,False
2026-05-25,1.931,0.20000000000000018,0.15861240410803282,1.3239822016502965,0.20000000000000018,False,False,Mild tightening,False
2026-05-26,1.932,0.09999999999998899,0.15894388284808075,0.6291528696047337,0.09999999999998899,False,False,Normal,False
2026-05-27,1.932,0.0,0.15894388284808075,-2.2352000059015798e-15,0.0,False,False,Normal,False
2026-05-28,1.933,0.10000000000001119,0.16050905860674824,0.5918669066072025,0.10000000000001119,False,False,Normal,False
2026-05-29,1.93,-0.30000000000001137,0.16858544608496606,-1.7795130420025314,0.30000000000001137,True,False,Mild easing,False
2026-06-01,1.931,0.10000000000001119,0.1637552731174553,0.6412007259436333,0.10000000000001119,False,False,Normal,False
2026-06-02,1.932,0.09999999999998899,0.16543403837396836,0.6044705248259477,0.09999999999998899,False,False,Normal,False
2026-06-03,1.931,-0.09999999999998899,0.16543403837396836,-0.6044705248259521,0.09999999999998899,False,False,Normal,False
2026-06-04,1.933,0.20000000000000018,0.16944180805184242,1.0918202663618688,0.20000000000000018,False,False,Mild tightening,False
2026-06-05,1.931,-0.20000000000000018,0.1744163198547287,-1.2040157720040734,0.20000000000000018,False,False,Mild easing,False
2026-06-08,1.93,-0.10000000000001119,0.17006190823246434,-0.5586200989239268,0.10000000000001119,False,False,Normal,False
2026-06-09,1.93,0.0,0.16375527311745536,-0.030533367902073585,0.0,False,False,Normal,False
2026-06-10,1.93,0.0,0.16189665319541827,-0.06176779941170129,0.0,False,False,Normal,False
2026-06-11,1.931,0.10000000000001119,0.15719582155985456,0.6043417633962851,0.10000000000001119,False,False,Normal,False
2026-06-12,1.931,0.0,0.15559732104338275,-2.2832743230906617e-15,0.0,False,False,Normal,False
2026-06-15,1.931,0.0,0.15559732104338275,-2.2832743230906617e-15,0.0,False,False,Normal,False
2026-06-16,1.931,0.0,0.1483239697422101,-0.06741998624619173,0.0,False,False,Normal,False
2026-06-17,2.182,25.099999999999987,5.614312068276937,4.247181081139679,25.099999999999987,False,False,Sharp tightening,True
2026-06-18,2.18,-0.19999999999997797,5.617959921912098,-0.2563208032836712,0.19999999999997797,False,False,Normal,False
2026-06-19,2.181,0.09999999999998899,5.612898678842103,-0.20666683408568318,0.09999999999998899,False,False,Normal,False
2026-06-22,2.181,0.0,5.615064324513221,-0.22261543728768682,0.0,False,False,Normal,False
2026-06-23,2.182,0.09999999999998899,5.615064324513221,-0.20480620230467383,0.09999999999998899,False,False,Normal,False
2026-06-24,2.181,-0.09999999999998899,5.616280376117093,-0.23948234595258538,0.09999999999998899,False,False,Normal,False
2026-06-25,2.183,0.19999999999997797,5.615251787015343,-0.18699072451711457,0.19999999999997797,False,False,Normal,False
2026-06-26,2.181,-0.19999999999997797,5.613843321834456,-0.25918072817260657,0.19999999999997797,False,False,Normal,False
2026-06-29,2.182,0.09999999999998899,5.613843321834457,-0.2057414027761977,0.09999999999998899,False,False,Normal,False
2026-06-30,2.182,0.0,5.614970590915163,-0.22261915352191858,0.0,True,True,Normal,False
2026-07-01,2.183,0.09999999999998899,5.61261736484954,-0.20667719258127384,0.09999999999998899,False,False,Normal,False
2026-07-02,2.183,0.0,5.614783119024659,-0.22262658654874923,0.0,False,False,Normal,False
2026-07-03,2.183,0.0,5.612242257591417,-0.22450919653292875,0.0,False,False,Normal,False
2026-07-06,2.182,-0.09999999999998899,5.612242257591417,-0.2423273867339531,0.09999999999998899,False,False,Normal,False
2026-07-07,2.182,0.0,5.612242257591417,-0.22450919653292895,0.0,False,False,Normal,False
2026-07-08,2.182,0.0,5.612242257591417,-0.22450919653292895,0.0,False,False,Normal,False
2026-07-09,2.182,0.0,5.613374536249171,-0.2235731807837972,0.0,False,False,Normal,False
2026-07-10,2.182,0.0,5.613374536249171,-0.2235731807837972,0.0,False,False,Normal,False
2026-07-13,2.184,0.20000000000002238,5.61119885867352,-0.1897990120870076,0.20000000000002238,False,False,Normal,False
2026-07-14,2.184,0.0,5.61119885867352,-0.22544201905170858,0.0,False,False,Normal,False
2026-07-15,2.184,0.0,0.10711528467318714,-0.09335735820067005,0.0,False,False,Normal,False
2026-07-16,2.185,0.09999999999998899,0.09665456669630207,0.775959197413262,0.09999999999998899,False,False,Normal,False
2026-07-17,2.186,0.09999999999998899,0.09665456669630207,0.775959197413262,0.09999999999998899,False,False,Normal,False
2026-07-20,2.184,-0.19999999999997797,0.10894228312608047,-1.9735220690313267,0.19999999999997797,False,False,Mild easing,False
2026-07-21,2.183,-0.1000000000000334,0.10990426456017545,-0.9553769402873623,0.1000000000000334,False,False,Normal,False
2026-07-22,2.184,0.1000000000000334,0.10894228312608477,0.7802296551987752,0.1000000000000334,False,False,Normal,False
2026-07-23,2.185,0.09999999999998899,0.1020835571072625,0.8816307204638412,0.09999999999998899,False,False,Normal,False
2026-07-24,2.186,0.09999999999998899,0.09104654680054432,0.8237544710431651,0.09999999999998899,False,False,Normal,False
2026-07-27,2.185,-0.09999999999998899,0.09333020044917188,-1.2321842173972348,0.09999999999998899,False,False,Mild easing,False
2026-07-28,2.184,-0.09999999999998899,0.09679060415517916,-1.136473947653363,0.09999999999998899,False,False,Mild easing,False
2026-07-29,2.185,0.09999999999998899,0.09679060415517916,0.9298423208072485,0.09999999999998899,False,False,Normal,False
2026-07-30,2.185,0.0,0.09679060415517916,-0.10331581342305719,0.0,False,False,Normal,False
2026-07-31,2.184,-0.09999999999998899,0.09986833437391059,-1.051384311736564,0.09999999999998899,True,False,Mild easing,False
2026-08-03,2.185,0.09999999999998899,0.09880869341727852,0.8602481933550621,0.09999999999998899,False,False,Normal,False
2026-08-04,2.185,0.0,0.09880869341727852,-0.15180850470974752,0.0,False,False,Normal,False
2026-08-05,2.185,0.0,0.09880869341727852,-0.15180850470974752,0.0,False,False,Normal,False
2026-08-06,2.185,0.0,0.09880869341727852,-0.15180850470974752,0.0,False,False,Normal,False
2026-08-07,2.185,0.0,0.09880869341727852,-0.15180850470974752,0.0,True,True,Normal,False
