observation_date,estr_rate,total_volume_eur_mn,rate_25th_percentile,rate_75th_percentile,active_banks,transaction_count,rate_dispersion_bp,average_transaction_size_eur_mn,volume_z_score,active_banks_z_score,transaction_count_z_score,dispersion_z_score,available_component_count,market_quality_score,quality_regime,is_market_quality_alert,data_classification
2019-10-01,-0.549,35996,-0.57,-0.53,32,432,3.9999999999999925,83.32407407407408,,,,,0,,Insufficient history,False,Official ECB inputs; RepoLens derived score
2019-10-02,-0.551,33549,-0.57,-0.54,28,397,2.9999999999999916,84.50629722921914,,,,,0,,Insufficient history,False,Official ECB inputs; RepoLens derived score
2019-10-03,-0.555,29200,-0.57,-0.54,28,373,2.9999999999999916,78.28418230563003,,,,,0,,Insufficient history,False,Official ECB inputs; RepoLens derived score
2019-10-04,-0.553,33907,-0.57,-0.54,30,429,2.9999999999999916,79.03729603729603,,,,,0,,Insufficient history,False,Official ECB inputs; RepoLens derived score
2019-10-07,-0.554,33722,-0.58,-0.54,30,416,3.9999999999999925,81.0625,,,,,0,,Insufficient history,False,Official ECB inputs; RepoLens derived score
2019-10-08,-0.552,31536,-0.57,-0.54,29,425,2.9999999999999916,74.20235294117647,,,,,0,,Insufficient history,False,Official ECB inputs; RepoLens derived score
2019-10-09,-0.552,31274,-0.57,-0.54,28,422,2.9999999999999916,74.1090047393365,,,,,0,,Insufficient history,False,Official ECB inputs; RepoLens derived score
2019-10-10,-0.552,30526,-0.57,-0.54,30,415,2.9999999999999916,73.5566265060241,,,,,0,,Insufficient history,False,Official ECB inputs; RepoLens derived score
2019-10-11,-0.55,32614,-0.57,-0.53,29,436,3.9999999999999925,74.80275229357798,,,,,0,,Insufficient history,False,Official ECB inputs; RepoLens derived score
2019-10-14,-0.549,31781,-0.57,-0.53,31,424,3.9999999999999925,74.95518867924528,,,,,0,,Insufficient history,False,Official ECB inputs; RepoLens derived score
2019-10-15,-0.551,32332,-0.57,-0.54,29,442,2.9999999999999916,73.14932126696833,,,,,0,,Insufficient history,False,Official ECB inputs; RepoLens derived score
2019-10-16,-0.548,32703,-0.56,-0.54,30,451,2.0000000000000018,72.51219512195122,,,,,0,,Insufficient history,False,Official ECB inputs; RepoLens derived score
2019-10-17,-0.548,32639,-0.56,-0.54,30,440,2.0000000000000018,74.17954545454545,,,,,0,,Insufficient history,False,Official ECB inputs; RepoLens derived score
2019-10-18,-0.547,31238,-0.56,-0.53,29,421,3.0000000000000027,74.19952494061758,,,,,0,,Insufficient history,False,Official ECB inputs; RepoLens derived score
2019-10-21,-0.549,33283,-0.56,-0.53,28,440,3.0000000000000027,75.64318181818182,,,,,0,,Insufficient history,False,Official ECB inputs; RepoLens derived score
2019-10-22,-0.548,31588,-0.56,-0.53,30,427,3.0000000000000027,73.97658079625293,,,,,0,,Insufficient history,False,Official ECB inputs; RepoLens derived score
2019-10-23,-0.547,33724,-0.56,-0.53,29,434,3.0000000000000027,77.70506912442396,,,,,0,,Insufficient history,False,Official ECB inputs; RepoLens derived score
2019-10-24,-0.548,33784,-0.56,-0.53,29,429,3.0000000000000027,78.75058275058275,,,,,0,,Insufficient history,False,Official ECB inputs; RepoLens derived score
2019-10-25,-0.548,34093,-0.56,-0.53,30,427,3.0000000000000027,79.84309133489461,,,,,0,,Insufficient history,False,Official ECB inputs; RepoLens derived score
2019-10-28,-0.548,32366,-0.56,-0.53,29,416,3.0000000000000027,77.80288461538461,,,,,0,,Insufficient history,False,Official ECB inputs; RepoLens derived score
2019-10-29,-0.545,32763,-0.56,-0.51,32,430,5.000000000000004,76.19302325581396,,,,,0,,Insufficient history,False,Official ECB inputs; RepoLens derived score
2019-10-30,-0.545,28631,-0.56,-0.53,29,422,3.0000000000000027,67.84597156398104,,,,,0,,Insufficient history,False,Official ECB inputs; RepoLens derived score
2019-10-31,-0.543,25342,-0.56,-0.51,25,354,5.000000000000004,71.58757062146893,,,,,0,,Insufficient history,False,Official ECB inputs; RepoLens derived score
2019-11-01,-0.549,28931,-0.56,-0.53,26,374,3.0000000000000027,77.35561497326204,,,,,0,,Insufficient history,False,Official ECB inputs; RepoLens derived score
2019-11-04,-0.536,36811,-0.56,-0.5,28,463,6.000000000000005,79.50539956803456,,,,,0,,Insufficient history,False,Official ECB inputs; RepoLens derived score
2019-11-05,-0.541,32509,-0.56,-0.52,30,463,4.0000000000000036,70.21382289416847,,,,,0,,Insufficient history,False,Official ECB inputs; RepoLens derived score
2019-11-06,-0.539,31243,-0.56,-0.52,29,445,4.0000000000000036,70.20898876404495,,,,,0,,Insufficient history,False,Official ECB inputs; RepoLens derived score
2019-11-07,-0.537,31578,-0.55,-0.52,31,463,3.0000000000000027,68.20302375809935,,,,,0,,Insufficient history,False,Official ECB inputs; RepoLens derived score
2019-11-08,-0.54,29466,-0.56,-0.52,28,421,4.0000000000000036,69.99049881235155,,,,,0,,Insufficient history,False,Official ECB inputs; RepoLens derived score
2019-11-11,-0.541,30968,-0.56,-0.5,29,429,6.000000000000005,72.18648018648018,,,,,0,,Insufficient history,False,Official ECB inputs; RepoLens derived score
2019-11-12,-0.537,30250,-0.56,-0.5,30,444,6.000000000000005,68.13063063063063,,,,,0,,Insufficient history,False,Official ECB inputs; RepoLens derived score
2019-11-13,-0.531,23482,-0.55,-0.5,20,286,5.000000000000004,82.1048951048951,,,,,0,,Insufficient history,False,Official ECB inputs; RepoLens derived score
2019-11-14,-0.536,30027,-0.55,-0.51,31,425,4.0000000000000036,70.65176470588236,,,,,0,,Insufficient history,False,Official ECB inputs; RepoLens derived score
2019-11-15,-0.541,31887,-0.56,-0.51,31,439,5.000000000000004,72.63553530751709,,,,,0,,Insufficient history,False,Official ECB inputs; RepoLens derived score
2019-11-18,-0.541,33869,-0.56,-0.52,31,449,4.0000000000000036,75.43207126948775,,,,,0,,Insufficient history,False,Official ECB inputs; RepoLens derived score
2019-11-19,-0.542,33067,-0.56,-0.52,32,453,4.0000000000000036,72.99558498896248,,,,,0,,Insufficient history,False,Official ECB inputs; RepoLens derived score
2019-11-20,-0.511,39662,-0.55,-0.47,30,463,8.000000000000007,85.66306695464363,,,,,0,,Insufficient history,False,Official ECB inputs; RepoLens derived score
2019-11-21,-0.542,32215,-0.56,-0.51,31,450,5.000000000000004,71.58888888888889,,,,,0,,Insufficient history,False,Official ECB inputs; RepoLens derived score
2019-11-22,-0.536,31816,-0.55,-0.5,30,435,5.000000000000004,73.14022988505747,,,,,0,,Insufficient history,False,Official ECB inputs; RepoLens derived score
2019-11-25,-0.533,30528,-0.55,-0.5,26,338,5.000000000000004,90.31952662721893,,,,,0,,Insufficient history,False,Official ECB inputs; RepoLens derived score
2019-11-26,-0.533,32256,-0.55,-0.5,29,445,5.000000000000004,72.48539325842697,,,,,0,,Insufficient history,False,Official ECB inputs; RepoLens derived score
2019-11-27,-0.533,31177,-0.55,-0.5,29,445,5.000000000000004,70.06067415730337,,,,,0,,Insufficient history,False,Official ECB inputs; RepoLens derived score
2019-11-28,-0.531,31550,-0.55,-0.5,28,437,5.000000000000004,72.19679633867277,,,,,0,,Insufficient history,False,Official ECB inputs; RepoLens derived score
2019-11-29,-0.532,31101,-0.55,-0.5,28,406,5.000000000000004,76.60344827586206,,,,,0,,Insufficient history,False,Official ECB inputs; RepoLens derived score
2019-12-02,-0.541,32038,-0.55,-0.52,30,438,3.0000000000000027,73.14611872146119,,,,,0,,Insufficient history,False,Official ECB inputs; RepoLens derived score
2019-12-03,-0.539,31998,-0.55,-0.5,30,455,5.000000000000004,70.32527472527472,,,,,0,,Insufficient history,False,Official ECB inputs; RepoLens derived score
2019-12-04,-0.54,32581,-0.55,-0.52,30,452,3.0000000000000027,72.08185840707965,,,,,0,,Insufficient history,False,Official ECB inputs; RepoLens derived score
2019-12-05,-0.54,32804,-0.55,-0.52,31,459,3.0000000000000027,71.46840958605665,,,,,0,,Insufficient history,False,Official ECB inputs; RepoLens derived score
2019-12-06,-0.541,28819,-0.55,-0.52,28,420,3.0000000000000027,68.61666666666666,,,,,0,,Insufficient history,False,Official ECB inputs; RepoLens derived score
2019-12-09,-0.541,29949,-0.55,-0.52,28,445,3.0000000000000027,67.30112359550562,,,,,0,,Insufficient history,False,Official ECB inputs; RepoLens derived score
2019-12-10,-0.544,30501,-0.56,-0.52,31,417,4.0000000000000036,73.14388489208633,,,,,0,,Insufficient history,False,Official ECB inputs; RepoLens derived score
2019-12-11,-0.544,32579,-0.56,-0.52,30,436,4.0000000000000036,74.72247706422019,,,,,0,,Insufficient history,False,Official ECB inputs; RepoLens derived score
2019-12-12,-0.544,31864,-0.56,-0.53,30,429,3.0000000000000027,74.27505827505827,,,,,0,,Insufficient history,False,Official ECB inputs; RepoLens derived score
2019-12-13,-0.543,31262,-0.55,-0.52,30,432,3.0000000000000027,72.36574074074075,,,,,0,,Insufficient history,False,Official ECB inputs; RepoLens derived score
2019-12-16,-0.543,33184,-0.56,-0.52,30,448,4.0000000000000036,74.07142857142857,,,,,0,,Insufficient history,False,Official ECB inputs; RepoLens derived score
2019-12-17,-0.536,35867,-0.55,-0.5,32,452,5.000000000000004,79.35176991150442,,,,,0,,Insufficient history,False,Official ECB inputs; RepoLens derived score
2019-12-18,-0.54,29119,-0.56,-0.52,29,431,4.0000000000000036,67.5614849187935,,,,,0,,Insufficient history,False,Official ECB inputs; RepoLens derived score
2019-12-19,-0.54,28808,-0.56,-0.52,32,442,4.0000000000000036,65.17647058823529,,,,,0,,Insufficient history,False,Official ECB inputs; RepoLens derived score
2019-12-20,-0.54,28851,-0.56,-0.52,33,437,4.0000000000000036,66.02059496567506,,,,,0,,Insufficient history,False,Official ECB inputs; RepoLens derived score
2019-12-23,-0.545,21805,-0.56,-0.53,29,346,3.0000000000000027,63.02023121387283,,,,,0,,Insufficient history,False,Official ECB inputs; RepoLens derived score
2019-12-24,-0.549,21242,-0.57,-0.53,26,297,3.9999999999999925,71.52188552188552,-3.7397743643524226,-1.7356682199116575,-4.020715328791729,0.08965571448024458,4,27.526345878500493,Weak market quality,True,Official ECB inputs; RepoLens derived score
2019-12-27,-0.542,27661,-0.56,-0.53,32,419,3.0000000000000027,66.01670644391407,-1.2324790573672049,1.3340798563584662,-0.15985949438748243,-0.8151383999062288,4,49.844581804001585,Normal market quality,False,Official ECB inputs; RepoLens derived score
2019-12-30,-0.541,27143,-0.56,-0.52,26,380,4.0000000000000036,71.42894736842105,-1.3771392585642934,-1.6910908919352627,-1.2477052497196883,0.10236252640211084,4,37.67947845128443,Normal market quality,False,Official ECB inputs; RepoLens derived score
2019-12-31,-0.531,17978,-0.57,-0.5,20,192,6.999999999999995,93.63541666666667,-4.322812494626977,-4.593171259840221,-6.450553192584901,2.8434421054979535,4,20.234836841753072,Weak market quality,True,Official ECB inputs; RepoLens derived score
2020-01-02,-0.539,26611,-0.55,-0.53,26,398,2.0000000000000018,66.86180904522612,-1.2846155203755243,-1.3685674500727698,-0.48602830570680083,-1.6804267181950756,4,43.38799636652935,Normal market quality,False,Official ECB inputs; RepoLens derived score
2020-01-03,-0.537,27706,-0.55,-0.53,27,414,2.0000000000000018,66.92270531400966,-0.9453988486730758,-0.9121620573579925,-0.1313034851672985,-1.6320293292401395,4,46.53048416719122,Normal market quality,False,Official ECB inputs; RepoLens derived score
2020-01-06,-0.539,32777,-0.55,-0.53,28,417,2.0000000000000018,78.60191846522781,0.5204226567494328,-0.47244749295200045,-0.06414922081549926,-1.5876012556188615,4,52.86138939763256,Normal market quality,False,Official ECB inputs; RepoLens derived score
2020-01-07,-0.54,34235,-0.55,-0.53,31,453,2.0000000000000018,75.57395143487858,0.9354431208268291,0.8209028759836395,0.7362308503236987,-1.5466277512477424,4,59.486826865533864,Normal market quality,False,Official ECB inputs; RepoLens derived score
2020-01-08,-0.536,35150,-0.55,-0.52,31,437,3.0000000000000027,80.43478260869566,1.1864352507331355,0.8108667212730019,0.37118355530897285,-0.6813406733214815,4,58.12966007900313,Normal market quality,False,Official ECB inputs; RepoLens derived score
2020-01-09,-0.539,30913,-0.55,-0.53,30,441,2.0000000000000018,70.09750566893425,-0.052160287711818826,0.36929922336853505,0.45791219798290866,-1.5048231635721134,4,54.142702291745415,Normal market quality,False,Official ECB inputs; RepoLens derived score
2020-01-10,-0.538,31837,-0.55,-0.52,31,455,3.0000000000000027,69.97142857142858,0.21578876207228748,0.8009554559899141,0.7699738843888967,-0.646912853946729,4,55.65295329912013,Normal market quality,False,Official ECB inputs; RepoLens derived score
2020-01-13,-0.537,31245,-0.55,-0.53,29,465,2.0000000000000018,67.19354838709677,0.04159769071717742,-0.07978931601374423,0.9877692722791753,-1.4673144191698901,4,54.616513436928535,Normal market quality,False,Official ECB inputs; RepoLens derived score
2020-01-14,-0.538,28664,-0.55,-0.53,32,445,2.0000000000000018,64.41348314606742,-0.716609466143222,1.2373254918656693,0.5214351561795469,-1.4356249361675102,4,54.04220589286303,Normal market quality,False,Official ECB inputs; RepoLens derived score
2020-01-15,-0.538,26023,-0.55,-0.53,29,411,2.0000000000000018,63.31630170316302,-1.4874394048670847,-0.09584839189860893,-0.2569041234955018,-1.4059113733420932,4,46.020947854493066,Normal market quality,False,Official ECB inputs; RepoLens derived score
2020-01-16,-0.536,29388,-0.55,-0.53,30,441,2.0000000000000018,66.63945578231292,-0.471981675503225,0.3451054620699196,0.43213488958249996,-1.3779764301781463,4,52.35812966013698,Normal market quality,False,Official ECB inputs; RepoLens derived score
2020-01-17,-0.537,31817,-0.55,-0.53,28,409,2.0000000000000018,77.79217603911981,0.24562440443163613,-0.5433595280333385,-0.30835083378757494,-1.3516493307163766,4,50.75788350703301,Normal market quality,False,Official ECB inputs; RepoLens derived score
2020-01-20,-0.538,33566,-0.55,-0.53,29,439,2.0000000000000018,76.46013667425969,0.7611420071856702,-0.09369762997419036,0.3890893750622783,-1.3267814085118894,4,55.3926485006379,Normal market quality,False,Official ECB inputs; RepoLens derived score
2020-01-21,-0.535,31033,-0.55,-0.53,30,430,2.0000000000000018,72.16976744186047,0.002202996200359162,0.35490523282150216,0.17645504750506558,-1.3032425577376305,4,53.29097502412412,Normal market quality,False,Official ECB inputs; RepoLens derived score
2020-01-22,-0.536,30474,-0.55,-0.52,29,422,3.0000000000000027,72.2132701421801,-0.16467350927237187,-0.09819993398061258,-0.012328103510345053,-0.4879688977269142,4,49.87927597040967,Normal market quality,False,Official ECB inputs; RepoLens derived score
2020-01-23,-0.537,31463,-0.55,-0.53,29,425,2.0000000000000018,74.03058823529412,0.13346452393477082,-0.09757842345366034,0.05856491452943883,-1.2810382068345758,4,52.291149371713004,Normal market quality,False,Official ECB inputs; RepoLens derived score
2020-01-24,-0.537,33324,-0.55,-0.53,30,428,2.0000000000000018,77.85981308411215,0.6951422923066586,0.3593540958654593,0.12946782478284105,-1.2600859172261798,4,55.54518170053333,Normal market quality,False,Official ECB inputs; RepoLens derived score
2020-01-27,-0.538,33033,-0.55,-0.53,29,434,2.0000000000000018,76.11290322580645,0.6005659448651424,-0.10196254838691599,0.27208036356091847,-1.2401329640828551,4,54.387474791087286,Normal market quality,False,Official ECB inputs; RepoLens derived score
2020-01-28,-0.536,37845,-0.55,-0.5,33,432,5.000000000000004,87.60416666666667,2.0607310402399084,1.7453023732767092,0.22223157842897037,1.1441824482058336,4,60.415119847795125,Normal market quality,False,Official ECB inputs; RepoLens derived score
2020-01-29,-0.54,32714,-0.55,-0.53,30,437,2.0000000000000018,74.8604118993135,0.4646911433973686,0.33521050109351747,0.3417464334559071,-1.2326844200111584,4,55.16783796828109,Normal market quality,False,Official ECB inputs; RepoLens derived score
2020-01-30,-0.539,32097,-0.55,-0.52,27,428,3.0000000000000027,74.99299065420561,0.27616860938509946,-1.0426973127657588,0.12068896951874472,-0.4296920360359281,4,49.30610732878421,Normal market quality,False,Official ECB inputs; RepoLens derived score
2020-01-31,-0.539,32163,-0.55,-0.53,29,436,2.0000000000000018,73.76834862385321,0.2943528547823908,-0.11324322459313473,0.3156177743354498,-1.2152199312149028,4,53.35900126291651,Normal market quality,False,Official ECB inputs; RepoLens derived score
2020-02-03,-0.537,38392,-0.55,-0.53,28,456,2.0000000000000018,84.19298245614036,2.1826034903554827,-0.5736331503834128,0.8053368983946314,-1.1978554805015103,4,60.0151548070245,Normal market quality,False,Official ECB inputs; RepoLens derived score
2020-02-04,-0.536,36167,-0.55,-0.53,30,464,2.0000000000000018,77.94612068965517,1.4514058116813067,0.356463320274903,0.9948467239253599,-1.1812173719872994,4,60.23002150936618,Normal market quality,False,Official ECB inputs; RepoLens derived score
2020-02-05,-0.536,35449,-0.55,-0.53,30,436,2.0000000000000018,81.30504587155963,1.214067031215108,0.35419699201878596,0.2937269728018739,-1.1652562893187952,4,57.61692895528272,Normal market quality,False,Official ECB inputs; RepoLens derived score
2020-02-06,-0.535,33619,-0.55,-0.52,28,427,3.0000000000000027,78.73302107728337,0.6583830610916371,-0.5831201229193789,0.06902105323071815,-0.36867903975941513,4,51.5721115992382,Normal market quality,False,Official ECB inputs; RepoLens derived score
2020-02-07,-0.537,32644,-0.55,-0.53,29,423,2.0000000000000018,77.17257683215131,0.3651039181454199,-0.1095033393566328,-0.030998270522253298,-1.1514440195925555,4,52.653775718200585,Normal market quality,False,Official ECB inputs; RepoLens derived score
2020-02-10,-0.537,33678,-0.55,-0.53,29,440,2.0000000000000018,76.5409090909091,0.6698255228103478,-0.10889947826384906,0.3949993603020697,-1.1368266981789588,4,54.76487908220021,Normal market quality,False,Official ECB inputs; RepoLens derived score
2020-02-11,-0.541,32222,-0.55,-0.53,29,423,2.0000000000000018,76.17494089834516,0.2309867591516526,-0.10830549842474324,-0.03528703522591872,-1.1227542012674598,4,52.13360362480532,Normal market quality,False,Official ECB inputs; RepoLens derived score
2020-02-12,-0.541,31753,-0.55,-0.53,29,423,2.0000000000000018,75.06619385342789,0.0892972019117511,-0.10772113325698174,-0.035098643169242404,-1.1091934669524197,4,51.6192809660542,Normal market quality,False,Official ECB inputs; RepoLens derived score
2020-02-13,-0.54,31655,-0.55,-0.53,28,426,2.0000000000000018,74.3075117370892,0.05932903991247053,-0.5867525955271123,0.04140872202706674,-1.0961141764597777,4,50.4884632206332,Normal market quality,False,Official ECB inputs; RepoLens derived score
2020-02-14,-0.538,34136,-0.55,-0.53,29,436,2.0000000000000018,78.29357798165138,0.8096680413667576,-0.10132577370654386,0.29696047439869533,-1.083488468285321,4,54.94815759894201,Normal market quality,False,Official ECB inputs; RepoLens derived score
2020-02-17,-0.541,35151,-0.55,-0.53,29,432,2.0000000000000018,81.36805555555556,1.1103865331599836,-0.10079679139423496,0.19248672108032872,-1.0712906879176953,4,55.72251372215172,Normal market quality,False,Official ECB inputs; RepoLens derived score
2020-02-18,-0.536,31880,-0.55,-0.53,28,413,2.0000000000000018,77.19128329297821,0.10730968627257177,-0.586614648611378,-0.2993144662189585,-1.0594971680271044,4,49.75000686691882,Normal market quality,False,Official ECB inputs; RepoLens derived score
2020-02-19,-0.538,32866,-0.55,-0.52,29,411,3.0000000000000027,79.96593673965937,0.4068275133136201,-0.09461227451779576,-0.34956726017905865,-0.26996155442640624,4,50.71838979149514,Normal market quality,False,Official ECB inputs; RepoLens derived score
2020-02-20,-0.538,32691,-0.55,-0.52,28,440,3.0000000000000027,74.29772727272727,0.35096120374839185,-0.5846205883127523,0.40842850650762935,-0.26850880403246585,4,51.190647214655264,Normal market quality,False,Official ECB inputs; RepoLens derived score
2020-02-21,-0.539,35098,-0.55,-0.52,28,442,3.0000000000000027,79.40723981900453,1.0879496193991234,-0.5807181627084362,0.45842102587415096,-0.26707927440789814,4,53.90269973742306,Normal market quality,False,Official ECB inputs; RepoLens derived score
2020-02-24,-0.54,34684,-0.55,-0.52,27,433,3.0000000000000027,80.10161662817552,0.9492645907735126,-1.070674381894751,0.2191268530558646,-0.2656723530525218,4,51.59206577518886,Normal market quality,False,Official ECB inputs; RepoLens derived score
2020-02-25,-0.539,33258,-0.55,-0.52,29,433,3.0000000000000027,76.80831408775981,0.5028213895988712,-0.07256638352008862,0.21800892365903748,-0.2642874498626629,4,52.51991238873742,Normal market quality,False,Official ECB inputs; RepoLens derived score
2020-02-26,-0.539,34286,-0.55,-0.52,27,414,3.0000000000000027,82.81642512077295,0.8164377408567984,-1.063965704130583,-0.2872355730550115,-0.2629239960885078,4,49.87391489416757,Normal market quality,False,Official ECB inputs; RepoLens derived score
2020-02-27,-0.538,31087,-0.55,-0.52,27,425,3.0000000000000027,73.14588235294117,-0.17710351618343678,-1.0531161622854182,0.007432071560588456,-0.26158144335020417,4,47.158299631571204,Normal market quality,False,Official ECB inputs; RepoLens derived score
2020-02-28,-0.54,33073,-0.55,-0.52,30,434,3.0000000000000027,76.20506912442396,0.4394006723376232,0.44345581102640375,0.2484350250391551,-0.2602592627088407,4,53.65801833740884,Normal market quality,False,Official ECB inputs; RepoLens derived score
2020-03-02,-0.542,30645,-0.55,-0.53,26,330,2.0000000000000018,92.86363636363636,-0.31863012096973437,-1.5480732335576701,-2.550666787365753,-1.0662932979535396,4,40.237384471227685,Normal market quality,True,Official ECB inputs; RepoLens derived score
2020-03-03,-0.542,35167,-0.55,-0.53,28,356,2.0000000000000018,98.78370786516854,1.0962136319000533,-0.5356248722370117,-1.7821617511109422,-1.055698913929604,4,49.625829524174705,Normal market quality,False,Official ECB inputs; RepoLens derived score
2020-03-04,-0.541,40672,-0.55,-0.53,30,492,2.0000000000000018,82.66666666666667,2.8039882200826045,0.459007970259572,1.7847719303949277,-1.0454151126147888,4,66.99153119084755,Strong market quality,False,Official ECB inputs; RepoLens derived score
2020-03-05,-0.54,36928,-0.55,-0.52,29,484,3.0000000000000027,76.29752066115702,1.5609095423815949,-0.04108248868809389,1.5452266181348828,-0.22927311995324987,4,59.56745340188243,Normal market quality,False,Official ECB inputs; RepoLens derived score
2020-03-06,-0.541,38242,-0.55,-0.52,29,494,3.0000000000000027,77.41295546558705,1.9321903921932022,-0.040896728253878856,1.7773000898506943,-0.2281831758119752,4,61.44594954038621,Normal market quality,False,Official ECB inputs; RepoLens derived score
2020-03-09,-0.539,40232,-0.55,-0.52,29,500,3.0000000000000027,80.464,2.483324562883909,-0.04071346484393521,1.8963888233640216,-0.22710863721824828,4,63.67148732222127,Normal market quality,False,Official ECB inputs; RepoLens derived score
2020-03-10,-0.541,45152,-0.55,-0.53,29,499,2.0000000000000018,90.48496993987976,3.8364916019978903,-0.04053264301765454,1.8330862132995445,-1.0427428277896527,4,66.5454981673892,Strong market quality,False,Official ECB inputs; RepoLens derived score
2020-03-11,-0.543,48537,-0.55,-0.53,31,524,2.0000000000000018,92.62786259541984,4.52012377694023,0.9729848180224842,2.417620330978465,-1.033156745446182,4,70.52624799067164,Strong market quality,False,Official ECB inputs; RepoLens derived score
2020-03-12,-0.54,48041,-0.55,-0.53,28,515,2.0000000000000018,93.28349514563106,4.015684157474446,-0.5557101777875161,2.1287569889702582,-1.0238310229943868,4,65.96836356244843,Strong market quality,False,Official ECB inputs; RepoLens derived score
2020-03-13,-0.541,44382,-0.55,-0.53,30,477,2.0000000000000018,93.04402515723271,2.869564436120136,0.4641521573876629,1.1703697914930307,-1.0147540716358001,4,65.6519115060759,Strong market quality,False,Official ECB inputs; RepoLens derived score
2020-03-16,-0.536,39369,-0.55,-0.52,30,495,3.0000000000000027,79.53333333333333,1.5999431755720643,0.4617323171750199,1.5880479455242134,-0.18992800932668322,4,61.00914378524033,Normal market quality,False,Official ECB inputs; RepoLens derived score
2020-03-17,-0.531,44130,-0.55,-0.5,31,496,5.000000000000004,88.97177419354838,2.670516773012184,0.9711971311102717,1.5881025904545478,1.4497071421497063,4,63.57049729623013,Normal market quality,False,Official ECB inputs; RepoLens derived score
2020-03-18,-0.529,41457,-0.55,-0.5,30,525,5.000000000000004,78.96571428571428,1.982516152119897,0.45124442885872873,2.247924419985349,1.4308095481435132,4,61.540514332314565,Normal market quality,False,Official ECB inputs; RepoLens derived score
2020-03-19,-0.526,40550,-0.55,-0.49,30,515,6.000000000000005,78.7378640776699,1.741277743989078,0.44897334392876176,1.9603822285259158,2.224727864164913,4,58.7807692388511,Normal market quality,True,Official ECB inputs; RepoLens derived score
2020-03-20,-0.524,38819,-0.55,-0.49,31,524,6.000000000000005,74.08206106870229,1.3322045250326067,0.962201174664608,2.127601668641476,2.170829506259149,4,59.13097868649061,Normal market quality,True,Official ECB inputs; RepoLens derived score
2020-03-23,-0.525,42983,-0.55,-0.49,31,538,6.000000000000005,79.89405204460967,2.2286980781141654,0.9545745862944907,2.3960611662446145,2.1206734209332736,4,62.996022523347435,Normal market quality,True,Official ECB inputs; RepoLens derived score
2020-03-24,-0.527,44586,-0.55,-0.49,29,563,6.000000000000005,79.1936056838366,2.5208185687477376,-0.08456491092382228,2.8853908792703877,2.0738456691740725,4,62.714161407722386,Normal market quality,True,Official ECB inputs; RepoLens derived score
2020-03-25,-0.527,45443,-0.55,-0.49,29,544,6.000000000000005,83.53492647058823,2.628466963051376,-0.08422081044193977,2.3715478157440297,2.0299936977266237,4,61.8729613373451,Normal market quality,True,Official ECB inputs; RepoLens derived score
2020-03-26,-0.529,44398,-0.55,-0.5,32,556,5.000000000000004,79.85251798561151,2.3319997861354933,1.4763034267871484,2.5633824376712497,1.2323332891631764,4,66.41271397887546,Strong market quality,False,Official ECB inputs; RepoLens derived score
2020-03-27,-0.53,41609,-0.55,-0.5,32,448,5.000000000000004,92.87723214285714,1.70854505917841,1.4576787843591763,0.2552123685063167,1.2199855570962561,4,58.43215725364378,Normal market quality,False,Official ECB inputs; RepoLens derived score
2020-03-30,-0.528,51283,-0.55,-0.5,32,562,5.000000000000004,91.2508896797153,3.6268828016634567,1.4397432488494861,2.6199595055535596,1.20800261668737,4,68.83725296097656,Strong market quality,False,Official ECB inputs; RepoLens derived score
2020-03-31,-0.522,49020,-0.56,-0.49,31,544,7.000000000000006,90.11029411764706,3.0031001170592897,0.9092399130524912,2.1761707983593004,2.700709303201294,4,64.16246282372754,Normal market quality,True,Official ECB inputs; RepoLens derived score
2020-04-01,-0.527,53453,-0.55,-0.5,33,594,5.000000000000004,89.98821548821549,3.716422738219567,1.9299335003209175,3.1284534197491976,1.1474306083862211,4,71.10368783822295,Strong market quality,False,Official ECB inputs; RepoLens derived score
2020-04-02,-0.534,52948,-0.55,-0.51,32,598,4.0000000000000036,88.54180602006689,3.427458395390991,1.3868657085958667,3.0810864735485497,0.4036973361114815,4,70.86161826732244,Strong market quality,False,Official ECB inputs; RepoLens derived score
2020-04-03,-0.539,45912,-0.55,-0.5,29,542,5.000000000000004,84.70848708487085,2.067178590980773,-0.1480463154226486,1.9121777958610797,1.137773057341139,4,59.938794183517075,Normal market quality,False,Official ECB inputs; RepoLens derived score
2020-04-06,-0.533,59270,-0.55,-0.52,33,629,3.0000000000000027,94.22893481717011,4.279598743393453,1.8860905704643354,3.493781090748197,-0.34228395203623035,4,73.22865235421519,Strong market quality,False,Official ECB inputs; RepoLens derived score
2020-04-07,-0.533,58379,-0.55,-0.51,32,627,4.0000000000000036,93.10845295055822,3.8521174063985932,1.3504312932345093,3.293325289495579,0.3967183234939155,4,70.7810007478454,Strong market quality,False,Official ECB inputs; RepoLens derived score
2020-04-08,-0.535,56559,-0.55,-0.52,34,621,3.0000000000000027,91.07729468599034,3.3639005097794126,2.3402101850969825,3.050796129899871,-0.3449295807175594,4,74.3679198338188,Strong market quality,False,Official ECB inputs; RepoLens derived score
2020-04-09,-0.536,55456,-0.55,-0.52,34,622,3.0000000000000027,89.15755627009646,3.0568944438793686,2.2849553986066624,2.9550850985343984,-0.34349622037987354,4,74.11534557342246,Strong market quality,False,Official ECB inputs; RepoLens derived score
2020-04-14,-0.534,58074,-0.55,-0.52,33,619,3.0000000000000027,93.81906300484653,3.314262607864949,1.7471288012464201,2.80401558916645,-0.34208059768166765,4,72.39098187255468,Strong market quality,False,Official ECB inputs; RepoLens derived score
2020-04-15,-0.535,57086,-0.55,-0.52,33,605,3.0000000000000027,94.35702479338843,3.0408551185166015,1.7213881763471426,2.4940682694315246,-0.34068234949795756,4,71.5496646386936,Strong market quality,False,Official ECB inputs; RepoLens derived score
2020-04-16,-0.534,55636,-0.55,-0.52,33,579,3.0000000000000027,96.08981001727116,2.7398964385307987,1.6967547082256984,2.0259022871591603,-0.3393011230337127,4,69.40523170787051,Strong market quality,False,Official ECB inputs; RepoLens derived score
2020-04-17,-0.538,54008,-0.55,-0.52,32,552,3.0000000000000027,97.84057971014492,2.4476203406749404,1.1970793295588087,1.5739547004164771,-0.337936575448858,4,66.00116113047379,Strong market quality,False,Official ECB inputs; RepoLens derived score
2020-04-20,-0.541,50826,-0.55,-0.52,33,561,3.0000000000000027,90.59893048128342,1.98325589863906,1.6619957689996148,1.692064444760513,-0.3365883734997924,4,65.83142873988672,Strong market quality,False,Official ECB inputs; RepoLens derived score
2020-04-21,-0.541,49960,-0.55,-0.52,35,587,3.0000000000000027,85.1107325383305,1.83992021263066,2.584663136578742,2.063945266897202,-0.33525619319656613,4,68.56412604269202,Strong market quality,False,Official ECB inputs; RepoLens derived score
2020-04-22,-0.539,48712,-0.55,-0.52,30,581,3.0000000000000027,83.84165232358004,1.656014526239191,0.20037701454179474,1.9359522904800381,-0.3339397194749179,4,61.63778368360413,Normal market quality,False,Official ECB inputs; RepoLens derived score
2020-04-23,-0.539,47408,-0.55,-0.52,31,571,3.0000000000000027,83.02626970227671,1.4727546048661795,0.6643984070284137,1.75526246258643,-0.33263864588241154,4,61.70275125989235,Normal market quality,False,Official ECB inputs; RepoLens derived score
2020-04-24,-0.539,47254,-0.55,-0.52,32,565,3.0000000000000027,83.6353982300885,1.43753740690866,1.1267343893670059,1.6418636378176537,-0.33135267427796783,4,62.44990500355891,Normal market quality,False,Official ECB inputs; RepoLens derived score
2020-04-27,-0.539,49146,-0.55,-0.52,31,585,3.0000000000000027,84.01025641025642,1.6550590360974058,0.6526417139884256,1.9146708702801263,-0.33008151454411394,4,62.70611035882847,Normal market quality,False,Official ECB inputs; RepoLens derived score
2020-04-28,-0.541,46757,-0.55,-0.52,32,572,3.0000000000000027,81.74300699300699,1.3417920448363065,1.115627633527142,1.695098405301462,-0.32882488431132334,4,62.21632458046557,Normal market quality,False,Official ECB inputs; RepoLens derived score
2020-04-29,-0.543,46325,-0.55,-0.53,32,547,2.0000000000000018,84.68921389396709,1.2763139731095254,1.1070853940385186,1.311345325249662,-1.0989864807793672,4,62.16165542527284,Normal market quality,False,Official ECB inputs; RepoLens derived score
2020-04-30,-0.531,39756,-0.55,-0.5,27,466,5.000000000000004,85.31330472103004,0.46557810651977605,-1.2285587805216027,0.1308992845882879,1.2218667855149943,4,47.05257445471344,Normal market quality,False,Official ECB inputs; RepoLens derived score
2020-05-04,-0.543,48133,-0.55,-0.53,30,550,2.0000000000000018,87.51454545454546,1.485797766975382,0.1758214094786866,1.3461757305168334,-1.097220438645422,4,60.651115692370766,Normal market quality,False,Official ECB inputs; RepoLens derived score
2020-05-05,-0.539,53443,-0.55,-0.51,33,562,4.0000000000000036,95.09430604982207,2.115223270289696,1.5738161556532857,1.5067489103294571,0.44907515066082027,4,64.43108138497956,Normal market quality,False,Official ECB inputs; RepoLens derived score
2020-05-06,-0.542,49616,-0.55,-0.52,32,554,3.0000000000000027,89.5595667870036,1.6174497489095825,1.091786648946865,1.375451190646168,-0.3238947346806171,4,62.31501082218705,Normal market quality,False,Official ECB inputs; RepoLens derived score
2020-05-07,-0.541,32961,-0.55,-0.52,30,409,3.0000000000000027,80.58924205378973,-0.39221400200316847,0.15659619566940697,-0.7157250872880603,-0.3227147917366725,4,47.71350095154729,Normal market quality,False,Official ECB inputs; RepoLens derived score
2020-05-08,-0.541,35476,-0.55,-0.52,32,461,3.0000000000000027,76.95444685466377,-0.08931417462219936,1.0863764040541777,0.03428188373934928,-0.32154766024284775,4,52.97136759867039,Normal market quality,False,Official ECB inputs; RepoLens derived score
2020-05-11,-0.544,48914,-0.56,-0.53,31,535,3.0000000000000027,91.42803738317757,1.5267743607377633,0.6137750128985239,1.0999439818022894,-0.3203931098808819,4,60.108597414155525,Normal market quality,False,Official ECB inputs; RepoLens derived score
2020-05-12,-0.543,47105,-0.56,-0.53,30,556,3.0000000000000027,84.72122302158273,1.293792813538153,0.14519767873472342,1.394330553725423,-0.3192509160911478,4,58.855971802670624,Normal market quality,False,Official ECB inputs; RepoLens derived score
2020-05-13,-0.542,47498,-0.56,-0.53,32,547,3.0000000000000027,86.83363802559415,1.3296389489490732,1.079382578041367,1.2520179395173183,-0.3181208598887502,4,60.95941890505159,Normal market quality,False,Official ECB inputs; RepoLens derived score
2020-05-14,-0.541,45901,-0.56,-0.52,31,540,4.0000000000000036,85.00185185185185,1.127573200795121,0.6048256089094851,1.141494601157569,0.46795640753759943,4,57.61037211664416,Normal market quality,False,Official ECB inputs; RepoLens derived score
2020-05-15,-0.543,44086,-0.56,-0.53,31,556,3.0000000000000027,79.29136690647482,0.9033182195598491,0.6022030359596614,1.3621182888388166,-0.32078880450061226,4,58.553600287206585,Normal market quality,False,Official ECB inputs; RepoLens derived score
2020-05-18,-0.542,46151,-0.56,-0.52,30,563,4.0000000000000036,81.97335701598578,1.1441889487030135,0.1306090642258658,1.449779226968907,0.4695208547190927,4,57.25135076636884,Normal market quality,False,Official ECB inputs; RepoLens derived score
2020-05-19,-0.542,44659,-0.56,-0.52,29,542,4.0000000000000036,82.39667896678966,0.9583074321604297,-0.3402778791569234,1.1370392993973344,0.4677252231993509,4,54.6443917283635,Normal market quality,False,Official ECB inputs; RepoLens derived score
2020-05-20,-0.545,32084,-0.56,-0.53,28,439,3.0000000000000027,73.08428246013668,-0.5447296775733144,-0.8108819787945936,-0.3347421958486737,-0.32715642629685926,4,45.72012033133052,Normal market quality,False,Official ECB inputs; RepoLens derived score
2020-05-21,-0.545,34454,-0.56,-0.53,24,384,3.0000000000000027,89.72395833333333,-0.25972248804432885,-2.695910165677835,-1.1173386405686678,-0.32603616376858324,4,40.04690352188147,Normal market quality,True,Official ECB inputs; RepoLens derived score
2020-05-22,-0.539,39461,-0.55,-0.52,27,431,3.0000000000000027,91.5568445475638,0.3403715783739216,-1.2386639767889078,-0.44036416167182074,-0.3249273389697568,4,47.48112118661154,Normal market quality,False,Official ECB inputs; RepoLens derived score
2020-05-25,-0.54,41311,-0.55,-0.53,27,412,2.0000000000000018,100.26941747572816,0.5612278045111712,-1.229075335960336,-0.7099808018596424,-1.1235911316581615,4,48.8020436687264,Normal market quality,False,Official ECB inputs; RepoLens derived score
2020-05-26,-0.541,37891,-0.55,-0.53,27,471,2.0000000000000018,80.44798301486199,0.14768629344261847,-1.2197064050276913,0.13677884016404787,-1.1158682894246357,4,49.48338554902701,Normal market quality,False,Official ECB inputs; RepoLens derived score
2020-05-27,-0.541,43110,-0.55,-0.53,28,496,2.0000000000000018,86.91532258064517,0.7767626939224224,-0.7492542939472783,0.4948535507731538,-1.1083028454309587,4,53.7451218389396,Normal market quality,False,Official ECB inputs; RepoLens derived score
2020-05-28,-0.541,41930,-0.55,-0.53,28,486,2.0000000000000018,86.27572016460906,0.6305134557576202,-0.745740223213923,0.34927618951659994,-1.1008895213332919,4,52.8669712929083,Normal market quality,False,Official ECB inputs; RepoLens derived score
2020-05-29,-0.54,29159,-0.56,-0.52,28,377,4.0000000000000036,77.34482758620689,-0.917283525068241,-0.7422752266239553,-1.2226902423130268,0.5014429901895592,4,41.124929504634366,Normal market quality,False,Official ECB inputs; RepoLens derived score
2020-06-01,-0.546,30109,-0.56,-0.53,25,275,3.0000000000000027,109.48727272727272,-0.7972733902404654,-2.1283526427956008,-2.681433491444783,-0.29974881880650733,4,35.634701026767175,Normal market quality,True,Official ECB inputs; RepoLens derived score
2020-06-02,-0.542,43494,-0.55,-0.53,29,497,2.0000000000000018,87.51307847082495,0.8286006969368939,-0.26039867772565695,0.5196048786506505,-1.100291583723211,4,55.19855531717643,Normal market quality,False,Official ECB inputs; RepoLens derived score
2020-06-03,-0.543,43142,-0.56,-0.53,28,500,3.0000000000000027,86.284,0.7818050149012163,-0.7192643940419136,0.5601635287823725,-0.2921379209216218,4,52.77677227038784,Normal market quality,False,Official ECB inputs; RepoLens derived score
2020-06-04,-0.545,42211,-0.56,-0.53,28,484,3.0000000000000027,87.21280991735537,0.6650740700082064,-0.7160818116476685,0.3309264053788355,-0.2912144115085073,4,51.801692346619404,Normal market quality,False,Official ECB inputs; RepoLens derived score
2020-06-05,-0.544,39470,-0.56,-0.53,27,464,3.0000000000000027,85.0646551724138,0.32888890228141526,-1.1739407365766537,0.045255851877865134,-0.29029960991616904,4,48.764848361112236,Normal market quality,False,Official ECB inputs; RepoLens derived score
2020-06-08,-0.547,37691,-0.56,-0.53,27,441,3.0000000000000027,85.46712018140589,0.11088541031949366,-1.1659010261242144,-0.28312656725686997,-0.28939338008976145,4,47.19962002280016,Normal market quality,False,Official ECB inputs; RepoLens derived score
2020-06-09,-0.542,45690,-0.56,-0.52,31,492,4.0000000000000036,92.86585365853658,1.088861589699898,0.6821240597631169,0.4475555716129971,0.5211533219440974,4,55.85348465947378,Normal market quality,False,Official ECB inputs; RepoLens derived score
2020-06-10,-0.548,35280,-0.56,-0.53,29,434,3.0000000000000027,81.29032258064517,-0.19043121645132852,-0.2422224231206367,-0.38586715770350427,-0.2920869219526725,4,48.20139717328901,Normal market quality,False,Official ECB inputs; RepoLens derived score
2020-06-11,-0.547,35940,-0.56,-0.53,24,406,3.0000000000000027,88.52216748768473,-0.10897158585215769,-2.5514659126431076,-0.7871966797205928,-0.29118972977986096,4,41.70872756327799,Normal market quality,True,Official ECB inputs; RepoLens derived score
2020-06-12,-0.546,43742,-0.56,-0.53,31,493,3.0000000000000027,88.7261663286004,0.8503860850000446,0.6863162077793865,0.4686499306948368,-0.2903007589864086,4,56.29921778216533,Normal market quality,False,Official ECB inputs; RepoLens derived score
2020-06-15,-0.547,48235,-0.56,-0.53,30,503,3.0000000000000027,95.89463220675944,1.399013554971621,0.22782923069213748,0.6113055194896696,-0.2894198847158405,4,57.428514144928954,Normal market quality,False,Official ECB inputs; RepoLens derived score
2020-06-16,-0.546,38279,-0.56,-0.53,28,458,3.0000000000000027,83.57860262008734,0.1659607283935018,-0.6865920046755349,-0.041335109524858686,-0.28854698475141055,4,49.19386524100339,Normal market quality,False,Official ECB inputs; RepoLens derived score
2020-06-17,-0.544,40038,-0.56,-0.53,30,479,3.0000000000000027,83.5866388308977,0.38189859401362236,0.23132030502897996,0.2631032101765485,-0.2876819394447528,4,53.00422677622863,Normal market quality,False,Official ECB inputs; RepoLens derived score
2020-06-18,-0.544,38042,-0.56,-0.53,29,480,3.0000000000000027,79.25416666666666,0.13454080254282944,-0.22811508013594678,0.27685824727779446,-0.2868246316468706,4,51.02298767422483,Normal market quality,False,Official ECB inputs; RepoLens derived score
2020-06-19,-0.546,40936,-0.56,-0.53,30,474,3.0000000000000027,86.36286919831224,0.4920353648141531,0.2325129329832232,0.18864362508983898,-0.28597494664138456,4,53.20397759199427,Normal market quality,False,Official ECB inputs; RepoLens derived score
2020-06-22,-0.545,41682,-0.56,-0.53,29,464,3.0000000000000027,89.83189655172414,0.5828132044548104,-0.22932578527808686,0.04205982052078623,-0.28513277207994486,4,51.999380461818504,Normal market quality,False,Official ECB inputs; RepoLens derived score
2020-06-23,-0.544,38346,-0.56,-0.52,28,440,4.0000000000000036,87.15,0.16655755316737975,-0.6910427453068334,-0.3095392752931721,0.5460326626712229,4,47.262447390578984,Normal market quality,False,Official ECB inputs; RepoLens derived score
2020-06-24,-0.546,37257,-0.56,-0.53,27,447,3.0000000000000027,83.3489932885906,0.030546762933619572,-1.1513216106969835,-0.20585631867980023,-0.28780020462147193,4,47.145669153757915,Normal market quality,False,Official ECB inputs; RepoLens derived score
2020-06-25,-0.547,32993,-0.56,-0.53,28,442,3.0000000000000027,74.6447963800905,-0.5017224571400475,-0.6815139465702641,-0.27887920425047036,-0.2869654634337456,4,46.27343671810861,Normal market quality,False,Official ECB inputs; RepoLens derived score
2020-06-26,-0.547,32608,-0.56,-0.53,28,405,3.0000000000000027,80.51358024691358,-0.5481968676080489,-0.6788520196461841,-0.8240559003197189,-0.28613794710348717,4,44.7532480841123,Normal market quality,False,Official ECB inputs; RepoLens derived score
2020-06-29,-0.545,35798,-0.56,-0.53,27,436,3.0000000000000027,82.10550458715596,-0.14660923034142148,-1.1401976042194695,-0.3625467787189733,-0.28531755196256164,4,46.157983064402764,Normal market quality,False,Official ECB inputs; RepoLens derived score
2020-06-30,-0.555,42421,-0.6,-0.53,28,496,6.999999999999995,85.52620967741936,0.6857943143563109,-0.6696663543862177,0.5267287585329312,3.076201407479472,4,47.54293611061387,Normal market quality,True,Official ECB inputs; RepoLens derived score
2020-07-01,-0.548,42883,-0.57,-0.53,30,520,3.9999999999999925,82.4673076923077,0.7412675554289938,0.2614719747404615,0.8809229997441607,0.5278609112584159,4,54.65863251332541,Normal market quality,False,Official ECB inputs; RepoLens derived score
2020-07-02,-0.548,43047,-0.57,-0.53,29,522,3.9999999999999925,82.46551724137932,0.7589240592490499,-0.20469567343182354,0.90651833692683,0.526098920709306,4,53.62164248504523,Normal market quality,False,Official ECB inputs; RepoLens derived score
2020-07-03,-0.549,36435,-0.57,-0.53,25,423,3.9999999999999925,86.13475177304964,-0.07790893837660581,-2.070586419482935,-0.5676914405594649,0.5243544781751495,4,42.34509234831316,Normal market quality,True,Official ECB inputs; RepoLens derived score
2020-07-06,-0.55,42383,-0.57,-0.54,31,503,2.9999999999999916,84.26043737574552,0.6742422714818146,0.7335967478435909,0.624168983533373,-0.304151949817924,4,56.21049020335565,Normal market quality,False,Official ECB inputs; RepoLens derived score
2020-07-07,-0.55,42574,-0.57,-0.53,31,510,3.9999999999999925,83.47843137254903,0.6959013026323168,0.7306953545234575,0.7262228222397427,0.5254324931671589,4,55.28980126137037,Normal market quality,False,Official ECB inputs; RepoLens derived score
2020-07-08,-0.549,40892,-0.56,-0.53,29,474,3.0000000000000027,86.27004219409282,0.4800325205722844,-0.1997959680186472,0.18641112213829503,-0.3065665962435321,4,52.10650160166741,Normal market quality,False,Official ECB inputs; RepoLens derived score
2020-07-09,-0.549,40828,-0.56,-0.53,30,465,3.0000000000000027,87.8021505376344,0.47040067453719686,0.26569047682679037,0.051343756868913515,-0.30571389474139943,4,52.897558787231546,Normal market quality,False,Official ECB inputs; RepoLens derived score
2020-07-10,-0.549,43774,-0.56,-0.54,29,519,2.0000000000000018,84.34296724470134,0.8438970762504754,-0.2010940730866667,0.8607385137397436,-1.1390217411920467,4,56.311283480297426,Normal market quality,False,Official ECB inputs; RepoLens derived score
2020-07-13,-0.552,44937,-0.57,-0.54,28,506,2.9999999999999916,88.80830039525692,0.9883864530728029,-0.6677721810936518,0.6619475109699176,-0.2988950994464559,4,53.89313355961516,Normal market quality,False,Official ECB inputs; RepoLens derived score
2020-07-14,-0.551,41079,-0.57,-0.54,28,469,2.9999999999999916,87.58848614072495,0.4920662607252651,-0.6653519200011456,0.10372406238626733,-0.29807972200068217,4,50.76528185150225,Normal market quality,False,Official ECB inputs; RepoLens derived score
2020-07-15,-0.551,45658,-0.57,-0.54,29,475,2.9999999999999916,96.12210526315789,1.0749202757853713,-0.19443639312859776,0.19382358031563066,-0.29727098451047534,4,54.20659540998209,Normal market quality,False,Official ECB inputs; RepoLens derived score
2020-07-16,-0.541,52279,-0.56,-0.52,30,490,4.0000000000000036,106.69183673469388,1.9138368073194074,0.2757165432651703,0.4197723134907843,0.5428301922463876,4,57.62290567913823,Normal market quality,False,Official ECB inputs; RepoLens derived score
2020-07-17,-0.551,45118,-0.57,-0.54,30,472,2.9999999999999916,95.58898305084746,0.9843535728184264,0.27498463676337304,0.1462579081413074,-0.29968344122249496,4,54.947869028959936,Normal market quality,False,Official ECB inputs; RepoLens derived score
2020-07-20,-0.551,44329,-0.57,-0.54,29,511,2.9999999999999916,86.74951076320939,0.8795827221353634,-0.19755911096869477,0.7373000439084348,-0.29888162028652004,4,54.8762142902529,Normal market quality,False,Official ECB inputs; RepoLens derived score
2020-07-21,-0.549,51379,-0.56,-0.54,31,509,2.0000000000000018,100.9410609037328,1.7698881962480055,0.7488194526346641,0.7041537923046717,-1.1426637823162844,4,61.54103747269079,Normal market quality,False,Official ECB inputs; RepoLens derived score
2020-07-22,-0.55,45215,-0.56,-0.54,31,480,2.0000000000000018,94.19791666666667,0.9744578027480085,0.745975261500667,0.2607793259256454,-1.136256553278185,4,57.63187360810109,Normal market quality,False,Official ECB inputs; RepoLens derived score
2020-07-23,-0.55,44557,-0.57,-0.54,30,465,2.9999999999999916,95.82150537634409,0.8868249392707269,0.26919536858475207,0.031579491114279934,-0.2865830635695152,4,54.28569903204939,Normal market quality,False,Official ECB inputs; RepoLens derived score
2020-07-24,-0.551,45542,-0.57,-0.54,31,479,2.9999999999999916,95.07724425887265,1.0073689791883569,0.7435392703145908,0.24531347540350054,-0.28583638891985796,4,56.42667787483426,Normal market quality,False,Official ECB inputs; RepoLens derived score
2020-07-27,-0.552,44712,-0.57,-0.54,29,458,2.9999999999999916,97.62445414847161,0.8977117768495406,-0.21034205326998331,-0.07675550193909296,-0.28509552274986005,4,52.85189061507549,Normal market quality,False,Official ECB inputs; RepoLens derived score
2020-07-28,-0.551,45801,-0.57,-0.54,32,474,2.9999999999999916,96.62658227848101,1.0313970829811445,1.2201393165856278,0.16892705832795457,-0.2843603901106498,4,57.50909631288393,Normal market quality,False,Official ECB inputs; RepoLens derived score
2020-07-29,-0.553,48777,-0.57,-0.54,30,490,2.9999999999999916,99.54489795918367,1.4021968958092599,0.26072376601814024,0.4145859452653302,-0.2836309174008088,4,57.0214097896423,Normal market quality,False,Official ECB inputs; RepoLens derived score
2020-07-30,-0.552,43398,-0.57,-0.54,30,463,2.9999999999999916,93.73218142548596,0.7145818649990648,0.2600660633449569,-0.0026291756536843945,-0.2829070323353757,4,53.56898929522797,Normal market quality,False,Official ECB inputs; RepoLens derived score
2020-07-31,-0.55,37164,-0.56,-0.54,30,446,2.0000000000000018,83.32735426008969,-0.07441409862668638,0.25941331480495966,-0.26521412626984686,-1.1368171889175631,4,51.43027440952073,Normal market quality,False,Official ECB inputs; RepoLens derived score
2020-08-03,-0.552,43859,-0.57,-0.54,32,482,2.9999999999999916,90.99377593360995,0.772362371079718,1.217322722131853,0.2927491582628273,-0.27666475225667203,4,56.893445128150724,Normal market quality,False,Official ECB inputs; RepoLens derived score
2020-08-04,-0.551,44663,-0.57,-0.54,31,488,2.9999999999999916,91.52254098360656,0.8712524896313838,0.7315405216022574,0.38509209681343265,-0.2759710414033269,4,56.254921821854055,Normal market quality,False,Official ECB inputs; RepoLens derived score
2020-08-05,-0.552,46956,-0.57,-0.54,30,487,2.9999999999999916,96.41889117043121,1.1580949372041731,0.249665595783438,0.36852176569839173,-0.27528252477849774,4,56.01172447108692,Normal market quality,False,Official ECB inputs; RepoLens derived score
2020-08-06,-0.553,47869,-0.57,-0.54,31,506,2.9999999999999916,94.60276679841897,1.2673741851537381,0.7293712249483917,0.66350388205855,-0.27459913786065154,4,58.32989612234641,Normal market quality,False,Official ECB inputs; RepoLens derived score
2020-08-07,-0.553,47336,-0.57,-0.54,30,500,2.9999999999999916,94.672,1.1924322096385411,0.2459604402652017,0.5677276936466173,-0.2739208172451309,4,56.61861429438214,Normal market quality,False,Official ECB inputs; RepoLens derived score
2020-08-10,-0.554,13472,-0.58,-0.54,15,206,3.9999999999999925,65.39805825242719,-3.0895539679379613,-6.982928738262995,-4.02655944361381,0.5900561969897242,4,23.614915704515415,Weak market quality,True,Official ECB inputs; RepoLens derived score
2020-08-11,-0.552,43477,-0.57,-0.54,29,481,2.9999999999999916,90.38877338877339,0.6992267053930618,-0.18541620818520343,0.27810285200651835,-0.2763563010030169,4,53.09354452993353,Normal market quality,False,Official ECB inputs; RepoLens derived score
2020-08-12,-0.552,41791,-0.57,-0.54,29,482,2.9999999999999916,86.70331950207469,0.48779337696227615,-0.18498173719595798,0.2925612108440532,-0.2756823109392035,4,52.389748969897006,Normal market quality,False,Official ECB inputs; RepoLens derived score
2020-08-13,-0.552,41257,-0.57,-0.54,29,470,2.9999999999999916,87.78085106382979,0.42009682339803744,-0.18455030666305958,0.10981930583423385,-0.27501323006820205,4,51.69603122492337,Normal market quality,False,Official ECB inputs; RepoLens derived score
2020-08-14,-0.549,28873,-0.56,-0.54,20,286,2.0000000000000018,100.95454545454545,-1.1222368970093992,-4.1397726211093975,-2.6877476334570014,-1.1444272532286506,4,33.569442656667576,Weak market quality,True,Official ECB inputs; RepoLens derived score
2020-08-17,-0.553,41656,-0.58,-0.54,30,478,3.9999999999999925,87.14644351464435,0.4734052435508744,0.2645561421470562,0.2399222810110576,0.6004504527442893,4,52.01743873120691,Normal market quality,False,Official ECB inputs; RepoLens derived score
2020-08-18,-0.554,41888,-0.58,-0.54,29,475,3.9999999999999925,88.18526315789474,0.5010218815150094,-0.1613937154750468,0.19427684262842812,0.5986309462220829,4,50.93783798385286,Normal market quality,False,Official ECB inputs; RepoLens derived score
2020-08-19,-0.553,41807,-0.58,-0.54,29,482,3.9999999999999925,86.73651452282158,0.4895229041071653,-0.1610269056509097,0.2992455084054553,0.5968278995342515,4,51.163634821960066,Normal market quality,False,Official ECB inputs; RepoLens derived score
2020-08-20,-0.553,42247,-0.58,-0.54,30,479,3.9999999999999925,88.19832985386222,0.5431923334748147,0.2665108776755092,0.2532565784152346,0.5950410658075048,4,52.30803020867745,Normal market quality,False,Official ECB inputs; RepoLens derived score
2020-08-21,-0.554,42886,-0.58,-0.54,29,484,3.9999999999999925,88.60743801652893,0.6216591755543226,-0.16217039860610108,0.32827099770025786,0.5932702033241856,4,51.701153307189244,Normal market quality,False,Official ECB inputs; RepoLens derived score
2020-08-24,-0.552,43318,-0.58,-0.54,30,496,3.9999999999999925,87.33467741935483,0.6739396547317831,0.26716898452711274,0.5092886166392341,0.5915150753846118,4,53.41266018140019,Normal market quality,False,Official ECB inputs; RepoLens derived score
2020-08-25,-0.553,43339,-0.58,-0.54,29,477,3.9999999999999925,90.85744234800839,0.67444047213362,-0.16330626092375833,0.21955173603159836,0.589775450173884,4,51.61649216497644,Normal market quality,False,Official ECB inputs; RepoLens derived score
2020-08-26,-0.554,40407,-0.58,-0.54,29,465,3.9999999999999925,86.89677419354838,0.30379806997456643,-0.16294292634156468,0.03656392679841804,0.5880511006329908,4,49.86526909510363,Normal market quality,False,Official ECB inputs; RepoLens derived score
2020-08-27,-0.552,39089,-0.58,-0.54,29,465,3.9999999999999925,84.06236559139785,0.13709866684740496,-0.1625820064285171,0.03648493707253242,0.5863418043340483,4,49.285089954074884,Normal market quality,False,Official ECB inputs; RepoLens derived score
2020-08-28,-0.552,33504,-0.58,-0.54,28,417,3.9999999999999925,80.34532374100719,-0.5680506680782781,-0.5948194066960815,-0.6967261032832454,0.5846473433595128,4,43.90598787173844,Normal market quality,False,Official ECB inputs; RepoLens derived score
2020-08-31,-0.557,32370,-0.58,-0.54,31,439,3.9999999999999925,73.73576309794989,-0.709766954976904,0.7065081832105213,-0.35811575039163596,0.5829675041852314,4,47.5123454833502,Normal market quality,False,Official ECB inputs; RepoLens derived score
2020-09-01,-0.554,40236,-0.58,-0.54,28,483,3.9999999999999925,83.30434782608695,0.2877499697658453,-0.596758755624188,0.31679595791385684,0.5813020775671692,4,49.435264783553876,Normal market quality,False,Official ECB inputs; RepoLens derived score
2020-09-02,-0.555,40105,-0.58,-0.54,28,471,3.9999999999999925,85.14861995753715,0.27048162991823826,-0.595040512604264,0.13186974863727077,0.5796508584316934,4,48.91928250714881,Normal market quality,False,Official ECB inputs; RepoLens derived score
2020-09-03,-0.551,32988,-0.56,-0.54,21,359,2.0000000000000018,91.88857938718662,-0.6341613926733005,-3.6374140439879397,-1.5910938754437682,-1.193560645159938,4,38.093041404773935,Normal market quality,True,Official ECB inputs; RepoLens derived score
2020-09-04,-0.552,39544,-0.58,-0.54,28,470,3.9999999999999925,84.13617021276596,0.20153988850310806,-0.5636335383674485,0.12252462240670575,0.5825333968593561,4,48.72881722456999,Normal market quality,False,Official ECB inputs; RepoLens derived score
2020-09-07,-0.551,42578,-0.57,-0.54,28,489,2.9999999999999916,87.07157464212679,0.5877654163909438,-0.5620766009536942,0.41417469329341255,-0.30534368377563953,4,52.14543971388106,Normal market quality,False,Official ECB inputs; RepoLens derived score
2020-09-08,-0.553,42008,-0.58,-0.54,28,485,3.9999999999999925,86.61443298969073,0.5133710856173636,-0.5605325079546838,0.3515999066750469,0.583288013387469,4,50.399535276380476,Normal market quality,False,Official ECB inputs; RepoLens derived score
2020-09-09,-0.554,41833,-0.58,-0.54,28,501,3.9999999999999925,83.49900199600799,0.48965467138557683,-0.5590010836036402,0.5974807205221434,0.5816627879804674,4,50.937496260175074,Normal market quality,False,Official ECB inputs; RepoLens derived score
2020-09-10,-0.554,42113,-0.58,-0.54,29,494,3.9999999999999925,85.24898785425101,0.5242438064722884,-0.1309640619233416,0.4877248567660704,0.5800510865464668,4,51.85667867994013,Normal market quality,False,Official ECB inputs; RepoLens derived score
2020-09-11,-0.553,41575,-0.58,-0.54,28,465,3.9999999999999925,89.40860215053763,0.4538869571785427,-0.5580802104311879,0.03802124842751704,0.5784527224237284,4,49.42077786148013,Normal market quality,False,Official ECB inputs; RepoLens derived score
2020-09-14,-0.555,45493,-0.58,-0.54,29,490,3.9999999999999925,92.84285714285714,0.9559319625802477,-0.12857642939473674,0.42534584810891735,0.5768675125393984,4,53.22238414700722,Normal market quality,False,Official ECB inputs; RepoLens derived score
2020-09-15,-0.551,49639,-0.58,-0.53,31,497,4.999999999999993,99.87726358148893,1.484738578564716,0.7294301762534626,0.53297520756737,1.4693847529033222,4,56.14852135517361,Normal market quality,False,Official ECB inputs; RepoLens derived score
2020-09-16,-0.556,44937,-0.58,-0.54,29,496,3.9999999999999925,90.59879032258064,0.8725778879206157,-0.1314133254947717,0.5160363372131155,0.5679606062421575,4,53.16363922765478,Normal market quality,False,Official ECB inputs; RepoLens derived score
2020-09-17,-0.553,43702,-0.58,-0.54,30,480,3.9999999999999925,91.04583333333333,0.711134781008571,0.2990047261082942,0.2656144460373732,0.5664369775124108,4,53.05086419762555,Normal market quality,False,Official ECB inputs; RepoLens derived score
2020-09-18,-0.552,42867,-0.58,-0.54,30,469,3.9999999999999925,91.40085287846482,0.6018174526085768,0.2983470948593086,0.09346194924581232,0.564925557415622,4,52.23849535826939,Normal market quality,False,Official ECB inputs; RepoLens derived score
2020-09-21,-0.552,40540,-0.57,-0.54,28,463,2.9999999999999916,87.55939524838013,0.30116166358869445,-0.5657922823432819,-0.0005041753659187922,-0.33227698010788764,4,50.13674014844926,Normal market quality,False,Official ECB inputs; RepoLens derived score
2020-09-22,-0.552,40678,-0.58,-0.54,28,454,3.9999999999999925,89.59911894273128,0.3182686368501388,-0.564295513080976,-0.1414525522489681,0.5657767866042701,4,48.50090488574422,Normal market quality,False,Official ECB inputs; RepoLens derived score
2020-09-23,-0.551,40080,-0.57,-0.54,28,452,2.9999999999999916,88.67256637168141,0.24044915756820398,-0.5628105716454608,-0.17254874109250962,-0.33425861728887357,4,49.504561695577095,Normal market quality,False,Official ECB inputs; RepoLens derived score
2020-09-24,-0.553,38570,-0.58,-0.54,29,448,3.9999999999999925,86.09375,0.04484064311957978,-0.1278121859068011,-0.23508578979290834,0.5666257963119791,4,48.399758617201286,Normal market quality,False,Official ECB inputs; RepoLens derived score
2020-09-25,-0.554,35290,-0.58,-0.54,25,429,3.9999999999999925,82.26107226107226,-0.3798936863208509,-1.8650638660795071,-0.5338862864787187,0.565143569478044,4,41.82528136226439,Normal market quality,False,Official ECB inputs; RepoLens derived score
2020-09-28,-0.555,39761,-0.58,-0.54,28,457,3.9999999999999925,87.00437636761488,0.19928313606326334,-0.547623926800821,-0.0926289065381367,0.565143569478044,4,48.24914353865696,Normal market quality,False,Official ECB inputs; RepoLens derived score
2020-09-29,-0.556,40004,-0.58,-0.54,28,466,3.9999999999999925,85.84549356223177,0.22769743703188475,-0.547623926800821,0.045474100292718776,0.5613396315660476,4,48.69955701599227,Normal market quality,False,Official ECB inputs; RepoLens derived score
2020-09-30,-0.57,42802,-0.6,-0.54,30,515,5.999999999999995,83.11067961165048,0.5861343598092601,0.31758754375596204,0.816392345732206,2.358848503743346,4,51.34814722743781,Normal market quality,True,Official ECB inputs; RepoLens derived score
2020-10-01,-0.558,38795,-0.59,-0.54,28,444,4.999999999999993,87.37612612612612,0.06112514736264851,-0.547623926800821,-0.3140426148895072,1.4321027822316572,4,45.911617488195965,Normal market quality,False,Official ECB inputs; RepoLens derived score
2020-10-02,-0.555,44717,-0.58,-0.54,29,466,3.9999999999999925,95.95922746781116,0.8282153600496027,-0.1115412579767753,0.032648161879677534,0.5356112339098731,4,51.89810416906605,Normal market quality,False,Official ECB inputs; RepoLens derived score
2020-10-05,-0.555,45491,-0.58,-0.54,29,463,3.9999999999999925,98.25269978401728,0.9222113953971444,-0.1115412579767753,-0.017501151047516178,0.5319184102163875,4,52.107256246004695,Normal market quality,False,Official ECB inputs; RepoLens derived score
2020-10-06,-0.556,46880,-0.59,-0.54,31,488,4.999999999999993,96.06557377049181,1.0954850392751065,0.7520423744992207,0.37686267275262414,1.415668627821992,4,54.5329573138595,Normal market quality,False,Official ECB inputs; RepoLens derived score
2020-10-07,-0.555,45038,-0.58,-0.54,30,479,3.9999999999999925,94.02505219206681,0.8473852535620876,0.31735101230507173,0.22957376030950657,0.5192683319984545,4,53.55425782100607,Normal market quality,False,Official ECB inputs; RepoLens derived score
2020-10-08,-0.553,43611,-0.58,-0.54,30,490,3.9999999999999925,89.00204081632653,0.6553564472761324,0.31558106428057403,0.40181519959959716,0.5192683319984545,4,53.30833572716921,Normal market quality,False,Official ECB inputs; RepoLens derived score
2020-10-09,-0.553,46832,-0.58,-0.54,30,479,3.9999999999999925,97.77035490605428,1.0685491906274422,0.31758754375596204,0.22288443536494124,0.5192683319984549,4,54.31219961700062,Normal market quality,False,Official ECB inputs; RepoLens derived score
2020-10-12,-0.556,49495,-0.58,-0.54,31,508,3.9999999999999925,97.43110236220473,1.4060509060093287,0.7483470711605291,0.6819618803350547,0.515622768700376,4,57.723516396721045,Normal market quality,False,Official ECB inputs; RepoLens derived score
2020-10-13,-0.555,48630,-0.58,-0.54,31,507,3.9999999999999925,95.9171597633136,1.2815613148329708,0.7459481348660384,0.6619117902695381,0.5099446579416274,4,57.2401974278419,Normal market quality,False,Official ECB inputs; RepoLens derived score
2020-10-14,-0.556,49436,-0.58,-0.54,30,520,3.9999999999999925,95.06923076923077,1.3750282150168978,0.31181397087791374,0.8638732035085895,0.5042652961141215,4,56.99541874435422,Normal market quality,False,Official ECB inputs; RepoLens derived score
2020-10-15,-0.556,48277,-0.58,-0.54,30,515,3.9999999999999925,93.74174757281554,1.213623330565921,0.31005000071328587,0.7778299299111915,0.5006358474698666,4,56.216427712337115,Normal market quality,False,Official ECB inputs; RepoLens derived score
2020-10-16,-0.553,45685,-0.58,-0.54,28,481,3.9999999999999925,94.97920997920998,0.8697709760461444,-0.5569559389724618,0.2329673851606488,0.4970141143492434,4,51.488705860108105,Normal market quality,False,Official ECB inputs; RepoLens derived score
2020-10-19,-0.553,46321,-0.58,-0.54,31,486,3.9999999999999925,95.31069958847736,0.9447864799667781,0.7417218249107888,0.3091102493402766,0.49339995272166487,4,55.19373293642889,Normal market quality,False,Official ECB inputs; RepoLens derived score
2020-10-20,-0.553,46346,-0.58,-0.54,30,484,3.9999999999999925,95.75619834710744,0.9407763355028151,0.30629935678794085,0.2741736197682943,0.4897932195698852,4,54.009209786295614,Normal market quality,False,Official ECB inputs; RepoLens derived score
2020-10-21,-0.552,44468,-0.57,-0.54,29,482,2.9999999999999916,92.25726141078839,0.6919703702514248,-0.12660701099705968,0.23907752243711752,-0.40163833410299515,4,53.30553007563462,Normal market quality,False,Official ECB inputs; RepoLens derived score
2020-10-22,-0.554,43986,-0.58,-0.54,29,474,3.9999999999999925,92.79746835443038,0.6245894231768774,-0.12491538014256905,0.10854645153606779,0.48619377286150434,4,51.41585000031056,Normal market quality,False,Official ECB inputs; RepoLens derived score
2020-10-23,-0.553,42148,-0.58,-0.54,27,447,3.9999999999999925,94.29082774049218,0.38250541876686295,-0.9873448540035887,-0.32492695122672616,0.48260147152082755,4,47.334187245326994,Normal market quality,False,Official ECB inputs; RepoLens derived score
2020-10-26,-0.552,38484,-0.56,-0.54,27,390,2.0000000000000018,98.67692307692307,-0.09407802982608718,-0.9795884662184672,-1.2342870454226136,-1.2935390980511416,4,46.076346763582706,Normal market quality,False,Official ECB inputs; RepoLens derived score
2020-10-27,-0.554,46546,-0.58,-0.54,29,511,3.9999999999999925,91.0880626223092,0.9433685603819261,-0.11281769367670569,0.694129419471263,0.4897932195698852,4,54.020379446468304,Normal market quality,False,Official ECB inputs; RepoLens derived score
2020-10-28,-0.555,45957,-0.58,-0.54,29,482,3.9999999999999925,95.34647302904564,0.8603799441621875,-0.12046642747874894,0.22436164722780114,0.4949577884080257,4,52.52863117132825,Normal market quality,False,Official ECB inputs; RepoLens derived score
2020-10-29,-0.552,44572,-0.57,-0.54,30,463,2.9999999999999916,96.26781857451404,0.6730760560444083,0.30929253657896,-0.08667693826842304,-0.3994339808406883,4,53.511456163192804,Normal market quality,False,Official ECB inputs; RepoLens derived score
2020-10-30,-0.557,38692,-0.58,-0.54,31,465,3.9999999999999925,83.20860215053763,-0.09679623159276628,0.7415944199088111,-0.05455548467483111,0.5070548444469006,4,50.61822826083992,Normal market quality,False,Official ECB inputs; RepoLens derived score
2020-11-02,-0.555,50126,-0.58,-0.54,28,531,3.9999999999999925,94.39924670433145,1.3906383108111928,-0.5664860481565165,1.0053341113066605,0.507054844446901,4,55.203771979044184,Normal market quality,False,Official ECB inputs; RepoLens derived score
2020-11-03,-0.553,51485,-0.57,-0.53,30,529,3.9999999999999925,97.32514177693761,1.5556981472689346,0.3055109137224817,0.9660741584896494,0.507054844446901,4,57.863323929301245,Normal market quality,False,Official ECB inputs; RepoLens derived score
2020-11-04,-0.558,48085,-0.58,-0.54,30,534,3.9999999999999925,90.04681647940075,1.099896745603865,0.3075162556218969,1.0401365478853384,0.5033841626663663,4,56.463694374382065,Normal market quality,False,Official ECB inputs; RepoLens derived score
2020-11-05,-0.556,45919,-0.58,-0.54,29,484,3.9999999999999925,94.87396694214875,0.8099493789932009,-0.13135813208720404,0.23253579961051915,0.5033841626663663,4,52.33269075128494,Normal market quality,False,Official ECB inputs; RepoLens derived score
2020-11-06,-0.558,45667,-0.58,-0.54,29,461,3.9999999999999925,99.06073752711497,0.7704695501626905,-0.13135813208720404,-0.1387982822903926,0.515751462729589,4,51.24762519553104,Normal market quality,False,Official ECB inputs; RepoLens derived score
2020-11-09,-0.558,47922,-0.58,-0.54,28,510,3.9999999999999925,93.96470588235294,1.0580066949022118,-0.5652712711193034,0.6443407713828017,0.5284593703877585,4,53.10800812723485,Normal market quality,False,Official ECB inputs; RepoLens derived score
2020-11-10,-0.557,43935,-0.58,-0.54,29,488,3.9999999999999925,90.03073770491804,0.5291073949785211,-0.14832462578474528,0.2827015201098853,0.5340409944084104,4,51.38675662662506,Normal market quality,False,Official ECB inputs; RepoLens derived score
2020-11-11,-0.558,43087,-0.58,-0.54,29,451,3.9999999999999925,95.53658536585365,0.4116752685670917,-0.14490859301104497,-0.32389286867286216,0.5340409944084104,4,49.467798294162435,Normal market quality,False,Official ECB inputs; RepoLens derived score
2020-11-12,-0.548,43766,-0.58,-0.52,28,478,5.999999999999995,91.56066945606695,0.49619162303020603,-0.5928129708100065,0.11524289632693474,2.390002185782251,4,46.957742215724664,Normal market quality,True,Official ECB inputs; RepoLens derived score
2020-11-13,-0.556,43586,-0.58,-0.54,29,469,3.9999999999999925,92.93390191897655,0.46764971645690306,-0.13617797953898775,-0.03331297984154804,0.5266923414725423,4,50.42300809693901,Normal market quality,False,Official ECB inputs; RepoLens derived score
2020-11-16,-0.558,45524,-0.58,-0.54,30,501,3.9999999999999925,90.86626746506985,0.7189510245961817,0.32168046773740616,0.4873582790531499,0.5266923414725423,4,53.74888694085421,Normal market quality,False,Official ECB inputs; RepoLens derived score
2020-11-17,-0.557,45611,-0.58,-0.54,30,462,3.9999999999999925,98.72510822510823,0.726638083467214,0.32168046773740616,-0.15087113226629603,0.5609158514429915,4,52.128882853648534,Normal market quality,False,Official ECB inputs; RepoLens derived score
2020-11-18,-0.557,43786,-0.58,-0.54,29,466,3.9999999999999925,93.96137339055794,0.4791233313312791,-0.12951938662653367,-0.08647829127091536,0.5669069596624261,4,50.28657702542222,Normal market quality,False,Official ECB inputs; RepoLens derived score
2020-11-19,-0.557,40768,-0.58,-0.54,27,453,3.9999999999999925,89.99558498896248,0.07392832630098753,-1.0345394075424408,-0.30058373028501223,0.5729627626399693,4,46.06149715352487,Normal market quality,False,Official ECB inputs; RepoLens derived score
2020-11-20,-0.557,40305,-0.58,-0.54,29,466,3.9999999999999925,86.49141630901288,0.007225047887827583,-0.12983868124959183,-0.09689107671264748,0.5790847976828556,4,48.58983607617751,Normal market quality,False,Official ECB inputs; RepoLens derived score
2020-11-23,-0.557,42228,-0.58,-0.54,29,475,3.9999999999999925,88.90105263157895,0.2591855020607638,-0.12983868124959183,0.0499341710214513,0.5852746531323304,4,49.829476001943824,Normal market quality,False,Official ECB inputs; RepoLens derived score
2020-11-24,-0.556,41815,-0.58,-0.54,28,461,3.9999999999999925,90.70498915401302,0.1988800118522411,-0.5842740656231649,-0.18268391916438614,0.5915339705893554,4,47.89138412362993,Normal market quality,False,Official ECB inputs; RepoLens derived score
2020-11-25,-0.554,43085,-0.58,-0.53,30,482,4.999999999999993,89.38796680497926,0.36409217837370067,0.3245967031239812,0.16185815628412975,1.5698763228064871,4,50.1356452886185,Normal market quality,False,Official ECB inputs; RepoLens derived score
2020-11-26,-0.556,44917,-0.58,-0.54,30,478,3.9999999999999925,93.96861924686192,0.6048560903158261,0.321143190697836,0.0911517037747961,0.5978644472604521,4,52.25093688139629,Normal market quality,False,Official ECB inputs; RepoLens derived score
2020-11-27,-0.557,41913,-0.58,-0.54,30,467,3.9999999999999925,89.74946466809422,0.19477299932479158,0.321143190697836,-0.0933093185484682,0.5937545438764698,4,50.36065836219549,Normal market quality,False,Official ECB inputs; RepoLens derived score
2020-11-30,-0.56,40942,-0.58,-0.55,30,495,2.9999999999999916,82.71111111111111,0.05894013827928961,0.321143190697836,0.36896273776526267,-0.37556378558518594,4,52.49490098351304,Normal market quality,False,Official ECB inputs; RepoLens derived score
2020-12-01,-0.557,44545,-0.57,-0.54,28,465,2.9999999999999916,95.79569892473118,0.5418561760661237,-0.5881611245364871,-0.13000540404355,-0.37556378558518594,4,50.66442597315912,Normal market quality,False,Official ECB inputs; RepoLens derived score
2020-12-02,-0.556,41933,-0.57,-0.54,28,443,2.9999999999999916,94.6568848758465,0.1826044583950595,-0.5830545008965903,-0.49426567553740774,-0.3755637855851858,4,48.509160841675495,Normal market quality,False,Official ECB inputs; RepoLens derived score
2020-12-03,-0.556,42274,-0.57,-0.54,29,460,2.9999999999999916,91.9,0.22286789881234523,-0.12816368285962199,-0.21483598388031921,-0.3755637855851858,4,50.48588415737113,Normal market quality,False,Official ECB inputs; RepoLens derived score
2020-12-04,-0.555,46260,-0.57,-0.54,30,456,2.9999999999999916,101.44736842105263,0.7620392867254047,0.32513215227357767,-0.2821409289163691,-0.37556378558518577,4,53.33796124030972,Normal market quality,False,Official ECB inputs; RepoLens derived score
2020-12-07,-0.555,45966,-0.57,-0.54,28,455,2.9999999999999916,101.02417582417583,0.7152609177895999,-0.5840182311626534,-0.3017369871687005,-0.3718571313424365,4,50.846810863448866,Normal market quality,False,Official ECB inputs; RepoLens derived score
2020-12-08,-0.559,23572,-0.6,-0.54,19,276,5.999999999999995,85.40579710144928,-2.3655163279806177,-4.679036770902062,-3.274065780709124,2.561568467914838,4,22.878340150195584,Weak market quality,True,Official ECB inputs; RepoLens derived score
2020-12-09,-0.556,47942,-0.58,-0.54,29,460,3.9999999999999925,104.22173913043478,0.9769403936903279,-0.10056783701734369,-0.20597474849873199,0.5893381264525509,4,51.76892772444713,Normal market quality,False,Official ECB inputs; RepoLens derived score
2020-12-10,-0.556,46985,-0.58,-0.54,29,478,3.9999999999999925,98.2949790794979,0.8388330997180382,-0.09885435064850541,0.08516901730088969,0.5852746531323312,4,52.0237905359456,Normal market quality,False,Official ECB inputs; RepoLens derived score
2020-12-11,-0.557,48264,-0.58,-0.54,31,478,3.9999999999999925,100.97071129707113,1.0066101615485048,0.7771236235869827,0.08325636184241932,0.5852746531323312,4,54.79617354929478,Normal market quality,False,Official ECB inputs; RepoLens derived score
2020-12-14,-0.558,47016,-0.58,-0.54,31,463,3.9999999999999925,101.54643628509719,0.8286645496010016,0.7802135635137462,-0.16279913627405393,0.5915339705893559,4,53.5565610358187,Normal market quality,False,Official ECB inputs; RepoLens derived score
2020-12-15,-0.551,49858,-0.57,-0.52,29,469,4.999999999999993,106.30703624733475,1.211182048492755,-0.09892966211204944,-0.06717025908180559,1.5594986497355845,4,51.48463939213663,Normal market quality,False,Official ECB inputs; RepoLens derived score
2020-12-16,-0.557,42621,-0.58,-0.54,28,436,3.9999999999999925,97.7545871559633,0.2096783621183205,-0.5326569464145172,-0.6073631909017349,0.5852746531323316,4,47.005911944424994,Normal market quality,False,Official ECB inputs; RepoLens derived score
2020-12-17,-0.556,40024,-0.57,-0.53,31,475,3.9999999999999925,84.26105263157895,-0.15514171775383453,0.7959855464162962,0.029004169342975242,0.5852746531323316,4,50.64156629756126,Normal market quality,False,Official ECB inputs; RepoLens derived score
2020-12-18,-0.558,42277,-0.58,-0.54,30,448,3.9999999999999925,94.36830357142857,0.14796937536090696,0.3511974851949434,-0.42351285732319754,0.5812230895319003,4,49.46526974914469,Normal market quality,False,Official ECB inputs; RepoLens derived score
2020-12-21,-0.557,44227,-0.57,-0.54,32,465,2.9999999999999916,95.11182795698925,0.41588369842199074,1.2294289760746198,-0.15620691134790834,-0.3823836115341542,4,54.71222352359498,Normal market quality,False,Official ECB inputs; RepoLens derived score
2020-12-22,-0.558,43116,-0.57,-0.54,30,449,2.9999999999999916,96.02672605790646,0.25028040009080377,0.3455028648883025,-0.42775785473927286,-0.3823836115341542,4,51.24391934299162,Normal market quality,False,Official ECB inputs; RepoLens derived score
2020-12-23,-0.559,32315,-0.57,-0.54,29,336,2.9999999999999916,96.17559523809524,-1.3174793614012454,-0.10387271352369823,-2.3376124081844276,-0.3787071284974003,4,39.85317012357143,Normal market quality,True,Official ECB inputs; RepoLens derived score
2020-12-24,-0.555,22881,-0.57,-0.54,25,217,2.9999999999999916,105.44239631336406,-2.742748878614672,-1.9612765781529315,-4.509192549356439,-0.37242243423038884,4,28.555821130811903,Weak market quality,True,Official ECB inputs; RepoLens derived score
2020-12-28,-0.553,27521,-0.57,-0.54,27,319,2.9999999999999916,86.27272727272727,-2.0456547656307067,-1.0375081604585945,-2.6216958895204634,-0.37763550169280735,4,34.25865144788409,Weak market quality,True,Official ECB inputs; RepoLens derived score
2020-12-29,-0.557,38688,-0.58,-0.54,28,438,3.9999999999999925,88.32876712328768,-0.40837473305957844,-0.5796236483122446,-0.6039124111096161,0.6118426032535776,4,44.69408438085646,Normal market quality,False,Official ECB inputs; RepoLens derived score
2020-12-30,-0.555,36560,-0.57,-0.54,26,369,2.9999999999999916,99.07859078590786,-0.7258248430361245,-1.4953926726049445,-1.7562212392088843,-0.39199356645887584,4,39.918568619527306,Normal market quality,False,Official ECB inputs; RepoLens derived score
2020-12-31,-0.583,19726,-0.61,-0.5,20,191,10.999999999999998,103.27748691099477,-3.2056370853078113,-4.220311319738722,-4.690526753761736,7.613533320584973,4,20.0,Weak market quality,True,Official ECB inputs; RepoLens derived score
2021-01-04,-0.566,46666,-0.6,-0.55,31,463,4.999999999999993,100.79049676025917,0.7543344449459001,0.7939615810129063,-0.1596752558215705,1.4192459919155551,4,52.09701738241566,Normal market quality,False,Official ECB inputs; RepoLens derived score
2021-01-05,-0.563,46654,-0.6,-0.55,30,440,4.999999999999993,106.03181818181818,0.7462000879159876,0.3501824716813139,-0.5271116808212382,1.4075958799717345,4,50.05798346489854,Normal market quality,False,Official ECB inputs; RepoLens derived score
2021-01-06,-0.566,44337,-0.6,-0.55,30,445,4.999999999999993,99.63370786516855,0.4028274292316377,0.3522875889262564,-0.44643241337297923,1.3954093893824893,4,49.08141985712019,Normal market quality,False,Official ECB inputs; RepoLens derived score
2021-01-07,-0.565,43141,-0.6,-0.54,30,471,5.999999999999995,91.59447983014861,0.22227573629707537,0.35045440111561893,-0.031610547274091384,2.283039096921669,4,48.150516066261076,Normal market quality,True,Official ECB inputs; RepoLens derived score
2021-01-08,-0.562,42240,-0.58,-0.54,31,468,3.9999999999999925,90.25641025641026,0.08289113496473723,0.7977626958453143,-0.08098266387266222,0.4676850377130056,4,51.380541495738704,Normal market quality,False,Official ECB inputs; RepoLens derived score
2021-01-11,-0.564,45374,-0.59,-0.54,31,465,4.999999999999993,97.57849462365591,0.540138004470087,0.7932603748879895,-0.13255598089783566,1.3575991796881843,4,51.505845231088415,Normal market quality,False,Official ECB inputs; RepoLens derived score
2021-01-12,-0.563,43161,-0.58,-0.54,32,494,3.9999999999999925,87.37044534412955,0.20296589209498977,1.2325256163864082,0.32826374410804454,0.4513054988966297,4,53.935395775223654,Normal market quality,False,Official ECB inputs; RepoLens derived score
2021-01-13,-0.562,44392,-0.58,-0.54,32,482,3.9999999999999925,92.09958506224066,0.3820624624598608,1.2225432497774578,0.1317967423754242,0.4456243453554996,4,54.05463208095847,Normal market quality,False,Official ECB inputs; RepoLens derived score
2021-01-14,-0.564,44990,-0.58,-0.54,32,471,3.9999999999999925,95.52016985138005,0.46677625832233943,1.213728677304242,-0.04668542969461608,0.4399337605638946,4,53.89142438230641,Normal market quality,False,Official ECB inputs; RepoLens derived score
2021-01-15,-0.566,49644,-0.6,-0.55,30,475,4.999999999999993,104.51368421052632,1.165460773357878,0.33044130295269153,0.014667021951820536,1.3385855916423595,4,52.934005131550315,Normal market quality,False,Official ECB inputs; RepoLens derived score
2021-01-18,-0.565,52184,-0.59,-0.55,31,475,3.9999999999999925,109.86105263157894,1.5437890213848247,0.7668238009042233,0.011317588492617178,0.4257363465086404,4,56.71001052857603,Normal market quality,False,Official ECB inputs; RepoLens derived score
2021-01-19,-0.564,49555,-0.59,-0.55,30,507,3.9999999999999925,97.74161735700197,1.1323589900228554,0.3247906160289872,0.5215143749014357,0.42003015049163817,4,55.4489737166686,Normal market quality,False,Official ECB inputs; RepoLens derived score
2021-01-20,-0.564,51882,-0.58,-0.54,33,470,3.9999999999999925,110.38723404255319,1.4778447670936683,1.637847865857409,-0.07713866554620863,0.41431090357532496,4,58.45276333024285,Normal market quality,False,Official ECB inputs; RepoLens derived score
2021-01-21,-0.562,48938,-0.58,-0.54,31,467,3.9999999999999925,104.79229122055675,1.0180277215355522,0.7515606143137481,-0.12769574021211058,0.40857764177386197,4,54.50989274796773,Normal market quality,False,Official ECB inputs; RepoLens derived score
2021-01-22,-0.561,46465,-0.58,-0.54,32,466,3.9999999999999925,99.71030042918454,0.6344463458151687,1.1953424308824814,-0.14612689780127014,0.4134952785366058,4,54.22335812525121,Normal market quality,False,Official ECB inputs; RepoLens derived score
2021-01-25,-0.564,46390,-0.58,-0.54,31,451,3.9999999999999925,102.86031042128603,0.6168920385554506,0.7526983888669565,-0.3894577212300772,0.4077409604673676,4,52.45561236333523,Normal market quality,False,Official ECB inputs; RepoLens derived score
2021-01-26,-0.558,52859,-0.58,-0.53,30,458,4.999999999999993,115.41266375545851,1.6011363022354095,0.30999581969193035,-0.27852077999449515,1.3217726276920732,4,53.70000571552941,Normal market quality,False,Official ECB inputs; RepoLens derived score
2021-01-27,-0.563,43358,-0.58,-0.54,31,449,3.9999999999999925,96.56570155902004,0.1340110479514663,0.7445649998030462,-0.4251491928731872,0.39351404560135655,4,50.67730711675274,Normal market quality,False,Official ECB inputs; RepoLens derived score
2021-01-28,-0.561,42151,-0.58,-0.54,32,431,3.9999999999999925,97.79814385150812,-0.05380392216399461,1.1751842662307923,-0.7146669182931467,0.3877283932006264,4,50.381387052469194,Normal market quality,False,Official ECB inputs; RepoLens derived score
2021-01-29,-0.564,35904,-0.58,-0.54,32,431,3.9999999999999925,83.30394431554524,-1.0163106167112852,1.1687318758545828,-0.7118819492111477,0.3819240774490682,4,47.012151541945485,Normal market quality,False,Official ECB inputs; RepoLens derived score
2021-02-01,-0.566,41743,-0.58,-0.55,29,425,2.9999999999999916,98.21882352941176,-0.12047995865520107,-0.1394800460560108,-0.8079755869526348,-0.5530881990302827,4,48.03931336073061,Normal market quality,False,Official ECB inputs; RepoLens derived score
2021-02-02,-0.564,44042,-0.58,-0.54,31,458,3.9999999999999925,96.16157205240175,0.2283627990243658,0.7271231251443003,-0.2767056177637935,0.3760999753405846,4,51.36116360202567,Normal market quality,False,Official ECB inputs; RepoLens derived score
2021-02-03,-0.558,45048,-0.58,-0.54,32,471,3.9999999999999925,95.64331210191082,0.3781433401112466,1.1567184911778459,-0.06982289071076633,0.3702549284170824,4,53.48535829893144,Normal market quality,False,Official ECB inputs; RepoLens derived score
2021-02-04,-0.564,44059,-0.58,-0.54,31,461,3.9999999999999925,95.57266811279827,0.21883626905637274,0.7159188035453129,-0.2330835309554117,0.3643877406418529,4,51.42643351220928,Normal market quality,False,Official ECB inputs; RepoLens derived score
2021-02-05,-0.565,42517,-0.58,-0.54,32,462,3.9999999999999925,92.02813852813853,-0.02816240294096292,1.144016834576494,-0.21968165627552602,0.3584971761317177,4,51.67452377126148,Normal market quality,False,Official ECB inputs; RepoLens derived score
2021-02-08,-0.563,42404,-0.58,-0.54,32,469,3.9999999999999925,90.4136460554371,-0.052788172268202656,1.13598119664114,-0.10931514910731163,0.35258195673606957,4,51.85303358079176,Normal market quality,False,Official ECB inputs; RepoLens derived score
2021-02-09,-0.564,43270,-0.58,-0.54,32,462,3.9999999999999925,93.65800865800865,0.07701215135184214,1.1270467668791437,-0.22552437869816072,0.34664075944978356,4,52.00338736100923,Normal market quality,False,Official ECB inputs; RepoLens derived score
2021-02-10,-0.564,41918,-0.58,-0.54,31,452,3.9999999999999925,92.73893805309734,-0.14292211700279342,0.6898993058709645,-0.3893485301413838,0.3406722136456867,4,49.740141209345644,Normal market quality,False,Official ECB inputs; RepoLens derived score
2021-02-11,-0.565,43139,-0.58,-0.54,30,458,3.9999999999999925,94.18995633187772,0.046646128365288794,0.256994210473905,-0.2936509333862565,0.3346748981108387,4,49.56960729483137,Normal market quality,False,Official ECB inputs; RepoLens derived score
2021-02-12,-0.564,43242,-0.58,-0.54,31,460,3.9999999999999925,94.00434782608696,0.05626837623837307,0.6828865678284797,-0.2646329759638016,0.32864733786927425,4,50.74960228969209,Normal market quality,False,Official ECB inputs; RepoLens derived score
2021-02-15,-0.563,43072,-0.58,-0.54,32,458,3.9999999999999925,94.04366812227074,0.022581014936978484,1.1076720976167886,-0.300908293832531,0.3250189129778045,4,51.608414692273364,Normal market quality,False,Official ECB inputs; RepoLens derived score
2021-02-16,-0.564,41493,-0.58,-0.54,32,463,3.9999999999999925,89.61771058315335,-0.23942038993954148,1.0990149250771148,-0.220807399846679,0.3213910096283905,4,50.87546093384511,Normal market quality,False,Official ECB inputs; RepoLens derived score
2021-02-17,-0.563,41073,-0.58,-0.54,30,454,3.9999999999999925,90.46916299559471,-0.3124550195917274,0.2357250340621857,-0.3689204759601203,0.3177634736243009,4,48.09677361624767,Normal market quality,False,Official ECB inputs; RepoLens derived score
2021-02-18,-0.562,41352,-0.58,-0.54,32,464,3.9999999999999925,89.12068965517241,-0.272227882055865,1.0876208446787516,-0.2075010393532342,0.3141361502568181,4,50.77629770073304,Normal market quality,False,Official ECB inputs; RepoLens derived score
2021-02-19,-0.563,41628,-0.58,-0.54,31,461,3.9999999999999925,90.29934924078091,-0.23365925448334715,0.6527943850921306,-0.2586622978997472,0.31050888426873746,4,49.70175950088614,Normal market quality,False,Official ECB inputs; RepoLens derived score
2021-02-22,-0.564,41862,-0.58,-0.54,31,459,3.9999999999999925,91.20261437908496,-0.20093752209545265,0.6469164951288024,-0.29492729633185927,0.30688151981743333,4,49.716369389932126,Normal market quality,False,Official ECB inputs; RepoLens derived score
2021-02-23,-0.565,41730,-0.59,-0.55,31,469,3.9999999999999925,88.97654584221749,-0.23143972779151717,0.6410531569048212,-0.13377973625953504,0.3032539004374748,4,50.003263653686695,Normal market quality,False,Official ECB inputs; RepoLens derived score
2021-02-24,-0.564,41110,-0.58,-0.54,32,449,3.9999999999999925,91.55902004454343,-0.3416603338984641,1.0670794527335552,-0.46396517322752734,0.2996258690027601,4,49.86253572661631,Normal market quality,False,Official ECB inputs; RepoLens derived score
2021-02-25,-0.564,42027,-0.58,-0.54,30,450,3.9999999999999925,93.39333333333333,-0.19756519339553533,0.2009605747916782,-0.4605079487450743,0.29346881025248034,4,48.21945017285341,Normal market quality,False,Official ECB inputs; RepoLens derived score
2021-02-26,-0.566,39693,-0.59,-0.55,31,441,3.9999999999999925,90.00680272108843,-0.5962097957455784,0.6272178344324082,-0.6206809149906047,0.28727237373457126,4,47.49869945289313,Normal market quality,False,Official ECB inputs; RepoLens derived score
2021-03-01,-0.563,47751,-0.58,-0.54,31,481,3.9999999999999925,99.27442827442827,0.7622043481626826,0.6250733261380097,0.05087802680363642,0.28103467913188573,4,53.93604158222568,Normal market quality,False,Official ECB inputs; RepoLens derived score
2021-03-02,-0.565,47310,-0.6,-0.54,31,452,5.999999999999995,104.66814159292035,0.6814302608582179,0.6212545336389768,-0.43306602366201874,2.246247514900989,4,49.48610591559468,Normal market quality,True,Official ECB inputs; RepoLens derived score
2021-03-03,-0.565,49099,-0.6,-0.54,32,462,5.999999999999995,106.27489177489177,0.9776101101348639,1.04609001003238,-0.2632779003350505,2.214714796864754,4,52.056593464418214,Normal market quality,True,Official ECB inputs; RepoLens derived score
2021-03-04,-0.565,46676,-0.59,-0.54,32,463,4.999999999999993,100.81209503239741,0.5620331512528534,1.0388573368420666,-0.24410419779669867,1.2168542587174735,4,52.1287174889222,Normal market quality,False,Official ECB inputs; RepoLens derived score
2021-03-05,-0.562,42671,-0.58,-0.54,32,449,3.9999999999999925,95.03563474387528,-0.11386806627744861,1.0316852514006822,-0.47548910072875256,0.23865966450545303,4,50.633962647950575,Normal market quality,False,Official ECB inputs; RepoLens derived score
2021-03-08,-0.558,39690,-0.58,-0.54,31,412,3.9999999999999925,96.33495145631068,-0.6130129073991164,0.6022502649137672,-1.0890838984829319,0.23228477334523093,4,46.28894358016233,Normal market quality,False,Official ECB inputs; RepoLens derived score
2021-03-09,-0.56,33966,-0.58,-0.54,30,382,3.9999999999999925,88.91623036649214,-1.5739039514172823,0.1708977588082885,-1.5810618827751057,0.22585764095822392,4,40.62713939868513,Normal market quality,False,Official ECB inputs; RepoLens derived score
2021-03-10,-0.562,45218,-0.58,-0.54,32,463,3.9999999999999925,97.66306695464363,0.3307125085374833,1.0236944958318244,-0.22239195125825467,0.21937588501973795,4,52.83168631378551,Normal market quality,False,Official ECB inputs; RepoLens derived score
2021-03-11,-0.561,46913,-0.58,-0.54,31,465,3.9999999999999925,100.88817204301075,0.611928423296637,0.5927137955513403,-0.18710080626656617,0.21569287572447907,4,52.83224264116345,Normal market quality,False,Official ECB inputs; RepoLens derived score
2021-03-12,-0.562,43926,-0.58,-0.54,31,454,3.9999999999999925,96.7533039647577,0.1079217874931672,0.5927137955513403,-0.36773316373908543,0.2202326394041893,4,50.60982887665044,Normal market quality,False,Official ECB inputs; RepoLens derived score
2021-03-15,-0.564,46886,-0.58,-0.54,30,452,3.9999999999999925,103.73008849557522,0.6035629677214654,0.16538078391931715,-0.39668129342793473,0.22480332946489706,4,51.19701411905624,Normal market quality,False,Official ECB inputs; RepoLens derived score
2021-03-16,-0.562,48940,-0.58,-0.54,30,455,3.9999999999999925,107.56043956043956,0.944126432321161,0.16538078391931715,-0.3428448882362874,0.23497738676258817,4,52.508316172187754,Normal market quality,False,Official ECB inputs; RepoLens derived score
2021-03-17,-0.561,40172,-0.58,-0.54,30,404,3.9999999999999925,99.43564356435644,-0.534849667412198,0.16717568592473686,-1.1877280312409277,0.24539345819117098,4,45.208555113480074,Normal market quality,False,Official ECB inputs; RepoLens derived score
2021-03-18,-0.566,43553,-0.6,-0.54,31,459,5.999999999999995,94.88671023965142,0.03448325161774595,0.5947865444025083,-0.26304691721779894,2.30458858077657,4,47.49315757745903,Normal market quality,True,Official ECB inputs; RepoLens derived score
2021-03-19,-0.565,40784,-0.6,-0.54,32,441,5.999999999999995,92.48072562358277,-0.4293645395779149,1.0166433044610514,-0.5580079500213705,2.3045885807765703,4,46.18692962641165,Normal market quality,True,Official ECB inputs; RepoLens derived score
2021-03-22,-0.566,41907,-0.59,-0.54,30,451,4.999999999999993,92.92017738359202,-0.23783657880382572,0.16012798796001304,-0.3849026991675228,1.2803269893203146,4,46.685144712187366,Normal market quality,False,Official ECB inputs; RepoLens derived score
2021-03-23,-0.563,41134,-0.59,-0.54,32,457,4.999999999999993,90.00875273522976,-0.36582792753105015,1.0150373635473071,-0.2784370012560041,1.2803269893203146,4,48.64061267538911,Normal market quality,False,Official ECB inputs; RepoLens derived score
2021-03-24,-0.564,40413,-0.59,-0.55,32,463,3.9999999999999925,87.28509719222463,-0.4863996704676945,1.0150373635473071,-0.1782617440275856,0.2560653978640603,4,50.005442105366285,Normal market quality,False,Official ECB inputs; RepoLens derived score
2021-03-25,-0.564,38243,-0.59,-0.54,31,448,4.999999999999993,85.36383928571429,-0.8457543614931116,0.5894310147720637,-0.42560411951104216,1.2884476097817812,4,45.51675555825399,Normal market quality,False,Official ECB inputs; RepoLens derived score
2021-03-26,-0.568,40218,-0.6,-0.55,33,450,4.999999999999993,89.37333333333333,-0.5065127000037244,1.4406437123225504,-0.3863835013334509,1.3219553719296353,4,48.87992301956526,Normal market quality,False,Official ECB inputs; RepoLens derived score
2021-03-29,-0.57,38771,-0.6,-0.55,31,440,4.999999999999993,88.11590909090908,-0.745293088735061,0.5894310147720637,-0.550422888828798,1.3219553719296355,4,45.506061446391,Normal market quality,False,Official ECB inputs; RepoLens derived score
2021-03-30,-0.57,40088,-0.6,-0.55,31,451,4.999999999999993,88.8869179600887,-0.5151433745989173,0.5919265252105207,-0.3551289711553215,1.313441496040846,4,46.818829829980515,Normal market quality,False,Official ECB inputs; RepoLens derived score
2021-03-31,-0.574,45134,-0.6,-0.54,30,468,5.999999999999995,96.44017094017094,0.3465392710202154,0.16226661726586286,-0.05649472275224418,2.3575653351648036,4,47.940969182107594,Normal market quality,True,Official ECB inputs; RepoLens derived score
2021-04-01,-0.566,43396,-0.6,-0.54,31,442,5.999999999999995,98.18099547511312,0.061571809673784436,0.5957299352839768,-0.5016265409903518,2.3224887629922355,4,46.96702667510395,Normal market quality,True,Official ECB inputs; RepoLens derived score
2021-04-06,-0.567,51214,-0.6,-0.55,33,470,4.999999999999993,108.96595744680852,1.4412639299301808,1.4548447468701615,0.0017637097016793997,1.2669047245983711,4,56.78558780928768,Normal market quality,False,Official ECB inputs; RepoLens derived score
2021-04-07,-0.567,53951,-0.6,-0.55,31,464,4.999999999999993,116.27370689655173,1.937892595035578,0.6016703157312541,-0.0956430313568639,1.2563318346186974,4,56.16319454163245,Normal market quality,False,Official ECB inputs; RepoLens derived score
2021-04-08,-0.57,53462,-0.6,-0.55,32,474,4.999999999999993,112.78902953586498,1.8568077860074719,1.043011413537772,0.09756328860479815,1.2458866185238937,4,57.481434078596735,Normal market quality,False,Official ECB inputs; RepoLens derived score
2021-04-09,-0.568,52686,-0.6,-0.55,32,477,4.999999999999993,110.45283018867924,1.7357529614079255,1.0470015130943848,0.16559321148998596,1.2355657049833146,4,57.253273618913695,Normal market quality,False,Official ECB inputs; RepoLens derived score
2021-04-12,-0.567,49545,-0.6,-0.55,31,455,4.999999999999993,108.89010989010988,1.187697205068693,0.6168264654869928,-0.23733663779707453,1.2253658358118735,4,53.26761603324741,Normal market quality,False,Official ECB inputs; RepoLens derived score
2021-04-13,-0.563,42773,-0.58,-0.54,30,429,3.9999999999999925,99.7039627039627,-0.021598671151852468,0.18676319005801076,-0.7244855319018029,0.2012059372334271,4,48.278289890508894,Normal market quality,False,Official ECB inputs; RepoLens derived score
2021-04-14,-0.56,41489,-0.58,-0.54,29,420,3.9999999999999925,98.78333333333333,-0.2473837891064901,-0.24609304435637175,-0.8900830406630106,0.19742752001076722,4,45.99757524556268,Normal market quality,False,Official ECB inputs; RepoLens derived score
2021-04-15,-0.566,47286,-0.59,-0.55,31,461,3.9999999999999925,102.57266811279827,0.8179412456498601,0.6370994849271677,-0.09694597366926222,0.1936431401649929,4,53.92271342767179,Normal market quality,False,Official ECB inputs; RepoLens derived score
2021-04-16,-0.565,43952,-0.59,-0.55,31,444,3.9999999999999925,98.990990990991,0.21093046231621282,0.6510071908228793,-0.41812409400707695,0.1898525845214768,4,51.035685483364034,Normal market quality,False,Official ECB inputs; RepoLens derived score
2021-04-19,-0.567,47050,-0.59,-0.55,31,460,3.9999999999999925,102.28260869565217,0.7835849049808106,0.6487569039073179,-0.09811588992037663,0.18605563736114686,4,53.84006624635847,Normal market quality,False,Official ECB inputs; RepoLens derived score
2021-04-20,-0.567,47180,-0.6,-0.55,30,451,4.999999999999993,104.6119733924612,0.807882974062615,0.20570340855597916,-0.2681329842519659,1.2028637302406906,4,50.86722087461815,Normal market quality,False,Official ECB inputs; RepoLens derived score
2021-04-21,-0.565,47627,-0.59,-0.54,30,455,4.999999999999993,104.67472527472528,0.8900509702342198,0.2097018443863504,-0.18155237969336271,1.1930359366041225,4,51.39599815264605,Normal market quality,False,Official ECB inputs; RepoLens derived score
2021-04-22,-0.565,47511,-0.59,-0.55,31,452,3.9999999999999925,105.11283185840708,0.8708551852447097,0.6560408652499676,-0.23374288034551585,0.16558353670383097,4,53.85536280556187,Normal market quality,False,Official ECB inputs; RepoLens derived score
2021-04-23,-0.565,48082,-0.59,-0.55,30,462,3.9999999999999925,104.07359307359307,0.9748415205126755,0.21372256914663196,-0.022847373884452796,0.1617715692601976,4,53.64647595605952,Normal market quality,False,Official ECB inputs; RepoLens derived score
2021-04-26,-0.567,47961,-0.6,-0.55,31,461,4.999999999999993,104.03687635574838,0.950333641328811,0.6639206772196856,-0.03654317265414976,1.1811356558979844,4,53.1229080222177,Normal market quality,False,Official ECB inputs; RepoLens derived score
2021-04-27,-0.56,51682,-0.58,-0.54,31,453,3.9999999999999925,114.08830022075055,1.6254829132117343,0.6579246887446348,-0.1998517583077037,0.15476949973835447,4,56.602218272725864,Normal market quality,False,Official ECB inputs; RepoLens derived score
2021-04-28,-0.566,45374,-0.59,-0.55,29,457,3.9999999999999925,99.28665207877462,0.4648012556308424,-0.23744993832146793,-0.11081778685549276,0.1476851859418536,4,50.53460730285276,Normal market quality,False,Official ECB inputs; RepoLens derived score
2021-04-29,-0.566,43603,-0.59,-0.55,29,427,3.9999999999999925,102.11475409836065,0.1480888996233222,-0.23145016890010534,-0.7261941784200687,0.1476851859418536,4,47.90267250146841,Normal market quality,False,Official ECB inputs; RepoLens derived score
2021-04-30,-0.569,33962,-0.6,-0.55,23,329,4.999999999999993,103.22796352583586,-1.626880473049116,-2.9250283326459554,-2.768598770020126,1.1791836264387556,4,28.303075148004755,Weak market quality,True,Official ECB inputs; RepoLens derived score
2021-05-03,-0.567,38184,-0.6,-0.55,24,334,4.999999999999993,114.32335329341318,-0.8492614943467637,-2.4222906791291425,-2.6239474448129156,1.1696191277344656,4,32.65756076832948,Weak market quality,True,Official ECB inputs; RepoLens derived score
2021-05-04,-0.564,44829,-0.58,-0.55,28,454,2.9999999999999916,98.74229074889868,0.3778794853075099,-0.6331828883590982,-0.1351777657136708,-0.905987888156181,4,50.76065839562863,Normal market quality,False,Official ECB inputs; RepoLens derived score
2021-05-05,-0.566,47399,-0.59,-0.55,31,461,3.9999999999999925,102.8177874186551,0.858945602652907,0.6872048897041879,0.013961229610349724,0.12708427390425847,4,54.56859849671513,Normal market quality,False,Official ECB inputs; RepoLens derived score
2021-05-06,-0.565,47780,-0.58,-0.55,31,464,2.9999999999999916,102.97413793103448,0.9293038774764983,0.6849065270086151,0.0836803103804118,-0.9115574060475239,4,56.541366773711594,Normal market quality,False,Official ECB inputs; RepoLens derived score
2021-05-07,-0.563,46775,-0.58,-0.55,31,459,2.9999999999999916,101.90631808278867,0.7423846501644559,0.6877317447032987,-0.012678755416012842,-0.9115574060475239,4,55.6533148578651,Normal market quality,False,Official ECB inputs; RepoLens derived score
2021-05-10,-0.567,47499,-0.6,-0.55,32,462,4.999999999999993,102.81168831168831,0.8757474492857348,1.126487186893758,0.05654656168112827,1.1601564359646974,4,54.28246578999024,Normal market quality,False,Official ECB inputs; RepoLens derived score
2021-05-11,-0.564,45691,-0.58,-0.55,30,464,2.9999999999999916,98.47198275862068,0.537042491272111,0.24684448435335868,0.10692916801040817,-0.913262783294703,4,54.133977025303864,Normal market quality,False,Official ECB inputs; RepoLens derived score
2021-05-12,-0.564,36495,-0.58,-0.55,25,349,2.9999999999999916,104.5702005730659,-1.166579952861515,-1.9434657289229234,-2.326207141570942,-0.9076936878746782,4,36.60432852056205,Normal market quality,True,Official ECB inputs; RepoLens derived score
2021-05-13,-0.564,35708,-0.59,-0.55,22,328,3.9999999999999925,108.86585365853658,-1.3032175762044138,-3.2268215044330506,-2.7439602894667017,0.12654734071211848,4,30.88901674854962,Weak market quality,True,Official ECB inputs; RepoLens derived score
2021-05-14,-0.564,41322,-0.58,-0.55,31,454,2.9999999999999916,91.01762114537445,-0.2692971944731299,0.6836411471595971,-0.06914840483189935,-0.9076936878746782,4,51.95523220697531,Normal market quality,False,Official ECB inputs; RepoLens derived score
2021-05-17,-0.565,43036,-0.59,-0.55,31,456,3.9999999999999925,94.37719298245614,0.04407883661383439,0.6784016163892355,-0.03340681349276918,0.12266130917225163,4,51.582770971631206,Normal market quality,False,Official ECB inputs; RepoLens derived score
2021-05-18,-0.558,45226,-0.58,-0.54,30,464,3.9999999999999925,97.46982758620689,0.4502813770553722,0.2412522181867919,0.13212998679689697,0.11876511531634935,4,52.3312926591785,Normal market quality,False,Official ECB inputs; RepoLens derived score
2021-05-19,-0.564,45375,-0.58,-0.55,31,453,2.9999999999999916,100.16556291390728,0.4750803551781417,0.6687011349176855,-0.10287930013876086,-0.9284843443115928,4,54.4700623465382,Normal market quality,False,Official ECB inputs; RepoLens derived score
2021-05-20,-0.563,45516,-0.58,-0.55,31,465,2.9999999999999916,97.88387096774194,0.49647738341177794,0.6627509585137975,0.15054833423910488,-0.9382664718034176,4,55.1783187815286,Normal market quality,False,Official ECB inputs; RepoLens derived score
2021-05-21,-0.564,35085,-0.58,-0.55,24,343,2.9999999999999916,102.28862973760933,-1.4537820936048567,-2.3710006586596046,-2.4112593825188626,-0.9482198723885837,4,34.37844237801971,Weak market quality,True,Official ECB inputs; RepoLens derived score
2021-05-24,-0.566,35059,-0.59,-0.55,24,311,3.9999999999999925,112.72990353697749,-1.447590063595679,-2.3400197682649484,-3.0393402265201592,0.10087898474678694,4,31.432066879632572,Weak market quality,True,Official ECB inputs; RepoLens derived score
2021-05-25,-0.565,44876,-0.59,-0.55,31,441,3.9999999999999925,101.75963718820861,0.3773869057257586,0.6578382798670844,-0.3260393799755594,0.10087898474678694,4,51.99903294264879,Normal market quality,False,Official ECB inputs; RepoLens derived score
2021-05-26,-0.565,46159,-0.59,-0.55,31,450,3.9999999999999925,102.57555555555555,0.6140598276849524,0.6518467989446002,-0.1592163978460067,0.09685194541019387,4,53.23550748152853,Normal market quality,False,Official ECB inputs; RepoLens derived score
2021-05-27,-0.564,45435,-0.58,-0.55,30,433,2.9999999999999916,104.93071593533487,0.47430161509208285,0.22162889237434769,-0.5151478494673146,-0.9807955773378733,4,52.39745162609668,Normal market quality,False,Official ECB inputs; RepoLens derived score
2021-05-28,-0.566,38000,-0.6,-0.54,31,371,5.999999999999995,102.42587601078166,-0.9370645094269499,0.645037236912414,-1.8232592258224085,2.2290808575860717,4,40.43109795835158,Normal market quality,True,Official ECB inputs; RepoLens derived score
2021-05-31,-0.571,37631,-0.6,-0.55,29,380,4.999999999999993,99.02894736842106,-1.002139060679655,-0.21331663881982924,-1.613600888718425,1.137433582413937,4,40.219069095154666,Normal market quality,False,Official ECB inputs; RepoLens derived score
2021-06-01,-0.564,49004,-0.58,-0.55,28,448,2.9999999999999916,109.38392857142857,1.150200978880002,-0.6447437759737373,-0.1739085107930602,-0.9935994635965606,4,53.46947190455786,Normal market quality,False,Official ECB inputs; RepoLens derived score
2021-06-02,-0.563,42552,-0.58,-0.55,28,395,2.9999999999999916,107.72658227848102,-0.07784132820006989,-0.6473888817314187,-1.284964049716284,-0.9935994635965605,4,46.38707221807534,Normal market quality,False,Official ECB inputs; RepoLens derived score
2021-06-03,-0.563,43233,-0.58,-0.55,29,411,2.9999999999999916,105.18978102189782,0.05318243507530259,-0.21409431780749824,-0.9396572654278932,-0.9874669145604129,4,48.7829599365157,Normal market quality,False,Official ECB inputs; RepoLens derived score
2021-06-04,-0.563,47087,-0.58,-0.55,31,461,2.9999999999999916,102.1409978308026,0.7789114806270473,0.6422829534224948,0.10746145021370676,-0.9874669145604129,4,56.08175156312579,Normal market quality,False,Official ECB inputs; RepoLens derived score
2021-06-07,-0.564,46150,-0.58,-0.55,30,446,2.9999999999999916,103.47533632286995,0.5940915390824582,0.20431506067941177,-0.21073574716528007,-0.9874669145604128,4,53.544469042414555,Normal market quality,False,Official ECB inputs; RepoLens derived score
2021-06-08,-0.563,43660,-0.58,-0.55,32,456,2.9999999999999916,95.74561403508773,0.11845754536750631,1.072145654482581,0.0024106078217932874,-0.9874669145604128,4,54.58219243638783,Normal market quality,False,Official ECB inputs; RepoLens derived score
2021-06-09,-0.564,43666,-0.58,-0.55,31,450,2.9999999999999916,97.03555555555556,0.12328748050989098,0.6343338807213297,-0.11959985426408584,-0.9874669145604127,4,53.19954161976835,Normal market quality,False,Official ECB inputs; RepoLens derived score
2021-06-10,-0.561,40680,-0.58,-0.55,29,420,2.9999999999999916,96.85714285714286,-0.4503291597095056,-0.23489473330039545,-0.7485641345131399,-0.9874669145604127,4,47.44640114332351,Normal market quality,False,Official ECB inputs; RepoLens derived score
2021-06-11,-0.566,45334,-0.58,-0.55,31,463,2.9999999999999916,97.91360691144709,0.4372881804025365,0.6309385632450025,0.15872479732434702,-0.9874669145604121,4,54.98586740467287,Normal market quality,False,Official ECB inputs; RepoLens derived score
2021-06-14,-0.565,45066,-0.59,-0.55,29,453,3.9999999999999925,99.48344370860927,0.3811704980341569,-0.2364415223491857,-0.04963051757320501,0.07143377679798642,4,50.51176597811659,Normal market quality,False,Official ECB inputs; RepoLens derived score
2021-06-15,-0.561,50091,-0.58,-0.54,30,456,3.9999999999999925,109.84868421052632,1.3385155422519766,0.19702792414235576,0.0150768977349912,0.06736267549807148,4,55.11402243932818,Normal market quality,False,Official ECB inputs; RepoLens derived score
2021-06-16,-0.562,43971,-0.58,-0.54,29,452,3.9999999999999925,97.28097345132744,0.16183381123855414,-0.2364415223491857,-0.06822541592820396,0.06327706344678813,4,49.709835398471284,Normal market quality,False,Official ECB inputs; RepoLens derived score
2021-06-17,-0.563,42415,-0.58,-0.54,31,443,3.9999999999999925,95.74492099322799,-0.1390420693705546,0.6258587692610516,-0.2582074315586681,0.06327706344678813,4,50.33756550628883,Normal market quality,False,Official ECB inputs; RepoLens derived score
2021-06-18,-0.563,41618,-0.58,-0.54,29,437,3.9999999999999925,95.23569794050343,-0.2957461452834998,-0.2456087035178987,-0.3838256379572544,0.05917659608298653,4,47.30253774369539,Normal market quality,False,Official ECB inputs; RepoLens derived score
2021-06-21,-0.564,43721,-0.58,-0.54,28,467,3.9999999999999925,93.62098501070663,0.10069611332096237,-0.6806907099102554,0.24640743151330463,0.055060922173959456,4,49.18413681737005,Normal market quality,False,Official ECB inputs; RepoLens derived score
2021-06-22,-0.564,41014,-0.58,-0.54,30,457,3.9999999999999925,89.74617067833698,-0.43305368914777864,0.18564292088461426,0.031387866917609766,0.050929683603549374,4,48.95049453208301,Normal market quality,False,Official ECB inputs; RepoLens derived score
2021-06-23,-0.563,40523,-0.58,-0.54,31,447,3.9999999999999925,90.65548098434004,-0.5345245083920869,0.6151410727503541,-0.1807912561669405,0.046782515152629725,4,49.14486498935729,Normal market quality,False,Official ECB inputs; RepoLens derived score
2021-06-24,-0.565,40796,-0.58,-0.55,31,455,2.9999999999999916,89.66153846153846,-0.4795560918867198,0.610094587840564,-0.008362214256029538,-1.0344496850698774,4,51.377559139962635,Normal market quality,False,Official ECB inputs; RepoLens derived score
2021-06-25,-0.565,40811,-0.58,-0.55,30,457,2.9999999999999916,89.3019693654267,-0.4748051260644296,0.17394856547261145,0.039364965369860776,-1.027931695588045,4,50.413363429262745,Normal market quality,False,Official ECB inputs; RepoLens derived score
2021-06-28,-0.566,41677,-0.59,-0.55,31,469,3.9999999999999925,88.863539445629,-0.3041768639593502,0.606282626976743,0.29983706702404483,0.06925185500156551,4,51.096802428641894,Normal market quality,False,Official ECB inputs; RepoLens derived score
2021-06-29,-0.568,37503,-0.6,-0.55,30,409,4.999999999999993,91.69437652811736,-1.1250304631476313,0.16309562495905613,-0.9789467511722536,1.1599685712762344,4,42.28281270653594,Normal market quality,False,Official ECB inputs; RepoLens derived score
2021-06-30,-0.581,34473,-0.6,-0.54,28,455,5.999999999999995,75.76483516483516,-1.7092409511703486,-0.710112883555378,0.006579286274157035,2.240764812487648,4,38.89767545896926,Normal market quality,True,Official ECB inputs; RepoLens derived score
2021-07-01,-0.565,43218,-0.59,-0.54,30,476,4.999999999999993,90.79411764705883,0.001968486426887323,0.1701037424997084,0.4588679072532474,1.1308072808004506,4,49.88310790567582,Normal market quality,False,Official ECB inputs; RepoLens derived score
2021-07-02,-0.565,46025,-0.59,-0.55,30,494,3.9999999999999925,93.16801619433198,0.5445317886894728,0.16838250655992443,0.8423089370118343,0.042816261512766074,4,54.368365477073404,Normal market quality,False,Official ECB inputs; RepoLens derived score
2021-07-05,-0.566,51933,-0.59,-0.54,30,514,4.999999999999993,101.03696498054475,1.68599049272991,0.16838250655992443,1.2644720364441522,1.119908340305634,4,57.80324057160642,Normal market quality,False,Official ECB inputs; RepoLens derived score
2021-07-06,-0.565,46373,-0.58,-0.55,29,492,2.9999999999999916,94.2540650406504,0.5982932170272203,-0.2708249039045104,0.7970544645236556,-1.062551213340127,4,55.003426981153325,Normal market quality,False,Official ECB inputs; RepoLens derived score
2021-07-07,-0.565,48092,-0.58,-0.55,29,486,2.9999999999999916,98.95473251028807,0.9281748582058265,-0.27279424995981516,0.6712073140784502,-1.062551213340127,4,55.83847148402717,Normal market quality,False,Official ECB inputs; RepoLens derived score
2021-07-08,-0.566,50011,-0.58,-0.55,31,506,2.9999999999999916,98.83596837944664,1.2909033403858612,0.6017071523794849,1.0954272503000546,-1.062551213340127,4,60.35482451805955,Normal market quality,False,Official ECB inputs; RepoLens derived score
2021-07-09,-0.566,52139,-0.58,-0.55,30,497,2.9999999999999916,104.90744466800805,1.6922241600193348,0.15990121808891924,0.8992414997258519,-1.062551213340127,4,60.16446817461479,Normal market quality,False,Official ECB inputs; RepoLens derived score
2021-07-12,-0.568,42542,-0.59,-0.55,28,449,3.9999999999999925,94.74832962138085,-0.14938948546660227,-0.7160793679634241,-0.12195438536577552,0.030167747136066052,4,47.336800796839796,Normal market quality,False,Official ECB inputs; RepoLens derived score
2021-07-13,-0.566,47559,-0.58,-0.55,30,481,2.9999999999999916,98.87525987525987,0.8156844458598529,0.16321998908013302,0.5602308646315889,-1.062551213340127,4,56.25734951479898,Normal market quality,False,Official ECB inputs; RepoLens derived score
2021-07-14,-0.566,47230,-0.59,-0.54,30,488,4.999999999999993,96.7827868852459,0.7491309714086878,0.1614994951125842,0.7131687375949509,1.1143829798445217,4,53.13705451193246,Normal market quality,False,Official ECB inputs; RepoLens derived score
2021-07-15,-0.566,49676,-0.58,-0.55,33,502,2.9999999999999916,98.95617529880478,1.2257453422525826,1.4770525788095112,1.014930314624165,-1.0829281265924406,4,62.14445812135689,Normal market quality,False,Official ECB inputs; RepoLens derived score
2021-07-16,-0.567,50450,-0.58,-0.55,31,493,2.9999999999999916,102.33265720081135,1.3675734556861594,0.5956197279111455,0.8197950864356913,-1.09511430258594,4,59.967715584647564,Normal market quality,False,Official ECB inputs; RepoLens derived score
2021-07-19,-0.566,50509,-0.58,-0.55,33,498,2.9999999999999916,101.42369477911646,1.3694818797352553,1.4655813097892219,0.9228412777406841,-1.09511430258594,4,62.40691450177707,Normal market quality,False,Official ECB inputs; RepoLens derived score
2021-07-20,-0.567,49967,-0.58,-0.55,30,488,2.9999999999999916,102.39139344262296,1.2578244590616705,0.15345149989602397,0.707569903472265,-1.09511430258594,4,58.19761056901548,Normal market quality,False,Official ECB inputs; RepoLens derived score
2021-07-21,-0.568,52586,-0.58,-0.55,30,501,2.9999999999999916,104.9620758483034,1.747738856561282,0.15174431040825365,0.9804542515064917,-1.09511430258594,4,60.59025385663026,Normal market quality,False,Official ECB inputs; RepoLens derived score
2021-07-22,-0.563,40605,-0.58,-0.54,28,409,3.9999999999999925,99.27872860635696,-0.5309545502492926,-0.7153459119179767,-0.9742783054626765,0.008760914420687476,4,43.90445715904481,Normal market quality,False,Official ECB inputs; RepoLens derived score
2021-07-23,-0.567,50208,-0.58,-0.55,30,509,2.9999999999999916,98.64047151277013,1.2916004562502814,0.15881254733273195,1.152212031197131,-1.1021413952826247,4,59.45137513612458,Normal market quality,False,Official ECB inputs; RepoLens derived score
2021-07-26,-0.567,49755,-0.58,-0.55,30,524,2.9999999999999916,94.95229007633588,1.1968085176620904,0.15881254733273195,1.46242420021748,-1.1021413952826247,4,59.895133773616784,Normal market quality,False,Official ECB inputs; RepoLens derived score
2021-07-27,-0.563,54696,-0.58,-0.54,32,527,3.9999999999999925,103.78747628083491,2.11921798733515,1.0288291109816143,1.512991549982604,0.0,4,63.771814608083574,Normal market quality,False,Official ECB inputs; RepoLens derived score
2021-07-28,-0.567,50519,-0.59,-0.55,31,511,3.9999999999999925,98.86301369863014,1.3116885532687583,0.5938208291571732,1.167910898661205,-0.004434478752359456,4,59.00189097411514,Normal market quality,False,Official ECB inputs; RepoLens derived score
2021-07-29,-0.567,47964,-0.59,-0.55,30,506,3.9999999999999925,94.7905138339921,0.8269532769022061,0.15881254733273195,1.0592874613023069,-0.008891367324120604,4,55.9529235417315,Normal market quality,False,Official ECB inputs; RepoLens derived score
2021-07-30,-0.571,43874,-0.6,-0.55,28,471,4.999999999999993,93.15074309978769,0.06409332782577709,-0.7112040163161505,0.32477708766714736,1.1098086450279758,4,47.59354635822575,Normal market quality,False,Official ECB inputs; RepoLens derived score
2021-08-02,-0.565,44914,-0.58,-0.55,28,426,2.9999999999999916,105.4319248826291,0.2610588428368994,-0.705819493993117,-0.6140531356667426,-1.1456479577666525,4,49.33249631242948,Normal market quality,False,Official ECB inputs; RepoLens derived score
2021-08-03,-0.57,53388,-0.6,-0.55,30,511,4.999999999999993,104.4774951076321,1.8445956103846883,0.16723890351694332,1.173365333990226,1.1010702162193107,4,58.15598990578536,Normal market quality,False,Official ECB inputs; RepoLens derived score
2021-08-04,-0.57,54069,-0.6,-0.55,29,503,4.999999999999993,107.49304174950298,2.061532267819694,-0.32002653605105325,1.0354658059617714,1.0939855605883515,4,57.3629827712632,Normal market quality,False,Official ECB inputs; RepoLens derived score
2021-08-05,-0.566,47580,-0.58,-0.55,30,440,2.9999999999999916,108.13636363636364,0.7613095641286554,0.15436574091874375,-0.3609455293786977,-1.1565664442299304,4,53.882983669645306,Normal market quality,False,Official ECB inputs; RepoLens derived score
2021-08-06,-0.569,55680,-0.59,-0.55,29,503,3.9999999999999925,110.6958250497018,2.3460711535196785,-0.3219600247902386,1.0360379524383854,-0.035586659822459725,4,60.04982384617293,Normal market quality,False,Official ECB inputs; RepoLens derived score
2021-08-09,-0.568,51272,-0.59,-0.55,30,505,3.9999999999999925,101.52871287128713,1.4545070405124432,0.1525073801637983,1.0752858028887604,-0.04014239823813217,4,58.22047119678214,Normal market quality,False,Official ECB inputs; RepoLens derived score
2021-08-10,-0.567,51988,-0.59,-0.55,33,529,3.9999999999999925,98.27599243856332,1.5966700026503922,1.627158287270415,1.628872989588137,-0.04958462714372138,4,63.80280014213834,Normal market quality,False,Official ECB inputs; RepoLens derived score
2021-08-11,-0.567,50480,-0.58,-0.55,31,515,2.9999999999999916,98.01941747572816,1.285876312571378,0.6263541221942347,1.3005925844066442,-1.1855233580726046,4,61.096218897610925,Normal market quality,False,Official ECB inputs; RepoLens derived score
2021-08-12,-0.568,51208,-0.59,-0.55,32,522,3.9999999999999925,98.09961685823755,1.417601685913908,1.1151186601518783,1.4505484301850127,-0.04495193286187656,4,61.44320152583372,Normal market quality,False,Official ECB inputs; RepoLens derived score
2021-08-13,-0.569,49636,-0.59,-0.55,31,493,3.9999999999999925,100.6815415821501,1.0993419587213158,0.6149009329862208,0.7917622354847148,-0.04495193286187656,4,57.43178267599476,Normal market quality,False,Official ECB inputs; RepoLens derived score
2021-08-16,-0.569,49862,-0.59,-0.55,30,490,3.9999999999999925,101.7591836734694,1.1351597254358359,0.12094093466006181,0.7226963047446301,-0.04495193286187656,4,56.149580036829974,Normal market quality,False,Official ECB inputs; RepoLens derived score
2021-08-17,-0.568,51196,-0.59,-0.55,31,513,3.9999999999999925,99.79727095516569,1.3854005318421283,0.6107071539472058,1.2368869281501171,-0.04495193286187656,4,59.535314965983574,Normal market quality,False,Official ECB inputs; RepoLens derived score
2021-08-18,-0.567,51169,-0.59,-0.55,32,512,3.9999999999999925,99.939453125,1.3689704428171505,1.0996599756725975,1.2110669883628589,-0.04495193286187656,4,60.63564185924148,Normal market quality,False,Official ECB inputs; RepoLens derived score
2021-08-19,-0.567,49694,-0.59,-0.55,32,515,3.9999999999999925,96.49320388349514,1.0744121581738648,1.0915073080011977,1.2717868117913327,-0.04495193286187656,4,59.73610575238267,Normal market quality,False,Official ECB inputs; RepoLens derived score
2021-08-20,-0.567,48770,-0.59,-0.55,30,506,3.9999999999999925,96.38339920948617,0.888554976051881,0.10484812199689166,1.063321752962025,-0.04495193286187656,4,56.09779500287169,Normal market quality,False,Official ECB inputs; RepoLens derived score
2021-08-23,-0.568,48214,-0.6,-0.55,31,497,4.999999999999993,97.01006036217304,0.7746737565979931,0.5923602974989459,0.8577696181438479,1.0878367752574045,4,54.70492777431385,Normal market quality,False,Official ECB inputs; RepoLens derived score
2021-08-24,-0.567,45630,-0.6,-0.55,31,476,4.999999999999993,95.86134453781513,0.2690871740294563,0.5870308771832893,0.38505619114866013,1.0808120056834758,4,51.75080477140776,Normal market quality,False,Official ECB inputs; RepoLens derived score
2021-08-25,-0.564,40667,-0.58,-0.55,30,421,2.9999999999999916,96.59619952494062,-0.7087834562510069,0.09719054258001522,-0.8384119126065156,-1.1812321133394004,4,47.43805264806433,Normal market quality,False,Official ECB inputs; RepoLens derived score
2021-08-26,-0.57,43115,-0.6,-0.55,31,479,4.999999999999993,90.01043841336117,-0.23051202153542194,0.5840434592901811,0.4534825508769196,1.0753538712504125,4,50.17399214316816,Normal market quality,False,Official ECB inputs; RepoLens derived score
2021-08-27,-0.57,39125,-0.6,-0.55,30,407,4.999999999999993,96.13022113022113,-1.014472741589338,0.08768613320512487,-1.1430447241849329,1.068449186004477,4,42.208275147981084,Normal market quality,False,Official ECB inputs; RepoLens derived score
2021-08-30,-0.568,40393,-0.6,-0.55,31,415,4.999999999999993,97.33253012048193,-0.7769788342248959,0.5835094306151271,-0.9769341198045298,1.063991013194235,4,44.70102583744801,Normal market quality,False,Official ECB inputs; RepoLens derived score
2021-08-31,-0.57,46830,-0.59,-0.55,29,488,3.9999999999999925,95.96311475409836,0.49303570200381747,-0.4442131215915124,0.6562742093076346,-0.07167054163853954,4,52.363283488761475,Normal market quality,False,Official ECB inputs; RepoLens derived score
2021-09-01,-0.569,47799,-0.59,-0.55,30,495,3.9999999999999925,96.56363636363636,0.6808911201518142,0.06500068535539871,0.8123886344907628,-0.0763694976033065,4,54.691146466551714,Normal market quality,False,Official ECB inputs; RepoLens derived score
2021-09-02,-0.569,47228,-0.6,-0.55,31,489,4.999999999999993,96.58077709611452,0.5633503266902653,0.5738702517608251,0.6773799669555082,1.0556959962809986,4,53.516307695785265,Normal market quality,False,Official ECB inputs; RepoLens derived score
2021-09-03,-0.568,46009,-0.59,-0.55,32,482,3.9999999999999925,95.45435684647303,0.31854315659498483,1.0819020143338132,0.5230023497157515,-0.08068464173541454,4,55.24818892080948,Normal market quality,False,Official ECB inputs; RepoLens derived score
2021-09-06,-0.569,48588,-0.59,-0.55,33,498,3.9999999999999925,97.56626506024097,0.8245106921651105,1.5862326459777027,0.8813099265329563,-0.08068464173541454,4,59.175670816457654,Normal market quality,False,Official ECB inputs; RepoLens derived score
2021-09-07,-0.569,51173,-0.59,-0.55,33,518,3.9999999999999925,98.7895752895753,1.3282055538135995,1.5712603206848386,1.3225039887195746,-0.08068464173541454,4,62.00415717446175,Normal market quality,False,Official ECB inputs; RepoLens derived score
2021-09-08,-0.569,50012,-0.59,-0.55,34,513,3.9999999999999925,97.48927875243665,1.09108381828187,2.0649146359394974,1.2056518033684918,-0.08068464173541454,4,62.116236424859636,Normal market quality,False,Official ECB inputs; RepoLens derived score
2021-09-09,-0.57,50201,-0.6,-0.55,33,512,4.999999999999993,98.048828125,1.1275905757889795,1.5381013912209736,1.1803096534128261,1.0556959962809986,4,59.15905063242443,Normal market quality,False,Official ECB inputs; RepoLens derived score
2021-09-10,-0.57,50435,-0.6,-0.55,31,524,4.999999999999993,96.25,1.1665403004214212,0.5185277031622262,1.4430611201733108,1.0489003425603864,4,57.41351259597324,Normal market quality,False,Official ECB inputs; RepoLens derived score
2021-09-13,-0.571,52439,-0.6,-0.55,33,525,4.999999999999993,99.88380952380952,1.5499497222081653,1.5208688221557922,1.4559629182572835,1.042160317431218,4,61.30366290261444,Normal market quality,False,Official ECB inputs; RepoLens derived score
2021-09-14,-0.568,50608,-0.6,-0.55,32,488,4.999999999999993,103.70491803278688,1.179272576675875,1.0079683799505599,0.6318496250557782,1.035474892968559,4,56.67378669142857,Normal market quality,False,Official ECB inputs; RepoLens derived score
2021-09-15,-0.573,49011,-0.6,-0.55,32,499,4.999999999999993,98.21843687374749,0.859439974760462,1.0000000000000064,0.8707751492200768,1.0274117739363302,4,56.14386012380733,Normal market quality,False,Official ECB inputs; RepoLens derived score
2021-09-16,-0.567,41040,-0.59,-0.55,31,445,3.9999999999999925,92.2247191011236,-0.6954140849100097,0.49207905162940735,-0.3186953157218642,-0.10252880555888325,4,48.15330325092215,Normal market quality,False,Official ECB inputs; RepoLens derived score
2021-09-17,-0.571,48899,-0.6,-0.55,31,511,4.999999999999993,95.69275929549902,0.8307523142696712,0.486886295548427,1.1291911638870165,1.0194176342678396,4,55.4187002971307,Normal market quality,False,Official ECB inputs; RepoLens derived score
2021-09-20,-0.566,40441,-0.59,-0.55,29,441,3.9999999999999925,91.70294784580499,-0.8221012516772399,-0.5187158604594214,-0.41024932404632247,-0.11155123145751171,4,44.96755950505157,Normal market quality,False,Official ECB inputs; RepoLens derived score
2021-09-21,-0.571,43817,-0.6,-0.55,31,488,4.999999999999993,89.7889344262295,-0.16996075533996485,0.48087925818761257,0.6171996708763707,1.0128851816342057,4,50.63100690651877,Normal market quality,False,Official ECB inputs; RepoLens derived score
2021-09-22,-0.566,40309,-0.6,-0.55,30,433,4.999999999999993,93.09237875288683,-0.8610107015800427,-0.03224804750698145,-0.5888787091243601,1.0064033800644832,4,43.924040582794774,Normal market quality,False,Official ECB inputs; RepoLens derived score
2021-09-23,-0.57,45692,-0.6,-0.55,29,494,4.999999999999993,92.49392712550608,0.19389339710574166,-0.5453837979388177,0.7476537338118081,0.9999713159752406,4,49.68434475558971,Normal market quality,False,Official ECB inputs; RepoLens derived score
2021-09-24,-0.569,44105,-0.6,-0.55,30,503,4.999999999999993,87.68389662027833,-0.1195068675313097,-0.03431881198733094,0.9478865107540658,1.0114909481280117,4,50.348408788365234,Normal market quality,False,Official ECB inputs; RepoLens derived score
2021-09-27,-0.571,42149,-0.6,-0.55,31,505,4.999999999999993,83.46336633663367,-0.5085427304811785,0.471412322064581,0.9850360311401383,1.0114909481280117,4,50.34398490413566,Normal market quality,False,Official ECB inputs; RepoLens derived score
2021-09-28,-0.573,45320,-0.6,-0.55,31,514,4.999999999999993,88.17120622568093,0.11685795072324945,0.46744271384300856,1.1761933158590427,1.0050062690164236,4,53.010583498261866,Normal market quality,False,Official ECB inputs; RepoLens derived score
2021-09-29,-0.572,42694,-0.6,-0.55,29,497,4.999999999999993,85.90342052313883,-0.39905456814452234,-0.5565801096074965,0.7986287577064957,0.998571294732719,4,47.710573689642594,Normal market quality,False,Official ECB inputs; RepoLens derived score
2021-09-30,-0.58,44503,-0.6,-0.55,30,536,4.999999999999993,83.02798507462687,-0.040296732843942376,-0.04249479216754557,1.645668269553641,0.998571294732719,4,52.36903818641236,Normal market quality,False,Official ECB inputs; RepoLens derived score
2021-10-01,-0.571,44137,-0.6,-0.55,28,508,4.999999999999993,86.88385826771653,-0.11180779722276546,-1.0623698041886538,1.026571163979396,0.9921851321945904,4,48.03089841090529,Normal market quality,False,Official ECB inputs; RepoLens derived score
2021-10-04,-0.569,49035,-0.6,-0.55,30,500,4.999999999999993,98.07,0.8504178309582402,-0.03836197032621492,0.8508011911843743,0.9858469085498309,4,53.528790097674495,Normal market quality,False,Official ECB inputs; RepoLens derived score
2021-10-05,-0.569,49171,-0.6,-0.55,29,519,4.999999999999993,94.74181117533719,0.8744744137926305,-0.5471628399160086,1.2582323200018075,0.9795557705622953,4,53.36900049264526,Normal market quality,False,Official ECB inputs; RepoLens derived score
2021-10-06,-0.569,47637,-0.6,-0.55,29,539,4.999999999999993,88.38033395176252,0.5736979482441407,-0.5430447308583627,1.687248440361451,0.9733108840201362,4,53.40848576658201,Normal market quality,False,Official ECB inputs; RepoLens derived score
2021-10-07,-0.568,47598,-0.6,-0.55,30,537,4.999999999999993,88.63687150837988,0.567109304593273,-0.030277340702925558,1.6353611938203871,0.9671114331653551,4,54.54692504912208,Normal market quality,False,Official ECB inputs; RepoLens derived score
2021-10-08,-0.568,53048,-0.59,-0.55,30,554,3.9999999999999925,95.75451263537906,1.6410794573605267,-0.030277340702925558,1.9949711539231263,-0.14987396827930236,4,60.8803235862313,Normal market quality,False,Official ECB inputs; RepoLens derived score
2021-10-11,-0.57,49032,-0.6,-0.55,30,536,4.999999999999993,91.4776119402985,0.8437926929654245,-0.030277340702925558,1.5973498467736165,0.9609566201437703,4,55.42952076034006,Normal market quality,False,Official ECB inputs; RepoLens derived score
2021-10-12,-0.562,51461,-0.6,-0.54,30,560,5.999999999999995,91.89464285714286,1.3150927551635658,-0.03438980280488879,2.0947547638251045,2.063698694186861,4,56.65818900434273,Normal market quality,True,Official ECB inputs; RepoLens derived score
2021-10-13,-0.569,51383,-0.6,-0.55,32,551,4.999999999999993,93.2540834845735,1.2916638929647235,0.9876340561732185,1.8821285485226862,0.938199385358265,4,60.2879310590789,Normal market quality,False,Official ECB inputs; RepoLens derived score
2021-10-14,-0.57,51894,-0.6,-0.55,31,541,4.999999999999993,95.92236598890943,1.383063938036273,0.47266595821364055,1.6550614105818602,0.9322596774041372,4,58.7616526890095,Normal market quality,False,Official ECB inputs; RepoLens derived score
2021-10-15,-0.572,55452,-0.6,-0.55,32,568,4.999999999999993,97.62676056338029,2.0609661911180996,0.9778031766148373,2.2038293744379933,0.9249225827114,4,63.780079172478324,Normal market quality,False,Official ECB inputs; RepoLens derived score
2021-10-18,-0.574,52371,-0.6,-0.55,31,552,4.999999999999993,94.875,1.4436515767902862,0.46204510569189555,1.8455329110046836,0.9190592916782919,4,59.44313662299001,Normal market quality,False,Official ECB inputs; RepoLens derived score
2021-10-19,-0.573,50367,-0.6,-0.55,32,535,4.999999999999993,94.14392523364486,1.047356589269073,0.9668141089130826,1.4767756025100554,0.9132348402637475,4,58.40487008060398,Normal market quality,False,Official ECB inputs; RepoLens derived score
2021-10-20,-0.571,48089,-0.6,-0.55,30,502,4.999999999999993,95.79482071713147,0.6030418236755064,-0.06506864669164127,0.7890862877254197,0.9090077139502739,4,52.557178914523305,Normal market quality,False,Official ECB inputs; RepoLens derived score
2021-10-21,-0.573,49298,-0.6,-0.55,32,520,4.999999999999993,94.80384615384615,0.8329154163604449,0.9583599138306184,1.1593786828040888,0.903209781637948,4,56.8547357763914,Normal market quality,False,Official ECB inputs; RepoLens derived score
2021-10-22,-0.569,50668,-0.59,-0.55,30,523,3.9999999999999925,96.87954110898661,1.091134846782778,-0.07316700348991288,1.2149013172719128,-0.20575666478279736,4,56.98194274536892,Normal market quality,False,Official ECB inputs; RepoLens derived score
2021-10-25,-0.571,54376,-0.59,-0.55,30,533,3.9999999999999925,102.0187617260788,1.7909886673431321,-0.07316700348991288,1.4104473330842777,-0.2108395116751726,4,59.92792042719963,Normal market quality,False,Official ECB inputs; RepoLens derived score
2021-10-26,-0.57,52184,-0.59,-0.55,27,521,3.9999999999999925,100.16122840690979,1.3564872412045255,-1.608245378911498,1.1556599858612533,-0.2108395116751726,4,53.93250112910299,Normal market quality,False,Official ECB inputs; RepoLens derived score
2021-10-27,-0.573,51795,-0.6,-0.55,27,524,4.999999999999993,98.84541984732824,1.27870847883423,-1.6018007188818926,1.2186501513120487,0.8960679246194801,4,52.17350137006598,Normal market quality,False,Official ECB inputs; RepoLens derived score
2021-10-28,-0.573,52440,-0.6,-0.55,26,504,4.999999999999993,104.04761904761905,1.4004071511940008,-2.0960447347123474,0.8127708767751036,0.8903398230595627,4,50.35773064974655,Normal market quality,True,Official ECB inputs; RepoLens derived score
2021-10-29,-0.578,43411,-0.6,-0.56,24,439,3.9999999999999925,98.8861047835991,-0.3139471820949209,-3.0780305106688126,-0.5086514539848358,-0.2189722447493396,4,40.4580145948297,Normal market quality,True,Official ECB inputs; RepoLens derived score
2021-11-01,-0.579,51915,-0.6,-0.56,26,445,3.9999999999999925,116.66292134831461,1.2950856359345464,-2.0235164393170146,-0.3825348658411577,-0.2189722447493396,4,48.84612982999949,Normal market quality,True,Official ECB inputs; RepoLens derived score
2021-11-02,-0.569,61435,-0.6,-0.55,27,525,4.999999999999993,117.01904761904763,3.079355548552712,-1.5111642955432032,1.2502081483336627,0.884647868787329,4,58.52063782879515,Normal market quality,False,Official ECB inputs; RepoLens derived score
2021-11-03,-0.574,57799,-0.6,-0.55,28,521,4.999999999999993,110.93857965451056,2.341970084478192,-1.0153319585977407,1.1658703152102456,0.8789914523916903,4,57.2547540086174,Normal market quality,False,Official ECB inputs; RepoLens derived score
2021-11-04,-0.573,56563,-0.6,-0.55,29,539,4.999999999999993,104.94063079777365,2.0808165623548054,-0.5224423607449736,1.5263831568554502,0.8733699763915804,4,58.48265499393064,Normal market quality,False,Official ECB inputs; RepoLens derived score
2021-11-05,-0.572,57861,-0.6,-0.55,32,529,4.999999999999993,109.37807183364839,2.289744205557134,0.9458343110884854,1.3102362590735928,0.8677828549067265,4,62.35260686249507,Normal market quality,False,Official ECB inputs; RepoLens derived score
2021-11-08,-0.575,58809,-0.6,-0.55,30,536,4.999999999999993,109.71828358208955,2.426956067632178,-0.04079720682301751,1.4430539607678758,0.877614403637563,4,60.683566516118425,Normal market quality,False,Official ECB inputs; RepoLens derived score
2021-11-09,-0.575,58786,-0.6,-0.55,29,537,4.999999999999993,109.47113594040968,2.3847349677800533,-0.5326041733384828,1.451891536327889,0.8719882078853708,4,59.33680848287565,Normal market quality,False,Official ECB inputs; RepoLens derived score
2021-11-10,-0.576,52346,-0.6,-0.55,29,502,4.999999999999993,104.27490039840637,1.2173946566033624,-0.5303636886992346,0.7438567446457353,0.8663963353945847,4,53.495019434886146,Normal market quality,False,Official ECB inputs; RepoLens derived score
2021-11-11,-0.575,51698,-0.6,-0.55,31,510,4.999999999999993,101.3686274509804,1.0956170045769869,0.45046200817777887,0.8998451395803461,0.8608382108827164,4,55.91917006909069,Normal market quality,False,Official ECB inputs; RepoLens derived score
2021-11-12,-0.572,51705,-0.6,-0.55,29,516,4.999999999999993,100.20348837209302,1.088941074313594,-0.5320957590717634,1.0147046441409429,0.855313270043183,4,53.73484606770575,Normal market quality,False,Official ECB inputs; RepoLens derived score
2021-11-15,-0.569,52188,-0.59,-0.55,28,519,3.9999999999999925,100.55491329479769,1.1646464562020473,-1.0294689133956267,1.0675584136368919,-0.2484092034719442,4,54.54410015251825,Normal market quality,False,Official ECB inputs; RepoLens derived score
2021-11-16,-0.571,54626,-0.6,-0.55,28,529,4.999999999999993,103.26275992438563,1.5805977580011616,-1.0259482055256723,1.2597849638157423,0.8498209592461229,4,54.84195260986006,Normal market quality,False,Official ECB inputs; RepoLens derived score
2021-11-17,-0.571,51193,-0.6,-0.55,31,523,4.999999999999993,97.88336520076481,0.9689333939337844,0.44707649586806814,1.1327491739728663,0.8443607352486053,4,56.07428995049767,Normal market quality,False,Official ECB inputs; RepoLens derived score
2021-11-18,-0.571,51693,-0.6,-0.55,31,520,4.999999999999993,99.40961538461538,1.048306392204665,0.4419977031520089,1.0657233797731949,0.8389320649138804,4,56.179976982658516,Normal market quality,False,Official ECB inputs; RepoLens derived score
2021-11-19,-0.573,52996,-0.6,-0.55,31,504,4.999999999999993,105.15079365079364,1.2662817167433786,0.4398823346110553,0.7448806650761257,0.8389320649138814,4,56.135495410448954,Normal market quality,False,Official ECB inputs; RepoLens derived score
2021-11-22,-0.573,55515,-0.6,-0.55,32,524,4.999999999999993,105.94465648854961,1.6918448029632658,0.9280730586748187,1.1363110535228982,0.8335344249393221,4,59.83211545345674,Normal market quality,False,Official ECB inputs; RepoLens derived score
2021-11-23,-0.574,51820,-0.6,-0.55,29,499,4.999999999999993,103.84769539078157,1.0393770374913414,-0.5457979488264812,0.6374657715492629,0.828167301592737,4,52.624738235637544,Normal market quality,False,Official ECB inputs; RepoLens derived score
2021-11-24,-0.57,50814,-0.6,-0.55,30,523,4.999999999999993,97.1586998087954,0.8583923253044541,-0.054353762060175594,1.1087845673349375,0.8214202230257642,4,54.40831981721385,Normal market quality,False,Official ECB inputs; RepoLens derived score
2021-11-25,-0.573,48079,-0.6,-0.55,29,523,4.999999999999993,91.92925430210325,0.3838313433500066,-0.5485876878272924,1.1015794558064493,0.8147079857170417,4,51.503827143097354,Normal market quality,False,Official ECB inputs; RepoLens derived score
2021-11-26,-0.573,47414,-0.6,-0.55,30,522,4.999999999999993,90.83141762452107,0.2657449757477896,-0.06039955625224507,1.0736402830782867,0.8080296796209341,4,52.25116471275096,Normal market quality,False,Official ECB inputs; RepoLens derived score
2021-11-29,-0.573,50121,-0.59,-0.55,29,519,3.9999999999999925,96.57225433526011,0.7273038346504128,-0.5536703253896244,1.0078541435040247,-0.30216133402779644,4,54.13426496760414,Normal market quality,False,Official ECB inputs; RepoLens derived score
2021-11-30,-0.575,49024,-0.59,-0.56,26,498,2.9999999999999916,98.4417670682731,0.5357174365231,-2.024359320841368,0.5917881579259178,-1.415423989805018,4,50.41671910524975,Normal market quality,True,Official ECB inputs; RepoLens derived score
2021-12-01,-0.574,57156,-0.59,-0.56,27,522,2.9999999999999916,109.49425287356321,1.9276632563853378,-1.5203905933183586,1.0555982204039107,-1.415423989805018,4,57.707976449770086,Normal market quality,False,Official ECB inputs; RepoLens derived score
2021-12-02,-0.575,58888,-0.59,-0.56,28,562,2.9999999999999916,104.7829181494662,2.2521005124276248,-1.109608056280156,1.8643754841962632,-1.4069529351348573,4,61.879699765989244,Normal market quality,False,Official ECB inputs; RepoLens derived score
2021-12-03,-0.578,56585,-0.59,-0.57,31,543,2.0000000000000018,104.20810313075506,1.8227073599190122,0.4422492686081223,1.466297603498565,-2.504592642369694,4,64.90773190353781,Normal market quality,False,Official ECB inputs; RepoLens derived score
2021-12-06,-0.578,55956,-0.59,-0.57,29,562,2.0000000000000018,99.56583629893238,1.6957801788791615,-0.5939456039864973,1.8309172054210632,-2.465686056101644,4,62.726188713815944,Normal market quality,False,Official ECB inputs; RepoLens derived score
2021-12-07,-0.577,53373,-0.59,-0.57,29,554,2.0000000000000018,96.34115523465704,1.238091511945385,-0.5896656914774958,1.6551821076507398,-2.42823199666047,4,60.639459327232665,Normal market quality,False,Official ECB inputs; RepoLens derived score
2021-12-08,-0.577,52044,-0.59,-0.57,30,554,2.0000000000000018,93.94223826714801,1.0026753837306455,-0.06959281088625079,1.6392623236050108,-2.3921382543212233,4,61.02174500633599,Normal market quality,False,Official ECB inputs; RepoLens derived score
2021-12-09,-0.578,48196,-0.6,-0.57,33,541,3.0000000000000027,89.08687615526802,0.34235681794668893,1.4767742780628093,1.3712637956858436,-1.2976780239983332,4,60.264861083182545,Normal market quality,False,Official ECB inputs; RepoLens derived score
2021-12-10,-0.577,47274,-0.6,-0.57,30,532,3.0000000000000027,88.8609022556391,0.18110027349431634,-0.08177695127508709,1.184832557228317,-1.2893186720918428,4,55.32546798025095,Normal market quality,False,Official ECB inputs; RepoLens derived score
2021-12-13,-0.579,45877,-0.6,-0.57,30,528,3.0000000000000027,86.88825757575758,-0.06282570622374642,-0.07976148471195062,1.0998421986608615,-1.281048472304907,4,54.25188452154653,Normal market quality,False,Official ECB inputs; RepoLens derived score
2021-12-14,-0.577,46144,-0.59,-0.57,31,518,2.0000000000000018,89.08108108108108,-0.01953813305015811,0.4356204165037291,0.8985564643389365,-2.3211077787272356,4,56.74872040452196,Normal market quality,False,Official ECB inputs; RepoLens derived score
2021-12-15,-0.577,41887,-0.59,-0.57,32,501,2.0000000000000018,83.6067864271457,-0.7511787368227015,0.9544091429576113,0.5655544256758436,-2.299773110283435,4,54.620443008129335,Normal market quality,False,Official ECB inputs; RepoLens derived score
2021-12-16,-0.577,43249,-0.59,-0.57,33,493,2.0000000000000018,87.7261663286004,-0.5163974971362132,1.4638074278240643,0.4073389901524099,-2.278914238243798,4,56.28884616233013,Normal market quality,False,Official ECB inputs; RepoLens derived score
2021-12-17,-0.576,44473,-0.59,-0.56,32,500,2.9999999999999916,88.946,-0.31743650811050383,0.9371374167398624,0.5374162136618928,-1.2330259977260645,4,54.42489529420672,Normal market quality,False,Official ECB inputs; RepoLens derived score
2021-12-20,-0.576,38584,-0.6,-0.56,28,477,3.9999999999999925,80.88888888888889,-1.3998695784439752,-1.1449765465193016,0.0699345775034946,-0.20753902932022902,4,42.72416009688691,Normal market quality,False,Official ECB inputs; RepoLens derived score
2021-12-21,-0.571,40889,-0.58,-0.54,29,481,3.9999999999999925,85.00831600831602,-1.0137495843595727,-0.6289926619097703,0.1422011503272829,-0.21223567834554852,4,45.5532511933036,Normal market quality,False,Official ECB inputs; RepoLens derived score
2021-12-22,-0.574,34591,-0.58,-0.55,29,465,2.9999999999999916,74.38924731182796,-2.1710771492221776,-0.6322326259150678,-0.19748652821179172,-1.240762427250897,4,42.18807573328158,Normal market quality,True,Official ECB inputs; RepoLens derived score
2021-12-23,-0.576,28739,-0.6,-0.57,26,382,3.0000000000000027,75.23298429319372,-3.2324567514110907,-2.2253612305507415,-1.9690959214001094,-1.2407624272508855,4,30.875000760999207,Weak market quality,True,Official ECB inputs; RepoLens derived score
2021-12-24,-0.58,20979,-0.6,-0.57,22,218,3.0000000000000027,96.23394495412845,-4.785672587132331,-4.571285506375423,-5.857795594046738,-1.3418954286589686,4,26.512843142988455,Weak market quality,True,Official ECB inputs; RepoLens derived score
2021-12-27,-0.576,28533,-0.6,-0.55,25,322,4.999999999999993,88.61180124223603,-3.205871059414842,-2.776585062921271,-3.2559564458387267,0.9503355163057399,4,23.633034068238214,Weak market quality,True,Official ECB inputs; RepoLens derived score
2021-12-28,-0.575,29069,-0.6,-0.55,24,308,4.999999999999993,94.37987012987013,-3.0353456739984246,-3.249643982810552,-3.4759630991887485,0.9503355163057399,4,23.07449672554139,Weak market quality,True,Official ECB inputs; RepoLens derived score
2021-12-29,-0.578,41073,-0.6,-0.57,26,470,3.0000000000000027,87.38936170212766,-0.8936632579893048,-2.1428536582618034,-0.07265486401801985,-1.3304697228280253,4,43.32911187557991,Normal market quality,True,Official ECB inputs; RepoLens derived score
2021-12-30,-0.58,34922,-0.6,-0.57,27,422,3.0000000000000027,82.75355450236967,-1.9549555106274537,-1.6058597393384821,-1.0545048993113646,-1.3238940568643431,4,38.492585201475805,Normal market quality,False,Official ECB inputs; RepoLens derived score
2021-12-31,-0.59,13648,-0.8,-0.5,17,104,30.000000000000004,131.23076923076923,-5.591515855614426,-6.663004570243651,-7.539630527728578,29.53442297499038,4,20.0,Weak market quality,True,Official ECB inputs; RepoLens derived score
2022-01-03,-0.578,34989,-0.59,-0.55,25,329,3.9999999999999925,106.34954407294833,-1.7958521848952196,-2.3767078228023006,-2.6355305299445364,-0.13527673805518453,4,31.386836578082416,Weak market quality,True,Official ECB inputs; RepoLens derived score
2022-01-04,-0.578,54350,-0.6,-0.56,27,521,3.9999999999999925,104.31861804222649,1.338423975087829,-1.4144252918418834,0.9047535278141493,-0.13527673805518453,4,53.613219609820845,Normal market quality,False,Official ECB inputs; RepoLens derived score
2022-01-05,-0.578,47707,-0.59,-0.56,27,458,2.9999999999999916,104.16375545851528,0.26119795840398613,-1.401982556098196,-0.24404247110579516,-0.6763836902759222,4,47.813705821817855,Normal market quality,False,Official ECB inputs; RepoLens derived score
2022-01-06,-0.578,52354,-0.59,-0.55,27,479,3.9999999999999925,109.29853862212944,1.0053373422334864,-1.3897214834104161,0.1384065668982127,-0.1330134744576093,4,50.58991361822311,Normal market quality,False,Official ECB inputs; RepoLens derived score
2022-01-07,-0.58,53850,-0.59,-0.57,28,490,2.0000000000000018,109.89795918367346,1.2420411280451584,-0.9193029126016374,0.33793272910182526,-1.2125003644809835,4,54.71246903613,Normal market quality,False,Official ECB inputs; RepoLens derived score
2022-01-10,-0.579,56568,-0.6,-0.56,30,513,3.9999999999999925,110.26900584795321,1.674680356392437,0.005465227004563511,0.7544892180277994,-0.12625134394084345,4,57.9506443758657,Normal market quality,False,Official ECB inputs; RepoLens derived score
2022-01-11,-0.579,58208,-0.59,-0.56,32,518,2.9999999999999916,112.37065637065638,1.9232581783126017,0.923623363771168,0.844607051387209,-0.6654943722983442,4,62.150221220437565,Normal market quality,False,Official ECB inputs; RepoLens derived score
2022-01-12,-0.578,53460,-0.59,-0.56,32,516,2.9999999999999916,103.6046511627907,1.1562795787765878,0.9274047435770407,0.8037017964721714,-0.6627925857182518,4,59.368933754418464,Normal market quality,False,Official ECB inputs; RepoLens derived score
2022-01-13,-0.578,55734,-0.59,-0.55,31,522,3.9999999999999925,106.77011494252874,1.5102402285495136,0.4649348446317714,0.9078091375353564,-0.12176581095579134,4,58.9003494717748,Normal market quality,False,Official ECB inputs; RepoLens derived score
2022-01-14,-0.578,58192,-0.59,-0.55,29,544,3.9999999999999925,106.97058823529412,1.8844227841562147,-0.45274877245493333,1.3000535696220847,-0.12176581095579134,4,58.89639045389831,Normal market quality,False,Official ECB inputs; RepoLens derived score
2022-01-17,-0.578,61387,-0.59,-0.56,32,543,2.9999999999999916,113.05156537753223,2.3631805260200336,0.9310870989173473,1.27142537945562,-0.6600988699182343,4,64.76756134187988,Normal market quality,False,Official ECB inputs; RepoLens derived score
2022-01-18,-0.579,57391,-0.59,-0.56,29,515,2.9999999999999916,111.43883495145631,1.718140727651806,-0.4519871689715005,0.7583733928126788,-0.655490105650976,4,57.76269326486073,Normal market quality,False,Official ECB inputs; RepoLens derived score
2022-01-19,-0.578,59057,-0.59,-0.56,31,535,2.9999999999999916,110.38691588785046,1.956917323335452,0.4702281396846314,1.1121754794665106,-0.6528158566996083,4,61.78444346460135,Normal market quality,False,Official ECB inputs; RepoLens derived score
2022-01-20,-0.579,59181,-0.59,-0.56,31,526,2.9999999999999916,112.51140684410646,1.952565471275509,0.4726572226675324,0.9419517085662675,-0.650149425173731,4,61.34572561530938,Normal market quality,False,Official ECB inputs; RepoLens derived score
2022-01-21,-0.579,60385,-0.6,-0.56,31,553,3.9999999999999925,109.19529837251356,2.117697613902021,0.47509493439144485,1.418495728158742,-0.1107549952828133,4,62.31205079795676,Normal market quality,False,Official ECB inputs; RepoLens derived score
2022-01-24,-0.579,56792,-0.6,-0.56,27,503,3.9999999999999925,112.9065606361829,1.5459271347020294,-1.3704018427235647,0.512118240549478,-0.11297678535805875,4,53.43450114405897,Normal market quality,False,Official ECB inputs; RepoLens derived score
2022-01-25,-0.578,55916,-0.59,-0.56,31,520,2.9999999999999916,107.53076923076924,1.3993881085787845,0.47716852114702996,0.8125523312417168,-0.650149425173731,4,59.09738464875821,Normal market quality,False,Official ECB inputs; RepoLens derived score
2022-01-26,-0.576,53985,-0.59,-0.55,29,553,3.9999999999999925,97.62206148282098,1.0975718495616476,-0.43949116037349817,1.3969959718098934,-0.1107549952828133,4,56.40139599498097,Normal market quality,False,Official ECB inputs; RepoLens derived score
2022-01-27,-0.573,49701,-0.59,-0.55,29,549,3.9999999999999925,90.53005464480874,0.4471356608808198,-0.43587885993301023,1.3141752485135143,-0.1107549952828133,4,53.92684827745835,Normal market quality,False,Official ECB inputs; RepoLens derived score
2022-01-28,-0.573,49577,-0.59,-0.55,30,557,3.9999999999999925,89.00718132854578,0.4244418514921513,0.02922133385591977,1.445503235219285,-0.11075499528281282,4,55.33849039583476,Normal market quality,False,Official ECB inputs; RepoLens derived score
2022-01-31,-0.579,51251,-0.59,-0.57,28,572,2.0000000000000018,89.59965034965035,0.6715743455256961,-0.889201486963414,1.6981735695052596,-1.1842264880239135,4,56.14928014773042,Normal market quality,False,Official ECB inputs; RepoLens derived score
2022-02-01,-0.578,61839,-0.59,-0.55,28,557,3.9999999999999925,111.02154398563734,2.2548545943536396,-0.8821201649946661,1.417807368461972,-0.10620246541253364,4,59.390512787024804,Normal market quality,False,Official ECB inputs; RepoLens derived score
2022-02-02,-0.578,59971,-0.59,-0.56,29,555,2.9999999999999916,108.05585585585585,1.9453827822095906,-0.41500942418902814,1.3704416191191084,-0.641462891091702,4,60.159614561696316,Normal market quality,False,Official ECB inputs; RepoLens derived score
2022-02-03,-0.577,57713,-0.59,-0.55,30,541,3.9999999999999925,106.67837338262477,1.5888635200135426,0.047518096104488615,1.1149634877987618,-0.10399577876518784,4,58.6232199479533,Normal market quality,False,Official ECB inputs; RepoLens derived score
2022-02-04,-0.578,59809,-0.59,-0.55,32,561,3.9999999999999925,106.61140819964349,1.8816370262781532,0.9709624175514905,1.4545970824034793,-0.10399577876518784,4,62.80562201000874,Normal market quality,False,Official ECB inputs; RepoLens derived score
2022-02-07,-0.578,59909,-0.6,-0.55,31,552,4.999999999999993,108.53079710144928,1.8747313503487677,0.5101666939677324,1.2859097708405574,0.4308396548843481,4,60.40549140591489,Normal market quality,False,Official ECB inputs; RepoLens derived score
2022-02-08,-0.574,64910,-0.59,-0.55,32,567,3.9999999999999925,114.47971781305115,2.580227359546855,0.9741178802229833,1.5347671491690884,-0.10608144786798665,4,65.46213050369614,Strong market quality,False,Official ECB inputs; RepoLens derived score
2022-02-09,-0.578,59604,-0.59,-0.56,31,558,2.9999999999999916,106.81720430107526,1.7751168040838172,0.5080781045018334,1.3657535279465896,-0.6407319451226382,4,61.85858581309837,Normal market quality,False,Official ECB inputs; RepoLens derived score
2022-02-10,-0.572,57260,-0.59,-0.55,32,542,3.9999999999999925,105.64575645756457,1.4212597474246145,0.9717848440440842,1.0804294212283783,-0.10387746352176296,4,60.26076097444995,Normal market quality,False,Official ECB inputs; RepoLens derived score
2022-02-11,-0.578,57333,-0.59,-0.56,32,557,2.9999999999999916,102.93177737881508,1.4190477833032942,0.9686381128991782,1.3290594422487512,-0.6381044187765426,4,61.66806775759617,Normal market quality,False,Official ECB inputs; RepoLens derived score
2022-02-14,-0.578,58941,-0.59,-0.55,32,564,3.9999999999999925,104.50531914893617,1.6350577031994469,0.9655049162404198,1.437394643855585,-0.1016774900975872,4,61.882467096584456,Normal market quality,False,Official ECB inputs; RepoLens derived score
2022-02-15,-0.576,56535,-0.59,-0.55,31,560,3.9999999999999925,100.95535714285714,1.2782251893535772,0.5030649545888138,1.3573583904512012,-0.1016774900975872,4,59.27736276048394,Normal market quality,False,Official ECB inputs; RepoLens derived score
2022-02-16,-0.576,55371,-0.59,-0.55,30,548,3.9999999999999925,101.0419708029197,1.1029792106760112,0.04562877675994368,1.1427133822121027,-0.1016774900975872,4,56.98379886994253,Normal market quality,False,Official ECB inputs; RepoLens derived score
2022-02-17,-0.576,56707,-0.59,-0.55,32,548,3.9999999999999925,103.47992700729927,1.2828835966015733,0.9655049162404198,1.13381151875644,-0.1016774900975872,4,59.89089991074404,Normal market quality,False,Official ECB inputs; RepoLens derived score
2022-02-18,-0.576,56196,-0.6,-0.55,31,534,4.999999999999993,105.23595505617978,1.2003029606879374,0.5030649545888138,0.888822151536892,0.43212933291474404,4,57.03258412834993,Normal market quality,False,Official ECB inputs; RepoLens derived score
2022-02-21,-0.576,56931,-0.59,-0.55,32,551,3.9999999999999925,103.32304900181488,1.2955975401267021,0.9623851305177309,1.1699974892560467,-0.10375955118084987,4,60.02118726664918,Normal market quality,False,Official ECB inputs; RepoLens derived score
2022-02-22,-0.575,55856,-0.59,-0.55,32,552,3.9999999999999925,101.18840579710145,1.1351892194063498,0.9592786337050968,1.1776104800041736,-0.09970777461174718,4,59.46494671411302,Normal market quality,False,Official ECB inputs; RepoLens derived score
2022-02-23,-0.576,52700,-0.6,-0.55,31,550,4.999999999999993,95.81818181818181,0.6870860993010914,0.5005723420662271,1.135168106318875,0.43995828680526355,4,55.83421503830868,Normal market quality,False,Official ECB inputs; RepoLens derived score
2022-02-24,-0.576,51865,-0.59,-0.55,31,556,3.9999999999999925,93.28237410071942,0.5664203003006885,0.5030649545888138,1.2270151940309741,-0.09564310582723219,4,56.451136081342725,Normal market quality,False,Official ECB inputs; RepoLens derived score
2022-02-25,-0.575,51503,-0.59,-0.55,29,555,3.9999999999999925,92.7981981981982,0.510926196988468,-0.41430929298029434,1.200394616878539,-0.09564310582723219,4,53.8969196579461,Normal market quality,False,Official ECB inputs; RepoLens derived score
2022-02-28,-0.58,49166,-0.6,-0.57,26,556,3.0000000000000027,88.42805755395683,0.1779472535044377,-1.7907846648326715,1.2075646256961026,-0.6312444984597222,4,50.111632037113694,Normal market quality,False,Official ECB inputs; RepoLens derived score
2022-03-01,-0.577,60449,-0.6,-0.55,30,556,4.999999999999993,108.72122302158273,1.7639735070716371,0.05623319908720386,1.199504834911172,0.44174223325673556,4,58.650639009861564,Normal market quality,False,Official ECB inputs; RepoLens derived score
2022-03-02,-0.578,58868,-0.6,-0.55,30,552,4.999999999999993,106.64492753623189,1.5232923121184514,0.0599737911117294,1.1235434590645876,0.4394563172016661,4,57.63113174205287,Normal market quality,False,Official ECB inputs; RepoLens derived score
2022-03-03,-0.579,58643,-0.6,-0.55,29,559,4.999999999999993,104.90697674418605,1.4783323098965864,-0.39640021478443177,1.2317105843344236,0.43717412305608977,4,56.6066778239289,Normal market quality,False,Official ECB inputs; RepoLens derived score
2022-03-04,-0.577,57620,-0.6,-0.55,29,550,4.999999999999993,104.76363636363637,1.3223873716321264,-0.3928548137589583,1.072386999294316,0.4348956126682568,4,55.674842845548454,Normal market quality,False,Official ECB inputs; RepoLens derived score
2022-03-07,-0.579,63220,-0.6,-0.56,29,584,3.9999999999999925,108.25342465753425,2.089087854310579,-0.39091986191587885,1.627552998847331,-0.10179311720515989,4,60.5560800082234,Normal market quality,False,Official ECB inputs; RepoLens derived score
2022-03-08,-0.579,62845,-0.6,-0.56,31,588,3.9999999999999925,106.87925170068027,2.0118792334353404,0.5271324364809682,1.6774479510024873,-0.10179311720515989,4,62.705717961540074,Normal market quality,False,Official ECB inputs; RepoLens derived score
2022-03-09,-0.58,60292,-0.6,-0.57,30,593,3.0000000000000027,101.67284991568297,1.6391905693599518,0.06721838138793709,1.7446200356914974,-0.6362069825322395,4,61.221073509256776,Normal market quality,False,Official ECB inputs; RepoLens derived score
2022-03-10,-0.576,57504,-0.59,-0.55,31,586,3.9999999999999925,98.1296928327645,1.2430889879904594,0.5271324364809682,1.6116328369118138,-0.09553398200036319,4,59.84102561444911,Normal market quality,False,Official ECB inputs; RepoLens derived score
2022-03-11,-0.577,55136,-0.6,-0.55,32,565,4.999999999999993,97.5858407079646,0.9106584631773262,0.9883765399110178,1.2534668032603304,0.44453986088417313,4,58.12510318772276,Normal market quality,False,Official ECB inputs; RepoLens derived score
2022-03-14,-0.577,56222,-0.6,-0.55,31,576,4.999999999999993,97.60763888888889,1.051262984861177,0.5250300600301075,1.4220830435562881,0.44453986088417313,4,57.88039341465385,Normal market quality,False,Official ECB inputs; RepoLens derived score
2022-03-15,-0.573,58829,-0.59,-0.55,30,583,3.9999999999999925,100.9073756432247,1.397666506351768,0.06913033858157155,1.522990741353737,-0.09146035415320408,4,59.009326003299265,Normal market quality,False,Official ECB inputs; RepoLens derived score
2022-03-16,-0.577,57659,-0.6,-0.55,31,568,4.999999999999993,101.51232394366197,1.2268134873847651,0.5322423427701275,1.2667535765259124,0.44453986088417313,4,58.12452721276052,Normal market quality,False,Official ECB inputs; RepoLens derived score
2022-03-17,-0.578,55349,-0.6,-0.55,32,545,4.999999999999993,101.55779816513761,0.9033937967426601,0.9915747755717446,0.8857745606365827,0.4445398608841736,4,57.18844183779387,Normal market quality,False,Official ECB inputs; RepoLens derived score
2022-03-18,-0.578,58552,-0.6,-0.56,30,562,3.9999999999999925,104.18505338078292,1.3323072988196587,0.07490036392915017,1.1526806961338472,-0.0914603541532036,4,57.869218727256104,Normal market quality,False,Official ECB inputs; RepoLens derived score
2022-03-21,-0.578,59267,-0.6,-0.56,32,571,3.9999999999999925,103.79509632224168,1.4192756821955193,0.9980139007207027,1.2880585730961815,-0.08936726943134962,4,60.81669697637355,Normal market quality,False,Official ECB inputs; RepoLens derived score
2022-03-22,-0.578,55017,-0.6,-0.55,31,569,4.999999999999993,96.69068541300527,0.8291675272906641,0.5348121929878052,1.2452007104033922,0.44913668488382363,4,56.678413576669584,Normal market quality,False,Official ECB inputs; RepoLens derived score
2022-03-23,-0.578,53456,-0.6,-0.55,32,567,4.999999999999993,94.27865961199295,0.6109725950567683,0.9924093286910926,1.20335433366359,0.4519597212022245,4,56.94987365678206,Normal market quality,False,Official ECB inputs; RepoLens derived score
2022-03-24,-0.579,51984,-0.6,-0.57,29,547,3.0000000000000027,95.03473491773309,0.4056306429206524,-0.3880311173239807,0.8742368365216325,-0.6213391304864327,4,53.567230243946064,Normal market quality,False,Official ECB inputs; RepoLens derived score
2022-03-25,-0.581,49459,-0.6,-0.57,30,552,3.0000000000000027,89.59963768115942,0.061852758236707994,0.07864262700025623,0.9479872557067688,-0.616854213226606,4,53.70834068043595,Normal market quality,False,Official ECB inputs; RepoLens derived score
2022-03-28,-0.58,51272,-0.6,-0.57,29,551,3.0000000000000027,93.05263157894737,0.31105345314693955,-0.3806275671537019,0.9252158385671564,-0.6123836840210809,4,53.36873329057955,Normal market quality,False,Official ECB inputs; RepoLens derived score
2022-03-29,-0.579,50828,-0.6,-0.56,28,552,3.9999999999999925,92.07971014492753,0.25195284445277105,-0.8377330166389677,0.934859741661525,-0.07039157873186239,4,51.230239136238886,Normal market quality,False,Official ECB inputs; RepoLens derived score
2022-03-30,-0.579,48039,-0.6,-0.57,30,544,3.0000000000000027,88.30698529411765,-0.12683642004002557,0.09355068521686304,0.8016599478306705,-0.6060531066554767,4,52.70317877246196,Normal market quality,False,Official ECB inputs; RepoLens derived score
2022-03-31,-0.593,49246,-0.62,-0.56,29,566,5.999999999999995,87.00706713780919,0.03838237864450955,-0.3670856114777302,1.144668710642354,1.0112245623386082,4,50.561459229659434,Normal market quality,False,Official ECB inputs; RepoLens derived score
2022-04-01,-0.582,47352,-0.6,-0.57,30,518,3.0000000000000027,91.41312741312741,-0.22341054346231656,0.09725351350347543,0.37435239816096527,-0.6046613774053269,4,51.304069943150985,Normal market quality,False,Official ECB inputs; RepoLens derived score
2022-04-04,-0.585,53551,-0.6,-0.56,29,536,3.9999999999999925,99.90858208955224,0.6202029549567184,-0.3670856114777302,0.6552704137805293,-0.06595451111604515,4,52.99010411477958,Normal market quality,False,Official ECB inputs; RepoLens derived score
2022-04-05,-0.586,50523,-0.6,-0.57,29,507,3.0000000000000027,99.6508875739645,0.20282585523608304,-0.3635451151379387,0.18945816244838423,-0.6021008595432454,4,51.177824400917274,Normal market quality,False,Official ECB inputs; RepoLens derived score
2022-04-06,-0.584,50236,-0.6,-0.57,31,528,3.0000000000000027,95.14393939393939,0.1602064461233706,0.5657252884628792,0.5198939204320253,-0.5995470335846589,4,54.174091134046044,Normal market quality,False,Official ECB inputs; RepoLens derived score
2022-04-07,-0.582,46296,-0.6,-0.57,31,523,3.0000000000000027,88.52007648183556,-0.380182211071326,0.5657252884628792,0.43607776001685733,-0.596999840195954,4,52.06936964274363,Normal market quality,False,Official ECB inputs; RepoLens derived score
2022-04-08,-0.583,47007,-0.6,-0.56,31,529,3.9999999999999925,88.8601134215501,-0.2824513115994863,0.5635421752243923,0.5273544468970108,-0.05734842215907639,4,51.82468459794392,Normal market quality,False,Official ECB inputs; RepoLens derived score
2022-04-11,-0.584,51375,-0.6,-0.56,31,529,3.9999999999999925,97.117202268431,0.31496012770755333,0.5613638503795059,0.5228357150914761,-0.055249311726631806,4,53.89573332824384,Normal market quality,False,Official ECB inputs; RepoLens derived score
2022-04-12,-0.583,49164,-0.6,-0.57,31,526,3.0000000000000027,93.46768060836501,0.010646428609584523,0.5613638503795059,0.47039276629519927,-0.5907426407693603,4,53.50276800297435,Normal market quality,False,Official ECB inputs; RepoLens derived score
2022-04-13,-0.585,48787,-0.6,-0.57,30,523,3.0000000000000027,93.282982791587,-0.04146784728219682,0.09717076941156141,0.4186052536720163,-0.5882138055607584,4,52.02662330056239,Normal market quality,False,Official ECB inputs; RepoLens derived score
2022-04-14,-0.586,49464,-0.6,-0.57,30,546,3.0000000000000027,90.5934065934066,0.050617783814913955,0.09906420889050142,0.7815337343421791,-0.5838399142283535,4,53.25441697277643,Normal market quality,False,Official ECB inputs; RepoLens derived score
2022-04-19,-0.58,56421,-0.6,-0.55,30,568,4.999999999999993,99.33274647887323,1.0029813953220876,0.10096032455160127,1.1261812336929649,0.4879746601927369,4,55.84632678894962,Normal market quality,False,Official ECB inputs; RepoLens derived score
2022-04-20,-0.583,52926,-0.6,-0.56,30,552,3.9999999999999925,95.8804347826087,0.5183951446517534,0.09914866776489298,0.8626577333363629,-0.04877465741385423,4,54.292060995155055,Normal market quality,False,Official ECB inputs; RepoLens derived score
2022-04-21,-0.585,52801,-0.6,-0.57,29,541,3.0000000000000027,97.5988909426987,0.49658343682166456,-0.3654708942915543,0.6804395544666407,-0.5831752516873762,4,53.40022655684461,Normal market quality,False,Official ECB inputs; RepoLens derived score
2022-04-22,-0.583,52795,-0.6,-0.56,30,539,3.9999999999999925,97.94990723562152,0.4895597609726642,0.08804806910551638,0.6440308981786783,-0.044524538452113405,4,53.61044338929298,Normal market quality,False,Official ECB inputs; RepoLens derived score
2022-04-25,-0.585,54530,-0.6,-0.57,31,546,3.0000000000000027,99.87179487179488,0.7235590310076166,0.5573488839733043,0.7541664753720356,-0.576973572476066,4,56.67670536560411,Normal market quality,False,Official ECB inputs; RepoLens derived score
2022-04-26,-0.582,54528,-0.6,-0.57,29,553,3.0000000000000027,98.60397830018083,0.7177661904753165,-0.40745822959550776,0.8628250422542756,-0.576973572476066,4,54.51605905702463,Normal market quality,False,Official ECB inputs; RepoLens derived score
2022-04-27,-0.583,52664,-0.6,-0.57,28,548,3.0000000000000027,96.10218978102189,0.45572104659853074,-0.8837117525734074,0.7744747543220023,-0.5744748676069611,4,52.18364346887679,Normal market quality,False,Official ECB inputs; RepoLens derived score
2022-04-28,-0.583,50131,-0.6,-0.56,26,546,3.9999999999999925,91.81501831501832,0.10308029728589505,-1.8361975257030307,0.7359498282921582,-0.04027683573628232,4,47.670577050577876,Normal market quality,False,Official ECB inputs; RepoLens derived score
2022-04-29,-0.586,32825,-0.6,-0.57,23,387,3.0000000000000027,84.81912144702842,-2.2893579199154317,-3.2456414389049586,-1.8702832557392717,-0.576973572476066,4,30.67699949966191,Weak market quality,True,Official ECB inputs; RepoLens derived score
2022-05-02,-0.583,37633,-0.6,-0.56,26,376,3.9999999999999925,100.0877659574468,-1.6007865379583617,-1.7660550109065796,-2.0328985940702826,-0.03817552176998157,4,34.95712638735855,Weak market quality,True,Official ECB inputs; RepoLens derived score
2022-05-03,-0.579,42286,-0.59,-0.55,26,448,3.9999999999999925,94.38839285714286,-0.9557721781051196,-1.7478875186590646,-0.850443469841369,-0.040322705615999974,4,40.219453963804995,Normal market quality,False,Official ECB inputs; RepoLens derived score
2022-05-04,-0.585,54230,-0.6,-0.57,28,581,3.0000000000000027,93.33907056798623,0.6697236806662993,-0.8225208453080349,1.3030144390270155,-0.5776315327963947,4,54.411714165824094,Normal market quality,False,Official ECB inputs; RepoLens derived score
2022-05-05,-0.585,53671,-0.6,-0.56,30,564,3.9999999999999925,95.16134751773049,0.5868323149372101,0.10262102983343234,1.0223990863352417,-0.040322705615999974,4,54.92694745112592,Normal market quality,False,Official ECB inputs; RepoLens derived score
2022-05-06,-0.585,50704,-0.6,-0.56,30,556,3.9999999999999925,91.19424460431655,0.17233758219440765,0.10458989255701412,0.8823422551843758,-0.04247290682326523,4,53.1342212672688,Normal market quality,False,Official ECB inputs; RepoLens derived score
2022-05-09,-0.586,50849,-0.6,-0.57,30,569,3.0000000000000027,89.36555360281196,0.1884076699598964,0.10656176981158942,1.0899670851179182,-0.5776315327963947,4,54.517196281378,Normal market quality,False,Official ECB inputs; RepoLens derived score
2022-05-10,-0.584,49803,-0.6,-0.56,30,584,3.9999999999999925,85.2791095890411,0.04101585873292461,0.10656176981158942,1.3285553919251614,-0.040322705615999974,4,53.791832468331116,Normal market quality,False,Official ECB inputs; RepoLens derived score
2022-05-11,-0.584,50222,-0.6,-0.57,31,604,3.0000000000000027,83.14900662251655,0.09650625827905376,0.5883831225242352,1.6459995530939566,-0.5776315327963947,4,56.79017589221676,Normal market quality,False,Official ECB inputs; RepoLens derived score
2022-05-12,-0.577,51681,-0.6,-0.55,31,581,4.999999999999993,88.95180722891567,0.2956864973811878,0.5883831225242352,1.2531528697753749,0.49268571914986986,4,54.89971414285838,Normal market quality,False,Official ECB inputs; RepoLens derived score
2022-05-13,-0.586,50090,-0.6,-0.57,30,584,3.0000000000000027,85.77054794520548,0.06715618440076321,0.09663783725477579,1.3010425868025746,-0.5819895104606778,4,54.60223197123706,Normal market quality,False,Official ECB inputs; RepoLens derived score
2022-05-16,-0.585,50348,-0.6,-0.57,30,584,3.0000000000000027,86.21232876712328,0.09558360044138686,0.08643143202671913,1.3060346244607046,-0.579478435010006,4,54.68492539527842,Normal market quality,False,Official ECB inputs; RepoLens derived score
2022-05-17,-0.585,50165,-0.6,-0.57,31,586,3.0000000000000027,85.60580204778157,0.06688038193145285,0.5837979067367798,1.3289238204639164,-0.576973572476066,4,55.88134601347593,Normal market quality,False,Official ECB inputs; RepoLens derived score
2022-05-18,-0.585,52370,-0.6,-0.57,31,600,3.0000000000000027,87.28333333333333,0.3749089652221954,0.5837979067367798,1.5528585277929632,-0.5744748676069615,4,57.515534766012486,Normal market quality,False,Official ECB inputs; RepoLens derived score
2022-05-19,-0.585,52549,-0.6,-0.57,30,577,3.0000000000000027,91.07279029462738,0.3963985586986112,0.08643143202671913,1.1534984301280382,-0.5744748676069615,4,55.34893191224248,Normal market quality,False,Official ECB inputs; RepoLens derived score
2022-05-20,-0.585,51990,-0.6,-0.57,30,573,3.0000000000000027,90.73298429319372,0.3111961167236644,0.08845422829345084,1.0813829993607238,-0.5689515010344333,4,54.86720672921991,Normal market quality,False,Official ECB inputs; RepoLens derived score
2022-05-23,-0.586,50977,-0.6,-0.57,29,588,3.0000000000000027,86.69557823129252,0.16073027877777504,-0.4089844215536283,1.3317124758568084,-0.5646289530476237,4,53.7163195410516,Normal market quality,False,Official ECB inputs; RepoLens derived score
2022-05-24,-0.587,48403,-0.6,-0.57,30,549,3.0000000000000027,88.16575591985428,-0.20667921620751242,0.08465965795382184,0.6572092779437977,-0.5646289530476237,4,51.97823851258919,Normal market quality,False,Official ECB inputs; RepoLens derived score
2022-05-25,-0.587,37427,-0.6,-0.56,28,441,3.9999999999999925,84.86848072562358,-1.7756004824923937,-0.9130615908771241,-1.198411933228662,-0.0297173133182973,4,38.5512904709896,Normal market quality,False,Official ECB inputs; RepoLens derived score
2022-05-26,-0.59,30811,-0.6,-0.57,23,253,3.0000000000000027,121.78260869565217,-2.7036569940417863,-3.391426232376614,-4.433557668212464,-0.5671121746841951,4,26.38786878288004,Weak market quality,True,Official ECB inputs; RepoLens derived score
2022-05-27,-0.585,50882,-0.6,-0.57,30,571,3.0000000000000027,89.11033274956218,0.1527333869012928,0.0963649973146777,1.006178754111802,-0.5671121746841952,4,54.14159449474702,Normal market quality,False,Official ECB inputs; RepoLens derived score
2022-05-30,-0.586,52570,-0.6,-0.57,30,574,3.0000000000000027,91.58536585365853,0.3865902151605831,0.0963649973146777,1.0479503581607643,-0.5671121746841952,4,55.06452240377694,Normal market quality,False,Official ECB inputs; RepoLens derived score
2022-05-31,-0.589,46639,-0.6,-0.58,28,564,2.0000000000000018,82.69326241134752,-0.4495692640789517,-0.8731150031913781,0.8740239608351156,-1.1023641148355752,4,50.08232614208637,Normal market quality,False,Official ECB inputs; RepoLens derived score
2022-06-01,-0.582,42701,-0.6,-0.56,30,482,3.9999999999999925,88.59128630705395,-1.0045220548568945,0.10615540942188126,-0.49190346552897096,-0.02968349452756477,4,45.56432790952449,Normal market quality,False,Official ECB inputs; RepoLens derived score
2022-06-02,-0.585,43042,-0.6,-0.56,29,457,3.9999999999999925,94.18380743982495,-0.9590234090476428,-0.3822617115131857,-0.9140627346776512,-0.03182393099411417,4,43.45034284934733,Normal market quality,False,Official ECB inputs; RepoLens derived score
2022-06-03,-0.587,30981,-0.6,-0.57,27,339,3.0000000000000027,91.38938053097345,-2.650318158840009,-1.3519869309452253,-2.87630841322007,-0.5689515010344335,4,31.00657533519838,Weak market quality,True,Official ECB inputs; RepoLens derived score
2022-06-06,-0.59,33909,-0.6,-0.57,30,266,3.0000000000000027,127.47744360902256,-2.202749904149639,0.11164857465935805,-4.025052115027332,-0.5664659716952088,4,35.91919572966747,Normal market quality,True,Official ECB inputs; RepoLens derived score
2022-06-07,-0.583,52531,-0.6,-0.56,30,558,3.9999999999999925,94.1415770609319,0.38379809110168833,0.11164857465935805,0.753012523998846,-0.029683494527564774,4,53.54947130729277,Normal market quality,False,Official ECB inputs; RepoLens derived score
2022-06-08,-0.582,52783,-0.6,-0.56,31,563,3.9999999999999925,93.75310834813499,0.4141342929569685,0.5949690476721261,0.8264360214586762,-0.029683494527564774,4,55.047507939967744,Normal market quality,False,Official ECB inputs; RepoLens derived score
2022-06-09,-0.582,54342,-0.6,-0.56,32,571,3.9999999999999925,95.16987740805604,0.6238078944772397,1.0801865234435692,0.9472471529668556,-0.029683494527564774,4,57.296437063487744,Normal market quality,False,Official ECB inputs; RepoLens derived score
2022-06-10,-0.581,52937,-0.6,-0.56,31,568,3.9999999999999925,93.19894366197182,0.4241870821147532,0.5880021311721502,0.8918834139085303,-0.029683494527564774,4,55.228893891894685,Normal market quality,False,Official ECB inputs; RepoLens derived score
2022-06-13,-0.58,53122,-0.6,-0.56,30,581,3.9999999999999925,91.43201376936317,0.4451401351420161,0.09808056194506616,1.0924213678367023,-0.029683494527564774,4,54.578770539242825,Normal market quality,False,Official ECB inputs; RepoLens derived score
2022-06-14,-0.578,54692,-0.6,-0.55,31,583,4.999999999999993,93.81132075471699,0.6569964391912845,0.5827139268500986,1.1156062311542154,0.504619406968582,4,55.78835882172741,Normal market quality,False,Official ECB inputs; RepoLens derived score
2022-06-15,-0.58,41842,-0.6,-0.56,30,504,3.9999999999999925,83.01984126984127,-1.1325123320251687,0.09808056194506616,-0.15235966519087948,-0.03178775127281323,4,45.9481907067066,Normal market quality,False,Official ECB inputs; RepoLens derived score
2022-06-16,-0.582,35547,-0.6,-0.56,27,310,3.9999999999999925,114.66774193548387,-2.008143651137186,-1.354789619571175,-3.2529447728010465,-0.03392858802355682,4,32.13541605412725,Weak market quality,True,Official ECB inputs; RepoLens derived score
2022-06-17,-0.582,52402,-0.6,-0.56,30,578,3.9999999999999925,90.66089965397924,0.3340268156527684,0.10546189698817598,1.0154917575478681,-0.036072338634712486,4,54.025586499076866,Normal market quality,False,Official ECB inputs; RepoLens derived score
2022-06-20,-0.581,54669,-0.6,-0.56,31,591,3.9999999999999925,92.50253807106598,0.6430557085146916,0.5909827091975172,1.2110450589580144,-0.036072338634712486,4,56.80987290814232,Normal market quality,False,Official ECB inputs; RepoLens derived score
2022-06-21,-0.582,54285,-0.6,-0.56,30,572,3.9999999999999925,94.90384615384616,0.5834644369924674,0.10546189698817598,0.9046927266836542,-0.03396725379310183,4,54.618462969342865,Normal market quality,False,Official ECB inputs; RepoLens derived score
2022-06-22,-0.579,49124,-0.6,-0.56,30,561,3.9999999999999925,87.5650623885918,-0.14766080136377266,0.10177580362562633,0.7249501095441288,-0.02978529912648685,4,51.59467992684091,Normal market quality,False,Official ECB inputs; RepoLens derived score
2022-06-23,-0.578,46555,-0.6,-0.56,28,509,3.9999999999999925,91.46365422396856,-0.5129408639259642,-0.866054479908639,-0.0960921176760211,-0.02767192845255897,4,45.84084837497631,Normal market quality,False,Official ECB inputs; RepoLens derived score
2022-06-24,-0.58,46271,-0.6,-0.56,30,510,3.9999999999999925,90.72745098039216,-0.5533134908980166,0.10546189698817598,-0.08135856059714505,-0.02767192845255897,4,48.16516901551336,Normal market quality,False,Official ECB inputs; RepoLens derived score
2022-06-27,-0.579,49738,-0.6,-0.56,30,528,3.9999999999999925,94.20075757575758,-0.06190107125402583,0.10546189698817598,0.20124632586700184,-0.02555651719558857,4,50.58845158354224,Normal market quality,False,Official ECB inputs; RepoLens derived score
2022-06-28,-0.581,49215,-0.6,-0.56,30,535,3.9999999999999925,91.99065420560747,-0.13747067283401979,0.10357174787393306,0.3088672368850944,-0.02770370498499974,4,50.591505664456,Normal market quality,False,Official ECB inputs; RepoLens derived score
2022-06-29,-0.578,45127,-0.6,-0.56,31,524,3.9999999999999925,86.12022900763358,-0.7139085017702359,0.5851452805674213,0.13326585740556995,-0.029853753683615914,4,49.34212871926208,Normal market quality,False,Official ECB inputs; RepoLens derived score
2022-06-30,-0.591,43590,-0.62,-0.55,27,539,6.999999999999995,80.87198515769944,-0.9267281786020909,-1.3487119089799933,0.3675432907839022,1.5811310345457725,4,41.9318332775838,Normal market quality,False,Official ECB inputs; RepoLens derived score
2022-07-01,-0.58,53342,-0.6,-0.56,30,552,3.9999999999999925,96.6340579710145,0.44952574651772914,0.10705326830860065,0.5688837894916826,-0.04036873257233603,4,53.32373585617126,Normal market quality,False,Official ECB inputs; RepoLens derived score
2022-07-04,-0.58,61578,-0.6,-0.56,30,561,3.9999999999999925,109.76470588235294,1.6036078370647002,0.10337949041961275,0.7047959398333042,-0.04036873257233603,4,57.69361910421725,Normal market quality,False,Official ECB inputs; RepoLens derived score
2022-07-05,-0.58,57639,-0.6,-0.56,31,562,3.9999999999999925,102.56049822064057,1.0363578738540027,0.5858171123778033,0.7152590165229166,-0.042521452147575085,4,56.94372505896217,Normal market quality,False,Official ECB inputs; RepoLens derived score
2022-07-06,-0.58,56374,-0.6,-0.56,31,559,3.9999999999999925,100.8479427549195,0.851862685224559,0.5835173915933839,0.663110210806206,-0.04041491750382851,4,56.15871078054067,Normal market quality,False,Official ECB inputs; RepoLens derived score
2022-07-07,-0.579,55287,-0.6,-0.56,29,549,3.9999999999999925,100.70491803278688,0.6951557836251043,-0.3784500921116631,0.5021679158915573,-0.042570164311080044,4,52.80619504860422,Normal market quality,False,Official ECB inputs; RepoLens derived score
2022-07-08,-0.579,52226,-0.6,-0.56,32,545,3.9999999999999925,95.82752293577981,0.26479502958908074,1.0781657952563148,0.4358328212702292,-0.04472848816398169,4,54.77887187712412,Normal market quality,False,Official ECB inputs; RepoLens derived score
2022-07-11,-0.58,55865,-0.6,-0.56,31,545,3.9999999999999925,102.5045871559633,0.7713886088682486,0.5973026240838206,0.4328237601355272,-0.046889928044297424,4,55.34551098365368,Normal market quality,False,Official ECB inputs; RepoLens derived score
2022-07-12,-0.58,53209,-0.6,-0.56,31,542,3.9999999999999925,98.17158671586716,0.3971895204506133,0.5949690476721261,0.3822507669155753,-0.0490545232235011,4,53.90679464288165,Normal market quality,False,Official ECB inputs; RepoLens derived score
2022-07-13,-0.581,52524,-0.6,-0.56,31,528,3.9999999999999925,99.47727272727273,0.30137408571595986,0.5926411371472385,0.16010768883047843,-0.05122231326718832,4,53.01351483485094,Normal market quality,False,Official ECB inputs; RepoLens derived score
2022-07-14,-0.582,53633,-0.6,-0.56,31,534,3.9999999999999925,100.43632958801498,0.4508620469152278,0.5873371449294653,0.24822594161041692,-0.05122231326718832,4,53.74375835045379,Normal market quality,False,Official ECB inputs; RepoLens derived score
2022-07-15,-0.582,56918,-0.6,-0.56,31,555,3.9999999999999925,102.55495495495495,0.9078268352483472,0.5850227902693705,0.5778338569201182,-0.05339333803955293,4,56.16462554840226,Normal market quality,False,Official ECB inputs; RepoLens derived score
2022-07-18,-0.582,58518,-0.6,-0.56,31,555,3.9999999999999925,105.43783783783783,1.1256202000403979,0.5827139268500986,0.5755212494429197,-0.055567637707929565,4,56.91861009743583,Normal market quality,False,Official ECB inputs; RepoLens derived score
2022-07-19,-0.583,57407,-0.6,-0.56,31,564,3.9999999999999925,101.7854609929078,0.9667433574133742,0.585571710773889,0.715172731804255,-0.055567637707929565,4,56.71881431395406,Normal market quality,False,Official ECB inputs; RepoLens derived score
2022-07-20,-0.582,56812,-0.6,-0.56,31,564,3.9999999999999925,100.73049645390071,0.8784492851965395,0.585571710773889,0.7111599696333767,-0.055567637707929565,4,56.39975315576795,Normal market quality,False,Official ECB inputs; RepoLens derived score
2022-07-21,-0.584,57875,-0.6,-0.56,31,522,3.9999999999999925,110.87164750957854,1.0200252180352505,0.5832599592295954,0.04660184681197199,-0.055567637707929565,4,55.22809423478919,Normal market quality,False,Official ECB inputs; RepoLens derived score
2022-07-22,-0.582,59491,-0.6,-0.56,31,564,3.9999999999999925,105.48049645390071,1.236230396505037,0.5779787886726789,0.7045079346392532,-0.05345506304668116,4,57.613205790617485,Normal market quality,False,Official ECB inputs; RepoLens derived score
2022-07-25,-0.583,63203,-0.6,-0.56,30,578,3.9999999999999925,109.3477508650519,1.7402540961515949,0.08677397597319697,0.9193092060115017,-0.05563196571571783,4,58.689545240065904,Normal market quality,False,Official ECB inputs; RepoLens derived score
2022-07-26,-0.581,64954,-0.6,-0.56,31,585,3.9999999999999925,111.03247863247863,1.9661942612858514,0.5727082414231042,1.0239790917475966,-0.05351700262028393,4,60.953673751357655,Normal market quality,False,Official ECB inputs; RepoLens derived score
2022-07-27,-0.085,57526,-0.1,-0.06,30,561,4.000000000000001,102.54188948306596,0.9303550279077327,0.08289012812238775,0.6392304774741179,-0.05140033094547156,4,55.13864460808654,Normal market quality,False,Official ECB inputs; RepoLens derived score
2022-07-28,-0.087,56028,-0.1,-0.06,31,564,4.000000000000001,99.34042553191489,0.7191311538033555,0.5686648324675431,0.6805179708693245,-0.05357915800635957,4,55.72028478366345,Normal market quality,False,Official ECB inputs; RepoLens derived score
2022-07-29,-0.091,56544,-0.1,-0.06,26,550,4.000000000000001,102.80727272727273,0.789310848723255,-1.8634801533605398,0.4555246518037301,-0.05357915800635957,4,49.32306795364891,Normal market quality,False,Official ECB inputs; RepoLens derived score
2022-08-01,-0.088,61402,-0.1,-0.06,30,529,4.000000000000001,116.0718336483932,1.4480671418239317,0.0861281857221834,0.12168088525091567,-0.05357915800635957,4,55.66812641082605,Normal market quality,False,Official ECB inputs; RepoLens derived score
2022-08-02,-0.087,62019,-0.1,-0.06,30,553,4.000000000000001,112.1500904159132,1.5208852475047783,0.09230340570293898,0.49985457178613807,-0.05357915800635957,4,56.883862046998956,Normal market quality,False,Official ECB inputs; RepoLens derived score
2022-08-03,-0.087,59914,-0.1,-0.06,29,542,4.000000000000001,110.54243542435424,1.2231459276167995,-0.39061963201905975,0.32399488631030626,-0.05576129481423327,4,54.198090824608265,Normal market quality,False,Official ECB inputs; RepoLens derived score
2022-08-04,-0.084,57966,-0.1,-0.06,32,546,4.000000000000001,106.16483516483517,0.9522600031752535,1.0719866174442403,0.3856636390681406,-0.05576129481423327,4,57.06067759461569,Normal market quality,False,Official ECB inputs; RepoLens derived score
2022-08-05,-0.085,57294,-0.1,-0.06,31,544,4.000000000000001,105.31985294117646,0.855722381043163,0.5832599592295954,0.35089775612264973,-0.05576129481423327,4,55.41406456425303,Normal market quality,False,Official ECB inputs; RepoLens derived score
2022-08-08,-0.085,55066,-0.1,-0.06,30,541,4.000000000000001,101.78558225508318,0.5511323312728514,0.09618438266654913,0.30035583008030414,-0.05576129481423327,4,53.00395563354346,Normal market quality,False,Official ECB inputs; RepoLens derived score
2022-08-09,-0.085,57449,-0.1,-0.06,31,540,4.000000000000001,106.38703703703703,0.8688003164496099,0.5832599592295954,0.28281407276152665,-0.055761294814233746,4,55.289628129772794,Normal market quality,False,Official ECB inputs; RepoLens derived score
2022-08-10,-0.086,56145,-0.1,-0.06,32,544,4.000000000000001,103.20772058823529,0.6892816442334372,1.0719866174442403,0.3440272793010547,-0.055761294814233746,4,56.03616243890162,Normal market quality,False,Official ECB inputs; RepoLens derived score
2022-08-11,-0.085,54669,-0.1,-0.06,30,529,4.000000000000001,103.34404536862004,0.4874742625168494,0.10025774119982071,0.10596702260531769,-0.055761294814233746,4,52.30536377054317,Normal market quality,False,Official ECB inputs; RepoLens derived score
2022-08-12,-0.088,43872,-0.1,-0.06,25,465,4.000000000000001,94.34838709677419,-0.9620997940987026,-2.329064449411228,-0.9032552478146894,-0.055761294814233746,4,38.6354934198111,Normal market quality,True,Official ECB inputs; RepoLens derived score
2022-08-15,-0.088,45407,-0.1,-0.06,27,452,4.000000000000001,100.45796460176992,-0.7530042610871192,-1.3324372743838484,-1.104523297453972,-0.05364153046107404,4,41.35254595229215,Normal market quality,False,Official ECB inputs; RepoLens derived score
2022-08-16,-0.087,57939,-0.1,-0.06,31,531,4.000000000000001,109.11299435028249,0.9231414472961659,0.597728752550644,0.1391611834310803,-0.05152004573635284,4,55.15049997409542,Normal market quality,False,Official ECB inputs; RepoLens derived score
2022-08-17,-0.087,56364,-0.1,-0.06,30,534,4.000000000000001,105.5505617977528,0.7048783765719944,0.1160401506542074,0.18032591188608388,-0.053704121250838274,4,53.28854565622896,Normal market quality,False,Official ECB inputs; RepoLens derived score
2022-08-18,-0.084,53819,-0.1,-0.06,31,538,4.000000000000001,100.03531598513011,0.3572063001036566,0.597728752550644,0.24022932755825416,-0.051580217663117996,4,53.42248757712972,Normal market quality,False,Official ECB inputs; RepoLens derived score
2022-08-19,-0.084,52193,-0.1,-0.06,29,522,4.000000000000001,99.98659003831418,0.13182281195788484,-0.3633388323762922,-0.02088850309846369,-0.049454554713163304,4,49.574993335235455,Normal market quality,False,Official ECB inputs; RepoLens derived score
2022-08-22,-0.082,50308,-0.1,-0.06,29,520,4.000000000000001,96.74615384615385,-0.12928153032428155,-0.3596963209416651,-0.05980287690364483,-0.04732709918905443,4,48.56975729803532,Normal market quality,False,Official ECB inputs; RepoLens derived score
2022-08-23,-0.08,47921,-0.1,-0.06,30,521,4.000000000000001,91.978886756238,-0.4547821154121792,0.1198987736472217,-0.04586582013935949,-0.04732709918905443,4,48.66433562861061,Normal market quality,False,Official ECB inputs; RepoLens derived score
2022-08-24,-0.082,46904,-0.1,-0.06,29,497,4.000000000000001,94.37424547283702,-0.5927130043741591,-0.3596963209416651,-0.4319056804698917,-0.04732709918905443,4,46.01749012994513,Normal market quality,False,Official ECB inputs; RepoLens derived score
2022-08-25,-0.08,45309,-0.1,-0.06,28,504,4.000000000000001,89.89880952380952,-0.8086556001658207,-0.8358742643964817,-0.3203879067473378,-0.04519781770756531,4,44.346846698121425,Normal market quality,False,Official ECB inputs; RepoLens derived score
2022-08-26,-0.08,42493,-0.1,-0.06,28,448,4.000000000000001,94.85044642857143,-1.1895994734869721,-0.8290672240647879,-1.2197245404606707,-0.04519781770756531,4,40.7822191580433,Normal market quality,False,Official ECB inputs; RepoLens derived score
2022-08-29,-0.081,41119,-0.1,-0.06,30,425,4.000000000000001,96.75058823529412,-1.3690053210836286,0.14154740565488552,-1.581125907055425,-0.04519781770756531,4,41.6773318492673,Normal market quality,False,Official ECB inputs; RepoLens derived score
2022-08-30,-0.084,47754,-0.1,-0.06,29,495,4.000000000000001,96.47272727272727,-0.4651638628229041,-0.3364260481600631,-0.4537630058852777,-0.04519781770756531,4,46.46425057156783,Normal market quality,False,Official ECB inputs; RepoLens derived score
2022-08-31,-0.091,46032,-0.1,-0.07,27,526,3.0,87.51330798479087,-0.6955624071681052,-1.3068606393372861,0.04058250543222452,-0.5875716301983862,4,45.28119368544655,Normal market quality,False,Official ECB inputs; RepoLens derived score
2022-09-01,-0.084,48239,-0.1,-0.06,28,518,4.000000000000001,93.12548262548262,-0.395908044977095,-0.8081655841787937,-0.0875450860558496,-0.04088565838555165,4,46.43637365457189,Normal market quality,False,Official ECB inputs; RepoLens derived score
2022-09-02,-0.083,49689,-0.1,-0.06,29,507,4.000000000000001,98.00591715976331,-0.1996888478551838,-0.3126459293781824,-0.2621263612110793,-0.038753154129457075,4,47.92228803722789,Normal market quality,False,Official ECB inputs; RepoLens derived score
2022-09-05,-0.087,53309,-0.1,-0.06,32,539,4.000000000000001,98.90352504638219,0.28843096487790204,1.169323594719329,0.2479545877390531,-0.03661869543559059,4,54.607631876372,Normal market quality,False,Official ECB inputs; RepoLens derived score
2022-09-06,-0.085,52441,-0.1,-0.06,31,531,4.000000000000001,98.75894538606403,0.17027580135367193,0.6773877919325662,0.11756913309636571,-0.03448224814782017,4,52.635080989531914,Normal market quality,False,Official ECB inputs; RepoLens derived score
2022-09-07,-0.076,57506,-0.1,-0.05,29,545,5.0,105.51559633027523,0.8493419527827097,-0.3050848810938186,0.3384059450150053,0.5110316911523405,4,52.28945195781394,Normal market quality,False,Official ECB inputs; RepoLens derived score
2022-09-08,-0.086,56029,-0.1,-0.06,31,530,4.000000000000001,105.71509433962264,0.6434957734931092,0.6849957804389877,0.0936228259283467,-0.03448224814782017,4,54.250505095365945,Normal market quality,False,Official ECB inputs; RepoLens derived score
2022-09-09,-0.085,61967,-0.1,-0.06,31,548,4.000000000000001,113.07846715328468,1.4388772269201224,0.6849957804389877,0.37977578166559806,-0.03234377792103103,4,57.74651486636344,Normal market quality,False,Official ECB inputs; RepoLens derived score
2022-09-12,-0.086,64826,-0.1,-0.06,30,556,4.000000000000001,116.59352517985612,1.812695399826522,0.1877445422115796,0.502344224443498,-0.03234377792103103,4,58.11817148291207,Normal market quality,False,Official ECB inputs; RepoLens derived score
2022-09-13,-0.083,72736,-0.1,-0.06,28,582,4.000000000000001,124.97594501718213,2.8542009371407278,-0.7966395527573432,0.9146154279871663,-0.030203250217878504,4,60.329947843393924,Normal market quality,False,Official ECB inputs; RepoLens derived score
2022-09-14,0.662,80024,0.65,0.69,31,703,3.9999999999999925,113.8321479374111,3.770581314501791,0.6862157274284404,2.8511552796339212,-0.028060630305506026,4,69.38551846311417,Strong market quality,False,Official ECB inputs; RepoLens derived score
2022-09-15,0.66,78908,0.65,0.68,31,687,3.0000000000000027,114.85880640465793,3.511222192665887,0.6817930654292793,2.541504690949245,-0.570149431548357,4,69.41346853826884,Strong market quality,False,Official ECB inputs; RepoLens derived score
2022-09-16,0.66,68082,0.65,0.68,32,596,3.0000000000000027,114.23154362416108,2.0499365150425692,1.1711390659069454,1.077131635700857,-0.5657718351970596,4,63.64411230946409,Normal market quality,False,Official ECB inputs; RepoLens derived score
2022-09-19,0.657,64024,0.65,0.68,30,578,3.0000000000000027,110.7681660899654,1.5163460496286787,0.18509541432139365,0.7886507342279445,-0.5614056578678605,4,58.58368503187551,Normal market quality,False,Official ECB inputs; RepoLens derived score
2022-09-20,0.659,69100,0.65,0.68,31,649,3.0000000000000027,106.47149460708783,2.138100455980947,0.6786068492594542,1.8895002281395898,-0.5570506486620764,4,64.73919526242403,Normal market quality,False,Official ECB inputs; RepoLens derived score
2022-09-21,0.661,61597,0.65,0.68,32,637,3.0000000000000027,96.69858712715856,1.1777755498387483,1.1652668287373615,1.6821392396738024,-0.5527065586759782,4,62.069789433477496,Normal market quality,False,Official ECB inputs; RepoLens derived score
2022-09-22,0.661,59724,0.65,0.68,33,635,3.0000000000000027,94.05354330708661,0.9353185440498037,1.6480890411720024,1.6358784477194264,-0.548373140929616,4,62.30609333779731,Normal market quality,False,Official ECB inputs; RepoLens derived score
2022-09-23,0.662,64010,0.65,0.68,34,677,3.0000000000000027,94.54948301329394,1.4610629188305784,2.1194909201401457,2.2628100730261385,-0.5440501502965807,4,66.8855479242676,Strong market quality,False,Official ECB inputs; RepoLens derived score
2022-09-26,0.663,62851,0.65,0.68,31,688,3.0000000000000027,91.35319767441861,1.3044126705630918,0.6427575615991746,2.397196752457529,-0.5397373434346617,4,62.97493614726457,Normal market quality,False,Official ECB inputs; RepoLens derived score
2022-09-27,0.662,57680,0.65,0.68,31,665,3.0000000000000027,86.73684210526316,0.6549219813846635,0.638533277466424,2.015601966308994,-0.5354344787173542,4,59.7307167623609,Normal market quality,False,Official ECB inputs; RepoLens derived score
2022-09-28,0.662,51093,0.65,0.68,32,634,3.0000000000000027,80.58832807570978,-0.16371099993984084,1.117252911535338,1.5311152699556847,-0.5311413161661657,4,56.84464392818736,Normal market quality,False,Official ECB inputs; RepoLens derived score
2022-09-29,0.661,50732,0.65,0.68,33,641,3.0000000000000027,79.14508580343214,-0.2101512403750728,1.5924787171303456,1.6219937129071949,-0.5268576173836842,4,58.09093815985662,Normal market quality,False,Official ECB inputs; RepoLens derived score
2022-09-30,0.642,35544,0.6,0.68,28,504,8.000000000000007,70.52380952380952,-2.0860620091910977,-0.8179745741224795,-0.4092416580643768,2.1947530162475632,4,36.338612862992676,Normal market quality,True,Official ECB inputs; RepoLens derived score
2022-10-03,0.656,51661,0.64,0.68,29,435,4.0000000000000036,118.76091954022988,-0.08685317116448638,-0.3343691414168527,-1.4233208527976937,0.012834135082766608,4,45.282537712763784,Normal market quality,False,Official ECB inputs; RepoLens derived score
2022-10-04,0.657,68294,0.65,0.68,32,705,3.0000000000000027,96.8709219858156,1.9518705077591418,1.1036001923752181,2.5506330669302746,-0.5231678604612816,4,66.75188171611265,Strong market quality,False,Official ECB inputs; RepoLens derived score
2022-10-05,0.652,63955,0.65,0.67,32,681,2.0000000000000018,93.91336270190895,1.4012767415517384,1.1036001923752181,2.1621393544497574,-1.0592885147957831,4,64.6577502346872,Normal market quality,False,Official ECB inputs; RepoLens derived score
2022-10-06,0.655,71592,0.65,0.68,32,708,3.0000000000000027,101.11864406779661,2.3156262561537693,1.099891349600441,2.5220748928966845,-0.5116790469715862,4,67.92712607323838,Strong market quality,False,Official ECB inputs; RepoLens derived score
2022-10-07,0.656,70327,0.65,0.68,33,718,3.0000000000000027,97.94846796657382,2.1325020795106115,1.5777751773578743,2.6260360958038698,-0.5074626046959902,4,68.73447936823548,Strong market quality,False,Official ECB inputs; RepoLens derived score
2022-10-10,0.655,67345,0.65,0.68,33,723,3.0000000000000027,93.1466113416321,1.750529705733274,1.5674426320638104,2.651934697436462,-0.5032543521884333,4,67.43017882209979,Strong market quality,False,Official ECB inputs; RepoLens derived score
2022-10-11,0.657,61477,0.65,0.68,33,709,3.0000000000000027,86.70944992947814,1.038752869806401,1.5616254460124044,2.4121032774078177,-0.4990540643763589,4,64.3185379494375,Normal market quality,False,Official ECB inputs; RepoLens derived score
2022-10-12,0.658,62435,0.65,0.68,33,712,3.0000000000000027,87.68960674157303,1.1439363418278394,1.5485524140783447,2.4154451844511122,-0.4948615172985394,4,64.65606346866889,Normal market quality,False,Official ECB inputs; RepoLens derived score
2022-10-13,0.658,62243,0.65,0.68,35,704,3.0000000000000027,88.41335227272727,1.1126169311745855,2.4854297415388587,2.269885210666085,-0.4906764880450748,4,66.51846137169102,Strong market quality,False,Official ECB inputs; RepoLens derived score
2022-10-14,0.657,62530,0.65,0.68,34,716,3.0000000000000027,87.33240223463687,1.1383549624542657,1.9807262389128923,2.397964481426872,-0.48830314398201047,4,65.66342388541236,Strong market quality,False,Official ECB inputs; RepoLens derived score
2022-10-17,0.658,62853,0.65,0.68,34,724,3.0000000000000027,86.81353591160222,1.1695650512580085,1.958198326383717,2.467209113295916,-0.48593438379216597,4,65.88589785429036,Strong market quality,False,Official ECB inputs; RepoLens derived score
2022-10-18,0.657,66734,0.65,0.68,33,736,3.0000000000000027,90.6711956521739,1.6150020964402196,1.4769622026138267,2.584384422076647,-0.48357016352891613,4,66.53122914456033,Strong market quality,False,Official ECB inputs; RepoLens derived score
2022-10-19,0.656,69700,0.65,0.68,32,736,3.0000000000000027,94.70108695652173,1.9447123169021172,1.004932537770697,2.5401445454972276,-0.4794097915639011,4,66.38830050467308,Strong market quality,False,Official ECB inputs; RepoLens derived score
2022-10-20,0.656,69925,0.65,0.68,33,730,3.0000000000000027,95.78767123287672,1.9483613225703347,1.4596922120887623,2.4211414439320778,-0.4752561291818378,4,67.23423296282103,Strong market quality,False,Official ECB inputs; RepoLens derived score
2022-10-21,0.657,67191,0.65,0.68,32,724,3.0000000000000027,92.80524861878453,1.6126248502332152,0.991996529598122,2.3109684043450476,-0.4729075764563761,4,64.61096067535874,Normal market quality,False,Official ECB inputs; RepoLens derived score
2022-10-24,0.658,63885,0.65,0.68,30,696,3.0000000000000027,91.78879310344827,1.2198257884554722,0.04834218209930888,1.9287036927561385,-0.47056333751682905,4,59.917849953008016,Normal market quality,False,Official ECB inputs; RepoLens derived score
2022-10-25,0.656,72486,0.65,0.68,33,767,3.0000000000000027,94.50586701434159,2.1986710102331815,1.4537670718707913,2.7899877163678806,-0.4664269090514876,4,69.00437586999004,Strong market quality,False,Official ECB inputs; RepoLens derived score
2022-10-26,0.656,71262,0.65,0.68,33,755,3.0000000000000027,94.38675496688742,2.0340041833571094,1.4407507038247893,2.589215778882445,-0.4622965174100472,4,67.88737562463304,Strong market quality,False,Official ECB inputs; RepoLens derived score
2022-10-27,0.657,70656,0.65,0.68,31,746,3.0000000000000027,94.71313672922253,1.9434997246883283,0.49330549024142734,2.436202640852512,-0.4581719474458336,4,64.81327728531275,Normal market quality,False,Official ECB inputs; RepoLens derived score
2022-10-28,0.656,63620,0.65,0.68,31,703,3.0000000000000027,90.49786628733997,1.1404347073234644,0.49583247940279496,1.883594613497124,-0.4540529845566986,4,60.62116868471697,Normal market quality,False,Official ECB inputs; RepoLens derived score
2022-10-31,0.648,48467,0.6,0.68,28,540,8.000000000000007,89.7537037037037,-0.5490290407117475,-0.9095124001498665,-0.07338636203426913,2.2496970731396364,4,42.24660584233909,Normal market quality,True,Official ECB inputs; RepoLens derived score
2022-11-01,0.659,63619,0.65,0.68,30,606,3.0000000000000027,104.98184818481849,1.1407791290105567,0.02780727479617611,0.7104005014836254,-0.45219418146837936,4,56.51653766443902,Normal market quality,False,Official ECB inputs; RepoLens derived score
2022-11-02,1.403,78196,1.39,1.43,32,750,4.0000000000000036,104.26133333333334,2.7501527969925292,0.960647533628042,2.414816582850286,0.08707359876438917,4,67.93358468252309,Strong market quality,False,Official ECB inputs; RepoLens derived score
2022-11-03,1.403,75612,1.39,1.43,32,735,4.0000000000000036,102.87346938775511,2.416008775357901,0.9574994836210406,2.2009612469312962,0.08926507698005168,4,66.21828492466342,Strong market quality,False,Official ECB inputs; RepoLens derived score
2022-11-04,1.401,68043,1.39,1.43,31,687,4.0000000000000036,99.04366812227074,1.5603225716916942,0.4845440312284595,1.612181149453176,0.09146035415320654,4,60.565751421395206,Normal market quality,False,Official ECB inputs; RepoLens derived score
2022-11-07,1.4,74250,1.39,1.43,33,754,4.0000000000000036,98.47480106100795,2.2138755211424805,1.4128069658875004,2.372272117807642,0.09146035415320654,4,67.07407150200673,Strong market quality,False,Official ECB inputs; RepoLens derived score
2022-11-08,1.4,72832,1.39,1.43,33,734,4.0000000000000036,99.22615803814713,2.033312230997985,1.4004068370674547,2.107235233736982,0.09365947385456609,4,65.74520877472219,Strong market quality,False,Official ECB inputs; RepoLens derived score
2022-11-09,1.4,73232,1.39,1.42,32,744,3.0000000000000027,98.43010752688173,2.0503504685554645,0.9279350542128787,2.1933584126814303,-0.4409674081007079,4,65.64091141933096,Strong market quality,False,Official ECB inputs; RepoLens derived score
2022-11-10,1.402,64502,1.39,1.43,32,689,4.0000000000000036,93.61683599419449,1.1094605690804349,0.9249064041487906,1.5445136104472048,0.10016502935363437,4,59.906414484241054,Normal market quality,False,Official ECB inputs; RepoLens derived score
2022-11-11,1.404,64567,1.39,1.43,32,678,4.0000000000000036,95.23156342182891,1.1088062362529356,0.9218901446334131,1.4066871311452251,0.10237722874646811,4,59.54869917321217,Normal market quality,False,Official ECB inputs; RepoLens derived score
2022-11-14,1.401,73688,1.39,1.43,32,717,4.0000000000000036,102.77266387726638,2.054089067366541,0.9218901446334131,1.8299972802578883,0.10459347965981756,4,63.91214007852142,Normal market quality,False,Official ECB inputs; RepoLens derived score
2022-11-15,1.4,73863,1.39,1.42,32,720,3.0000000000000027,102.5875,2.046458285872319,0.9152426860364242,1.8429879204172908,-0.431527864122636,4,64.70547231287136,Normal market quality,False,Official ECB inputs; RepoLens derived score
2022-11-16,1.401,72887,1.39,1.42,32,691,3.0000000000000027,105.48046309696093,1.9205546644079474,0.9100633434377154,1.5027716865291463,-0.42745512872880354,4,63.39521159343818,Normal market quality,False,Official ECB inputs; RepoLens derived score
2022-11-17,1.402,74283,1.39,1.43,32,677,4.0000000000000036,109.72378138847859,2.040513309418713,0.9034985175710535,1.335427459044994,0.11546903154027129,4,62.56590797719521,Normal market quality,False,Official ECB inputs; RepoLens derived score
2022-11-18,1.403,71998,1.39,1.43,33,673,4.0000000000000036,106.98068350668647,1.783668652603384,1.3585372792248513,1.2805861445823195,0.11770491826442878,4,62.66409146623313,Normal market quality,False,Official ECB inputs; RepoLens derived score
2022-11-21,1.403,71755,1.39,1.43,31,692,4.0000000000000036,103.69219653179191,1.739986037500208,0.42956707861894244,1.4775234815575338,0.11770491826442878,4,60.68112015429527,Normal market quality,False,Official ECB inputs; RepoLens derived score
2022-11-22,1.404,69424,1.39,1.43,31,703,4.0000000000000036,98.75391180654339,1.4882372431247872,0.42326655193108204,1.5836225952738368,0.11560284223342393,4,60.05264895559891,Normal market quality,False,Official ECB inputs; RepoLens derived score
2022-11-23,1.405,69635,1.39,1.43,31,697,4.0000000000000036,99.90674318507891,1.4981138368214288,0.4174881294955863,1.5035627267162321,0.11349991772760805,4,59.875775692813136,Normal market quality,False,Official ECB inputs; RepoLens derived score
2022-11-24,1.405,67439,1.39,1.43,31,685,4.0000000000000036,98.45109489051094,1.2697051316875934,0.41261222085699917,1.3617913924617036,0.11139611468241606,4,58.71288282217971,Normal market quality,False,Official ECB inputs; RepoLens derived score
2022-11-25,1.403,65891,1.39,1.43,31,670,4.0000000000000036,98.34477611940298,1.108244298605824,0.41261222085699917,1.1897918715999618,0.10731059309053594,4,57.72389938662698,Normal market quality,False,Official ECB inputs; RepoLens derived score
2022-11-28,1.403,66497,1.39,1.43,33,714,4.0000000000000036,93.13305322128852,1.161538268256707,1.3375699832704508,1.6529624362064739,0.10321214050132,4,61.38689677683881,Normal market quality,False,Official ECB inputs; RepoLens derived score
2022-11-29,1.402,62328,1.39,1.42,31,685,3.0000000000000027,90.98978102189781,0.7427223397368377,0.4004403661182765,1.3285055158706367,-0.4437975541878356,4,57.58758922533297,Normal market quality,False,Official ECB inputs; RepoLens derived score
2022-11-30,1.391,55636,1.35,1.42,30,628,6.999999999999984,88.59235668789809,0.07948583222473064,-0.06427096589833925,0.7134896099010379,1.7283198809799527,4,49.30876720132338,Normal market quality,False,Official ECB inputs; RepoLens derived score
2022-12-01,1.4,63638,1.39,1.42,32,674,3.0000000000000027,94.41839762611276,0.8647361921744829,0.8697885241779998,1.196878400414165,-0.45278474860280155,4,58.872421106995304,Normal market quality,False,Official ECB inputs; RepoLens derived score
2022-12-02,1.4,67719,1.38,1.42,32,700,4.0000000000000036,96.74142857142857,1.2598147062444547,0.8648125261152839,1.4626980013389155,0.08798187058159057,4,60.0961549846187,Normal market quality,False,Official ECB inputs; RepoLens derived score
2022-12-05,1.398,70191,1.38,1.42,32,729,4.0000000000000036,96.28395061728395,1.492349552688928,0.8598648939109744,1.7551588293552178,0.08586992120136828,4,61.63197786077468,Normal market quality,False,Official ECB inputs; RepoLens derived score
2022-12-06,1.406,68140,1.38,1.43,32,717,5.000000000000004,95.03486750348675,1.2776827307673155,0.8570362090807329,1.610854256790855,0.6237876621138961,4,59.70593422919373,Normal market quality,False,Official ECB inputs; RepoLens derived score
2022-12-07,1.399,68340,1.38,1.42,32,695,4.0000000000000036,98.33093525179856,1.2872604581416702,0.8570362090807329,1.3656271740183343,0.07537879169476308,4,59.94900187370137,Normal market quality,False,Official ECB inputs; RepoLens derived score
2022-12-08,1.4,64211,1.38,1.42,32,673,4.0000000000000036,95.41010401188707,0.8722763636941847,0.8606002253332902,1.1249297559395899,0.07121617456850794,4,57.90996796425908,Normal market quality,False,Official ECB inputs; RepoLens derived score
2022-12-09,1.4,61136,1.38,1.42,32,672,4.0000000000000036,90.97619047619048,0.5637364688190971,0.8606002253332902,1.10563176226872,0.06908831983450067,4,56.78502513012012,Normal market quality,False,Official ECB inputs; RepoLens derived score
2022-12-12,1.4,59004,1.38,1.42,31,681,4.0000000000000036,86.6431718061674,0.3475825795151261,0.3900458769401462,1.1902092194884035,0.06908831983450067,4,55.06354428962256,Normal market quality,False,Official ECB inputs; RepoLens derived score
2022-12-13,1.4,59597,1.38,1.42,32,712,4.0000000000000036,83.70365168539325,0.40049376909548434,0.8502426131347135,1.5018481672363424,0.06908831983450067,4,57.178322663010086,Normal market quality,False,Official ECB inputs; RepoLens derived score
2022-12-14,1.402,57818,1.39,1.43,34,723,4.0000000000000036,79.96957123098201,0.21650512117569712,1.7707693070699477,1.6021693188360138,0.06695892898326611,4,59.08967609540495,Normal market quality,False,Official ECB inputs; RepoLens derived score
2022-12-15,1.403,56994,1.39,1.43,33,676,4.0000000000000036,84.31065088757397,0.12459994800758398,1.2944036090512914,1.1046953685389695,0.06482796923451357,4,56.336605308150425,Normal market quality,False,Official ECB inputs; RepoLens derived score
2022-12-16,1.402,51586,1.38,1.43,31,573,5.000000000000004,90.02792321116928,-0.44844659710115736,0.3554401426167903,0.018513233443020985,0.6074968810567004,4,48.45407502871043,Normal market quality,False,Official ECB inputs; RepoLens derived score
2022-12-19,1.403,58519,1.39,1.43,32,711,4.0000000000000036,82.30520393811533,0.2660025407734719,0.8308158808497973,1.4956174671811153,0.06269540765354105,4,56.653049151304124,Normal market quality,False,Official ECB inputs; RepoLens derived score
2022-12-20,1.403,55299,1.39,1.43,32,696,4.0000000000000036,79.45258620689656,-0.08739532882180627,0.8297396279752888,1.3325808478866885,0.06490469523729675,4,55.00256049592267,Normal market quality,False,Official ECB inputs; RepoLens derived score
2022-12-21,1.902,53779,1.88,1.92,33,695,4.0000000000000036,77.37985611510791,-0.2577538380834362,1.3189608737341127,1.3106659185680745,0.06276967702099047,4,55.57777403193195,Normal market quality,False,Official ECB inputs; RepoLens derived score
2022-12-22,1.904,50329,1.89,1.93,33,656,4.0000000000000036,76.72103658536585,-0.6443439028304474,1.3098315786979537,0.875679292402004,0.06063301815599697,4,53.11762399060933,Normal market quality,False,Official ECB inputs; RepoLens derived score
2022-12-23,1.907,37171,1.89,1.93,31,490,4.0000000000000036,75.85918367346939,-2.187485062511804,0.31494143437798033,-1.0154059721704622,0.26972010912522787,4,40.18806077303964,Normal market quality,True,Official ECB inputs; RepoLens derived score
2022-12-27,1.906,37751,1.89,1.93,31,461,4.0000000000000036,81.88937093275489,-2.1273311269914617,0.3073254950904211,-1.3773022242727955,0.26972010912522787,4,39.474819068886106,Normal market quality,True,Official ECB inputs; RepoLens derived score
2022-12-28,1.906,47358,1.89,1.93,29,611,4.0000000000000036,77.50900163666121,-1.0149345197741875,-0.8136102618772383,0.38022304514253585,0.2697201091252278,4,44.95968097526575,Normal market quality,False,Official ECB inputs; RepoLens derived score
2022-12-29,1.905,48172,1.89,1.93,32,611,4.0000000000000036,78.84124386252046,-0.9225906355618859,0.8586561164192223,0.3745145234943104,0.2652073337080228,4,49.4560483747552,Normal market quality,False,Official ECB inputs; RepoLens derived score
2022-12-30,1.89,21896,1.8,1.93,27,261,12.99999999999999,83.89272030651341,-3.886391839805229,-1.9674174673623221,-3.7412141984964524,11.614079651628384,4,22.581456331594197,Weak market quality,True,Official ECB inputs; RepoLens derived score
2023-01-02,1.906,40569,1.89,1.93,31,437,4.0000000000000036,92.83524027459954,-1.7133089791141765,0.2898767949983483,-1.6224931241984386,0.17079952551822183,4,40.41567846182282,Normal market quality,False,Official ECB inputs; RepoLens derived score
2023-01-03,1.904,60166,1.89,1.92,32,661,3.0000000000000027,91.02269288956127,0.4406326842174172,0.8495471485954313,0.9428997834491414,-0.8539976275910782,4,57.30432816625901,Normal market quality,False,Official ECB inputs; RepoLens derived score
2023-01-04,1.904,62554,1.89,1.92,32,695,3.0000000000000027,90.00575539568345,0.7000080178471808,0.8495471485954313,1.3232217136522555,-0.8539976275910782,4,59.16294665947097,Normal market quality,False,Official ECB inputs; RepoLens derived score
2023-01-05,1.9,58241,1.88,1.92,31,613,4.0000000000000036,95.00978792822185,0.22567639443378482,0.28764194794963455,0.3795263792729907,0.17079952551822186,4,52.201588910297474,Normal market quality,False,Official ECB inputs; RepoLens derived score
2023-01-06,1.898,62072,1.88,1.92,30,612,4.0000000000000036,101.42483660130719,0.6418652357435717,-0.27426325269616225,0.3642594674540703,0.17079952551822186,4,52.21531957371994,Normal market quality,False,Official ECB inputs; RepoLens derived score
2023-01-09,1.9,72425,1.88,1.92,33,693,4.0000000000000036,104.50937950937951,1.7666177857465988,1.4109809527857782,1.2828593417563692,0.17079952551822186,4,62.66156369819113,Normal market quality,False,Official ECB inputs; RepoLens derived score
2023-01-10,1.9,69464,1.88,1.92,32,700,4.0000000000000036,99.23428571428572,1.4316033528481116,0.8440097243104883,1.3518236122008502,0.1669672901397585,4,60.2497441410371,Normal market quality,False,Official ECB inputs; RepoLens derived score
2023-01-11,1.9,68342,1.88,1.92,32,699,4.0000000000000036,97.77110157367667,1.2997277688137938,0.8373351622286901,1.3288395927590644,0.1631273108055145,4,59.71979311210939,Normal market quality,False,Official ECB inputs; RepoLens derived score
2023-01-12,1.9,69054,1.88,1.92,32,682,4.0000000000000036,101.25219941348973,1.3681738874933487,0.8340726959674718,1.1257790740280793,0.15927935159072387,4,59.449319003829515,Normal market quality,False,Official ECB inputs; RepoLens derived score
2023-01-13,1.901,66842,1.88,1.92,33,705,4.0000000000000036,94.8113475177305,1.1222824421221311,1.3906300449424878,1.3759959216561666,0.15542317331290284,4,60.61141870395474,Normal market quality,False,Official ECB inputs; RepoLens derived score
2023-01-16,1.902,70073,1.88,1.92,33,737,4.0000000000000036,95.078697421981,1.4624345744511202,1.3810919237144392,1.7236222668940009,0.15542317331290284,4,62.64717172713067,Normal market quality,False,Official ECB inputs; RepoLens derived score
2023-01-17,1.901,63933,1.88,1.92,33,698,4.0000000000000036,91.5945558739255,0.7972802943001721,1.3732939406060278,1.2700276365059355,0.15542317331290284,4,59.16565021286116,Normal market quality,False,Official ECB inputs; RepoLens derived score
2023-01-18,1.902,63490,1.88,1.92,33,682,4.0000000000000036,93.09384164222874,0.7458185037229023,1.363922361880203,1.0809569407863768,0.15155853343104103,4,58.49522521955004,Normal market quality,False,Official ECB inputs; RepoLens derived score
2023-01-19,1.903,61793,1.88,1.92,34,668,4.0000000000000036,92.50449101796407,0.5609122687224092,1.9089043237706693,0.9172017772011803,0.15155853343104103,4,58.80112039281149,Normal market quality,False,Official ECB inputs; RepoLens derived score
2023-01-20,1.903,61136,1.88,1.92,33,684,4.0000000000000036,89.38011695906432,0.4862657018769576,1.3335501882207312,1.0886012971872767,0.15155853343104103,4,57.52997086994281,Normal market quality,False,Official ECB inputs; RepoLens derived score
2023-01-23,1.902,61119,1.88,1.92,33,686,4.0000000000000036,89.09475218658892,0.4798929723683741,1.3225923582860375,1.102878167822503,0.15155853343104103,4,57.5159639184141,Normal market quality,False,Official ECB inputs; RepoLens derived score
2023-01-24,1.904,59356,1.88,1.92,33,665,4.0000000000000036,89.25714285714285,0.28839387504318015,1.3125444516909017,0.862873342427738,0.14442102188059347,4,56.23129151512684,Normal market quality,False,Official ECB inputs; RepoLens derived score
2023-01-25,1.904,54724,1.88,1.92,33,650,4.0000000000000036,84.19076923076923,-0.20308968018734994,1.3026405640944585,0.6912608057287922,0.144421021880593,4,54.05730801108151,Normal market quality,False,Official ECB inputs; RepoLens derived score
2023-01-26,1.904,55101,1.88,1.92,32,652,4.0000000000000036,84.51073619631902,-0.1608049645255999,0.7399765883761142,0.708713726415451,0.14051466222414413,4,52.8481364178031,Normal market quality,False,Official ECB inputs; RepoLens derived score
2023-01-27,1.906,55529,1.88,1.93,31,654,5.000000000000004,84.90672782874617,-0.11416979226340047,0.183749253062638,0.7256091149156946,1.1819762763560029,4,50.10083723248992,Normal market quality,False,Official ECB inputs; RepoLens derived score
2023-01-30,1.904,56238,1.88,1.92,32,675,4.0000000000000036,83.31555555555556,-0.036950415389520944,0.737931136237607,0.95256738222102,0.13601038359860065,4,53.892904266885346,Normal market quality,False,Official ECB inputs; RepoLens derived score
2023-01-31,1.894,53564,1.87,1.92,32,639,4.999999999999982,83.82472613458529,-0.3199872698558907,0.7349970122505539,0.5492594555253523,1.1819762763559798,4,50.31772131041018,Normal market quality,False,Official ECB inputs; RepoLens derived score
2023-02-01,1.901,61389,1.88,1.92,32,692,4.0000000000000036,88.71242774566474,0.5182868569933288,0.7349970122505539,1.1293634363414957,0.13601038359860113,4,56.27088954555887,Normal market quality,False,Official ECB inputs; RepoLens derived score
2023-02-02,1.902,62016,1.88,1.92,32,694,4.0000000000000036,89.36023054755043,0.5841647811623328,0.7320730775530614,1.1429196140017819,0.1320996725966674,4,56.53390895406027,Normal market quality,False,Official ECB inputs; RepoLens derived score
2023-02-03,1.898,60604,1.88,1.92,32,659,4.0000000000000036,91.96358118361154,0.43143704127324817,0.7320730775530614,0.7503139774697541,0.1320996725966674,4,55.017847773118405,Normal market quality,False,Official ECB inputs; RepoLens derived score
2023-02-06,1.901,62633,1.88,1.92,33,677,4.0000000000000036,92.51550960118169,0.6458445146160617,1.2827668552944689,0.9424064589092911,0.12817896818540403,4,57.63112063438751,Normal market quality,False,Official ECB inputs; RepoLens derived score
2023-02-07,1.902,65486,1.88,1.92,32,715,4.0000000000000036,91.58881118881119,0.9472594111961236,0.7282815966860451,1.351576679160804,0.12817896818540403,4,58.32278517652545,Normal market quality,False,Official ECB inputs; RepoLens derived score
2023-02-08,2.401,67762,2.38,2.42,32,715,4.0000000000000036,94.77202797202797,1.1834370700481711,0.7253829828166407,1.3403259414024604,0.12817896818540403,4,59.114033603438244,Normal market quality,False,Official ECB inputs; RepoLens derived score
2023-02-09,2.401,63901,2.38,2.42,31,680,4.0000000000000036,93.97205882352941,0.7662179512663113,0.17195683192329397,0.9487051399993431,0.12817896818540403,4,55.29114930696058,Normal market quality,False,Official ECB inputs; RepoLens derived score
2023-02-10,2.401,62565,2.38,2.42,32,671,4.0000000000000036,93.2414307004471,0.6210239237703433,0.7233614702961191,0.8441215745133569,0.12817896818540403,4,55.900022892941784,Normal market quality,False,Official ECB inputs; RepoLens derived score
2023-02-13,2.4,64095,2.38,2.42,32,698,4.0000000000000036,91.82664756446991,0.7795594527798276,0.7204773590710168,1.130553109870988,0.13267293372775096,4,57.15702485649278,Normal market quality,False,Official ECB inputs; RepoLens derived score
2023-02-14,2.4,66769,2.38,2.42,32,706,4.0000000000000036,94.57365439093485,1.05784660990052,0.7204773590710168,1.2084548120235707,0.13267293372775096,4,58.32578416179666,Normal market quality,False,Official ECB inputs; RepoLens derived score
2023-02-15,2.405,64905,2.38,2.43,32,713,5.000000000000027,91.03085553997195,0.8546623442485233,0.7204773590710168,1.2744550540247686,1.1774722868337812,4,56.212440807358625,Normal market quality,False,Official ECB inputs; RepoLens derived score
2023-02-16,2.4,60913,2.38,2.42,32,668,4.0000000000000036,91.187125748503,0.4286939197581638,0.7176029754528386,0.7795289442387279,0.13267293372775096,4,55.04424911779086,Normal market quality,False,Official ECB inputs; RepoLens derived score
2023-02-17,2.398,61164,2.38,2.42,32,691,4.0000000000000036,88.5151953690304,0.451406017089879,0.7147382301463551,1.0215134198442783,0.13267293372775096,4,55.72154078419953,Normal market quality,False,Official ECB inputs; RepoLens derived score
2023-02-20,2.4,61509,2.38,2.42,32,680,4.0000000000000036,90.45441176470588,0.4837882898665224,0.7087298140529205,0.8958799806488038,0.13267293372775096,4,55.50577410069551,Normal market quality,False,Official ECB inputs; RepoLens derived score
2023-02-21,2.398,62118,2.38,2.42,31,699,4.0000000000000036,88.86695278969957,0.5432007401948405,0.1496901077888677,1.0933241646928693,0.1287370313273739,4,54.815632724895224,Normal market quality,False,Official ECB inputs; RepoLens derived score
2023-02-22,2.399,62883,2.38,2.42,33,710,4.0000000000000036,88.56760563380281,0.622887008358704,1.2573145363787803,1.2028530428440325,0.13325372341480646,4,58.13064289219029,Normal market quality,False,Official ECB inputs; RepoLens derived score
2023-02-23,2.399,59267,2.38,2.42,33,701,4.0000000000000036,84.54636233951499,0.24026791416361676,1.247225536135988,1.0971812026926187,0.13779867014793926,4,56.495256541422265,Normal market quality,False,Official ECB inputs; RepoLens derived score
2023-02-24,2.398,58604,2.37,2.42,32,690,4.999999999999982,84.93333333333334,0.17023054587890502,0.6842747194926767,0.971715149327493,1.1976037965468624,4,52.9393758878063,Normal market quality,False,Official ECB inputs; RepoLens derived score
2023-02-27,2.398,56732,2.37,2.42,31,685,4.999999999999982,82.82043795620437,-0.02715909943725783,0.12513415877997128,0.9112973377832931,1.1976037965468622,4,50.699616198557464,Normal market quality,False,Official ECB inputs; RepoLens derived score
2023-02-28,2.388,52766,2.35,2.42,33,656,6.999999999999984,80.4359756097561,-0.4421293520771283,1.2295272382308362,0.5974015478471045,3.2946409317187952,4,48.519869232924904,Normal market quality,True,Official ECB inputs; RepoLens derived score
2023-03-01,2.398,56327,2.38,2.42,32,687,4.0000000000000036,81.98981077147016,-0.06293372243688543,0.6688658774859543,0.9233541205060104,0.12266130917225734,4,53.576290002692424,Normal market quality,False,Official ECB inputs; RepoLens derived score
2023-03-02,2.399,57449,2.38,2.42,32,663,4.0000000000000036,86.6500754147813,0.05694058462781649,0.6641464503735247,0.6633984190823535,0.11876511531635507,4,53.34000654686252,Normal market quality,False,Official ECB inputs; RepoLens derived score
2023-03-03,2.4,58001,2.37,2.42,34,669,4.999999999999982,86.69805680119582,0.11513120283816869,1.7651712364596963,0.7231761550187836,1.1507930139273863,4,54.89763816773871,Normal market quality,False,Official ECB inputs; RepoLens derived score
2023-03-06,2.399,65445,2.37,2.42,33,703,4.999999999999982,93.09388335704125,0.8983913257065571,1.2025139974089751,1.0781792098404712,1.1507930139273865,4,57.11991313720549,Normal market quality,False,Official ECB inputs; RepoLens derived score
2023-03-07,2.398,65310,2.37,2.42,33,683,4.999999999999982,95.62225475841873,0.878912138004376,1.1947577383862895,0.8592777091210364,1.1507930139273865,4,56.48509158089255,Normal market quality,False,Official ECB inputs; RepoLens derived score
2023-03-08,2.399,62619,2.37,2.42,33,666,4.999999999999982,94.02252252252252,0.5922140266926509,1.185371841119942,0.6745845755640396,1.1437260314159452,4,55.007051088010314,Normal market quality,False,Official ECB inputs; RepoLens derived score
2023-03-09,2.401,65684,2.38,2.42,33,701,4.0000000000000036,93.70042796005706,0.9115309407608558,1.1777771309461673,1.0390047082029066,0.11437260314160047,4,58.56075398582328,Normal market quality,False,Official ECB inputs; RepoLens derived score
2023-03-10,2.403,61813,2.38,2.42,33,682,4.0000000000000036,90.63489736070382,0.500022733090068,1.1733159809563427,0.8310293301888287,0.11876511531635557,4,56.58279517070363,Normal market quality,False,Official ECB inputs; RepoLens derived score
2023-03-13,2.401,68690,2.38,2.42,33,696,4.0000000000000036,98.69252873563218,1.218984110077005,1.1641653256097697,0.9724280194356891,0.11876511531635557,4,59.429780074908635,Normal market quality,False,Official ECB inputs; RepoLens derived score
2023-03-14,2.401,65706,2.38,2.42,34,695,4.0000000000000036,94.5410071942446,0.8998595341407539,1.701011660953534,0.9551330685546682,0.11876511531635557,4,59.61172252028861,Normal market quality,False,Official ECB inputs; RepoLens derived score
2023-03-15,2.4,60261,2.38,2.42,32,666,4.0000000000000036,90.48198198198199,0.326050222533118,0.6086283115662309,0.64441967034589,0.12318343324966945,4,54.08902058377171,Normal market quality,False,Official ECB inputs; RepoLens derived score
2023-03-16,2.399,65800,2.37,2.42,33,710,4.999999999999982,92.67605633802818,0.9011457110291001,1.1467838712668987,1.100996032102005,1.165121043233099,4,57.02577818217446,Normal market quality,False,Official ECB inputs; RepoLens derived score
2023-03-17,2.402,63966,2.38,2.42,33,674,4.0000000000000036,94.90504451038575,0.7033673234080735,1.1375960237926253,0.7158336378567286,0.11927230820602737,4,56.9164513237426,Normal market quality,False,Official ECB inputs; RepoLens derived score
2023-03-20,2.398,71668,2.36,2.42,31,709,6.000000000000005,101.08321579689704,1.500603143902239,0.05537598438140401,1.0764728461424586,2.1916619500912016,4,54.79424015483069,Normal market quality,True,Official ECB inputs; RepoLens derived score
2023-03-21,2.399,72609,2.37,2.42,33,731,4.999999999999982,99.32831737346102,1.5844685934375748,1.1268908918781493,1.2978488041294882,1.1323542112710856,4,59.908958000143976,Normal market quality,False,Official ECB inputs; RepoLens derived score
2023-03-22,2.898,73949,2.86,2.92,34,742,6.000000000000005,99.66172506738545,1.7077937016070697,1.6580204686108153,1.401518270303989,2.1529929192588058,4,60.39663542402354,Normal market quality,True,Official ECB inputs; RepoLens derived score
2023-03-23,2.899,66025,2.86,2.92,33,750,6.000000000000005,88.03333333333333,0.8739593204237395,1.1048892701233082,1.4722035843511598,2.125014815892009,4,56.31406753383124,Normal market quality,True,Official ECB inputs; RepoLens derived score
2023-03-24,2.899,63790,2.86,2.92,32,710,6.000000000000005,89.84507042253522,0.6367256001504428,0.5597632888865601,1.0453324353395768,2.1250148158920084,4,53.05375668725388,Normal market quality,True,Official ECB inputs; RepoLens derived score
2023-03-27,2.898,58900,2.85,2.92,31,665,6.999999999999984,88.57142857142857,0.12622793479968858,0.01915365556646179,0.5719303962088004,3.110624721223023,4,47.41950790123707,Normal market quality,True,Official ECB inputs; RepoLens derived score
2023-03-28,2.894,62061,2.85,2.92,33,740,6.999999999999984,83.86621621621622,0.4504262913587059,1.0899232712563816,1.3425409327701372,3.040760824867327,4,53.15765252982177,Normal market quality,True,Official ECB inputs; RepoLens derived score
2023-03-29,2.894,58622,2.85,2.92,33,730,6.999999999999984,80.30410958904109,0.09071367950355572,1.0812928110409494,1.2279981021467603,2.9761212267587616,4,51.62654332109358,Normal market quality,True,Official ECB inputs; RepoLens derived score
2023-03-30,2.896,55196,2.85,2.92,32,698,6.999999999999984,79.07736389684814,-0.266996727165386,0.5383326322243185,0.8878819606666715,2.914956466111496,4,48.25861323798138,Normal market quality,True,Official ECB inputs; RepoLens derived score
2023-03-31,2.884,52387,2.85,2.93,31,651,8.000000000000007,80.4715821812596,-0.5627120807467009,0.0,0.39607071131101995,3.805512670936004,4,44.5206844956641,Normal market quality,True,Official ECB inputs; RepoLens derived score
2023-04-03,2.898,58854,2.85,2.92,33,701,6.999999999999984,83.95720399429386,0.10599758439890776,1.0717935523058364,0.907856642641897,2.763600003870415,4,51.17471702695989,Normal market quality,True,Official ECB inputs; RepoLens derived score
2023-04-04,2.898,62307,2.85,2.92,33,673,6.999999999999984,92.58098068350668,0.462121275172128,1.0651155003493613,0.6116008290120423,2.7118316547490022,4,51.74146780438245,Normal market quality,True,Official ECB inputs; RepoLens derived score
2023-04-05,2.902,62246,2.87,2.93,32,665,6.000000000000005,93.60300751879699,0.4509034797651853,0.5250121334863161,0.523452676224945,1.7661091048001236,4,51.550160546256116,Normal market quality,False,Official ECB inputs; RepoLens derived score
2023-04-06,2.903,60428,2.85,2.93,30,614,8.000000000000007,98.41693811074919,0.2563982965891103,-0.5462065545755264,-0.009444098737554089,3.5343329075038414,4,45.00826740477918,Normal market quality,True,Official ECB inputs; RepoLens derived score
2023-04-11,2.897,65884,2.85,2.93,31,656,8.000000000000007,100.4329268292683,0.8219794861685619,-0.012702478013385216,0.4227865535246531,3.4384326331734507,4,49.40213839036814,Normal market quality,True,Official ECB inputs; RepoLens derived score
2023-04-12,2.898,67556,2.85,2.92,33,712,6.999999999999984,94.88202247191012,0.9913885088486084,1.0528165082116236,0.9993427225613967,2.4997570134754996,4,54.85062233768943,Normal market quality,True,Official ECB inputs; RepoLens derived score
2023-04-13,2.899,63211,2.85,2.93,31,650,8.000000000000007,97.2476923076923,0.5314522117851017,-0.02114986921654094,0.35010275330566776,3.303641771389001,4,48.18246495147067,Normal market quality,True,Official ECB inputs; RepoLens derived score
2023-04-14,2.896,59787,2.85,2.93,32,617,8.000000000000007,96.89951377633712,0.17054799094232523,0.5088002032152612,0.004151391650177928,3.223303696591338,4,47.37929695546174,Normal market quality,True,Official ECB inputs; RepoLens derived score
2023-04-17,2.897,63547,2.85,2.93,31,655,8.000000000000007,97.01832061068703,0.5596022788348469,-0.029683494527565354,0.3950573864994009,3.146024666985222,4,48.372042705851555,Normal market quality,True,Official ECB inputs; RepoLens derived score
2023-04-18,2.901,68036,2.87,2.93,32,739,6.000000000000005,92.06495263870094,1.0233587829757125,0.5046194069685959,1.2627446563337947,1.4806832846548543,4,55.77914097168869,Normal market quality,False,Official ECB inputs; RepoLens derived score
2023-04-19,2.902,64902,2.87,2.93,32,697,6.000000000000005,93.11621233859397,0.6900461701770965,0.4992160366240715,0.8173050905198165,1.467281882330175,4,53.5055415899843,Normal market quality,False,Official ECB inputs; RepoLens derived score
2023-04-20,2.904,62856,2.87,2.93,31,642,6.000000000000005,97.90654205607477,0.472096791601754,-0.0448315196582022,0.24153636681829732,1.454091874735798,4,49.96296307640268,Normal market quality,False,Official ECB inputs; RepoLens derived score
2023-04-21,2.902,59794,2.86,2.93,32,610,7.000000000000028,98.02295081967213,0.1486431154117079,0.4898519125550084,-0.09380963741573518,2.2316797517839086,4,48.162836964113296,Normal market quality,True,Official ECB inputs; RepoLens derived score
2023-04-24,2.905,59736,2.87,2.93,33,647,6.000000000000005,92.32766615146832,0.13336167974679283,1.05837467737873,0.28377871662732834,1.4178012924664107,4,51.69544742542931,Normal market quality,False,Official ECB inputs; RepoLens derived score
2023-04-25,2.901,62812,2.85,2.93,31,704,8.000000000000007,89.2215909090909,0.45324037687468105,-0.0962250448649416,0.8816656465013142,2.966957977115172,4,49.099505857479556,Normal market quality,True,Official ECB inputs; RepoLens derived score
2023-04-26,2.9,61905,2.85,2.93,33,686,8.000000000000007,90.24052478134111,0.3498377458978957,1.066139891091861,0.6832306403901738,2.904434233182767,4,51.24120708957357,Normal market quality,True,Official ECB inputs; RepoLens derived score
2023-04-27,2.9,57355,2.85,2.93,33,665,8.000000000000007,86.24812030075188,-0.14127066297919147,1.0595679893508727,0.45425411090334933,2.8469381846826267,4,49.019700653184444,Normal market quality,True,Official ECB inputs; RepoLens derived score
2023-04-28,2.894,51996,2.85,2.93,31,606,8.000000000000007,85.8019801980198,-0.7178894475433796,-0.12877530057309816,-0.17987963475624139,2.79061048780545,4,42.52983386356665,Normal market quality,True,Official ECB inputs; RepoLens derived score
2023-05-02,2.896,65823,2.85,2.93,33,675,8.000000000000007,97.51555555555555,0.765411889860852,1.0499827607893968,0.5553383179896374,2.7370378127730803,4,52.58668759230095,Normal market quality,True,Official ECB inputs; RepoLens derived score
2023-05-03,2.896,67244,2.85,2.92,32,677,6.999999999999984,99.32644017725258,0.9118031067610959,0.4518245579081802,0.5722540716965339,1.9639501748924766,4,52.8055821853369,Normal market quality,False,Official ECB inputs; RepoLens derived score
2023-05-04,2.897,72042,2.85,2.92,33,678,6.999999999999984,106.2566371681416,1.419815904191762,1.0377749855738252,0.578830586480002,1.940717489047641,4,56.099793361234276,Normal market quality,False,Official ECB inputs; RepoLens derived score
2023-05-05,2.898,59669,2.85,2.93,32,541,8.000000000000007,110.29390018484288,0.08160559503814073,0.44182867957470334,-0.8877949676325785,2.632486627628424,4,45.22197392104617,Normal market quality,True,Official ECB inputs; RepoLens derived score
2023-05-08,2.892,60288,2.85,2.92,32,527,6.999999999999984,114.39848197343454,0.1447043525501613,0.4393403295481724,-1.0344347104704363,1.8850117606214294,4,46.19121164068776,Normal market quality,False,Official ECB inputs; RepoLens derived score
2023-05-09,2.894,71757,2.85,2.92,33,677,6.999999999999984,105.99261447562778,1.3731025096659075,1.0242998538859593,0.5671422546622651,1.8640137732699664,4,55.98844339529629,Normal market quality,False,Official ECB inputs; RepoLens derived score
2023-05-10,3.145,73385,3.1,3.18,33,707,8.000000000000007,103.7977369165488,1.5358536446331483,1.016305231496377,0.8824377347319307,2.5410562386082542,4,56.31076081387441,Normal market quality,True,Official ECB inputs; RepoLens derived score
2023-05-11,3.145,73512,3.1,3.17,33,707,6.999999999999984,103.97736916548797,1.5352455174606838,1.009620583622584,0.8762661810808293,1.809904400426349,4,57.3732196222314,Normal market quality,False,Official ECB inputs; RepoLens derived score
2023-05-12,3.148,69524,3.1,3.18,32,697,8.000000000000007,99.74748923959828,1.0958296003818722,0.4165542791736042,0.7643631003712464,2.4774258156035334,4,53.07155832679338,Normal market quality,True,Official ECB inputs; RepoLens derived score
2023-05-15,3.145,69394,3.1,3.17,32,725,6.999999999999984,95.71586206896552,1.0733466905715898,0.4122318916306919,1.055956142361509,1.7589450205268249,4,54.78876597119083,Normal market quality,False,Official ECB inputs; RepoLens derived score
2023-05-16,3.147,66147,3.1,3.17,33,734,6.999999999999984,90.11852861035422,0.7196944516089555,0.9953045456560735,1.1432535821241574,1.7407415335192846,4,55.254213599802995,Normal market quality,False,Official ECB inputs; RepoLens derived score
2023-05-17,3.151,51541,3.1,3.18,33,557,8.000000000000007,92.53321364452424,-0.8398914261672153,0.9876848249851853,-0.7365412593936495,2.3971068335544197,4,44.09257867206196,Normal market quality,True,Official ECB inputs; RepoLens derived score
2023-05-18,3.153,47245,3.11,3.18,33,479,7.000000000000028,98.63256784968685,-1.2999118584173108,0.9799801975723744,-1.5618371815467078,1.69358496697097,4,41.45528858514712,Normal market quality,False,Official ECB inputs; RepoLens derived score
2023-05-19,3.151,60448,3.1,3.18,35,680,8.000000000000007,88.89411764705882,0.10297497488920433,2.1568525842729174,0.5635222127749697,2.3407103630707695,4,53.65028386012578,Normal market quality,True,Official ECB inputs; RepoLens derived score
2023-05-22,3.15,66982,3.1,3.18,34,724,8.000000000000007,92.51657458563535,0.8070660560033798,1.6022662543409196,1.0448589880262809,2.307061808839135,4,55.98195158867113,Normal market quality,True,Official ECB inputs; RepoLens derived score
2023-05-23,3.157,64741,3.13,3.18,34,684,5.000000000000027,94.65058479532163,0.5551652400066104,1.5868097742042078,0.5995229333846303,0.31605445194874815,4,56.934828431072106,Normal market quality,False,Official ECB inputs; RepoLens derived score
2023-05-24,3.148,63786,3.1,3.18,34,699,8.000000000000007,91.25321888412017,0.4455934753639489,1.571631738562453,0.7587455239857599,2.273391483231685,4,53.97543309529683,Normal market quality,True,Official ECB inputs; RepoLens derived score
2023-05-25,3.148,67877,3.1,3.17,33,717,6.999999999999984,94.66806136680614,0.8896092821680152,0.9487066503432663,0.9495683746883228,1.596271638196547,4,55.4649125928722,Normal market quality,False,Official ECB inputs; RepoLens derived score
2023-05-26,3.152,45100,3.12,3.17,31,447,4.999999999999982,100.89485458612975,-1.6348837076009846,-0.2877335145897203,-2.019040234034152,0.2853446959881908,4,38.082955607854586,Normal market quality,True,Official ECB inputs; RepoLens derived score
2023-05-29,3.147,38105,3.1,3.18,28,294,8.000000000000007,129.60884353741497,-2.413034934313689,-2.1455804177963747,-3.693732693665197,2.226431736090076,4,25.35077908127604,Weak market quality,True,Official ECB inputs; RepoLens derived score
2023-05-30,3.148,67350,3.1,3.18,34,728,8.000000000000007,92.51373626373626,0.8298773203411347,1.564777687211951,1.0576644895723863,2.196623925868619,4,56.16574017435188,Normal market quality,True,Official ECB inputs; RepoLens derived score
2023-05-31,3.144,65465,3.1,3.17,31,673,6.999999999999984,97.27340267459138,0.6140666288729909,-0.3070626534708401,0.45245709221630775,1.5295758668559944,4,50.218355497635145,Normal market quality,False,Official ECB inputs; RepoLens derived score
2023-06-01,3.147,68127,3.1,3.17,33,703,6.999999999999984,96.90896159317212,0.9110734888092709,0.9299755467812614,0.7847624381983926,1.5154213006196637,4,55.20247022235209,Normal market quality,False,Official ECB inputs; RepoLens derived score
2023-06-02,3.148,63724,3.1,3.18,32,651,8.000000000000007,97.8863287250384,0.4038879480778568,0.30460892043781923,0.19443560026267928,2.1342410329832697,4,49.45985757054884,Normal market quality,True,Official ECB inputs; RepoLens derived score
2023-06-05,3.148,67520,3.1,3.17,32,694,6.999999999999984,97.29106628242074,0.8312281471119974,0.30460892043781923,0.6745030312241812,1.4786352430707295,4,53.139125529440896,Normal market quality,False,Official ECB inputs; RepoLens derived score
2023-06-06,3.145,66595,3.1,3.17,33,734,6.999999999999984,90.72888283378747,0.7195459304048692,0.9212102850709143,1.1188409348698891,1.4653129094341313,4,55.42056944211785,Normal market quality,False,Official ECB inputs; RepoLens derived score
2023-06-07,3.144,61270,3.1,3.17,33,684,6.999999999999984,89.57602339181287,0.10841177346566531,0.9139153576354789,0.5487778571222848,1.4521990325634742,4,51.857875695179025,Normal market quality,False,Official ECB inputs; RepoLens derived score
2023-06-08,3.146,57060,3.1,3.17,33,655,6.999999999999984,87.1145038167939,-0.37338666599639686,0.907693687874718,0.21874725013166418,1.4413578024923095,4,49.347212310290104,Normal market quality,False,Official ECB inputs; RepoLens derived score
2023-06-09,3.147,60299,3.1,3.18,33,715,8.000000000000007,84.33426573426573,-0.011901055663668707,0.9004890917970817,0.8894430763913057,2.0461270550500026,4,51.36398614307313,Normal market quality,True,Official ECB inputs; RepoLens derived score
2023-06-12,3.147,65206,3.1,3.17,32,757,6.999999999999984,86.13738441215324,0.5488801927376569,0.2713329004014882,1.3805771414721515,1.40768726186789,4,53.939324886464064,Normal market quality,False,Official ECB inputs; RepoLens derived score
2023-06-13,3.147,63013,3.1,3.18,33,724,8.000000000000007,87.03453038674033,0.28746704684097435,0.8952615681200646,0.9876257224040289,2.0059536211734335,4,52.7044224584935,Normal market quality,True,Official ECB inputs; RepoLens derived score
2023-06-14,3.15,62361,3.1,3.18,33,715,8.000000000000007,87.21818181818182,0.20761069209201655,0.8890979604612539,0.8764927901490367,1.9812823491079616,4,52.168690775185844,Normal market quality,False,Official ECB inputs; RepoLens derived score
2023-06-15,3.147,63486,3.1,3.18,33,705,8.000000000000007,90.05106382978724,0.3357008862563247,0.8819973594882441,0.7544409726971452,1.9572662902352698,4,52.3301494970077,Normal market quality,False,Official ECB inputs; RepoLens derived score
2023-06-16,3.144,61559,3.1,3.18,33,705,8.000000000000007,87.3177304964539,0.10391583931232197,0.874940057346033,0.7482448260315544,1.9338745361580012,4,51.52085584180009,Normal market quality,False,Official ECB inputs; RepoLens derived score
2023-06-19,3.144,68345,3.1,3.17,33,748,6.999999999999984,91.37032085561498,0.898576504854435,0.8701506934027643,1.2393424255888525,1.3179849499055043,4,56.44177313961131,Normal market quality,False,Official ECB inputs; RepoLens derived score
2023-06-20,3.144,68151,3.1,3.17,33,759,6.999999999999984,89.7905138339921,0.8690361317073526,0.8631570424393512,1.3578083497037796,1.3069943268079938,4,56.63354845112157,Normal market quality,False,Official ECB inputs; RepoLens derived score
2023-06-21,3.395,68888,3.35,3.43,33,738,8.000000000000007,93.34417344173441,0.9496267194939793,0.8562038583904609,1.1036822572854739,1.8857273266653412,4,55.39481781742075,Normal market quality,False,Official ECB inputs; RepoLens derived score
2023-06-22,3.397,66147,3.35,3.43,34,697,8.000000000000007,94.90243902439025,0.6160219356796204,1.4843676052255235,0.6197798036015268,1.864115843321455,4,54.620271531964114,Normal market quality,False,Official ECB inputs; RepoLens derived score
2023-06-23,3.4,63330,3.35,3.43,32,692,8.000000000000007,91.51734104046243,0.27249544345683896,0.20582896231747796,0.5555709222404204,1.843020251305897,4,50.092703386534836,Normal market quality,False,Official ECB inputs; RepoLens derived score
2023-06-26,3.4,66302,3.35,3.43,33,704,8.000000000000007,94.17897727272727,0.6245891794267167,0.840591716890143,0.6897247392663155,1.8341268833551492,4,53.26066294335193,Normal market quality,False,Official ECB inputs; RepoLens derived score
2023-06-27,3.397,44339,3.35,3.43,21,436,8.000000000000007,101.69495412844037,-2.038023540125822,-6.900217902681178,-2.4451298866142492,1.813731034567636,4,26.533496341172548,Weak market quality,True,Official ECB inputs; RepoLens derived score
2023-06-28,3.4,62175,3.35,3.43,34,656,8.000000000000007,94.77896341463415,0.12696028842334237,1.3794953166434247,0.12780272959895447,1.793799353275288,4,51.52190709517471,Normal market quality,False,Official ECB inputs; RepoLens derived score
2023-06-29,3.4,59039,3.35,3.43,34,656,8.000000000000007,89.9984756097561,-0.25157766525557,1.367732231700995,0.12371455545718614,1.77431264489372,4,50.18662617216038,Normal market quality,False,Official ECB inputs; RepoLens derived score
2023-06-30,3.4,54440,3.35,3.43,33,593,8.000000000000007,91.8043844856661,-0.8052933940741358,0.7679303353793242,-0.6115525934575614,1.7552528010386415,4,44.93953827398697,Normal market quality,False,Official ECB inputs; RepoLens derived score
2023-07-03,3.399,71115,3.35,3.43,33,727,8.000000000000007,97.81980742778542,1.197315888672628,0.7615487661214199,0.943008695205268,1.7366027213385848,4,55.847095181663036,Normal market quality,False,Official ECB inputs; RepoLens derived score
2023-07-04,3.401,70015,3.35,3.43,33,725,8.000000000000007,96.57241379310345,1.0556915455344464,0.7583761405661231,0.912280018595223,1.71834624202099,4,55.29404144424244,Normal market quality,False,Official ECB inputs; RepoLens derived score
2023-07-05,3.404,65707,3.37,3.43,33,720,6.000000000000005,91.25972222222222,0.5312906368497459,0.7531068006798153,0.8467716081149217,0.5859870464316231,4,54.98023268131352,Normal market quality,False,Official ECB inputs; RepoLens derived score
2023-07-06,3.406,60693,3.37,3.43,33,683,6.000000000000005,88.8623718887262,-0.075574132048718,0.7478625343081909,0.4081614765586213,0.5814959943377888,4,51.75330657348984,Normal market quality,False,Official ECB inputs; RepoLens derived score
2023-07-07,3.406,58522,3.38,3.43,33,687,5.000000000000027,85.1848617176128,-0.34071131394968196,0.7426428921944351,0.4492786764216906,0.019897149440516813,4,51.757468598555654,Normal market quality,False,Official ECB inputs; RepoLens derived score
2023-07-10,3.402,59602,3.35,3.43,32,716,8.000000000000007,83.24301675977654,-0.21348847791140238,0.1493564419312057,0.7843007071665321,1.690021625889512,4,49.05190076122017,Normal market quality,False,Official ECB inputs; RepoLens derived score
2023-07-11,3.404,59026,3.37,3.43,31,698,6.000000000000005,84.56446991404012,-0.28427833259542773,-0.441219050199048,0.5660281941610918,0.5634405541780324,4,48.47188786455406,Normal market quality,False,Official ECB inputs; RepoLens derived score
2023-07-12,3.404,60154,3.37,3.43,32,721,6.000000000000005,83.43134535367545,-0.14861815933959407,0.147073016733016,0.831456513988976,0.5590223624738062,4,51.08762672540569,Normal market quality,False,Official ECB inputs; RepoLens derived score
2023-07-13,3.401,58592,3.35,3.43,32,665,8.000000000000007,88.10827067669173,-0.33829446472571056,0.14478883923276886,0.164267326659881,1.6638456517781866,4,47.092841310524356,Normal market quality,False,Official ECB inputs; RepoLens derived score
2023-07-14,3.402,59950,3.36,3.43,32,675,7.000000000000028,88.81481481481481,-0.17550481527785455,0.14250387114206195,0.2780488860973476,1.0951143025859538,4,48.7944435857471,Normal market quality,False,Official ECB inputs; RepoLens derived score
2023-07-17,3.4,64591,3.35,3.43,32,724,8.000000000000007,89.21408839779005,0.3833073339160154,0.1402180740532152,0.8538321568733657,1.6376324848055859,4,51.37025251881413,Normal market quality,False,Official ECB inputs; RepoLens derived score
2023-07-18,3.399,66299,3.35,3.43,32,720,8.000000000000007,92.08194444444445,0.586800162433772,0.13793140943574714,0.7994102986888844,1.6213406048839039,4,51.965143931503924,Normal market quality,False,Official ECB inputs; RepoLens derived score
2023-07-19,3.4,66284,3.35,3.43,33,712,8.000000000000007,93.09550561797752,0.5831628392029928,0.7239294426279915,0.6978916223119492,1.605354140055804,4,53.18759138947662,Normal market quality,False,Official ECB inputs; RepoLens derived score
2023-07-20,3.403,62567,3.37,3.43,33,695,6.000000000000005,90.02446043165467,0.13443824622494635,0.7188003141080289,0.4900396945248365,0.5025662337609194,4,52.7387845327281,Normal market quality,False,Official ECB inputs; RepoLens derived score
2023-07-21,3.404,58871,3.37,3.43,33,691,6.000000000000005,85.19681620839363,-0.3134725655635423,0.712629798147498,0.4370220509682156,0.49834547830387826,4,51.02945742586107,Normal market quality,False,Official ECB inputs; RepoLens derived score
2023-07-24,3.405,62607,3.37,3.43,33,723,6.000000000000005,86.59336099585062,0.13563420916735514,0.7075433932169519,0.8137963889532939,0.49413240137784936,4,53.53687058544458,Normal market quality,False,Official ECB inputs; RepoLens derived score
2023-07-25,3.405,62865,3.38,3.43,33,723,5.000000000000027,86.95020746887967,0.1639652226152054,0.7072461669310803,0.8070826745182829,-0.053956693453905934,4,54.440635422957484,Normal market quality,False,Official ECB inputs; RepoLens derived score
2023-07-26,3.402,62277,3.35,3.43,33,731,8.000000000000007,85.19425444596443,0.0922808741905765,0.7010801644869927,0.8965032939750949,1.5766529297996055,4,51.95196231112283,Normal market quality,False,Official ECB inputs; RepoLens derived score
2023-07-27,3.403,56915,3.35,3.43,34,702,8.000000000000007,81.07549857549857,-0.5550608962442218,1.3008969473861718,0.5409191752072651,1.5614750866905494,4,50.31961453959299,Normal market quality,False,Official ECB inputs; RepoLens derived score
2023-07-28,3.404,55643,3.35,3.43,33,700,8.000000000000007,79.49,-0.7067800337011093,0.6847317718484427,0.5109225701842394,1.5465639502563275,4,48.19555981174333,Normal market quality,False,Official ECB inputs; RepoLens derived score
2023-07-31,3.392,55532,3.35,3.43,33,634,8.000000000000007,87.58990536277602,-0.7186048758764285,0.6816944163365957,-0.2929443617497095,1.5319105462067455,4,46.1588922515896,Normal market quality,False,Official ECB inputs; RepoLens derived score
2023-08-01,3.404,67737,3.37,3.43,34,724,6.000000000000005,93.55939226519337,0.753323614318315,1.2834494384056103,0.793915929140653,0.4463253849002433,4,57.160557991629396,Normal market quality,False,Official ECB inputs; RepoLens derived score
2023-08-02,3.655,66373,3.63,3.68,34,722,5.000000000000027,91.92936288088643,0.5829479238992169,1.273017434224137,0.7630000761276401,-0.09355228956401804,4,57.27068994387273,Normal market quality,False,Official ECB inputs; RepoLens derived score
2023-08-03,3.653,59030,3.62,3.68,32,686,6.000000000000005,86.04956268221575,-0.30617232708459524,0.05280460789327029,0.3170350731854053,0.44046198047435325,4,49.192303087189075,Normal market quality,False,Official ECB inputs; RepoLens derived score
2023-08-04,3.653,57367,3.62,3.68,33,682,6.000000000000005,84.1158357771261,-0.5082622727310103,0.6576573892161743,0.26232564659599195,0.4363888480089001,4,49.86645636295853,Normal market quality,False,Official ECB inputs; RepoLens derived score
2023-08-07,3.653,63710,3.63,3.68,33,700,5.000000000000027,91.01428571428572,0.2554360329344844,0.6516507814078631,0.477913626019408,-0.10435316500027271,4,53.87446688133928,Normal market quality,False,Official ECB inputs; RepoLens derived score
2023-08-08,3.652,63032,3.63,3.68,34,719,5.000000000000027,87.66620305980528,0.16562113331439476,1.2833277227426827,0.7084843560556313,-0.1065680182824783,4,55.71905619101988,Normal market quality,False,Official ECB inputs; RepoLens derived score
2023-08-09,3.649,66877,3.61,3.68,33,737,7.000000000000028,90.74219810040705,0.630272934108448,0.6484975087368572,0.9314917695123038,0.9662843989555783,4,54.706501866569106,Normal market quality,False,Official ECB inputs; RepoLens derived score
2023-08-10,3.652,61856,3.61,3.68,33,702,7.000000000000028,88.11396011396012,0.009646229847542284,0.6434062510416017,0.48130984726790166,0.9589197526274601,4,51.40717242129897,Normal market quality,False,Official ECB inputs; RepoLens derived score
2023-08-11,3.653,60340,3.63,3.68,33,688,5.000000000000027,87.70348837209302,-0.17919280470327445,0.6373547251587443,0.29696538928985106,-0.12134622041815003,4,51.890644800287255,Normal market quality,False,Official ECB inputs; RepoLens derived score
2023-08-14,3.656,52135,3.63,3.68,29,579,5.000000000000027,90.04317789291882,-1.1921919391256612,-1.9273496543374893,-1.104149928634906,-0.1235783275546067,4,38.433946746961105,Normal market quality,False,Official ECB inputs; RepoLens derived score
2023-08-15,3.657,49828,3.63,3.68,30,540,5.000000000000027,92.27407407407408,-1.4759498840235217,-1.2874390971661485,-1.6130828495484635,-0.12581483241017788,4,37.771592787746414,Normal market quality,False,Official ECB inputs; RepoLens derived score
2023-08-16,3.654,60308,3.63,3.68,33,725,5.000000000000027,83.18344827586206,-0.1863144033373804,0.6323519884195214,0.7651146172991748,-0.1280557831679546,4,53.03364977736784,Normal market quality,False,Official ECB inputs; RepoLens derived score
2023-08-17,3.654,62347,3.63,3.68,33,719,5.000000000000027,86.7134909596662,0.05874994750874811,0.6263174594530884,0.6813917736285541,-0.13030122845136505,4,53.670349741661774,Normal market quality,False,Official ECB inputs; RepoLens derived score
2023-08-18,3.655,60583,3.63,3.68,33,723,5.000000000000027,83.79391424619641,-0.168198713426495,0.6203558981532974,0.7281714815512346,-0.1325512173308384,4,52.98144977826485,Normal market quality,False,Official ECB inputs; RepoLens derived score
2023-08-21,3.654,63692,3.63,3.68,33,768,5.000000000000027,82.93229166666667,0.21332976666615613,0.6155540446765025,1.3154517273433344,-0.13480579933057774,4,55.77637731237701,Normal market quality,False,Official ECB inputs; RepoLens derived score
2023-08-22,3.655,63994,3.63,3.68,33,763,5.000000000000027,83.87155963302752,0.2436244484839829,0.6108407677618894,1.2497776131572675,-0.1370650244354507,4,55.709829058645006,Normal market quality,False,Official ECB inputs; RepoLens derived score
2023-08-23,3.652,66859,3.61,3.68,33,772,7.000000000000028,86.60492227979275,0.6049805883420567,0.604802297651617,1.377447154388306,0.9410062464619251,4,55.66154631960412,Normal market quality,False,Official ECB inputs; RepoLens derived score
2023-08-24,3.649,68455,3.61,3.68,33,765,7.000000000000028,89.48366013071896,0.8060874232904242,0.5989152991437636,1.277161036969175,0.9338070814468127,4,56.11078619962861,Normal market quality,False,Official ECB inputs; RepoLens derived score
2023-08-25,3.652,57472,3.61,3.68,32,673,7.000000000000028,85.3967310549777,-0.6358801448166288,-0.09307647900952386,0.0027882003611146232,0.9264354671384606,4,46.15904559581308,Normal market quality,False,Official ECB inputs; RepoLens derived score
2023-08-28,3.651,54082,3.6,3.67,32,671,6.999999999999984,80.59910581222057,-1.0906044778260902,-0.10575964057505405,-0.03354626412604698,0.9193335658751555,4,44.4556192170432,Normal market quality,False,Official ECB inputs; RepoLens derived score
2023-08-29,3.652,59246,3.6,3.68,33,758,8.000000000000007,78.16094986807389,-0.4147208784048375,0.5930492742144419,1.1797528242112045,1.4519390011634474,4,50.80257366990202,Normal market quality,False,Official ECB inputs; RepoLens derived score
2023-08-30,3.652,58209,3.6,3.68,33,740,8.000000000000007,78.66081081081082,-0.556124152520042,0.5898434373205107,0.9186686642568378,1.438822338233078,4,49.66661221277361,Normal market quality,False,Official ECB inputs; RepoLens derived score
2023-08-31,3.646,51607,3.6,3.68,33,656,8.000000000000007,78.66920731707317,-1.4369626045032422,0.5846242492845826,-0.2808765077683651,1.4259059415413275,4,43.5911413257172,Normal market quality,False,Official ECB inputs; RepoLens derived score
2023-09-01,3.652,63929,3.61,3.68,34,710,7.000000000000028,90.04084507042253,0.20084428990075892,1.293968204825404,0.4836388584493883,0.8797308858187972,4,53.82737634411144,Normal market quality,False,Official ECB inputs; RepoLens derived score
2023-09-04,3.652,61244,3.61,3.68,34,731,7.000000000000028,83.78112175102599,-0.15871044764439868,1.2830768971978292,0.780433555274158,0.872952045718873,4,53.293861495846265,Normal market quality,False,Official ECB inputs; RepoLens derived score
2023-09-05,3.651,56037,3.6,3.68,33,691,8.000000000000007,81.09551374819102,-0.8480491230093256,0.5598217023887214,0.19386142749206353,1.3999220689085108,4,46.816152790806555,Normal market quality,False,Official ECB inputs; RepoLens derived score
2023-09-06,3.652,56487,3.61,3.68,33,687,7.000000000000028,82.22270742358079,-0.7828650211185343,0.553764887876247,0.1288281055911826,0.8553585965088205,4,47.683417014990475,Normal market quality,False,Official ECB inputs; RepoLens derived score
2023-09-07,3.652,57676,3.61,3.68,32,691,7.000000000000028,83.46743849493488,-0.6186018716780944,-0.17927266039609585,0.1818726233807988,0.8487318896536186,4,46.568295522108,Normal market quality,False,Official ECB inputs; RepoLens derived score
2023-09-08,3.653,56720,3.62,3.68,33,682,6.000000000000005,83.16715542521995,-0.7412898324364888,0.5473592257521335,0.05062672996749245,0.3102634738194298,4,48.43505526504221,Normal market quality,False,Official ECB inputs; RepoLens derived score
2023-09-11,3.652,60766,3.62,3.68,34,723,6.000000000000005,84.04702627939143,-0.18893609637962996,1.2727519406061305,0.6521704073745088,0.3048841682969794,4,53.693703280177424,Normal market quality,False,Official ECB inputs; RepoLens derived score
2023-09-12,3.654,60317,3.63,3.68,33,718,5.000000000000027,84.00696378830084,-0.24602645994930333,0.5346774545862382,0.5726591567691772,-0.2357657355428565,4,52.26089752188026,Normal market quality,False,Official ECB inputs; RepoLens derived score
2023-09-13,3.652,59384,3.63,3.68,33,713,5.000000000000027,83.2875175315568,-0.37036093363831346,0.5286000040903825,0.49287968116559217,-0.2408091279465136,4,51.61864963732561,Normal market quality,False,Official ECB inputs; RepoLens derived score
2023-09-14,3.653,58402,3.62,3.68,33,711,6.000000000000005,82.14064697609001,-0.498857094730155,0.5234210659639645,0.4595980057930477,0.2929337454958072,4,50.27214722959328,Normal market quality,False,Official ECB inputs; RepoLens derived score
2023-09-15,3.65,61884,3.6,3.68,33,709,8.000000000000007,87.28349788434414,-0.024963207962130925,0.5202769199905355,0.4259297914891582,1.368751559741201,4,50.225018211219975,Normal market quality,False,Official ECB inputs; RepoLens derived score
2023-09-18,3.648,62423,3.61,3.67,33,735,6.000000000000005,84.92925170068027,0.04693792057075012,0.5202769199905355,0.805678161558518,0.2767186796340674,4,53.06409240641916,Normal market quality,False,Official ECB inputs; RepoLens derived score
2023-09-19,3.651,61995,3.62,3.67,32,753,4.999999999999982,82.33067729083665,-0.010230397548068912,-0.20981778424873163,1.066660649645268,-0.2712266435020259,4,52.51314073732614,Normal market quality,False,Official ECB inputs; RepoLens derived score
2023-09-20,3.901,66589,3.88,3.92,34,753,4.0000000000000036,88.4316069057105,0.6130998466438075,1.258123642098399,1.06048895431459,-0.8208849262011095,4,59.173708343587464,Normal market quality,False,Official ECB inputs; RepoLens derived score
2023-09-21,3.902,58631,3.88,3.93,33,687,5.000000000000027,85.34352256186317,-0.4706504875445251,0.5130804326992203,0.0841822973935969,-0.27933248356978135,4,50.26487884418088,Normal market quality,False,Official ECB inputs; RepoLens derived score
2023-09-22,3.905,56917,3.88,3.93,33,700,5.000000000000027,81.31,-0.70993751318887,0.5099498685815103,0.27220536401948164,-0.28468895991061605,4,49.89764022520736,Normal market quality,False,Official ECB inputs; RepoLens derived score
2023-09-25,3.904,61800,3.89,3.93,33,734,4.0000000000000036,84.19618528610354,-0.04876450170037607,0.5099498685815103,0.7688242228318601,-0.8397448585158832,4,54.28587676035593,Normal market quality,False,Official ECB inputs; RepoLens derived score
2023-09-26,3.904,59418,3.89,3.93,32,717,4.0000000000000036,82.8702928870293,-0.39918892417398466,-0.24374866574711904,0.5118967170400998,-0.8329480554286463,4,50.52263097676647,Normal market quality,False,Official ECB inputs; RepoLens derived score
2023-09-27,3.905,57118,3.89,3.93,34,706,4.0000000000000036,80.90368271954674,-0.7294500926077756,1.2610814048017684,0.34065652200660085,-0.8329480554286463,4,52.700691576036675,Normal market quality,False,Official ECB inputs; RepoLens derived score
2023-09-28,3.906,56140,3.89,3.93,33,702,4.0000000000000036,79.97150997150997,-0.8614164825622314,0.4951145286998905,0.2793703309720391,-0.8371755154150482,4,50.17701773333459,Normal market quality,False,Official ECB inputs; RepoLens derived score
2023-09-29,3.88,46409,3.85,3.93,32,627,8.000000000000007,74.01754385964912,-2.226517406991811,-0.2639692257165301,-0.8696212960683377,1.3759853069856167,4,37.309234810588066,Normal market quality,True,Official ECB inputs; RepoLens derived score
2023-10-02,3.899,58997,3.86,3.92,33,667,6.000000000000005,88.4512743628186,-0.436651825646438,0.49194264792626324,-0.25230170136366686,0.2536396661092723,4,48.69036147748005,Normal market quality,False,Official ECB inputs; RepoLens derived score
2023-10-03,3.9,58245,3.86,3.93,32,607,7.000000000000028,95.95551894563427,-0.5368387285027422,-0.2639692257165301,-1.1667318824581359,0.8059541229292064,4,43.33538049540993,Normal market quality,False,Official ECB inputs; RepoLens derived score
2023-10-04,3.901,58453,3.88,3.92,33,693,4.0000000000000036,84.34776334776335,-0.5028580717855088,0.4951145286998905,0.1549666082785168,-0.8792688643822807,4,51.18410288777016,Normal market quality,False,Official ECB inputs; RepoLens derived score
2023-10-05,3.9,60302,3.86,3.92,33,695,6.000000000000005,86.76546762589928,-0.24151850446660475,0.4951145286998905,0.18650686133297753,0.23819705304753408,4,50.50144312987775,Normal market quality,False,Official ECB inputs; RepoLens derived score
2023-10-06,3.899,64631,3.86,3.92,33,719,6.000000000000005,89.89012517385257,0.36697618885750916,0.4951145286998905,0.5540687017100875,0.23246610076855917,4,53.55867558587339,Normal market quality,False,Official ECB inputs; RepoLens derived score
2023-10-09,3.9,65601,3.86,3.92,33,738,6.000000000000005,88.89024390243902,0.501587367665586,0.5049465666158518,0.8429446980891142,0.22670219642342526,4,54.78523065395683,Normal market quality,False,Official ECB inputs; RepoLens derived score
2023-10-10,3.899,62649,3.88,3.93,33,725,5.000000000000027,86.41241379310345,0.08583346001309912,0.5093442102820662,0.6426072266264746,-0.347134882443248,4,53.700998025982074,Normal market quality,False,Official ECB inputs; RepoLens derived score
2023-10-11,3.901,60959,3.88,3.93,32,722,5.000000000000027,84.43074792243767,-0.15095260013273926,-0.25232700124296403,0.5967744613246774,-0.35311247298459697,4,50.86245325921659,Normal market quality,False,Official ECB inputs; RepoLens derived score
2023-10-12,3.901,60525,3.88,3.93,32,705,5.000000000000027,85.85106382978724,-0.2087493989461894,-0.24938759843574096,0.3385887924576686,-0.3591540039817993,4,50.031111094715854,Normal market quality,False,Official ECB inputs; RepoLens derived score
2023-10-13,3.903,58666,3.88,3.93,33,730,5.000000000000027,80.36438356164383,-0.46549231578819295,0.5170230699277626,0.7227080789406638,-0.36526116892970173,4,52.017996520306944,Normal market quality,False,Official ECB inputs; RepoLens derived score
2023-10-16,3.902,59859,3.88,3.93,33,717,5.000000000000027,83.48535564853556,-0.2920704149319104,0.5170230699277626,0.5241345935251127,-0.37143572267315506,4,52.13780129038023,Normal market quality,False,Official ECB inputs; RepoLens derived score
2023-10-17,3.904,59751,3.88,3.93,33,739,5.000000000000027,80.85385656292287,-0.3034713363132442,0.513774255542895,0.8608182426400552,-0.3776794843536275,4,52.94085079489146,Normal market quality,False,Official ECB inputs; RepoLens derived score
2023-10-18,3.903,58447,3.88,3.93,33,743,5.000000000000027,78.66352624495289,-0.4850533913341252,0.5076373444742566,0.9180506085733955,-0.3839943405311439,4,52.44252452374641,Normal market quality,False,Official ECB inputs; RepoLens derived score
2023-10-19,3.905,56304,3.88,3.93,33,707,5.000000000000027,79.63790664780764,-0.7825714195155185,0.5076373444742566,0.37083199567918973,-0.3903822484940526,4,50.04274675482038,Normal market quality,False,Official ECB inputs; RepoLens derived score
2023-10-20,3.905,54814,3.88,3.93,33,704,5.000000000000027,77.86079545454545,-0.9874912781492309,0.5076373444742566,0.3286072608379158,-0.39684523977016334,4,49.22965989941337,Normal market quality,False,Official ECB inputs; RepoLens derived score
2023-10-23,3.905,57204,3.88,3.93,32,705,5.000000000000027,81.1404255319149,-0.6401516418054457,-0.26954967192278584,0.3470548661632538,-0.4033854238539368,4,48.558310375063016,Normal market quality,False,Official ECB inputs; RepoLens derived score
2023-10-24,3.904,57841,3.88,3.93,33,735,5.000000000000027,78.6952380952381,-0.5456438938830365,0.5002913855272142,0.8071240012356676,-0.4100049921656695,4,51.97379232656508,Normal market quality,False,Official ECB inputs; RepoLens derived score
2023-10-25,3.9,57445,3.88,3.93,33,742,5.000000000000027,77.41913746630728,-0.6111151826173767,0.4960844398358356,0.9101995316070336,-0.40432788400021547,4,51.98329861544668,Normal market quality,False,Official ECB inputs; RepoLens derived score
2023-10-26,3.901,56466,3.88,3.93,33,740,5.000000000000027,76.30540540540541,-0.747115079339375,0.48989777145417296,0.8719804541783915,-0.41101794790582014,4,51.406319708252326,Normal market quality,False,Official ECB inputs; RepoLens derived score
2023-10-27,3.903,55979,3.88,3.93,33,717,5.000000000000027,78.07391910739192,-0.8125634204058679,0.48659807256474114,0.5166814873295426,-0.4140972097989596,4,50.28537274301361,Normal market quality,False,Official ECB inputs; RepoLens derived score
2023-10-30,3.899,55708,3.86,3.92,33,747,6.000000000000005,74.57563587684069,-0.8462746408979857,0.4833051398567927,0.9834090106069272,0.18356384704065093,4,50.42947836245537,Normal market quality,False,Official ECB inputs; RepoLens derived score
2023-10-31,3.882,43203,3.85,3.93,30,556,8.000000000000007,77.70323741007195,-2.657403488783083,-1.9149492542805557,-1.978542672335026,1.3830854334466225,4,28.89072982255032,Weak market quality,True,Official ECB inputs; RepoLens derived score
2023-11-01,3.9,53935,3.85,3.93,33,636,8.000000000000007,84.80345911949685,-1.0717996455235197,0.48415828969764024,-0.7242214594446933,1.3712385121670865,4,43.59168554804942,Normal market quality,False,Official ECB inputs; RepoLens derived score
2023-11-02,3.903,62688,3.88,3.93,33,729,5.000000000000027,85.9917695473251,0.2032870754642711,0.48415828969764024,0.7137332558097297,-0.44048747231459284,4,54.36696483636526,Normal market quality,False,Official ECB inputs; RepoLens derived score
2023-11-03,3.902,62644,3.88,3.93,33,720,5.000000000000027,87.00555555555556,0.20418283199394963,0.4808831928164849,0.5764988507637256,-0.4474862677436515,4,54.029324422544825,Normal market quality,False,Official ECB inputs; RepoLens derived score
2023-11-06,3.9,67284,3.87,3.93,33,755,6.000000000000005,89.11788079470199,0.8815993587981196,0.47761465215261684,1.11326826859045,0.15342716042039045,4,56.8326643170205,Normal market quality,False,Official ECB inputs; RepoLens derived score
2023-11-07,3.902,66009,3.88,3.93,33,754,5.000000000000027,87.54509283819628,0.6934536439918157,0.4743525609030776,1.0904960324286268,-0.4564835784803129,4,57.02393460502108,Normal market quality,False,Official ECB inputs; RepoLens derived score
2023-11-08,3.902,64051,3.88,3.93,33,718,5.000000000000027,89.20752089136491,0.41515058871223653,0.4710968130080935,0.5341850059028286,-0.45973012947538294,4,54.65582680198321,Normal market quality,False,Official ECB inputs; RepoLens derived score
2023-11-09,3.902,62032,3.88,3.93,32,721,5.000000000000027,86.03606102635229,0.12607018279674778,-0.3234112229715091,0.5803520554433914,-0.4669622267814151,4,51.78404106114044,Normal market quality,False,Official ECB inputs; RepoLens derived score
2023-11-10,3.904,58443,3.88,3.93,33,696,5.000000000000027,83.96982758620689,-0.3988706899729622,0.4678473031335434,0.19498932506635544,-0.474294265572144,4,50.972485553952595,Normal market quality,False,Official ECB inputs; RepoLens derived score
2023-11-13,3.903,61469,3.88,3.93,33,725,5.000000000000027,84.7848275862069,0.059497534443979316,0.46460392665365563,0.6382710839390868,-0.4776394997751836,4,53.68188814669856,Normal market quality,False,Official ECB inputs; RepoLens derived score
2023-11-14,3.902,64341,3.88,3.93,33,742,5.000000000000027,86.71293800539084,0.49731341744432295,0.46460392665365563,0.8949706195607755,-0.4810022208951037,4,55.861036657933866,Normal market quality,False,Official ECB inputs; RepoLens derived score
2023-11-15,3.899,64207,3.87,3.92,33,726,4.999999999999982,88.43939393939394,0.48388289377275334,0.4592807485288993,0.6458991785632688,-0.48438265519908674,4,55.18311392873369,Normal market quality,False,Official ECB inputs; RepoLens derived score
2023-11-16,3.906,58841,3.88,3.93,33,715,5.000000000000027,82.2951048951049,-0.3233782813940375,0.45395543136060645,0.4759960031615114,-0.48778103285924546,4,51.92472615071503,Normal market quality,False,Official ECB inputs; RepoLens derived score
2023-11-17,3.902,58726,3.88,3.93,32,703,5.000000000000027,83.53627311522048,-0.33537968901358906,-0.3475282523026133,0.29143207457313647,-0.49119758804217073,4,49.422727026192,Normal market quality,False,Official ECB inputs; RepoLens derived score
2023-11-20,3.903,60329,3.88,3.93,33,716,5.000000000000027,84.25837988826815,-0.08700541527666415,0.4465275708154983,0.488830320417988,-0.4946325590004403,4,52.77582461311605,Normal market quality,False,Official ECB inputs; RepoLens derived score
2023-11-21,3.901,59916,3.88,3.93,32,707,5.000000000000027,84.74681753889675,-0.14660395712769805,-0.3586652950106718,0.34846031945369366,-0.49808618816712624,4,50.2085029934113,Normal market quality,False,Official ECB inputs; RepoLens derived score
2023-11-22,3.902,63077,3.86,3.93,33,718,7.000000000000028,87.85097493036211,0.3389581886802485,0.44442477136194647,0.5169026492337658,0.7436905192024952,4,52.474136433066406,Normal market quality,False,Official ECB inputs; RepoLens derived score
2023-11-23,3.902,62938,3.85,3.93,33,718,8.000000000000007,87.65738161559888,0.31727854678295275,0.43908096551096165,0.5146305111618823,1.3633009855667508,4,51.44980212707232,Normal market quality,False,Official ECB inputs; RepoLens derived score
2023-11-24,3.904,59214,3.85,3.93,33,686,8.000000000000007,86.31778425655976,-0.2549390222108047,0.4327340717744144,0.020852260043187607,1.3572721199285875,4,48.205771071913304,Normal market quality,False,Official ECB inputs; RepoLens derived score
2023-11-27,3.903,58707,3.85,3.93,33,713,8.000000000000007,82.33800841514727,-0.32968348341058396,0.4294909763666592,0.4325856445502018,1.3484015212436162,4,48.97869707848969,Normal market quality,False,Official ECB inputs; RepoLens derived score
2023-11-28,3.903,56462,3.86,3.93,34,722,7.000000000000028,78.202216066482,-0.6681244088575635,1.23388982446247,0.56913427981297,0.712038916364433,4,51.101066455140476,Normal market quality,False,Official ECB inputs; RepoLens derived score
2023-11-29,3.902,59425,3.86,3.93,35,732,7.000000000000028,81.18169398907104,-0.20742844262847385,2.029598975333437,0.7224728275406309,0.705807414760881,4,55.09546883584419,Normal market quality,False,Official ECB inputs; RepoLens derived score
2023-11-30,3.891,53155,3.85,3.93,33,643,8.000000000000007,82.66718506998444,-1.1667839240121565,0.4059371375959398,-0.6376752116094375,1.3266068258458705,4,43.347000842154905,Normal market quality,False,Official ECB inputs; RepoLens derived score
2023-12-01,3.904,59876,3.86,3.93,34,703,7.000000000000028,85.17211948790896,-0.12401287228303622,1.2019362882170042,0.2813337598592528,0.690151734586829,4,52.238902465319775,Normal market quality,False,Official ECB inputs; RepoLens derived score
2023-12-04,3.904,62751,3.88,3.93,34,727,5.000000000000027,86.3149931224209,0.3209328132808205,1.192562925596008,0.6456084314802278,-0.5695804685128258,4,56.5730639419427,Normal market quality,False,Official ECB inputs; RepoLens derived score
2023-12-05,3.905,61762,3.88,3.93,33,721,5.000000000000027,85.6615811373093,0.1677394687165618,0.38811972371319947,0.5503369783514546,-0.5733350631472156,4,53.79323249039042,Normal market quality,False,Official ECB inputs; RepoLens derived score
2023-12-06,3.904,59622,3.87,3.93,32,689,6.000000000000005,86.53410740203194,-0.1631685723623076,-0.41444185828408325,0.06009130096113421,0.05246479925403836,4,48.464336404543495,Normal market quality,False,Official ECB inputs; RepoLens derived score
2023-12-07,3.903,59408,3.87,3.93,32,669,6.000000000000005,88.80119581464874,-0.19610803912743424,-0.41444185828408325,-0.24328670145530326,0.047606777419828765,4,47.59789029757577,Normal market quality,False,Official ECB inputs; RepoLens derived score
2023-12-08,3.903,58052,3.87,3.93,32,662,6.000000000000005,87.69184290030212,-0.405824815604617,-0.4091188495595266,-0.34689033859053575,0.04272174776764043,4,46.625507553357224,Normal market quality,False,Official ECB inputs; RepoLens derived score
2023-12-11,3.902,47179,3.85,3.93,30,618,8.000000000000007,76.34142394822007,-2.080454714701657,-2.0043146168799617,-1.0167447382048378,1.308190779870612,4,33.20347394102629,Weak market quality,True,Official ECB inputs; RepoLens derived score
2023-12-12,3.905,55328,3.88,3.93,33,706,5.000000000000027,78.36827195467423,-0.819411780122835,0.394414842771136,0.3232819398114677,-0.6033352545144737,4,49.8313036077983,Normal market quality,False,Official ECB inputs; RepoLens derived score
2023-12-13,3.905,57182,3.88,3.93,33,706,5.000000000000027,80.9943342776204,-0.5327930669820817,0.3912653905312289,0.32362122883667216,-0.6072629199681436,4,50.83333519393468,Normal market quality,False,Official ECB inputs; RepoLens derived score
2023-12-14,3.907,58391,3.88,3.93,33,705,5.000000000000027,82.8241134751773,-0.3491636524456185,0.38811972371319947,0.3076641162884599,-0.6112162173433718,4,51.43421114245954,Normal market quality,False,Official ECB inputs; RepoLens derived score
2023-12-15,3.904,57164,3.87,3.93,33,703,6.000000000000005,81.31436699857753,-0.5409857291591215,0.38811972371319947,0.276415557006394,0.022785019288383505,4,49.73371062080948,Normal market quality,False,Official ECB inputs; RepoLens derived score
2023-12-18,3.901,62364,3.85,3.93,32,723,8.000000000000007,86.25726141078839,0.25408155596333865,-0.40705239316261943,0.5796842054459155,1.297764449765097,4,49.37421830193228,Normal market quality,False,Official ECB inputs; RepoLens derived score
2023-12-19,3.901,58361,3.85,3.93,33,716,8.000000000000007,81.50977653631286,-0.38880866913785667,0.3859513014580833,0.46650544827349494,1.287439097166057,4,48.83915288659736,Normal market quality,False,Official ECB inputs; RepoLens derived score
2023-12-20,3.901,57872,3.85,3.93,33,696,8.000000000000007,83.14942528735632,-0.49236765368398233,0.3806275671537547,0.14278233910793633,1.2772487121706175,4,47.66936490950437,Normal market quality,False,Official ECB inputs; RepoLens derived score
2023-12-21,3.899,54035,3.85,3.93,33,667,8.000000000000007,81.0119940029985,-1.1340429536649224,0.37381618932341193,-0.3264876765822543,1.267190107042638,4,44.24838578346171,Normal market quality,False,Official ECB inputs; RepoLens derived score
2023-12-22,3.899,51884,3.85,3.93,33,644,8.000000000000007,80.56521739130434,-1.5005047005367687,0.3706342134995546,-0.7002181541082648,1.2572602164481492,4,42.03838337192731,Normal market quality,False,Official ECB inputs; RepoLens derived score
2023-12-27,3.9,52552,3.85,3.93,34,631,8.000000000000007,83.28367670364501,-1.5359145181846356,1.2133905612337905,-1.0341846414568898,1.3190353383377464,4,43.09376097828941,Normal market quality,False,Official ECB inputs; RepoLens derived score
2023-12-28,3.9,57717,3.85,3.93,33,632,8.000000000000007,91.3243670886076,-0.6287493660647567,0.3565109251218727,-1.0716621758521165,1.3087025322570545,4,44.04844529356216,Normal market quality,False,Official ECB inputs; RepoLens derived score
2023-12-29,3.882,43965,3.83,3.93,30,517,10.000000000000009,85.03868471953578,-3.15866948521123,-2.190025144336465,-3.1924029451821205,2.6379345688454485,4,22.56803528589067,Weak market quality,True,Official ECB inputs; RepoLens derived score
2024-01-02,3.906,63141,3.88,3.93,32,621,5.000000000000027,101.67632850241546,0.37843888201952136,-0.48344081937689865,-1.233222641343737,-0.7172545934060941,4,48.10875932537588,Normal market quality,False,Official ECB inputs; RepoLens derived score
2024-01-03,3.904,65797,3.88,3.93,33,688,5.000000000000027,95.63517441860465,0.8548436740447276,0.3544876506739109,-0.020213156840221264,-0.7219027255367083,4,54.91049318204583,Normal market quality,False,Official ECB inputs; RepoLens derived score
2024-01-04,3.902,65145,3.86,3.93,32,676,7.000000000000028,96.36834319526628,0.7333677971046887,-0.5029443591942216,-0.24416101692243058,0.6099094115581897,4,49.7841597322375,Normal market quality,False,Official ECB inputs; RepoLens derived score
2024-01-05,3.905,63913,3.88,3.93,33,661,5.000000000000027,96.69137670196672,0.5201200124688499,0.3509580934215557,-0.5158519049097029,-0.7368800284478925,4,52.513505557592445,Normal market quality,False,Official ECB inputs; RepoLens derived score
2024-01-08,3.904,64352,3.88,3.93,33,678,5.000000000000027,94.91445427728614,0.6064135016735988,0.3476729462886222,-0.2036060963717351,-0.7416695542778496,4,53.595118712066586,Normal market quality,False,Official ECB inputs; RepoLens derived score
2024-01-09,3.904,63395,3.88,3.93,33,703,5.000000000000027,90.1778093883357,0.4358882944312314,0.3443900722730145,0.25260845894368217,-0.7464983296843343,4,54.137852853077554,Normal market quality,False,Official ECB inputs; RepoLens derived score
2024-01-10,3.906,59353,3.88,3.93,33,689,5.000000000000027,86.14368650217706,-0.3009147512622603,0.3411093629746083,-0.003536190853437681,-0.7513670252663772,4,50.917781838784585,Normal market quality,False,Official ECB inputs; RepoLens derived score
2024-01-11,3.905,59616,3.88,3.93,33,678,5.000000000000027,87.929203539823,-0.24766187416247956,0.3411093629746083,-0.20246234051194928,-0.756276327667811,4,50.614215488089684,Normal market quality,False,Official ECB inputs; RepoLens derived score
2024-01-12,3.904,57373,3.88,3.93,33,673,5.000000000000027,85.24962852897474,-0.6566543463314909,0.3411093629746083,-0.2895660136407502,-0.7612269400788604,4,48.97240857129272,Normal market quality,False,Official ECB inputs; RepoLens derived score
2024-01-15,3.902,54460,3.85,3.93,32,682,8.000000000000007,79.8533724340176,-1.19091502432893,-0.5099753842491642,-0.12380721944007647,1.2806426241841071,4,42.32637696934948,Normal market quality,False,Official ECB inputs; RepoLens derived score
2024-01-16,3.905,59040,3.86,3.93,33,714,7.000000000000028,82.6890756302521,-0.33568757324911536,0.3443900722730145,0.45901906051601127,0.5880968659033343,4,49.95147102674566,Normal market quality,False,Official ECB inputs; RepoLens derived score
2024-01-17,3.904,59594,3.86,3.93,33,700,7.000000000000028,85.13428571428571,-0.23132022998538304,0.3486795267024135,0.2006821545816194,0.582062691933536,4,49.690689360360935,Normal market quality,False,Official ECB inputs; RepoLens derived score
2024-01-18,3.907,57406,3.88,3.93,32,650,5.000000000000027,88.31692307692308,-0.6341383142467637,-0.5044004803753371,-0.7109783945992723,-0.799891538431265,4,45.9419060203467,Normal market quality,False,Official ECB inputs; RepoLens derived score
2024-01-19,3.904,59307,3.86,3.93,33,698,7.000000000000028,84.96704871060172,-0.2802139356174921,0.3519736599238124,0.16553001256584868,0.5751091894604227,4,49.450346622372294,Normal market quality,False,Official ECB inputs; RepoLens derived score
2024-01-22,3.902,61554,3.85,3.93,33,706,8.000000000000007,87.18696883852691,0.13435660826045645,0.3519736599238124,0.3087816749640634,1.2618652770887022,4,50.229338550498234,Normal market quality,False,Official ECB inputs; RepoLens derived score
2024-01-23,3.902,61212,3.85,3.93,33,713,8.000000000000007,85.85133239831697,0.06642990893248933,0.3519736599238124,0.43247722436847713,1.2526568767994026,4,50.31464657679533,Normal market quality,False,Official ECB inputs; RepoLens derived score
2024-01-24,3.905,56822,3.86,3.93,33,704,7.000000000000028,80.71306818181819,-0.7516628259636237,0.3486795267024135,0.2643016416766669,0.5487177968845951,4,48.07855633474813,Normal market quality,False,Official ECB inputs; RepoLens derived score
2024-01-25,3.905,57863,3.86,3.93,33,701,7.000000000000028,82.5435092724679,-0.560116553584848,0.343095345757934,0.20616242930037215,0.5436514209633623,4,48.59725936865375,Normal market quality,False,Official ECB inputs; RepoLens derived score
2024-01-26,3.904,54908,3.86,3.93,33,676,7.000000000000028,81.22485207100591,-1.110469445874977,0.3397987635590108,-0.2516215805083859,0.537627811222449,4,45.52735818023047,Normal market quality,False,Official ECB inputs; RepoLens derived score
2024-01-29,3.907,54126,3.88,3.93,34,699,5.000000000000027,77.43347639484979,-1.2582061363795485,1.193060220343315,0.16540519628285863,-0.865426306644859,4,50.290581524204306,Normal market quality,False,Official ECB inputs; RepoLens derived score
2024-01-30,3.907,58289,3.88,3.93,34,713,5.000000000000027,81.75175315568022,-0.47743379644547657,1.183574361699589,0.4205945950527005,-0.8711559475882571,4,53.64613802570394,Normal market quality,False,Official ECB inputs; RepoLens derived score
2024-01-31,3.894,49340,3.85,3.93,33,637,8.000000000000007,77.45682888540031,-2.13242691855187,0.3214644993977771,-0.9685669785019788,1.2344213118663512,4,39.06711761950842,Normal market quality,True,Official ECB inputs; RepoLens derived score
2024-02-01,3.905,60544,3.87,3.93,34,719,6.000000000000005,84.2058414464534,-0.048045329224355136,1.17123175204112,0.5295698489194184,-0.18469598590420547,4,54.36088932897241,Normal market quality,False,Official ECB inputs; RepoLens derived score
2024-02-02,3.906,60803,3.88,3.93,33,684,5.000000000000027,88.89327485380117,0.001032685316652332,0.31401888657314436,-0.11168271046381674,-0.9000217556443812,4,51.85948747234817,Normal market quality,False,Official ECB inputs; RepoLens derived score
2024-02-05,3.907,62552,3.88,3.93,33,701,5.000000000000027,89.23252496433666,0.32613914180772335,0.31076152610812674,0.2005133903257672,-0.9060530202296959,4,53.77875381775631,Normal market quality,False,Official ECB inputs; RepoLens derived score
2024-02-06,3.908,50643,3.88,3.93,34,652,5.000000000000027,77.67331288343559,-1.8661953107779288,1.1590581961486461,-0.6922233367703936,-0.9121464678358074,4,46.003623262476594,Normal market quality,False,Official ECB inputs; RepoLens derived score
2024-02-07,3.908,58025,3.88,3.93,34,702,5.000000000000027,82.65669515669515,-0.49149409782964193,1.1503656745545925,0.2216653138231433,-0.9183033632231473,4,53.08730317337532,Normal market quality,False,Official ECB inputs; RepoLens derived score
2024-02-08,3.908,58648,3.88,3.93,35,685,5.000000000000027,85.61751824817519,-0.37386707371463185,1.992242645069003,-0.09041444807042294,-0.9245250075209561,4,54.83282324577667,Normal market quality,False,Official ECB inputs; RepoLens derived score
2024-02-09,3.91,57342,3.88,3.93,34,655,5.000000000000027,87.54503816793893,-0.6096215435575354,1.1230988301469906,-0.636317861396901,-0.9308127395915968,4,50.47949612881125,Normal market quality,False,Official ECB inputs; RepoLens derived score
2024-02-12,3.909,56457,3.88,3.93,34,684,5.000000000000027,82.53947368421052,-0.766440416674278,1.1143334605509245,-0.10395028498291313,-0.9371679374580897,4,51.24916838674719,Normal market quality,False,Official ECB inputs; RepoLens derived score
2024-02-13,3.909,57648,3.88,3.93,34,706,5.000000000000027,81.65439093484419,-0.5414964325554752,1.1056536763134952,0.2990127755964032,-0.9371679374580897,4,53.02218052201772,Normal market quality,False,Official ECB inputs; RepoLens derived score
2024-02-14,3.911,54570,3.88,3.93,33,676,5.000000000000027,80.72485207100591,-1.1040593631549098,0.25675813386384355,-0.2504522585933715,-0.9435920197983639,4,47.56694494683154,Normal market quality,False,Official ECB inputs; RepoLens derived score
2024-02-15,3.911,54353,3.88,3.93,33,675,5.000000000000027,80.52296296296296,-1.1363874898340436,0.2535637668800541,-0.2675596607450308,-0.9500864475099409,4,47.41278372218332,Normal market quality,False,Official ECB inputs; RepoLens derived score
2024-02-16,3.909,55849,3.88,3.93,33,677,5.000000000000027,82.49483013293944,-0.8549772866118309,0.2503687425116671,-0.23073355045850755,-0.9566527253490267,4,48.49164656501503,Normal market quality,False,Official ECB inputs; RepoLens derived score
2024-02-19,3.91,59840,3.88,3.93,33,706,5.000000000000027,84.75920679886686,-0.12092551722036182,0.24466871618697114,0.2992670546882716,-0.963292403648222,4,52.38153872238917,Normal market quality,False,Official ECB inputs; RepoLens derived score
2024-02-20,3.911,58872,3.88,3.93,35,721,5.000000000000027,81.65325936199723,-0.29550026381716604,1.9338883457518243,0.5729219956975675,-0.9700070801173581,4,56.687785550439436,Normal market quality,False,Official ECB inputs; RepoLens derived score
2024-02-21,3.91,60918,3.88,3.93,36,745,5.000000000000027,81.76912751677852,0.07833826774590516,2.751757350145162,1.0082434376674294,-0.9767984017322636,4,61.139383509240545,Normal market quality,False,Official ECB inputs; RepoLens derived score
2024-02-22,3.909,59229,3.88,3.93,35,708,5.000000000000027,83.65677966101696,-0.23174455576521083,1.8733937661374895,0.32975552477521564,-0.9767984017322637,4,56.16196488470192,Normal market quality,False,Official ECB inputs; RepoLens derived score
2024-02-23,3.907,57685,3.88,3.93,35,680,5.000000000000027,84.83088235294117,-0.5159314822436282,1.8550649799650947,-0.18078128933780516,-0.976798401732264,4,53.845146641313924,Normal market quality,False,Official ECB inputs; RepoLens derived score
2024-02-26,3.904,58665,3.86,3.93,35,736,7.000000000000028,79.70788043478261,-0.34157924880012086,1.8361707857533394,0.8356935313763783,0.5112349913233895,4,54.71728093503879,Normal market quality,False,Official ECB inputs; RepoLens derived score
2024-02-27,3.905,54374,3.86,3.93,34,721,7.000000000000028,75.41470180305132,-1.1313125966796496,1.0015637050682495,0.5586203484703538,0.5051268450706964,4,49.18317577786169,Normal market quality,False,Official ECB inputs; RepoLens derived score
2024-02-28,3.906,54779,3.85,3.93,33,700,8.000000000000007,78.25571428571429,-1.052720563101371,0.18071186612513623,0.17306988203834642,1.2475173759008633,4,45.32865633570261,Normal market quality,False,Official ECB inputs; RepoLens derived score
2024-02-29,3.887,48678,3.85,3.93,32,601,8.000000000000007,80.99500831946756,-2.164370374384121,-0.6304686416716202,-1.6271267374225797,1.237275682648713,4,34.924801717947005,Weak market quality,True,Official ECB inputs; RepoLens derived score
2024-03-01,3.904,56267,3.85,3.93,33,653,8.000000000000007,86.16692189892802,-0.7584249006828827,0.18738933836760627,-0.671920302831193,1.2271548008794126,4,44.29345323513183,Normal market quality,False,Official ECB inputs; RepoLens derived score
2024-03-04,3.903,56355,3.85,3.93,34,679,8.000000000000007,82.99705449189985,-0.7362534670519789,1.0015637050682495,-0.1998046883328862,1.2171516364575092,4,47.60178295247022,Normal market quality,False,Official ECB inputs; RepoLens derived score
2024-03-05,3.911,60001,3.88,3.93,33,709,5.000000000000027,84.62764456981664,-0.06959438711578633,0.18380535509410087,0.34096563847629957,-1.0297244921027628,4,52.612933867174895,Normal market quality,False,Official ECB inputs; RepoLens derived score
2024-03-06,3.905,61562,3.86,3.93,35,716,7.000000000000028,85.9804469273743,0.21815652594065835,1.8090316527682682,0.4667312050903455,0.46056673151724314,4,55.76210488816297,Normal market quality,False,Official ECB inputs; RepoLens derived score
2024-03-07,3.908,58563,3.88,3.93,34,687,5.000000000000027,85.24454148471615,-0.32687542742557674,0.9836635276028679,-0.05930360028493132,-1.0522330576939471,4,52.74518540884624,Normal market quality,False,Official ECB inputs; RepoLens derived score
2024-03-08,3.907,58206,3.88,3.93,36,684,5.000000000000027,85.09649122807018,-0.38616828612681847,2.590518655127526,-0.11280738498909947,-1.0597816640204762,4,56.43236166993292,Normal market quality,False,Official ECB inputs; RepoLens derived score
2024-03-11,3.904,61001,3.86,3.93,35,753,7.000000000000028,81.01062416998673,0.12985620582780072,1.7581837908946287,1.133362223931471,0.45229899509375715,4,57.004913264821916,Normal market quality,False,Official ECB inputs; RepoLens derived score
2024-03-12,3.905,61699,3.86,3.93,34,760,7.000000000000028,81.1828947368421,0.25697768815614624,0.9468027764294444,1.2507764005903919,0.4460653642636177,4,55.72427180470068,Normal market quality,False,Official ECB inputs; RepoLens derived score
2024-03-13,3.907,61667,3.88,3.93,34,753,5.000000000000027,81.89508632138114,0.25458380398114727,0.9420257219560796,1.117932919790105,-1.0915118260464198,4,57.67820765736911,Normal market quality,False,Official ECB inputs; RepoLens derived score
2024-03-14,3.908,54465,3.88,3.93,33,699,5.000000000000027,77.91845493562232,-1.0643104388204754,0.14733119805819123,0.14220409367871245,-1.0995178072840777,4,48.64802840439671,Normal market quality,False,Official ECB inputs; RepoLens derived score
2024-03-15,3.909,50279,3.88,3.93,31,676,5.000000000000027,74.37721893491124,-1.8314520413812048,-1.4447143789744126,-0.2692369709089603,-1.0940736582188602,4,40.946149967785644,Normal market quality,False,Official ECB inputs; RepoLens derived score
2024-03-18,3.909,52074,3.88,3.93,31,690,5.000000000000027,75.4695652173913,-1.489569085752528,-1.432560798140283,-0.014448910411727921,-1.0940736582188604,4,42.81009441581442,Normal market quality,False,Official ECB inputs; RepoLens derived score
2024-03-19,3.908,52315,3.86,3.93,35,713,7.000000000000028,73.37307152875175,-1.4415752644809008,1.7326576010469963,0.4024727829634967,0.4439821043506986,4,49.62633937781703,Normal market quality,False,Official ECB inputs; RepoLens derived score
2024-03-20,3.908,53336,3.88,3.93,32,705,5.000000000000027,75.65390070921985,-1.2385428050620455,-0.6342795255771828,0.2618867122368118,-1.0915118260464203,4,46.37138588800154,Normal market quality,False,Official ECB inputs; RepoLens derived score
2024-03-21,3.907,51665,3.86,3.93,35,691,7.000000000000028,74.7684515195369,-1.5396491038856326,1.7162857750911986,0.010216564212754981,0.4429469689722235,4,48.26306353120184,Normal market quality,False,Official ECB inputs; RepoLens derived score
2024-03-22,3.909,53545,3.88,3.93,33,683,5.000000000000027,78.39677891654466,-1.1785914798451216,0.13656172608784137,-0.13573002168048595,-1.086130238986645,4,47.50620444004043,Normal market quality,False,Official ECB inputs; RepoLens derived score
2024-03-25,3.909,51328,3.88,3.93,33,680,5.000000000000027,75.48235294117647,-1.5796381673072701,0.13656172608784137,-0.18597969469864759,-1.0779725469085653,4,45.96468031326039,Normal market quality,False,Official ECB inputs; RepoLens derived score
2024-03-26,3.906,49284,3.85,3.93,34,704,8.000000000000007,70.00568181818181,-1.943025141071974,0.9186879755000107,0.2507905749403971,1.2149593745966343,4,44.30066932045416,Normal market quality,False,Official ECB inputs; RepoLens derived score
2024-03-27,3.906,49994,3.86,3.93,34,717,7.000000000000028,69.72663877266388,-1.7971353972391246,0.9117226401046118,0.4850595066738986,0.44918732010062534,4,46.5282004964584,Normal market quality,False,Official ECB inputs; RepoLens derived score
2024-03-28,3.899,47327,3.85,3.93,33,650,8.000000000000007,72.81076923076922,-2.2772162068523043,0.1212434359124196,-0.7297725449911076,1.2149593745966343,4,38.68598144142527,Normal market quality,True,Official ECB inputs; RepoLens derived score
2024-04-02,3.906,53324,3.85,3.93,34,710,8.000000000000007,75.10422535211268,-1.1625504884390978,0.9046625602695907,0.3574387611652846,1.2088866802707763,4,47.27299657364418,Normal market quality,False,Official ECB inputs; RepoLens derived score
2024-04-03,3.911,55214,3.88,3.93,34,717,5.000000000000027,77.00697350069736,-0.8128279518633853,0.9001181546856241,0.48109227689714096,-1.0705480534994356,4,52.213950327684216,Normal market quality,False,Official ECB inputs; RepoLens derived score
2024-04-04,3.912,55759,3.88,3.93,35,704,5.000000000000027,79.203125,-0.7089246505969479,1.6748837112041512,0.24275702454593298,-1.065323457538222,4,53.91085074859323,Normal market quality,False,Official ECB inputs; RepoLens derived score
2024-04-05,3.907,55061,3.86,3.93,35,702,7.000000000000028,78.43447293447294,-0.8304994176727394,1.6668380750079297,0.2009667073603607,0.4564419187747009,4,51.07810111590409,Normal market quality,False,Official ECB inputs; RepoLens derived score
2024-04-08,3.908,56650,3.88,3.93,33,660,5.000000000000027,85.83333333333333,-0.5374823522436905,0.08402586386077338,-0.5634871103630175,-1.0566881483586728,4,48.505190873429484,Normal market quality,False,Official ECB inputs; RepoLens derived score
2024-04-09,3.909,55192,3.88,3.93,34,606,5.000000000000027,91.07590759075907,-0.7951161669263571,0.8682672598946806,-1.5380268555371592,-1.0487983129154297,4,47.1158918960247,Normal market quality,False,Official ECB inputs; RepoLens derived score
2024-04-10,3.907,56812,3.88,3.93,35,623,5.000000000000027,91.19101123595506,-0.4963265908559765,1.6480109480689522,-1.2224162847612117,-1.0406465578494508,4,50.88781342704761,Normal market quality,False,Official ECB inputs; RepoLens derived score
2024-04-11,3.907,53674,3.88,3.93,35,664,5.000000000000027,80.83433734939759,-1.060707786600251,1.6315533500565955,-0.4828705471727562,-1.0325665063007268,4,50.70807951355981,Normal market quality,False,Official ECB inputs; RepoLens derived score
2024-04-12,3.91,50091,3.88,3.93,35,662,5.000000000000027,75.66616314199396,-1.69875991247413,1.617930609922334,-0.5198350871232554,-1.024556583883369,4,48.3364139891633,Normal market quality,False,Official ECB inputs; RepoLens derived score
2024-04-15,3.907,58827,3.86,3.93,35,710,7.000000000000028,82.85492957746479,-0.1098538145958258,1.6020432824170918,0.35345662670906297,0.4962463129183871,4,53.75989195235242,Normal market quality,False,Official ECB inputs; RepoLens derived score
2024-04-16,3.911,54841,3.88,3.93,35,731,5.000000000000027,75.0218878248974,-0.8254771549449532,1.5864474899237968,0.7322345327511272,-1.0222108222686908,4,54.44085124778301,Normal market quality,False,Official ECB inputs; RepoLens derived score
2024-04-17,3.908,54236,3.86,3.93,35,754,7.000000000000028,71.93103448275862,-0.9284511316957077,1.5735859548273672,1.1423615160179046,0.4951145286998412,4,52.79761792312844,Normal market quality,False,Official ECB inputs; RepoLens derived score
2024-04-18,3.909,51051,3.86,3.93,35,723,7.000000000000028,70.60995850622406,-1.4967292877217457,1.5585050577659088,0.5720930940627719,0.49511452869984185,4,49.34527107949583,Normal market quality,False,Official ECB inputs; RepoLens derived score
2024-04-19,3.91,50231,3.88,3.93,34,718,5.000000000000027,69.95961002785515,-1.6310390223881173,0.7755239915122495,0.47631322714470825,-1.0198810993591942,4,48.95077811732278,Normal market quality,False,Official ECB inputs; RepoLens derived score
2024-04-22,3.91,55072,3.88,3.93,35,738,5.000000000000027,74.62330623306234,-0.7503947574140057,1.5412223698423027,0.8377508258616488,-1.0119660379668656,4,54.83900039526116,Normal market quality,False,Official ECB inputs; RepoLens derived score
2024-04-23,3.908,53919,3.86,3.93,35,724,7.000000000000028,74.47375690607734,-0.9508102705612627,1.5279101967390125,0.5793879075260615,0.5110775835060338,4,51.17379293843921,Normal market quality,False,Official ECB inputs; RepoLens derived score
2024-04-24,3.911,50665,3.88,3.93,35,692,5.000000000000027,73.21531791907515,-1.5266681770164214,1.5148109668637548,-0.004238295050513091,-1.0038151683760463,4,49.9388158125397,Normal market quality,False,Official ECB inputs; RepoLens derived score
2024-04-25,3.909,49469,3.86,3.93,35,709,7.000000000000028,69.77291960507758,-1.7365149510955276,1.503057626391375,0.2987868785349675,0.5251848533597095,4,47.63903165344195,Normal market quality,False,Official ECB inputs; RepoLens derived score
2024-04-26,3.907,46571,3.86,3.93,34,713,7.000000000000028,65.31697054698458,-2.2335005950608635,0.7285348729262657,0.36910880307534416,0.5296609411734208,4,44.13236569553087,Normal market quality,True,Official ECB inputs; RepoLens derived score
2024-04-29,3.906,50848,3.86,3.93,34,746,7.000000000000028,68.16085790884719,-1.452024606216365,0.7226480803664449,0.9667423762827351,0.5296609411734208,4,48.34689860810554,Normal market quality,False,Official ECB inputs; RepoLens derived score
2024-04-30,3.889,45502,3.85,3.93,33,619,8.000000000000007,73.50888529886915,-2.395205002660052,-0.04228720613343005,-1.346007968323984,1.2923726964631155,4,36.20748550985161,Normal market quality,True,Official ECB inputs; RepoLens derived score
2024-05-02,3.91,51998,3.88,3.93,30,601,5.000000000000027,86.51913477537438,-1.2185193861826016,-2.3318197444083903,-1.6983223886364416,-0.9957625694060025,4,37.15347066985782,Normal market quality,True,Official ECB inputs; RepoLens derived score
2024-05-03,3.908,42893,3.86,3.93,30,498,7.000000000000028,86.13052208835342,-2.802809056811799,-2.3039541664902345,-3.6434996703044056,0.5349668765949771,4,26.127832570040653,Weak market quality,True,Official ECB inputs; RepoLens derived score
2024-05-06,3.909,45224,3.86,3.93,32,532,7.000000000000028,85.00751879699249,-2.3621511903783,-0.7768245224626099,-2.921885012550428,0.5349668765949771,4,31.68324668125089,Weak market quality,True,Official ECB inputs; RepoLens derived score
2024-05-07,3.906,53589,3.86,3.93,32,665,7.000000000000028,80.58496240601504,-0.888244191721892,-0.7729357107432276,-0.48766556219447194,0.5394930684287907,4,42.93040254398594,Normal market quality,False,Official ECB inputs; RepoLens derived score
2024-05-08,3.905,45986,3.85,3.93,33,539,8.000000000000007,85.31725417439704,-2.227086193641911,-0.023663508364730308,-2.732780872096734,1.303269772047048,4,33.359182713029085,Weak market quality,True,Official ECB inputs; RepoLens derived score
2024-05-09,3.901,39153,3.85,3.93,32,394,8.000000000000007,99.3730964467005,-3.408789142911978,-0.7729357107432276,-5.232003139654837,1.3032697720470487,4,28.112756065071363,Weak market quality,True,Official ECB inputs; RepoLens derived score
2024-05-10,3.906,49334,3.86,3.93,34,704,7.000000000000028,70.07670454545455,-1.5703847302583152,0.7196297996574893,0.23039223699608677,0.5349668765949757,4,46.076258220837374,Normal market quality,False,Official ECB inputs; RepoLens derived score
2024-05-13,3.907,51449,3.86,3.93,34,724,7.000000000000028,71.0621546961326,-1.190549843247168,0.7159343381267163,0.5671760313904778,0.5349668765949757,4,48.238401157535435,Normal market quality,False,Official ECB inputs; RepoLens derived score
2024-05-14,3.907,51110,3.86,3.93,34,721,7.000000000000028,70.8876560332871,-1.2491104394868688,0.7122534302078236,0.5106739761271707,0.53949306842879,4,47.87619237499026,Normal market quality,False,Official ECB inputs; RepoLens derived score
2024-05-15,3.908,50516,3.86,3.93,34,722,7.000000000000028,69.96675900277009,-1.3604080530568217,0.7085869023103744,0.52467387740326,0.5394930684287907,4,47.51248416094202,Normal market quality,False,Official ECB inputs; RepoLens derived score
2024-05-16,3.904,50866,3.85,3.93,34,708,8.000000000000007,71.84463276836158,-1.2883107045091289,0.7138326385694526,0.27908750756971773,1.309984662057095,4,46.00823590648033,Normal market quality,False,Official ECB inputs; RepoLens derived score
2024-05-17,3.901,43959,3.85,3.93,34,583,8.000000000000007,75.40137221269296,-2.477663481166161,0.7138326385694526,-1.8854844729633566,1.309984662057095,4,36.434071236848034,Normal market quality,True,Official ECB inputs; RepoLens derived score
2024-05-20,3.904,40920,3.88,3.93,33,436,5.000000000000027,93.85321100917432,-2.962552733095233,-0.03258157271478609,-4.394774059925067,-0.9955001940380894,4,33.542861793436856,Weak market quality,True,Official ECB inputs; RepoLens derived score
2024-05-21,3.912,55794,3.89,3.93,35,721,4.0000000000000036,77.38418862690708,-0.3838386031224249,1.4646996721241619,0.5078202846178453,-1.7537381670694936,4,56.21847203153077,Normal market quality,False,Official ECB inputs; RepoLens derived score
2024-05-22,3.91,48781,3.89,3.93,33,629,4.0000000000000036,77.55325914149444,-1.5714343633452201,-0.03542934511552136,-1.0179477241457366,-1.7351110085702124,4,44.4692035679939,Normal market quality,False,Official ECB inputs; RepoLens derived score
2024-05-23,3.912,51481,3.89,3.93,35,697,4.0000000000000036,73.86083213773314,-1.1196194053601125,1.4534556485634935,0.10069152265395714,-1.7250208233889701,4,52.55423124436669,Normal market quality,False,Official ECB inputs; RepoLens derived score
2024-05-24,3.91,45151,3.89,3.93,34,619,4.0000000000000036,72.94184168012924,-2.258452534483765,0.7025985742356459,-1.3967891481473746,-1.7088167366996916,4,42.92316479957704,Normal market quality,True,Official ECB inputs; RepoLens derived score
2024-05-27,3.911,46737,3.89,3.93,35,635,4.0000000000000036,73.6015748031496,-1.9566275131841946,1.4690697461290798,-1.08221301349935,-1.6929452559727953,4,46.658363419388834,Normal market quality,False,Official ECB inputs; RepoLens derived score
2024-05-28,3.909,54900,3.88,3.93,36,734,5.000000000000027,74.79564032697547,-0.5225011104406937,2.2252769912188466,0.7893957491109382,-0.9242479115047916,4,57.09429983153922,Normal market quality,False,Official ECB inputs; RepoLens derived score
2024-05-29,3.909,47875,3.88,3.93,35,683,5.000000000000027,70.09516837481698,-1.7395190178206943,1.4350073210508578,-0.17427242993525718,-0.9173521958662967,4,48.43954895921602,Normal market quality,False,Official ECB inputs; RepoLens derived score
2024-05-30,3.91,41596,3.88,3.93,33,631,5.000000000000027,65.92076069730587,-2.8108955906639537,-0.09321045725373225,-1.1572628661682607,-0.9101573782482261,4,38.40091819149352,Normal market quality,True,Official ECB inputs; RepoLens derived score
2024-05-31,3.892,43030,3.85,3.93,32,606,8.000000000000007,71.00660066006601,-2.519468431652331,-0.8551514560474432,-1.6195998011934156,1.350552344231361,4,32.96915382976765,Weak market quality,True,Official ECB inputs; RepoLens derived score
2024-06-03,3.913,50910,3.88,3.93,33,708,5.000000000000027,71.90677966101696,-1.1411318799650807,-0.09321045725373225,0.3067438954894982,-0.9037016930149099,4,47.895424555234,Normal market quality,False,Official ECB inputs; RepoLens derived score
2024-06-04,3.911,55061,3.88,3.93,34,732,5.000000000000027,75.21994535519126,-0.42600068094694027,0.6645003565507982,0.7543748925783089,-0.8969449535997942,4,53.40160316990817,Normal market quality,False,Official ECB inputs; RepoLens derived score
2024-06-05,3.913,55950,3.88,3.93,34,722,5.000000000000027,77.49307479224376,-0.27333524501452366,0.6609268955441785,0.5612796239497763,-0.8902326212920477,4,53.434191873122124,Normal market quality,False,Official ECB inputs; RepoLens derived score
2024-06-06,3.911,52206,3.88,3.93,35,693,5.000000000000027,75.33333333333333,-0.9073078207217532,1.413787107099719,0.017753658349681397,-0.8831945042795986,4,51.72806629751676,Normal market quality,False,Official ECB inputs; RepoLens derived score
2024-06-07,3.912,51516,3.89,3.93,34,697,4.0000000000000036,73.91104734576757,-1.0177163590256284,0.6467569886377631,0.09767420832277783,-1.6253548525156598,4,50.737103014585145,Normal market quality,False,Official ECB inputs; RepoLens derived score
2024-06-10,3.912,49337,3.89,3.93,34,717,4.0000000000000036,68.81032078103208,-1.3808694833410715,0.6432447477670173,0.475522212158349,-1.6111287666145295,4,50.38056735804146,Normal market quality,False,Official ECB inputs; RepoLens derived score
2024-06-11,3.909,49985,3.88,3.93,34,726,5.000000000000027,68.84986225895317,-1.2587083657909957,0.6397443080508902,0.6444234903061383,-0.8504424880732543,4,50.08060394773397,Normal market quality,False,Official ECB inputs; RepoLens derived score
2024-06-12,3.662,51017,3.64,3.68,34,711,4.0000000000000036,71.75386779184248,-1.073165142620129,0.6362555258943267,0.36080003873720734,-1.5921826227369302,4,51.12483484651378,Normal market quality,False,Official ECB inputs; RepoLens derived score
2024-06-13,3.661,49311,3.64,3.68,35,678,4.0000000000000036,72.73008849557522,-1.3540310267152404,1.3849486431380689,-0.2591476313162242,-1.5786233576032422,4,50.443328972456136,Normal market quality,False,Official ECB inputs; RepoLens derived score
2024-06-14,3.662,47434,3.64,3.68,35,654,4.0000000000000036,72.52905198776759,-1.6652243609579962,1.3738032325991205,-0.7059250018188349,-1.5634110563480268,4,48.186526898119766,Normal market quality,False,Official ECB inputs; RepoLens derived score
2024-06-17,3.662,53139,3.64,3.68,34,650,4.0000000000000036,81.7523076923077,-0.6814840514700996,0.6162263454977882,-0.775073726203226,-1.548466636475475,4,49.54038732280427,Normal market quality,False,Official ECB inputs; RepoLens derived score
2024-06-18,3.666,54775,3.64,3.69,35,692,4.999999999999982,79.15462427745665,-0.394867715343702,1.3588700631365096,0.023350904868592072,-0.7942876061521792,4,53.26494682553807,Normal market quality,False,Official ECB inputs; RepoLens derived score
2024-06-19,3.663,57504,3.64,3.68,35,741,4.0000000000000036,77.60323886639677,0.08163880192824967,1.3519597285912222,0.9479072588000266,-1.5311738774352754,4,58.33216409137991,Normal market quality,False,Official ECB inputs; RepoLens derived score
2024-06-20,3.663,52762,3.64,3.68,34,696,4.0000000000000036,75.80747126436782,-0.7337129119198392,0.5980003110982618,0.09533201705957943,-1.5186829801037474,4,51.44336009883079,Normal market quality,False,Official ECB inputs; RepoLens derived score
2024-06-21,3.664,52977,3.64,3.68,33,680,4.0000000000000036,77.90735294117647,-0.6901123787720265,-0.1471926460528271,-0.20532857311706343,-1.5064139874494145,4,48.9629246075473,Normal market quality,False,Official ECB inputs; RepoLens derived score
2024-06-24,3.663,51890,3.64,3.68,31,708,4.0000000000000036,73.2909604519774,-0.8924218041360004,-2.0317172811132607,0.3186621541065497,-1.4943613488688872,4,44.83542789131055,Normal market quality,True,Official ECB inputs; RepoLens derived score
2024-06-25,3.663,53076,3.64,3.68,32,712,4.0000000000000036,74.54494382022472,-0.67771681547812,-1.1083739994854795,0.393941055694242,-1.4825197937704042,4,48.065688477004095,Normal market quality,False,Official ECB inputs; RepoLens derived score
2024-06-26,3.661,48561,3.64,3.68,34,715,4.0000000000000036,67.91748251748251,-1.463078793762621,0.6939354550108229,0.4491941966236927,-1.4708843200544686,4,49.94337483099882,Normal market quality,False,Official ECB inputs; RepoLens derived score
2024-06-27,3.662,50636,3.63,3.68,33,686,5.000000000000027,73.8134110787172,-1.091732184849431,-0.20622178695692014,-0.13528331293658966,-0.7164573628306375,4,46.39986064753917,Normal market quality,False,Official ECB inputs; RepoLens derived score
2024-06-28,3.656,45496,3.63,3.68,32,597,5.000000000000027,76.20770519262982,-1.9933220583462359,-1.1022198958042384,-1.9080969253635847,-0.710154822139839,4,36.562812976078376,Normal market quality,False,Official ECB inputs; RepoLens derived score
2024-07-01,3.665,63685,3.65,3.68,34,746,3.000000000000025,85.3686327077748,1.2295421617029545,0.6917226953923121,1.0684554613292807,-2.2007139410053935,4,62.004913869272414,Normal market quality,False,Official ECB inputs; RepoLens derived score
2024-07-02,3.662,63045,3.64,3.68,33,742,4.0000000000000036,84.96630727762803,1.1202002274905059,-0.20556534325423212,0.9854583332936958,-1.4297176910738838,4,58.015009807926255,Normal market quality,False,Official ECB inputs; RepoLens derived score
2024-07-03,3.663,58982,3.64,3.68,34,722,4.0000000000000036,81.69252077562327,0.39909497899615726,0.6875806308848554,0.5838287367108405,-1.4181038464903006,4,56.70251161521124,Normal market quality,False,Official ECB inputs; RepoLens derived score
2024-07-04,3.663,59862,3.64,3.68,34,702,4.0000000000000036,85.27350427350427,0.5541686371037778,0.6834548341917452,0.18578513953114756,-1.4108334134224876,4,56.22894028430419,Normal market quality,False,Official ECB inputs; RepoLens derived score
2024-07-05,3.663,58202,3.64,3.68,34,694,4.0000000000000036,83.86455331412104,0.26074019460041925,0.677396600136377,0.02892418177835576,-1.400253443667041,4,54.77877280138886,Normal market quality,False,Official ECB inputs; RepoLens derived score
2024-07-08,3.662,60964,3.64,3.68,35,722,4.0000000000000036,84.4376731301939,0.7492924660507854,1.5717595972100065,0.5823370892051437,-1.3890306210848264,4,60.091311278842866,Normal market quality,False,Official ECB inputs; RepoLens derived score
2024-07-09,3.662,60674,3.64,3.68,33,738,4.0000000000000036,82.21409214092141,0.6972251486723823,-0.23878153686665204,0.8982746565327878,-1.37796090179329,4,56.15596217220861,Normal market quality,False,Official ECB inputs; RepoLens derived score
2024-07-10,3.663,58498,3.64,3.68,34,740,4.0000000000000036,79.05135135135136,0.31127723066359847,0.6573823570647646,0.9311252891152423,-1.3677908002471078,4,57.112425623143274,Normal market quality,False,Official ECB inputs; RepoLens derived score
2024-07-11,3.662,51953,3.64,3.68,34,703,4.0000000000000036,73.90184921763868,-0.8429856311239142,0.6513899035647225,0.1956322565180604,-1.3559310050404385,4,51.20100219883392,Normal market quality,False,Official ECB inputs; RepoLens derived score
2024-07-12,3.661,53160,3.64,3.68,34,717,4.0000000000000036,74.14225941422595,-0.6225894380762764,0.6454115180377207,0.47344472211554955,-1.346067288087355,4,52.63717849924724,Normal market quality,False,Official ECB inputs; RepoLens derived score
2024-07-15,3.661,55225,3.64,3.68,34,726,4.0000000000000036,76.06749311294766,-0.24917773692929837,0.6394464866536648,0.6512104163936882,-1.3363615657618608,4,54.35906252700863,Normal market quality,False,Official ECB inputs; RepoLens derived score
2024-07-16,3.662,55878,3.64,3.68,35,746,4.0000000000000036,74.90348525469169,-0.12595320486156336,1.5401105518031464,1.0439148943125895,-1.3268112911370187,4,58.00944433497939,Normal market quality,False,Official ECB inputs; RepoLens derived score
2024-07-17,3.662,55166,3.64,3.68,35,722,4.0000000000000036,76.40720221606648,-0.24915200545930427,1.5259958700689793,0.5657062867803334,-1.3164566996866756,4,56.33190842254573,Normal market quality,False,Official ECB inputs; RepoLens derived score
2024-07-18,3.663,53760,3.64,3.68,34,676,4.0000000000000036,79.5266272189349,-0.49874411556694187,0.6155200983804358,-0.3411284501752518,-1.3062320624002572,4,50.89972280962905,Normal market quality,False,Official ECB inputs; RepoLens derived score
2024-07-19,3.663,51248,3.64,3.68,33,664,4.0000000000000036,77.18072289156626,-0.9447679379291194,-0.2844655080126494,-0.5735635694796523,-1.296134094001762,4,46.49244066451997,Normal market quality,False,Official ECB inputs; RepoLens derived score
2024-07-22,3.664,56568,3.64,3.68,35,722,4.0000000000000036,78.34903047091413,0.01950352850297245,1.5076671924670482,0.5714800731249124,-1.2897831627276881,4,57.20080525783184,Normal market quality,False,Official ECB inputs; RepoLens derived score
2024-07-23,3.665,56280,3.64,3.68,35,746,4.0000000000000036,75.44235924932975,-0.028280260923349138,1.4940831261591305,1.0445845787363734,-1.2807142831576839,4,58.16875977374356,Normal market quality,False,Official ECB inputs; RepoLens derived score
2024-07-24,3.665,56631,3.65,3.68,35,739,3.000000000000025,76.6319350473613,0.03543966740048542,1.485030267531805,0.9015487404673838,-1.998519967894377,4,59.088266307741236,Normal market quality,False,Official ECB inputs; RepoLens derived score
2024-07-25,3.665,54890,3.65,3.68,34,712,3.000000000000025,77.09269662921348,-0.27908483220112423,0.5866166894428906,0.36789196986590866,-1.979108054812318,4,54.37813681778654,Normal market quality,False,Official ECB inputs; RepoLens derived score
2024-07-26,3.663,53477,3.64,3.68,35,722,4.0000000000000036,74.06786703601108,-0.533267705114508,1.4675619466806513,0.559189397473916,-1.2369706751782101,4,55.055897405252956,Normal market quality,False,Official ECB inputs; RepoLens derived score
2024-07-29,3.663,51438,3.64,3.68,33,692,4.0000000000000036,74.33236994219654,-0.89754910793209,-0.304353515709869,-0.03009853222888707,-1.2276218305452125,4,47.863880748208615,Normal market quality,False,Official ECB inputs; RepoLens derived score
2024-07-30,3.665,53140,3.64,3.68,33,713,4.0000000000000036,74.53015427769986,-0.5805406766218653,-0.3010013215307045,0.385127439185107,-1.2217256410202675,4,50.01101138748988,Normal market quality,False,Official ECB inputs; RepoLens derived score
2024-07-31,3.653,46442,3.6,3.68,33,644,8.000000000000007,72.11490683229813,-1.7987843255887461,-0.3053002904042666,-0.9734197413816215,1.656582123939688,4,38.022581595065134,Normal market quality,False,Official ECB inputs; RepoLens derived score
2024-08-01,3.664,55937,3.65,3.68,34,691,3.000000000000025,80.9507959479016,-0.05735020967534169,0.5790177921460238,-0.04648604511309617,-1.9252486105040796,4,54.01847654947474,Normal market quality,False,Official ECB inputs; RepoLens derived score
2024-08-02,3.664,54565,3.65,3.68,33,684,3.000000000000025,79.7733918128655,-0.30172366865089956,-0.30866260187200667,-0.18314643522207336,-1.9065274500288232,4,50.574235742029884,Normal market quality,False,Official ECB inputs; RepoLens derived score
2024-08-05,3.664,57068,3.65,3.68,33,702,3.000000000000025,81.29344729344729,0.16054080396140075,-0.3053002904042666,0.1728664025327223,-1.888204648306294,4,53.06311506664548,Normal market quality,False,Official ECB inputs; RepoLens derived score
2024-08-06,3.663,58844,3.65,3.68,33,734,3.000000000000025,80.16893732970027,0.49567924033356764,-0.3053002904042666,0.8049432474002651,-1.8671130418673294,4,55.78465429645848,Normal market quality,False,Official ECB inputs; RepoLens derived score
2024-08-07,3.663,63161,3.64,3.68,34,783,4.0000000000000036,80.66538952745849,1.294335310349515,0.5790177921460238,1.763596646365398,-1.1499291189687313,4,62.11160336095496,Normal market quality,False,Official ECB inputs; RepoLens derived score
2024-08-08,3.665,59502,3.65,3.68,34,760,3.000000000000025,78.2921052631579,0.6166160988663917,0.5752348489432884,1.2966346661834502,-1.839675318649898,4,59.59734311182406,Normal market quality,False,Official ECB inputs; RepoLens derived score
2024-08-09,3.663,53542,3.64,3.68,34,752,4.0000000000000036,71.19946808510639,-0.48498482190783787,0.5745695502678331,1.1341232212664967,-1.131973265457616,4,54.27224495034481,Normal market quality,False,Official ECB inputs; RepoLens derived score
2024-08-12,3.664,57077,3.65,3.68,34,757,3.000000000000025,75.39894319682959,0.16298959069957883,0.5705944897991271,1.2356117716249873,-1.816008079879631,4,57.809991340828255,Normal market quality,False,Official ECB inputs; RepoLens derived score
2024-08-13,3.664,58194,3.65,3.68,34,765,3.000000000000025,76.07058823529412,0.37171562258081203,0.5666935363135268,1.3895842149915834,-1.7994641145577506,4,58.89089522913224,Normal market quality,False,Official ECB inputs; RepoLens derived score
2024-08-14,3.662,50918,3.64,3.68,33,672,4.0000000000000036,75.77083333333333,-0.9705208257244627,-0.3641668638957527,-0.4651497941184691,-1.1023662237209335,4,46.18343480051023,Normal market quality,False,Official ECB inputs; RepoLens derived score
2024-08-15,3.662,47425,3.64,3.68,34,644,4.0000000000000036,73.6413043478261,-1.6088365927166248,0.5628033351116106,-1.0172194831453722,-1.0974025398470955,4,44.87913536517805,Normal market quality,False,Official ECB inputs; RepoLens derived score
2024-08-16,3.664,55384,3.65,3.68,35,738,3.000000000000025,75.04607046070461,-0.1250056299660099,1.4855603746361568,0.8609984745870507,-1.770557707544062,4,58.084713979493074,Normal market quality,False,Official ECB inputs; RepoLens derived score
2024-08-19,3.664,57783,3.65,3.68,35,758,3.000000000000025,76.23087071240106,0.3257863544053306,1.4721829343909472,1.2637615556225195,-1.7548733268514225,4,60.612423455729456,Normal market quality,False,Official ECB inputs; RepoLens derived score
2024-08-20,3.664,59973,3.65,3.68,34,768,3.000000000000025,78.08984375,0.7445609876703667,0.5398359364486025,1.4666031585244377,-1.736702301099373,4,60.22711464592794,Normal market quality,False,Official ECB inputs; RepoLens derived score
2024-08-21,3.663,58812,3.64,3.68,36,756,4.0000000000000036,77.7936507936508,0.5390612456284396,2.373866965457185,1.2262406214878567,-1.0504460959211561,4,62.46265247094388,Normal market quality,False,Official ECB inputs; RepoLens derived score
2024-08-22,3.664,56747,3.65,3.68,34,737,3.000000000000025,76.99728629579376,0.14810060262764055,0.5174572588455697,0.8380830843409445,-1.7103558703223536,4,56.472736772646556,Normal market quality,False,Official ECB inputs; RepoLens derived score
2024-08-23,3.664,50341,3.65,3.68,34,674,3.000000000000025,74.68991097922849,-1.0631402638711263,0.5117021791955343,-0.42149356403247423,-1.6931162855708912,4,49.04420504271504,Normal market quality,False,Official ECB inputs; RepoLens derived score
2024-08-26,3.665,48372,3.65,3.68,34,639,3.000000000000025,75.69953051643192,-1.4260693518357213,0.5079757006428907,-1.1143993473828646,-1.6794095708481596,4,46.01181250799728,Normal market quality,False,Official ECB inputs; RepoLens derived score
2024-08-27,3.665,52454,3.65,3.68,35,722,3.000000000000025,72.65096952908587,-0.6469093121526903,1.4184504792748667,0.5493036851572369,-1.6660025795389681,4,55.1542066878543,Normal market quality,False,Official ECB inputs; RepoLens derived score
2024-08-28,3.666,51717,3.65,3.68,35,732,3.000000000000025,70.65163934426229,-0.7863186316951988,1.4060766278753694,0.7438887394005997,-1.652888054466353,4,55.10213028895626,Normal market quality,False,Official ECB inputs; RepoLens derived score
2024-08-29,3.664,49478,3.65,3.68,34,716,3.000000000000025,69.10335195530726,-1.20193615420503,0.48990065001119526,0.4225778269176911,-1.636836324654847,4,50.52967413958688,Normal market quality,False,Official ECB inputs; RepoLens derived score
2024-08-30,3.654,46134,3.62,3.68,34,649,6.000000000000005,71.08474576271186,-1.82214587699464,0.48990065001119526,-0.9122136540400823,0.3619906805917896,4,42.02372089955886,Normal market quality,False,Official ECB inputs; RepoLens derived score
2024-09-02,3.664,54157,3.65,3.68,34,753,3.000000000000025,71.92164674634795,-0.30139093231597475,0.4862382650696723,1.1634085305593542,-1.6246429301280196,4,55.50621312115868,Normal market quality,False,Official ECB inputs; RepoLens derived score
2024-09-03,3.663,51938,3.65,3.68,35,736,3.000000000000025,70.5679347826087,-0.7148489963285501,1.3901273728000791,0.8175424511537339,-1.609156263228902,4,55.43093746757796,Normal market quality,False,Official ECB inputs; RepoLens derived score
2024-09-04,3.663,52998,3.64,3.68,34,742,4.0000000000000036,71.42587601078166,-0.5118502744577138,0.4716592305889252,0.9319287781655036,-0.9333024924445816,4,53.117447799950945,Normal market quality,False,Official ECB inputs; RepoLens derived score
2024-09-05,3.662,48481,3.64,3.68,35,702,4.0000000000000036,69.06125356125357,-1.3530896550315816,1.3752921737461572,0.13366289651159743,-0.9267428142314584,4,50.426688104381036,Normal market quality,False,Official ECB inputs; RepoLens derived score
2024-09-06,3.663,48425,3.64,3.68,36,691,4.0000000000000036,70.07959479015919,-1.3519673327120174,2.2714129899527546,-0.08255480569860389,-0.9202288214040331,4,52.12060302824936,Normal market quality,False,Official ECB inputs; RepoLens derived score
2024-09-09,3.663,52318,3.64,3.68,35,733,4.0000000000000036,71.37517053206003,-0.6155948550553438,1.3432472218630374,0.7520186232876289,-0.9161979800356946,4,54.4578795902365,Normal market quality,False,Official ECB inputs; RepoLens derived score
2024-09-10,3.664,51460,3.64,3.68,36,738,4.0000000000000036,69.7289972899729,-0.7702868341374616,2.224598444632555,0.8488095397001376,-0.9121879524451176,4,56.355797970018294,Normal market quality,False,Official ECB inputs; RepoLens derived score
2024-09-11,3.664,52110,3.64,3.68,35,751,4.0000000000000036,69.38748335552596,-0.6437178613471428,1.3090606134873086,1.1027734615585534,-0.9057778938352063,4,55.135239513652465,Normal market quality,False,Official ECB inputs; RepoLens derived score
2024-09-12,3.664,51191,3.64,3.68,35,728,4.0000000000000036,70.3173076923077,-0.8091016091194719,1.2981943939452303,0.6430954808063962,-0.8992404889915792,4,53.370229788448285,Normal market quality,False,Official ECB inputs; RepoLens derived score
2024-09-13,3.663,47984,3.64,3.68,34,713,4.0000000000000036,67.29873772791024,-1.4015995789772804,0.4082210246724621,0.34776191357777686,-0.8928981442738018,4,48.32370603561582,Normal market quality,False,Official ECB inputs; RepoLens derived score
2024-09-16,3.662,51956,3.64,3.68,35,719,4.0000000000000036,72.26147426981919,-0.6485043812508667,1.28476638630556,0.47045208379734044,-0.8889772550118977,4,53.451746723397065,Normal market quality,False,Official ECB inputs; RepoLens derived score
2024-09-17,3.665,53970,3.64,3.68,34,774,4.0000000000000036,69.72868217054264,-0.2638017733963232,0.39790704109117486,1.5648927188281314,-0.8889772550118977,4,55.31715907542898,Normal market quality,False,Official ECB inputs; RepoLens derived score
2024-09-18,3.416,55053,3.4,3.43,35,771,3.000000000000025,71.40466926070039,-0.05658800324144959,1.274195445724862,1.4914042758357642,-1.54107319339228,4,59.02755108264491,Normal market quality,False,Official ECB inputs; RepoLens derived score
2024-09-19,3.414,49980,3.39,3.43,35,740,4.0000000000000036,67.54054054054055,-1.0104482860795947,1.2637547160035003,0.8701736392130267,-0.8758387447275301,4,53.11201000385403,Normal market quality,False,Official ECB inputs; RepoLens derived score
2024-09-20,3.412,45533,3.39,3.43,34,708,4.0000000000000036,64.31214689265536,-1.8407286085736068,0.3784627330249183,0.24078707450283993,-0.8758387447275301,4,46.419332505903064,Normal market quality,False,Official ECB inputs; RepoLens derived score
2024-09-23,3.414,43512,3.39,3.43,33,682,4.0000000000000036,63.800586510263926,-2.1992064201905155,-0.5052238294384968,-0.2693012815992724,-0.8758387447275301,4,41.68022286883007,Normal market quality,True,Official ECB inputs; RepoLens derived score
2024-09-24,3.415,50144,3.39,3.43,34,721,4.0000000000000036,69.54785020804438,-0.9372004860641074,0.3762198205618062,0.49880837145821244,-0.8758387447275301,4,50.22112689591697,Normal market quality,False,Official ECB inputs; RepoLens derived score
2024-09-25,3.416,48068,3.4,3.43,34,712,3.000000000000025,67.51123595505618,-1.316139593369552,0.3728203431028952,0.3203582585230447,-1.5288309449385669,4,49.41970434467927,Normal market quality,False,Official ECB inputs; RepoLens derived score
2024-09-26,3.415,45023,3.4,3.43,33,680,3.000000000000025,66.21029411764705,-1.8853464927132486,-0.5140251730131583,-0.3157582425228767,-1.5180509485042821,4,43.603905159419966,Normal market quality,False,Official ECB inputs; RepoLens derived score
2024-09-27,3.415,47384,3.39,3.43,33,698,4.0000000000000036,67.88538681948424,-1.4279190809425744,-0.5140251730131583,0.03794260688314885,-0.8527894386273464,4,45.09126095931698,Normal market quality,False,Official ECB inputs; RepoLens derived score
2024-09-30,3.41,43394,3.38,3.44,33,623,6.000000000000005,69.65329052969503,-2.1494541421367312,-0.5192683319986463,-1.456774486553439,0.45786134361023884,4,36.850011440725865,Normal market quality,True,Official ECB inputs; RepoLens derived score
2024-10-01,3.416,53511,3.4,3.43,34,715,3.000000000000025,74.84055944055945,-0.27441825265068626,0.3648912603233709,0.3721969242077242,-1.5044604665336143,4,53.13894727685076,Normal market quality,False,Official ECB inputs; RepoLens derived score
2024-10-02,3.41,47709,3.39,3.43,34,656,4.0000000000000036,72.72713414634147,-1.3306538331063196,0.3614832257082978,-0.7946597193126025,-0.840740705192008,4,45.52088140790513,Normal market quality,False,Official ECB inputs; RepoLens derived score
2024-10-03,3.407,37573,3.39,3.43,31,497,4.0000000000000036,75.59959758551308,-3.180109674753907,-2.2959102958710464,-3.9264946112991232,-0.8347693504106309,4,27.512378285938333,Weak market quality,True,Official ECB inputs; RepoLens derived score
2024-10-04,3.414,48039,3.39,3.43,35,700,4.0000000000000036,68.62714285714286,-1.2261301398467834,1.2375414240126754,0.09529530486255613,-0.8288324469389642,4,50.28388500313278,Normal market quality,False,Official ECB inputs; RepoLens derived score
2024-10-07,3.413,52533,3.39,3.43,35,715,4.0000000000000036,73.47272727272727,-0.40218543498809595,1.22752484977629,0.3851581491723622,-0.8251860127226476,4,53.861837493997264,Normal market quality,False,Official ECB inputs; RepoLens derived score
2024-10-08,3.414,50029,3.39,3.43,34,721,4.0000000000000036,69.3883495145631,-0.851987730089333,0.34360832072292447,0.5009716857164431,-0.8215558489083787,4,50.36182673414832,Normal market quality,False,Official ECB inputs; RepoLens derived score
2024-10-09,3.415,48105,3.39,3.43,34,727,4.0000000000000036,66.16918844566713,-1.1949717435736846,0.3379278970532025,0.6146788967031586,-0.8179417763001722,4,49.426028546333264,Normal market quality,False,Official ECB inputs; RepoLens derived score
2024-10-10,3.414,47488,3.39,3.43,34,689,4.0000000000000036,68.92307692307692,-1.297260840817834,0.33456438923804743,-0.11431729981369279,-0.8143436181779936,4,47.23172020796546,Normal market quality,False,Official ECB inputs; RepoLens derived score
2024-10-11,3.413,47574,3.39,3.43,34,706,4.0000000000000036,67.38526912181302,-1.2708070477514242,0.331202545604692,0.21415917978695034,-0.8107612002517756,4,48.131721446726786,Normal market quality,False,Official ECB inputs; RepoLens derived score
2024-10-14,3.413,47219,3.39,3.43,34,718,4.0000000000000036,65.76462395543176,-1.3244975433269608,0.32784224810226315,0.4476619169619495,-0.8071943506164602,4,48.51381053694086,Normal market quality,False,Official ECB inputs; RepoLens derived score
2024-10-15,3.413,46478,3.39,3.43,34,717,4.0000000000000036,64.8228730822873,-1.44698762378213,0.32448337858581067,0.430913209342488,-0.8036428997080377,4,48.02949913614535,Normal market quality,False,Official ECB inputs; RepoLens derived score
2024-10-16,3.414,49345,3.39,3.43,34,716,4.0000000000000036,68.91759776536313,-0.918708921522463,0.32112581879453955,0.4107938557143291,-0.8001066802605629,4,49.8144779813344,Normal market quality,False,Official ECB inputs; RepoLens derived score
2024-10-17,3.415,49939,3.39,3.43,34,690,4.0000000000000036,72.37536231884059,-0.806637211143669,0.3177694503299228,-0.09047382516259322,-0.796585527264109,4,48.93988711481165,Normal market quality,False,Official ECB inputs; RepoLens derived score
2024-10-18,3.415,50271,3.39,3.43,34,713,4.0000000000000036,70.5063113604488,-0.7412677599795031,0.31202563721005233,0.35321358305129985,-0.7930792779236531,4,50.2582798076106,Normal market quality,False,Official ECB inputs; RepoLens derived score
2024-10-21,3.415,50349,3.39,3.43,34,706,4.0000000000000036,71.3158640226629,-0.7216527612633491,0.3086626018720284,0.2204153113001802,-0.7895877716188534,4,49.98129177593708,Normal market quality,False,Official ECB inputs; RepoLens derived score
2024-10-22,3.416,48191,3.39,3.44,34,707,4.999999999999982,68.16265912305516,-1.1031651803024454,0.3053002904042887,0.2428078490204003,-0.14707880416825567,4,47.729810423755545,Normal market quality,False,Official ECB inputs; RepoLens derived score
2024-10-23,3.166,44381,3.14,3.19,34,686,4.999999999999982,64.69533527696792,-1.7765345570026998,0.3019385823314488,-0.15998242215505337,-0.1470788041682551,4,44.35763765718392,Normal market quality,False,Official ECB inputs; RepoLens derived score
2024-10-24,3.166,47084,3.15,3.19,34,680,4.0000000000000036,69.24117647058823,-1.2770242294430103,0.29857735690209464,-0.2736027282069018,-0.7861108498647043,4,46.7720180434845,Normal market quality,False,Official ECB inputs; RepoLens derived score
2024-10-25,3.166,46028,3.15,3.18,32,668,3.000000000000025,68.90419161676647,-1.4542105946427208,-1.4760824653270768,-0.5013266058564805,-1.4190271973867745,4,42.09528103687175,Normal market quality,False,Official ECB inputs; RepoLens derived score
2024-10-28,3.164,48357,3.15,3.18,32,685,3.000000000000025,70.5941605839416,-1.0469159084884014,-1.5085043020785636,-0.18332046294112764,-1.40965539419944,4,44.22071549904053,Normal market quality,False,Official ECB inputs; RepoLens derived score
2024-10-29,3.164,50939,3.15,3.18,34,717,3.000000000000025,71.04463040446304,-0.58245241320101,0.29557792709297853,0.4422529255301006,-1.4004751252994385,4,51.90670637330332,Normal market quality,False,Official ECB inputs; RepoLens derived score
2024-10-30,3.165,50736,3.15,3.19,34,710,4.0000000000000036,71.45915492957747,-0.6125749238537209,0.29217861958771224,0.3055673374183551,-0.7508126850304818,4,50.47657168657287,Normal market quality,False,Official ECB inputs; RepoLens derived score
2024-10-31,3.155,41909,3.1,3.2,31,543,10.000000000000009,77.1804788213628,-2.1852845967958077,-2.4064942938093887,-2.983471639350308,3.0835818265890156,4,24.376589078315433,Weak market quality,True,Official ECB inputs; RepoLens derived score
2024-11-01,3.163,47558,3.15,3.18,32,630,3.000000000000025,75.4888888888889,-1.1588399558716431,-1.4850302675319242,-1.2348966411605504,-1.3711908530773667,4,41.20102916233411,Normal market quality,False,Official ECB inputs; RepoLens derived score
2024-11-04,3.163,55205,3.15,3.18,33,730,3.000000000000025,75.62328767123287,0.22582722997379948,-0.5904329861308296,0.7160406102177157,-1.3611789970885626,4,53.14618286075836,Normal market quality,False,Official ECB inputs; RepoLens derived score
2024-11-05,3.163,58927,3.15,3.18,33,748,3.000000000000025,78.77941176470588,0.9093955468712527,-0.5904329861308296,1.0639182462938868,-1.351291994340772,4,56.393535555968185,Normal market quality,False,Official ECB inputs; RepoLens derived score
2024-11-06,3.162,53148,3.14,3.18,33,703,4.0000000000000036,75.60170697012802,-0.13788073637647125,-0.5961285396980867,0.1885267757039376,-0.7212245074806561,4,49.58024977391796,Normal market quality,False,Official ECB inputs; RepoLens derived score
2024-11-07,3.163,50847,3.15,3.18,35,682,3.000000000000025,74.55571847507332,-0.5536480477498433,1.1816749159695885,-0.21871679320275775,-1.3377110768651979,4,52.47619375509042,Normal market quality,False,Official ECB inputs; RepoLens derived score
2024-11-08,3.163,49104,3.15,3.19,35,638,4.0000000000000036,76.96551724137932,-0.8664695167282003,1.1722210730875855,-1.0682382373425814,-0.7106116754262493,4,48.293231293953184,Normal market quality,False,Official ECB inputs; RepoLens derived score
2024-11-11,3.162,53164,3.15,3.18,34,675,3.000000000000025,78.76148148148148,-0.11365239014171054,0.27754256975838776,-0.3430555721035639,-1.3243536543594578,4,51.42496461018026,Normal market quality,False,Official ECB inputs; RepoLens derived score
2024-11-12,3.163,55125,3.15,3.18,35,715,3.000000000000025,77.0979020979021,0.2570374556173333,1.160038045869343,0.4359421435597608,-1.314908792823966,4,56.861944757469374,Normal market quality,False,Official ECB inputs; RepoLens derived score
2024-11-13,3.164,53336,3.15,3.18,35,710,3.000000000000025,75.12112676056339,-0.071885431550895,1.1508108979429732,0.3390319281600963,-1.3055752325096024,4,55.431370903593944,Normal market quality,False,Official ECB inputs; RepoLens derived score
2024-11-14,3.165,54704,3.15,3.19,35,702,4.0000000000000036,77.92592592592592,0.18634225545563843,1.1424687987867213,0.18341033591566752,-0.685733006398147,4,54.99549524044792,Normal market quality,False,Official ECB inputs; RepoLens derived score
2024-11-15,3.165,53746,3.15,3.19,34,728,4.0000000000000036,73.82692307692308,0.012393349376410113,0.2491407898185273,0.6885842176528911,-0.6826804216770163,4,53.41170987401151,Normal market quality,False,Official ECB inputs; RepoLens derived score
2024-11-18,3.165,54775,3.15,3.19,34,693,4.0000000000000036,79.04040404040404,0.20943511094088652,0.2432196729795161,0.008455462641300837,-0.6796380234850897,4,52.38166776257278,Normal market quality,False,Official ECB inputs; RepoLens derived score
2024-11-19,3.166,54720,3.15,3.19,34,728,4.0000000000000036,75.16483516483517,0.20657789231061668,0.23986686568329765,0.6886858469125092,-0.673552073695938,4,54.054732515120584,Normal market quality,False,Official ECB inputs; RepoLens derived score
2024-11-20,3.167,55474,3.15,3.19,35,734,4.0000000000000036,75.57765667574932,0.3567536556114789,1.1260810502951857,0.803830451355359,-0.6674579234859671,4,57.07460343399549,Normal market quality,False,Official ECB inputs; RepoLens derived score
2024-11-21,3.167,53563,3.15,3.19,34,697,4.0000000000000036,76.84791965566714,-0.002213069808273764,0.22907426465927927,0.08330008879268178,-0.6613807389311972,4,51.76526124769774,Normal market quality,False,Official ECB inputs; RepoLens derived score
2024-11-22,3.168,52582,3.15,3.2,34,708,5.000000000000027,74.2683615819209,-0.1847791070819257,0.2257232144115734,0.297434338297532,-0.03449052060057029,4,50.71290278788688,Normal market quality,False,Official ECB inputs; RepoLens derived score
2024-11-25,3.167,51869,3.15,3.19,35,701,4.0000000000000036,73.99286733238232,-0.31753318525338486,1.1145083711571468,0.16311612401533945,-0.6522954005410194,4,53.0611381903559,Normal market quality,False,Official ECB inputs; RepoLens derived score
2024-11-26,3.165,53852,3.15,3.19,35,700,4.0000000000000036,76.93142857142857,0.06539893732982305,1.1145083711571468,0.14629862986091718,-0.6462569250453309,4,54.350299170767535,Normal market quality,False,Official ECB inputs; RepoLens derived score
2024-11-27,3.165,51405,3.15,3.19,34,676,4.0000000000000036,76.04289940828403,-0.4015191020772954,0.21832607946627464,-0.3238702990993797,-0.6402263554319271,4,49.291162126794596,Normal market quality,False,Official ECB inputs; RepoLens derived score
2024-11-28,3.164,52865,3.15,3.19,34,662,4.0000000000000036,79.85649546827794,-0.11714909305263504,0.21832607946627464,-0.5935713963227269,-0.6342067270206481,4,49.60317497270562,Normal market quality,False,Official ECB inputs; RepoLens derived score
2024-11-29,3.163,48774,3.13,3.19,34,646,6.000000000000005,75.50154798761609,-0.8970739592720223,0.21832607946627464,-0.8993981939675992,0.6262165421988029,4,44.21823604299641,Normal market quality,False,Official ECB inputs; RepoLens derived score
2024-12-02,3.165,59177,3.14,3.19,34,719,4.999999999999982,82.30458970792768,1.1173840412689213,0.21497738683409662,0.5235151109030827,-0.004985895563196223,4,55.764554232128965,Normal market quality,False,Official ECB inputs; RepoLens derived score
2024-12-03,3.164,63753,3.14,3.18,33,727,4.0000000000000036,87.69325997248968,2.001658611989018,-0.6834548341918277,0.6760497453607354,-0.6312063154434283,4,57.934101893048975,Normal market quality,False,Official ECB inputs; RepoLens derived score
2024-12-04,3.165,59911,3.14,3.19,34,727,4.999999999999982,82.40852819807428,1.2499679902734784,0.20622178695694554,0.6712516081062572,0.002494886622285342,4,56.564829123681754,Normal market quality,False,Official ECB inputs; RepoLens derived score
2024-12-05,3.165,56183,3.14,3.19,34,704,4.999999999999982,79.80539772727273,0.531748126502785,0.20010366620189474,0.22045176047665466,0.004993753756047339,4,52.90501637882205,Normal market quality,False,Official ECB inputs; RepoLens derived score
2024-12-06,3.165,54205,3.14,3.18,34,704,4.0000000000000036,76.99573863636364,0.14591869074512182,0.19025238873145012,0.21471901041381958,-0.6211946905646109,4,52.45493595131802,Normal market quality,False,Official ECB inputs; RepoLens derived score
2024-12-09,3.164,54986,3.14,3.18,35,721,4.0000000000000036,76.26352288488211,0.2969562265648359,1.1096976608384457,0.5456578057872706,-0.6182068607547013,4,56.10504575067327,Normal market quality,False,Official ECB inputs; RepoLens derived score
2024-12-10,3.163,55659,3.13,3.19,35,734,6.000000000000005,75.82970027247957,0.4283840511556923,1.100891418310736,0.7970765562414861,0.6503837256346767,4,55.26868852697346,Normal market quality,False,Official ECB inputs; RepoLens derived score
2024-12-11,3.164,45087,3.14,3.19,33,665,4.999999999999982,67.8,-1.6060911537293925,-0.7488117258545189,-0.5464718639224181,0.015054181599288065,4,41.11789071510585,Normal market quality,False,Official ECB inputs; RepoLens derived score
2024-12-12,3.164,49557,3.14,3.18,35,691,4.0000000000000036,71.7178002894356,-0.7325352082596497,1.0921692977097623,-0.038446676715138586,-0.6152278485733561,4,50.99327509643782,Normal market quality,False,Official ECB inputs; RepoLens derived score
2024-12-13,3.167,48944,3.14,3.19,35,703,4.999999999999982,69.62162162162163,-0.8445840739564389,1.0847259185948803,0.1971438094649575,0.027806875168631628,4,50.20691974854911,Normal market quality,False,Official ECB inputs; RepoLens derived score
2024-12-16,3.165,49825,3.14,3.2,35,700,6.000000000000005,71.17857142857143,-0.6677846130046243,1.076149584601475,0.1399043804810072,0.677532431366887,4,49.68659012013969,Normal market quality,False,Official ECB inputs; RepoLens derived score
2024-12-17,3.164,52203,3.13,3.2,35,724,7.000000000000028,72.103591160221,-0.20290011326505494,1.0676518251560363,0.6060277141631955,1.3335464964896406,4,51.473728707135926,Normal market quality,False,Official ECB inputs; RepoLens derived score
2024-12-18,2.917,55540,2.89,2.95,35,731,6.000000000000005,75.9781121751026,0.44284643445211674,1.0592307875319777,0.7375131016175817,0.6928176948234478,4,55.00259570122114,Normal market quality,False,Official ECB inputs; RepoLens derived score
2024-12-19,2.919,54589,2.89,2.95,34,706,6.000000000000005,77.3215297450425,0.25635438351223055,0.1313605835664059,0.24522445286232283,0.7028728088290095,4,50.784393720121116,Normal market quality,False,Official ECB inputs; RepoLens derived score
2024-12-20,2.916,50178,2.89,2.95,34,708,6.000000000000005,70.87288135593221,-0.5966514418193233,0.1313605835664059,0.27911812940312564,0.7131254663475138,4,47.86822853653493,Normal market quality,False,Official ECB inputs; RepoLens derived score
2024-12-23,2.911,38619,2.89,2.93,33,570,4.0000000000000036,67.75263157894737,-2.824215179188336,-0.7927720541455288,-2.4244748780761034,-0.6025477636672009,4,32.975951187787544,Weak market quality,True,Official ECB inputs; RepoLens derived score
2024-12-24,2.909,31561,2.89,2.93,29,356,4.0000000000000036,88.65449438202248,-4.1443949243077025,-4.597894781526347,-6.695067104975227,-0.6001765874374657,4,25.4002648811562,Weak market quality,True,Official ECB inputs; RepoLens derived score
2024-12-27,2.916,48132,2.9,2.94,34,638,4.0000000000000036,75.44200626959248,-0.9248847056572267,0.12659048111365598,-1.0093729511386345,-0.5970663488420749,4,45.45154687840037,Normal market quality,False,Official ECB inputs; RepoLens derived score
2024-12-30,2.915,40655,2.9,2.93,33,515,3.000000000000025,78.94174757281553,-2.3282192513009146,-0.7894271181164957,-3.250544654795646,-1.271246500810337,4,34.284534576371065,Weak market quality,True,Official ECB inputs; RepoLens derived score
2024-12-31,2.905,33792,2.87,2.94,30,347,6.999999999999984,97.38328530259366,-3.6009787357204712,-3.546817992699159,-6.180517605992412,1.4500184690652749,4,22.32497229640209,Weak market quality,True,Official ECB inputs; RepoLens derived score
2025-01-02,2.92,59601,2.9,2.95,36,617,5.000000000000027,96.59805510534846,1.2576042070660645,1.9193626633002971,-1.235916866040447,0.08840995536068742,4,55.97761428483982,Normal market quality,False,Official ECB inputs; RepoLens derived score
2025-01-03,2.919,55651,2.9,2.95,33,597,5.000000000000027,93.21775544388609,0.5332360793099535,-0.7736973266356935,-1.5610400600448417,0.08840995536068742,4,45.89686787784247,Normal market quality,False,Official ECB inputs; RepoLens derived score
2025-01-06,2.917,53701,2.9,2.95,33,574,5.000000000000027,93.55574912891986,0.17718081322455692,-0.7736973266356935,-1.9275945626238993,0.08840995536068742,4,43.73428819009594,Normal market quality,False,Official ECB inputs; RepoLens derived score
2025-01-07,2.918,59102,2.89,2.95,35,670,6.000000000000005,88.21194029850746,1.1979064937428567,1.0068663839779546,-0.32787136881925494,0.7635405235694971,4,54.7448494806425,Normal market quality,False,Official ECB inputs; RepoLens derived score
2025-01-08,2.917,59265,2.89,2.95,36,724,6.000000000000005,81.85773480662984,1.2295423438867987,1.8885685326267703,0.5602922251621584,0.7599938873550058,4,59.28555926704361,Normal market quality,False,Official ECB inputs; RepoLens derived score
2025-01-09,2.92,55672,2.89,2.95,36,705,6.000000000000005,78.96737588652482,0.5511101526264122,1.8671130418681188,0.2445492150052245,0.7564617373995882,4,56.073348570276416,Normal market quality,False,Official ECB inputs; RepoLens derived score
2025-01-10,2.917,56000,2.89,2.95,36,737,6.000000000000005,75.98371777476255,0.611601395088682,1.8506959280155884,0.7687246588198554,0.7677344610844502,4,57.53755465827232,Normal market quality,False,Official ECB inputs; RepoLens derived score
2025-01-13,2.918,61069,2.9,2.95,36,754,5.000000000000027,80.99336870026525,1.5692612108738084,1.830151199193159,1.0455897371512453,0.09186519858877115,4,62.543968781036185,Normal market quality,False,Official ECB inputs; RepoLens derived score
2025-01-14,2.919,58770,2.9,2.95,36,766,5.000000000000027,76.72323759791122,1.1336282449875528,1.8100790157719338,1.236416782958002,0.09768085511705708,4,61.43741707160569,Normal market quality,False,Official ECB inputs; RepoLens derived score
2025-01-15,2.92,56383,2.9,2.95,36,761,5.000000000000027,74.09067017082786,0.6833151924493155,1.7948225142488197,1.1445361299894914,0.09768085511705647,4,59.5934785014928,Normal market quality,False,Official ECB inputs; RepoLens derived score
2025-01-16,2.92,59470,2.9,2.95,36,742,5.000000000000027,80.14824797843666,1.2677080365674491,1.7755576046595871,0.8277848798607399,0.10355092598251942,4,60.79000795031311,Normal market quality,False,Official ECB inputs; RepoLens derived score
2025-01-17,2.92,62631,2.9,2.95,36,753,5.000000000000027,83.17529880478088,1.8682369932218317,1.7567130873359438,1.0035289269270122,0.11278412005455235,4,63.27025833185198,Normal market quality,False,Official ECB inputs; RepoLens derived score
2025-01-20,2.919,64546,2.9,2.95,36,791,5.000000000000027,81.60050568900127,2.2241730693581023,1.7382722990771429,1.6168178491079197,0.12221356641072753,4,65.98901076359992,Strong market quality,False,Official ECB inputs; RepoLens derived score
2025-01-21,2.921,63013,2.9,2.95,36,781,5.000000000000027,80.68245838668373,1.9133737740580061,1.7202194837455955,1.4413274730218228,0.12836067341710233,4,64.40813459099591,Normal market quality,False,Official ECB inputs; RepoLens derived score
2025-01-22,2.92,63044,2.9,2.95,36,794,5.000000000000027,79.40050377833754,1.9049365231924364,1.7025397295322817,1.639736315071,0.13457216692046886,4,64.82110969230104,Normal market quality,False,Official ECB inputs; RepoLens derived score
2025-01-23,2.922,58215,2.9,2.95,36,773,5.000000000000027,75.3104786545925,0.9958498319014735,1.6852189114527474,1.2873171095262892,0.14085006425075916,4,60.705539367726615,Normal market quality,False,Official ECB inputs; RepoLens derived score
2025-01-24,2.921,57896,2.9,2.95,37,771,5.000000000000027,75.09208819714657,0.9323306537916142,2.5137055119151803,1.2464987601014363,0.14085006425075977,4,62.452392871936055,Normal market quality,False,Official ECB inputs; RepoLens derived score
2025-01-27,2.921,56960,2.9,2.95,35,789,5.000000000000027,72.19264892268694,0.7606166989692704,0.8044191912448616,1.525892051362553,0.14085006425075977,4,58.27666145653484,Normal market quality,False,Official ECB inputs; RepoLens derived score
2025-01-28,2.921,57592,2.89,2.95,34,792,6.000000000000005,72.71717171717172,0.8710891961306789,-0.036422052792204625,1.5593924958789551,0.8681436472663234,4,55.55402282327477,Normal market quality,False,Official ECB inputs; RepoLens derived score
2025-01-29,2.923,51029,2.89,2.95,35,775,6.000000000000005,65.84387096774194,-0.33505683016267773,0.7979740657201735,1.2791264025226101,0.8681436472663234,4,52.7178367941381,Normal market quality,False,Official ECB inputs; RepoLens derived score
2025-01-30,2.923,50573,2.89,2.95,35,752,6.000000000000005,67.25132978723404,-0.41370395262093024,0.7915610076548872,0.9069985629165273,0.8640436449231697,4,51.502369624870525,Normal market quality,False,Official ECB inputs; RepoLens derived score
2025-01-31,2.912,43550,2.88,2.95,32,619,7.000000000000028,70.35541195476576,-1.7161971804466363,-1.7194431047867826,-1.1897420052525371,1.575182060281295,4,34.357574002916536,Weak market quality,True,Official ECB inputs; RepoLens derived score
2025-02-03,2.918,59421,2.9,2.95,33,750,5.000000000000027,79.228,1.239827846974457,-0.8728409341373882,0.871283374199103,0.13839574702125582,4,54.127909944033,Normal market quality,False,Official ECB inputs; RepoLens derived score
2025-02-04,2.917,65539,2.9,2.95,34,784,5.000000000000027,83.59566326530613,2.369940500854615,-0.03946538246202099,1.4000195683377432,0.13839574702125582,4,61.488583597148576,Normal market quality,False,Official ECB inputs; RepoLens derived score
2025-02-05,2.666,65395,2.65,2.69,34,789,4.0000000000000036,82.88339670468947,2.3179349638253877,-0.03622166577042408,1.4666242793040898,-0.57335380908803,4,62.54880962085507,Normal market quality,False,Official ECB inputs; RepoLens derived score
2025-02-06,2.669,65493,2.65,2.7,35,758,5.000000000000027,86.4023746701847,2.3087291433374784,0.793583768242981,0.9708339944964578,0.14113370512835,4,62.27989585083725,Normal market quality,False,Official ECB inputs; RepoLens derived score
2025-02-07,2.665,64106,2.65,2.69,35,746,4.0000000000000036,85.93297587131367,2.0303791598692897,0.789307649240361,0.7781072429346385,-0.5701801687185045,4,61.880134543057764,Normal market quality,False,Official ECB inputs; RepoLens derived score
2025-02-10,2.664,56402,2.65,2.68,34,658,3.000000000000025,85.71732522796353,0.6341012019867952,-0.04270156633325219,-0.5907590065887389,-1.2778998239734694,4,52.55255251060901,Normal market quality,False,Official ECB inputs; RepoLens derived score
2025-02-11,2.666,58984,2.65,2.69,35,738,4.0000000000000036,79.92411924119241,1.094041123662118,0.7829511740759154,0.6513926258537704,-0.5595877117203967,4,58.25438500022222,Normal market quality,False,Official ECB inputs; RepoLens derived score
2025-02-12,2.665,55367,2.65,2.68,35,744,3.000000000000025,74.41801075268818,0.44309239055799665,0.7766249419221782,0.740107930075501,-1.2646716556638706,4,57.23966303044299,Normal market quality,False,Official ECB inputs; RepoLens derived score
2025-02-13,2.667,54021,2.65,2.7,34,713,5.000000000000027,75.76577840112202,0.20335686067133318,-0.05925601446611349,0.25526708860605807,0.15689194647117188,4,50.96643877799277,Normal market quality,False,Official ECB inputs; RepoLens derived score
2025-02-14,2.666,53448,2.65,2.68,34,724,3.000000000000025,73.8232044198895,0.10556007400830397,-0.06264658731252568,0.42514198427503636,-1.2551355717692916,4,53.15840210908928,Normal market quality,False,Official ECB inputs; RepoLens derived score
2025-02-17,2.665,57535,2.65,2.68,33,747,3.000000000000025,77.02141900937082,0.8427355415936093,-0.891287372662673,0.7810381623637852,-1.2457096105929943,4,54.54251578571991,Normal market quality,False,Official ECB inputs; RepoLens derived score
2025-02-18,2.666,58436,2.65,2.69,34,751,4.0000000000000036,77.81091877496671,1.0095570447660984,-0.04969488742158387,0.8427682344320654,-0.5346556317865245,4,56.318116471887336,Normal market quality,False,Official ECB inputs; RepoLens derived score
2025-02-19,2.665,56364,2.65,2.68,35,754,3.000000000000025,74.75331564986737,0.6378319479711164,0.7894628160716204,0.8853780531414838,-1.2329779066504918,4,58.268980850907404,Normal market quality,False,Official ECB inputs; RepoLens derived score
2025-02-20,2.667,55253,2.65,2.69,35,723,4.0000000000000036,76.42185338865836,0.4391360511637563,0.7894628160716204,0.4009840356193337,-0.5244856919979588,4,55.29982184629747,Normal market quality,False,Official ECB inputs; RepoLens derived score
2025-02-21,2.666,56807,2.65,2.69,35,758,4.0000000000000036,74.94327176781003,0.7227838347537439,0.7894628160716204,0.9425222201226456,-0.5184564685514066,4,57.637390714950875,Normal market quality,False,Official ECB inputs; RepoLens derived score
2025-02-24,2.666,58372,2.65,2.69,35,746,4.0000000000000036,78.24664879356568,1.002544715624597,0.7851792212610157,0.7537882169553151,-0.5124198961605331,4,58.12495494446772,Normal market quality,False,Official ECB inputs; RepoLens derived score
2025-02-25,2.666,59193,2.65,2.69,35,763,4.0000000000000036,77.57929226736566,1.145981356612215,0.7788279218174651,1.0120127956191236,-0.5063961859329281,4,59.24763082063362,Normal market quality,False,Official ECB inputs; RepoLens derived score
2025-02-26,2.665,56824,2.65,2.68,35,765,3.000000000000025,74.27973856209151,0.7110868744516625,0.7725875768135966,1.0354005635760972,-1.2208953272531227,4,58.840117402434736,Normal market quality,False,Official ECB inputs; RepoLens derived score
2025-02-27,2.666,52373,2.65,2.68,34,706,3.000000000000025,74.1827195467422,-0.0891255947806727,-0.0732968983535368,0.1173332408944088,-1.2169055923697014,4,51.623509663174374,Normal market quality,False,Official ECB inputs; RepoLens derived score
2025-02-28,2.658,48043,2.64,2.7,32,595,6.000000000000005,80.74453781512605,-0.8648427969633151,-1.7524622060890789,-1.5966360961732733,0.9862662800428008,4,37.12090503490832,Normal market quality,False,Official ECB inputs; RepoLens derived score
2025-03-03,2.663,57104,2.65,2.68,33,689,3.000000000000025,82.87953555878084,0.7741862989541717,-0.9055252786701882,-0.13887963976745793,-1.2139140088759897,4,51.91951076355947,Normal market quality,False,Official ECB inputs; RepoLens derived score
2025-03-04,2.664,57241,2.65,2.68,34,746,3.000000000000025,76.73056300268097,0.8050871365526966,-0.06299407883489395,0.7377909823257526,-1.2058971858973955,4,56.31364301550768,Normal market quality,False,Official ECB inputs; RepoLens derived score
2025-03-05,2.664,58415,2.65,2.68,34,757,3.000000000000025,77.1664464993395,1.0191966088504847,-0.06299407883489395,0.9021432371905879,-1.1967934563860565,4,57.46025121144501,Normal market quality,False,Official ECB inputs; RepoLens derived score
2025-03-06,2.666,52016,2.65,2.69,34,727,4.0000000000000036,71.54883081155434,-0.13891159029655742,-0.056656510035422124,0.4369597822636416,-0.4577330037767078,4,51.15116712019766,Normal market quality,False,Official ECB inputs; RepoLens derived score
2025-03-07,2.665,56041,2.65,2.68,35,719,3.000000000000025,77.94297635605007,0.5984344080113894,0.7874878391135945,0.3163575164151041,-1.1857551073638313,4,56.63276647790735,Normal market quality,False,Official ECB inputs; RepoLens derived score
2025-03-10,2.663,58085,2.65,2.68,35,742,3.000000000000025,78.28167115902966,0.9784571706077988,0.783192932842614,0.6724652286102367,-1.1780837949849954,4,58.830871193236916,Normal market quality,False,Official ECB inputs; RepoLens derived score
2025-03-11,2.663,57664,2.65,2.68,35,786,3.000000000000025,73.36386768447836,0.9072846978937287,0.7789183338522584,1.3493343863671485,-1.1692316123064213,4,60.2499756616362,Normal market quality,False,Official ECB inputs; RepoLens derived score
2025-03-12,2.412,52955,2.4,2.43,34,701,3.000000000000025,75.54208273894436,0.04223640208199184,-0.06660237731151993,0.038262923299509144,-1.1604717178503539,4,51.81768634903248,Normal market quality,False,Official ECB inputs; RepoLens derived score
2025-03-13,2.413,58524,2.4,2.43,35,766,3.000000000000025,76.40208877284596,1.059466612035512,0.7729815990302332,1.0318225212475143,-1.151802003862314,4,59.94784644861213,Normal market quality,False,Official ECB inputs; RepoLens derived score
2025-03-14,2.417,57463,2.4,2.43,35,759,3.000000000000025,75.70882740447958,0.8587302913434356,0.769292795385167,0.9181405513891611,-1.1432204247120359,4,58.9389700237059,Normal market quality,False,Official ECB inputs; RepoLens derived score
2025-03-17,2.417,59899,2.4,2.43,35,766,3.000000000000025,78.19712793733682,1.2979461544482878,0.769292795385167,1.0206770803934602,-1.1358928936304844,4,60.7215755704613,Normal market quality,False,Official ECB inputs; RepoLens derived score
2025-03-18,2.417,66780,2.4,2.43,36,816,3.000000000000025,81.83823529411765,2.5394569824831246,1.6295323055434414,1.7759918274359603,-1.1274491158413011,4,69.0930834449014,Strong market quality,False,Official ECB inputs; RepoLens derived score
2025-03-19,2.416,64268,2.4,2.43,36,799,3.000000000000025,80.43554443053817,2.0462055942582027,1.6194306938133982,1.5003643518050724,-1.1202863424030614,4,66.64163670755448,Strong market quality,False,Official ECB inputs; RepoLens derived score
2025-03-20,2.417,62675,2.4,2.44,35,747,4.0000000000000036,83.90227576974564,1.7383316744556625,0.7439243433577138,0.7037083444173234,-0.3803357346540378,4,60.27374618201347,Normal market quality,False,Official ECB inputs; RepoLens derived score
2025-03-21,2.417,60668,2.4,2.44,36,740,4.0000000000000036,81.98378378378378,1.365126840676434,1.5983572330292972,0.5937934614754572,-0.37741803550281927,4,60.82444773188364,Normal market quality,False,Official ECB inputs; RepoLens derived score
2025-03-24,2.418,61138,2.4,2.44,35,742,4.0000000000000036,82.39622641509433,1.4362379122272873,0.7272199367783847,0.6213136552585687,-0.37055166160314984,4,58.95399416529261,Normal market quality,False,Official ECB inputs; RepoLens derived score
2025-03-25,2.418,57996,2.4,2.44,33,742,4.0000000000000036,78.16172506738545,0.8708898570040171,-0.9878815174794019,0.6194202927965312,-0.36414165090580286,4,52.67317391416559,Normal market quality,False,Official ECB inputs; RepoLens derived score
2025-03-26,2.417,57859,2.4,2.44,35,767,4.0000000000000036,75.4354628422425,0.8397974919286944,0.7230885334127576,0.9901083697065118,-0.3571471778085235,4,57.758004246261386,Normal market quality,False,Official ECB inputs; RepoLens derived score
2025-03-27,2.417,52581,2.4,2.44,36,730,4.0000000000000036,72.02876712328766,-0.09191019409484794,1.573604630590584,0.42952144127543923,-0.3500777756362869,4,55.21124616378752,Normal market quality,False,Official ECB inputs; RepoLens derived score
2025-03-28,2.417,53018,2.4,2.43,33,695,3.000000000000025,76.28489208633094,-0.013294331106180899,-0.992244985914552,-0.09651620497259357,-1.114279800151873,4,48.90298656413831,Normal market quality,False,Official ECB inputs; RepoLens derived score
2025-03-31,2.415,55940,2.39,2.45,33,662,6.000000000000005,84.50151057401813,0.5023830324765292,-0.9845721768368642,-0.5911154059451984,1.190934253437155,4,46.032720276556965,Normal market quality,False,Official ECB inputs; RepoLens derived score
2025-04-01,2.42,65071,2.4,2.45,35,746,5.000000000000027,87.22654155495978,2.1067082735450517,0.720928441524516,0.6711488252254769,0.43044497192011094,4,60.208004666402495,Normal market quality,False,Official ECB inputs; RepoLens derived score
2025-04-02,2.417,64898,2.4,2.44,35,771,4.0000000000000036,84.17380025940338,2.0539716578609637,0.7148263749637515,1.0407481110667647,-0.3388609353413637,4,62.08612842060171,Normal market quality,False,Official ECB inputs; RepoLens derived score
2025-04-03,2.416,63703,2.4,2.43,34,739,3.000000000000025,86.20162381596752,1.8241099314361167,-0.13811000233086418,0.552285836616344,-1.1052743501078104,4,59.077735870901826,Normal market quality,False,Official ECB inputs; RepoLens derived score
2025-04-04,2.415,68047,2.4,2.43,35,783,3.000000000000025,86.90549169859514,2.5559968566487736,0.7148263749637515,1.209035139928409,-1.0969320067446708,4,65.40104079561812,Strong market quality,False,Official ECB inputs; RepoLens derived score
2025-04-07,2.414,70875,2.4,2.43,35,806,3.000000000000025,87.93424317617865,2.9940396209509754,0.7148263749637515,1.5447897243919948,-1.0886684476544242,4,67.76118159319941,Strong market quality,False,Official ECB inputs; RepoLens derived score
2025-04-08,2.415,68074,2.4,2.43,35,797,3.000000000000025,85.41279799247177,2.462449362668228,0.7148263749637515,1.3954969750478086,-1.0804819179193992,4,65.5151040212468,Strong market quality,False,Official ECB inputs; RepoLens derived score
2025-04-09,2.415,63933,2.4,2.43,34,735,3.000000000000025,86.98367346938775,1.7469132818778033,-0.13487290093655632,0.46084229728681975,-1.0743196811870626,4,58.54059949922856,Normal market quality,False,Official ECB inputs; RepoLens derived score
2025-04-10,2.416,70411,2.4,2.43,35,821,3.000000000000025,85.76248477466504,2.7948893495137748,0.7189083644059219,1.7423390836379644,-1.0662430402805636,4,67.53459590382877,Strong market quality,False,Official ECB inputs; RepoLens derived score
2025-04-11,2.416,73735,2.4,2.43,35,829,3.000000000000025,88.94451145958986,3.2800583228331677,0.7189083644059219,1.8485071772833441,-1.0602398458607984,4,68.50889862301436,Strong market quality,False,Official ECB inputs; RepoLens derived score
2025-04-14,2.417,78052,2.4,2.44,35,870,4.0000000000000036,89.71494252873563,3.8831685023266926,0.7189083644059219,2.434256802662462,-0.2774640663085266,4,68.79910901713374,Strong market quality,False,Official ECB inputs; RepoLens derived score
2025-04-15,2.416,78513,2.4,2.43,35,855,3.000000000000025,91.8280701754386,3.828052285114669,0.7148263749637515,2.1790373535924084,-1.0516468658317422,4,69.31212962013801,Strong market quality,False,Official ECB inputs; RepoLens derived score
2025-04-16,2.418,75367,2.4,2.44,35,847,4.0000000000000036,88.98110979929162,3.236584807045505,0.7148263749637515,2.0375296162663035,-0.2678589386205938,4,67.78267838600603,Strong market quality,False,Official ECB inputs; RepoLens derived score
2025-04-17,2.417,71975,2.4,2.44,35,840,4.0000000000000036,85.68452380952381,2.661099491402074,0.7148263749637515,1.9139781719251932,-0.2608096628133375,4,66.27707408134962,Strong market quality,False,Official ECB inputs; RepoLens derived score
2025-04-22,2.417,80702,2.4,2.44,35,885,4.0000000000000036,91.18870056497175,3.8769548197588546,0.7148263749637515,2.531854403304291,-0.2578108564893415,4,69.00341823040412,Strong market quality,False,Official ECB inputs; RepoLens derived score
2025-04-23,2.167,80023,2.15,2.2,35,807,5.000000000000027,99.16109045848823,3.656334418807817,0.7148263749637515,1.3952709815785846,0.5389223183031501,4,64.96685991390112,Normal market quality,False,Official ECB inputs; RepoLens derived score
2025-04-24,2.169,75731,2.15,2.2,35,796,5.000000000000027,95.1394472361809,2.9624812334656703,0.7107612315076257,1.2308520865356476,0.5498146724973566,4,64.39799560349199,Normal market quality,False,Official ECB inputs; RepoLens derived score
2025-04-25,2.167,73597,2.15,2.2,35,790,5.000000000000027,93.16075949367088,2.6115813076821475,0.706712708669616,1.1413607519476758,0.5609574090818126,4,62.91928211480803,Normal market quality,False,Official ECB inputs; RepoLens derived score
2025-04-28,2.167,73379,2.15,2.2,35,828,5.000000000000027,88.6219806763285,2.540084303205713,0.7006675949501466,1.6629897908795825,0.580470615087213,4,63.928732603163496,Normal market quality,False,Official ECB inputs; RepoLens derived score
2025-04-29,2.167,72887,2.15,2.2,35,812,5.000000000000027,89.76231527093596,2.432494293377754,0.700985101866644,1.4257508415354367,0.580470615087213,4,62.95986396269652,Normal market quality,False,Official ECB inputs; RepoLens derived score
2025-04-30,2.156,58286,2.1,2.2,33,683,10.000000000000009,85.33821376281112,0.4841900069288128,-1.084917576526445,-0.39624266331159785,4.716170016870848,4,43.49176442465574,Normal market quality,True,Official ECB inputs; RepoLens derived score
2025-05-02,2.168,67533,2.15,2.19,32,651,4.0000000000000036,103.73732718894009,1.6950774846627445,-1.992832072430791,-0.8680877154270573,-0.23429944544272815,4,49.13192089483908,Normal market quality,False,Official ECB inputs; RepoLens derived score
2025-05-05,2.167,65317,2.15,2.19,32,678,4.0000000000000036,96.33775811209439,1.3884455926457047,-1.992832072430791,-0.48037291705740454,-0.22690361380759655,4,49.01690252125087,Normal market quality,False,Official ECB inputs; RepoLens derived score
2025-05-06,2.167,76605,2.15,2.2,35,792,5.000000000000027,96.72348484848484,2.8516153813324316,0.7020054906935805,1.15678856367381,0.6020673572316306,4,63.72453793473454,Normal market quality,False,Official ECB inputs; RepoLens derived score
2025-05-07,2.169,70895,2.15,2.2,36,772,5.000000000000027,91.83290155440415,2.0702559525240565,1.5958348986665225,0.8801108870285853,0.6231551136115578,4,62.50102762765463,Normal market quality,False,Official ECB inputs; RepoLens derived score
2025-05-08,2.171,70440,2.15,2.2,36,742,5.000000000000027,94.93261455525607,1.9854727304640378,1.5808650886766455,0.4225325453636295,0.6360025435357359,4,61.003644826421215,Normal market quality,False,Official ECB inputs; RepoLens derived score
2025-05-09,2.169,72574,2.15,2.2,35,762,5.000000000000027,95.24146981627297,2.233998166327088,0.6752511294897389,0.7226993867060006,0.6492005598549148,4,60.34006903285178,Normal market quality,False,Official ECB inputs; RepoLens derived score
2025-05-12,2.17,77922,2.15,2.2,35,829,5.000000000000027,93.99517490952955,2.8795746765961083,0.6711727716455794,1.7280963002759415,0.6627687165334044,4,65.08253097309007,Strong market quality,False,Official ECB inputs; RepoLens derived score
2025-05-13,2.172,71222,2.15,2.2,34,816,5.000000000000027,87.28186274509804,1.986656206508171,-0.22236992727168786,1.517084286828436,0.6767281411784781,4,59.17499040990275,Normal market quality,False,Official ECB inputs; RepoLens derived score
2025-05-14,2.172,67820,2.15,2.2,34,814,5.000000000000027,83.31695331695332,1.5414815415092424,-0.22236992727168786,1.4740561201600006,0.7017398176693297,4,57.47179115099914,Normal market quality,False,Official ECB inputs; RepoLens derived score
2025-05-15,2.172,66389,2.15,2.2,33,786,5.000000000000027,84.46437659033079,1.3517305214881596,-1.1118496363584394,1.0469055539708132,0.7282730088844164,4,53.47628710591287,Normal market quality,False,Official ECB inputs; RepoLens derived score
2025-05-16,2.17,69364,2.15,2.2,34,808,5.000000000000027,85.84653465346534,1.712079946021174,-0.22236992727168786,1.4019943817451592,0.7282730088844172,4,57.84893143393116,Normal market quality,False,Official ECB inputs; RepoLens derived score
2025-05-19,2.171,72728,2.15,2.2,34,799,5.000000000000027,91.02377972465582,2.1103876602732003,-0.2190142728527691,1.2525738874680403,0.7239547502146194,4,58.884323722172454,Normal market quality,False,Official ECB inputs; RepoLens derived score
2025-05-20,2.172,70186,2.15,2.2,35,800,5.000000000000027,87.7325,1.772167083398228,0.6692225655110404,1.2584060800259584,0.7196550299423745,4,59.942173860822734,Normal market quality,False,Official ECB inputs; RepoLens derived score
2025-05-21,2.169,64535,2.15,2.2,34,773,5.000000000000027,83.48641655886158,1.0653088901358907,-0.22307418850368013,0.8333886595582295,0.715373585283235,4,54.181306915187136,Normal market quality,False,Official ECB inputs; RepoLens derived score
2025-05-22,2.173,63539,2.15,2.2,34,772,5.000000000000027,82.30440414507773,0.9357609491547353,-0.22307418850368013,0.8113423087609855,0.7111101572032865,4,53.67916838687991,Normal market quality,False,Official ECB inputs; RepoLens derived score
2025-05-23,2.17,55688,2.15,2.2,33,676,5.000000000000027,82.37869822485207,-0.029081733012662564,-1.112719852055918,-0.6792708401672582,0.7068644903360898,4,44.35794046839361,Normal market quality,False,Official ECB inputs; RepoLens derived score
2025-05-26,2.168,59957,2.15,2.2,33,724,5.000000000000027,82.81353591160222,0.4911481779990851,-1.104829309165021,0.06619221545695804,0.7068644903360898,4,48.06212915322251,Normal market quality,False,Official ECB inputs; RepoLens derived score
2025-05-27,2.172,65445,2.15,2.2,34,774,5.000000000000027,84.55426356589147,1.1562604172809998,-0.20219586480702398,0.8364531625325095,0.7068644903360898,4,54.57225796929308,Normal market quality,False,Official ECB inputs; RepoLens derived score
2025-05-28,2.167,53919,2.15,2.19,35,624,4.0000000000000036,86.40865384615384,-0.26390711917027976,0.6897763218905435,-1.4941117023551989,-0.19734795415475045,4,47.36150856297451,Normal market quality,False,Official ECB inputs; RepoLens derived score
2025-05-29,2.161,42457,2.14,2.2,32,447,6.000000000000005,94.98210290827741,-1.6824279525379282,-2.0232260457375157,-4.245005484864614,1.664711802795333,4,29.05636934758046,Weak market quality,True,Official ECB inputs; RepoLens derived score
2025-05-30,2.161,51660,2.14,2.2,31,651,6.000000000000005,79.35483870967742,-0.5420778447148734,-2.9056822846346906,-1.026805127824494,1.6537323020495693,4,35.79091055927563,Normal market quality,True,Official ECB inputs; RepoLens derived score
2025-06-02,2.172,70801,2.15,2.2,32,762,5.000000000000027,92.91469816272966,1.8050866855749974,-1.9651649220237333,0.6410778800306313,0.7249169920345385,4,51.92021030647793,Normal market quality,False,Official ECB inputs; RepoLens derived score
2025-06-03,2.172,72647,2.15,2.2,33,783,5.000000000000027,92.78033205619413,2.0110852877544243,-1.0673416436129084,0.9521740926384913,0.7249169920345385,4,55.66350414165263,Normal market quality,False,Official ECB inputs; RepoLens derived score
2025-06-04,2.173,63092,2.15,2.2,35,709,5.000000000000027,88.98730606488012,0.8317395400850065,0.6909548979079592,-0.15936923746435055,0.7249169920345377,4,53.152677053354736,Normal market quality,False,Official ECB inputs; RepoLens derived score
2025-06-05,2.174,64297,2.15,2.2,34,657,5.000000000000027,97.86453576864535,0.9710871955333205,-0.18733098391115605,-0.9365942495397321,0.7205785171924477,4,49.50812432495073,Normal market quality,False,Official ECB inputs; RepoLens derived score
2025-06-06,2.173,49889,2.15,2.2,33,494,5.000000000000027,100.98987854251013,-0.7753732906079593,-1.0615422421632135,-3.361186578392907,0.7162585742589875,4,36.05795001607563,Normal market quality,True,Official ECB inputs; RepoLens derived score
2025-06-09,2.17,40496,2.15,2.2,31,367,5.000000000000027,110.34332425068119,-1.9088648330269529,-2.800428620203622,-5.127046354731281,0.7162585742589883,4,27.743513672508126,Weak market quality,True,Official ECB inputs; RepoLens derived score
2025-06-10,2.174,63341,2.15,2.2,33,750,5.000000000000027,84.45466666666667,0.8477165412388257,-1.0295634638433953,0.45521703670650787,0.7119568978977974,4,50.46320647964698,Normal market quality,False,Official ECB inputs; RepoLens derived score
2025-06-11,1.924,67516,1.9,1.95,34,759,5.000000000000004,88.95388669301713,1.3416489040826514,-0.16345242103498905,0.5762593765970098,0.7076732265467723,4,54.666278713374176,Normal market quality,False,Official ECB inputs; RepoLens derived score
2025-06-12,1.923,63890,1.9,1.95,36,735,5.000000000000004,86.92517006802721,0.8961561562417081,1.557627418940254,0.23755923006772586,0.7034073023339698,4,56.56940221586497,Normal market quality,False,Official ECB inputs; RepoLens derived score
2025-06-13,1.925,51730,1.9,1.95,31,584,5.000000000000004,88.57876712328768,-0.5644872097187233,-2.7307779684362607,-1.8680943019091667,0.6991588709953407,4,35.47837578362789,Normal market quality,True,Official ECB inputs; RepoLens derived score
2025-06-16,1.924,63066,1.9,1.95,35,730,5.000000000000004,86.3917808219178,0.7923593859142815,0.6926937727750685,0.16852596386370666,0.6991588709953407,4,53.87756888580391,Normal market quality,False,Official ECB inputs; RepoLens derived score
2025-06-17,1.924,62301,1.9,1.95,36,754,5.000000000000004,82.62732095490716,0.6974272352159078,1.5359731483273278,0.5009892280992931,0.6949276817946466,4,56.49100974163026,Normal market quality,False,Official ECB inputs; RepoLens derived score
2025-06-18,1.922,60878,1.9,1.95,34,695,5.000000000000004,87.59424460431654,0.5227125180926685,-0.15655481047915107,-0.31785346508139434,0.6907134874451868,4,49.6074028932552,Normal market quality,False,Official ECB inputs; RepoLens derived score
2025-06-19,1.917,48265,1.9,1.95,35,531,5.000000000000004,90.89453860640302,-0.9858997036941204,0.6808316107020222,-2.5864022941244267,0.6865160440334057,4,40.75565026246446,Normal market quality,True,Official ECB inputs; RepoLens derived score
2025-06-20,1.923,60690,1.9,1.95,36,742,5.000000000000004,81.79245283018868,0.49750345549173725,1.5293096614670896,0.33636538345600825,0.6823351109442989,4,55.38194704011238,Normal market quality,False,Official ECB inputs; RepoLens derived score
2025-06-23,1.925,61915,1.9,1.95,34,749,5.000000000000004,82.66355140186916,0.6397597138176361,-0.18994412226921611,0.4301807749486227,0.6781704507885665,4,51.822494953877396,Normal market quality,False,Official ECB inputs; RepoLens derived score
2025-06-24,1.926,64452,1.9,1.95,35,757,5.000000000000004,85.14134742404227,0.936616868888315,0.6648044279422595,0.5372999524288675,0.6740218293314607,4,55.27238724803973,Normal market quality,False,Official ECB inputs; RepoLens derived score
2025-06-25,1.925,55792,1.9,1.95,34,723,5.000000000000004,77.16735822959889,-0.10253229674945116,-0.19698739747071195,0.06969937941720969,0.6740218293314608,4,48.311884172245975,Normal market quality,False,Official ECB inputs; RepoLens derived score
2025-06-26,1.929,53470,1.9,1.95,34,691,5.000000000000004,77.38060781476122,-0.38545106309670235,-0.20526403140885346,-0.37554153168209553,0.6740218293314608,4,46.187874627436976,Normal market quality,False,Official ECB inputs; RepoLens derived score
2025-06-27,1.928,51767,1.9,1.95,34,710,5.000000000000004,72.9112676056338,-0.5849016403690968,-0.20526403140885346,-0.11203231373472543,0.6679640863691578,4,46.15765726629548,Normal market quality,False,Official ECB inputs; RepoLens derived score
2025-06-30,1.921,51235,1.89,1.95,33,682,6.000000000000005,75.12463343108504,-0.6435540276801394,-1.0731483493315417,-0.4943089229909406,1.573024905987485,4,41.46938036333208,Normal market quality,False,Official ECB inputs; RepoLens derived score
2025-07-01,1.921,75101,1.9,1.95,47,915,5.000000000000004,82.0775956284153,2.2172284538759643,11.002152083514419,2.7019780629266372,0.6535113165016944,4,71.03497777112992,Strong market quality,False,Official ECB inputs; RepoLens derived score
2025-07-02,1.923,77118,1.9,1.95,47,893,5.000000000000004,86.35834266517357,2.428554697628734,9.006831360004895,2.355193503705482,0.6494541764001449,4,70.91374393636406,Strong market quality,False,Official ECB inputs; RepoLens derived score
2025-07-03,1.922,75713,1.9,1.95,49,894,5.000000000000004,84.69015659955257,2.2272710854963904,9.035396813995748,2.333042903150886,0.6454115180375266,4,70.1599387800583,Strong market quality,False,Official ECB inputs; RepoLens derived score
2025-07-04,1.92,77570,1.9,1.95,49,942,5.000000000000004,82.34607218683652,2.415580825743632,7.824373308993242,2.934226423765635,0.6413831300412022,4,72.32802425445499,Strong market quality,False,Official ECB inputs; RepoLens derived score
2025-07-07,1.92,78362,1.9,1.95,50,938,5.000000000000004,83.54157782515992,2.4722808497992506,7.475557175395798,2.8230568449059255,0.6373688036210505,4,72.25457188113062,Strong market quality,False,Official ECB inputs; RepoLens derived score
2025-07-08,1.919,75814,1.9,1.95,49,930,5.000000000000004,81.52043010752688,2.144837105538196,6.300958566907972,2.667197025390044,0.6333683325127093,4,70.72486993408972,Strong market quality,False,Official ECB inputs; RepoLens derived score
2025-07-09,1.919,74301,1.9,1.95,51,916,5.000000000000004,81.1146288209607,1.9459405158964047,6.642252090658172,2.4423786086888253,0.6293815129220282,4,69.47266605797644,Strong market quality,False,Official ECB inputs; RepoLens derived score
2025-07-10,1.921,72011,1.9,1.95,49,901,5.000000000000004,79.92341842397336,1.6669186424064268,5.356429003172647,2.216819471115743,0.625408143470705,4,67.93815171100579,Strong market quality,False,Official ECB inputs; RepoLens derived score
2025-07-11,1.923,68462,1.9,1.95,50,892,5.000000000000004,76.75112107623319,1.2560496439623468,5.408611147063564,2.0756135568735434,0.6214480251430645,4,66.15303560833748,Strong market quality,False,Official ECB inputs; RepoLens derived score
2025-07-14,1.923,67053,1.9,1.95,50,903,5.000000000000004,74.25581395348837,1.0905152110120278,5.0997409231839015,2.1861871623259637,0.6175009612339509,4,65.85601970250607,Strong market quality,False,Official ECB inputs; RepoLens derived score
2025-07-15,1.922,67278,1.9,1.95,47,906,5.000000000000004,74.25827814569537,1.1077290602551784,3.8799959727897977,2.1934785711599543,0.6135667572976957,4,65.94039800284646,Strong market quality,False,Official ECB inputs; RepoLens derived score
2025-07-16,1.923,70260,1.9,1.95,50,911,5.000000000000004,77.12403951701427,1.4284756142152748,4.6828134184567105,2.2236545391572364,0.6096452210981396,4,67.14433316599934,Strong market quality,False,Official ECB inputs; RepoLens derived score
2025-07-17,1.925,69341,1.9,1.95,48,892,5.000000000000004,77.73654708520179,1.3146359247486985,3.8798580938581058,1.9660442042997692,0.6057361625596606,4,66.10773200353037,Strong market quality,False,Official ECB inputs; RepoLens derived score
2025-07-18,1.923,73483,1.9,1.95,49,900,5.000000000000004,81.64777777777778,1.7586478029097798,4.042794336410636,2.037977450053906,0.6018393937191984,4,67.84745184474019,Strong market quality,False,Official ECB inputs; RepoLens derived score
2025-07-21,1.924,75404,1.9,1.95,48,936,5.000000000000004,80.55982905982906,1.949877335861929,3.622356618831571,2.4376028040408735,0.5979547286792317,4,69.5216455926001,Strong market quality,False,Official ECB inputs; RepoLens derived score
2025-07-22,1.923,77901,1.9,1.95,52,940,5.000000000000004,82.87340425531914,2.1973491805830507,4.6088151261082615,2.446819585640713,0.5921178782549554,4,70.41959427876003,Strong market quality,False,Official ECB inputs; RepoLens derived score
2025-07-23,1.924,76405,1.9,1.95,49,931,5.000000000000004,82.06766917293233,2.0069146482737077,3.6219981620761126,2.304709157923146,0.5862885089979782,4,69.40654140026888,Strong market quality,False,Official ECB inputs; RepoLens derived score
2025-07-24,1.924,74317,1.9,1.95,49,909,5.000000000000004,81.75687568756875,1.7601779434898517,3.5170773109916382,2.0213441455326095,0.5824334004514433,4,67.84033306536884,Strong market quality,False,Official ECB inputs; RepoLens derived score
2025-07-25,1.925,68449,1.9,1.95,47,906,5.000000000000004,75.55077262693156,1.1206931677346055,2.920988070173263,1.9624097790743675,0.5785895406504389,4,65.26303639921454,Strong market quality,False,Official ECB inputs; RepoLens derived score
2025-07-28,1.923,68764,1.9,1.95,50,930,5.000000000000004,73.93978494623656,1.1453176611171665,3.5979595715666575,2.2079131366370595,0.5747567530468071,4,66.16625952593253,Strong market quality,False,Official ECB inputs; RepoLens derived score
2025-07-29,1.923,67209,1.9,1.95,50,906,5.000000000000004,74.18211920529801,0.9721369204600463,3.4951301761360383,1.9119016929039614,0.5980048997453687,4,64.78522610425202,Normal market quality,False,Official ECB inputs; RepoLens derived score
2025-07-30,1.924,64874,1.9,1.95,51,936,5.000000000000004,69.30982905982906,0.7195249438676391,3.6335039229898696,2.22075691875809,0.5921207834069915,4,64.68204842532147,Normal market quality,False,Official ECB inputs; RepoLens derived score
2025-07-31,1.919,54558,1.88,1.95,44,807,7.000000000000006,67.60594795539033,-0.3721008099995271,1.9289695559000848,0.778863450233893,2.4329104871233524,4,51.81786394965157,Normal market quality,True,Official ECB inputs; RepoLens derived score
2025-08-01,1.927,69214,1.9,1.95,46,888,5.000000000000004,77.94369369369369,1.1726399278937756,2.3601381209155687,1.6587092290897454,0.5667797158814551,4,63.30118854881931,Normal market quality,False,Official ECB inputs; RepoLens derived score
2025-08-04,1.925,71205,1.9,1.95,48,897,5.000000000000004,79.38127090301003,1.3742730800383876,2.7737517427521947,1.740903317701936,0.5609574090817947,4,65.25515731764699,Strong market quality,False,Official ECB inputs; RepoLens derived score
2025-08-05,1.924,75618,1.9,1.95,49,953,5.000000000000004,79.34732423924449,1.8286089494695916,2.9421521723071957,2.3317647318872656,0.5571107769611204,4,68.74925741818805,Strong market quality,False,Official ECB inputs; RepoLens derived score
2025-08-06,1.922,75290,1.9,1.95,47,945,5.000000000000004,79.67195767195767,1.7758902939996328,2.4454205485934035,2.213509703378824,0.5512979629595044,4,67.03599471449003,Strong market quality,False,Official ECB inputs; RepoLens derived score
2025-08-07,1.923,73556,1.9,1.95,48,910,5.000000000000004,80.83076923076923,1.5774680818268112,2.6217480350925655,1.8135146494477175,0.5474675101414589,4,65.78809373253236,Strong market quality,False,Official ECB inputs; RepoLens derived score
2025-08-08,1.922,72473,1.9,1.95,47,913,5.000000000000004,79.3789704271632,1.4515991541422981,2.363323897642549,1.8271031602993442,0.5416623071033402,4,64.74417122369776,Normal market quality,False,Official ECB inputs; RepoLens derived score
2025-08-11,1.918,59468,1.9,1.95,48,828,5.000000000000004,71.82125603864735,0.10684682715489517,2.5376268611804127,0.9203194366052395,0.5358580051745635,4,58.21504263174442,Normal market quality,False,Official ECB inputs; RepoLens derived score
2025-08-12,1.922,68808,1.9,1.95,49,922,5.000000000000004,74.6290672451193,1.0618849939704778,2.7030310858952036,1.8956210897148495,0.5320474479011373,4,64.4151567460701,Normal market quality,False,Official ECB inputs; RepoLens derived score
2025-08-13,1.923,67274,1.9,1.95,47,910,5.000000000000004,73.92747252747253,0.8960811941785352,2.2438202907311178,1.7498493390515215,0.5282460726642036,4,62.328089145085166,Normal market quality,False,Official ECB inputs; RepoLens derived score
2025-08-14,1.926,58494,1.9,1.95,43,703,5.000000000000004,83.20625889046941,-0.009992323026758732,1.4010929117020217,-0.4072375099342165,0.5224503722896806,4,51.665989815391335,Normal market quality,False,Official ECB inputs; RepoLens derived score
2025-08-15,1.924,59937,1.9,1.95,38,695,5.000000000000004,86.24028776978417,0.1376368063149889,0.3792177244831662,-0.48753328775621735,0.5166530815451189,4,49.43596029160216,Normal market quality,False,Official ECB inputs; RepoLens derived score
2025-08-18,1.924,68243,1.9,1.95,49,936,5.000000000000004,72.90918803418803,0.9890816940128099,2.598624424551091,2.005037101736631,0.5108533749557783,4,64.20465968233047,Normal market quality,False,Official ECB inputs; RepoLens derived score
2025-08-19,1.925,70704,1.9,1.95,47,918,5.000000000000004,77.01960784313725,1.2351228291944367,2.155412724675512,1.797513476860299,0.5070713168633335,4,63.44463843072506,Normal market quality,False,Official ECB inputs; RepoLens derived score
2025-08-20,1.926,70116,1.9,1.95,47,929,5.000000000000004,75.47470398277719,1.1658656777357954,2.1264499119996447,1.8908183211878609,0.501270875931333,4,63.37179414114705,Normal market quality,False,Official ECB inputs; RepoLens derived score
2025-08-21,1.926,68493,1.9,1.95,48,898,5.000000000000004,76.2728285077951,0.991080080674322,2.2943507060350736,1.5554031907542931,0.4954658574512988,4,62.3499662381566,Normal market quality,False,Official ECB inputs; RepoLens derived score
2025-08-22,1.926,63395,1.9,1.95,48,821,5.000000000000004,77.21680876979293,0.4636857656094017,2.260911188399111,0.763684092519115,0.48965538236697936,4,58.449905308378,Normal market quality,False,Official ECB inputs; RepoLens derived score
2025-08-25,1.925,65044,1.9,1.95,47,850,5.000000000000004,76.52235294117646,0.6275872277948156,2.036587262887868,1.0514336847331325,0.4838385532093472,4,59.190849836520336,Normal market quality,False,Official ECB inputs; RepoLens derived score
2025-08-26,1.926,66825,1.9,1.95,46,924,5.000000000000004,72.32142857142857,0.8040212035664281,1.8206475989142077,1.7892613659028616,0.47801445288781735,4,61.121824945193445,Normal market quality,False,Official ECB inputs; RepoLens derived score
2025-08-27,1.925,65754,1.9,1.95,48,919,5.000000000000004,71.54951033732318,0.6881783815066599,2.1794800318578122,1.7200693484350984,0.47218214341392745,4,61.449224570884695,Normal market quality,False,Official ECB inputs; RepoLens derived score
2025-08-28,1.925,64604,1.9,1.95,46,893,5.000000000000004,72.34490481522957,0.5643045015115502,1.774216753615761,1.4436156186360325,0.4776838056516207,4,59.303120977442475,Normal market quality,False,Official ECB inputs; RepoLens derived score
2025-08-29,1.92,58208,1.89,1.95,46,849,6.000000000000005,68.56065959952886,-0.09429043025800347,1.7551710822429274,0.9955407214008094,1.4307226984709953,4,54.400678955499835,Normal market quality,False,Official ECB inputs; RepoLens derived score
2025-09-01,1.925,69327,1.9,1.95,47,913,5.000000000000004,75.93318729463307,1.0417059604264411,1.9223678803864013,1.6230614674968447,0.46048903239171346,4,61.81881068261309,Normal market quality,False,Official ECB inputs; RepoLens derived score
2025-09-02,1.922,60458,1.9,1.95,45,886,5.000000000000004,68.23702031602708,0.12666692832981025,1.531145328881229,1.3419420727108982,0.45671986580196466,4,56.94097295443171,Normal market quality,False,Official ECB inputs; RepoLens derived score
2025-09-03,1.923,67049,1.9,1.95,45,901,5.000000000000004,74.41620421753608,0.7977548329229602,1.5170953346093086,1.4779417416581127,0.4529566877120832,4,59.60029957433079,Normal market quality,False,Official ECB inputs; RepoLens derived score
2025-09-04,1.925,66541,1.9,1.95,46,879,5.000000000000004,75.70079635949944,0.7390060040824064,1.6864601097868335,1.2491263429116573,0.44919933736776735,4,59.251688139983,Normal market quality,False,Official ECB inputs; RepoLens derived score
2025-09-05,1.923,61903,1.9,1.95,47,848,5.000000000000004,72.99882075471699,0.25717074925765016,1.8511802283220695,0.9372252164966338,0.4454476546802701,4,57.20293975242813,Normal market quality,False,Official ECB inputs; RepoLens derived score
2025-09-08,1.922,65006,1.9,1.95,47,872,5.000000000000004,74.54816513761467,0.572076961442177,1.8309279215295922,1.1651629559434906,0.44170148019219985,4,58.829944338442026,Normal market quality,False,Official ECB inputs; RepoLens derived score
2025-09-09,1.923,68819,1.9,1.95,47,934,5.000000000000004,73.68201284796574,0.9591032307979557,1.8107496343128509,1.7596912872940045,0.4379606550435101,4,61.626022629244716,Normal market quality,False,Official ECB inputs; RepoLens derived score
2025-09-10,1.922,66229,1.9,1.95,47,903,5.000000000000004,73.34330011074196,0.6853953015657158,1.7910272067249087,1.4419355790251105,0.43422502093766413,4,59.829952988448554,Normal market quality,False,Official ECB inputs; RepoLens derived score
2025-09-11,1.925,67622,1.9,1.95,46,893,5.000000000000004,75.72452407614782,0.8226886961561937,1.5943636437156998,1.3330200316467513,0.43049442010795397,4,59.55212799479088,Normal market quality,False,Official ECB inputs; RepoLens derived score
2025-09-12,1.925,66562,1.9,1.95,46,912,5.000000000000004,72.98464912280701,0.7070825132279189,1.5790935180794152,1.5042279412669695,0.42676869528396016,4,59.54293940173774,Normal market quality,False,Official ECB inputs; RepoLens derived score
2025-09-15,1.926,68076,1.9,1.95,47,913,5.000000000000004,74.56297918948522,0.8575693285815035,1.7395210242319321,1.501929421052089,0.4230476896581367,4,60.47054722875811,Normal market quality,False,Official ECB inputs; RepoLens derived score
2025-09-16,1.926,66131,1.9,1.95,45,930,5.000000000000004,71.10860215053764,0.6514097571861946,1.372078560256264,1.6515321509385434,0.4171565356475785,4,59.21322612466733,Normal market quality,False,Official ECB inputs; RepoLens derived score
2025-09-17,1.927,65994,1.9,1.95,45,905,5.000000000000004,72.92154696132597,0.6314939632196129,1.3604671887069255,1.3992714451183244,0.41343581939092444,4,58.489421726745384,Normal market quality,False,Official ECB inputs; RepoLens derived score
2025-09-18,1.926,63091,1.9,1.95,48,918,5.000000000000004,68.72657952069717,0.3254290450890338,1.8692716448666638,1.5095907388256957,0.40971924534939136,4,58.971578749018434,Normal market quality,False,Official ECB inputs; RepoLens derived score
2025-09-19,1.925,59203,1.9,1.95,48,908,5.000000000000004,65.20154185022027,-0.08478939105533809,1.848189539915929,1.4016744415237765,0.4060066568963172,4,57.2188870995611,Normal market quality,False,Official ECB inputs; RepoLens derived score
2025-09-22,1.925,62044,1.9,1.95,46,909,5.000000000000004,68.25522552255225,0.20709431449483964,1.4845555056333102,1.399013522116189,0.4022978976742501,4,57.330305823594315,Normal market quality,False,Official ECB inputs; RepoLens derived score
2025-09-23,1.927,66384,1.9,1.95,45,918,5.000000000000004,72.31372549019608,0.6551908837771785,1.300133679173275,1.4707863408189097,0.3963680244204265,4,58.625916106569946,Normal market quality,False,Official ECB inputs; RepoLens derived score
2025-09-24,1.928,61709,1.9,1.95,47,903,5.000000000000004,68.33776301218161,0.1587512983321375,1.6300348520540096,1.3179901339951803,0.39041686250928653,4,57.34006671552152,Normal market quality,False,Official ECB inputs; RepoLens derived score
2025-09-25,1.927,61096,1.9,1.95,47,906,5.000000000000004,67.43487858719647,0.08882088418183517,1.6139479422763914,1.334651488870038,0.3866993068214462,4,57.10232271227033,Normal market quality,False,Official ECB inputs; RepoLens derived score
2025-09-26,1.926,57154,1.9,1.95,48,894,5.000000000000004,63.930648769574944,-0.33557059230545416,1.7672347123852945,1.212800066909538,0.3919012306422849,4,55.68773802920457,Normal market quality,False,Official ECB inputs; RepoLens derived score
2025-09-29,1.926,62448,1.9,1.95,47,909,5.000000000000004,68.6996699669967,0.22379150499587766,1.5801619681600758,1.3418435556646429,0.3859183019754414,4,57.50940662408421,Normal market quality,False,Official ECB inputs; RepoLens derived score
2025-09-30,1.916,55679,1.87,1.95,45,812,7.999999999999985,68.57019704433498,-0.5016804541217373,1.2300076897390007,0.4353157622301714,3.3304301879495743,4,47.90742704049685,Normal market quality,True,Official ECB inputs; RepoLens derived score
2025-10-01,1.927,66410,1.9,1.95,48,899,5.000000000000004,73.87096774193549,0.6394057290980978,1.722219055865085,1.2414733994367113,0.359029727196079,4,59.10860659930371,Normal market quality,False,Official ECB inputs; RepoLens derived score
2025-10-02,1.923,56949,1.9,1.95,45,747,5.000000000000004,76.23694779116465,-0.3874410984181703,1.2049023330627338,-0.1851536729889128,0.35537946616793564,4,50.66025860646905,Normal market quality,False,Official ECB inputs; RepoLens derived score
2025-10-03,1.921,48675,1.9,1.95,46,658,5.000000000000004,73.9741641337386,-1.283556982350093,1.361433171830856,-1.016105501975431,0.3517309672398995,4,45.84327328555339,Normal market quality,False,Official ECB inputs; RepoLens derived score
2025-10-06,1.925,67068,1.9,1.95,49,906,5.000000000000004,74.02649006622516,0.7033479516775132,1.8464212294380085,1.2959968953891188,0.3480840774767726,4,59.79563702672395,Normal market quality,False,Official ECB inputs; RepoLens derived score
2025-10-07,1.926,65729,1.9,1.95,49,879,5.000000000000004,74.77701934015927,0.5521493393802744,1.825763942405413,1.034951716754703,0.34443864370672256,4,58.56765387017117,Normal market quality,False,Official ECB inputs; RepoLens derived score
2025-10-08,1.924,62497,1.9,1.95,49,885,5.000000000000004,70.6180790960452,0.19518778387543095,1.805581956705563,1.0824868952979871,0.34079451248687576,4,57.392137604842574,Normal market quality,False,Official ECB inputs; RepoLens derived score
2025-10-09,1.927,62467,1.9,1.95,48,860,5.000000000000004,72.63604651162791,0.18624327363189389,1.6230939372779372,0.8427964359986592,0.3371515300686377,4,56.31085009580016,Normal market quality,False,Official ECB inputs; RepoLens derived score
2025-10-10,1.926,65040,1.9,1.95,47,890,5.000000000000004,73.07865168539325,0.46220180234380004,1.4450168759576052,1.1141171097051434,0.33350954236271707,4,57.515276958816095,Normal market quality,False,Official ECB inputs; RepoLens derived score
2025-10-13,1.926,69968,1.9,1.95,49,930,5.000000000000004,75.23440860215054,0.9983445729924821,1.7550742119503064,1.4746313656571246,0.3298683949038373,4,61.07366735713651,Normal market quality,False,Official ECB inputs; RepoLens derived score
2025-10-14,1.927,67099,1.9,1.95,47,907,5.000000000000004,73.97905181918412,0.6745727465419558,1.4150516130159183,1.2498471949528416,0.3262279328151131,4,58.533909733596076,Normal market quality,False,Official ECB inputs; RepoLens derived score
2025-10-15,1.928,68248,1.9,1.95,50,926,5.000000000000004,73.70194384449245,0.7952817170263864,1.8831277820972736,1.413778491201713,0.3225880007720687,4,60.54186969168171,Normal market quality,False,Official ECB inputs; RepoLens derived score
2025-10-16,1.928,68653,1.9,1.95,50,892,5.000000000000004,76.9652466367713,0.8334358941716593,1.8616518738947068,1.0904640787388982,0.31894844296628744,4,59.81889284673539,Normal market quality,False,Official ECB inputs; RepoLens derived score
2025-10-17,1.928,67458,1.9,1.95,50,886,5.000000000000004,76.13769751693002,0.6943122748413691,1.8406865552405156,1.027213969157438,0.3153091030686553,4,59.12688061833669,Normal market quality,False,Official ECB inputs; RepoLens derived score
2025-10-20,1.927,64675,1.9,1.95,48,901,5.000000000000004,71.78135405105438,0.37892929822861265,1.5053898382318938,1.1560917159728423,0.3153091030686544,4,57.506992774709005,Normal market quality,False,Official ECB inputs; RepoLens derived score
2025-10-21,1.928,70482,1.9,1.95,50,929,5.000000000000004,75.86867599569429,1.0219306365344194,1.8051499429140516,1.4016675839006973,0.31530910306865434,4,61.12083739030436,Normal market quality,False,Official ECB inputs; RepoLens derived score
2025-10-22,1.927,66073,1.9,1.95,48,886,5.000000000000004,74.5744920993228,0.5200542318348986,1.4734559111787822,0.9988504919531027,0.3116698241921878,4,57.53345108296357,Normal market quality,False,Official ECB inputs; RepoLens derived score
2025-10-23,1.929,64078,1.9,1.95,50,858,5.000000000000004,74.68298368298369,0.2889209543374292,1.771697178291558,0.7366753864848665,0.30554062121894876,4,56.82384382029364,Normal market quality,False,Official ECB inputs; RepoLens derived score
2025-10-24,1.928,63040,1.9,1.95,49,838,5.000000000000004,75.22673031026252,0.16551051212427545,1.598404130176942,0.5489913734011411,0.29937412827501914,4,55.498714358967646,Normal market quality,False,Official ECB inputs; RepoLens derived score
2025-10-27,1.929,66783,1.9,1.95,46,862,5.000000000000004,77.47447795823666,0.5857310985528282,1.1195890886046107,0.7626635761130218,0.29316853474625504,4,56.315937704609595,Normal market quality,False,Official ECB inputs; RepoLens derived score
2025-10-28,1.93,70140,1.9,1.95,47,887,5.000000000000004,79.07553551296505,0.9621534341582968,1.2648944604089611,0.9839198619593499,0.2894884172943945,4,58.55534019953323,Normal market quality,False,Official ECB inputs; RepoLens derived score
2025-10-29,1.931,68143,1.9,1.95,50,918,5.000000000000004,74.22984749455338,0.7280964464993963,1.7172910934928816,1.2622460601277448,0.3273245368682197,4,59.50619364149712,Normal market quality,False,Official ECB inputs; RepoLens derived score
2025-10-30,1.931,63191,1.9,1.95,49,859,5.000000000000004,73.56344586728754,0.1507098439296134,1.5465736996901238,0.7125242801014543,0.32096883060077075,4,55.693776157331435,Normal market quality,False,Official ECB inputs; RepoLens derived score
2025-10-31,1.921,51853,1.88,1.96,46,781,8.000000000000007,66.39308578745198,-1.161922591862623,1.0726768998712346,-0.00613523695399678,3.4854312187564473,4,44.099625085773916,Normal market quality,True,Official ECB inputs; RepoLens derived score
2025-11-03,1.932,68305,1.9,1.96,49,893,6.000000000000005,76.48936170212765,0.7391479590875344,1.5233497053516214,1.0174806237528187,1.3274825845223062,4,56.94786980278401,Normal market quality,False,Official ECB inputs; RepoLens derived score
2025-11-04,1.931,66083,1.9,1.96,48,894,6.000000000000005,73.91834451901566,0.4767368128748702,1.3566816099246983,1.0187108752044034,1.3161417566255849,4,55.632847422946426,Normal market quality,False,Official ECB inputs; RepoLens derived score
2025-11-05,1.929,65918,1.9,1.95,48,906,5.000000000000004,72.75717439293598,0.45202582225075266,1.3449787991504272,1.1203154080355182,0.26815546765743464,4,57.34309269435634,Normal market quality,False,Official ECB inputs; RepoLens derived score
2025-11-06,1.93,66247,1.9,1.96,48,868,6.000000000000005,76.32142857142857,0.4843200867825409,1.3334349940174384,0.7641766554908684,1.3050202462066853,4,54.981619058199634,Normal market quality,False,Official ECB inputs; RepoLens derived score
2025-11-07,1.932,66091,1.9,1.96,47,874,6.000000000000005,75.61899313501144,0.4609586132179811,1.1705891065722174,0.8127537297595677,1.296868101769042,4,54.62641008443883,Normal market quality,False,Official ECB inputs; RepoLens derived score
2025-11-10,1.931,62009,1.9,1.96,46,826,6.000000000000005,75.07142857142857,-0.018815057800131176,1.0100588724337891,0.36734650704296384,1.2888775443888787,4,51.444344429808105,Normal market quality,False,Official ECB inputs; RepoLens derived score
2025-11-11,1.93,63257,1.9,1.95,47,848,5.000000000000004,74.59551886792453,0.12270093248205316,1.1532705810570347,0.564851254208273,0.22950379796993278,4,54.38050215489555,Normal market quality,False,Official ECB inputs; RepoLens derived score
2025-11-12,1.93,63418,1.9,1.95,49,892,5.000000000000004,71.0964125560538,0.13772866426746513,1.4454868005902883,0.9630164575523177,0.22561317979009093,4,56.164888700607506,Normal market quality,False,Official ECB inputs; RepoLens derived score
2025-11-13,1.93,62747,1.9,1.96,49,862,6.000000000000005,72.79234338747099,0.054966136047768,1.4325131865875276,0.6813252993339144,1.275918867628615,4,53.56309938952787,Normal market quality,False,Official ECB inputs; RepoLens derived score
2025-11-14,1.931,60568,1.9,1.96,49,880,6.000000000000005,68.82727272727273,-0.2040917221122891,1.4197360779322563,0.8404011616939647,1.2652423349946775,4,53.038158569180524,Normal market quality,False,Official ECB inputs; RepoLens derived score
2025-11-17,1.929,61796,1.9,1.95,49,879,5.000000000000004,70.30261660978384,-0.06295365320306955,1.407149551317554,0.825073437148365,0.2042528922004891,4,55.05384034665332,Normal market quality,False,Official ECB inputs; RepoLens derived score
2025-11-18,1.93,65132,1.9,1.95,49,920,5.000000000000004,70.79565217391304,0.3261721497578123,1.3947041117185954,1.19392777235459,0.20035552742950427,4,57.31264894319105,Normal market quality,False,Official ECB inputs; RepoLens derived score
2025-11-19,1.929,63833,1.9,1.95,49,915,5.000000000000004,69.76284153005464,0.16839997533429,1.3824818477190783,1.1385535407655265,0.19645139581576856,4,56.59731129115787,Normal market quality,False,Official ECB inputs; RepoLens derived score
2025-11-20,1.929,56401,1.9,1.95,46,788,5.000000000000004,71.5748730964467,-0.7140787963983586,0.9253959991230822,-0.02828846963702289,0.19645139581576856,4,49.44881594259724,Normal market quality,False,Official ECB inputs; RepoLens derived score
2025-11-21,1.926,60857,1.9,1.95,51,864,5.000000000000004,70.4363425925926,-0.19038990642079254,1.659504224034168,0.6622715307651621,0.19254025752283016,4,54.849264328241304,Normal market quality,False,Official ECB inputs; RepoLens derived score
2025-11-24,1.924,61783,1.89,1.95,49,865,6.000000000000005,71.42543352601156,-0.08426659403932422,1.3476472052170552,0.665813574952665,1.2449043393906052,4,52.871362362200756,Normal market quality,False,Official ECB inputs; RepoLens derived score
2025-11-25,1.926,59088,1.9,1.95,47,839,5.000000000000004,70.42669845053635,-0.41012795772374727,1.0415111766223901,0.4220848898771747,0.17995954524225113,4,51.95360299635242,Normal market quality,False,Official ECB inputs; RepoLens derived score
2025-11-26,1.928,61419,1.9,1.95,47,899,5.000000000000004,68.31924360400446,-0.13602192989059703,1.0332799285838328,0.9668459680981313,0.1760331057528256,4,54.26018832845858,Normal market quality,False,Official ECB inputs; RepoLens derived score
2025-11-27,1.927,58362,1.9,1.95,47,813,5.000000000000004,71.7859778597786,-0.5093313694884338,1.0251184131543318,0.16942499383493712,0.1807623569494299,4,50.93255518883951,Normal market quality,False,Official ECB inputs; RepoLens derived score
2025-11-28,1.925,54913,1.9,1.95,46,775,5.000000000000004,70.85548387096775,-0.9223388799693495,0.8699852341300981,-0.18322421322612922,0.1807623569494299,4,48.21757293694306,Normal market quality,False,Official ECB inputs; RepoLens derived score
2025-12-01,1.93,65141,1.9,1.96,46,875,6.000000000000005,74.44685714285714,0.3075532086537453,0.8629886938914231,0.7349524116231276,1.2377451089213387,4,53.214671330692475,Normal market quality,False,Official ECB inputs; RepoLens derived score
2025-12-02,1.929,65880,1.9,1.96,48,910,6.000000000000005,72.3956043956044,0.3935257690575858,1.1504513633189284,1.0512766221766379,1.2298747257451403,4,55.036848066822756,Normal market quality,False,Official ECB inputs; RepoLens derived score
2025-12-03,1.926,62497,1.9,1.95,47,874,5.000000000000004,71.50686498855835,-0.01600792380641653,0.9941633294985525,0.7120904585442497,0.16740864398471525,4,53.95849377080747,Normal market quality,False,Official ECB inputs; RepoLens derived score
2025-12-04,1.929,64927,1.9,1.95,47,857,5.000000000000004,75.76079346557759,0.2717074890366711,0.9863180609109634,0.5498890119699091,0.16347228699067892,4,54.54628546334451,Normal market quality,False,Official ECB inputs; RepoLens derived score
2025-12-05,1.929,65831,1.9,1.95,47,802,5.000000000000004,82.08354114713217,0.37607424330947126,0.9786250739547795,0.03920438303238749,0.15952710308320978,4,53.621542839426255,Normal market quality,False,Official ECB inputs; RepoLens derived score
2025-12-08,1.93,65325,1.9,1.95,45,829,5.000000000000004,78.79975874547648,0.31074639128141146,0.6774220973836526,0.28528503666545296,0.16420382716969906,4,53.24807446385316,Normal market quality,False,Official ECB inputs; RepoLens derived score
2025-12-09,1.929,65436,1.9,1.95,48,869,5.000000000000004,75.30034522439585,0.3172614179265895,1.1124012189114387,0.6493464904776954,0.16420382716969906,4,55.26847849546135,Normal market quality,False,Official ECB inputs; RepoLens derived score
2025-12-10,1.929,63144,1.9,1.95,45,878,5.000000000000004,71.91799544419135,0.03140980092006911,0.6630515848291957,0.726743752409421,0.16024321395361527,4,53.34405782538636,Normal market quality,False,Official ECB inputs; RepoLens derived score
2025-12-11,1.93,62539,1.9,1.95,47,859,5.000000000000004,72.80442374854482,-0.04960178408692165,0.9512907568767413,0.5450268325159328,0.16024321395361527,4,53.32682290824704,Normal market quality,False,Official ECB inputs; RepoLens derived score
2025-12-12,1.932,64226,1.9,1.96,47,872,6.000000000000005,73.65366972477064,0.15211040309762772,0.943855616396578,0.6601511818797404,1.2307455285603242,4,52.69628511369201,Normal market quality,False,Official ECB inputs; RepoLens derived score
2025-12-15,1.93,63173,1.9,1.95,46,856,5.000000000000004,73.80023364485982,0.016325779192942702,0.7897127507545241,0.5066698887370764,0.1704575271263083,4,53.04241053521484,Normal market quality,False,Official ECB inputs; RepoLens derived score
2025-12-16,1.932,65692,1.9,1.96,49,863,6.000000000000005,76.12050984936269,0.3251083400593642,1.2237515944243225,0.5670840974154557,1.2524090652633144,4,53.73635482191225,Normal market quality,False,Official ECB inputs; RepoLens derived score
2025-12-17,1.932,63494,1.9,1.96,47,879,6.000000000000005,72.23435722411831,0.04704869816441239,0.9204975163177948,0.7101779666852135,1.2524090652633144,4,52.36274555318799,Normal market quality,False,Official ECB inputs; RepoLens derived score
2025-12-18,1.931,58351,1.9,1.96,48,849,6.000000000000005,68.72909305064782,-0.6019777548357745,1.0598540447352975,0.42599140871422075,1.2524090652633144,4,49.72907789380361,Normal market quality,False,Official ECB inputs; RepoLens derived score
2025-12-19,1.933,61248,1.9,1.96,49,881,6.000000000000005,69.52099886492623,-0.25439346367343635,1.1982599370377063,0.7190527447634495,1.2420388586866715,4,52.03984629361585,Normal market quality,False,Official ECB inputs; RepoLens derived score
2025-12-22,1.932,63476,1.9,1.96,47,890,6.000000000000005,71.32134831460674,0.014678201157265678,0.896047262607134,0.8120787962766983,1.2317914679512862,4,52.47400164933308,Normal market quality,False,Official ECB inputs; RepoLens derived score
2025-12-23,1.925,38302,1.9,1.95,43,589,5.000000000000004,65.02886247877758,-3.333515275240607,0.29980352831022317,-2.1254089855073643,0.14898337761131214,4,34.71251129059018,Weak market quality,True,Official ECB inputs; RepoLens derived score
2025-12-24,1.926,39082,1.9,1.95,37,475,5.000000000000004,82.2778947368421,-3.2160979909643395,-0.5911984798833522,-3.261740409151747,0.14159760624553375,4,30.309607390923322,Weak market quality,True,Official ECB inputs; RepoLens derived score
2025-12-29,1.934,61744,1.9,1.96,48,808,6.000000000000005,76.41584158415841,-0.22601428224884745,1.0336200129093265,-0.0006749186782908144,1.2447008923333704,4,49.924261409206565,Normal market quality,False,Official ECB inputs; RepoLens derived score
2025-12-30,1.93,52353,1.9,1.95,47,660,5.000000000000004,79.32272727272728,-1.4814508502164343,0.87735264071852,-1.4999519039702858,0.1470109561667488,4,43.03790743186295,Normal market quality,False,Official ECB inputs; RepoLens derived score
2025-12-31,1.921,38674,1.9,1.95,40,416,5.000000000000004,92.96634615384616,-3.2992990963759534,-0.1684073781634007,-3.9800035544657653,0.1470109561667488,4,31.35846512034138,Weak market quality,True,Official ECB inputs; RepoLens derived score
2026-01-02,1.936,66841,1.91,1.96,45,668,5.000000000000004,100.06137724550898,0.45393675242562276,0.5710378292736946,-1.394132020928039,0.1470109561667488,4,49.310526720103695,Normal market quality,False,Official ECB inputs; RepoLens derived score
2026-01-05,1.933,66840,1.91,1.96,45,669,5.000000000000004,99.91031390134529,0.44988534908021355,0.5657231193576946,-1.3839754401281577,0.15179279174796545,4,49.30127873223264,Normal market quality,False,Official ECB inputs; RepoLens derived score
2026-01-06,1.933,64066,1.91,1.95,45,647,4.0000000000000036,99.02009273570324,0.08280918404383031,0.5607242821115682,-1.5963149408515163,-0.9396484567116226,4,49.11032818237097,Normal market quality,False,Official ECB inputs; RepoLens derived score
2026-01-07,1.933,68724,1.91,1.95,48,782,4.0000000000000036,87.88235294117646,0.6897803769559364,1.0031651167116655,-0.2565893234814986,-0.932259677404153,4,55.679060318527426,Normal market quality,False,Official ECB inputs; RepoLens derived score
2026-01-08,1.933,65964,1.91,1.95,49,783,4.0000000000000036,84.24521072796935,0.32133584396204834,1.1443517500064864,-0.24869149572221552,-0.9249225827114168,4,54.751209963644975,Normal market quality,False,Official ECB inputs; RepoLens derived score
2026-01-09,1.932,65629,1.9,1.95,49,826,5.000000000000004,79.453995157385,0.2747872202854993,1.1351592705900717,0.17509957629601663,0.1785849808474348,4,53.969524916943314,Normal market quality,False,Official ECB inputs; RepoLens derived score
2026-01-12,1.931,69479,1.9,1.95,49,861,5.000000000000004,80.69570267131243,0.777362682610403,1.1260595310832768,0.5188593091847574,0.17858498084743576,4,56.56518901853534,Normal market quality,False,Official ECB inputs; RepoLens derived score
2026-01-13,1.93,72199,1.9,1.95,48,884,5.000000000000004,81.67307692307692,1.1286731151753555,0.9685815610681486,0.7422827674045508,0.17858498084743576,4,57.959639253024335,Normal market quality,False,Official ECB inputs; RepoLens derived score
2026-01-14,1.931,69840,1.9,1.95,49,890,5.000000000000004,78.47191011235955,0.8102633659975939,1.1093959165130658,0.7958644567989999,0.17858498084743576,4,57.331195243000586,Normal market quality,False,Official ECB inputs; RepoLens derived score
2026-01-15,1.93,67183,1.9,1.95,47,839,5.000000000000004,80.07508939213349,0.45720361205663984,0.8040887004310244,0.2861986521904087,0.17858498084743576,4,54.05805355248067,Normal market quality,False,Official ECB inputs; RepoLens derived score
2026-01-16,1.93,66240,1.9,1.95,47,850,5.000000000000004,77.92941176470588,0.332090896087153,0.7976930265502652,0.3929434875365096,0.17858498084743576,4,53.87103195025082,Normal market quality,False,Official ECB inputs; RepoLens derived score
2026-01-19,1.929,69366,1.9,1.95,47,888,5.000000000000004,78.11486486486487,0.7398692190231625,0.7913294363851028,0.7654776426149293,0.17858498084743576,4,56.213682492809994,Normal market quality,False,Official ECB inputs; RepoLens derived score
2026-01-20,1.932,63720,1.9,1.95,47,870,5.000000000000004,73.24137931034483,-0.00307066631547179,0.784997153355241,0.5833777602756147,0.17858498084743576,4,53.14231248070183,Normal market quality,False,Official ECB inputs; RepoLens derived score
2026-01-21,1.932,62968,1.9,1.95,46,863,5.000000000000004,72.96407879490151,-0.10444973050067549,0.6303724763912645,0.5103236599762022,0.17858498084743576,4,52.218288812895146,Normal market quality,False,Official ECB inputs; RepoLens derived score
2026-01-22,1.933,61525,1.9,1.95,47,819,5.000000000000004,75.12210012210012,-0.2964673089786369,0.7735616310719738,0.07281066795982188,0.17858498084743674,4,50.81041769488311,Normal market quality,False,Official ECB inputs; RepoLens derived score
2026-01-23,1.933,61093,1.9,1.95,48,826,5.000000000000004,73.96246973365618,-0.35600945555678604,0.9156316937101002,0.14066506940509746,0.17858498084743674,4,51.12683134206809,Normal market quality,False,Official ECB inputs; RepoLens derived score
2026-01-26,1.934,64324,1.9,1.96,48,833,6.000000000000005,77.21968787515006,0.06660369764699853,0.9083451142909078,0.2083641538586177,1.2846903965244618,4,51.09785051735162,Normal market quality,False,Official ECB inputs; RepoLens derived score
2026-01-27,1.934,65450,1.9,1.96,48,834,6.000000000000005,78.47721822541966,0.20890043003418335,0.9011049521277447,0.21599401092990728,1.2846903965244618,4,51.59686331797708,Normal market quality,False,Official ECB inputs; RepoLens derived score
2026-01-28,1.933,61180,1.9,1.95,48,829,5.000000000000004,73.79975874547648,-0.36577732646244165,0.8939109820674178,0.16357305807457834,0.18352719950349047,4,51.08819865848121,Normal market quality,False,Official ECB inputs; RepoLens derived score
2026-01-29,1.933,58851,1.9,1.95,48,825,5.000000000000004,71.33454545454545,-0.6950484307795652,0.887000979236807,0.11672367036147908,0.19447882149476126,4,49.7849238840251,Normal market quality,False,Official ECB inputs; RepoLens derived score
2026-01-30,1.926,48302,1.9,1.95,44,745,5.000000000000004,64.83489932885907,-2.1185170744724555,0.28185382649191665,-0.682008254151346,0.19447882149476128,4,41.293085937955695,Normal market quality,True,Official ECB inputs; RepoLens derived score
2026-02-02,1.933,61221,1.91,1.95,45,809,4.0000000000000036,75.67490729295426,-0.36228737379881715,0.426644064410236,-0.04374728791025942,-0.9193544288843538,4,51.068267776280614,Normal market quality,False,Official ECB inputs; RepoLens derived score
2026-02-03,1.931,65049,1.9,1.95,46,857,5.000000000000004,75.90315052508751,0.15211460889837974,0.5715583192334068,0.43267003481986793,0.1944788214947613,4,52.75125378403538,Normal market quality,False,Official ECB inputs; RepoLens derived score
2026-02-04,1.932,64089,1.9,1.95,47,834,5.000000000000004,76.84532374100719,0.023919990500574834,0.7165649741019575,0.20014872205101328,0.19447882149476134,4,52.083785974892294,Normal market quality,False,Official ECB inputs; RepoLens derived score
2026-02-05,1.931,62895,1.9,1.95,46,844,5.000000000000004,74.52014218009478,-0.1358143975031843,0.55955782566817,0.29636628193417236,0.19036714140157301,4,51.37890916564235,Normal market quality,False,Official ECB inputs; RepoLens derived score
2026-02-06,1.93,64192,1.9,1.95,45,867,5.000000000000004,74.03921568627452,0.034330070681736276,0.40257903679583185,0.5203647334434811,0.1830318485339869,4,52.15296690018338,Normal market quality,False,Official ECB inputs; RepoLens derived score
2026-02-09,1.93,67356,1.9,1.95,46,873,5.000000000000004,77.15463917525773,0.4561078595554767,0.5489511751495004,0.5756185708317224,0.17887392222572632,4,54.13949099005863,Normal market quality,False,Official ECB inputs; RepoLens derived score
2026-02-10,1.929,66252,1.9,1.95,47,860,5.000000000000004,77.03720930232558,0.30228006504031174,0.6951844055949834,0.4405833748746331,0.17140252835785244,4,53.64029588627835,Normal market quality,False,Official ECB inputs; RepoLens derived score
2026-02-11,1.93,63677,1.9,1.95,46,834,5.000000000000004,76.35131894484412,-0.05069469286108229,0.5367935681842805,0.17479925575511157,0.17140252835785344,4,51.34444684229791,Normal market quality,False,Official ECB inputs; RepoLens derived score
2026-02-12,1.931,64877,1.91,1.95,47,819,4.0000000000000036,79.21489621489621,0.10618965600793094,0.6836010750830928,0.02004798143897415,-0.9829600379823901,4,53.60522649430651,Normal market quality,False,Official ECB inputs; RepoLens derived score
2026-02-13,1.93,63520,1.9,1.95,46,843,5.000000000000004,75.34994068801898,-0.08175079686669899,0.5242774159970378,0.2584878962004282,0.16042242496038567,4,51.43015185401964,Normal market quality,False,Official ECB inputs; RepoLens derived score
2026-02-16,1.929,64608,1.9,1.95,46,834,5.000000000000004,77.46762589928058,0.06323357454142148,0.5184996280549293,0.16445749773445498,0.1561405590919367,4,51.69449948673053,Normal market quality,False,Official ECB inputs; RepoLens derived score
2026-02-17,1.931,64390,1.9,1.95,46,837,5.000000000000004,76.9295101553166,0.02923530449810491,0.512935400773737,0.19159512226186223,0.14833796942902983,4,51.64114291918882,Normal market quality,False,Official ECB inputs; RepoLens derived score
2026-02-18,1.931,67079,1.9,1.95,47,856,5.000000000000004,78.36331775700934,0.3916143290224947,0.6616032716511437,0.3790227080467062,0.1439962797359305,4,53.75622068121946,Normal market quality,False,Official ECB inputs; RepoLens derived score
2026-02-19,1.933,65297,1.91,1.95,47,851,4.0000000000000036,76.72972972972973,0.1429245982240489,0.6555530312759572,0.3248149941295257,-1.0333391072184597,4,54.50116481812557,Normal market quality,False,Official ECB inputs; RepoLens derived score
2026-02-20,1.932,63553,1.91,1.95,45,815,4.0000000000000036,77.97914110429448,-0.09956029680434662,0.33981343297901206,-0.042726656022916976,-1.0333391072184597,4,51.944264564402715,Normal market quality,False,Official ECB inputs; RepoLens derived score
2026-02-23,1.931,66510,1.9,1.95,45,850,5.000000000000004,78.24705882352941,0.3034202645710374,0.3345728310484891,0.308904207830792,0.13964041989437984,4,52.461202893355264,Normal market quality,False,Official ECB inputs; RepoLens derived score
2026-02-24,1.932,64605,1.9,1.95,47,881,5.000000000000004,73.33144154370034,0.03701813993960082,0.6407196894128426,0.6190703825262448,0.13161417566255318,4,53.08161740614249,Normal market quality,False,Official ECB inputs; RepoLens derived score
2026-02-25,1.933,65538,1.9,1.95,49,862,5.000000000000004,76.03016241299304,0.1593872157884237,0.9469590960406357,0.4207350030159811,0.12345170220644489,4,53.79191294959136,Normal market quality,False,Official ECB inputs; RepoLens derived score
2026-02-26,1.935,62723,1.91,1.96,49,823,5.000000000000004,76.21263669501823,-0.2414910661164647,0.9402683361314211,0.015067185397547105,0.12864466778475217,4,51.35015307073767,Normal market quality,False,Official ECB inputs; RepoLens derived score
2026-02-27,1.93,59377,1.9,1.95,46,766,5.000000000000004,77.51566579634465,-0.7129514879140955,0.461341049121123,-0.5758532930169901,0.12036185399450847,4,47.03784640156923,Normal market quality,False,Official ECB inputs; RepoLens derived score
2026-03-02,1.934,69967,1.91,1.95,49,866,4.0000000000000036,80.79330254041571,0.7674224255985578,0.9292084330883583,0.4507996516776419,-1.1144038437653676,4,57.807604467158,Normal market quality,False,Official ECB inputs; RepoLens derived score
2026-03-03,1.934,71768,1.9,1.95,48,890,5.000000000000004,80.63820224719102,1.013382820108295,0.7637874184599579,0.6933687615300562,0.10797718904899455,4,57.02776453678058,Normal market quality,False,Official ECB inputs; RepoLens derived score
2026-03-04,1.934,69860,1.9,1.95,49,902,5.000000000000004,77.45011086474501,0.7383233416754558,0.9161025430453847,0.810915542548598,0.10333061630902005,4,56.746680985385524,Normal market quality,False,Official ECB inputs; RepoLens derived score
2026-03-05,1.935,70609,1.91,1.96,49,882,5.000000000000004,80.05555555555556,0.8374550901046375,0.908890799177723,0.59818166908281,0.09456224070065339,4,56.55693062496658,Normal market quality,False,Official ECB inputs; RepoLens derived score
2026-03-06,1.933,67709,1.91,1.95,48,847,4.0000000000000036,79.93978748524204,0.4221284463679085,0.7423757060327042,0.23199914125854465,-1.1834403038963008,4,55.688547136360256,Normal market quality,False,Official ECB inputs; RepoLens derived score
2026-03-09,1.932,69821,1.91,1.95,48,891,4.0000000000000036,78.3625140291807,0.7152546826423762,0.7359645815164472,0.6833338179515186,-1.1995687313736147,4,57.85099048497865,Normal market quality,False,Official ECB inputs; RepoLens derived score
2026-03-10,1.933,67313,1.9,1.95,47,892,5.000000000000004,75.46300448430493,0.35346974632080197,0.5693105186841463,0.687484892119189,0.07697095937372682,4,54.263676200070556,Normal market quality,False,Official ECB inputs; RepoLens derived score
2026-03-11,1.931,65109,1.9,1.95,47,904,5.000000000000004,72.02323008849558,0.03610182402827558,0.5633909439095817,0.8062254415906092,0.06756377829684242,4,53.44905168040418,Normal market quality,False,Official ECB inputs; RepoLens derived score
2026-03-12,1.932,60835,1.9,1.95,46,873,5.000000000000004,69.68499427262314,-0.5762411293966719,0.3961837166472687,0.479717281935738,0.057928374230549765,4,50.08601598222334,Normal market quality,False,Official ECB inputs; RepoLens derived score
2026-03-13,1.93,59774,1.9,1.95,48,883,5.000000000000004,67.69422423556058,-0.7279773541170409,0.7142230933757161,0.5788457566976237,0.04804787110437483,4,50.61267957911714,Normal market quality,False,Official ECB inputs; RepoLens derived score
2026-03-16,1.932,60435,1.9,1.95,47,858,5.000000000000004,70.43706293706293,-0.6293726806655111,0.5457617247274779,0.3175002933056072,0.03790360038784598,4,49.89849526217166,Normal market quality,False,Official ECB inputs; RepoLens derived score
2026-03-17,1.932,61368,1.9,1.95,45,880,5.000000000000004,69.73636363636363,-0.4941551983657075,0.2148492716308504,0.5423093572112438,0.027474840788785003,4,50.122141116642084,Normal market quality,False,Official ECB inputs; RepoLens derived score
2026-03-18,1.933,65102,1.91,1.95,47,890,4.0000000000000036,73.14831460674158,0.03713723258649855,0.5356651829114416,0.6406638618471088,-1.3677993888769338,4,55.12250200926452,Normal market quality,False,Official ECB inputs; RepoLens derived score
2026-03-19,1.934,62936,1.91,1.95,48,794,4.0000000000000036,79.26448362720403,-0.2732306185684314,0.6935823817308845,-0.35817084942925775,-1.3677993888769338,4,51.93392074907996,Normal market quality,False,Official ECB inputs; RepoLens derived score
2026-03-20,1.932,58493,1.91,1.95,45,767,4.0000000000000036,76.26205997392438,-0.9061793512434787,0.19479623789121586,-0.6405125273332,-1.3677993888769338,4,47.765780630358265,Normal market quality,False,Official ECB inputs; RepoLens derived score
2026-03-23,1.932,64727,1.91,1.95,48,855,4.0000000000000036,75.70409356725146,-0.01995140883976821,0.6837823201387034,0.27035675109814766,-1.3677993888769338,4,54.36721683046834,Normal market quality,False,Official ECB inputs; RepoLens derived score
2026-03-24,1.932,65971,1.91,1.95,45,860,4.0000000000000036,76.71046511627907,0.15342843672820317,0.1802413752293605,0.3187949755601023,-1.3677993888769338,4,53.83628948883777,Normal market quality,False,Official ECB inputs; RepoLens derived score
2026-03-25,1.93,67726,1.91,1.95,45,876,4.0000000000000036,77.31278538812785,0.3984356973883521,0.1749132823240689,0.48037395594373805,-1.3677993888769338,4,55.08444211984415,Normal market quality,False,Official ECB inputs; RepoLens derived score
2026-03-26,1.93,66078,1.9,1.95,50,905,5.000000000000004,73.01436464088398,0.15459066346882647,1.0052892812595564,0.7770819878006268,0.01673850968091002,4,54.971887730269984,Normal market quality,False,Official ECB inputs; RepoLens derived score
2026-03-27,1.93,61150,1.9,1.95,48,898,5.000000000000004,68.0957683741648,-0.563782626648702,0.6623080391804206,0.6974991256194686,0.022408897387943674,4,51.39266537264735,Normal market quality,False,Official ECB inputs; RepoLens derived score
2026-03-30,1.932,63565,1.91,1.95,48,919,4.0000000000000036,69.16757344940153,-0.21194965437579755,0.6561241135703563,0.9119396608780286,-1.389351638052751,4,55.2623631028848,Normal market quality,False,Official ECB inputs; RepoLens derived score
2026-03-31,1.929,59874,1.9,1.95,46,826,5.000000000000004,72.48668280871671,-0.7448661084354793,0.3108467287865215,-0.06984218693559545,0.022408897387943674,4,47.96186662902122,Normal market quality,False,Official ECB inputs; RepoLens derived score
2026-04-01,1.93,73471,1.91,1.95,48,946,4.0000000000000036,77.66490486257928,1.2221307262771808,0.6456074204276187,1.1867242519095544,-1.4230647707682613,4,60.99288387896546,Normal market quality,False,Official ECB inputs; RepoLens derived score
2026-04-02,1.931,69014,1.91,1.95,48,941,4.0000000000000036,73.34112646121147,0.5737421873926661,0.6394545743172451,1.1249083977199954,-1.4465844821322877,4,58.58888180916587,Normal market quality,False,Official ECB inputs; RepoLens derived score
2026-04-07,1.931,75943,1.91,1.95,47,907,4.0000000000000036,83.72987872105844,1.5742866718834252,0.46133464285640435,0.7612191614204792,-1.4709837196408069,4,60.77286344174541,Normal market quality,False,Official ECB inputs; RepoLens derived score
2026-04-08,1.931,75696,1.91,1.95,47,915,4.0000000000000036,82.72786885245901,1.527250530744401,0.4553014629472345,0.8395878125020816,-1.496322633463507,4,60.82708399642395,Normal market quality,False,Official ECB inputs; RepoLens derived score
2026-04-09,1.931,75766,1.91,1.95,43,799,4.0000000000000036,94.82603254067584,1.5236474232747996,-0.24627945345656913,-0.3799229607876374,-1.5226673332438185,4,56.05126094571701,Normal market quality,False,Official ECB inputs; RepoLens derived score
2026-04-10,1.932,71585,1.91,1.95,42,787,4.0000000000000036,90.95933926302415,0.9200354538913365,-0.4278876115976807,-0.5043398172958328,-1.5500906715985265,4,53.214691523783685,Normal market quality,False,Official ECB inputs; RepoLens derived score
2026-04-13,1.932,72104,1.91,1.95,43,804,4.0000000000000036,89.68159203980099,0.9964549856735765,-0.25930106142543763,-0.32475635706533157,-1.5786731574796125,4,54.39545863985001,Normal market quality,False,Official ECB inputs; RepoLens derived score
2026-04-14,1.932,73445,1.9,1.95,48,943,5.000000000000004,77.88441145281018,1.1967762252207164,0.6167404307641485,1.1301222248390117,-0.024666768085621554,4,58.59287357940884,Normal market quality,False,Official ECB inputs; RepoLens derived score
2026-04-15,1.932,74114,1.91,1.95,48,956,4.0000000000000036,77.52510460251047,1.301391742718888,0.6106295748876263,1.259207620928199,-1.6231791596374747,4,61.664232828511885,Normal market quality,False,Official ECB inputs; RepoLens derived score
2026-04-16,1.932,73452,1.91,1.95,48,932,4.0000000000000036,78.81115879828326,1.2080439118151705,0.6045243495847114,1.001460883022089,-1.6231791596374747,4,60.67788551232631,Normal market quality,False,Official ECB inputs; RepoLens derived score
2026-04-17,1.932,71718,1.91,1.95,47,904,4.0000000000000036,79.33407079646018,0.9565076779114974,0.4191101504794766,0.7053658201375396,-1.6231791596374747,4,58.59373553868899,Normal market quality,False,Official ECB inputs; RepoLens derived score
2026-04-20,1.931,69810,1.91,1.95,45,911,4.0000000000000036,76.63007683863886,0.6927832422886921,0.05224093291755015,0.7767959076615072,-1.6231791596374747,4,56.93210218891428,Normal market quality,False,Official ECB inputs; RepoLens derived score
2026-04-21,1.932,67222,1.9,1.95,45,924,5.000000000000004,72.75108225108225,0.32584332329165083,0.04536352436123707,0.9063319126621701,-0.031293852639040505,4,53.566631003037855,Normal market quality,False,Official ECB inputs; RepoLens derived score
2026-04-22,1.931,67393,1.9,1.95,46,942,5.000000000000004,71.54246284501062,0.3575078157029199,0.2210042316471586,1.0860524106774916,-0.031293852639040505,4,54.565859739730406,Normal market quality,False,Official ECB inputs; RepoLens derived score
2026-04-23,1.933,66726,1.91,1.95,46,880,4.0000000000000036,75.825,0.263813695136793,0.2143885485192086,0.4379073317405967,-1.6085040256465477,4,54.96684367209811,Normal market quality,False,Official ECB inputs; RepoLens derived score
2026-04-24,1.933,62614,1.91,1.95,45,822,4.0000000000000036,76.17274939172749,-0.33986703241760263,0.022752715393519418,-0.1627845677188098,-1.5940847584804254,4,50.8515128934458,Normal market quality,False,Official ECB inputs; RepoLens derived score
2026-04-27,1.932,70339,1.91,1.95,47,911,4.0000000000000036,77.21075740944018,0.8111590375711427,0.38792595322289913,0.7551151457411669,-1.5799130809699142,4,58.066529000364035,Normal market quality,False,Official ECB inputs; RepoLens derived score
2026-04-28,1.932,68182,1.91,1.95,47,921,4.0000000000000036,74.03040173724213,0.48441339853769827,0.38124434448703687,0.852370825504242,-1.7616527716178565,4,57.42196397728693,Normal market quality,False,Official ECB inputs; RepoLens derived score
2026-04-29,1.932,64369,1.91,1.95,46,882,4.0000000000000036,72.98072562358277,-0.08188744633182689,0.18419572874449702,0.4399573802787586,-1.7616527716178565,4,53.91625586782353,Normal market quality,False,Official ECB inputs; RepoLens derived score
2026-04-30,1.93,56333,1.9,1.95,43,705,5.000000000000004,79.9049645390071,-1.2738391402852192,-0.40202542550584847,-1.4210974681469974,0.021224732188163644,4,40.951918676587376,Normal market quality,False,Official ECB inputs; RepoLens derived score
2026-05-04,1.932,66985,1.91,1.95,44,783,4.0000000000000036,85.54916985951469,0.3197196177046266,-0.21710692511373644,-0.5979641618658793,-1.7616527716178565,4,51.723820101943936,Normal market quality,False,Official ECB inputs; RepoLens derived score
2026-05-05,1.932,74567,1.91,1.95,47,933,4.0000000000000036,79.92175777063237,1.452428538846445,0.3609960722711471,0.9683717631755229,-1.743875253257697,4,61.02273235446578,Normal market quality,False,Official ECB inputs; RepoLens derived score
2026-05-06,1.931,73133,1.91,1.95,47,894,4.0000000000000036,81.80425055928411,1.232829356904685,0.35465680981282427,0.5531875527208208,-1.726461436794372,4,59.17420581069207,Normal market quality,False,Official ECB inputs; RepoLens derived score
2026-05-07,1.93,70480,1.91,1.95,47,854,4.0000000000000036,82.52927400468384,0.8378973837154298,0.3480217976060749,0.1298440450022327,-1.7093977818965507,4,56.691402122369595,Normal market quality,False,Official ECB inputs; RepoLens derived score
2026-05-08,1.929,68866,1.91,1.95,47,840,4.0000000000000036,81.98333333333333,0.6062473182830793,0.341333921211353,-0.017594744261658073,-1.6926714406261902,4,55.4702207173043,Normal market quality,False,Official ECB inputs; RepoLens derived score
2026-05-11,1.931,74533,1.91,1.95,48,897,4.0000000000000036,83.09141583054627,1.4563202285833705,0.5359627396281825,0.5775557084177009,-1.6762702123629465,4,60.39532223870093,Normal market quality,False,Official ECB inputs; RepoLens derived score
2026-05-12,1.929,73217,1.91,1.95,48,926,4.0000000000000036,79.06803455723542,1.2506522193804108,0.5300386809579021,0.8769849000248982,-1.6601825022667562,4,60.38511547368857,Normal market quality,False,Official ECB inputs; RepoLens derived score
2026-05-13,1.928,57528,1.91,1.95,48,717,4.0000000000000036,80.23430962343096,-1.0889242392226752,0.5243587456396966,-1.3125425868617253,-1.6443972829547417,4,46.68490148409768,Normal market quality,False,Official ECB inputs; RepoLens derived score
2026-05-14,1.93,50556,1.91,1.95,43,564,4.0000000000000036,89.63829787234043,-2.115123983387276,-0.5234074341593968,-2.897698001519399,-1.62890405910233,4,36.48765855760104,Normal market quality,True,Official ECB inputs; RepoLens derived score
2026-05-15,1.931,68781,1.91,1.95,47,878,4.0000000000000036,78.3382687927107,0.5991400154396309,0.3060011398374279,0.37534485025083336,-1.6136928347082975,4,56.220894281321804,Normal market quality,False,Official ECB inputs; RepoLens derived score
2026-05-18,1.931,72086,1.91,1.95,44,928,4.0000000000000036,77.67887931034483,1.088148464811437,-0.339408556674789,0.8845790222768726,-1.5987540827898035,4,57.56957691502994,Normal market quality,False,Official ECB inputs; RepoLens derived score
2026-05-19,1.929,66713,1.91,1.95,47,912,4.0000000000000036,73.15021929824562,0.28995952565341515,0.2939674941562465,0.7139219098743957,-1.5840787172969264,4,55.91069992580895,Normal market quality,False,Official ECB inputs; RepoLens derived score
2026-05-20,1.931,67920,1.91,1.95,46,900,4.0000000000000036,75.46666666666667,0.46580023524032743,0.06836268097450539,0.5853493747168138,-1.5696580670569258,4,55.619068063154835,Normal market quality,False,Official ECB inputs; RepoLens derived score
2026-05-21,1.932,68989,1.91,1.95,47,886,4.0000000000000036,77.86568848758465,0.6180051816548563,0.27949101861939984,0.43511273964190306,-1.555483851576986,4,56.28275330881073,Normal market quality,False,Official ECB inputs; RepoLens derived score
2026-05-22,1.929,47737,1.91,1.95,43,570,4.0000000000000036,83.74912280701754,-2.527131472730979,-0.6287461293958357,-2.8325027362657065,-1.541548158550632,4,34.81423991911367,Weak market quality,True,Official ECB inputs; RepoLens derived score
2026-05-25,1.931,43684,1.91,1.95,41,418,4.0000000000000036,104.50717703349282,-3.0768996024117774,-1.101636793400993,-4.329265901246681,-1.5278434229277267,4,31.537673150889113,Weak market quality,True,Official ECB inputs; RepoLens derived score
2026-05-26,1.932,67587,1.91,1.95,43,809,4.0000000000000036,83.54388133498146,0.411218987648986,-0.6572861757111519,-0.33434674842847,-1.5278434229277267,4,51.25194928081399,Normal market quality,False,Official ECB inputs; RepoLens derived score
2026-05-27,1.932,64185,1.91,1.95,45,796,4.0000000000000036,80.63442211055276,-0.09474678803477525,-0.21074760530638653,-0.4926023656778701,-1.5172546564928184,4,50.185893299156874,Normal market quality,False,Official ECB inputs; RepoLens derived score
2026-05-28,1.933,63888,1.91,1.95,44,827,4.0000000000000036,77.25272067714631,-0.14679250749455733,-0.4704216258745192,-0.18294336118212234,-1.5068950212082612,4,50.11315628793984,Normal market quality,False,Official ECB inputs; RepoLens derived score
2026-05-29,1.93,55567,1.9,1.95,41,709,5.000000000000004,78.3737658674189,-1.3767345003752622,-1.2323291133310155,-1.4026420722948054,0.15002182485435125,4,38.3689685473405,Normal market quality,False,Official ECB inputs; RepoLens derived score
2026-06-01,1.931,67773,1.91,1.95,39,792,4.0000000000000036,85.5719696969697,0.4426789848491887,-1.7641531794708127,-0.5420620303162806,-1.4936955605063742,4,48.02438176326399,Normal market quality,False,Official ECB inputs; RepoLens derived score
2026-06-02,1.932,73074,1.91,1.95,46,906,4.0000000000000036,80.65562913907284,1.2247739785915446,-0.012056684965984835,0.6285402177390477,-1.4807040602804036,4,58.04897384742367,Normal market quality,False,Official ECB inputs; RepoLens derived score
2026-06-03,1.931,61466,1.91,1.95,44,778,4.0000000000000036,79.0051413881748,-0.4977993387002821,-0.5406497727691107,-0.7066361649431342,-1.467914246127554,4,47.34135883945973,Normal market quality,False,Official ECB inputs; RepoLens derived score
2026-06-04,1.933,61836,1.91,1.95,43,758,4.0000000000000036,81.5778364116095,-0.45416757961562004,-0.8285764326744283,-0.9507830500301392,-1.4553201012202546,4,46.14499491641429,Normal market quality,False,Official ECB inputs; RepoLens derived score
2026-06-05,1.931,70913,1.91,1.95,45,899,4.0000000000000036,78.87986651835372,0.9098513502955247,-0.3232255436868866,0.5653611450320182,-1.4429158527416392,4,55.95419250850962,Normal market quality,False,Official ECB inputs; RepoLens derived score
2026-06-08,1.93,66554,1.91,1.95,45,925,4.0000000000000036,71.95027027027027,0.2377355829183406,-0.3451431275185074,0.852669707712177,-1.4306959591838129,4,54.24693492947409,Normal market quality,False,Official ECB inputs; RepoLens derived score
2026-06-09,1.93,66032,1.91,1.95,45,925,4.0000000000000036,71.38594594594595,0.15857511842006172,-0.3659249802129918,0.8457913016134941,-1.418655098444701,4,53.882661365638526,Normal market quality,False,Official ECB inputs; RepoLens derived score
2026-06-10,1.93,64976,1.91,1.95,43,940,4.0000000000000036,69.12340425531914,-0.004133028603540149,-0.9655024548449814,1.0083723678019516,-1.406788156664741,4,52.202891417277144,Normal market quality,False,Official ECB inputs; RepoLens derived score
2026-06-11,1.931,65038,1.91,1.95,46,934,4.0000000000000036,69.63383297644539,-0.002713079328881726,-0.10945266130715797,0.9399792642880618,-1.3950902177495939,4,54.15945605642556,Normal market quality,False,Official ECB inputs; RepoLens derived score
2026-06-12,1.931,65932,1.91,1.95,44,909,4.0000000000000036,72.53245324532453,0.13389325851182307,-0.7467851893729631,0.6450261786615199,-1.383556553529534,4,52.28956370830707,Normal market quality,False,Official ECB inputs; RepoLens derived score
2026-06-15,1.931,66324,1.91,1.95,45,903,4.0000000000000036,73.4485049833887,0.19216328412661574,-0.4551727612991341,0.5699114797364951,-1.3721826145102218,4,53.01769221230189,Normal market quality,False,Official ECB inputs; RepoLens derived score
2026-06-16,1.931,69861,1.91,1.95,44,930,4.0000000000000036,75.11935483870968,0.7348145514107373,-0.8110898588255157,0.8770077780623428,-1.3609640211732434,4,54.77809175978951,Normal market quality,False,Official ECB inputs; RepoLens derived score
2026-06-17,2.182,72138,2.16,2.2,45,936,4.0000000000000036,77.07051282051282,1.086602817951477,-0.509602572069073,0.9540298875521211,-1.3498965557881448,4,56.93902298522001,Normal market quality,False,Official ECB inputs; RepoLens derived score
2026-06-18,2.18,68419,2.16,2.2,42,881,4.0000000000000036,77.66061293984109,0.4976238494758609,-1.5689854623604904,0.28970462148395665,-1.338976154700732,4,50.551945603025274,Normal market quality,False,Official ECB inputs; RepoLens derived score
2026-06-19,2.181,68559,2.16,2.2,44,906,4.0000000000000036,75.67218543046357,0.5154706710755952,-0.9208868539857041,0.5839069491361193,-1.3281989010651793,4,52.95399593823839,Normal market quality,False,Official ECB inputs; RepoLens derived score
2026-06-22,2.181,67621,2.16,2.2,44,931,4.0000000000000036,72.63265306122449,0.36634316046991816,-0.965375844001895,0.8783369710702658,-1.317561017990017,4,53.040945406300665,Normal market quality,False,Official ECB inputs; RepoLens derived score
2026-06-23,2.182,64538,2.16,2.2,44,919,4.0000000000000036,70.22633297062023,-0.12244020472707585,-1.0232246948058852,0.7270371581853533,-1.3070588620703587,4,50.791578735009445,Normal market quality,False,Official ECB inputs; RepoLens derived score
2026-06-24,2.181,63258,2.15,2.2,47,928,5.000000000000027,68.16594827586206,-0.3321159932277302,0.12171312400460205,0.8305761607216692,0.244658286279444,4,50.85132980609946,Normal market quality,False,Official ECB inputs; RepoLens derived score
2026-06-25,2.183,63700,2.15,2.2,46,897,5.000000000000027,71.01449275362319,-0.2720409293369429,-0.3199459579165106,0.44603917347356464,0.244658286279444,4,48.99610235679417,Normal market quality,False,Official ECB inputs; RepoLens derived score
2026-06-26,2.181,61423,2.15,2.2,45,891,5.000000000000027,68.9371492704826,-0.6488762140904435,-0.8273784601117932,0.3657386005239991,0.252357894028155,4,46.19629676067173,Normal market quality,False,Official ECB inputs; RepoLens derived score
2026-06-29,2.182,59761,2.15,2.2,46,909,5.000000000000027,65.74367436743674,-0.9110184051375108,-0.36399631201186755,0.5889994385256327,0.252357894028155,4,46.99540655726089,Normal market quality,False,Official ECB inputs; RepoLens derived score
2026-06-30,2.182,59117,2.15,2.2,43,824,5.000000000000027,71.74393203883496,-1.0094618039342633,-1.7376577123104402,-0.4593034154153508,0.2523578940281536,4,40.59594402587337,Normal market quality,False,Official ECB inputs; RepoLens derived score
2026-07-01,2.183,71275,2.16,2.2,46,904,4.0000000000000036,78.84402654867256,0.9784852995388202,-0.34980591780323095,0.5297595462997328,-1.2987198936569047,4,55.82266246011248,Normal market quality,False,Official ECB inputs; RepoLens derived score
2026-07-02,2.183,69387,2.16,2.2,47,882,4.0000000000000036,78.67006802721089,0.6790925976380554,0.11258082275047382,0.260950047090845,-1.2884304055915952,4,55.24329687472388,Normal market quality,False,Official ECB inputs; RepoLens derived score
2026-07-03,2.183,70945,2.16,2.2,46,903,4.0000000000000036,78.56589147286822,0.9482593755783602,-0.3410569592800276,0.5236581473156058,-1.2782675300615371,4,55.69281207970551,Normal market quality,False,Official ECB inputs; RepoLens derived score
2026-07-06,2.182,69935,2.16,2.2,47,913,4.0000000000000036,76.59912376779846,0.7879075783449623,0.12426059700921965,0.6491619107907394,-1.268228060491822,4,56.593574884445,Normal market quality,False,Official ECB inputs; RepoLens derived score
2026-07-07,2.182,71144,2.16,2.2,46,927,4.0000000000000036,76.74649406688242,0.994840155935741,-0.3314866132695848,0.8225656747360066,-1.258308898121156,4,56.59710154662288,Normal market quality,False,Official ECB inputs; RepoLens derived score
2026-07-08,2.182,66085,2.16,2.2,44,926,4.0000000000000036,71.36609071274297,0.15270841260361234,-1.2566879437137684,0.808234005255869,-1.2485070472863173,4,51.28610516889737,Normal market quality,False,Official ECB inputs; RepoLens derived score
2026-07-09,2.182,64378,2.16,2.2,44,864,4.0000000000000036,74.51157407407408,-0.13034226174461375,-1.247613646101371,0.04018024685838338,-1.2388196109551446,4,48.3834480022191,Normal market quality,False,Official ECB inputs; RepoLens derived score
2026-07-10,2.182,66256,2.16,2.2,48,891,4.0000000000000036,74.36139169472503,0.18468861841555692,0.6276652582359139,0.3756925759246762,-1.2292437864926753,4,54.99867042959494,Normal market quality,False,Official ECB inputs; RepoLens derived score
2026-07-13,2.184,64388,2.16,2.2,48,877,4.0000000000000036,73.41847206385405,-0.12627166656412922,0.6253565327434606,0.20353178119759668,-1.2197768616461337,4,53.45993524434739,Normal market quality,False,Official ECB inputs; RepoLens derived score
2026-07-14,2.184,63080,2.16,2.2,47,868,4.0000000000000036,72.67281105990783,-0.34110723561260126,0.16348016970748017,0.09403319603706879,-1.210416210735479,4,51.26553240582049,Normal market quality,False,Official ECB inputs; RepoLens derived score
2026-07-15,2.184,64766,2.16,2.2,47,923,4.0000000000000036,70.16901408450704,-0.05529150716836618,0.16546091894251339,0.7756532787256942,-1.201159291037136,4,53.96100415563694,Normal market quality,False,Official ECB inputs; RepoLens derived score
2026-07-16,2.185,67577,2.16,2.2,47,910,4.0000000000000036,74.26043956043956,0.4221934845033555,0.16958212804247103,0.6132590595126757,-1.1920036393493891,4,55.222785623673694,Normal market quality,False,Official ECB inputs; RepoLens derived score
2026-07-17,2.186,65587,2.16,2.2,47,887,4.0000000000000036,73.94250281848929,0.09386956497018574,0.1715758299463677,0.33052934678364393,-1.182946868728708,4,53.35822672231374,Normal market quality,False,Official ECB inputs; RepoLens derived score
2026-07-20,2.184,67419,2.16,2.2,48,913,4.0000000000000036,73.8433734939759,0.4153551423733735,0.6592619057892407,0.6560032707017595,-1.1739866653869862,4,56.502885937614785,Normal market quality,False,Official ECB inputs; RepoLens derived score
2026-07-21,2.183,66934,2.15,2.2,47,918,5.000000000000027,72.9128540305011,0.34124098602181224,0.18543841844310874,0.7193599046952555,0.3252875290138382,4,52.9684079654015,Normal market quality,False,Official ECB inputs; RepoLens derived score
2026-07-22,2.184,63045,2.15,2.2,47,897,5.000000000000027,70.28428093645485,-0.32303992544426563,0.18970220374979527,0.45828815742930473,0.3252875290138382,4,50.00140487037206,Normal market quality,False,Official ECB inputs; RepoLens derived score
2026-07-23,2.185,64371,2.16,2.2,48,887,4.0000000000000036,72.57158962795941,-0.09059191626190875,0.6677517571992768,0.33479965418576707,-1.165120785740357,4,53.93698800015646,Normal market quality,False,Official ECB inputs; RepoLens derived score
2026-07-24,2.186,63789,2.16,2.2,46,908,4.0000000000000036,70.25220264317181,-0.18822365409213737,-0.28580552380506447,0.5981587837098467,-1.1563470536008627,4,51.85662094084077,Normal market quality,False,Official ECB inputs; RepoLens derived score
2026-07-27,2.185,64291,2.16,2.2,47,883,4.0000000000000036,72.80973952434881,-0.09916282637312332,0.20302575785534713,0.28755493323216585,-1.1476633575028294,4,52.6008768716671,Normal market quality,False,Official ECB inputs; RepoLens derived score
2026-07-28,2.184,64531,2.15,2.2,46,929,5.000000000000027,69.46286329386437,-0.05728140749265159,-0.2744638103737953,0.8628321075958368,0.3405459979024404,4,50.75961681997716,Normal market quality,False,Official ECB inputs; RepoLens derived score
2026-07-29,2.185,65428,2.16,2.2,47,936,4.0000000000000036,69.9017094017094,0.09149030830200108,0.20936842638578212,0.9433069455275757,-1.1524071884721736,4,54.93051529154866,Normal market quality,False,Official ECB inputs; RepoLens derived score
2026-07-30,2.185,64506,2.16,2.2,46,926,4.0000000000000036,69.66090712742981,-0.0663401453630382,-0.28111612179143697,0.8153780575307087,-1.1436987691297749,4,52.81901248427221,Normal market quality,False,Official ECB inputs; RepoLens derived score
2026-07-31,2.184,54845,2.16,2.2,44,817,4.0000000000000036,67.1297429620563,-1.748206492524596,-1.2553832151929847,-0.5385146613271877,-1.1350783341693527,4,41.09915008611751,Normal market quality,False,Official ECB inputs; RepoLens derived score
2026-08-03,2.185,56748,2.16,2.2,46,782,4.0000000000000036,72.56777493606138,-1.4031050496670405,-0.2676899973349397,-0.967867792300922,-1.1265438844516964,4,43.690053678753245,Normal market quality,False,Official ECB inputs; RepoLens derived score
2026-08-04,2.185,64618,2.16,2.2,48,882,4.0000000000000036,73.26303854875283,-0.015138045616559787,0.7118692844573755,0.28297160712509317,-1.1180934785140009,4,54.11125928706922,Normal market quality,False,Official ECB inputs; RepoLens derived score
2026-08-05,2.185,66291,2.16,2.2,48,919,4.0000000000000036,72.13384113166485,0.2856307366349968,0.7118692844573755,0.7448026962446747,-1.1097252303482257,4,56.305975375499955,Normal market quality,False,Official ECB inputs; RepoLens derived score
2026-08-06,2.185,67288,2.16,2.2,48,895,4.0000000000000036,75.18212290502794,0.46720009998723716,0.7092855144099464,0.44585980581783535,-1.1014373072814347,4,56.175219611446934,Normal market quality,False,Official ECB inputs; RepoLens derived score
2026-08-07,2.185,67360,2.16,2.2,47,906,4.0000000000000036,74.34878587196468,0.47503324101241556,0.22092499629162152,0.5793081000281711,-1.0932279279525616,4,55.30304097627178,Normal market quality,False,Official ECB inputs; RepoLens derived score
2026-08-10,2.184,62515,2.16,2.2,47,891,4.0000000000000036,70.16273849607182,-0.3815010924704813,0.22542562649403045,0.39377047233461143,-1.0850953603804154,4,51.840379463995546,Normal market quality,False,Official ECB inputs; RepoLens derived score
2026-08-11,2.184,61120,2.16,2.2,46,895,4.0000000000000036,68.29050279329608,-0.6252399753037844,-0.2642921138205854,0.44469390866020125,-1.0770379201180407,4,49.878221453712854,Normal market quality,False,Official ECB inputs; RepoLens derived score
2026-08-12,2.185,61438,2.16,2.2,45,880,4.0000000000000036,69.81590909090909,-0.5716832610351485,-0.7643348292981453,0.25028549183193805,-1.069053968488856,4,48.31756619544475,Normal market quality,False,Official ECB inputs; RepoLens derived score
2026-08-13,2.188,62828,2.16,2.2,46,857,4.0000000000000036,73.31155192532088,-0.32644698189961663,-0.29572156276219574,-0.04772532461506726,-1.0611419109002633,4,49.59053121125858,Normal market quality,False,Official ECB inputs; RepoLens derived score
2026-08-14,2.189,62262,2.16,2.2,46,861,4.0000000000000036,72.31358885017421,-0.4233495706902679,-0.29048444794755374,0.00683743403707534,-1.0533001952306833,4,49.38910926065389,Normal market quality,False,Official ECB inputs; RepoLens derived score
